sleeve,kind,tf,family,sharpe,mc_p5,mc_p50,max_dd,months_in_profit,turnover,placebo_sharpe,robust
BTCUSDT_1h_trend,crypto,1h,trend,0.14173689935931216,,,-0.27471319017630036,0.5316455696202531,428.6836929915785,-10.645855507299464,False
BTCUSDT_1h_carry,crypto,1h,carry,0.1469243849948305,,,-0.28417828806414813,0.5569620253164557,570.6295684450439,-6.267914152385307,False
BTCUSDT_1h_mean_reversion,crypto,1h,mean_reversion,-2.9005742326098014,,,-0.8576201550403615,0.17721518987341772,2770.8490737785273,-7.095238290113842,False
BTCUSDT_1h_breakout,crypto,1h,breakout,-1.1878357300781959,,,-0.43166108639410794,0.4430379746835443,1080.6735443609716,-4.492319169519821,False
ETHUSDT_1h_trend,crypto,1h,trend,0.2272057557190043,,,-0.29558529739046235,0.5316455696202531,333.94475992044113,-8.875767173645752,False
ETHUSDT_1h_carry,crypto,1h,carry,0.3040669802898105,,,-0.15455622966590576,0.5443037974683544,457.6157802201103,-4.496962013536937,False
ETHUSDT_1h_mean_reversion,crypto,1h,mean_reversion,-2.2821532702602894,,,-0.77674778998319,0.21518987341772153,2117.1725928666183,-6.3149747326947345,False
ETHUSDT_1h_breakout,crypto,1h,breakout,-1.1738657963118837,,,-0.4437638203915314,0.3291139240506329,809.8275639317269,-2.971837165118967,False
BNBUSDT_1h_trend,crypto,1h,trend,0.4124559972138549,,,-0.2175256640917903,0.48717948717948717,357.9366581372435,-10.530404256080985,False
BNBUSDT_1h_carry,crypto,1h,carry,-0.36182639525415716,,,-0.24449243810393684,0.3717948717948718,384.6453999715351,-5.805193754036716,False
BNBUSDT_1h_mean_reversion,crypto,1h,mean_reversion,-2.583327908822567,,,-0.8148819502211441,0.21794871794871795,2493.9059234978654,-7.200302066912162,False
BNBUSDT_1h_breakout,crypto,1h,breakout,-1.4820711515273182,,,-0.49992138037474,0.2948717948717949,984.9113091259355,-3.848920647491019,False
XRPUSDT_1h_trend,crypto,1h,trend,0.2955003627475003,,,-0.37507400094162946,0.4430379746835443,294.04912923330517,-6.516737348111902,False
XRPUSDT_1h_carry,crypto,1h,carry,-0.23357528313383188,,,-0.2864454671751513,0.46835443037974683,379.59251614838735,-4.344064697806512,False
XRPUSDT_1h_mean_reversion,crypto,1h,mean_reversion,-1.5676938781957752,,,-0.7889538036808694,0.27848101265822783,1922.4019444209825,-5.940480275588498,False
XRPUSDT_1h_breakout,crypto,1h,breakout,-0.714616986090692,,,-0.3635035858486325,0.34177215189873417,701.8284132891905,-1.8169837491157508,False
SOLUSDT_1h_trend,crypto,1h,trend,1.0299315530112436,0.3716332567648972,1.0434975514264617,-0.1518684958032407,0.5633802816901409,185.23505058398862,-7.0512942809930585,True
SOLUSDT_1h_carry,crypto,1h,carry,-0.40033928508669786,,,-0.2608405966499374,0.5070422535211268,273.47916966746396,-3.1355880209365434,False
SOLUSDT_1h_mean_reversion,crypto,1h,mean_reversion,-1.7419463709734244,,,-0.6527563789525387,0.23943661971830985,1381.4003919735446,-4.666648438651597,False
SOLUSDT_1h_breakout,crypto,1h,breakout,-0.9720397495206834,,,-0.3296052091835263,0.352112676056338,563.7290338421001,-1.9783288005221242,False
TRXUSDT_1h_trend,crypto,1h,trend,-0.26257450493936474,,,-0.5231647808026882,0.46835443037974683,511.56428163090754,-13.964671899004104,False
TRXUSDT_1h_carry,crypto,1h,carry,-0.09947420425778253,,,-0.3091598271996323,0.4936708860759494,613.3813631672319,-6.36912019916654,False
TRXUSDT_1h_mean_reversion,crypto,1h,mean_reversion,-4.055583014723144,,,-0.9416270852601741,0.11392405063291139,3260.1146534241257,-9.551651987568615,False
TRXUSDT_1h_breakout,crypto,1h,breakout,-1.621922003157716,,,-0.5893589856104975,0.31645569620253167,1429.3715041145729,-6.016349621880169,False
DOGEUSDT_1h_trend,crypto,1h,trend,0.9426403557436958,0.23589065126405084,0.9734027409935794,-0.19396585958399026,0.6575342465753424,235.2174463303206,-7.623674741233233,True
DOGEUSDT_1h_carry,crypto,1h,carry,-0.27814521800233766,,,-0.27092790801721656,0.410958904109589,309.3924632321368,-4.1180860256837715,False
DOGEUSDT_1h_mean_reversion,crypto,1h,mean_reversion,-2.686785245699706,,,-0.8330407514038274,0.1780821917808219,1584.6153863372156,-5.403914900578854,False
DOGEUSDT_1h_breakout,crypto,1h,breakout,-0.7875407329929185,,,-0.32512188065632364,0.3972602739726027,556.4467254315218,-1.6011140414916538,False
ZECUSDT_1h_trend,crypto,1h,trend,0.44868553864369776,,,-0.27622538845280464,0.5512820512820513,206.68674555613876,-8.93416133496504,False
ZECUSDT_1h_carry,crypto,1h,carry,0.46981756648485856,,,-0.25362915685940557,0.5,182.85641326717652,-4.080570937766982,False
ZECUSDT_1h_mean_reversion,crypto,1h,mean_reversion,-2.3347595135857078,,,-0.7833376588776401,0.24358974358974358,1473.7048928235572,-6.301685742670968,False
ZECUSDT_1h_breakout,crypto,1h,breakout,-0.8982448316660796,,,-0.3974383226708018,0.3333333333333333,574.2329364622694,-3.119001388401584,False
ADAUSDT_1h_trend,crypto,1h,trend,0.7044226838044506,0.05545722823468166,0.705797918635584,-0.2852793709802516,0.5443037974683544,247.76686895595213,-7.420274422656047,True
ADAUSDT_1h_carry,crypto,1h,carry,-0.5233284268458256,,,-0.2761683297767139,0.45569620253164556,292.7915595987807,-3.778264744052623,False
ADAUSDT_1h_mean_reversion,crypto,1h,mean_reversion,-2.669843032364121,,,-0.8125262996879029,0.16455696202531644,1711.4752031093449,-6.4621305810258525,False
ADAUSDT_1h_breakout,crypto,1h,breakout,-0.11883955764498925,,,-0.21193204854156322,0.45569620253164556,636.6982649389984,-2.78240087462431,False
XMRUSDT_1h_trend,crypto,1h,trend,-0.3852526091743467,,,-0.5223604904758781,0.3974358974358974,283.12698823039636,-11.455368452043555,False
XMRUSDT_1h_carry,crypto,1h,carry,0.0944326282004151,,,-0.17687381799632063,0.47435897435897434,265.7843593988228,-5.350585433664451,False
XMRUSDT_1h_mean_reversion,crypto,1h,mean_reversion,-1.3378044338581783,,,-0.5820168598224691,0.358974358974359,2061.390212515487,-8.42056059201914,False
XMRUSDT_1h_breakout,crypto,1h,breakout,-2.5993426879772126,,,-0.670979603644605,0.2564102564102564,775.9052867708208,-4.012863238258286,False
LINKUSDT_1h_trend,crypto,1h,trend,0.4869841615667131,,,-0.2952473142390236,0.5569620253164557,233.41524264864245,-7.248568027054453,False
LINKUSDT_1h_carry,crypto,1h,carry,0.051308327102495284,,,-0.18310052145350197,0.5189873417721519,264.65541324806776,-4.041429146307844,False
LINKUSDT_1h_mean_reversion,crypto,1h,mean_reversion,-1.5367200968286603,,,-0.6454249196066837,0.35443037974683544,1618.2318464653815,-4.761287484309804,False
LINKUSDT_1h_breakout,crypto,1h,breakout,-1.7068222788957519,,,-0.5084259646313634,0.34177215189873417,671.3467143572727,-3.075654884625881,False
XLMUSDT_1h_trend,crypto,1h,trend,0.23347117851545898,,,-0.25319830415186495,0.5063291139240507,256.03507078045067,-10.243392805275317,False
XLMUSDT_1h_carry,crypto,1h,carry,0.0082416440046679,,,-0.28533817571943176,0.43037974683544306,331.75816513354624,-5.000664431602233,False
XLMUSDT_1h_mean_reversion,crypto,1h,mean_reversion,-2.5833397924073123,,,-0.8411545715827008,0.189873417721519,1946.8596859211623,-7.151278619705269,False
XLMUSDT_1h_breakout,crypto,1h,breakout,-1.3472574193395144,,,-0.5168554539621633,0.27848101265822783,756.9721566545268,-3.3124698240828305,False
BCHUSDT_1h_trend,crypto,1h,trend,0.15581100063553222,,,-0.41483093363864376,0.5189873417721519,284.8661785553658,-8.993539603392673,False
BCHUSDT_1h_carry,crypto,1h,carry,-0.5047911901682495,,,-0.34413457718832585,0.4177215189873418,332.1274960816445,-4.207435820720152,False
BCHUSDT_1h_mean_reversion,crypto,1h,mean_reversion,-1.5172992949986233,,,-0.6738742064933747,0.35443037974683544,1843.4047360861834,-6.038983079823189,False
BCHUSDT_1h_breakout,crypto,1h,breakout,-0.5585963280308983,,,-0.32452263199063947,0.3924050632911392,709.2784435118913,-2.488138191515577,False
LTCUSDT_1h_trend,crypto,1h,trend,-0.5636110574025633,,,-0.5881023941495342,0.3924050632911392,307.8597422037744,-10.063697077217617,False
LTCUSDT_1h_carry,crypto,1h,carry,-0.28056379333441955,,,-0.2755225949524358,0.5443037974683544,371.1052296863225,-5.231053431126366,False
LTCUSDT_1h_mean_reversion,crypto,1h,mean_reversion,-1.562391798658704,,,-0.6463394511892215,0.3037974683544304,1935.197037685566,-6.034987473048675,False
LTCUSDT_1h_breakout,crypto,1h,breakout,-2.093402665250028,,,-0.5817768675097164,0.26582278481012656,717.2458091343359,-3.487697895105013,False
HBARUSDT_1h_trend,crypto,1h,trend,0.3599455160583705,,,-0.1829450850094213,0.5076923076923077,199.130969716385,-9.503113726824278,False
HBARUSDT_1h_carry,crypto,1h,carry,-0.38280296274855724,,,-0.261543666276255,0.49230769230769234,217.00330858897246,-4.2511595462612215,False
HBARUSDT_1h_mean_reversion,crypto,1h,mean_reversion,-2.3862836596641044,,,-0.7345540842646642,0.26153846153846155,1394.220361507268,-6.303370234852389,False
HBARUSDT_1h_breakout,crypto,1h,breakout,-1.7732843256445328,,,-0.4890341290147032,0.23076923076923078,551.1016447871117,-3.859900864170096,False
1000SHIBUSDT_1h_trend,crypto,1h,trend,0.2878866703703343,,,-0.2823490063995241,0.5714285714285714,218.25814758771483,-8.1819423522008,False
1000SHIBUSDT_1h_carry,crypto,1h,carry,-0.4651065096081013,,,-0.24881501256570882,0.4444444444444444,246.07054584063005,-4.2134336755848105,False
1000SHIBUSDT_1h_mean_reversion,crypto,1h,mean_reversion,-2.3559286804346535,,,-0.7304301523822629,0.23809523809523808,1358.839593716319,-5.6504335481109225,False
1000SHIBUSDT_1h_breakout,crypto,1h,breakout,-0.5382879933777037,,,-0.24070601481783094,0.3492063492063492,495.24372726272213,-2.5125098468256097,False
AVAXUSDT_1h_trend,crypto,1h,trend,0.3229032030305283,,,-0.4063772807044388,0.5211267605633803,198.856059608184,-6.739443132693555,False
AVAXUSDT_1h_carry,crypto,1h,carry,0.6029267011076797,-0.06514892367614496,0.610577573621055,-0.18504767469276384,0.5633802816901409,259.61920125426604,-3.798478065505458,False
AVAXUSDT_1h_mean_reversion,crypto,1h,mean_reversion,-2.597986995922805,,,-0.7633113615343925,0.11267605633802817,1373.723343748598,-4.790984734870476,False
AVAXUSDT_1h_breakout,crypto,1h,breakout,-1.167595295279734,,,-0.36663034760997637,0.29577464788732394,563.6089753981003,-3.482863414897844,False
SUIUSDT_1h_trend,crypto,1h,trend,0.6379964354571384,-0.2544721529545107,0.6893145301588928,-0.24108836257749477,0.5897435897435898,98.20126491078912,-7.013384750131606,False
SUIUSDT_1h_carry,crypto,1h,carry,-0.12000598063026452,,,-0.1885740960072283,0.46153846153846156,160.5275083239087,-2.959473920249285,False
SUIUSDT_1h_mean_reversion,crypto,1h,mean_reversion,-1.759614411396036,,,-0.4442652164261285,0.28205128205128205,714.1568401748314,-4.475487776992983,False
SUIUSDT_1h_breakout,crypto,1h,breakout,0.439948420133562,,,-0.06765920585595486,0.5128205128205128,272.27856087235057,-2.0443247709490353,False
UNIUSDT_1h_trend,crypto,1h,trend,-0.36875487750271574,,,-0.49466203889762317,0.49295774647887325,196.90467218863893,-7.834420947177977,False
UNIUSDT_1h_carry,crypto,1h,carry,-0.31391139166387544,,,-0.3434832488011731,0.49295774647887325,228.1878565348884,-3.1756085574959365,False
UNIUSDT_1h_mean_reversion,crypto,1h,mean_reversion,-1.1415299557695677,,,-0.5110232728180149,0.36619718309859156,1345.4229071669101,-5.311650905982902,False
UNIUSDT_1h_breakout,crypto,1h,breakout,-1.6013428110660348,,,-0.4774939656320789,0.36619718309859156,545.3299397183,-3.6363400211740933,False
NEARUSDT_1h_trend,crypto,1h,trend,0.5067052618461194,-0.20110415363753462,0.49636207914807,-0.23020055282781204,0.5571428571428572,169.29970008726093,-6.589424658808501,False
NEARUSDT_1h_carry,crypto,1h,carry,-0.18750641419235897,,,-0.2969885694249751,0.37142857142857144,199.7505274314638,-4.095618731122456,False
NEARUSDT_1h_mean_reversion,crypto,1h,mean_reversion,-1.8955026158192574,,,-0.6567362946714645,0.2857142857142857,1219.0680364291395,-5.062191812361046,False
NEARUSDT_1h_breakout,crypto,1h,breakout,-1.361244964108097,,,-0.44279338287924186,0.38571428571428573,500.18487201448875,-3.601852146051042,False
DOTUSDT_1h_trend,crypto,1h,trend,-0.09521374812410416,,,-0.321393483256315,0.4583333333333333,226.95496797460027,-8.261151915833402,False
DOTUSDT_1h_carry,crypto,1h,carry,-0.21243081668793454,,,-0.32288226914905693,0.5138888888888888,288.6215577201617,-4.812817219490736,False
DOTUSDT_1h_mean_reversion,crypto,1h,mean_reversion,-1.8746849527379994,,,-0.671131790300344,0.3055555555555556,1574.4551730845953,-5.214386081963286,False
DOTUSDT_1h_breakout,crypto,1h,breakout,-1.3955866925648077,,,-0.4320755827782716,0.2777777777777778,614.8613227563465,-3.414241851434972,False
AAVEUSDT_1h_trend,crypto,1h,trend,-0.02814627958230385,,,-0.35487530798742495,0.45714285714285713,186.32422741648287,-7.695438692533555,False
AAVEUSDT_1h_carry,crypto,1h,carry,0.2484430777882982,,,-0.17937399138969568,0.5,210.52862730206542,-2.990099499375386,False
AAVEUSDT_1h_mean_reversion,crypto,1h,mean_reversion,-1.636180904290436,,,-0.6439685714874356,0.3,1305.7227236353592,-4.245398049650636,False
AAVEUSDT_1h_breakout,crypto,1h,breakout,-1.0893688603326654,,,-0.38841521288926584,0.34285714285714286,525.7667938407733,-2.5934860855788644,False
1000PEPEUSDT_1h_trend,crypto,1h,trend,1.1594755700811004,0.2533870124502331,1.1819577754346025,-0.16928400257667808,0.6153846153846154,79.85106989455898,-5.6424677657573294,True
1000PEPEUSDT_1h_carry,crypto,1h,carry,-0.283817159550414,,,-0.26677380586313626,0.4358974358974359,118.21572388429487,-2.838077601413368,False
1000PEPEUSDT_1h_mean_reversion,crypto,1h,mean_reversion,-1.538381557548808,,,-0.4342236655990135,0.2564102564102564,605.3618485131134,-3.426468514998012,False
1000PEPEUSDT_1h_breakout,crypto,1h,breakout,-0.2497553886384617,,,-0.14006679583088588,0.48717948717948717,235.24238107581746,-1.3831355130528447,False
ICPUSDT_1h_trend,crypto,1h,trend,0.6070016516651303,-0.06471105045059579,0.5808043599866045,-0.3074884036106532,0.5714285714285714,163.7339430700613,-9.437624028727875,False
ICPUSDT_1h_carry,crypto,1h,carry,-0.2553864363255167,,,-0.27025828376068195,0.3492063492063492,173.6435752142625,-3.6386250939143596,False
ICPUSDT_1h_mean_reversion,crypto,1h,mean_reversion,-1.8381443558199506,,,-0.624376165117922,0.2698412698412698,1178.4157747716615,-5.346035736518608,False
ICPUSDT_1h_breakout,crypto,1h,breakout,-1.3871314499677752,,,-0.3825053450042851,0.3492063492063492,458.2718249357513,-2.9102372115377735,False
ETCUSDT_1h_trend,crypto,1h,trend,-0.10428630069374477,,,-0.599017022757859,0.5316455696202531,274.19137088962174,-8.912627029697049,False
ETCUSDT_1h_carry,crypto,1h,carry,0.17125097960964603,,,-0.19853270019911207,0.4810126582278481,309.10726904709304,-3.8171531140068873,False
ETCUSDT_1h_mean_reversion,crypto,1h,mean_reversion,-1.9004909184054344,,,-0.726738839699165,0.24050632911392406,1793.1016294831375,-5.721309627178966,False
ETCUSDT_1h_breakout,crypto,1h,breakout,-1.0241329892065127,,,-0.41750285910766294,0.3291139240506329,657.9779073402299,-3.2214107589085,False
QNTUSDT_1h_trend,crypto,1h,trend,-0.18607763285919662,,,-0.2203251928863793,0.45652173913043476,158.57150835012567,-14.12171930057712,False
QNTUSDT_1h_carry,crypto,1h,carry,-1.359604707449999,,,-0.34158067660272795,0.391304347826087,210.69311988980073,-6.978989034622978,False
QNTUSDT_1h_mean_reversion,crypto,1h,mean_reversion,-2.8189265294534107,,,-0.6456897722514214,0.15217391304347827,1175.9433359412767,-9.8215002591868,False
QNTUSDT_1h_breakout,crypto,1h,breakout,-2.9558209616031954,,,-0.5320377795481123,0.2391304347826087,445.57622642454544,-4.930188925571241,False
ALGOUSDT_1h_trend,crypto,1h,trend,0.1576376082622327,,,-0.18098481402018674,0.47297297297297297,202.90870684579562,-9.127705842931524,False
ALGOUSDT_1h_carry,crypto,1h,carry,0.21339382129131756,,,-0.1528455826377234,0.5,198.3793704596675,-4.122093720674365,False
ALGOUSDT_1h_mean_reversion,crypto,1h,mean_reversion,-1.7612712468058536,,,-0.6766861678452025,0.33783783783783783,1450.5886863542005,-6.47956121304766,False
ALGOUSDT_1h_breakout,crypto,1h,breakout,-1.7509044319201466,,,-0.5070099901380161,0.2972972972972973,596.7092069894276,-4.451603336821106,False
ATOMUSDT_1h_trend,crypto,1h,trend,0.16994746705920755,,,-0.30766009703395014,0.5384615384615384,232.25064624049918,-8.900476489573865,False
ATOMUSDT_1h_carry,crypto,1h,carry,-0.2154353409312577,,,-0.2882867312064723,0.46153846153846156,338.17535427769894,-4.662572017173383,False
ATOMUSDT_1h_mean_reversion,crypto,1h,mean_reversion,-2.0826209499810706,,,-0.7402011349794579,0.24358974358974358,1666.6444504985895,-5.895160260105251,False
ATOMUSDT_1h_breakout,crypto,1h,breakout,-1.9706157298099929,,,-0.5579851305028036,0.24358974358974358,675.5615220177202,-3.1132012311279103,False
FILUSDT_1h_trend,crypto,1h,trend,0.12991278802685424,,,-0.4776447730914626,0.5,200.15337022774662,-7.461695071968406,False
FILUSDT_1h_carry,crypto,1h,carry,-0.15566255664274894,,,-0.25078453271595036,0.5,208.32309041598515,-3.0243383019545846,False
FILUSDT_1h_mean_reversion,crypto,1h,mean_reversion,-2.531657016197219,,,-0.7932706520483067,0.17142857142857143,1372.800990145057,-5.454141172042606,False
FILUSDT_1h_breakout,crypto,1h,breakout,-0.16432072477421755,,,-0.21965843326716517,0.42857142857142855,499.3669835940452,-1.999057965964573,False
ARBUSDT_1h_trend,crypto,1h,trend,0.43061269823541576,,,-0.17533959042523783,0.5365853658536586,123.20926598545262,-9.39920293352172,False
ARBUSDT_1h_carry,crypto,1h,carry,-0.8434875243788651,,,-0.37310722784261197,0.2926829268292683,190.17525410852312,-4.308544777559193,False
ARBUSDT_1h_mean_reversion,crypto,1h,mean_reversion,-1.5403096257648115,,,-0.4323245548971846,0.3170731707317073,814.6878932329264,-5.541453360204851,False
ARBUSDT_1h_breakout,crypto,1h,breakout,-0.5006943426433805,,,-0.2088082403521091,0.4878048780487805,321.3669781919734,-3.7423050704514655,False
APTUSDT_1h_trend,crypto,1h,trend,0.19647157120532374,,,-0.28529026219731113,0.5434782608695652,123.519192492792,-7.763116723742711,False
APTUSDT_1h_carry,crypto,1h,carry,0.40969408059741985,,,-0.11646381331445677,0.5217391304347826,182.00301966677011,-4.121785459980391,False
APTUSDT_1h_mean_reversion,crypto,1h,mean_reversion,-1.8974278322762372,,,-0.5342474854977342,0.30434782608695654,906.8654828232454,-5.038934070144199,False
APTUSDT_1h_breakout,crypto,1h,breakout,-0.6962002948266884,,,-0.22457043902425422,0.41304347826086957,355.8090820850828,-3.5504732525728664,False
INJUSDT_1h_trend,crypto,1h,trend,0.025601042923028745,,,-0.27968611304608515,0.5208333333333334,124.08225072976155,-8.048304131939098,False
INJUSDT_1h_carry,crypto,1h,carry,0.7330586639271504,-0.03336448536531406,0.7727103537497033,-0.25814880338848767,0.6041666666666666,151.3600481269992,-2.9167176350097237,False
INJUSDT_1h_mean_reversion,crypto,1h,mean_reversion,-1.9601738477113408,,,-0.5349357634895808,0.2708333333333333,829.4786631763761,-5.4766723272162965,False
INJUSDT_1h_breakout,crypto,1h,breakout,-0.5965364094541806,,,-0.21727459753400857,0.4375,333.7442439204527,-4.290118265844402,False
DASHUSDT_1h_trend,crypto,1h,trend,-0.1703598984681089,,,-0.46481207135348457,0.46153846153846156,257.28617734598083,-11.62593217475853,False
DASHUSDT_1h_carry,crypto,1h,carry,-0.31135419858732544,,,-0.2541744612101864,0.4358974358974359,174.95156638236296,-4.405567963206821,False
DASHUSDT_1h_mean_reversion,crypto,1h,mean_reversion,-2.3652135468800344,,,-0.793545154913945,0.16666666666666666,1723.5971882324127,-8.169359474469996,False
DASHUSDT_1h_breakout,crypto,1h,breakout,-1.4423102355032131,,,-0.5388208866352503,0.3333333333333333,634.4670610092778,-4.0764219073413495,False
VETUSDT_1h_trend,crypto,1h,trend,0.5484728155634784,-0.08414661448031008,0.5680605275973474,-0.2100684801838013,0.5384615384615384,224.4997245929992,-9.832698602162992,False
VETUSDT_1h_carry,crypto,1h,carry,0.29011572369035427,,,-0.09254925924530355,0.5512820512820513,213.06704306731882,-3.983623001983005,False
VETUSDT_1h_mean_reversion,crypto,1h,mean_reversion,-2.808679713194068,,,-0.8239575986359631,0.16666666666666666,1595.4197755587775,-6.890815227695332,False
VETUSDT_1h_breakout,crypto,1h,breakout,-1.5793194159405632,,,-0.5043139438571058,0.2692307692307692,643.8247207590049,-4.539222244937541,False
FETUSDT_1h_trend,crypto,1h,trend,0.6375021655492547,-0.3171123768798396,0.6385562296543119,-0.11710391773725115,0.5813953488372093,95.17708071804105,-7.718083884154128,False
FETUSDT_1h_carry,crypto,1h,carry,-0.34707988335641704,,,-0.18104821826391548,0.4418604651162791,114.8454540686631,-3.304936106586412,False
FETUSDT_1h_mean_reversion,crypto,1h,mean_reversion,-1.9316419853669915,,,-0.4959787767075816,0.27906976744186046,727.6116312809519,-5.203830962224596,False
FETUSDT_1h_breakout,crypto,1h,breakout,-0.411186018238201,,,-0.13596421127507952,0.4883720930232558,291.7036935680991,-2.7191450248949316,False
CRVUSDT_1h_trend,crypto,1h,trend,0.26759007451858335,,,-0.34154002420428076,0.5492957746478874,162.2731720965087,-6.924916548352551,False
CRVUSDT_1h_carry,crypto,1h,carry,0.2931254556870201,,,-0.13729740985886862,0.5352112676056338,139.9419940571164,-3.087336833701358,False
CRVUSDT_1h_mean_reversion,crypto,1h,mean_reversion,-1.1667067532853899,,,-0.5435548014015765,0.38028169014084506,1182.261830675296,-4.460678361657257,False
CRVUSDT_1h_breakout,crypto,1h,breakout,-1.589338343968771,,,-0.4689090399695526,0.2676056338028169,437.16242643779754,-2.488372426459103,False
1000LUNCUSDT_1h_trend,crypto,1h,trend,0.4733175002283011,,,-0.25162424648108483,0.5531914893617021,148.44321928201234,-10.966046950702438,False
1000LUNCUSDT_1h_carry,crypto,1h,carry,-0.6695998219723502,,,-0.2650237787916825,0.3617021276595745,134.02673786880032,-4.046435885007755,False
1000LUNCUSDT_1h_mean_reversion,crypto,1h,mean_reversion,-2.430183742431743,,,-0.6272726279070848,0.23404255319148937,980.9739985950064,-6.931441129115926,False
1000LUNCUSDT_1h_breakout,crypto,1h,breakout,-1.2319520778421673,,,-0.3752809245942911,0.2553191489361702,329.7965738752044,-2.854791691664386,False
STXUSDT_1h_trend,crypto,1h,trend,-0.023978623810485274,,,-0.23283303300409997,0.47619047619047616,121.39846700455138,-8.946025505922202,False
STXUSDT_1h_carry,crypto,1h,carry,-0.10019535568451271,,,-0.17871469133387075,0.4523809523809524,139.19213343055688,-3.865448851120083,False
STXUSDT_1h_mean_reversion,crypto,1h,mean_reversion,-2.883190452585999,,,-0.6337944506769337,0.14285714285714285,777.8614453797322,-5.963032581557103,False
STXUSDT_1h_breakout,crypto,1h,breakout,-0.5661199462763392,,,-0.1982860153177135,0.42857142857142855,312.4325725246574,-3.388840109628726,False
LDOUSDT_1h_trend,crypto,1h,trend,-0.804088319749534,,,-0.5231974082415116,0.425531914893617,120.74428964297306,-7.308373376896802,False
LDOUSDT_1h_carry,crypto,1h,carry,0.18222015542146594,,,-0.12627835738779036,0.5319148936170213,136.30648198907028,-3.984089686763606,False
LDOUSDT_1h_mean_reversion,crypto,1h,mean_reversion,-1.78017230943391,,,-0.5296761612153251,0.2765957446808511,831.8383067288512,-5.047553775743767,False
LDOUSDT_1h_breakout,crypto,1h,breakout,-0.7085167353617965,,,-0.22609166659098123,0.3617021276595745,336.31742128459285,-3.3111078736585555,False
IMXUSDT_1h_trend,crypto,1h,trend,0.6853058457060804,-0.08117189915474177,0.7489542265050277,-0.1704999055263844,0.6666666666666666,118.8781226822227,-9.077131460046383,False
IMXUSDT_1h_carry,crypto,1h,carry,-0.24330100942798535,,,-0.16306607605987844,0.46296296296296297,174.8493597413025,-3.349530658617137,False
IMXUSDT_1h_mean_reversion,crypto,1h,mean_reversion,-1.966154676880033,,,-0.5862651412401396,0.25925925925925924,958.4588391367136,-6.28284423455804,False
IMXUSDT_1h_breakout,crypto,1h,breakout,-1.7154895394785625,,,-0.4163237726651515,0.2222222222222222,377.1449053677585,-2.6493725229471496,False
XTZUSDT_1h_trend,crypto,1h,trend,-0.030794260852771312,,,-0.3955034606960768,0.48717948717948717,239.59830274704228,-10.384838111841628,False
XTZUSDT_1h_carry,crypto,1h,carry,-0.08163011312570628,,,-0.2651325476790841,0.3974358974358974,242.63381936417582,-4.420192850143919,False
XTZUSDT_1h_mean_reversion,crypto,1h,mean_reversion,-1.8996632461829537,,,-0.7130709050804518,0.28205128205128205,1718.9726063844282,-7.695355907050048,False
XTZUSDT_1h_breakout,crypto,1h,breakout,-1.6609927832059115,,,-0.5080691057946161,0.28205128205128205,636.1840871225313,-4.20066491666997,False
JASMYUSDT_1h_trend,crypto,1h,trend,0.6451920822996953,-0.18368398033092714,0.6278259820698422,-0.1328956544496751,0.5,123.4212552062053,-9.938066626795338,False
JASMYUSDT_1h_carry,crypto,1h,carry,0.0058604922865626245,,,-0.12164348295993177,0.4423076923076923,151.55922411030411,-4.812867957851858,False
JASMYUSDT_1h_mean_reversion,crypto,1h,mean_reversion,-2.524442780184559,,,-0.6757842947372804,0.23076923076923078,920.2486916580731,-6.84693260467888,False
JASMYUSDT_1h_breakout,crypto,1h,breakout,-1.1136479306088867,,,-0.27431794645822694,0.40384615384615385,336.00449101361744,-2.8707021418179877,False
CFXUSDT_1h_trend,crypto,1h,trend,0.20451509929671255,,,-0.17194170966849498,0.4523809523809524,108.00665804324417,-8.442558531715697,False
CFXUSDT_1h_carry,crypto,1h,carry,-0.41846335920075173,,,-0.24960663497434188,0.42857142857142855,129.54720748928074,-4.177735713552528,False
CFXUSDT_1h_mean_reversion,crypto,1h,mean_reversion,-2.4949901579694425,,,-0.6085416062364819,0.2619047619047619,752.4929247564457,-6.088217329203239,False
CFXUSDT_1h_breakout,crypto,1h,breakout,-0.4849784579285867,,,-0.16435220387958016,0.40476190476190477,294.31169540897395,-3.8022747578695886,False
OPUSDT_1h_trend,crypto,1h,trend,0.08664186226596769,,,-0.3405510877305923,0.42,126.74898767135528,-7.348075045314909,False
OPUSDT_1h_carry,crypto,1h,carry,-0.7687160719051577,,,-0.3117626792246556,0.36,179.07802206396647,-3.9817504380943762,False
OPUSDT_1h_mean_reversion,crypto,1h,mean_reversion,-1.2065137447422494,,,-0.4406982715250959,0.32,915.8016843213966,-5.328355540395947,False
OPUSDT_1h_breakout,crypto,1h,breakout,-1.0789163680835592,,,-0.29392512027929685,0.4,365.6154305032753,-3.1900823845606747,False
1000FLOKIUSDT_1h_trend,crypto,1h,trend,0.07234073900392349,,,-0.2389569127535497,0.5128205128205128,97.17864260192489,-9.798891129008975,False
1000FLOKIUSDT_1h_carry,crypto,1h,carry,-0.6066011142208597,,,-0.215718781980049,0.41025641025641024,115.17987057528215,-4.831836662982027,False
1000FLOKIUSDT_1h_mean_reversion,crypto,1h,mean_reversion,-1.7457838645656212,,,-0.46705083888723287,0.20512820512820512,672.3097498906635,-5.972679190260046,False
1000FLOKIUSDT_1h_breakout,crypto,1h,breakout,-0.4592324499325218,,,-0.15059089734266196,0.41025641025641024,254.35521346705133,-3.1222914751128057,False
ENSUSDT_1h_trend,crypto,1h,trend,-0.1364915133961446,,,-0.3162326592177378,0.47368421052631576,162.6743723251421,-9.009744123165659,False
ENSUSDT_1h_carry,crypto,1h,carry,-0.5884195969727117,,,-0.2822289985775698,0.42105263157894735,181.1993200459217,-4.986972473831673,False
ENSUSDT_1h_mean_reversion,crypto,1h,mean_reversion,-1.503343490270344,,,-0.5588296722166161,0.24561403508771928,1065.8985362843982,-6.571898179333716,False
ENSUSDT_1h_breakout,crypto,1h,breakout,-1.1945778226308033,,,-0.34749473954516596,0.3333333333333333,417.50815282345303,-3.1868513250520993,False
COMPUSDT_1h_trend,crypto,1h,trend,0.022704845190655774,,,-0.4330862249226226,0.5135135135135135,206.43265165611538,-9.436703978644188,False
COMPUSDT_1h_carry,crypto,1h,carry,-0.5241161720201202,,,-0.4233817736794633,0.40540540540540543,181.48224447424067,-4.234292957131704,False
COMPUSDT_1h_mean_reversion,crypto,1h,mean_reversion,-1.3465331397972968,,,-0.5752605442532381,0.33783783783783783,1393.9731351717628,-7.230431479434385,False
COMPUSDT_1h_breakout,crypto,1h,breakout,-1.300916717702533,,,-0.451943464136649,0.28378378378378377,536.9242061411105,-3.042149527541516,False
GRTUSDT_1h_trend,crypto,1h,trend,0.2368027543598589,,,-0.30893433573213014,0.45588235294117646,181.80859847386563,-9.356258157465174,False
GRTUSDT_1h_carry,crypto,1h,carry,-0.17580369506859922,,,-0.286678621804057,0.45588235294117646,202.02711100389598,-4.623773584126413,False
GRTUSDT_1h_mean_reversion,crypto,1h,mean_reversion,-1.8187897556214239,,,-0.6638289184070945,0.3382352941176471,1239.863099061683,-6.155108115350616,False
GRTUSDT_1h_breakout,crypto,1h,breakout,-1.5080588503485417,,,-0.4439127245462917,0.20588235294117646,491.9344322574079,-2.9762670101253264,False
IOTAUSDT_1h_trend,crypto,1h,trend,0.018145750654133062,,,-0.2879662251566232,0.5256410256410257,220.92842865495118,-11.079473531149656,False
IOTAUSDT_1h_carry,crypto,1h,carry,-0.11118833410729408,,,-0.1807117797688047,0.5,177.35742483306103,-4.400368535828992,False
IOTAUSDT_1h_mean_reversion,crypto,1h,mean_reversion,-2.9601771756797333,,,-0.8600764290445299,0.1794871794871795,1567.2450453996096,-7.0591865084631475,False
IOTAUSDT_1h_breakout,crypto,1h,breakout,-1.703379707578706,,,-0.526976644214564,0.32051282051282054,611.82045406528,-4.630712531172955,False
RUNEUSDT_1h_trend,crypto,1h,trend,0.4767308119035668,,,-0.18514495308352785,0.6056338028169014,171.63402743487674,-8.897566046041906,False
RUNEUSDT_1h_carry,crypto,1h,carry,-0.24749813630222814,,,-0.30817253415907175,0.4647887323943662,175.91926280952242,-3.088041811251509,False
RUNEUSDT_1h_mean_reversion,crypto,1h,mean_reversion,-2.0637393150920094,,,-0.7076962820080787,0.2676056338028169,1273.3285872224633,-5.582264166624255,False
RUNEUSDT_1h_breakout,crypto,1h,breakout,-0.9644194922703478,,,-0.35745601077429245,0.352112676056338,550.9019601990924,-3.6506782933611017,False
BTCUSDT_4h_trend,crypto,4h,trend,0.8396482967435132,0.2323819986404506,0.8047066542828711,-0.2854028938816091,0.5949367088607594,87.82836390929248,-2.993693242858545,True
BTCUSDT_4h_carry,crypto,4h,carry,-0.32043180683095807,,,-0.3841169442388528,0.4810126582278481,369.28161135204124,-1.870620498393018,False
BTCUSDT_4h_mean_reversion,crypto,4h,mean_reversion,-0.83202868218472,,,-0.4715269812719074,0.4050632911392405,637.5495033660322,-1.9410415146718154,False
BTCUSDT_4h_breakout,crypto,4h,breakout,0.1403762883742892,,,-0.09506835306469652,0.4177215189873418,267.95238854148806,-0.74599058532281,False
ETHUSDT_4h_trend,crypto,4h,trend,0.41409252166418503,,,-0.38995547115894336,0.5189873417721519,72.84972716675742,-2.1467276473310286,False
ETHUSDT_4h_carry,crypto,4h,carry,0.14159704416763885,,,-0.1601907846261481,0.5189873417721519,273.1162501633784,-1.2936697036603555,False
ETHUSDT_4h_mean_reversion,crypto,4h,mean_reversion,-0.9183615110545809,,,-0.4645856267256372,0.34177215189873417,488.13522269973123,-1.3393644291870581,False
ETHUSDT_4h_breakout,crypto,4h,breakout,0.6849729026325624,0.004587043299145038,0.6576431877797737,-0.09600313797239923,0.5949367088607594,202.79405370375122,-0.04591382723414773,True
BNBUSDT_4h_trend,crypto,4h,trend,1.1575365148035408,0.5225754308053407,1.186916499545939,-0.187639248963823,0.5256410256410257,81.69528614195875,-2.8277627526137903,True
BNBUSDT_4h_carry,crypto,4h,carry,-0.25127507096104706,,,-0.1847655734252579,0.48717948717948717,227.48176867942033,-0.9183574482392888,False
BNBUSDT_4h_mean_reversion,crypto,4h,mean_reversion,-1.2658954195011385,,,-0.5629289786277372,0.4230769230769231,551.9098331816349,-2.1216276033984105,False
BNBUSDT_4h_breakout,crypto,4h,breakout,0.47248982746366663,,,-0.14921839207556398,0.48717948717948717,224.1811340485055,-0.2807958244013345,False
XRPUSDT_4h_trend,crypto,4h,trend,-0.19893421303888964,,,-0.5047675825184463,0.46835443037974683,73.87420983967556,-1.8429268821248819,False
XRPUSDT_4h_carry,crypto,4h,carry,-0.3363237199764165,,,-0.34077170935097867,0.4177215189873418,236.62858167530413,-1.0931046985878243,False
XRPUSDT_4h_mean_reversion,crypto,4h,mean_reversion,-1.0436741216981944,,,-0.5162401822442588,0.4050632911392405,431.0026074785543,-1.5866687030749642,False
XRPUSDT_4h_breakout,crypto,4h,breakout,0.18833306827800744,,,-0.10727374908473164,0.4430379746835443,158.82050470631714,-0.4481405464714586,False
SOLUSDT_4h_trend,crypto,4h,trend,0.39940942252028305,,,-0.2719127260947857,0.5070422535211268,46.33173718945889,-1.5117569206479995,False
SOLUSDT_4h_carry,crypto,4h,carry,-0.6073352615210066,,,-0.3606963378581821,0.43661971830985913,165.1898540807589,-1.3496151020241973,False
SOLUSDT_4h_mean_reversion,crypto,4h,mean_reversion,-0.7108615788019312,,,-0.4879302764636997,0.43661971830985913,317.3512989715453,-1.075124883844601,False
SOLUSDT_4h_breakout,crypto,4h,breakout,0.27585832701725,,,-0.18127620531913757,0.5774647887323944,142.81821390074447,-1.262475022144885,False
TRXUSDT_4h_trend,crypto,4h,trend,0.4527250890050067,,,-0.4740713224302441,0.5949367088607594,111.36479831020168,-2.4801358092917565,False
TRXUSDT_4h_carry,crypto,4h,carry,-0.36808407427747825,,,-0.371484295610774,0.3670886075949367,314.04098271919156,-0.8562136509516807,False
TRXUSDT_4h_mean_reversion,crypto,4h,mean_reversion,-1.215325331785606,,,-0.5533656878623514,0.379746835443038,701.4825532300781,-2.230540749946833,False
TRXUSDT_4h_breakout,crypto,4h,breakout,-0.15596305286887166,,,-0.24028075330108611,0.4177215189873418,318.01970989085584,-1.63066830412781,False
DOGEUSDT_4h_trend,crypto,4h,trend,0.8752481236630204,0.1379231315995451,0.8397027200318045,-0.18804016380821986,0.5616438356164384,49.11901821740787,-1.7506280147669753,True
DOGEUSDT_4h_carry,crypto,4h,carry,-0.44812226852743925,,,-0.38618785408511813,0.4383561643835616,199.6632271304666,-0.9043961021756037,False
DOGEUSDT_4h_mean_reversion,crypto,4h,mean_reversion,-1.4842548855945834,,,-0.6839925557157776,0.273972602739726,370.00985966216336,-1.154630443474786,False
DOGEUSDT_4h_breakout,crypto,4h,breakout,0.5912038095303677,-0.08871181376065379,0.599104901847102,-0.18813542742751832,0.4931506849315068,124.595563784277,-1.3910580001039383,False
ZECUSDT_4h_trend,crypto,4h,trend,0.6158113389384553,-0.08396686345713225,0.60192186497562,-0.2246679033485488,0.5641025641025641,48.45135443292391,-2.834473998235898,False
ZECUSDT_4h_carry,crypto,4h,carry,0.6348121916130435,-0.04314799452124275,0.6346255715094823,-0.16468883138735368,0.46153846153846156,112.39632190670274,-0.43838489899569005,False
ZECUSDT_4h_mean_reversion,crypto,4h,mean_reversion,-1.2713331195333968,,,-0.5771605545111442,0.34615384615384615,335.95863323806464,-1.2235299708079588,False
ZECUSDT_4h_breakout,crypto,4h,breakout,0.1271451530885459,,,-0.11237704797593873,0.47435897435897434,134.56254070543875,-0.8782320094897068,False
ADAUSDT_4h_trend,crypto,4h,trend,0.9430827654231921,0.34066122979602215,0.9775417800743269,-0.19913886858400942,0.5316455696202531,51.081231426362585,-2.3703779678626713,True
ADAUSDT_4h_carry,crypto,4h,carry,-0.6752202916357201,,,-0.3783663423420919,0.35443037974683544,183.16158689940184,-0.5761563647113488,False
ADAUSDT_4h_mean_reversion,crypto,4h,mean_reversion,-1.6036511112588092,,,-0.6815186120974845,0.2911392405063291,386.4504311768145,-1.2154171056742817,False
ADAUSDT_4h_breakout,crypto,4h,breakout,0.8012768176800268,0.17378056202644993,0.7824225419740918,-0.12927606031162953,0.5822784810126582,161.2248303912724,-1.6587805514369003,True
XMRUSDT_4h_trend,crypto,4h,trend,-0.08336665048843032,,,-0.5128670478776121,0.47435897435897434,77.08575935769812,-2.7242748155253147,False
XMRUSDT_4h_carry,crypto,4h,carry,0.021718884240450726,,,-0.24023541241216562,0.44871794871794873,168.1298262141799,-1.1270600829179167,False
XMRUSDT_4h_mean_reversion,crypto,4h,mean_reversion,-0.28024255406650933,,,-0.2407919403166342,0.4358974358974359,494.9069192631498,-1.8605025589040858,False
XMRUSDT_4h_breakout,crypto,4h,breakout,-0.29886925833768707,,,-0.21228214122632838,0.47435897435897434,190.02645213116512,-1.6111626770597975,False
LINKUSDT_4h_trend,crypto,4h,trend,0.28414439245404577,,,-0.33641181297749423,0.5316455696202531,51.55347263546477,-2.1980458506907365,False
LINKUSDT_4h_carry,crypto,4h,carry,-0.26338761707915875,,,-0.30987147773954815,0.46835443037974683,176.1399506974024,-1.2362855928816654,False
LINKUSDT_4h_mean_reversion,crypto,4h,mean_reversion,-0.937920944467003,,,-0.5061129739124464,0.3670886075949367,372.4243182801138,-1.514074501446354,False
LINKUSDT_4h_breakout,crypto,4h,breakout,-0.08660183159860622,,,-0.22686392545699463,0.4177215189873418,156.7774034498358,-0.7296488502704792,False
XLMUSDT_4h_trend,crypto,4h,trend,0.16145596452484376,,,-0.30817867651604147,0.4936708860759494,71.54945147979686,-2.623017418244947,False
XLMUSDT_4h_carry,crypto,4h,carry,0.2762438345041059,,,-0.1763238959639294,0.6329113924050633,213.86989170216268,-0.41659745557332584,False
XLMUSDT_4h_mean_reversion,crypto,4h,mean_reversion,-1.4089826494587026,,,-0.6457030187602513,0.35443037974683544,423.74720027567736,-2.0383244912898806,False
XLMUSDT_4h_breakout,crypto,4h,breakout,0.22408039283093045,,,-0.12271737821912143,0.379746835443038,166.58168086063017,-1.0992777517598715,False
BCHUSDT_4h_trend,crypto,4h,trend,-0.0765880305229804,,,-0.4165325480879999,0.45569620253164556,67.53426204464701,-1.8386515525210771,False
BCHUSDT_4h_carry,crypto,4h,carry,-0.49514033162824683,,,-0.3336786265539108,0.43037974683544306,204.98600901202616,-0.7099131970321466,False
BCHUSDT_4h_mean_reversion,crypto,4h,mean_reversion,-1.1170019658677846,,,-0.5791917941191429,0.3291139240506329,405.40934256728195,-1.5399070954715512,False
BCHUSDT_4h_breakout,crypto,4h,breakout,-0.06087282158717045,,,-0.20994083630100324,0.4810126582278481,155.10457389642653,-1.0224685062084056,False
LTCUSDT_4h_trend,crypto,4h,trend,-0.04954416111061056,,,-0.36301332688657284,0.45569620253164556,68.1787207995238,-2.643537214029604,False
LTCUSDT_4h_carry,crypto,4h,carry,-0.19696437836659214,,,-0.3544119828175213,0.4810126582278481,238.61465574148477,-1.3958584333980824,False
LTCUSDT_4h_mean_reversion,crypto,4h,mean_reversion,-0.9464885777583348,,,-0.5028716023286486,0.34177215189873417,448.4083098705038,-2.274348424758077,False
LTCUSDT_4h_breakout,crypto,4h,breakout,-0.12587162702632496,,,-0.14838199830703236,0.4430379746835443,163.01649351930442,-0.7381917364439998,False
HBARUSDT_4h_trend,crypto,4h,trend,0.7645851709293895,0.13816015872893506,0.7794417981670307,-0.1638706100722327,0.5846153846153846,42.45382298679496,-2.4320833478759747,True
HBARUSDT_4h_carry,crypto,4h,carry,-0.06727712432089714,,,-0.24866623524571452,0.4153846153846154,145.24026651958366,-1.5594689681529126,False
HBARUSDT_4h_mean_reversion,crypto,4h,mean_reversion,-1.197290809865324,,,-0.5450267968175648,0.36923076923076925,318.4942544404397,-1.4877531997450937,False
HBARUSDT_4h_breakout,crypto,4h,breakout,0.03530878971404688,,,-0.1497034919394098,0.5230769230769231,125.59750878270589,-0.7026646985748661,False
1000SHIBUSDT_4h_trend,crypto,4h,trend,0.605513189453015,-0.21098088693853592,0.5746438961805469,-0.18584438824518767,0.5079365079365079,39.2668741726701,-0.9323474293265688,False
1000SHIBUSDT_4h_carry,crypto,4h,carry,-0.9548024665084184,,,-0.42441603353326807,0.4126984126984127,162.6738526017896,-1.7174233770011265,False
1000SHIBUSDT_4h_mean_reversion,crypto,4h,mean_reversion,-1.3722975239594384,,,-0.5596650859393291,0.36507936507936506,303.248657267539,-1.820277490288628,False
1000SHIBUSDT_4h_breakout,crypto,4h,breakout,0.1921975406227037,,,-0.13843373247024238,0.3968253968253968,107.81740349103804,-0.39754266767477564,False
AVAXUSDT_4h_trend,crypto,4h,trend,0.42201882145823744,,,-0.23552587268588088,0.5070422535211268,43.37487000060948,-1.253517734247181,False
AVAXUSDT_4h_carry,crypto,4h,carry,-0.5962504627141918,,,-0.4374017857000222,0.4084507042253521,164.37192145058643,-0.4969467629456121,False
AVAXUSDT_4h_mean_reversion,crypto,4h,mean_reversion,-0.7796236686327397,,,-0.4293364066943174,0.4225352112676056,322.83199586914714,-1.2468350782833073,False
AVAXUSDT_4h_breakout,crypto,4h,breakout,-0.25488848039454215,,,-0.23302368788885608,0.352112676056338,131.532780100663,-0.7921378669455862,False
SUIUSDT_4h_trend,crypto,4h,trend,1.0349311413101463,0.1137485922130998,1.0115304859466876,-0.15832015974051195,0.6923076923076923,22.543688258630738,-1.4646383837274333,True
SUIUSDT_4h_carry,crypto,4h,carry,-0.03301342814550558,,,-0.11704830644897579,0.5384615384615384,99.95631541046524,-2.267702017019475,False
SUIUSDT_4h_mean_reversion,crypto,4h,mean_reversion,-1.1733801375460418,,,-0.3216603201573247,0.3333333333333333,165.32506772711042,-0.26999343669411413,False
SUIUSDT_4h_breakout,crypto,4h,breakout,-0.45249030447753613,,,-0.12326900214128866,0.3076923076923077,67.52446729569954,-0.1624219285384851,False
UNIUSDT_4h_trend,crypto,4h,trend,0.5295892505426976,-0.14550539209848276,0.5356158354868858,-0.2294930735035806,0.6056338028169014,40.48807990355337,-1.3768918942177475,False
UNIUSDT_4h_carry,crypto,4h,carry,-0.6729173209078382,,,-0.42933382272790543,0.4788732394366197,157.4058623499956,-0.8637886921263194,False
UNIUSDT_4h_mean_reversion,crypto,4h,mean_reversion,-0.017842297060711523,,,-0.2546794463715466,0.4788732394366197,328.1499951450445,-1.0116803876220066,False
UNIUSDT_4h_breakout,crypto,4h,breakout,-0.3854226756844841,,,-0.21413544589833022,0.38028169014084506,126.8726646734015,-1.160865321490618,False
NEARUSDT_4h_trend,crypto,4h,trend,0.5091253916064381,-0.20624871809704715,0.5269630309291731,-0.3654075841712675,0.5285714285714286,35.37492215401894,-1.241846811758326,False
NEARUSDT_4h_carry,crypto,4h,carry,-1.029488285082921,,,-0.38247024802016283,0.2714285714285714,109.33172436054033,-1.11279580522573,False
NEARUSDT_4h_mean_reversion,crypto,4h,mean_reversion,-0.8929495953548182,,,-0.425284914731491,0.4,291.5247319262369,-0.5634392304682856,False
NEARUSDT_4h_breakout,crypto,4h,breakout,0.7295245092706752,0.08603932052531535,0.7049376880720089,-0.070538243308643,0.5,116.55535609873208,-0.2779952495657163,True
DOTUSDT_4h_trend,crypto,4h,trend,0.48142108574298786,,,-0.3286920290091725,0.5416666666666666,49.79358369921387,-2.3649777986202274,False
DOTUSDT_4h_carry,crypto,4h,carry,0.00499792837018555,,,-0.29431462413975606,0.4722222222222222,166.30374131543124,-0.5839046249524231,False
DOTUSDT_4h_mean_reversion,crypto,4h,mean_reversion,-0.871019904985694,,,-0.4530700086705661,0.375,371.012303355972,-1.43631374421623,False
DOTUSDT_4h_breakout,crypto,4h,breakout,-0.7317978633883323,,,-0.27924845022100653,0.3472222222222222,150.14452568009926,-1.3806504057184974,False
AAVEUSDT_4h_trend,crypto,4h,trend,0.020758491786747196,,,-0.3239542325993535,0.5,42.65781522683056,-2.011039874273225,False
AAVEUSDT_4h_carry,crypto,4h,carry,-0.6308161173599498,,,-0.2741186170317297,0.37142857142857144,140.00085115658032,-1.0108359606580977,False
AAVEUSDT_4h_mean_reversion,crypto,4h,mean_reversion,-0.5277522345163961,,,-0.2907461579402679,0.4,300.12370365207937,-1.7051118562862442,False
AAVEUSDT_4h_breakout,crypto,4h,breakout,-0.02522181123293212,,,-0.11876652614370187,0.4714285714285714,123.60586356272239,-0.7030667131412205,False
1000PEPEUSDT_4h_trend,crypto,4h,trend,0.31016757469876055,,,-0.2535368421301506,0.5128205128205128,18.89426862748596,-2.1225019093633275,False
1000PEPEUSDT_4h_carry,crypto,4h,carry,-1.4677618441516533,,,-0.3899582558339001,0.3076923076923077,81.93005392689291,-0.3060138395651092,False
1000PEPEUSDT_4h_mean_reversion,crypto,4h,mean_reversion,-0.8019363763513361,,,-0.31951119664915995,0.4358974358974359,139.66531326422466,-0.007468182276618097,False
1000PEPEUSDT_4h_breakout,crypto,4h,breakout,0.2879263342527986,,,-0.06822082855159928,0.46153846153846156,55.92301188576951,0.3757260440984947,False
ICPUSDT_4h_trend,crypto,4h,trend,0.41594072091455825,,,-0.407153331971041,0.5238095238095238,39.637634559926134,-2.520971642113571,False
ICPUSDT_4h_carry,crypto,4h,carry,-0.7659346364699318,,,-0.30130009360020216,0.3333333333333333,107.10760157107516,-1.405326092961919,False
ICPUSDT_4h_mean_reversion,crypto,4h,mean_reversion,-0.5211409290387093,,,-0.35627861849489295,0.5079365079365079,278.8128492650476,-1.497530851031413,False
ICPUSDT_4h_breakout,crypto,4h,breakout,0.2782404043353176,,,-0.15257315807939476,0.38095238095238093,112.4140463960455,-0.6733370759272229,False
ETCUSDT_4h_trend,crypto,4h,trend,0.36612899639282365,,,-0.2525388354728292,0.5443037974683544,62.44222292009057,-2.088381418941806,False
ETCUSDT_4h_carry,crypto,4h,carry,0.46651439181722226,,,-0.17880515345375114,0.45569620253164556,195.62635104742674,-1.2771739659648702,False
ETCUSDT_4h_mean_reversion,crypto,4h,mean_reversion,-0.8037470676072164,,,-0.54138015562224,0.35443037974683544,398.3909731768624,-1.962933062134861,False
ETCUSDT_4h_breakout,crypto,4h,breakout,0.022376226825308404,,,-0.2029890438994445,0.4810126582278481,152.94735902569943,-0.36980977039401836,False
QNTUSDT_4h_trend,crypto,4h,trend,0.059389180252972656,,,-0.20985626073867758,0.5652173913043478,36.10997494071703,-4.032701387653939,False
QNTUSDT_4h_carry,crypto,4h,carry,-1.0359266328001056,,,-0.29664381241593674,0.30434782608695654,142.68239376893132,-2.457353561653673,False
QNTUSDT_4h_mean_reversion,crypto,4h,mean_reversion,-0.8419120538828744,,,-0.3059755153809586,0.34782608695652173,294.55679359489216,-2.26879977509879,False
QNTUSDT_4h_breakout,crypto,4h,breakout,-0.43548644572532946,,,-0.14357005860815353,0.34782608695652173,100.70914896441815,-1.26667276833499,False
ALGOUSDT_4h_trend,crypto,4h,trend,0.7095684617601239,0.10801324872500005,0.7134081740829291,-0.17363767899025506,0.5945945945945946,43.206731548268166,-1.5464146553059421,True
ALGOUSDT_4h_carry,crypto,4h,carry,-0.7025461726103189,,,-0.3028422223481174,0.36486486486486486,131.47936766331745,-0.8986784896200183,False
ALGOUSDT_4h_mean_reversion,crypto,4h,mean_reversion,-0.803973254583616,,,-0.4174342998185746,0.3918918918918919,348.27191336488886,-0.6756926474671948,False
ALGOUSDT_4h_breakout,crypto,4h,breakout,-0.5166132473313724,,,-0.2624245063242673,0.3783783783783784,146.8765453089943,-1.129298565328431,False
ATOMUSDT_4h_trend,crypto,4h,trend,0.33073824404418356,,,-0.357887749580196,0.5256410256410257,57.44219150444401,-1.9529278304097704,False
ATOMUSDT_4h_carry,crypto,4h,carry,-0.21106008570295032,,,-0.24075138347826286,0.44871794871794873,215.76647644150302,-1.1432050416650428,False
ATOMUSDT_4h_mean_reversion,crypto,4h,mean_reversion,-1.1071886126284478,,,-0.5207151326664714,0.34615384615384615,384.1779322941901,-1.3732226719998675,False
ATOMUSDT_4h_breakout,crypto,4h,breakout,-0.31462198209820275,,,-0.225487751001199,0.3974358974358974,152.50748388481605,-1.0228169167004209,False
FILUSDT_4h_trend,crypto,4h,trend,0.5941007730066553,-0.029682383710336283,0.5828659764245689,-0.3339053303401347,0.5285714285714286,45.33327100573679,-2.1319612085516524,False
FILUSDT_4h_carry,crypto,4h,carry,-0.21538663286043505,,,-0.283290754880691,0.4,127.32756999248804,-1.017182541131189,False
FILUSDT_4h_mean_reversion,crypto,4h,mean_reversion,-1.329444850516876,,,-0.6404495989930501,0.35714285714285715,306.1551578194245,-1.304493137062066,False
FILUSDT_4h_breakout,crypto,4h,breakout,0.10819941313874956,,,-0.20837141108867596,0.4142857142857143,114.56845391070624,-0.07324642909355765,False
ARBUSDT_4h_trend,crypto,4h,trend,0.41826399643135864,,,-0.21640737826929501,0.5853658536585366,24.75883077151154,-1.9743270339795866,False
ARBUSDT_4h_carry,crypto,4h,carry,-0.8510756700175016,,,-0.25761156334763347,0.4146341463414634,124.61136797527436,-1.7822203644422598,False
ARBUSDT_4h_mean_reversion,crypto,4h,mean_reversion,-0.36371038062908523,,,-0.23967220072707973,0.4634146341463415,186.4396663081786,-1.6401415147279568,False
ARBUSDT_4h_breakout,crypto,4h,breakout,0.5282599034084295,-0.32132785612119935,0.5272330051251453,-0.08297453178603398,0.5365853658536586,76.91734885235,-0.866682265691249,False
APTUSDT_4h_trend,crypto,4h,trend,0.13866048377942844,,,-0.3584236309004776,0.4782608695652174,30.942099920850605,-1.9727375311895865,False
APTUSDT_4h_carry,crypto,4h,carry,-0.014377493881843584,,,-0.1497608372990924,0.5,107.2625551279659,-0.6995755344257182,False
APTUSDT_4h_mean_reversion,crypto,4h,mean_reversion,-0.31455758170002734,,,-0.23578086562603784,0.45652173913043476,213.4225262861084,-1.0920500889774802,False
APTUSDT_4h_breakout,crypto,4h,breakout,-0.06189149498397749,,,-0.18345982819677897,0.41304347826086957,77.93760662811533,-0.6465755461895091,False
INJUSDT_4h_trend,crypto,4h,trend,0.3657112787273623,,,-0.2565228366304505,0.4583333333333333,29.231008469994823,-1.5542095027037701,False
INJUSDT_4h_carry,crypto,4h,carry,-0.13926660574561814,,,-0.2830724159282565,0.4375,97.4123404795312,-1.0803849852719476,False
INJUSDT_4h_mean_reversion,crypto,4h,mean_reversion,-0.9292706718168664,,,-0.3679842322101916,0.4375,204.84310560596913,-0.13438812427492866,False
INJUSDT_4h_breakout,crypto,4h,breakout,0.20799345452157741,,,-0.09377239541413696,0.5416666666666666,80.46741234472273,-0.9464099189644405,False
DASHUSDT_4h_trend,crypto,4h,trend,-0.1804230323917346,,,-0.37199072824770796,0.5128205128205128,61.052516045689956,-2.785645488673146,False
DASHUSDT_4h_carry,crypto,4h,carry,-0.4026272079540353,,,-0.3102805668010704,0.44871794871794873,115.7920876464429,-0.6496075681972263,False
DASHUSDT_4h_mean_reversion,crypto,4h,mean_reversion,-1.0641518710212063,,,-0.5553343653997074,0.3717948717948718,388.9328710772141,-2.0322424641436596,False
DASHUSDT_4h_breakout,crypto,4h,breakout,-0.1587492865118225,,,-0.25202809624313205,0.3717948717948718,142.98931210616436,-0.7725056179832117,False
VETUSDT_4h_trend,crypto,4h,trend,1.0939934959379805,0.5352364726477069,1.1286841979896844,-0.20148171408815552,0.6025641025641025,49.289592901983085,-2.9994629774005492,True
VETUSDT_4h_carry,crypto,4h,carry,-0.13994144895505622,,,-0.3113142047267534,0.5128205128205128,157.790702627766,-1.6575850395430214,False
VETUSDT_4h_mean_reversion,crypto,4h,mean_reversion,-1.5054122268033538,,,-0.6702193096079017,0.32051282051282054,375.00268972127526,-1.7973920149848217,False
VETUSDT_4h_breakout,crypto,4h,breakout,0.23354555546804415,,,-0.16526343151902978,0.4230769230769231,153.0169849169372,-0.8832234143083524,False
FETUSDT_4h_trend,crypto,4h,trend,0.20722018573433246,,,-0.23694708721161273,0.4883720930232558,26.55617913436445,-1.2256132458839823,False
FETUSDT_4h_carry,crypto,4h,carry,-0.5024380660875174,,,-0.221962327732926,0.4186046511627907,74.09540571075661,-0.8121326007946904,False
FETUSDT_4h_mean_reversion,crypto,4h,mean_reversion,-0.5638278573288981,,,-0.26277141392704195,0.37209302325581395,171.33845500852965,-1.3768756093748897,False
FETUSDT_4h_breakout,crypto,4h,breakout,-0.13423451052073024,,,-0.14489285748168224,0.4418604651162791,73.5953140728673,-1.0443541003297645,False
CRVUSDT_4h_trend,crypto,4h,trend,0.2869958659318582,,,-0.21480645225136163,0.5492957746478874,35.2111875740022,-1.4350278039000701,False
CRVUSDT_4h_carry,crypto,4h,carry,0.26549408384525636,,,-0.10652960555990709,0.5211267605633803,100.69501419411687,-0.9326800767331087,False
CRVUSDT_4h_mean_reversion,crypto,4h,mean_reversion,0.1307376107535468,,,-0.192968609191411,0.5492957746478874,284.0908297599498,-1.465371702184372,False
CRVUSDT_4h_breakout,crypto,4h,breakout,-0.653564301876057,,,-0.22949501476376621,0.39436619718309857,111.26670502371826,-0.6278007080023555,False
1000LUNCUSDT_4h_trend,crypto,4h,trend,0.3335237897628944,,,-0.3647728510333591,0.574468085106383,34.19344093137016,-2.4351196601724228,False
1000LUNCUSDT_4h_carry,crypto,4h,carry,-0.39817696098044275,,,-0.23354070700222662,0.3829787234042553,95.48403163792115,-0.8442677274394904,False
1000LUNCUSDT_4h_mean_reversion,crypto,4h,mean_reversion,-1.1004384876180024,,,-0.45350796986990694,0.3191489361702128,215.03355672122234,-2.1863022060613764,False
1000LUNCUSDT_4h_breakout,crypto,4h,breakout,0.35586184004317695,,,-0.07197757052479659,0.40425531914893614,69.41052527710663,0.2322312827236516,False
STXUSDT_4h_trend,crypto,4h,trend,0.36404080012284656,,,-0.27066753918027664,0.47619047619047616,21.816721483957437,-0.9637848481314811,False
STXUSDT_4h_carry,crypto,4h,carry,-0.8976805051616958,,,-0.25051142987542496,0.38095238095238093,88.7327035764429,-1.37559896856975,False
STXUSDT_4h_mean_reversion,crypto,4h,mean_reversion,-1.1636554184868069,,,-0.37880609316089286,0.2857142857142857,171.49995973952133,-2.085959256343065,False
STXUSDT_4h_breakout,crypto,4h,breakout,-0.2198141916094429,,,-0.11871596301384213,0.35714285714285715,71.02573373993334,-1.134286680857519,False
LDOUSDT_4h_trend,crypto,4h,trend,-0.7626777385213329,,,-0.5173864351355868,0.46808510638297873,35.52364364976945,-1.3283322216511022,False
LDOUSDT_4h_carry,crypto,4h,carry,0.12985100980884323,,,-0.09419085369544,0.40425531914893614,100.79574616225338,-1.2991309067204926,False
LDOUSDT_4h_mean_reversion,crypto,4h,mean_reversion,-0.342619350065965,,,-0.2778674875955405,0.46808510638297873,194.83294941913093,-0.7745080523037655,False
LDOUSDT_4h_breakout,crypto,4h,breakout,0.14630010461055248,,,-0.09152010989435166,0.5319148936170213,76.5354552167571,-0.6080459309461641,False
IMXUSDT_4h_trend,crypto,4h,trend,0.17527400369071253,,,-0.22519470776536277,0.5370370370370371,28.070178596642847,-1.0476684699033016,False
IMXUSDT_4h_carry,crypto,4h,carry,0.6223935034496113,-0.13773984919788804,0.6238763042011215,-0.09734213552377446,0.5185185185185185,106.86109253925677,-0.20813063007388183,False
IMXUSDT_4h_mean_reversion,crypto,4h,mean_reversion,-0.6543570377510324,,,-0.33733149468606816,0.48148148148148145,222.15436228630296,-2.0295539821360062,False
IMXUSDT_4h_breakout,crypto,4h,breakout,0.3259537577667119,,,-0.09939703137837597,0.46296296296296297,90.93058753160392,-1.5636259216318382,False
XTZUSDT_4h_trend,crypto,4h,trend,0.5543821489316803,-0.015709780056843026,0.5470714503323719,-0.16298120051607934,0.5897435897435898,54.38361080567097,-2.1743199878939485,False
XTZUSDT_4h_carry,crypto,4h,carry,-0.6529595240675433,,,-0.352162090319857,0.358974358974359,153.1314247136609,-1.5467258082698796,False
XTZUSDT_4h_mean_reversion,crypto,4h,mean_reversion,-0.415363200164785,,,-0.3326627150175807,0.4230769230769231,406.48791273907324,-1.3182958193944974,False
XTZUSDT_4h_breakout,crypto,4h,breakout,-0.3101671867475433,,,-0.21661869625614816,0.38461538461538464,149.0673797703788,-0.6981615033595711,False
JASMYUSDT_4h_trend,crypto,4h,trend,0.849027296139592,-0.02968030413032329,0.7918316677994903,-0.12566665688624323,0.6346153846153846,27.53098979326054,-1.7240305505722135,False
JASMYUSDT_4h_carry,crypto,4h,carry,0.06910606816258849,,,-0.08686875186287102,0.4807692307692308,104.3284505929508,-0.7147277525302743,False
JASMYUSDT_4h_mean_reversion,crypto,4h,mean_reversion,-0.6917212342795123,,,-0.35102254242240427,0.4230769230769231,222.9807814959259,-0.8946213507673973,False
JASMYUSDT_4h_breakout,crypto,4h,breakout,-0.1075497031025512,,,-0.11484463246553833,0.4230769230769231,81.56559032426674,0.34394368572941425,False
CFXUSDT_4h_trend,crypto,4h,trend,-0.0019817154693799522,,,-0.26830590501506757,0.5,25.780366053742785,-1.8063057360131025,False
CFXUSDT_4h_carry,crypto,4h,carry,-0.8205385604752888,,,-0.31469163416633084,0.40476190476190477,92.77957715949026,-0.5099298891197533,False
CFXUSDT_4h_mean_reversion,crypto,4h,mean_reversion,-1.0537217529170733,,,-0.36146405175063423,0.40476190476190477,175.2849808587376,-1.23354384266001,False
CFXUSDT_4h_breakout,crypto,4h,breakout,-0.24635451128658525,,,-0.1422483825349199,0.42857142857142855,67.39203239029557,-1.160924905520999,False
OPUSDT_4h_trend,crypto,4h,trend,0.36974351437456826,,,-0.26067518680705304,0.5,27.950971391685783,-1.7368458171601027,False
OPUSDT_4h_carry,crypto,4h,carry,-0.27928564527139776,,,-0.22689711262674228,0.44,108.81022153431951,0.05062420411466663,False
OPUSDT_4h_mean_reversion,crypto,4h,mean_reversion,-0.9580082691128864,,,-0.401342955041987,0.38,209.54174248179982,-1.192716407082205,False
OPUSDT_4h_breakout,crypto,4h,breakout,0.7982588885066708,0.049552403836726815,0.8033747278087136,-0.07244811301135956,0.54,81.70314561166373,-0.27585494412959644,True
1000FLOKIUSDT_4h_trend,crypto,4h,trend,0.47226500204864996,,,-0.2150555355444843,0.6410256410256411,20.30267664671934,-1.137210766718389,False
1000FLOKIUSDT_4h_carry,crypto,4h,carry,-0.9569267116203856,,,-0.3162174281676534,0.48717948717948717,66.49245112285365,-0.36428951365813994,False
1000FLOKIUSDT_4h_mean_reversion,crypto,4h,mean_reversion,-1.9115720605362072,,,-0.48311483286974066,0.2564102564102564,151.23506873649694,-0.9557615237235847,False
1000FLOKIUSDT_4h_breakout,crypto,4h,breakout,0.25404588818515206,,,-0.08509842985176597,0.5384615384615384,65.10158572610666,-1.334838568358581,False
ENSUSDT_4h_trend,crypto,4h,trend,0.3957470500226315,,,-0.23502090195507508,0.5789473684210527,33.85443624943114,-3.4562620132082507,False
ENSUSDT_4h_carry,crypto,4h,carry,-0.6344077420734626,,,-0.2597472740430813,0.47368421052631576,140.56967129228192,-1.138884573855814,False
ENSUSDT_4h_mean_reversion,crypto,4h,mean_reversion,-1.0054307567939833,,,-0.422530277925082,0.3684210526315789,256.22910164605287,-1.0273948091657412,False
ENSUSDT_4h_breakout,crypto,4h,breakout,-0.5313570863183414,,,-0.15960867965940573,0.2807017543859649,99.4834497243269,-1.0910924234355255,False
COMPUSDT_4h_trend,crypto,4h,trend,-0.03996059728724756,,,-0.43555843240354297,0.5,49.68126014812603,-2.264971229617769,False
COMPUSDT_4h_carry,crypto,4h,carry,0.06974529436153964,,,-0.19138189618136647,0.43243243243243246,97.9129823657205,-1.5449961856146028,False
COMPUSDT_4h_mean_reversion,crypto,4h,mean_reversion,-0.44381509633471733,,,-0.35080893712974315,0.44594594594594594,325.26935147712925,-1.633853005151402,False
COMPUSDT_4h_breakout,crypto,4h,breakout,-0.5203528276090739,,,-0.25823119922107707,0.3918918918918919,121.74271925085696,-1.095348793860527,False
GRTUSDT_4h_trend,crypto,4h,trend,0.734010980308192,0.061852319772507575,0.7441832188324111,-0.23299576926605703,0.5441176470588235,37.07078189422987,-2.3857709159642373,True
GRTUSDT_4h_carry,crypto,4h,carry,-1.0096926682924419,,,-0.35608850547097615,0.3382352941176471,132.05233750733453,-2.0770111123886914,False
GRTUSDT_4h_mean_reversion,crypto,4h,mean_reversion,-0.8723372914477365,,,-0.41779250474747986,0.3382352941176471,296.1170997084704,-1.9681382519666966,False
GRTUSDT_4h_breakout,crypto,4h,breakout,-0.05113358246023434,,,-0.1611199784787689,0.47058823529411764,116.21118411699456,-0.8865448019125097,False
IOTAUSDT_4h_trend,crypto,4h,trend,0.2012115302227324,,,-0.3116681977391098,0.5256410256410257,49.82819314777927,-2.5049033751942575,False
IOTAUSDT_4h_carry,crypto,4h,carry,-0.5408671399109914,,,-0.28292336534297946,0.4358974358974359,106.45818877697968,-1.6908311766633726,False
IOTAUSDT_4h_mean_reversion,crypto,4h,mean_reversion,-0.9021726526781776,,,-0.43966308099786633,0.46153846153846156,367.9236793611421,-1.8727828726814848,False
IOTAUSDT_4h_breakout,crypto,4h,breakout,-0.2581812554366962,,,-0.20706684288622557,0.41025641025641024,145.9818681872633,-1.4105416092725627,False
RUNEUSDT_4h_trend,crypto,4h,trend,0.667032810823525,0.00014115350552768743,0.6802684193803331,-0.1765953202394157,0.6056338028169014,38.536448993576734,-1.8058373142627104,True
RUNEUSDT_4h_carry,crypto,4h,carry,-0.4003656677185676,,,-0.24811430842233528,0.43661971830985913,102.58925449861718,-0.5210880201254844,False
RUNEUSDT_4h_mean_reversion,crypto,4h,mean_reversion,-0.4390175186882665,,,-0.3286684898734036,0.43661971830985913,293.11289618462064,-1.9676704343557305,False
RUNEUSDT_4h_breakout,crypto,4h,breakout,0.06337574135011242,,,-0.10333018130452465,0.43661971830985913,132.41800667496534,-1.3253280848323528,False
BTCUSDT_1d_trend,crypto,1d,trend,0.8245494371029483,0.15925595718838545,0.8336214547569003,-0.19663414705804283,0.5316455696202531,10.213454416534919,-0.2712839309747201,True
BTCUSDT_1d_carry,crypto,1d,carry,0.33815244300934894,,,-0.1437452791880809,0.34177215189873417,83.51690768965396,0.022340197933621388,False
BTCUSDT_1d_mean_reversion,crypto,1d,mean_reversion,0.0635485457970317,,,-0.15604201603194545,0.5063291139240507,92.65990225246962,-0.5245573707751221,False
BTCUSDT_1d_breakout,crypto,1d,breakout,0.3655616355821648,,,-0.09532328838364867,0.31645569620253167,39.59880022002531,-0.18396328993667402,False
ETHUSDT_1d_trend,crypto,1d,trend,0.4090616615903547,,,-0.30415988409474826,0.5316455696202531,8.93668336892232,-0.8868860486973152,False
ETHUSDT_1d_carry,crypto,1d,carry,-0.19165774482446746,,,-0.20273679054808458,0.2911392405063291,54.41940793524641,0.2711132737429909,False
ETHUSDT_1d_mean_reversion,crypto,1d,mean_reversion,-0.38826044040443924,,,-0.2587210427779665,0.43037974683544306,65.73219426474247,0.23125440031893238,False
ETHUSDT_1d_breakout,crypto,1d,breakout,0.5790661976998769,-0.09245708477611957,0.5555800945914173,-0.09970589793605278,0.379746835443038,29.73354788382671,-0.5451182153536652,False
BNBUSDT_1d_trend,crypto,1d,trend,0.6289382244058747,0.0017914038815480464,0.6477023004670306,-0.29967572490447025,0.48717948717948717,10.937073170142758,-0.5967997728589826,True
BNBUSDT_1d_carry,crypto,1d,carry,-0.685141533008742,,,-0.34086463467256267,0.20512820512820512,56.570494259605084,0.824880982606546,False
BNBUSDT_1d_mean_reversion,crypto,1d,mean_reversion,-0.338888386203434,,,-0.387307380460025,0.47435897435897434,77.83283519843377,-0.23964352028200628,False
BNBUSDT_1d_breakout,crypto,1d,breakout,-0.05509215553045313,,,-0.16317287988434348,0.20512820512820512,31.72385019822955,-0.5010065636646985,False
XRPUSDT_1d_trend,crypto,1d,trend,0.31569799948521976,,,-0.3171615121263808,0.5063291139240507,10.499762786865086,0.25718291029994383,False
XRPUSDT_1d_carry,crypto,1d,carry,-0.7406241769137271,,,-0.37708922833594316,0.27848101265822783,45.23650723243952,-0.35981351185866217,False
XRPUSDT_1d_mean_reversion,crypto,1d,mean_reversion,-0.6935385649259419,,,-0.4464186138889026,0.3924050632911392,55.15555167942228,-0.6994449692367584,False
XRPUSDT_1d_breakout,crypto,1d,breakout,0.8677675583427856,0.35590115554406193,0.8743048524415287,-0.07066791307694553,0.22784810126582278,16.786871731871127,-0.14303181846069207,True
SOLUSDT_1d_trend,crypto,1d,trend,0.5486897947753756,-0.10467023451916256,0.5637243066457426,-0.29330154852439616,0.5352112676056338,5.467225825466723,-0.39217814172256804,False
SOLUSDT_1d_carry,crypto,1d,carry,-0.04603622328296019,,,-0.18713234896184794,0.19718309859154928,24.0577809015209,-0.47706527999243614,False
SOLUSDT_1d_mean_reversion,crypto,1d,mean_reversion,-0.3802509735408117,,,-0.2639885240653089,0.49295774647887325,45.96842439958785,0.5054517136644703,False
SOLUSDT_1d_breakout,crypto,1d,breakout,0.3707301859741929,,,-0.15108964745889109,0.28169014084507044,19.202705904651154,0.01812613788842108,False
TRXUSDT_1d_trend,crypto,1d,trend,0.6678580566913082,0.16425337228944084,0.6539384190110133,-0.3024080415042353,0.5443037974683544,13.028750354910539,-0.916392196199816,True
TRXUSDT_1d_carry,crypto,1d,carry,0.6588659859510279,0.09187623682870882,0.681438944739913,-0.08340900992689448,0.3924050632911392,64.98343300758971,-0.16010384619881657,True
TRXUSDT_1d_mean_reversion,crypto,1d,mean_reversion,-0.807422674436877,,,-0.4495907086357358,0.35443037974683544,96.38371343999044,-0.11369987169512277,False
TRXUSDT_1d_breakout,crypto,1d,breakout,-0.08551711176028011,,,-0.13729436029587516,0.25316455696202533,46.477195404491255,-0.015324508324157087,False
DOGEUSDT_1d_trend,crypto,1d,trend,0.4209929553655467,,,-0.3072666280406212,0.4931506849315068,8.427347106528433,-0.17144292610170955,False
DOGEUSDT_1d_carry,crypto,1d,carry,0.3207962907810022,,,-0.1730667374978193,0.3972602739726027,40.111045337110205,-0.21674423493527456,False
DOGEUSDT_1d_mean_reversion,crypto,1d,mean_reversion,-0.5304119855778109,,,-0.46610094488152665,0.3561643835616438,43.88750046221938,-0.4971070721797567,False
DOGEUSDT_1d_breakout,crypto,1d,breakout,0.38372288559426465,,,-0.08802523193805945,0.1917808219178082,19.282022042979566,-0.017179996814042725,False
ZECUSDT_1d_trend,crypto,1d,trend,-0.04330947167025915,,,-0.443293986748865,0.4230769230769231,8.663311204698278,0.052854030404714085,False
ZECUSDT_1d_carry,crypto,1d,carry,0.4107420609458452,,,-0.11840951633716568,0.3076923076923077,28.06162482799836,-0.30335456452803206,False
ZECUSDT_1d_mean_reversion,crypto,1d,mean_reversion,-0.3665801228232741,,,-0.3154501178541088,0.47435897435897434,50.68446936034731,-1.2401820935335637,False
ZECUSDT_1d_breakout,crypto,1d,breakout,0.2735531145801823,,,-0.13496763790081456,0.32051282051282054,20.23660299242588,0.04580532619911746,False
ADAUSDT_1d_trend,crypto,1d,trend,0.5781922781300718,-0.06858344000172652,0.5698117217546356,-0.2504111826419767,0.5189873417721519,6.935012341699641,-0.3038930643548612,False
ADAUSDT_1d_carry,crypto,1d,carry,-0.2454151081345657,,,-0.183561213257178,0.27848101265822783,42.54838218077295,0.24484559320680177,False
ADAUSDT_1d_mean_reversion,crypto,1d,mean_reversion,-0.5478686104719636,,,-0.3550665115366667,0.4050632911392405,59.28954580372783,0.10462176593445383,False
ADAUSDT_1d_breakout,crypto,1d,breakout,0.6910287211118183,0.03439951778167591,0.7281657118495839,-0.0832166820033593,0.3037974683544304,23.800733934365145,0.24477993735595172,True
XMRUSDT_1d_trend,crypto,1d,trend,-0.30140345159176596,,,-0.6037311067136447,0.41025641025641024,13.505533951533513,-0.2388557499296357,False
XMRUSDT_1d_carry,crypto,1d,carry,-0.46538624511023763,,,-0.1745116979917114,0.1794871794871795,46.12782220709123,-0.2413788206420713,False
XMRUSDT_1d_mean_reversion,crypto,1d,mean_reversion,-0.1249673498634176,,,-0.22790080192875695,0.48717948717948717,77.00110046012044,-0.04538523667057326,False
XMRUSDT_1d_breakout,crypto,1d,breakout,0.2433883074552126,,,-0.1011176388231615,0.3076923076923077,25.570841881392404,0.43434149772632713,False
LINKUSDT_1d_trend,crypto,1d,trend,0.41991586586644924,,,-0.21480800584753756,0.5316455696202531,6.622003743093265,-0.7943206298330263,False
LINKUSDT_1d_carry,crypto,1d,carry,-0.05197455833295069,,,-0.19627089468805292,0.3291139240506329,36.67656701702981,-0.3989670023634322,False
LINKUSDT_1d_mean_reversion,crypto,1d,mean_reversion,-0.41602315611800256,,,-0.32215692280523134,0.4050632911392405,54.97809885464393,0.3714938017689886,False
LINKUSDT_1d_breakout,crypto,1d,breakout,-0.2729666783994051,,,-0.23031682073258386,0.22784810126582278,22.515906498870162,0.10246941457200008,False
XLMUSDT_1d_trend,crypto,1d,trend,-0.3567960078341418,,,-0.6275259462723577,0.46835443037974683,10.031396233749941,-0.547047732929966,False
XLMUSDT_1d_carry,crypto,1d,carry,-0.2979543093688824,,,-0.2674631369087205,0.3670886075949367,44.62695537908317,0.3003214664509101,False
XLMUSDT_1d_mean_reversion,crypto,1d,mean_reversion,-0.021884487505158444,,,-0.23853826061022831,0.3924050632911392,57.988253040024276,-0.4144467463913545,False
XLMUSDT_1d_breakout,crypto,1d,breakout,-0.0007375598652291477,,,-0.14506370455357565,0.13924050632911392,17.647638406839825,0.15155043873736557,False
BCHUSDT_1d_trend,crypto,1d,trend,0.12422162108209366,,,-0.30014780536812424,0.4430379746835443,8.800489149927111,0.09948621548308313,False
BCHUSDT_1d_carry,crypto,1d,carry,-0.2793963756851124,,,-0.25345080372088846,0.3037974683544304,41.82422220625789,0.04536212371473759,False
BCHUSDT_1d_mean_reversion,crypto,1d,mean_reversion,-0.4628314377420718,,,-0.38879488098573733,0.4810126582278481,58.92125373218751,-0.7950323781787141,False
BCHUSDT_1d_breakout,crypto,1d,breakout,0.2946986659849692,,,-0.17039690194734047,0.21518987341772153,21.90041477225872,-0.4432095639183489,False
LTCUSDT_1d_trend,crypto,1d,trend,-0.24232892854212335,,,-0.45277995692587014,0.4430379746835443,10.11967226509879,-0.03701288990325973,False
LTCUSDT_1d_carry,crypto,1d,carry,0.10682025200834414,,,-0.11831076867901302,0.3291139240506329,46.687817803107805,-0.12234506397505576,False
LTCUSDT_1d_mean_reversion,crypto,1d,mean_reversion,-0.34071343862878944,,,-0.38216650547304987,0.43037974683544306,62.36191512558359,-0.44076827124329426,False
LTCUSDT_1d_breakout,crypto,1d,breakout,-0.5030645580035782,,,-0.27544445241061566,0.20253164556962025,23.19569724720222,-0.41614116524181544,False
HBARUSDT_1d_trend,crypto,1d,trend,-0.13747735013630602,,,-0.3973264070554846,0.4307692307692308,5.802914437506173,0.4646413754292995,False
HBARUSDT_1d_carry,crypto,1d,carry,-0.25116897900876356,,,-0.22369407369730399,0.36923076923076925,36.916709538952034,0.022223787627571163,False
HBARUSDT_1d_mean_reversion,crypto,1d,mean_reversion,-0.17947057423354845,,,-0.22340053896480183,0.47692307692307695,46.86014638863628,-0.5753446274336972,False
HBARUSDT_1d_breakout,crypto,1d,breakout,0.6418017151073216,-0.02496385112106216,0.6443554561997136,-0.06639000335112744,0.3076923076923077,17.33618306346338,-0.22992450632859826,False
1000SHIBUSDT_1d_trend,crypto,1d,trend,0.1510021965609178,,,-0.3069220527166563,0.4126984126984127,5.709326442095389,-0.085411655748753,False
1000SHIBUSDT_1d_carry,crypto,1d,carry,-0.7450859873320246,,,-0.33065467698686724,0.25396825396825395,43.79862759143853,0.11634077883878922,False
1000SHIBUSDT_1d_mean_reversion,crypto,1d,mean_reversion,-0.6250455484779994,,,-0.3486046511405445,0.47619047619047616,40.38790345996436,0.5116399618431624,False
1000SHIBUSDT_1d_breakout,crypto,1d,breakout,0.5023743679969606,-0.21905675439904937,0.5014729735495059,-0.11454317139594716,0.2698412698412698,15.062791716937241,0.8206791879030593,False
AVAXUSDT_1d_trend,crypto,1d,trend,0.13910065361550045,,,-0.3206617172098948,0.5352112676056338,5.640269651286117,-0.0671312484686316,False
AVAXUSDT_1d_carry,crypto,1d,carry,-0.289292226663368,,,-0.16005891876215084,0.2535211267605634,33.42527455040989,0.6735979596148749,False
AVAXUSDT_1d_mean_reversion,crypto,1d,mean_reversion,-0.8451491830338042,,,-0.4008492461742156,0.4084507042253521,40.163431405011266,0.14845532250105942,False
AVAXUSDT_1d_breakout,crypto,1d,breakout,1.0923934455031246,0.36727372631088256,1.1041982667253851,-0.06870879545832631,0.352112676056338,17.24947045133697,-0.5196101534269373,True
SUIUSDT_1d_trend,crypto,1d,trend,0.10100696339405468,,,-0.20923955268956007,0.5641025641025641,3.099682887210725,0.39506183740610257,False
SUIUSDT_1d_carry,crypto,1d,carry,-0.977625623464884,,,-0.1545454840081526,0.2564102564102564,14.830714044460237,-0.6603502458202223,False
SUIUSDT_1d_mean_reversion,crypto,1d,mean_reversion,-1.226142905739628,,,-0.32852351966333737,0.38461538461538464,21.024578726400186,-1.571367018492082,False
SUIUSDT_1d_breakout,crypto,1d,breakout,-0.557760713282322,,,-0.1827821774161721,0.2564102564102564,9.929754896844237,0.04459550979142141,False
UNIUSDT_1d_trend,crypto,1d,trend,-0.2606603627814917,,,-0.3643955705345887,0.5070422535211268,6.161204200623862,-0.02244248784730433,False
UNIUSDT_1d_carry,crypto,1d,carry,-0.4545589308118807,,,-0.21935109374611406,0.2676056338028169,35.685792827458634,0.3792102399545333,False
UNIUSDT_1d_mean_reversion,crypto,1d,mean_reversion,-0.24813324898248637,,,-0.1807622534117268,0.5070422535211268,40.5958108168069,0.05385605408138116,False
UNIUSDT_1d_breakout,crypto,1d,breakout,-0.017828899972533035,,,-0.19694556904772298,0.2676056338028169,20.334132163232255,0.6898664655552562,False
NEARUSDT_1d_trend,crypto,1d,trend,0.010659354416335889,,,-0.25859338161792855,0.42857142857142855,4.574978970563758,-0.16498367679314568,False
NEARUSDT_1d_carry,crypto,1d,carry,-0.39990114035763,,,-0.15432016616222255,0.3142857142857143,35.46067455730311,0.061590179725888476,False
NEARUSDT_1d_mean_reversion,crypto,1d,mean_reversion,-0.7896036401809943,,,-0.3910603824188035,0.35714285714285715,37.284504495529,-0.6203896353987304,False
NEARUSDT_1d_breakout,crypto,1d,breakout,0.9443160068524121,0.3163437727849979,0.9795130391102561,-0.0812416978074545,0.37142857142857144,16.582929021809385,-0.21231321754082766,True
DOTUSDT_1d_trend,crypto,1d,trend,0.3709724508042492,,,-0.27085487522929363,0.5,5.3343218143141335,-0.3420772767694608,False
DOTUSDT_1d_carry,crypto,1d,carry,-0.16063844972299726,,,-0.17083517035597995,0.3333333333333333,45.55337810999959,-0.22493768612209994,False
DOTUSDT_1d_mean_reversion,crypto,1d,mean_reversion,-0.5665958664944442,,,-0.28690204856468426,0.4166666666666667,52.128173545951,-0.4946171652318979,False
DOTUSDT_1d_breakout,crypto,1d,breakout,0.40246511888316083,,,-0.1471251139366746,0.3055555555555556,20.85615833098283,0.3601104806044912,False
AAVEUSDT_1d_trend,crypto,1d,trend,0.13713715861532982,,,-0.2232451287775995,0.5857142857142857,5.821636437451745,-0.011409264238112341,False
AAVEUSDT_1d_carry,crypto,1d,carry,-0.35827178905397583,,,-0.22511048369592146,0.3,35.874134518492326,-0.17417129433462533,False
AAVEUSDT_1d_mean_reversion,crypto,1d,mean_reversion,0.43867968639523014,,,-0.15478393091884224,0.5142857142857142,43.18217072841678,-0.44892153702626697,False
AAVEUSDT_1d_breakout,crypto,1d,breakout,0.36906574572776263,,,-0.13116597940954622,0.2857142857142857,14.963175312305426,-0.04557249244264302,False
1000PEPEUSDT_1d_trend,crypto,1d,trend,-0.44800396804845105,,,-0.38517539224391706,0.41025641025641024,3.2175144633330017,0.5486944813556577,False
1000PEPEUSDT_1d_carry,crypto,1d,carry,-0.9748177384975374,,,-0.2147431966379061,0.2564102564102564,15.57474501256434,0.15739619953163192,False
1000PEPEUSDT_1d_mean_reversion,crypto,1d,mean_reversion,-0.8867059202535827,,,-0.27204184805112497,0.4358974358974359,17.14912500123678,0.6607969021561688,False
1000PEPEUSDT_1d_breakout,crypto,1d,breakout,0.4511138889215186,,,-0.10976029637358753,0.3333333333333333,6.772886951743235,0.441928430440533,False
ICPUSDT_1d_trend,crypto,1d,trend,0.2891709142190714,,,-0.30561900745364423,0.49206349206349204,4.667544224890369,-0.23930111756122846,False
ICPUSDT_1d_carry,crypto,1d,carry,0.31661049238564926,,,-0.11390352557276218,0.2698412698412698,30.804706241212052,0.06507749096489007,False
ICPUSDT_1d_mean_reversion,crypto,1d,mean_reversion,-0.11903926415318586,,,-0.22775642299983023,0.5555555555555556,40.23822140845819,-0.6698541939743908,False
ICPUSDT_1d_breakout,crypto,1d,breakout,0.3510388816864648,,,-0.12278575096694688,0.2222222222222222,15.702281073090885,-0.07810426059932953,False
ETCUSDT_1d_trend,crypto,1d,trend,0.24610061113851828,,,-0.28377618201490584,0.5569620253164557,7.4706131699904965,0.2919079265586089,False
ETCUSDT_1d_carry,crypto,1d,carry,-0.21689336641959098,,,-0.13985927594855796,0.31645569620253167,37.500611864398934,-0.7211281931118213,False
ETCUSDT_1d_mean_reversion,crypto,1d,mean_reversion,-0.31058532646905584,,,-0.32669873431198804,0.43037974683544306,54.40425631217725,0.06353299103504029,False
ETCUSDT_1d_breakout,crypto,1d,breakout,0.6860321702125286,0.16622284028705664,0.6652817373605382,-0.061890249600494385,0.2911392405063291,18.53812028362665,0.04657665311200435,True
QNTUSDT_1d_trend,crypto,1d,trend,-0.22839530376115647,,,-0.31552966590225917,0.5,4.930492794061532,-0.7924914269170974,False
QNTUSDT_1d_carry,crypto,1d,carry,0.884958466022141,0.29505394291300724,0.9269119567813737,-0.05261575529612106,0.43478260869565216,44.33372058493343,0.15409909458500315,True
QNTUSDT_1d_mean_reversion,crypto,1d,mean_reversion,0.3781527142447628,,,-0.10099191310767897,0.4782608695652174,42.40205023396089,-0.6679213729450548,False
QNTUSDT_1d_breakout,crypto,1d,breakout,-0.9872512169517329,,,-0.18114280213479428,0.21739130434782608,13.570977067613592,-0.07491928483342924,False
ALGOUSDT_1d_trend,crypto,1d,trend,0.128538050760923,,,-0.3739920777963034,0.527027027027027,6.66780188065062,-0.32385507713436235,False
ALGOUSDT_1d_carry,crypto,1d,carry,-0.22285469108268208,,,-0.14046465020327403,0.25675675675675674,27.994220943417453,-0.03901923216997439,False
ALGOUSDT_1d_mean_reversion,crypto,1d,mean_reversion,0.12293839186039311,,,-0.21166804901049108,0.4864864864864865,51.86701107001738,-0.3773049415864686,False
ALGOUSDT_1d_breakout,crypto,1d,breakout,0.36388594857595274,,,-0.16991026923598695,0.32432432432432434,19.290778247584694,-0.3375297828551856,False
ATOMUSDT_1d_trend,crypto,1d,trend,0.187714387989308,,,-0.33038215476453503,0.5128205128205128,6.571265996689599,-0.04730766783228954,False
ATOMUSDT_1d_carry,crypto,1d,carry,0.2157561178792239,,,-0.15736045348347416,0.34615384615384615,52.89479482469094,-0.31793664772374214,False
ATOMUSDT_1d_mean_reversion,crypto,1d,mean_reversion,-0.48088902211883416,,,-0.30982345625948815,0.47435897435897434,57.9906442223024,0.04573510908421915,False
ATOMUSDT_1d_breakout,crypto,1d,breakout,-0.26462242581432505,,,-0.24023868064168663,0.24358974358974358,22.80194757301675,-0.2607294515853893,False
FILUSDT_1d_trend,crypto,1d,trend,0.054898078072487304,,,-0.31035028670426956,0.5428571428571428,5.62305482829866,-0.4304947264914406,False
FILUSDT_1d_carry,crypto,1d,carry,0.18990621586180637,,,-0.09706506785165714,0.34285714285714286,30.845195313654816,0.2617199380797923,False
FILUSDT_1d_mean_reversion,crypto,1d,mean_reversion,0.0882358804862422,,,-0.2981212713509789,0.44285714285714284,42.58803836231949,-0.4906563026375416,False
FILUSDT_1d_breakout,crypto,1d,breakout,-0.16236185421567903,,,-0.2558196376652644,0.2571428571428571,15.735234522973439,0.13067857456681733,False
ARBUSDT_1d_trend,crypto,1d,trend,-0.028412260062550408,,,-0.31384734183634455,0.43902439024390244,3.581184740267859,0.6267379702983255,False
ARBUSDT_1d_carry,crypto,1d,carry,-0.9467828611974795,,,-0.18979992554459146,0.2682926829268293,19.745363781587177,0.3722247772898132,False
ARBUSDT_1d_mean_reversion,crypto,1d,mean_reversion,-0.49616072593960064,,,-0.19966217342828263,0.3170731707317073,28.135172821281337,0.06276956812717631,False
ARBUSDT_1d_breakout,crypto,1d,breakout,-0.03945934694753505,,,-0.17943192435303068,0.2682926829268293,11.360677813461928,0.3600622936936517,False
APTUSDT_1d_trend,crypto,1d,trend,0.2630873029429918,,,-0.19692288755205445,0.4782608695652174,3.431746992085758,-0.3219447459585726,False
APTUSDT_1d_carry,crypto,1d,carry,-0.30932041745064803,,,-0.17232331697404235,0.21739130434782608,24.740545144623866,0.055623368072539155,False
APTUSDT_1d_mean_reversion,crypto,1d,mean_reversion,0.0902311317175151,,,-0.17892136727752617,0.4782608695652174,29.84685281888285,-0.4043917494912275,False
APTUSDT_1d_breakout,crypto,1d,breakout,-0.6166601585611884,,,-0.16920018541650106,0.1956521739130435,11.540788067822168,-0.6618165658003717,False
INJUSDT_1d_trend,crypto,1d,trend,0.6002169496395114,-0.3240553370732698,0.6066678783052183,-0.17878897080129397,0.5625,2.9648432726501186,-1.178800952471406,False
INJUSDT_1d_carry,crypto,1d,carry,-0.8022990684704563,,,-0.19882539043431047,0.16666666666666666,15.70367116788615,-0.7289300225529957,False
INJUSDT_1d_mean_reversion,crypto,1d,mean_reversion,-0.18292440349841657,,,-0.13509179020766948,0.4791666666666667,28.090719779561088,-0.104209353446174,False
INJUSDT_1d_breakout,crypto,1d,breakout,0.7559828301331356,0.00014859364029363835,0.7900295050954342,-0.10677080844151599,0.2708333333333333,10.612391580691082,-0.3591265057036377,True
DASHUSDT_1d_trend,crypto,1d,trend,-0.4292200546406397,,,-0.4819517363875071,0.38461538461538464,9.157347316267941,-0.8535751124852438,False
DASHUSDT_1d_carry,crypto,1d,carry,-0.35350086254953444,,,-0.18091994570425174,0.24358974358974358,34.33989396392176,-0.24546738186948272,False
DASHUSDT_1d_mean_reversion,crypto,1d,mean_reversion,0.1352360869126721,,,-0.14811731496411606,0.47435897435897434,57.63453790424041,-0.5543835113059897,False
DASHUSDT_1d_breakout,crypto,1d,breakout,0.13081968518832235,,,-0.12971356838253234,0.2948717948717949,19.700894985333505,-0.5892097299151366,False
VETUSDT_1d_trend,crypto,1d,trend,0.4780755478651907,,,-0.2050299861458238,0.5128205128205128,5.918890694247926,-0.38050839410047954,False
VETUSDT_1d_carry,crypto,1d,carry,-0.2158925886835299,,,-0.20448931624394473,0.2948717948717949,36.57565259391625,-0.6577043406846586,False
VETUSDT_1d_mean_reversion,crypto,1d,mean_reversion,-1.0358421358884564,,,-0.5463241588879965,0.4230769230769231,54.6281614162054,-0.07573651751231891,False
VETUSDT_1d_breakout,crypto,1d,breakout,0.4158844337831955,,,-0.13989533687967814,0.3717948717948718,24.92698968482328,-0.022631252894122843,False
FETUSDT_1d_trend,crypto,1d,trend,0.23427071032210695,,,-0.20085066493405845,0.5116279069767442,2.8226314511149377,0.6669806116237148,False
FETUSDT_1d_carry,crypto,1d,carry,-1.1684128073113096,,,-0.2814298688223409,0.27906976744186046,15.976404509483636,-0.05231806334725108,False
FETUSDT_1d_mean_reversion,crypto,1d,mean_reversion,0.1609652779405864,,,-0.1775069987672785,0.4186046511627907,23.518886469545514,-0.8573700085926685,False
FETUSDT_1d_breakout,crypto,1d,breakout,-0.22581047837682774,,,-0.1220282258751233,0.27906976744186046,10.570434748942766,-0.4835395791862785,False
CRVUSDT_1d_trend,crypto,1d,trend,-0.6171446674180227,,,-0.5271207494658634,0.4788732394366197,5.703115916782737,0.18205364775653746,False
CRVUSDT_1d_carry,crypto,1d,carry,-0.6329139813311618,,,-0.24585752635420333,0.18309859154929578,24.151712173210697,-0.05705175938841089,False
CRVUSDT_1d_mean_reversion,crypto,1d,mean_reversion,-0.3792481301027539,,,-0.3389691780184886,0.4084507042253521,39.76667785726604,-0.665711262696839,False
CRVUSDT_1d_breakout,crypto,1d,breakout,0.29209255982257304,,,-0.11644441075336442,0.28169014084507044,14.319686586621156,-0.04096221801839002,False
1000LUNCUSDT_1d_trend,crypto,1d,trend,-0.6387589263444747,,,-0.469072675294931,0.44680851063829785,3.6963139057629077,-0.26778859853690123,False
1000LUNCUSDT_1d_carry,crypto,1d,carry,0.02040547401305639,,,-0.11404666058416368,0.3617021276595745,23.54086975599717,0.019543004236954983,False
1000LUNCUSDT_1d_mean_reversion,crypto,1d,mean_reversion,-0.3127273491180391,,,-0.20632101372637202,0.425531914893617,30.47869207250072,1.1350898846374557,False
1000LUNCUSDT_1d_breakout,crypto,1d,breakout,0.6569235492771188,-0.37276907868009185,0.6541405667398646,-0.1187937701977031,0.2553191489361702,8.700623358155537,-0.9538361403664614,False
STXUSDT_1d_trend,crypto,1d,trend,0.754735989756868,-0.06720155750134012,0.7670565307038675,-0.16222888493099785,0.5952380952380952,2.804600945125955,-0.021093608889441263,False
STXUSDT_1d_carry,crypto,1d,carry,-0.7239512911500823,,,-0.1697660673333995,0.21428571428571427,20.90296483382369,0.1255376047066967,False
STXUSDT_1d_mean_reversion,crypto,1d,mean_reversion,-0.34491917500712427,,,-0.1797730433084077,0.42857142857142855,24.773249360663513,-0.7318342814106223,False
STXUSDT_1d_breakout,crypto,1d,breakout,-0.8423975406878687,,,-0.1866861654686124,0.2619047619047619,9.676638532270122,0.03828020562695272,False
LDOUSDT_1d_trend,crypto,1d,trend,-0.48539102343448015,,,-0.3379930784890668,0.44680851063829785,3.784683996519839,-0.04997495954961893,False
LDOUSDT_1d_carry,crypto,1d,carry,0.22544489845649537,,,-0.11361002747479554,0.3829787234042553,22.071523637494003,-0.37633087855567454,False
LDOUSDT_1d_mean_reversion,crypto,1d,mean_reversion,0.6496955832498489,-0.20296891639261852,0.6371191948472403,-0.11508411441626609,0.48936170212765956,26.77920688886682,-1.6646423510342099,False
LDOUSDT_1d_breakout,crypto,1d,breakout,0.3740538952179463,,,-0.08233673975055766,0.2765957446808511,8.073182006549397,-0.1924598783226924,False
IMXUSDT_1d_trend,crypto,1d,trend,-0.11622160577176817,,,-0.3742430210271286,0.4444444444444444,3.5157061891664725,-1.0554891875463683,False
IMXUSDT_1d_carry,crypto,1d,carry,0.16687277545289456,,,-0.08597477714062896,0.16666666666666666,13.227705868434143,-0.8874874045836119,False
IMXUSDT_1d_mean_reversion,crypto,1d,mean_reversion,-0.04132482063608854,,,-0.17999641031273417,0.46296296296296297,31.529936235774468,0.08691429441956258,False
IMXUSDT_1d_breakout,crypto,1d,breakout,0.035879613807063865,,,-0.10504555063899945,0.35185185185185186,13.563216082085356,0.5683407852326199,False
XTZUSDT_1d_trend,crypto,1d,trend,-0.1009396204138713,,,-0.3987305885093191,0.48717948717948717,6.644974385702675,-0.34605169275295644,False
XTZUSDT_1d_carry,crypto,1d,carry,0.061740859715255385,,,-0.10164463984809613,0.23076923076923078,31.023087437647554,0.21652394157834576,False
XTZUSDT_1d_mean_reversion,crypto,1d,mean_reversion,-0.13694263181750957,,,-0.21192405197216468,0.5384615384615384,59.128982629720426,0.42569867273955364,False
XTZUSDT_1d_breakout,crypto,1d,breakout,-0.18432609539157419,,,-0.19696922279245543,0.2564102564102564,22.001324268625314,-0.6492693306331973,False
JASMYUSDT_1d_trend,crypto,1d,trend,0.4879783338622588,,,-0.2120553386899786,0.5384615384615384,3.6465454177646555,-0.04490096323660372,False
JASMYUSDT_1d_carry,crypto,1d,carry,-0.6498542182697067,,,-0.2091246834150543,0.23076923076923078,22.293726757176124,0.21210051919491424,False
JASMYUSDT_1d_mean_reversion,crypto,1d,mean_reversion,-0.4778414775215359,,,-0.3461287768853546,0.5192307692307693,30.630862516843894,-1.0209182856397592,False
JASMYUSDT_1d_breakout,crypto,1d,breakout,0.2881081384770748,,,-0.1495965581661236,0.3269230769230769,11.955478237625558,-0.3260333427998416,False
CFXUSDT_1d_trend,crypto,1d,trend,-0.2865461100779446,,,-0.3614050671241128,0.4523809523809524,2.7588624398073955,-1.13715724272165,False
CFXUSDT_1d_carry,crypto,1d,carry,-0.1028036145102538,,,-0.09262567612932404,0.3333333333333333,16.73036798211608,-0.3058787469975068,False
CFXUSDT_1d_mean_reversion,crypto,1d,mean_reversion,-0.37314457590293476,,,-0.22604321016196538,0.38095238095238093,20.868415400795733,-0.3682314226123836,False
CFXUSDT_1d_breakout,crypto,1d,breakout,-0.6024051511129241,,,-0.13917416251409676,0.21428571428571427,7.576692880421687,-0.07473499408411788,False
OPUSDT_1d_trend,crypto,1d,trend,0.25844006104415607,,,-0.20047939267181825,0.48,3.686368521478492,-0.41794013629342225,False
OPUSDT_1d_carry,crypto,1d,carry,-0.6813315676518304,,,-0.20569302760963504,0.32,22.693558439625953,-0.01935166621145748,False
OPUSDT_1d_mean_reversion,crypto,1d,mean_reversion,0.2271569388643568,,,-0.11109177970776263,0.5,28.362206611759838,-0.08227049727664569,False
OPUSDT_1d_breakout,crypto,1d,breakout,0.0753057170414858,,,-0.1222766238996219,0.28,11.284715451459988,-0.41695912873084906,False
1000FLOKIUSDT_1d_trend,crypto,1d,trend,0.14318868454706163,,,-0.32429015511504233,0.48717948717948717,2.972466642172288,-0.37118804381939985,False
1000FLOKIUSDT_1d_carry,crypto,1d,carry,-0.955206163790295,,,-0.2492087070383141,0.15384615384615385,6.916059079507604,-0.020917030578397687,False
1000FLOKIUSDT_1d_mean_reversion,crypto,1d,mean_reversion,-1.1614483276983782,,,-0.3075597744673627,0.3333333333333333,19.18118246500464,0.3914512766343024,False
1000FLOKIUSDT_1d_breakout,crypto,1d,breakout,-0.06988075157453098,,,-0.157364356265272,0.3076923076923077,8.422117262227298,-0.8395529481972984,False
ENSUSDT_1d_trend,crypto,1d,trend,-0.29681313339158194,,,-0.4234635243945343,0.45614035087719296,5.397694278111197,-0.40957999010671037,False
ENSUSDT_1d_carry,crypto,1d,carry,-0.12963997430356272,,,-0.17744668889002246,0.42105263157894735,37.68319180110943,-1.2318251945822227,False
ENSUSDT_1d_mean_reversion,crypto,1d,mean_reversion,0.12312265210077065,,,-0.14150327745376456,0.5087719298245614,36.59264716985898,0.42543943234334036,False
ENSUSDT_1d_breakout,crypto,1d,breakout,-0.19995037495492257,,,-0.19593543818320158,0.24561403508771928,14.448828963386084,0.04174313808506901,False
COMPUSDT_1d_trend,crypto,1d,trend,-0.08485405310417249,,,-0.32753294292708,0.44594594594594594,6.516192121804544,-0.017794889649288204,False
COMPUSDT_1d_carry,crypto,1d,carry,0.4778159803612137,,,-0.08452527608126115,0.24324324324324326,22.445833037236884,-0.2856186850569913,False
COMPUSDT_1d_mean_reversion,crypto,1d,mean_reversion,-0.17547845955619723,,,-0.26770055949882954,0.5,46.40410641403513,-0.1947907999938527,False
COMPUSDT_1d_breakout,crypto,1d,breakout,0.4523968704141692,,,-0.07342533626858616,0.33783783783783783,16.90174837309395,0.2941401990493252,False
GRTUSDT_1d_trend,crypto,1d,trend,0.05688460894762669,,,-0.3249010430085988,0.45588235294117646,4.810099379769129,-0.3478270334331007,False
GRTUSDT_1d_carry,crypto,1d,carry,-0.14353264277767058,,,-0.16043505646094458,0.3235294117647059,37.30579746968519,-0.18243719790960297,False
GRTUSDT_1d_mean_reversion,crypto,1d,mean_reversion,-0.9353982201047571,,,-0.4517165261261614,0.39705882352941174,39.171372190306386,-1.073900585838641,False
GRTUSDT_1d_breakout,crypto,1d,breakout,0.39541335941469846,,,-0.13948103270336099,0.3235294117647059,18.16706066388742,-0.5977606128862455,False
IOTAUSDT_1d_trend,crypto,1d,trend,0.03878115625099797,,,-0.41174107668094473,0.5128205128205128,6.109770335486717,-0.17283810963287444,False
IOTAUSDT_1d_carry,crypto,1d,carry,-0.5677483381145829,,,-0.22424292420386904,0.2948717948717949,29.998739530236563,-0.1255384573397929,False
IOTAUSDT_1d_mean_reversion,crypto,1d,mean_reversion,-0.37993703788857,,,-0.26168240434043566,0.44871794871794873,55.90605149506929,-0.3756964059313885,False
IOTAUSDT_1d_breakout,crypto,1d,breakout,0.23054809579581728,,,-0.13794390893497643,0.2692307692307692,22.046996536242812,0.14577851274968,False
RUNEUSDT_1d_trend,crypto,1d,trend,0.3005737851410846,,,-0.37045518133618327,0.5633802816901409,4.442149290282341,-0.7547695061816024,False
RUNEUSDT_1d_carry,crypto,1d,carry,0.32680020764613393,,,-0.10272765488322488,0.19718309859154928,17.685691880826774,-0.10574278303606942,False
RUNEUSDT_1d_mean_reversion,crypto,1d,mean_reversion,-0.4966367636068447,,,-0.325112173872384,0.38028169014084506,41.4623335752061,-0.10871286545829287,False
RUNEUSDT_1d_breakout,crypto,1d,breakout,0.5170157598531191,-0.1493658067452051,0.5210966674530826,-0.08425907947673439,0.38028169014084506,18.236299535479866,0.12262175009194495,False
AAPL_1h_trend,equity,1h,trend,0.03152789769777556,,,-0.3868445905494865,0.5125,142.7459145429139,-1.9431426162057226,False
AAPL_1h_mean_reversion,equity,1h,mean_reversion,-0.7211097070383816,,,-0.46782844411115065,0.3875,988.8864863305118,-2.3098513578844906,False
AAPL_1h_breakout,equity,1h,breakout,0.08538915088821043,,,-0.18908907055538426,0.475,484.26288743431894,-1.3184064800639101,False
MSFT_1h_trend,equity,1h,trend,0.3873897831321092,,,-0.34260941987010984,0.6,152.4072624132809,-0.9374044413740183,False
MSFT_1h_mean_reversion,equity,1h,mean_reversion,-0.5948260236430425,,,-0.3401929420102381,0.425,1045.7285798928833,-1.8930082641389563,False
MSFT_1h_breakout,equity,1h,breakout,-0.3676200277514482,,,-0.29772845170082707,0.4125,509.6314935656955,-1.3304877489793419,False
NVDA_1h_trend,equity,1h,trend,0.44461489987798547,,,-0.29647784608993966,0.5125,87.87058265301346,-1.0548370934259141,False
NVDA_1h_mean_reversion,equity,1h,mean_reversion,-0.6462988508783107,,,-0.4162546621816524,0.475,555.7803423085629,-0.42447645697668857,False
NVDA_1h_breakout,equity,1h,breakout,0.3680013894001667,,,-0.13183237878466347,0.5125,278.2928794945896,-0.7970867792481351,False
AMZN_1h_trend,equity,1h,trend,0.07986540431730542,,,-0.46471368571795313,0.5,119.78741125100782,-0.8721805555941683,False
AMZN_1h_mean_reversion,equity,1h,mean_reversion,-0.14719434376410365,,,-0.31217244807882105,0.45,789.7057754367905,-1.473320078545453,False
AMZN_1h_breakout,equity,1h,breakout,-0.45095321383594733,,,-0.33245812795132457,0.425,407.46707904714316,-0.7721930105925506,False
GOOGL_1h_trend,equity,1h,trend,0.44948575375249583,,,-0.3890144960833495,0.5625,123.59257559464639,-1.183356240145287,False
GOOGL_1h_mean_reversion,equity,1h,mean_reversion,-0.18945694168836918,,,-0.2640517873737276,0.45,859.3120467326424,-0.7942755180241928,False
GOOGL_1h_breakout,equity,1h,breakout,-0.6155614808837956,,,-0.3331420115398436,0.325,402.32184605622,-1.1571919974496954,False
META_1h_trend,equity,1h,trend,0.36400469524559803,,,-0.2815545472851497,0.45,115.65812403722866,-1.3571473648499264,False
META_1h_mean_reversion,equity,1h,mean_reversion,-0.6132656584345721,,,-0.4113632693550229,0.35,722.4071764392959,-1.653893730603651,False
META_1h_breakout,equity,1h,breakout,-0.4916209749911213,,,-0.3037357277387168,0.4,358.3755069008714,-0.5484875800725293,False
TSLA_1h_trend,equity,1h,trend,0.777133516870715,0.21783886323296284,0.7943130399085567,-0.19983388481535858,0.575,67.81464038441686,-0.9090380483974139,True
TSLA_1h_mean_reversion,equity,1h,mean_reversion,-0.7998110557485562,,,-0.4476482618881332,0.45,436.74310681963317,-0.4296529505517489,False
TSLA_1h_breakout,equity,1h,breakout,0.7191585210885435,0.11115844087530971,0.7094173474922181,-0.1589555517337139,0.6,208.62769031597188,-0.2536418572409831,True
JPM_1h_trend,equity,1h,trend,0.05333741588071149,,,-0.36036635443435083,0.5375,154.84314565529166,-2.204195372264295,False
JPM_1h_mean_reversion,equity,1h,mean_reversion,-0.11960309594246504,,,-0.2869734563749916,0.475,1093.6487424812558,-2.7461492932087657,False
JPM_1h_breakout,equity,1h,breakout,-0.6541815368717445,,,-0.35259532467966115,0.3625,526.7694154666444,-1.5660816371330224,False
V_1h_trend,equity,1h,trend,-0.4304920945533301,,,-0.49277666091503913,0.5125,181.41067150348056,-2.045205932238037,False
V_1h_mean_reversion,equity,1h,mean_reversion,0.04552963725995023,,,-0.24165528230940214,0.425,1193.6759437960698,-1.800007146276395,False
V_1h_breakout,equity,1h,breakout,-0.8933345958259001,,,-0.3474617776791803,0.35,561.6910036276549,-1.7480973684636976,False
MA_1h_trend,equity,1h,trend,0.00019648809542789855,,,-0.3696198395876763,0.5125,143.91364901997105,-2.6766795052665233,False
MA_1h_mean_reversion,equity,1h,mean_reversion,-0.10613167467778906,,,-0.28128146229821716,0.4625,1136.2137429553786,-1.9763600960633392,False
MA_1h_breakout,equity,1h,breakout,-1.1306914623964053,,,-0.42710875679889637,0.3375,536.4858802073024,-1.0683857045697873,False
JNJ_1h_trend,equity,1h,trend,0.04881237922033775,,,-0.4179474562533979,0.5125,211.53536977832908,-3.0262139172630143,False
JNJ_1h_mean_reversion,equity,1h,mean_reversion,-0.4883659259729816,,,-0.3640517429542255,0.3875,1433.7579371457648,-2.0051079695946483,False
JNJ_1h_breakout,equity,1h,breakout,-0.5367614189356723,,,-0.30685996888638745,0.3875,724.7459643346572,-2.0044558532431904,False
WMT_1h_trend,equity,1h,trend,-0.13119462144909924,,,-0.3206811335773402,0.5,205.50223714839584,-2.708624038606866,False
WMT_1h_mean_reversion,equity,1h,mean_reversion,-0.8115555381157845,,,-0.4600274662453896,0.35,1373.710829421018,-2.8333968991015204,False
WMT_1h_breakout,equity,1h,breakout,0.10649779563746099,,,-0.10907275830168428,0.4625,651.0181030818396,-0.5764354519906825,False
XOM_1h_trend,equity,1h,trend,0.17592649554354897,,,-0.47922568162826107,0.5,141.37758741675952,-1.9737043940504735,False
XOM_1h_mean_reversion,equity,1h,mean_reversion,-0.5713706768313239,,,-0.40075419759851405,0.5125,882.4401196790739,-1.9524439965537297,False
XOM_1h_breakout,equity,1h,breakout,0.6579047182864016,0.0653815773035524,0.6512301414140537,-0.17284389827607471,0.525,430.20635113217384,-1.1491233540165888,True
PG_1h_trend,equity,1h,trend,-0.2259603414271768,,,-0.4426443166130194,0.4625,226.23287493392473,-3.472723275723532,False
PG_1h_mean_reversion,equity,1h,mean_reversion,-0.6824817183698595,,,-0.4740298548610401,0.4,1452.2862252080567,-2.330491817239983,False
PG_1h_breakout,equity,1h,breakout,-1.3876798096057283,,,-0.5111058205754404,0.25,689.5826326319682,-1.388586497156946,False
HD_1h_trend,equity,1h,trend,0.20556063525386953,,,-0.2915007435198581,0.4875,148.06528452766568,-2.695667628870951,False
HD_1h_mean_reversion,equity,1h,mean_reversion,-0.8169092717917594,,,-0.5015209079692884,0.375,1146.9305528493028,-1.826104274970197,False
HD_1h_breakout,equity,1h,breakout,0.05839835087721917,,,-0.14561863052937984,0.4125,547.2912404267167,-1.1900376411237725,False
CVX_1h_trend,equity,1h,trend,-0.4061184216620704,,,-0.6487647110855963,0.4125,169.38281716616387,-1.8613526954341382,False
CVX_1h_mean_reversion,equity,1h,mean_reversion,-0.30998983314518963,,,-0.2974763295961278,0.5375,945.986989485335,-1.8338922475931467,False
CVX_1h_breakout,equity,1h,breakout,-0.021841517087638342,,,-0.14011051771708827,0.4125,437.0547413394386,-1.5567983373616279,False
KO_1h_trend,equity,1h,trend,-0.08458414695314077,,,-0.4030241253207806,0.5125,204.00866795354463,-3.5244511464472956,False
KO_1h_mean_reversion,equity,1h,mean_reversion,0.1553835221113138,,,-0.2957136250046172,0.5125,1585.3233383369911,-2.4920050566547967,False
KO_1h_breakout,equity,1h,breakout,-0.4529341350627322,,,-0.28944395984228166,0.45,715.1569776322821,-2.280603563748624,False
PEP_1h_trend,equity,1h,trend,-0.3547990290133373,,,-0.45373562163564307,0.4375,210.3567148436174,-3.2758027415599638,False
PEP_1h_mean_reversion,equity,1h,mean_reversion,0.37106708577080083,,,-0.19832453333517563,0.6,1490.3645198511642,-1.833286591429239,False
PEP_1h_breakout,equity,1h,breakout,-0.9088730651439981,,,-0.38997841921127463,0.35,659.3180691333137,-2.0487883309633084,False
BAC_1h_trend,equity,1h,trend,-0.04213762090634765,,,-0.2861567343866136,0.5,139.94290975679695,-0.9211933809052253,False
BAC_1h_mean_reversion,equity,1h,mean_reversion,-0.45299789655458617,,,-0.3340551484794383,0.4,920.5735498454909,-0.7583280756905795,False
BAC_1h_breakout,equity,1h,breakout,-0.23996688559247406,,,-0.2709041009658517,0.425,473.1082411623049,-1.0152061022714538,False
AVGO_1h_trend,equity,1h,trend,0.35450440442149506,,,-0.3040044699298631,0.55,109.97353729711725,-1.2752476749771162,False
AVGO_1h_mean_reversion,equity,1h,mean_reversion,-0.5738901666455873,,,-0.37992596436651005,0.425,749.6290377539689,-1.6257647175416887,False
AVGO_1h_breakout,equity,1h,breakout,0.023221104163543012,,,-0.1916439912860729,0.4875,366.76475326485456,-1.1400630270518464,False
COST_1h_trend,equity,1h,trend,0.35578787843031123,,,-0.304309623254154,0.4625,180.78899941833598,-3.178320996287196,False
COST_1h_mean_reversion,equity,1h,mean_reversion,-1.2686255526072492,,,-0.6292995254416391,0.4125,1260.4534208133193,-2.4261184247756815,False
COST_1h_breakout,equity,1h,breakout,-0.3514829589222795,,,-0.2730784884958527,0.4625,645.371452756596,-1.6836703804970061,False
MRK_1h_trend,equity,1h,trend,-0.5288394274184306,,,-0.5552772990679237,0.375,185.05073116512258,-2.562072577094825,False
MRK_1h_mean_reversion,equity,1h,mean_reversion,-0.5980159884891714,,,-0.48498126852380086,0.425,1107.7510135867396,-2.486452201961725,False
MRK_1h_breakout,equity,1h,breakout,-1.252180793099319,,,-0.45940202669764885,0.3125,526.955970195542,-1.5547566459746607,False
LLY_1h_trend,equity,1h,trend,0.3034066926552808,,,-0.2777073608797559,0.475,129.99124588517645,-1.3837730946637423,False
LLY_1h_mean_reversion,equity,1h,mean_reversion,-0.25834869204872407,,,-0.43018249993300706,0.4125,857.6172621421999,-0.6821641162878765,False
LLY_1h_breakout,equity,1h,breakout,-0.3588152576033399,,,-0.2347226488424653,0.4875,405.1383933361325,-0.8255855827563591,False
ABBV_1h_trend,equity,1h,trend,-0.5754622551406938,,,-0.5835921241527668,0.45,173.06473379554194,-1.9337429858955895,False
ABBV_1h_mean_reversion,equity,1h,mean_reversion,0.24189452313752122,,,-0.21318413208780407,0.5125,1109.9572281214437,-1.8716386410200319,False
ABBV_1h_breakout,equity,1h,breakout,-1.0639527685985055,,,-0.44282176363565784,0.3875,506.12008424432224,-1.1959480533498332,False
ADBE_1h_trend,equity,1h,trend,-0.154963169692264,,,-0.4221835685464218,0.4625,110.34589276398623,-1.6141167957897251,False
ADBE_1h_mean_reversion,equity,1h,mean_reversion,-0.47823902906719207,,,-0.340401290537901,0.425,811.7014230223388,-1.4668819595466713,False
ADBE_1h_breakout,equity,1h,breakout,0.01300841797504909,,,-0.13296406913005865,0.4875,389.7448660777675,-1.712908578194348,False
CRM_1h_trend,equity,1h,trend,0.09602408189592776,,,-0.40679011536801546,0.55,116.51378503158438,-1.2842506874790975,False
CRM_1h_mean_reversion,equity,1h,mean_reversion,-0.4730727722162936,,,-0.4283077940068438,0.4375,762.1747125868648,-1.6230266362385735,False
CRM_1h_breakout,equity,1h,breakout,-0.00899729224459419,,,-0.13106043953618896,0.4,374.8700978193842,-0.5633869115237544,False
NFLX_1h_trend,equity,1h,trend,0.3805613353574103,,,-0.3741485176922983,0.5,105.63750099545649,-1.4233224797298998,False
NFLX_1h_mean_reversion,equity,1h,mean_reversion,-0.2114339508108155,,,-0.26135028671522176,0.475,728.3751331792428,-0.8933254652864348,False
NFLX_1h_breakout,equity,1h,breakout,-0.3661121484556346,,,-0.3104414259496526,0.4625,362.02615446976176,-0.7434161207202701,False
AMD_1h_trend,equity,1h,trend,0.05867963911486761,,,-0.32350486548742874,0.4375,93.224994187275,-1.486114931163021,False
AMD_1h_mean_reversion,equity,1h,mean_reversion,-0.548767926618101,,,-0.35503397327087194,0.425,512.6886478115197,-1.2063829547108442,False
AMD_1h_breakout,equity,1h,breakout,-0.09854185212989966,,,-0.19171038233441362,0.45,249.20860315046914,-0.9005618052765832,False
DIS_1h_trend,equity,1h,trend,0.17016720933632323,,,-0.3407622564091348,0.4625,148.15339325174386,-2.4260156119624106,False
DIS_1h_mean_reversion,equity,1h,mean_reversion,-0.9839967081871375,,,-0.5398627988040692,0.35,933.0155106650109,-1.7865796772928257,False
DIS_1h_breakout,equity,1h,breakout,-0.46614510383388197,,,-0.26161080064473297,0.4125,466.7888641223128,-0.4836754953642032,False
CSCO_1h_trend,equity,1h,trend,-0.04157193239488592,,,-0.4385819056980642,0.45,176.14276691591968,-2.238335839139618,False
CSCO_1h_mean_reversion,equity,1h,mean_reversion,-0.9551800144152338,,,-0.520766731377772,0.35,1134.1712494390008,-1.8782890198037105,False
CSCO_1h_breakout,equity,1h,breakout,-0.28451872240979914,,,-0.22513072422816172,0.45,542.5326892566732,-1.968320355789246,False
INTC_1h_trend,equity,1h,trend,-0.6558130641793434,,,-0.6837070914087493,0.4125,116.88506224557844,-1.4010380018963255,False
INTC_1h_mean_reversion,equity,1h,mean_reversion,-0.7013677034856228,,,-0.5123289432799253,0.4625,643.0911413298571,-0.8917031653507294,False
INTC_1h_breakout,equity,1h,breakout,-0.35086071897585525,,,-0.27737675471040013,0.375,300.1044640791113,-1.0804139563446258,False
PFE_1h_trend,equity,1h,trend,-0.1588247254240957,,,-0.41769779565063214,0.475,167.3367860864214,-2.4989646014338245,False
PFE_1h_mean_reversion,equity,1h,mean_reversion,-0.4262521034051792,,,-0.45089944280296324,0.425,1018.1472721730117,-2.349536273267407,False
PFE_1h_breakout,equity,1h,breakout,-0.24819779279057697,,,-0.22048421733868795,0.4375,477.4130417444693,-1.318981979328286,False
WFC_1h_trend,equity,1h,trend,-0.290128594922018,,,-0.5397131954062556,0.475,137.60502667779028,-2.0071304237942047,False
WFC_1h_mean_reversion,equity,1h,mean_reversion,-0.3859193277793995,,,-0.30603501132868793,0.5125,828.3841594892642,-1.194602591762865,False
WFC_1h_breakout,equity,1h,breakout,0.3905590783807942,,,-0.07715733242146572,0.5,411.02513726671214,-0.8944809693857306,False
TMO_1h_trend,equity,1h,trend,0.19597067824654021,,,-0.3283442660574317,0.525,127.80660544232973,-2.2548126485363214,False
TMO_1h_mean_reversion,equity,1h,mean_reversion,-0.26600830498901035,,,-0.33662478454007605,0.475,956.4280914729067,-0.8848170069142571,False
TMO_1h_breakout,equity,1h,breakout,0.07589020004018493,,,-0.16895995430034816,0.4125,409.57012312924525,-0.795321421791935,False
MCD_1h_trend,equity,1h,trend,-0.2586620829630594,,,-0.41904520485650043,0.4125,206.55541689519623,-2.8076555668576577,False
MCD_1h_mean_reversion,equity,1h,mean_reversion,-0.6112370886300841,,,-0.3885126350910857,0.4125,1492.8249170177764,-2.442051994166034,False
MCD_1h_breakout,equity,1h,breakout,-0.48830333314711066,,,-0.28027791099363764,0.375,707.6174119817597,-1.2703177933556007,False
ABT_1h_trend,equity,1h,trend,-0.12443891700187351,,,-0.3677550139561119,0.5125,178.54775966888963,-2.492835669520638,False
ABT_1h_mean_reversion,equity,1h,mean_reversion,-0.6318064256574746,,,-0.44535559259396407,0.4875,1164.246878280353,-2.273792345738185,False
ABT_1h_breakout,equity,1h,breakout,-0.11586953637128686,,,-0.18203038401808647,0.475,529.5695743198776,-2.026183350816569,False
ORCL_1h_trend,equity,1h,trend,0.1884373852662179,,,-0.25664782157487953,0.5375,135.58943896868723,-1.4227993497335019,False
ORCL_1h_mean_reversion,equity,1h,mean_reversion,-0.37257136970928434,,,-0.3005920253114983,0.425,873.8555967638986,-2.1332901893988847,False
ORCL_1h_breakout,equity,1h,breakout,0.08887453080797725,,,-0.15660588023171274,0.5,428.2973711189893,-1.3260442283035403,False
ACN_1h_trend,equity,1h,trend,0.06476141128905642,,,-0.35713669834063866,0.525,161.15554633577517,-2.2860508322912776,False
ACN_1h_mean_reversion,equity,1h,mean_reversion,-0.7689903028383286,,,-0.4673688486785186,0.45,1022.8030832998998,-2.551100500584399,False
ACN_1h_breakout,equity,1h,breakout,0.1602262411708734,,,-0.204409003332355,0.475,529.7833165035572,-0.9699543769520542,False
QCOM_1h_trend,equity,1h,trend,0.5062443445938599,-0.07239018454298884,0.5110041215908211,-0.2850685796256427,0.5875,115.69554316775128,-1.5640583818340135,False
QCOM_1h_mean_reversion,equity,1h,mean_reversion,-0.14863551874046874,,,-0.357440596049973,0.475,727.1927409376499,-0.2607701615495928,False
QCOM_1h_breakout,equity,1h,breakout,-0.06728786645311981,,,-0.19009639162491354,0.4,340.84216459115896,-0.5799141615323912,False
TXN_1h_trend,equity,1h,trend,-0.31306675182723576,,,-0.5398364435334484,0.4375,137.60831059380365,-2.5668239665369645,False
TXN_1h_mean_reversion,equity,1h,mean_reversion,-0.4723139525957394,,,-0.3486269689125574,0.4875,927.9042051985947,-1.3539318186869629,False
TXN_1h_breakout,equity,1h,breakout,-0.9453743096760634,,,-0.46435117712459106,0.3625,408.99962461835,-1.3240768973909454,False
NKE_1h_trend,equity,1h,trend,-0.5855064632598663,,,-0.646080670041638,0.4375,157.3198881765445,-2.0765276224560973,False
NKE_1h_mean_reversion,equity,1h,mean_reversion,-0.44109188944699906,,,-0.4491391466993956,0.4,863.8037487902493,-1.1626936139218684,False
NKE_1h_breakout,equity,1h,breakout,-0.39886027541460767,,,-0.24255905017951485,0.4,412.80185934439044,-1.4792898026020467,False
UNH_1h_trend,equity,1h,trend,-0.6457334522094117,,,-0.6389461119041915,0.4,146.01944058900492,-1.6733520755546212,False
UNH_1h_mean_reversion,equity,1h,mean_reversion,-0.8117589058609985,,,-0.493031376967623,0.425,991.100445968861,-2.0853697170852774,False
UNH_1h_breakout,equity,1h,breakout,0.11298976467691262,,,-0.2631034145119018,0.45,446.27035170544514,-0.5172508631605995,False
HON_1h_trend,equity,1h,trend,-0.8653105264785077,,,-0.6568967125877534,0.425,205.0249207360647,-2.5638687510623215,False
HON_1h_mean_reversion,equity,1h,mean_reversion,-0.5524485681963531,,,-0.394389029361653,0.4125,1204.345710965145,-2.2964278317062514,False
HON_1h_breakout,equity,1h,breakout,-0.6050875545050736,,,-0.34802400803929223,0.4,571.1661484008521,-1.7099497814480376,False
UPS_1h_trend,equity,1h,trend,-0.4275190885038323,,,-0.6772583594034653,0.4125,159.4442149283148,-2.417897944255451,False
UPS_1h_mean_reversion,equity,1h,mean_reversion,-0.5702482810282243,,,-0.6151212366346173,0.4125,991.4905114842652,-2.211866600984247,False
UPS_1h_breakout,equity,1h,breakout,-0.4881686862171543,,,-0.35949863699819407,0.3875,458.6240597718031,-0.7080176712555875,False
LOW_1h_trend,equity,1h,trend,-0.027419033227684752,,,-0.4937025219908725,0.4625,142.06160999830217,-2.568584658883183,False
LOW_1h_mean_reversion,equity,1h,mean_reversion,-0.10010073774071157,,,-0.19319290412237122,0.5125,984.1674076202543,-1.638667698701782,False
LOW_1h_breakout,equity,1h,breakout,0.05727669093480789,,,-0.16433789706663737,0.4875,487.6802962848923,-0.8007074634738585,False
IBM_1h_trend,equity,1h,trend,-0.28984662208314715,,,-0.5758533536851579,0.475,159.2944221281661,-1.9860374986389153,False
IBM_1h_mean_reversion,equity,1h,mean_reversion,-1.070801991498336,,,-0.5707349428900382,0.35,1089.2509867424246,-1.9134686837542139,False
IBM_1h_breakout,equity,1h,breakout,0.259045511690366,,,-0.26422434000728534,0.5375,526.7331179737464,-1.517781749480755,False
GS_1h_trend,equity,1h,trend,0.13255955121843718,,,-0.5408843789886119,0.4875,134.44559956986083,-2.3545613668526517,False
GS_1h_mean_reversion,equity,1h,mean_reversion,-0.5476476998528411,,,-0.4583088474534026,0.45,879.3811522875677,-1.8390023649222291,False
GS_1h_breakout,equity,1h,breakout,0.04011869137156967,,,-0.1485320711795527,0.475,442.2183174736457,-1.2518315930624044,False
CAT_1h_trend,equity,1h,trend,0.7156035257628639,0.06314708180797295,0.7334381787098416,-0.3628251155111354,0.5875,107.5276889267851,-1.7635283226726761,True
CAT_1h_mean_reversion,equity,1h,mean_reversion,-1.3356312967672976,,,-0.6477263879061244,0.3125,778.13822769085,-1.0942239223000079,False
CAT_1h_breakout,equity,1h,breakout,0.12120743334980001,,,-0.1194396206122722,0.4625,412.72106666257133,-0.6686417776767698,False
SPY_1h_trend,equity,1h,trend,0.42707993702769276,,,-0.20846838304847037,0.569620253164557,214.5190787812394,-3.207163878919203,False
SPY_1h_mean_reversion,equity,1h,mean_reversion,-0.7385727965086482,,,-0.4315318241571392,0.4177215189873418,1751.511819919452,-2.568215063710067,False
SPY_1h_breakout,equity,1h,breakout,-0.33019053242620705,,,-0.23487610371386958,0.4177215189873418,942.0085653871457,-2.191665259486763,False
QQQ_1h_trend,equity,1h,trend,0.536039586826242,-0.05681341188456269,0.5696016253596469,-0.2009071734109501,0.5443037974683544,163.84119962574584,-3.0541311322202547,False
QQQ_1h_mean_reversion,equity,1h,mean_reversion,-1.150070376580915,,,-0.5621195588201537,0.379746835443038,1279.0580453407647,-2.1331596537286055,False
QQQ_1h_breakout,equity,1h,breakout,0.6770437886019871,0.08408263417211366,0.6846275164979716,-0.09415108112488457,0.5822784810126582,672.1371854863933,-1.4115221560132976,True
AAPL_4h_trend,equity,4h,trend,0.13965149068960198,,,-0.2709999744356171,0.525,35.96077568452756,-0.610606928209022,False
AAPL_4h_mean_reversion,equity,4h,mean_reversion,-0.8571427377186029,,,-0.5328662192950441,0.3625,261.2872383569677,-0.34416982253807976,False
AAPL_4h_breakout,equity,4h,breakout,0.6955584027799029,0.06271524058877372,0.6947856989675071,-0.10155597548878292,0.4375,129.33297148153096,-0.45345980807487907,True
MSFT_4h_trend,equity,4h,trend,0.2569575658416541,,,-0.2904190769027277,0.55,38.69743442586394,-0.5697428276910413,False
MSFT_4h_mean_reversion,equity,4h,mean_reversion,0.37909109429572857,,,-0.19246977176056013,0.5125,291.1140894185999,0.2900280376579807,False
MSFT_4h_breakout,equity,4h,breakout,-0.2276686480613165,,,-0.261264063090041,0.4125,132.5960126113713,-0.7463989701622303,False
NVDA_4h_trend,equity,4h,trend,0.8548229160394547,0.29523486894199896,0.8407129915938015,-0.20069106499837064,0.55,17.947012497753505,-0.6755810528407614,True
NVDA_4h_mean_reversion,equity,4h,mean_reversion,-0.09921597946791136,,,-0.31587706762423784,0.45,155.57775154564357,-0.2621853797968863,False
NVDA_4h_breakout,equity,4h,breakout,0.5898524239805419,0.010781176185886091,0.6156568624918208,-0.11174609791495838,0.3875,70.11270805503545,-0.113746409888872,True
AMZN_4h_trend,equity,4h,trend,-0.09459488781834752,,,-0.30847544527383197,0.5,32.483603803941115,-0.742117506737708,False
AMZN_4h_mean_reversion,equity,4h,mean_reversion,-0.20651970275255474,,,-0.2157649566899157,0.4625,208.5727290362989,-0.46792136383454513,False
AMZN_4h_breakout,equity,4h,breakout,-0.13450056839932373,,,-0.2296059398437008,0.3625,102.12253366909545,-0.3148825082124735,False
GOOGL_4h_trend,equity,4h,trend,0.8490759966584454,0.2405319096075964,0.8737845117449787,-0.1906537778634695,0.575,24.98497296064741,-0.9276956921643518,True
GOOGL_4h_mean_reversion,equity,4h,mean_reversion,-0.04419405045123287,,,-0.43220694581133257,0.45,233.03855979858238,-0.8564348091194456,False
GOOGL_4h_breakout,equity,4h,breakout,0.049760195275658774,,,-0.23361990545993616,0.4125,112.23357477414507,-0.2335196457643347,False
META_4h_trend,equity,4h,trend,0.7064451233936292,0.07413965803601323,0.6987654175827815,-0.24770189553535482,0.55,26.121667080291033,-0.855806933287992,True
META_4h_mean_reversion,equity,4h,mean_reversion,0.5758984293673284,-0.0705957767053444,0.5786620263195865,-0.16708932388676723,0.6125,195.8355939288444,0.1509138647046246,False
META_4h_breakout,equity,4h,breakout,-0.8281897496681457,,,-0.3564566439015646,0.3375,97.80165326756119,-0.6655231197314916,False
TSLA_4h_trend,equity,4h,trend,-0.13565077138797524,,,-0.47234650716614146,0.4,21.80020384532297,-0.25809011472671217,False
TSLA_4h_mean_reversion,equity,4h,mean_reversion,0.08072971916251881,,,-0.23402353728167724,0.4875,119.00974517469778,-0.343388306261258,False
TSLA_4h_breakout,equity,4h,breakout,0.348485497954485,,,-0.1637400875325763,0.3875,57.220254002595574,0.11133749864957371,False
JPM_4h_trend,equity,4h,trend,0.3698594079379345,,,-0.26179376692960254,0.575,38.1040705392264,-1.1693104045298748,False
JPM_4h_mean_reversion,equity,4h,mean_reversion,-0.4038121181735879,,,-0.4246011090474172,0.3875,275.2045157696956,-0.19893646832132597,False
JPM_4h_breakout,equity,4h,breakout,-0.39695054670897595,,,-0.2927411248082602,0.325,139.4625908207015,-0.38569742701609067,False
V_4h_trend,equity,4h,trend,-0.25475617233903314,,,-0.41636312106351403,0.45,58.64955377037761,-0.5577265104693875,False
V_4h_mean_reversion,equity,4h,mean_reversion,-0.07645744668012895,,,-0.2303441821716916,0.475,335.3875183070926,-0.2677374917384122,False
V_4h_breakout,equity,4h,breakout,-0.4029054050240675,,,-0.23488203273297992,0.3875,150.65057458082006,-0.5882407042212459,False
MA_4h_trend,equity,4h,trend,-0.4206765513711559,,,-0.4624031050794569,0.4875,45.78908923744402,-0.45999462018463405,False
MA_4h_mean_reversion,equity,4h,mean_reversion,0.050963679732844686,,,-0.1895721737419982,0.425,310.535718558103,-0.5840832416142817,False
MA_4h_breakout,equity,4h,breakout,-0.6694992408196822,,,-0.3339216830067001,0.3375,145.47449207018482,0.1698059775505348,False
JNJ_4h_trend,equity,4h,trend,-0.47616328780439166,,,-0.6362059733624148,0.4375,68.05146156496484,-0.9071435652886634,False
JNJ_4h_mean_reversion,equity,4h,mean_reversion,-0.27938304430480443,,,-0.23039704359540814,0.45,403.88070232405477,-0.20961394938623565,False
JNJ_4h_breakout,equity,4h,breakout,0.5546027796480576,-0.0719259287800271,0.5442885191954425,-0.20012662728813546,0.4625,196.46370944498364,-0.009074253745917386,False
WMT_4h_trend,equity,4h,trend,-0.14935469493533593,,,-0.6052594619917566,0.5,62.11549149225623,-0.9830047517012663,False
WMT_4h_mean_reversion,equity,4h,mean_reversion,-0.4659870813476404,,,-0.4633814454216255,0.4375,357.57876812737686,-0.7484467662328917,False
WMT_4h_breakout,equity,4h,breakout,0.18601328675006507,,,-0.1762222465083173,0.45,171.6550983047792,-0.9748811596510375,False
XOM_4h_trend,equity,4h,trend,0.1332645209870076,,,-0.4257097838065038,0.5125,37.00175133444054,0.09662457867503095,False
XOM_4h_mean_reversion,equity,4h,mean_reversion,-0.2130919969208482,,,-0.16183267171693927,0.425,248.97179357017026,-0.8251365911392522,False
XOM_4h_breakout,equity,4h,breakout,-0.0888695620560105,,,-0.23902841721239876,0.325,116.03060107563212,-0.15117762523494258,False
PG_4h_trend,equity,4h,trend,-0.7790494285481048,,,-0.6087858382678533,0.4625,65.34167876838416,-1.0862952766620482,False
PG_4h_mean_reversion,equity,4h,mean_reversion,0.2388420887557198,,,-0.2612244332831519,0.5875,425.80345175934247,-1.228307415652276,False
PG_4h_breakout,equity,4h,breakout,0.06465136872733436,,,-0.2320167177481487,0.35,174.43708936182296,-0.36777434042607404,False
HD_4h_trend,equity,4h,trend,-0.4876354959898922,,,-0.47897517070038953,0.3875,50.576299530590276,-0.7593425710497114,False
HD_4h_mean_reversion,equity,4h,mean_reversion,-0.5366794604988142,,,-0.3690333516776563,0.4125,296.01154970639664,-0.7434097923335247,False
HD_4h_breakout,equity,4h,breakout,-0.11465801566245977,,,-0.23135186701736477,0.3625,149.5448105329798,-0.45974735829360136,False
CVX_4h_trend,equity,4h,trend,-0.6573807223452707,,,-0.6977354608804507,0.425,54.50892380578973,-0.9044895250906662,False
CVX_4h_mean_reversion,equity,4h,mean_reversion,0.08357886116573715,,,-0.20382746938529772,0.5125,270.80213573426886,-0.5058231836174691,False
CVX_4h_breakout,equity,4h,breakout,-0.11132627255966589,,,-0.20605250481394988,0.325,130.76981186940083,-0.06806912833808806,False
KO_4h_trend,equity,4h,trend,-0.39750961356361764,,,-0.5217117257664879,0.45,72.00263475268584,-1.0551949753127514,False
KO_4h_mean_reversion,equity,4h,mean_reversion,-0.1358790016597441,,,-0.23400895410272027,0.4375,442.4206634378932,-0.41298605575875497,False
KO_4h_breakout,equity,4h,breakout,0.2523699364692007,,,-0.17720990587469332,0.3625,202.90394421369007,-0.6210192364252317,False
PEP_4h_trend,equity,4h,trend,-0.48469370547982804,,,-0.5011383297186011,0.425,64.9816489371689,-0.8914637425443119,False
PEP_4h_mean_reversion,equity,4h,mean_reversion,0.11302326526895694,,,-0.15036403743377602,0.5,416.0531068083374,-0.9811047935378935,False
PEP_4h_breakout,equity,4h,breakout,-0.31792035302633237,,,-0.25081590103054896,0.2625,189.20880272761127,-1.0465513325643252,False
BAC_4h_trend,equity,4h,trend,0.27388377284630533,,,-0.3189239079290551,0.5125,36.37550165335666,-0.6872177659390986,False
BAC_4h_mean_reversion,equity,4h,mean_reversion,-0.7102121382570533,,,-0.44053043043525264,0.4125,235.29437193683464,0.3511873086201133,False
BAC_4h_breakout,equity,4h,breakout,-0.10097481741754533,,,-0.2838784953558725,0.425,118.8950529879258,-0.4474720282599787,False
AVGO_4h_trend,equity,4h,trend,1.1471346883710742,0.5572747276101251,1.1259167583260086,-0.13891845485102805,0.6625,18.27234888731248,-0.37351166431875504,True
AVGO_4h_mean_reversion,equity,4h,mean_reversion,-0.5366549290562144,,,-0.4803708765396001,0.425,190.9518864712,-0.27399627188427994,False
AVGO_4h_breakout,equity,4h,breakout,0.4613554445900392,,,-0.09724485470592692,0.4625,91.39618412749078,-0.878126467599454,False
COST_4h_trend,equity,4h,trend,0.24668610068000243,,,-0.3920351121154848,0.4875,44.995448431099476,-0.262590819029842,False
COST_4h_mean_reversion,equity,4h,mean_reversion,-0.1905009831046781,,,-0.320316405227425,0.4375,350.54758786913624,-1.0658115583201468,False
COST_4h_breakout,equity,4h,breakout,0.17077374109170995,,,-0.19917190133752116,0.4375,167.0097110500937,-0.6341300124404232,False
MRK_4h_trend,equity,4h,trend,-0.06876267102646434,,,-0.49614145811645183,0.45,50.23366621848243,-0.9331362740805241,False
MRK_4h_mean_reversion,equity,4h,mean_reversion,0.6031523699260175,0.030919938801732803,0.6051405874243799,-0.12744070081778625,0.575,313.8420927720771,-0.40514359684470136,True
MRK_4h_breakout,equity,4h,breakout,-0.06880672245725311,,,-0.18597944443045433,0.375,145.89340510316788,-0.1338995135954515,False
LLY_4h_trend,equity,4h,trend,0.30071677510387523,,,-0.31278178590469086,0.5,33.581645496888115,-0.6886483374198386,False
LLY_4h_mean_reversion,equity,4h,mean_reversion,0.3089245049237838,,,-0.36481262976444284,0.5,211.5766777948172,0.08777152022590516,False
LLY_4h_breakout,equity,4h,breakout,0.19128528370329995,,,-0.16893046117147026,0.3625,92.5993689067032,0.5592640380613032,False
ABBV_4h_trend,equity,4h,trend,-0.7193176850262583,,,-0.6356689276269675,0.5375,54.961003453824645,-1.2284474627906747,False
ABBV_4h_mean_reversion,equity,4h,mean_reversion,-0.16844859128828468,,,-0.2618100202004412,0.4125,296.8542427297514,-0.7830143611981196,False
ABBV_4h_breakout,equity,4h,breakout,-0.48299044082801246,,,-0.25418684368196764,0.3125,152.09016934074353,0.19451644646695,False
ADBE_4h_trend,equity,4h,trend,0.21778544127925742,,,-0.2932319009372455,0.5625,27.903736516616714,-1.5434830280732046,False
ADBE_4h_mean_reversion,equity,4h,mean_reversion,-0.4632299259592056,,,-0.4260935616685376,0.3875,202.47517526213602,0.056563785393664114,False
ADBE_4h_breakout,equity,4h,breakout,-0.6457773095688262,,,-0.327877294793424,0.4375,100.62276454951103,0.07371546589700893,False
CRM_4h_trend,equity,4h,trend,-0.07060932981132675,,,-0.3275979892006642,0.475,30.509642022877415,-0.6409543073297846,False
CRM_4h_mean_reversion,equity,4h,mean_reversion,-0.4405278470432713,,,-0.4064352323934243,0.4875,203.50923793123104,0.014481934350297937,False
CRM_4h_breakout,equity,4h,breakout,0.2718196763878122,,,-0.16010907932618168,0.3875,95.52759238501676,-0.3751628351540845,False
NFLX_4h_trend,equity,4h,trend,0.7538150672668666,0.10044041047922968,0.7427335609435852,-0.18136311076646783,0.575,23.428493226054798,-0.7506633357175211,True
NFLX_4h_mean_reversion,equity,4h,mean_reversion,-0.5405561153414418,,,-0.3728439970716225,0.375,188.56979106782182,-0.7579444571873245,False
NFLX_4h_breakout,equity,4h,breakout,-0.12399574879563587,,,-0.16976333705227264,0.3875,103.76564625294947,-0.213228502719691,False
AMD_4h_trend,equity,4h,trend,0.5222345722940142,-0.07511036193481506,0.5302433241158003,-0.2921327733342901,0.475,21.168929540660535,-0.6124572323523587,False
AMD_4h_mean_reversion,equity,4h,mean_reversion,-0.42139519511679285,,,-0.3571342409035353,0.45,136.28452354970256,-0.46612109201429663,False
AMD_4h_breakout,equity,4h,breakout,0.11447840537988928,,,-0.14818965813901497,0.3875,69.64122242533398,-0.5392088843947995,False
DIS_4h_trend,equity,4h,trend,0.030472730067508533,,,-0.35792570091733644,0.425,44.24874162905114,-0.7694603157167621,False
DIS_4h_mean_reversion,equity,4h,mean_reversion,-0.21635755099535448,,,-0.38783749806791823,0.4125,251.4139693591249,-0.022767095874603085,False
DIS_4h_breakout,equity,4h,breakout,-0.10492260603898235,,,-0.2832548657417243,0.3625,121.74782359004524,-0.5894002883495627,False
CSCO_4h_trend,equity,4h,trend,0.5743270760825182,-0.040771720130263193,0.5956600636161826,-0.2008387706927549,0.55,32.441398229648925,-0.1860590080649362,False
CSCO_4h_mean_reversion,equity,4h,mean_reversion,-0.491510506860639,,,-0.3449010662768509,0.425,297.2846191861727,-0.7497502533857269,False
CSCO_4h_breakout,equity,4h,breakout,0.007188372450002222,,,-0.2138858839057678,0.3625,149.67845174653496,-0.9351778181945051,False
INTC_4h_trend,equity,4h,trend,0.08950755309542871,,,-0.3610533178659079,0.4875,24.27255353688468,0.1325548076219708,False
INTC_4h_mean_reversion,equity,4h,mean_reversion,-0.04276130397224693,,,-0.3053828560697759,0.475,158.7652451251616,-0.24370239497450966,False
INTC_4h_breakout,equity,4h,breakout,-0.09923164633650537,,,-0.2848180479279929,0.2625,75.32015434514035,-0.08805554573792058,False
PFE_4h_trend,equity,4h,trend,-0.29107983103138585,,,-0.4577951212225607,0.475,50.20303389335949,-1.1282309083940034,False
PFE_4h_mean_reversion,equity,4h,mean_reversion,-0.27731197738326335,,,-0.38687894026404646,0.425,294.10395792498787,0.05682350844965684,False
PFE_4h_breakout,equity,4h,breakout,-0.6469547915277319,,,-0.3108395690320812,0.3,149.84881347961203,-0.30629191823126867,False
WFC_4h_trend,equity,4h,trend,0.08481200365552996,,,-0.43436929485424514,0.55,29.092482847991707,-0.31407784531774624,False
WFC_4h_mean_reversion,equity,4h,mean_reversion,-0.7763304014494093,,,-0.46431716926326505,0.3375,221.62565117271703,0.7732996340032162,False
WFC_4h_breakout,equity,4h,breakout,0.3695734148250382,,,-0.17346613277744072,0.45,101.61296797396905,-0.2259188699200929,False
TMO_4h_trend,equity,4h,trend,-0.3675248228970523,,,-0.52471112177611,0.5,48.73991150365764,-0.6652232017481676,False
TMO_4h_mean_reversion,equity,4h,mean_reversion,0.1035647357061465,,,-0.30399992895177363,0.55,263.94183922638626,-0.6702316220437751,False
TMO_4h_breakout,equity,4h,breakout,-0.20645917534791358,,,-0.3083975092950427,0.3625,131.93891049595825,0.29767432891735474,False
MCD_4h_trend,equity,4h,trend,-0.6480417112978281,,,-0.6014803078264408,0.425,71.40467346751021,-0.7097838227827272,False
MCD_4h_mean_reversion,equity,4h,mean_reversion,0.12256666093695705,,,-0.2578545641547263,0.5125,420.16213161600024,-0.48786052605747154,False
MCD_4h_breakout,equity,4h,breakout,0.35450782310324214,,,-0.15725607923056495,0.3875,188.35473547985953,-0.5915942915105791,False
ABT_4h_trend,equity,4h,trend,-0.15146151696348686,,,-0.4114007248676028,0.45,51.81489017178423,-0.830193473901632,False
ABT_4h_mean_reversion,equity,4h,mean_reversion,-0.13177592256153242,,,-0.3484825758128124,0.5,305.86063134097697,-0.5263743846957837,False
ABT_4h_breakout,equity,4h,breakout,-0.3864379897019414,,,-0.26656754374585334,0.3375,158.14526373102194,-0.46640792742543286,False
ORCL_4h_trend,equity,4h,trend,0.7345062213960508,0.19335629833825235,0.7630826023490516,-0.21017336122653163,0.575,30.62246739117285,-0.19308631416708588,True
ORCL_4h_mean_reversion,equity,4h,mean_reversion,-0.6409685034173583,,,-0.4725538200289755,0.45,215.5448410986562,-0.4180336949447543,False
ORCL_4h_breakout,equity,4h,breakout,-0.20133436146274267,,,-0.27329887950012655,0.4125,109.75214532754994,0.1366883648662465,False
ACN_4h_trend,equity,4h,trend,0.2605712991921651,,,-0.403076794844448,0.5125,38.51002505312188,-0.7687392857427374,False
ACN_4h_mean_reversion,equity,4h,mean_reversion,-0.4101921785437432,,,-0.34215400995656897,0.375,263.4768723786996,-0.15626006223183259,False
ACN_4h_breakout,equity,4h,breakout,0.10832898793759452,,,-0.2558771496685909,0.4125,136.94901231513458,-0.544561847908281,False
QCOM_4h_trend,equity,4h,trend,-0.351258970911901,,,-0.5147950563143435,0.4625,32.39458881096411,-0.18740274592262687,False
QCOM_4h_mean_reversion,equity,4h,mean_reversion,0.22211171386649722,,,-0.18002881936640136,0.4875,197.4520207934675,0.19008128927238718,False
QCOM_4h_breakout,equity,4h,breakout,0.2496692618458644,,,-0.153835983936368,0.425,97.02671927927713,-0.5718464949957401,False
TXN_4h_trend,equity,4h,trend,0.18180571393651454,,,-0.35747959294256126,0.525,31.40267776656294,-0.5176867196995684,False
TXN_4h_mean_reversion,equity,4h,mean_reversion,-0.168450024832036,,,-0.35690725245194854,0.425,246.58692574016948,-0.11063501642263439,False
TXN_4h_breakout,equity,4h,breakout,-0.4762855477279556,,,-0.32462821738420544,0.375,106.75271967968733,0.15693051692453952,False
NKE_4h_trend,equity,4h,trend,0.33408461618187596,,,-0.3063894460794341,0.4625,31.965901406936418,-0.4083088078066481,False
NKE_4h_mean_reversion,equity,4h,mean_reversion,-0.22814914530081298,,,-0.2848115537637016,0.475,209.94900531556436,-0.8182890078689142,False
NKE_4h_breakout,equity,4h,breakout,-0.15029345802332827,,,-0.21285931632055632,0.2875,111.85484216689056,-0.12306678203302604,False
UNH_4h_trend,equity,4h,trend,-0.5438923143100557,,,-0.653014689068993,0.4125,38.368290799628184,-0.7285652808511521,False
UNH_4h_mean_reversion,equity,4h,mean_reversion,0.005390732682167852,,,-0.2371249033527003,0.55,259.6935580971634,-0.8430103056024555,False
UNH_4h_breakout,equity,4h,breakout,-0.044897204101068684,,,-0.17993164981802745,0.35,116.15028953470913,-0.374415862541502,False
HON_4h_trend,equity,4h,trend,-0.5193177521784018,,,-0.6384252762360476,0.4,52.27080803736148,-0.8896386952434974,False
HON_4h_mean_reversion,equity,4h,mean_reversion,-0.06506120354399428,,,-0.17274736506007293,0.475,327.1113090498894,-1.133754742871618,False
HON_4h_breakout,equity,4h,breakout,-0.1089719352352085,,,-0.14461108172915393,0.3875,166.08470803886195,-0.3395963015134193,False
UPS_4h_trend,equity,4h,trend,0.028382610483100555,,,-0.4377492418948542,0.425,36.15541714394001,-0.9434871791996067,False
UPS_4h_mean_reversion,equity,4h,mean_reversion,0.1528470223995844,,,-0.23833697827758504,0.475,246.16928435594434,-0.3354853403120874,False
UPS_4h_breakout,equity,4h,breakout,-0.03553093009066503,,,-0.23530225022158047,0.3375,124.1120222626141,0.4681508453836895,False
LOW_4h_trend,equity,4h,trend,-0.2267680982885618,,,-0.4883352453193771,0.4125,39.4175850057469,-1.0492196362265358,False
LOW_4h_mean_reversion,equity,4h,mean_reversion,-0.4722347771528318,,,-0.363557143718661,0.375,259.0720576892055,0.007087231307496786,False
LOW_4h_breakout,equity,4h,breakout,-0.041223182897285784,,,-0.22476590290887344,0.35,134.00012051276929,-0.0703931661443246,False
IBM_4h_trend,equity,4h,trend,-0.622329181302905,,,-0.6064446917000736,0.3875,52.867646629432045,-1.3654156675317115,False
IBM_4h_mean_reversion,equity,4h,mean_reversion,-0.4708838963598374,,,-0.43434507502784137,0.4,290.59153085585535,-0.3520964807617828,False
IBM_4h_breakout,equity,4h,breakout,0.3421143619110082,,,-0.12750632990817734,0.4,141.97815799382104,0.1788670603748681,False
GS_4h_trend,equity,4h,trend,0.16820072948987375,,,-0.4864506639622298,0.55,35.39944396278146,0.7187874610880567,False
GS_4h_mean_reversion,equity,4h,mean_reversion,-0.6211037253727802,,,-0.5311386820580029,0.35,242.18960328970473,-0.3309364760072751,False
GS_4h_breakout,equity,4h,breakout,0.14515567911986801,,,-0.1234280587870954,0.4,114.48571002511883,-0.08774281604941735,False
CAT_4h_trend,equity,4h,trend,0.24961793913486144,,,-0.519230404071082,0.525,33.73019138539297,-1.3741813822444409,False
CAT_4h_mean_reversion,equity,4h,mean_reversion,-0.35768155969292603,,,-0.35425868604614763,0.475,234.1470665845158,-0.9095710466689632,False
CAT_4h_breakout,equity,4h,breakout,0.08083991635772758,,,-0.19751121654845527,0.4375,121.58822153345945,0.14157872397577637,False
SPY_4h_trend,equity,4h,trend,0.5655134806410829,-0.1037023378195464,0.5801507647528364,-0.23896583819761508,0.5569620253164557,47.810569953328496,-1.5611427317770328,False
SPY_4h_mean_reversion,equity,4h,mean_reversion,-0.20379298063989293,,,-0.26074180719405815,0.43037974683544306,458.43240096922176,-1.0343507340351699,False
SPY_4h_breakout,equity,4h,breakout,-0.07411437596247106,,,-0.16381852634373806,0.4430379746835443,247.893155131142,-1.3549568422578027,False
QQQ_4h_trend,equity,4h,trend,0.6730419881732144,0.04409487873967542,0.6569834790208395,-0.2037958142471903,0.5949367088607594,34.24548154989697,-0.6963402557080971,True
QQQ_4h_mean_reversion,equity,4h,mean_reversion,-0.42846777600029334,,,-0.2920362660663498,0.379746835443038,343.2724151211012,0.22200134221920875,False
QQQ_4h_breakout,equity,4h,breakout,0.3873375450988252,,,-0.10568441657935779,0.45569620253164556,175.20047696136473,-0.44812907888678727,False
AAPL_1d_trend,equity,1d,trend,0.4833042823035527,,,-0.35096885024826563,0.5397727272727273,32.43882533082334,-0.9310588110266599,False
AAPL_1d_mean_reversion,equity,1d,mean_reversion,-0.4501780185792022,,,-0.6231879600986483,0.4090909090909091,309.60684702352467,-0.16415696290391557,False
AAPL_1d_breakout,equity,1d,breakout,0.18738764845221895,,,-0.14826339739590766,0.3465909090909091,179.5241717305074,0.03644534375093241,False
MSFT_1d_trend,equity,1d,trend,0.5233079615449384,0.11928726645069344,0.5195336059464682,-0.3298347856212751,0.5738636363636364,33.52320172270017,-0.4394375616966299,True
MSFT_1d_mean_reversion,equity,1d,mean_reversion,-0.06220977983513813,,,-0.3027372264394256,0.4431818181818182,368.173907317343,-0.34562238670350615,False
MSFT_1d_breakout,equity,1d,breakout,0.200577055508731,,,-0.16927400799406567,0.30113636363636365,176.70148062172552,-0.2556174883956112,False
NVDA_1d_trend,equity,1d,trend,0.8919117312651029,0.49592847191367256,0.9113241547138298,-0.23467594047269114,0.5795454545454546,20.729247912514836,-0.2191297673272749,True
NVDA_1d_mean_reversion,equity,1d,mean_reversion,-0.041065211677818965,,,-0.5835228132092405,0.4772727272727273,217.69645049330083,-0.075609654735805,False
NVDA_1d_breakout,equity,1d,breakout,0.48448517932581425,,,-0.19576822834290564,0.35795454545454547,111.71833998816292,0.08376876491054142,False
AMZN_1d_trend,equity,1d,trend,0.40003480512608597,,,-0.34834183977778965,0.5568181818181818,31.16119428630708,0.3496097588794179,False
AMZN_1d_mean_reversion,equity,1d,mean_reversion,-0.08003551062581563,,,-0.4105746345661545,0.44886363636363635,282.8337320854241,0.003917023860057952,False
AMZN_1d_breakout,equity,1d,breakout,0.02716365211945092,,,-0.24456614592552928,0.2784090909090909,141.02364393781846,0.0984619551813711,False
GOOGL_1d_trend,equity,1d,trend,0.5231066241110547,0.0836560023778417,0.5195650021722864,-0.3697041937147535,0.5511363636363636,32.88170629621584,-0.4855546938196348,True
GOOGL_1d_mean_reversion,equity,1d,mean_reversion,0.004018867044297369,,,-0.2399908373067534,0.4602272727272727,346.19233973885713,-0.20571337968510697,False
GOOGL_1d_breakout,equity,1d,breakout,-0.10441654520136028,,,-0.32008356735732935,0.29545454545454547,173.25031456432646,-0.5501943162313574,False
META_1d_trend,equity,1d,trend,0.48266880944024576,,,-0.34250418206254896,0.5697674418604651,22.771289534083497,-0.5618716410861744,False
META_1d_mean_reversion,equity,1d,mean_reversion,0.08457995122269008,,,-0.2699016753457969,0.47674418604651164,244.3004128679508,-0.43162636377640096,False
META_1d_breakout,equity,1d,breakout,0.012127642019592226,,,-0.23675036076362688,0.27906976744186046,120.34953748410123,0.2304759826445806,False
TSLA_1d_trend,equity,1d,trend,-0.09907013876002212,,,-0.6481668488125552,0.4431818181818182,26.79793552427287,-0.06537623959737211,False
TSLA_1d_mean_reversion,equity,1d,mean_reversion,-0.5129444565718612,,,-0.6119605120578421,0.4090909090909091,157.19960883037697,-0.4546456019528322,False
TSLA_1d_breakout,equity,1d,breakout,0.3688006210798414,,,-0.1655050891718577,0.2897727272727273,72.2275848640376,-0.11493366671640863,False
JPM_1d_trend,equity,1d,trend,0.41033457771875603,,,-0.41705490537966916,0.5227272727272727,33.34495767873504,-0.25717282086588505,False
JPM_1d_mean_reversion,equity,1d,mean_reversion,-0.004177961127220341,,,-0.23538793309404127,0.4602272727272727,369.9052445168092,-0.622988874105978,False
JPM_1d_breakout,equity,1d,breakout,-0.1801195249875493,,,-0.29782614177517186,0.2840909090909091,190.86528056463217,-0.28086349621317663,False
V_1d_trend,equity,1d,trend,0.6935829679378417,0.3218423189676529,0.6884475597484956,-0.3184373679092738,0.5909090909090909,34.260462266359156,-0.5810700767377537,True
V_1d_mean_reversion,equity,1d,mean_reversion,0.2354863506798907,,,-0.30081533785219616,0.4715909090909091,421.63889299765015,-0.5770969785620776,False
V_1d_breakout,equity,1d,breakout,-0.5451698235460515,,,-0.45754683963488185,0.2897727272727273,216.49678446485868,-0.14631598331548704,False
MA_1d_trend,equity,1d,trend,0.5527090018427727,0.12794573690001082,0.5544784875161053,-0.4178009796777119,0.6022727272727273,41.722626216807654,-0.1595379043749654,True
MA_1d_mean_reversion,equity,1d,mean_reversion,-0.10526342194248461,,,-0.369725486302415,0.42045454545454547,400.4802186215709,-0.7341727121850495,False
MA_1d_breakout,equity,1d,breakout,-0.029165390791608185,,,-0.21377629890669603,0.32954545454545453,196.786065368176,0.13241361238989502,False
JNJ_1d_trend,equity,1d,trend,-0.00913393750842872,,,-0.7244639580936473,0.4772727272727273,73.76962626686219,-0.31899906543346696,False
JNJ_1d_mean_reversion,equity,1d,mean_reversion,-0.1862652116786715,,,-0.4408366231164178,0.4375,555.0960108223148,-0.29709496463617174,False
JNJ_1d_breakout,equity,1d,breakout,0.02053786367895486,,,-0.3767414251586264,0.30113636363636365,259.62266623555524,0.45014906577904423,False
WMT_1d_trend,equity,1d,trend,0.4181997890861832,,,-0.3525276268735359,0.5,54.30254474556557,-0.2527287663691592,False
WMT_1d_mean_reversion,equity,1d,mean_reversion,-0.3843249961281944,,,-0.6433674601645216,0.42045454545454547,452.0448566015301,-0.001773988402694994,False
WMT_1d_breakout,equity,1d,breakout,-0.07074198194969299,,,-0.2120103415829121,0.30113636363636365,231.4281208047219,-0.8063426351260904,False
XOM_1d_trend,equity,1d,trend,0.04171568799648955,,,-0.5423913456303504,0.4772727272727273,63.917491867572785,-0.6298509062856987,False
XOM_1d_mean_reversion,equity,1d,mean_reversion,-0.27373136117767854,,,-0.606002741590755,0.5,405.82487639345874,-0.15285939529393014,False
XOM_1d_breakout,equity,1d,breakout,-0.29841805510801495,,,-0.33450199081857823,0.23863636363636365,210.90741897153026,-0.08042767359915742,False
PG_1d_trend,equity,1d,trend,-0.025769547714743508,,,-0.5096131859072927,0.5227272727272727,70.02422028212096,-0.17520555779126162,False
PG_1d_mean_reversion,equity,1d,mean_reversion,-0.07663374619916623,,,-0.2968362482409298,0.4715909090909091,529.8490116740466,-0.04172738495731924,False
PG_1d_breakout,equity,1d,breakout,-0.28955941704446697,,,-0.322878822160531,0.2556818181818182,257.92671053396987,-0.08613339086063651,False
HD_1d_trend,equity,1d,trend,0.18951603564626465,,,-0.5663206241938441,0.5113636363636364,42.236595041026575,-0.6264943972602116,False
HD_1d_mean_reversion,equity,1d,mean_reversion,-0.36374289683597505,,,-0.554500574356457,0.4318181818181818,415.4958005579118,0.0220145302257308,False
HD_1d_breakout,equity,1d,breakout,0.20399938967591372,,,-0.14842298784884,0.3068181818181818,207.54994776168868,-0.22723062946486303,False
CVX_1d_trend,equity,1d,trend,-0.33618941238654765,,,-0.6920329716253462,0.4318181818181818,69.68114954938946,-0.5198005202756143,False
CVX_1d_mean_reversion,equity,1d,mean_reversion,-0.0806931500464164,,,-0.3321642557829879,0.5227272727272727,405.54186164622445,-0.2707069577488037,False
CVX_1d_breakout,equity,1d,breakout,0.24832758768958357,,,-0.21564804331782006,0.29545454545454547,173.24867884515174,0.19973430711879517,False
KO_1d_trend,equity,1d,trend,-0.3150927291652088,,,-0.7132169938225322,0.4431818181818182,89.10230734888702,-0.7717458715961703,False
KO_1d_mean_reversion,equity,1d,mean_reversion,-0.07695691518965062,,,-0.3887452534364285,0.4375,552.5140288157443,-0.25369788263389975,False
KO_1d_breakout,equity,1d,breakout,-0.10271445594183498,,,-0.2574255459810223,0.2556818181818182,250.83328307438103,-0.5409687675427205,False
PEP_1d_trend,equity,1d,trend,-0.08718927059202516,,,-0.5750636863280598,0.4659090909090909,84.71429912537866,-0.4864664411140522,False
PEP_1d_mean_reversion,equity,1d,mean_reversion,-0.07084501884894262,,,-0.3896429466217597,0.4772727272727273,579.1125650597877,-0.3941062535284035,False
PEP_1d_breakout,equity,1d,breakout,-0.1750659958316633,,,-0.2883521803532839,0.24431818181818182,278.7209994528148,-0.051345358061544985,False
BAC_1d_trend,equity,1d,trend,0.1156580662428943,,,-0.54133627131094,0.48863636363636365,40.75976914184618,-0.28272891536699457,False
BAC_1d_mean_reversion,equity,1d,mean_reversion,-0.4166720728759577,,,-0.6109088505041915,0.4431818181818182,303.5812718686375,0.07235742508208999,False
BAC_1d_breakout,equity,1d,breakout,-0.06867658216516132,,,-0.21559706333932893,0.25,154.59749682681087,-0.1640600515466684,False
AVGO_1d_trend,equity,1d,trend,0.6893784987346421,0.26146291297011226,0.6904841491871717,-0.4016416436891491,0.5852272727272727,26.15087505076632,-0.24488678363609784,True
AVGO_1d_mean_reversion,equity,1d,mean_reversion,-0.1694073712021766,,,-0.4445116819566146,0.4659090909090909,258.9013023916893,-0.6364845863735791,False
AVGO_1d_breakout,equity,1d,breakout,0.19375833813010285,,,-0.1658770682394466,0.32954545454545453,118.73245132872009,0.17396474443712145,False
COST_1d_trend,equity,1d,trend,0.399829328407028,,,-0.393562206975291,0.5397727272727273,55.56351873748406,-0.24665523545620685,False
COST_1d_mean_reversion,equity,1d,mean_reversion,0.05680754049608984,,,-0.23816442515872205,0.4659090909090909,446.5707929836334,-0.2601396007401451,False
COST_1d_breakout,equity,1d,breakout,-0.4539474780309021,,,-0.45728790420442855,0.26704545454545453,242.83021789926167,0.22379778108161533,False
MRK_1d_trend,equity,1d,trend,-0.05018774278785558,,,-0.6097070587351608,0.4772727272727273,55.75580302592433,-0.2912853613520332,False
MRK_1d_mean_reversion,equity,1d,mean_reversion,-0.16467620012682807,,,-0.3429765466643572,0.4431818181818182,425.6504667336001,-0.5333352398231932,False
MRK_1d_breakout,equity,1d,breakout,-0.18234933597873,,,-0.3544329314507433,0.26136363636363635,178.05225737386263,-0.6022203258343058,False
LLY_1d_trend,equity,1d,trend,0.4051722091744601,,,-0.3913003627382635,0.5056818181818182,46.81528688136895,-0.21859893466737762,False
LLY_1d_mean_reversion,equity,1d,mean_reversion,-0.1676752091878559,,,-0.5250914121516854,0.42045454545454547,334.1623301904568,-0.775750802904082,False
LLY_1d_breakout,equity,1d,breakout,0.28444034144336355,,,-0.12323056738999849,0.3068181818181818,158.1035615166848,-0.32894968725335083,False
ABBV_1d_trend,equity,1d,trend,0.06298569268488273,,,-0.4136981544968381,0.5182926829268293,44.79780412250144,-0.41004371982466575,False
ABBV_1d_mean_reversion,equity,1d,mean_reversion,-0.1910696125353794,,,-0.3703143851086199,0.47560975609756095,300.37304521333,-0.32444793110394843,False
ABBV_1d_breakout,equity,1d,breakout,0.10436507614396794,,,-0.2827728138484563,0.2682926829268293,149.53590123613594,0.21902622383142067,False
ADBE_1d_trend,equity,1d,trend,0.8525688125374007,0.47970502052407804,0.8484182615956213,-0.2747833633344564,0.6306818181818182,21.54193544460264,-0.31193824664500813,True
ADBE_1d_mean_reversion,equity,1d,mean_reversion,-0.10014395509290136,,,-0.41705356995993015,0.42613636363636365,298.65263228041135,-0.4962258487974974,False
ADBE_1d_breakout,equity,1d,breakout,-0.1389091230231744,,,-0.2850019827707371,0.3522727272727273,160.23259104822924,0.10959684271420005,False
CRM_1d_trend,equity,1d,trend,0.19484074476747074,,,-0.3596793154047595,0.5227272727272727,31.16012052281295,0.05655248766089141,False
CRM_1d_mean_reversion,equity,1d,mean_reversion,0.06453106749622739,,,-0.28878661161595354,0.5056818181818182,275.09666133602195,-0.38471217621835646,False
CRM_1d_breakout,equity,1d,breakout,0.06371399034787036,,,-0.2845296891913508,0.32386363636363635,138.0104271222214,-0.4726226591728158,False
NFLX_1d_trend,equity,1d,trend,0.496994617560923,,,-0.3568380861365299,0.5681818181818182,21.94837659699335,0.16920848024135188,False
NFLX_1d_mean_reversion,equity,1d,mean_reversion,-0.1754725077912206,,,-0.37628119704261687,0.4431818181818182,191.27565042703833,0.04677091489998678,False
NFLX_1d_breakout,equity,1d,breakout,0.09827565159621399,,,-0.1962685335147356,0.3352272727272727,111.76460109001286,-0.4514711068895423,False
AMD_1d_trend,equity,1d,trend,0.45981119236891754,,,-0.4081616277990108,0.5113636363636364,19.68610596635411,-0.1441763407222035,False
AMD_1d_mean_reversion,equity,1d,mean_reversion,-0.394325691023151,,,-0.5593119875640613,0.42045454545454547,152.6604317755825,-0.5754745074493421,False
AMD_1d_breakout,equity,1d,breakout,-0.09473165421261351,,,-0.34688763469043116,0.2897727272727273,82.60668239429708,-0.42145152603178954,False
DIS_1d_trend,equity,1d,trend,-6.769750545540283e-05,,,-0.6460587207718114,0.5056818181818182,44.952386202266496,-0.45863668606038066,False
DIS_1d_mean_reversion,equity,1d,mean_reversion,0.017433993785551088,,,-0.32272410880169655,0.4715909090909091,378.2674971887577,0.633957583927869,False
DIS_1d_breakout,equity,1d,breakout,0.24273372059936107,,,-0.3590650777645875,0.29545454545454547,197.37970097606703,-0.04252681594530743,False
CSCO_1d_trend,equity,1d,trend,0.2983182286635403,,,-0.307667297823622,0.5625,45.154332978933056,-0.681548212337715,False
CSCO_1d_mean_reversion,equity,1d,mean_reversion,-0.1434734155218621,,,-0.3942523473735511,0.4375,358.3824666656199,-0.3690091296758935,False
CSCO_1d_breakout,equity,1d,breakout,-0.017907189572530277,,,-0.215153680140036,0.32954545454545453,176.7738641184588,-0.5589155783309614,False
INTC_1d_trend,equity,1d,trend,0.0745426023170343,,,-0.5068332217759175,0.4659090909090909,53.4211845492008,-0.3607583389844123,False
INTC_1d_mean_reversion,equity,1d,mean_reversion,-0.2505469978957655,,,-0.5346221953689988,0.44886363636363635,280.7939675063132,-0.2746022584039333,False
INTC_1d_breakout,equity,1d,breakout,0.24955965423271145,,,-0.19373998473604026,0.26136363636363635,141.5400168408285,-0.6767442794350639,False
PFE_1d_trend,equity,1d,trend,0.13431921122354604,,,-0.43537434286814425,0.4772727272727273,60.94586411894707,-0.41332407840615965,False
PFE_1d_mean_reversion,equity,1d,mean_reversion,-0.30011818059593304,,,-0.5034997841291418,0.4431818181818182,431.87097182518494,-0.2841939217428422,False
PFE_1d_breakout,equity,1d,breakout,-0.4647109248887455,,,-0.433667114952769,0.19318181818181818,200.39270328915507,-0.12232658926436359,False
WFC_1d_trend,equity,1d,trend,0.014810191542385531,,,-0.5987194970921379,0.5056818181818182,48.48107825599851,-0.07023826290834709,False
WFC_1d_mean_reversion,equity,1d,mean_reversion,-0.3117421115057727,,,-0.4787796721972478,0.4602272727272727,352.07401118701154,-0.32180629369613034,False
WFC_1d_breakout,equity,1d,breakout,-0.06649933542208758,,,-0.3701678644627423,0.2897727272727273,173.21183050676046,-0.23102099714956967,False
TMO_1d_trend,equity,1d,trend,0.39146763269608353,,,-0.5213908032698832,0.5568181818181818,36.30275946911179,-0.7790280361374362,False
TMO_1d_mean_reversion,equity,1d,mean_reversion,-0.30688465259672976,,,-0.5121765012426376,0.4034090909090909,363.09579995502077,-0.5311153851454984,False
TMO_1d_breakout,equity,1d,breakout,0.027073159148289457,,,-0.24868653786120465,0.3352272727272727,181.6346036108601,-0.639896780627947,False
MCD_1d_trend,equity,1d,trend,-0.18052082964414257,,,-0.6562671990151931,0.45454545454545453,72.70664573391119,-0.29728991460526466,False
MCD_1d_mean_reversion,equity,1d,mean_reversion,-0.073338041390755,,,-0.4691484354555594,0.4318181818181818,515.1367072453477,-0.2822416896915008,False
MCD_1d_breakout,equity,1d,breakout,0.0302458907572238,,,-0.2859648323841786,0.2784090909090909,269.0420441976397,0.1164980726693614,False
ABT_1d_trend,equity,1d,trend,0.14014631559612323,,,-0.4816586081502583,0.4943181818181818,48.14290913098574,-0.4250617313670234,False
ABT_1d_mean_reversion,equity,1d,mean_reversion,-0.13187654080794592,,,-0.4491385898481828,0.4659090909090909,417.4845875390413,-0.07668962183077149,False
ABT_1d_breakout,equity,1d,breakout,-0.7842765323600857,,,-0.603553106033329,0.25,207.36629414555387,0.03860149658938392,False
ORCL_1d_trend,equity,1d,trend,0.2716650294930298,,,-0.27765567776521594,0.4943181818181818,46.75782295552063,-0.3783969551722198,False
ORCL_1d_mean_reversion,equity,1d,mean_reversion,-0.13827742747507232,,,-0.5034665549449864,0.38636363636363635,322.11211504072566,-0.29907563186642083,False
ORCL_1d_breakout,equity,1d,breakout,-0.42453732120481485,,,-0.493559339439096,0.2159090909090909,150.81164539016115,-0.03620638810733713,False
ACN_1d_trend,equity,1d,trend,0.3213524646642314,,,-0.3959059679216277,0.5511363636363636,36.404948897079805,-0.43226274989059005,False
ACN_1d_mean_reversion,equity,1d,mean_reversion,-0.1760686809573708,,,-0.45804474485404534,0.4318181818181818,390.4937200410386,-0.25142235770847304,False
ACN_1d_breakout,equity,1d,breakout,0.005995232610470707,,,-0.30645876835716734,0.30113636363636365,202.36058528159606,-0.18889408271375974,False
QCOM_1d_trend,equity,1d,trend,-0.5607360876122993,,,-0.8083747959932348,0.44886363636363635,40.930786626233484,0.1896882148136222,False
QCOM_1d_mean_reversion,equity,1d,mean_reversion,-0.12624299908911701,,,-0.5019843406591538,0.5170454545454546,272.4781241695227,-0.3237075968124272,False
QCOM_1d_breakout,equity,1d,breakout,-0.043899019050259426,,,-0.3852827014078981,0.30113636363636365,137.95151941712385,-0.29482384016196367,False
TXN_1d_trend,equity,1d,trend,0.14986249393912818,,,-0.5262258203958069,0.48863636363636365,41.91567727102191,-0.6135389803938435,False
TXN_1d_mean_reversion,equity,1d,mean_reversion,0.10884412872402988,,,-0.32690446033974496,0.4318181818181818,352.96007094563475,-0.3763530863972315,False
TXN_1d_breakout,equity,1d,breakout,-0.03502196742172588,,,-0.30249075712256024,0.2556818181818182,162.32903865687723,-0.03591486063318195,False
NKE_1d_trend,equity,1d,trend,0.12291638894535374,,,-0.46739632691288946,0.44886363636363635,37.56556547333352,0.0721155925167483,False
NKE_1d_mean_reversion,equity,1d,mean_reversion,-0.018093175611130094,,,-0.3909231762819617,0.4659090909090909,311.37416641007553,-0.055906337072604464,False
NKE_1d_breakout,equity,1d,breakout,-0.12828694144910505,,,-0.3289532169639947,0.2840909090909091,162.42122509553752,-0.17573410413629084,False
UNH_1d_trend,equity,1d,trend,0.38759344044696803,,,-0.39016044813632056,0.5227272727272727,43.00882830003043,-0.27353921467955655,False
UNH_1d_mean_reversion,equity,1d,mean_reversion,0.22673913100767693,,,-0.20592706702528674,0.4659090909090909,364.89869838888785,-0.26859533971997884,False
UNH_1d_breakout,equity,1d,breakout,-0.6312068987989825,,,-0.5913272156656286,0.23863636363636365,190.13940847103117,-0.28439359650266915,False
HON_1d_trend,equity,1d,trend,0.013524281276648596,,,-0.6250871925909031,0.4772727272727273,51.53377196582673,-0.41648457710835135,False
HON_1d_mean_reversion,equity,1d,mean_reversion,0.07145101876257778,,,-0.4006459310749282,0.4772727272727273,460.0813975908286,-0.6533241010712452,False
HON_1d_breakout,equity,1d,breakout,-0.13569119743801344,,,-0.24478219142540125,0.2727272727272727,226.49337770036294,-0.3926375830274077,False
UPS_1d_trend,equity,1d,trend,-0.19932672954890515,,,-0.6384334588618887,0.4772727272727273,61.93004501271017,0.09559314691001948,False
UPS_1d_mean_reversion,equity,1d,mean_reversion,-0.12755155278858812,,,-0.45542634981853136,0.4318181818181818,405.32762309483326,-0.8126361479198427,False
UPS_1d_breakout,equity,1d,breakout,-0.19113802936281196,,,-0.2720394894146301,0.23863636363636365,196.50897927792153,-0.010722029140510219,False
LOW_1d_trend,equity,1d,trend,-0.18016431543204187,,,-0.737011625422755,0.45454545454545453,47.32801113677737,-1.072193779856468,False
LOW_1d_mean_reversion,equity,1d,mean_reversion,0.06339013848933428,,,-0.4090896611621829,0.5,351.8935057028913,-0.5309382279760937,False
LOW_1d_breakout,equity,1d,breakout,-0.08611636845098246,,,-0.26676155935328394,0.29545454545454547,181.97365641462272,-0.40954056273446743,False
IBM_1d_trend,equity,1d,trend,-0.6073085532239064,,,-0.8725559149658142,0.4431818181818182,69.8233853049017,-0.2723174420895822,False
IBM_1d_mean_reversion,equity,1d,mean_reversion,-0.14797447743121725,,,-0.488833877819129,0.48863636363636365,413.24805445057603,-0.08208451368262072,False
IBM_1d_breakout,equity,1d,breakout,0.08510931407813882,,,-0.21591408459906747,0.2727272727272727,175.11776594883065,-0.23700467662261449,False
GS_1d_trend,equity,1d,trend,0.1386017834762857,,,-0.6252239445785897,0.5170454545454546,44.844298687544224,-0.5821212543329634,False
GS_1d_mean_reversion,equity,1d,mean_reversion,-0.2533421901916501,,,-0.4439846370166247,0.4034090909090909,334.7430672269102,-0.23638660113680574,False
GS_1d_breakout,equity,1d,breakout,0.24144629048822208,,,-0.17333934373732152,0.29545454545454547,159.42151752496838,-0.06307105700336853,False
CAT_1d_trend,equity,1d,trend,-0.0788665763121022,,,-0.7287158663190831,0.48295454545454547,49.43465560923357,-0.5141597722995463,False
CAT_1d_mean_reversion,equity,1d,mean_reversion,-0.644506561997329,,,-0.6678780192744702,0.42045454545454547,287.65778247719794,-0.13257316009451087,False
CAT_1d_breakout,equity,1d,breakout,0.17448979030871142,,,-0.19577605258916886,0.32954545454545453,158.63424600065633,0.029018332910489397,False
SPY_1d_trend,equity,1d,trend,0.522429603812048,0.07878494898860237,0.5262082530727835,-0.38065427304652844,0.6193181818181818,60.08409327169861,-0.1963597839456731,True
SPY_1d_mean_reversion,equity,1d,mean_reversion,-0.17093946849098698,,,-0.5182060494533691,0.45454545454545453,662.2701131751329,-0.6967739055671462,False
SPY_1d_breakout,equity,1d,breakout,0.030476987785458588,,,-0.202056489231773,0.4034090909090909,384.2756799609861,-0.3857428329464363,False
QQQ_1d_trend,equity,1d,trend,0.7270791715434002,0.32954235815038385,0.732133111855736,-0.26469420221401585,0.6079545454545454,44.6752618811109,-0.9199994055398689,True
QQQ_1d_mean_reversion,equity,1d,mean_reversion,-0.05621666360552483,,,-0.4516344837654722,0.4090909090909091,536.4197644846708,-0.1674897181962293,False
QQQ_1d_breakout,equity,1d,breakout,-0.1643220119140242,,,-0.35791235119906517,0.3352272727272727,322.31571404201406,-0.4943250635409723,False
AUDJPY_1h_trend,fx,1h,trend,-0.13037990303132918,,,-0.4106574188258376,0.475,1503.2094638501933,-5.112084109558644,False
AUDJPY_1h_mean_reversion,fx,1h,mean_reversion,-1.4453579036935047,,,-0.6572353081966683,0.3125,10166.905055919526,-4.302834656927897,False
AUDJPY_1h_breakout,fx,1h,breakout,-0.8867878899289967,,,-0.414040781886974,0.3625,4576.944444530265,-3.237034727644871,False
AUDNZD_1h_trend,fx,1h,trend,0.14990542605535628,,,-0.2603172538265607,0.5,1669.8875257254779,-11.05488822095476,False
AUDNZD_1h_mean_reversion,fx,1h,mean_reversion,-2.5218642947684313,,,-0.7661930100931039,0.15,17231.470882278183,-8.553126933719891,False
AUDNZD_1h_breakout,fx,1h,breakout,-2.5170023211317787,,,-0.5659049014302758,0.1875,6128.509202906305,-5.383152259372242,False
AUDUSD_1h_trend,fx,1h,trend,-0.508656655135828,,,-0.5146125713945203,0.5,1531.1095096139331,-5.830350863102098,False
AUDUSD_1h_mean_reversion,fx,1h,mean_reversion,-1.264242952096477,,,-0.5863712985703655,0.325,10312.275058128072,-4.650500572613355,False
AUDUSD_1h_breakout,fx,1h,breakout,-1.559186487459813,,,-0.5434243178268301,0.3125,4763.499589976199,-3.1156453597943163,False
CADJPY_1h_trend,fx,1h,trend,0.016356898570112004,,,-0.28762372796928415,0.4875,1443.2165156072044,-6.839276763467743,False
CADJPY_1h_mean_reversion,fx,1h,mean_reversion,-2.484159356088016,,,-0.8320076057163566,0.2,11287.447616203373,-4.421893574787119,False
CADJPY_1h_breakout,fx,1h,breakout,-0.496249647785453,,,-0.3260685813258958,0.4375,4997.692010139476,-3.132742011601185,False
CHFJPY_1h_trend,fx,1h,trend,-0.3819004746834815,,,-0.46298724277015835,0.3625,1738.552979985056,-8.15551650755223,False
CHFJPY_1h_mean_reversion,fx,1h,mean_reversion,-2.4340259762240093,,,-0.8096163838280216,0.1875,13715.32366137102,-5.478259714627113,False
CHFJPY_1h_breakout,fx,1h,breakout,-1.5217273033718093,,,-0.5262597997343454,0.375,5696.602811763645,-3.1237428824486755,False
EURAUD_1h_trend,fx,1h,trend,-0.3431469845911121,,,-0.6131805008971163,0.525,1707.8738267779054,-8.250953079390456,False
EURAUD_1h_mean_reversion,fx,1h,mean_reversion,-1.744574643116771,,,-0.6896412052994773,0.25,13458.209803529151,-5.822889285847575,False
EURAUD_1h_breakout,fx,1h,breakout,-1.1977391916748943,,,-0.45029343565101854,0.35,5590.012298487252,-3.2076874358801257,False
EURCAD_1h_trend,fx,1h,trend,-0.7667219396866263,,,-0.6638095868700336,0.4,1941.5200493982065,-9.554353301655873,False
EURCAD_1h_mean_reversion,fx,1h,mean_reversion,-2.500888006863024,,,-0.8053774275112522,0.2125,15172.091019398962,-6.320024789841107,False
EURCAD_1h_breakout,fx,1h,breakout,-1.950628036430864,,,-0.582338980651109,0.25,5954.825406433343,-3.734404021917974,False
EURCHF_1h_trend,fx,1h,trend,-0.23662516367622252,,,-0.3285638516015498,0.525,1687.6383641587843,-11.043138568586917,False
EURCHF_1h_mean_reversion,fx,1h,mean_reversion,-2.2252437513348777,,,-0.7388914901966335,0.2375,16416.084673342815,-7.814059017648356,False
EURCHF_1h_breakout,fx,1h,breakout,-2.25012393650783,,,-0.5785839514738085,0.2875,5769.826781116788,-3.7238805129182744,False
EURGBP_1h_trend,fx,1h,trend,-0.8821924893302876,,,-0.6639839455449953,0.3875,1764.739139326683,-10.856916121347375,False
EURGBP_1h_mean_reversion,fx,1h,mean_reversion,-1.9708071956779454,,,-0.6861586309116177,0.25,15822.153760464964,-6.725743072533018,False
EURGBP_1h_breakout,fx,1h,breakout,-1.915563213080038,,,-0.5497292595560188,0.275,6052.069787325166,-3.7519142205900837,False
EURJPY_1h_trend,fx,1h,trend,-0.4353137240037215,,,-0.4912325516718158,0.475,1706.6796017094414,-7.999590611520257,False
EURJPY_1h_mean_reversion,fx,1h,mean_reversion,-1.88997141922868,,,-0.7231730646274255,0.275,12532.224827758784,-5.022544248655214,False
EURJPY_1h_breakout,fx,1h,breakout,-1.3302984182314501,,,-0.5365895946463195,0.2625,5693.162222517436,-3.679595678661148,False
EURUSD_1h_trend,fx,1h,trend,0.04185411760400159,,,-0.21272240731927883,0.4875,1635.8371429449603,-8.707690646318843,False
EURUSD_1h_mean_reversion,fx,1h,mean_reversion,-1.9625480636693378,,,-0.7520412785454044,0.2625,14046.267661219275,-6.197199016109082,False
EURUSD_1h_breakout,fx,1h,breakout,-1.832009095852105,,,-0.5743058210794962,0.225,6104.0472290963135,-3.21645331563644,False
GBPAUD_1h_trend,fx,1h,trend,-0.34231222411208373,,,-0.4116380779256079,0.425,1817.6202189620806,-8.081699538024653,False
GBPAUD_1h_mean_reversion,fx,1h,mean_reversion,-1.7161460714428565,,,-0.7353675663185805,0.275,13535.661940355189,-5.313515753581289,False
GBPAUD_1h_breakout,fx,1h,breakout,-1.6362616522255176,,,-0.5209644088075092,0.325,5721.798084445874,-3.1407314970186313,False
GBPCHF_1h_trend,fx,1h,trend,-0.4582780298210849,,,-0.5164371687460121,0.425,1852.823426677309,-8.688098378302172,False
GBPCHF_1h_mean_reversion,fx,1h,mean_reversion,-1.2950570166607906,,,-0.6249738336931496,0.425,13895.01691698298,-5.833381527196591,False
GBPCHF_1h_breakout,fx,1h,breakout,-1.1302705154113777,,,-0.4559765945716282,0.3625,5455.78031409864,-3.4280860022513404,False
GBPJPY_1h_trend,fx,1h,trend,0.249733821165975,,,-0.32973603588463307,0.525,1516.646253749219,-7.1317087693134145,False
GBPJPY_1h_mean_reversion,fx,1h,mean_reversion,-1.8874428099205265,,,-0.7413059550455071,0.2875,11419.23339150265,-4.772058490973222,False
GBPJPY_1h_breakout,fx,1h,breakout,-0.4584306838896766,,,-0.3600376931910042,0.45,5140.334888756402,-3.0235335462866244,False
GBPUSD_1h_trend,fx,1h,trend,-0.35746117412070694,,,-0.4554498118893475,0.4375,1766.4512298519508,-8.078613848388926,False
GBPUSD_1h_mean_reversion,fx,1h,mean_reversion,-2.0543782828199473,,,-0.7424766090561665,0.2375,12653.14476690898,-5.004856770022341,False
GBPUSD_1h_breakout,fx,1h,breakout,-1.4804791550592071,,,-0.5315516222097376,0.3125,5544.327150325973,-3.8173874833501165,False
NZDJPY_1h_trend,fx,1h,trend,-0.44431458477129326,,,-0.4569695189030707,0.45,1465.9639146584286,-6.580996382827505,False
NZDJPY_1h_mean_reversion,fx,1h,mean_reversion,-1.66886898212526,,,-0.6735179839884617,0.35,10213.829926054534,-3.7983397094518607,False
NZDJPY_1h_breakout,fx,1h,breakout,-0.6061402640724436,,,-0.30524045652669296,0.425,4624.704529886165,-2.416925205713715,False
NZDUSD_1h_trend,fx,1h,trend,-0.4288001665592451,,,-0.5091353839917476,0.4,1420.8697146002828,-5.818197426174895,False
NZDUSD_1h_mean_reversion,fx,1h,mean_reversion,-1.0093175577994091,,,-0.5450343970193832,0.3375,10204.375203874424,-4.421645398818473,False
NZDUSD_1h_breakout,fx,1h,breakout,-1.3694634017561822,,,-0.5139301594266237,0.3,4707.609738645088,-3.877214824660931,False
USDCAD_1h_trend,fx,1h,trend,-0.33731822704740366,,,-0.5382635806437344,0.4,1686.326835069725,-9.523799354566384,False
USDCAD_1h_mean_reversion,fx,1h,mean_reversion,-1.9876190884682974,,,-0.7379587287527194,0.3125,15124.17686882557,-6.342068711760849,False
USDCAD_1h_breakout,fx,1h,breakout,-2.3057659532090042,,,-0.6387162993753593,0.2125,6790.737141775084,-4.197334815574927,False
USDCHF_1h_trend,fx,1h,trend,-0.530889116415253,,,-0.5329074804092057,0.475,1855.6866393661069,-8.12892398967003,False
USDCHF_1h_mean_reversion,fx,1h,mean_reversion,-1.8297139959099165,,,-0.7129139454938038,0.3375,13305.213009181349,-4.70076005994707,False
USDCHF_1h_breakout,fx,1h,breakout,-0.9875227822782996,,,-0.40488736211625453,0.4,5633.720047085863,-4.01350982005993,False
USDJPY_1h_trend,fx,1h,trend,-0.07950446646096841,,,-0.42622116732626614,0.45,1594.7942645445248,-7.343448003196507,False
USDJPY_1h_mean_reversion,fx,1h,mean_reversion,-2.594093482897294,,,-0.8498761446519093,0.2125,12407.499342098588,-5.420458312102872,False
USDJPY_1h_breakout,fx,1h,breakout,-0.649706434451053,,,-0.3690991417474485,0.45,5786.521200031713,-2.780298071787628,False
USDMXN_1h_trend,fx,1h,trend,-0.5794811351075947,,,-0.5714021705875159,0.4875,1347.929203402052,-5.4820575237101545,False
USDMXN_1h_mean_reversion,fx,1h,mean_reversion,-0.39495706433743066,,,-0.3285195464538412,0.4375,9409.560669636505,-4.258064299093956,False
USDMXN_1h_breakout,fx,1h,breakout,-0.5968901546723836,,,-0.2931453586316227,0.45,3861.6904208054457,-1.8053960957730446,False
USDNOK_1h_trend,fx,1h,trend,-0.28418324432107983,,,-0.48244534712597176,0.4,1219.6157437099105,-5.2696739182823755,False
USDNOK_1h_mean_reversion,fx,1h,mean_reversion,-1.326587119188126,,,-0.6292986077949654,0.3625,8378.61491097157,-3.569607275892964,False
USDNOK_1h_breakout,fx,1h,breakout,-1.5198818514987036,,,-0.5327233596704817,0.2625,3646.6347595197226,-2.119302683136656,False
USDSEK_1h_trend,fx,1h,trend,0.0687660974314279,,,-0.36098851659787257,0.525,1316.721584266212,-5.719937446494022,False
USDSEK_1h_mean_reversion,fx,1h,mean_reversion,-1.166634103270815,,,-0.6159015897808284,0.325,9542.92202918625,-3.488360419197857,False
USDSEK_1h_breakout,fx,1h,breakout,-1.3301714139428165,,,-0.4773223037604749,0.375,4141.074762410664,-2.3089814029506037,False
USDSGD_1h_trend,fx,1h,trend,-0.09637652532173438,,,-0.31006831542965174,0.55,1600.8920873610648,-13.304953461550337,False
USDSGD_1h_mean_reversion,fx,1h,mean_reversion,-3.0572409224693913,,,-0.8095263206118314,0.15,17349.902639493554,-9.52288127244083,False
USDSGD_1h_breakout,fx,1h,breakout,-2.4243801545842687,,,-0.6011459206470199,0.225,7732.085535239404,-5.8530309829940474,False
USDZAR_1h_trend,fx,1h,trend,-0.38296735108578933,,,-0.5822883015348832,0.45,975.2574262695481,-5.113092962600069,False
USDZAR_1h_mean_reversion,fx,1h,mean_reversion,-0.6945945180615437,,,-0.48584393892500766,0.4375,7359.9338083106295,-3.2477312543944388,False
USDZAR_1h_breakout,fx,1h,breakout,-1.0451839880608802,,,-0.4185055163330891,0.3125,3087.0325655509114,-2.534071675437993,False
AUDJPY_4h_trend,fx,4h,trend,0.5435217400255787,-0.08166209407208119,0.5405661182649871,-0.2946483302813867,0.55,295.124148154782,-1.116051211185923,False
AUDJPY_4h_mean_reversion,fx,4h,mean_reversion,-0.5665512156262025,,,-0.33625818653312245,0.375,2551.028631100912,-1.5686510245673346,False
AUDJPY_4h_breakout,fx,4h,breakout,0.2669543214903718,,,-0.12865489683590048,0.55,1096.6395163907596,-0.7830868370333617,False
AUDNZD_4h_trend,fx,4h,trend,-0.16186384598497663,,,-0.3697864991899551,0.425,486.92963724738115,-3.4261014196141106,False
AUDNZD_4h_mean_reversion,fx,4h,mean_reversion,-1.2573029004390515,,,-0.5472386869659929,0.35,4514.4213166255295,-2.042700780107858,False
AUDNZD_4h_breakout,fx,4h,breakout,-0.6450605241861465,,,-0.23998795025369268,0.3875,1831.7843929219293,-1.5174784110020076,False
AUDUSD_4h_trend,fx,4h,trend,-0.2856970120322481,,,-0.523812759677994,0.5,379.48004641498017,-1.3774633864102928,False
AUDUSD_4h_mean_reversion,fx,4h,mean_reversion,0.14396545663898577,,,-0.26221796161052946,0.5,2634.4959728692575,-1.5300868583262874,False
AUDUSD_4h_breakout,fx,4h,breakout,-0.8959733618616675,,,-0.3854094262397397,0.35,1215.9082259511806,-1.494322803149251,False
CADJPY_4h_trend,fx,4h,trend,-0.3892630796567592,,,-0.4258286177587328,0.5,415.0583394564741,-1.4711781583509054,False
CADJPY_4h_mean_reversion,fx,4h,mean_reversion,0.020504772824526587,,,-0.23429994519580521,0.475,2877.616129625889,-0.7767703933914207,False
CADJPY_4h_breakout,fx,4h,breakout,-0.18732431796940785,,,-0.30489013451349656,0.45,1310.5399148355646,-0.8838575239539221,False
CHFJPY_4h_trend,fx,4h,trend,0.5521577907275041,-0.08773242023892847,0.5393149043310368,-0.22265234736418527,0.5125,399.7854831548691,-2.806025141535919,False
CHFJPY_4h_mean_reversion,fx,4h,mean_reversion,-0.2743279752115739,,,-0.3681890685930851,0.4625,3380.119899434055,-2.1291715466969547,False
CHFJPY_4h_breakout,fx,4h,breakout,-0.6184964679939339,,,-0.3322951832083003,0.4375,1544.515657526453,-0.45009427075811664,False
EURAUD_4h_trend,fx,4h,trend,-0.10368025303694184,,,-0.43682326278169825,0.425,444.07210873427675,-2.0514750501794228,False
EURAUD_4h_mean_reversion,fx,4h,mean_reversion,-0.5641007456343401,,,-0.36970904647850755,0.5125,3459.652452741814,-1.4268489617149893,False
EURAUD_4h_breakout,fx,4h,breakout,0.23003360297905637,,,-0.13278789680945768,0.4,1395.3769282248788,-1.0739092421849525,False
EURCAD_4h_trend,fx,4h,trend,-0.8162286237776678,,,-0.6103451416031902,0.4,620.6743836198065,-3.2413534079982074,False
EURCAD_4h_mean_reversion,fx,4h,mean_reversion,-0.5171239412746645,,,-0.3720577458561731,0.4,3784.7025770277664,-1.8150567375830613,False
EURCAD_4h_breakout,fx,4h,breakout,-0.7841217632285802,,,-0.3565900172313059,0.375,1689.9866574968896,-1.3640300577809434,False
EURCHF_4h_trend,fx,4h,trend,-0.5016024786429394,,,-0.45997269087130666,0.4375,472.30635555038214,-2.932881452056898,False
EURCHF_4h_mean_reversion,fx,4h,mean_reversion,0.22597970877145448,,,-0.20409835348717198,0.475,4119.849975781364,-2.3220327214394056,False
EURCHF_4h_breakout,fx,4h,breakout,-0.7249844743409002,,,-0.2783584290563479,0.3625,1572.887499468894,-1.3752241228701247,False
EURGBP_4h_trend,fx,4h,trend,-0.9355245685318618,,,-0.6595658794824917,0.3875,501.6164430251902,-2.530959289917521,False
EURGBP_4h_mean_reversion,fx,4h,mean_reversion,-0.27453031125148375,,,-0.2702529942736531,0.4,4063.8103648916367,-2.2345464402866764,False
EURGBP_4h_breakout,fx,4h,breakout,-0.9324592662824923,,,-0.3913813011749706,0.3375,1624.6383514128747,-0.46344148826234804,False
EURJPY_4h_trend,fx,4h,trend,-0.17160385394494557,,,-0.41426584391980004,0.5,459.67684519413075,-2.023600379086374,False
EURJPY_4h_mean_reversion,fx,4h,mean_reversion,0.026322322098505314,,,-0.2645969666389927,0.4875,3279.6076601672858,-1.7564624637502448,False
EURJPY_4h_breakout,fx,4h,breakout,-0.3166471556218949,,,-0.26987430071880514,0.4,1449.5313559359113,-1.5227445433453124,False
EURUSD_4h_trend,fx,4h,trend,0.19595474792815593,,,-0.24440675561083813,0.5,416.863635368914,-1.5193643246841102,False
EURUSD_4h_mean_reversion,fx,4h,mean_reversion,-0.17781192372685303,,,-0.27571333848606494,0.4875,3453.812589828316,-1.3132269508444752,False
EURUSD_4h_breakout,fx,4h,breakout,-0.7745139011943863,,,-0.3926702881351323,0.3125,1591.7091020387575,-0.39813051252369785,False
GBPAUD_4h_trend,fx,4h,trend,-0.12510651235729017,,,-0.3865267388597138,0.5125,444.5001922446014,-2.307395033630697,False
GBPAUD_4h_mean_reversion,fx,4h,mean_reversion,-0.7825887102139387,,,-0.4239494155285014,0.3875,3425.513698394666,-1.1529947049094253,False
GBPAUD_4h_breakout,fx,4h,breakout,-0.9816963701879703,,,-0.377180518700989,0.3625,1494.4539140409938,-0.6184977401410431,False
GBPCHF_4h_trend,fx,4h,trend,-0.4552601693724687,,,-0.5636477951966243,0.4375,455.0473912654196,-2.0942535678470926,False
GBPCHF_4h_mean_reversion,fx,4h,mean_reversion,-1.039461977727413,,,-0.5125553506483693,0.35,3500.431526213067,-1.9736311437764953,False
GBPCHF_4h_breakout,fx,4h,breakout,-0.34614726038047866,,,-0.262627405797209,0.3375,1439.4521761274582,-0.43430574546801004,False
GBPJPY_4h_trend,fx,4h,trend,-0.30707992868355777,,,-0.34809517383528377,0.4375,382.3480625322479,-0.8697009786142835,False
GBPJPY_4h_mean_reversion,fx,4h,mean_reversion,-0.7504302304070353,,,-0.5150417007519227,0.35,2814.476848434566,-0.8336393580672555,False
GBPJPY_4h_breakout,fx,4h,breakout,-0.027137449812974588,,,-0.1805468320458401,0.4,1306.5369591562842,-0.7805287434788487,False
GBPUSD_4h_trend,fx,4h,trend,-0.004584934842046044,,,-0.3532396642522976,0.4875,411.7689860828529,-1.990639621440355,False
GBPUSD_4h_mean_reversion,fx,4h,mean_reversion,-0.2054555326117298,,,-0.2847635711423815,0.525,3280.593371527945,-1.569289309730947,False
GBPUSD_4h_breakout,fx,4h,breakout,-0.2528097060874447,,,-0.19984204317719345,0.4375,1436.520071778691,-1.213566008019591,False
NZDJPY_4h_trend,fx,4h,trend,-0.33590193580169364,,,-0.4914872587407122,0.4625,397.14624220087444,-2.588100531920255,False
NZDJPY_4h_mean_reversion,fx,4h,mean_reversion,-0.37003854248722673,,,-0.27436198921736377,0.425,2628.7561671970434,-1.414707445927504,False
NZDJPY_4h_breakout,fx,4h,breakout,0.07119668867062583,,,-0.20494866995491867,0.475,1157.236432568708,-0.9026525590754174,False
NZDUSD_4h_trend,fx,4h,trend,-0.43135100163035833,,,-0.5330489574403307,0.375,389.28926928946413,-2.246111932293424,False
NZDUSD_4h_mean_reversion,fx,4h,mean_reversion,0.27143736331694096,,,-0.20231561714316804,0.5375,2652.39846172215,-0.789742606922178,False
NZDUSD_4h_breakout,fx,4h,breakout,-0.9568179607212516,,,-0.369256179769581,0.375,1230.6198641459714,-1.157830122440619,False
USDCAD_4h_trend,fx,4h,trend,0.17394984276308836,,,-0.3903504092414246,0.45,423.8820991583482,-2.364141939822982,False
USDCAD_4h_mean_reversion,fx,4h,mean_reversion,-0.13873349230039964,,,-0.25477390948485057,0.4375,3799.52235064236,-1.801315758191616,False
USDCAD_4h_breakout,fx,4h,breakout,-0.6563860508644971,,,-0.2834845400856961,0.3875,1858.9368448191253,-1.7648649392750135,False
USDCHF_4h_trend,fx,4h,trend,-0.3967830850098927,,,-0.502942567612304,0.4625,533.6066248196305,-2.236245028318865,False
USDCHF_4h_mean_reversion,fx,4h,mean_reversion,-0.5404655113581971,,,-0.3745061935107329,0.4375,3345.3284061423687,-1.9052284281065108,False
USDCHF_4h_breakout,fx,4h,breakout,-0.010690834023715134,,,-0.14591540690755356,0.475,1584.6771949913077,-0.5358894298445448,False
USDJPY_4h_trend,fx,4h,trend,-0.0315957424748457,,,-0.27565416839878165,0.4625,435.4470666358729,-2.604284159047291,False
USDJPY_4h_mean_reversion,fx,4h,mean_reversion,-0.3088411790491032,,,-0.2722721625489909,0.425,3110.689544164132,-0.9138762939720219,False
USDJPY_4h_breakout,fx,4h,breakout,0.16476646470635117,,,-0.20923755719218318,0.475,1403.093518466785,-1.3129229649025957,False
USDMXN_4h_trend,fx,4h,trend,-0.3227828356440397,,,-0.45664520100163986,0.475,352.52421589738543,-1.7338187056132832,False
USDMXN_4h_mean_reversion,fx,4h,mean_reversion,-0.18494113145532462,,,-0.23064911097938912,0.4375,2348.7866661062517,-0.8643948013129963,False
USDMXN_4h_breakout,fx,4h,breakout,-0.8357945432863711,,,-0.43828961713869763,0.35,1097.8285916009504,-0.26010812169812914,False
USDNOK_4h_trend,fx,4h,trend,0.12076873419037185,,,-0.3016898736290641,0.4625,290.32992963194835,-1.6030300071333303,False
USDNOK_4h_mean_reversion,fx,4h,mean_reversion,-0.4065232562532679,,,-0.3118917265697526,0.4625,2168.867947297492,-1.4379985929917165,False
USDNOK_4h_breakout,fx,4h,breakout,-0.6155037790472675,,,-0.33710175346835924,0.4,1002.5436336906121,-0.2258946863211304,False
USDSEK_4h_trend,fx,4h,trend,-0.04818158577735994,,,-0.30524707351573044,0.4625,333.4973081772488,-1.6508177304978595,False
USDSEK_4h_mean_reversion,fx,4h,mean_reversion,0.4791387595814029,,,-0.1760690726911015,0.6125,2375.5740438167777,-0.595437018253949,False
USDSEK_4h_breakout,fx,4h,breakout,-0.40328031933876535,,,-0.27944923108830255,0.3625,1071.5371228481852,-0.8230143857737375,False
USDSGD_4h_trend,fx,4h,trend,-0.24524317298039383,,,-0.3336285857976907,0.4625,401.1118444424825,-3.2741917781825896,False
USDSGD_4h_mean_reversion,fx,4h,mean_reversion,-0.755249278101288,,,-0.36339778593372063,0.4125,4462.851401190578,-2.3730417613661903,False
USDSGD_4h_breakout,fx,4h,breakout,-0.8330553466443859,,,-0.3010611674402285,0.4,2069.6577761331905,-1.6631146814112914,False
USDZAR_4h_trend,fx,4h,trend,-0.6927919158832099,,,-0.6334416047171236,0.3625,293.37127523993985,-1.5206169768016644,False
USDZAR_4h_mean_reversion,fx,4h,mean_reversion,-0.19988282507827815,,,-0.25126976632644926,0.375,1917.5743220012866,-0.8676818139060996,False
USDZAR_4h_breakout,fx,4h,breakout,-1.2826275661308284,,,-0.4722628313316858,0.3,864.1786002724787,0.1433872543223367,False
AUDJPY_1d_trend,fx,1d,trend,0.06911757621270356,,,-0.451480932717934,0.4715909090909091,123.23092542810406,-0.3394659522668983,False
AUDJPY_1d_mean_reversion,fx,1d,mean_reversion,0.09089482462089836,,,-0.2727610602300514,0.48863636363636365,872.8159223612463,-0.5335198321968818,False
AUDJPY_1d_breakout,fx,1d,breakout,-0.13213514930827994,,,-0.3014037428556702,0.26136363636363635,393.0144703398553,0.24148009611707927,False
AUDNZD_1d_trend,fx,1d,trend,-0.3774040844846329,,,-0.8183290370155389,0.4431818181818182,177.49832329518696,-0.40343857200595007,False
AUDNZD_1d_mean_reversion,fx,1d,mean_reversion,0.13376846607518364,,,-0.25150398687663733,0.5227272727272727,1610.65388119676,-0.024715944029702154,False
AUDNZD_1d_breakout,fx,1d,breakout,-0.21825214589339365,,,-0.32385935459414184,0.23295454545454544,578.9546742377648,-0.22456336126942678,False
AUDUSD_1d_trend,fx,1d,trend,-0.0488198412857643,,,-0.5301571269856509,0.42613636363636365,140.14238631009695,0.046579952859299875,False
AUDUSD_1d_mean_reversion,fx,1d,mean_reversion,0.19295352640841817,,,-0.33035586884625834,0.5340909090909091,1064.6002104453855,-0.08963194840317974,False
AUDUSD_1d_breakout,fx,1d,breakout,-0.5283385567341221,,,-0.4572437406583866,0.2897727272727273,502.8858815655459,-0.13900187983961343,False
CADJPY_1d_trend,fx,1d,trend,-0.12034517290357014,,,-0.676115702401432,0.4375,127.33656196145265,-0.365263484269457,False
CADJPY_1d_mean_reversion,fx,1d,mean_reversion,0.25179981629011156,,,-0.24450682001594448,0.4943181818181818,964.9345124766749,-0.44342034343871845,False
CADJPY_1d_breakout,fx,1d,breakout,0.1758863187875055,,,-0.17712721534369236,0.32386363636363635,393.18070359640956,-0.09296557813431756,False
CHFJPY_1d_trend,fx,1d,trend,0.4865693748244901,,,-0.46608722578505246,0.5340909090909091,113.33835251340173,-0.42867719063003,False
CHFJPY_1d_mean_reversion,fx,1d,mean_reversion,0.008960434286440664,,,-0.33249131719325264,0.45454545454545453,1112.6054871128947,-0.05392595991825675,False
CHFJPY_1d_breakout,fx,1d,breakout,-0.09581798079989917,,,-0.2592487097025409,0.26136363636363635,495.6874841086363,0.10609415691447016,False
EURAUD_1d_trend,fx,1d,trend,0.04452646980741937,,,-0.39176524753358155,0.4318181818181818,158.16626163758895,-0.20193448603612332,False
EURAUD_1d_mean_reversion,fx,1d,mean_reversion,-0.04841148044131461,,,-0.2653161152623047,0.5113636363636364,1168.0500182903834,-0.05514364202904406,False
EURAUD_1d_breakout,fx,1d,breakout,-0.29429777300827903,,,-0.37428521042064,0.24431818181818182,533.1912116526009,-0.2128384135568253,False
EURCAD_1d_trend,fx,1d,trend,-0.036526586680421406,,,-0.5771130426588613,0.48295454545454547,152.41667829667603,0.0808888010006104,False
EURCAD_1d_mean_reversion,fx,1d,mean_reversion,0.28866934328662397,,,-0.2784480649034652,0.5113636363636364,1238.556164266629,-0.13568961656010414,False
EURCAD_1d_breakout,fx,1d,breakout,-0.29379117631147983,,,-0.21936260269357288,0.18181818181818182,344.45313580615965,0.3426287680415029,False
EURCHF_1d_trend,fx,1d,trend,0.16799586817873333,,,-0.394312265488335,0.5,126.19135683087676,-0.10119289283131597,False
EURCHF_1d_mean_reversion,fx,1d,mean_reversion,-0.16502143236745687,,,-0.6194732404611503,0.4602272727272727,1482.4385141188013,-0.25232592266724846,False
EURCHF_1d_breakout,fx,1d,breakout,-0.06008263156116065,,,-0.1955313813886571,0.22727272727272727,540.7735734759563,-0.07245789587279519,False
EURGBP_1d_trend,fx,1d,trend,-0.017275436386685827,,,-0.5738454300776221,0.4943181818181818,142.9286715522075,-0.21964714311411193,False
EURGBP_1d_mean_reversion,fx,1d,mean_reversion,0.4829799657108503,,,-0.15363066506794443,0.5,1356.4328259984745,0.04973232171539933,False
EURGBP_1d_breakout,fx,1d,breakout,-0.7970471612674083,,,-0.5667633845874256,0.18181818181818182,541.2569821667413,-0.22856853399043162,False
EURJPY_1d_trend,fx,1d,trend,0.06025623416378833,,,-0.5301140256612022,0.5056818181818182,152.43866807112747,-0.1965927532542257,False
EURJPY_1d_mean_reversion,fx,1d,mean_reversion,0.33419426645918615,,,-0.2593850198814691,0.5056818181818182,1070.8571671003576,-0.35248856044536425,False
EURJPY_1d_breakout,fx,1d,breakout,-0.2844593612480079,,,-0.4277939524965906,0.23863636363636365,482.22247258303184,0.25941082579344693,False
EURUSD_1d_trend,fx,1d,trend,0.06966938051295989,,,-0.5263627311248203,0.48863636363636365,158.5731083155913,-0.7755485401306735,False
EURUSD_1d_mean_reversion,fx,1d,mean_reversion,0.08870105314004378,,,-0.2763486815137389,0.5284090909090909,1216.2742598188515,-0.2869549831452609,False
EURUSD_1d_breakout,fx,1d,breakout,-0.10580543103954367,,,-0.26164416280620884,0.23295454545454544,376.2779424181321,-0.1550059915473745,False
GBPAUD_1d_trend,fx,1d,trend,0.019233620029700853,,,-0.45145363831449237,0.4602272727272727,133.76689083342936,-0.6915471859102258,False
GBPAUD_1d_mean_reversion,fx,1d,mean_reversion,0.028014933561220635,,,-0.21890428547306962,0.4772727272727273,1185.0398729575504,-0.394510408301329,False
GBPAUD_1d_breakout,fx,1d,breakout,-0.23918023028937568,,,-0.33818538645831797,0.25,516.4519774214232,0.13441170377334352,False
GBPCHF_1d_trend,fx,1d,trend,-0.24605583934382935,,,-0.6755047479730231,0.4659090909090909,149.53744662864955,-0.7286212368909496,False
GBPCHF_1d_mean_reversion,fx,1d,mean_reversion,0.46893534482064003,,,-0.1945441336737611,0.5511363636363636,1210.8858700017104,-0.518314900371523,False
GBPCHF_1d_breakout,fx,1d,breakout,-0.2485376539038745,,,-0.3203797867384125,0.19318181818181818,480.9771126060135,-0.08011511130338206,False
GBPJPY_1d_trend,fx,1d,trend,0.3327575664852657,,,-0.5354815146352426,0.5284090909090909,125.02715072203532,0.38357430103912904,False
GBPJPY_1d_mean_reversion,fx,1d,mean_reversion,-0.16018949429644835,,,-0.4553912462868842,0.4318181818181818,953.3514129842263,-0.2057307238420128,False
GBPJPY_1d_breakout,fx,1d,breakout,0.24849651113741253,,,-0.2033117388450697,0.2727272727272727,393.3592090919558,0.1175599992320799,False
GBPUSD_1d_trend,fx,1d,trend,-0.12806267701333546,,,-0.5677641142398568,0.4431818181818182,171.90167197086848,-0.12970908566749909,False
GBPUSD_1d_mean_reversion,fx,1d,mean_reversion,0.08775383517345402,,,-0.3117196087663896,0.4715909090909091,1149.758069745071,-0.23857367020827533,False
GBPUSD_1d_breakout,fx,1d,breakout,-0.15926208354015295,,,-0.3405576711089573,0.20454545454545456,392.6664676026536,0.3406510317829777,False
NZDJPY_1d_trend,fx,1d,trend,0.17860899170322697,,,-0.3905327025291262,0.4772727272727273,142.2136055322947,-0.6344327725973125,False
NZDJPY_1d_mean_reversion,fx,1d,mean_reversion,0.14617248815995876,,,-0.39157609520976133,0.5056818181818182,831.4387143695219,0.33462059445449654,False
NZDJPY_1d_breakout,fx,1d,breakout,-0.1754944356802758,,,-0.45929129713450245,0.2159090909090909,367.58288691318825,-0.15073480446438764,False
NZDUSD_1d_trend,fx,1d,trend,-0.6283236690426014,,,-0.8236226116898773,0.39204545454545453,165.2343889085969,-0.9098595251507134,False
NZDUSD_1d_mean_reversion,fx,1d,mean_reversion,-0.056990181301510213,,,-0.47147455463980237,0.5397727272727273,961.4892597582513,-0.3013219671850149,False
NZDUSD_1d_breakout,fx,1d,breakout,-0.24553602068014826,,,-0.27185492489334706,0.2840909090909091,454.63327478858986,-0.7810652083267348,False
USDCAD_1d_trend,fx,1d,trend,-0.1884241532458912,,,-0.69057343417612,0.4318181818181818,210.3094311492686,-0.7128708924743606,False
USDCAD_1d_mean_reversion,fx,1d,mean_reversion,0.006993067217314487,,,-0.447717296986314,0.4602272727272727,1363.0151279408606,-0.5194395734776751,False
USDCAD_1d_breakout,fx,1d,breakout,0.1271487495854275,,,-0.2116710477158289,0.26704545454545453,563.8665419310453,-0.3369768881491861,False
USDCHF_1d_trend,fx,1d,trend,-0.42942960882606707,,,-0.7601580532487471,0.4659090909090909,196.80764406955558,-0.42234245928291564,False
USDCHF_1d_mean_reversion,fx,1d,mean_reversion,0.24590486732806996,,,-0.26436042510078106,0.5170454545454546,1238.374923737253,-0.4195484830017475,False
USDCHF_1d_breakout,fx,1d,breakout,-0.09841548250877262,,,-0.37317831498790466,0.32386363636363635,544.7343159626785,0.0407711476208482,False
USDJPY_1d_trend,fx,1d,trend,0.2303382710976273,,,-0.5661093257279352,0.5056818181818182,152.81611203860837,-0.37101710836589674,False
USDJPY_1d_mean_reversion,fx,1d,mean_reversion,0.04097462222488189,,,-0.33746284064047694,0.4659090909090909,1115.513702541456,-0.18016721249088674,False
USDJPY_1d_breakout,fx,1d,breakout,-0.14755611245109368,,,-0.34135749101897606,0.2727272727272727,544.8862743086071,-0.7155410400890111,False
USDMXN_1d_trend,fx,1d,trend,-0.05701595058902003,,,-0.6413171057703357,0.5227272727272727,121.44030057377732,0.13609496466933738,False
USDMXN_1d_mean_reversion,fx,1d,mean_reversion,-0.0802621907572455,,,-0.37912978742124614,0.4772727272727273,821.7082862473529,-0.22006550429549324,False
USDMXN_1d_breakout,fx,1d,breakout,-0.23164719125011923,,,-0.3945129082190453,0.26136363636363635,400.82976758920256,-0.3354578362954677,False
USDNOK_1d_trend,fx,1d,trend,0.15435364860777562,,,-0.4309741497152192,0.5,119.57555480924356,-0.7344004456524591,False
USDNOK_1d_mean_reversion,fx,1d,mean_reversion,0.044386695477783455,,,-0.38958553947372065,0.5170454545454546,920.2507508191809,0.12203448830170137,False
USDNOK_1d_breakout,fx,1d,breakout,-0.07588109629125832,,,-0.22009731011707667,0.2727272727272727,441.7035043791677,-0.125053310397903,False
USDSEK_1d_trend,fx,1d,trend,0.10992353874844508,,,-0.4951255437499228,0.4602272727272727,120.0134084884651,-0.746026807185507,False
USDSEK_1d_mean_reversion,fx,1d,mean_reversion,-0.16539100294670928,,,-0.43126422615065574,0.4715909090909091,956.5689345622332,-0.4913865940798191,False
USDSEK_1d_breakout,fx,1d,breakout,-0.0284593042859626,,,-0.22154853928570784,0.2727272727272727,446.58395883388357,-0.06437892518236922,False
USDSGD_1d_trend,fx,1d,trend,-0.2823517064219665,,,-0.5588564450441114,0.4147727272727273,216.9643235392365,-0.5680496565909426,False
USDSGD_1d_mean_reversion,fx,1d,mean_reversion,-0.04613688868690531,,,-0.27732829550810756,0.4602272727272727,1668.8610307869922,-0.3680947243310584,False
USDSGD_1d_breakout,fx,1d,breakout,0.04530375291315973,,,-0.1575498915671184,0.2897727272727273,786.9047159419678,-0.4404852502094675,False
USDZAR_1d_trend,fx,1d,trend,0.23274385226767458,,,-0.44208079426790503,0.5170454545454546,61.85049801157355,-0.10446424107292056,False
USDZAR_1d_mean_reversion,fx,1d,mean_reversion,0.34325045947318156,,,-0.29915239933186133,0.5397727272727273,627.5457402592356,-0.3167378027296076,False
USDZAR_1d_breakout,fx,1d,breakout,-0.07939621411030233,,,-0.2883729404943035,0.22727272727272727,283.6837924639541,0.019971027158275034,False
CRYPTO50_1d_cross_sectional,crypto,1d,cross_sectional,0.7401217534578532,0.0893460459645408,,-0.2037407652629366,0.569620253164557,571.2623348873349,-1.9662015697216477,True
STOCKS_1d_cross_sectional,equity,1d,cross_sectional,0.237102682570839,-0.1898772187985063,,-0.35777182342004654,0.5113636363636364,863.6416666666665,-0.5448202167815078,False
FX_1d_cross_sectional,fx,1d,cross_sectional,-0.051805048071366024,-0.49173754018052745,,-0.5665907657702157,0.45454545454545453,1147.2142857142856,0.4393905856851305,False
SECTORS_1d_pairs,equity,1d,pairs,0.1108600934033098,-0.3510892229239301,,-0.17100526255847226,0.5364238410596026,,,False
