kind,sym,tf,config,sharpe,max_dd,months_in_profit,ann_turnover,n_obs,placebo_sharpe
crypto,BTCUSDT,1d,base_d55_tb,0.3655616355821648,-0.09532328838364867,0.31645569620253167,6.012297038398185,2404,-0.06535013416125686
crypto,BTCUSDT,1d,d55_rev,0.2725728773577227,-0.24188363270700886,0.4430379746835443,2.6690750989712106,2404,-0.3757840762393419
crypto,BTCUSDT,1d,d55_atr3,0.4501745301608374,-0.1306130313732785,0.379746835443038,3.186149322474377,2404,-0.4478934094993859
crypto,BTCUSDT,1d,d55_atr3_tr,0.45701103999269155,-0.1306130313732785,0.379746835443038,3.1833827534545884,2404,-0.3734011024740437
crypto,BTCUSDT,1d,d55_atr3_vol,0.49548164512042947,-0.13061303137327784,0.3670886075949367,3.0450133305029587,2404,-0.9156790075431704
crypto,BTCUSDT,1d,d55_chan20,0.44250559519876675,-0.1517563183771765,0.3924050632911392,3.3344431244272075,2404,0.113311698285186
crypto,BTCUSDT,1d,d20_chan10,0.2942121601303663,-0.3456974076988715,0.4177215189873418,6.156906382184109,2404,-0.5965945860165601
crypto,BTCUSDT,1d,boll_atr3,0.22443788772749204,-0.3079977996028709,0.4430379746835443,5.329361357577792,2404,-0.4409945441972498
crypto,BTCUSDT,1d,kelt_atr3,0.36507496002516293,-0.20592986969211613,0.3924050632911392,3.638217188185679,2404,-0.17271903562040455
crypto,ETHUSDT,1d,base_d55_tb,0.5790661976998769,-0.09970589793605278,0.379746835443038,4.5144529856891635,2404,-0.1286004601998739
crypto,ETHUSDT,1d,d55_rev,0.3607701663048741,-0.29389801270591,0.46835443037974683,1.9330236359333035,2404,0.35210704051377184
crypto,ETHUSDT,1d,d55_atr3,0.7920342465993034,-0.1665603673749747,0.4177215189873418,2.2953509100864586,2404,-0.7410688456622301
crypto,ETHUSDT,1d,d55_atr3_tr,0.7920342465993034,-0.1665603673749747,0.4177215189873418,2.2953509100864586,2404,-0.4812461769837347
crypto,ETHUSDT,1d,d55_atr3_vol,0.7723472306583912,-0.17812939395842486,0.3924050632911392,2.233148710763657,2404,0.513373452361487
crypto,ETHUSDT,1d,d55_chan20,0.6785305512938967,-0.2111815189735734,0.43037974683544306,2.2125457879649595,2404,-0.012657728843323566
crypto,ETHUSDT,1d,d20_chan10,0.4104367543974045,-0.3075374650898214,0.45569620253164556,4.620272964970473,2404,-0.28970929037629506
crypto,ETHUSDT,1d,boll_atr3,0.6815212363007649,-0.2832603164942865,0.4936708860759494,3.5320535413207157,2404,-0.4863976540694421
crypto,ETHUSDT,1d,kelt_atr3,0.5340470773198627,-0.22896963220017774,0.4050632911392405,2.728261781621527,2404,-0.14657084526695424
crypto,BNBUSDT,1d,base_d55_tb,-0.05509215553045313,-0.16317287988434348,0.20512820512820512,4.898140999303632,2364,0.44506119569610547
crypto,BNBUSDT,1d,d55_rev,0.8348308481965809,-0.2623492467730434,0.5384615384615384,1.8978139523430184,2364,-0.10198426707700511
crypto,BNBUSDT,1d,d55_atr3,0.9100610401909824,-0.13379505683061654,0.38461538461538464,2.4603262942545894,2364,-0.5587526717721762
crypto,BNBUSDT,1d,d55_atr3_tr,0.9100610401909824,-0.13379505683061654,0.38461538461538464,2.4603262942545894,2364,-0.417156409734134
crypto,BNBUSDT,1d,d55_atr3_vol,0.8652647466476483,-0.14320938151123108,0.358974358974359,2.4536938896209906,2364,-0.14055794809821964
crypto,BNBUSDT,1d,d55_chan20,0.8197867481961146,-0.18161901203892827,0.3974358974358974,2.403420465156774,2364,-0.21509989039755678
crypto,BNBUSDT,1d,d20_chan10,0.5562497888875226,-0.2575201406403329,0.41025641025641024,5.1299417795194335,2364,-0.580486235990956
crypto,BNBUSDT,1d,boll_atr3,1.0538488574540479,-0.1444797691077494,0.5,3.804050776604275,2364,0.33080528556221056
crypto,BNBUSDT,1d,kelt_atr3,1.0506099127219026,-0.15622623113356227,0.46153846153846156,2.7533150823346673,2364,-0.7398498115019793
crypto,XRPUSDT,1d,base_d55_tb,0.8677675583427856,-0.07066791307694553,0.22784810126582278,2.5540676040570913,2399,-0.31586664627194455
crypto,XRPUSDT,1d,d55_rev,0.6620066349342473,-0.24099822378718128,0.5189873417721519,1.2977145125792493,2399,-0.4964847975998611
crypto,XRPUSDT,1d,d55_atr3,0.5754237929451101,-0.16513354393058122,0.27848101265822783,1.740308739023832,2399,-0.3331056098361588
crypto,XRPUSDT,1d,d55_atr3_tr,0.5754237929451101,-0.16513354393058122,0.27848101265822783,1.740308739023832,2399,0.06453624060195201
crypto,XRPUSDT,1d,d55_atr3_vol,0.5754237929451101,-0.16513354393058122,0.27848101265822783,1.740308739023832,2399,-0.07153458218232457
crypto,XRPUSDT,1d,d55_chan20,0.512416128363505,-0.1968278934312514,0.3291139240506329,1.6838040894390616,2399,-0.6270241655277683
crypto,XRPUSDT,1d,d20_chan10,0.4730027709409228,-0.2639973726463243,0.4050632911392405,3.9867830788777554,2399,-0.7876870397103425
crypto,XRPUSDT,1d,boll_atr3,0.04471402198721161,-0.40635293561117225,0.45569620253164556,3.7261792708391654,2399,0.26694002397907896
crypto,XRPUSDT,1d,kelt_atr3,0.567770183210224,-0.1606261841171417,0.31645569620253167,1.9984031458599627,2399,-0.17733658350742565
crypto,SOLUSDT,1d,base_d55_tb,0.3707301859741929,-0.15108964745889109,0.28169014084507044,3.2645494435014775,2147,0.4910064207005559
crypto,SOLUSDT,1d,d55_rev,0.07022015571668973,-0.34323683598100985,0.4788732394366197,1.4274267724678567,2147,0.41426256791939847
crypto,SOLUSDT,1d,d55_atr3,0.16840495192987273,-0.2815837986439397,0.323943661971831,1.785918196684278,2147,-0.12264196493400405
crypto,SOLUSDT,1d,d55_atr3_tr,0.12241469380973291,-0.2815837986439398,0.30985915492957744,1.7854389484778665,2147,-0.26100546455701873
crypto,SOLUSDT,1d,d55_atr3_vol,0.25855251937642465,-0.2698820581370024,0.323943661971831,1.6292680603425083,2147,-0.24263077338111458
crypto,SOLUSDT,1d,d55_chan20,0.13993222319460788,-0.3104595510272645,0.38028169014084506,1.7296225478976595,2147,-1.016600197521446
crypto,SOLUSDT,1d,d20_chan10,0.2689500542066374,-0.3383796945654175,0.4647887323943662,3.5148227993841124,2147,-0.2183715308726175
crypto,SOLUSDT,1d,boll_atr3,0.23650516095482527,-0.34139890059039,0.4507042253521127,2.890881272107824,2147,0.09211297738498536
crypto,SOLUSDT,1d,kelt_atr3,0.10270351342048037,-0.3680716899143225,0.38028169014084506,2.18443479465034,2147,0.5271096585733874
crypto,TRXUSDT,1d,base_d55_tb,-0.08551711176028011,-0.13729436029587516,0.25316455696202533,7.097981724953685,2390,0.1452496235321486
crypto,TRXUSDT,1d,d55_rev,0.6500906475333983,-0.24474409195897817,0.5316455696202531,2.423231482291843,2390,0.48814817976481467
crypto,TRXUSDT,1d,d55_atr3,0.44673603066719275,-0.15969195967475514,0.3670886075949367,3.68874881415542,2390,0.15545798924232915
crypto,TRXUSDT,1d,d55_atr3_tr,0.44673603066719275,-0.15969195967475514,0.3670886075949367,3.68874881415542,2390,-0.7238201780777143
crypto,TRXUSDT,1d,d55_atr3_vol,0.3943498665750171,-0.17341314595860824,0.35443037974683544,3.667897852273165,2390,-0.004432121888245794
crypto,TRXUSDT,1d,d55_chan20,0.474140792060092,-0.2001703073134634,0.4177215189873418,3.0000822187728855,2390,-0.36433761568958756
crypto,TRXUSDT,1d,d20_chan10,0.48855253583613617,-0.31215351419421544,0.5569620253164557,5.648920516709109,2390,0.5173087286018647
crypto,TRXUSDT,1d,boll_atr3,0.51907524198501,-0.25456000558617864,0.569620253164557,5.302911697030077,2390,-0.7362771108194991
crypto,TRXUSDT,1d,kelt_atr3,0.327945243787779,-0.2610666749758618,0.4810126582278481,4.900476201714323,2390,-0.4875925184182955
crypto,DOGEUSDT,1d,base_d55_tb,0.38372288559426465,-0.08802523193805945,0.1917808219178082,3.180270242063959,2213,-0.41214863768873045
crypto,DOGEUSDT,1d,d55_rev,0.2930069431231817,-0.35265918882428715,0.4931506849315068,1.804071306624064,2213,0.039890278814423426
crypto,DOGEUSDT,1d,d55_atr3,0.4805169439103973,-0.2197112355179236,0.3698630136986301,2.079351909045479,2213,-0.3407939450981769
crypto,DOGEUSDT,1d,d55_atr3_tr,0.4805169439103973,-0.2197112355179236,0.3698630136986301,2.079351909045479,2213,0.378510824607673
crypto,DOGEUSDT,1d,d55_atr3_vol,0.5338438604252157,-0.20122558909521338,0.3561643835616438,1.9036940720443678,2213,0.18426291247699078
crypto,DOGEUSDT,1d,d55_chan20,0.5127772535360511,-0.22814647836630342,0.410958904109589,1.9671185106330136,2213,0.6389948157045595
crypto,DOGEUSDT,1d,d20_chan10,0.7028434364769042,-0.15440062799217436,0.4794520547945205,3.248521043641983,2213,-0.17862193527516848
crypto,DOGEUSDT,1d,boll_atr3,0.7079772126054387,-0.18712905972641525,0.5068493150684932,3.0909890813281558,2213,-0.039592694965790313
crypto,DOGEUSDT,1d,kelt_atr3,0.5504504466182333,-0.2393242571008961,0.3698630136986301,2.3500667118085734,2213,0.14381085841900046
crypto,ZECUSDT,1d,base_d55_tb,0.2735531145801823,-0.13496763790081456,0.32051282051282054,3.1179232132695,2369,-0.3142476839772343
crypto,ZECUSDT,1d,d55_rev,-0.1408871267194978,-0.5459627127908346,0.34615384615384615,1.6079216766999216,2369,-0.06710327616809135
crypto,ZECUSDT,1d,d55_atr3,0.1874397960771429,-0.30159092047729086,0.28205128205128205,1.8168459233658527,2369,0.36744851258221706
crypto,ZECUSDT,1d,d55_atr3_tr,0.2259505130149589,-0.28025606988967067,0.28205128205128205,1.7736261946669796,2369,0.5285745462442109
crypto,ZECUSDT,1d,d55_atr3_vol,0.24625578573236512,-0.2691250298957739,0.2692307692307692,1.705376493540047,2369,-0.15358294419884239
crypto,ZECUSDT,1d,d55_chan20,0.14637047365754335,-0.3448990099766752,0.3076923076923077,1.7801631080626488,2369,0.0026755636996660093
crypto,ZECUSDT,1d,d20_chan10,0.30571883982802656,-0.2271850648927236,0.46153846153846156,3.622422455222366,2369,-0.34508483798052586
crypto,ZECUSDT,1d,boll_atr3,0.3551758210826195,-0.23846323126320557,0.44871794871794873,2.8850799722781137,2369,0.362464881581828
crypto,ZECUSDT,1d,kelt_atr3,0.1654008410205242,-0.3231755862763903,0.3333333333333333,1.8102246450947608,2369,-0.6417897630508007
crypto,ADAUSDT,1d,base_d55_tb,0.6910287211118183,-0.0832166820033593,0.3037974683544304,3.659337778451254,2374,-0.0732830905581129
crypto,ADAUSDT,1d,d55_rev,0.8041458563290513,-0.2815781943436588,0.45569620253164556,1.4382633264136198,2374,-0.6364518644942695
crypto,ADAUSDT,1d,d55_atr3,0.803806142221731,-0.15651176764221364,0.3670886075949367,1.912879879769258,2374,-0.08179613492658772
crypto,ADAUSDT,1d,d55_atr3_tr,0.8411198338904832,-0.15651176764221275,0.379746835443038,1.8696710414646305,2374,0.24703059562365806
crypto,ADAUSDT,1d,d55_atr3_vol,0.7560991248783254,-0.1660553495166578,0.35443037974683544,1.9055134417584914,2374,-0.15394084014751105
crypto,ADAUSDT,1d,d55_chan20,0.7161825360293969,-0.2100018434576103,0.3924050632911392,1.8231645516087316,2374,0.44893761597764587
crypto,ADAUSDT,1d,d20_chan10,0.6586477656655538,-0.24468163785113983,0.4810126582278481,3.828159619527271,2374,0.17678533550445164
crypto,ADAUSDT,1d,boll_atr3,0.8063846782060597,-0.1816507774713222,0.5189873417721519,2.9521928363304344,2374,-0.00809431632191869
crypto,ADAUSDT,1d,kelt_atr3,0.6344023076193473,-0.18541125914277323,0.4050632911392405,2.2944584807685713,2374,-0.6319178668157179
crypto,XMRUSDT,1d,base_d55_tb,0.2433883074552126,-0.1011176388231615,0.3076923076923077,3.936464481952015,2371,0.006947259983207374
crypto,XMRUSDT,1d,d55_rev,-0.07660308620413135,-0.4199439401648397,0.4230769230769231,2.2871859682932496,2371,0.2846601138612731
crypto,XMRUSDT,1d,d55_atr3,-0.03414186947213746,-0.34986923089287914,0.2948717948717949,2.7005148279807325,2371,0.16425301225738256
crypto,XMRUSDT,1d,d55_atr3_tr,-0.03414186947213746,-0.34986923089287914,0.2948717948717949,2.7005148279807325,2371,-0.04503229219215179
crypto,XMRUSDT,1d,d55_atr3_vol,-0.0721952147994932,-0.3588175880676182,0.2692307692307692,2.697918416897008,2371,-0.21534971284569326
crypto,XMRUSDT,1d,d55_chan20,0.07195594357994334,-0.29969414436588737,0.3333333333333333,2.706055428008406,2371,-0.46518429775691866
crypto,XMRUSDT,1d,d20_chan10,0.03762603477137667,-0.2637257339087341,0.44871794871794873,4.864314208069499,2371,-0.29693820225065626
crypto,XMRUSDT,1d,boll_atr3,0.08262110722699616,-0.3863602807267362,0.4230769230769231,3.938402345985926,2371,-0.19476199155509827
crypto,XMRUSDT,1d,kelt_atr3,-0.0021629226938058104,-0.36321742038107363,0.358974358974359,2.9926040645317142,2371,-0.04308612727594207
crypto,LINKUSDT,1d,base_d55_tb,-0.2729666783994051,-0.23031682073258386,0.22784810126582278,3.441501621477223,2388,0.2670076805264203
crypto,LINKUSDT,1d,d55_rev,0.07655794479543208,-0.36462194327430475,0.46835443037974683,1.6785206856406358,2388,-0.1805079821231033
crypto,LINKUSDT,1d,d55_atr3,-0.0585905665038427,-0.34339357533185133,0.31645569620253167,2.151787514551102,2388,-0.05842273117130806
crypto,LINKUSDT,1d,d55_atr3_tr,-0.0585905665038427,-0.34339357533185133,0.31645569620253167,2.151787514551102,2388,-0.829060421214363
crypto,LINKUSDT,1d,d55_atr3_vol,0.08218695711576599,-0.274134013922679,0.27848101265822783,1.7974922014502703,2388,-1.0095527938045452
crypto,LINKUSDT,1d,d55_chan20,-0.08912871891481888,-0.39259030331329836,0.34177215189873417,2.0753372387591305,2388,0.025861026268380705
crypto,LINKUSDT,1d,d20_chan10,0.12194121183467194,-0.2608044445664707,0.3924050632911392,3.737857727009951,2388,0.022423278430965508
crypto,LINKUSDT,1d,boll_atr3,-0.017213980998500092,-0.36990229394270724,0.45569620253164556,3.0662621367968756,2388,0.5630144572013966
crypto,LINKUSDT,1d,kelt_atr3,0.20824449356448135,-0.21208668104385964,0.35443037974683544,1.9126553453663913,2388,0.05088171651250123
crypto,XLMUSDT,1d,base_d55_tb,-0.0007375598652291477,-0.14506370455357565,0.13924050632911392,2.7007916220111268,2385,0.05137771870813068
crypto,XLMUSDT,1d,d55_rev,0.1275001343100648,-0.3367575508252829,0.4177215189873418,1.6265531975026049,2385,0.5070407958575032
crypto,XLMUSDT,1d,d55_atr3,0.10409249273374288,-0.2914959196366532,0.189873417721519,2.0113481609239248,2385,-0.5952992309377793
crypto,XLMUSDT,1d,d55_atr3_tr,0.10409249273374288,-0.2914959196366532,0.189873417721519,2.0113481609239248,2385,-0.3777270191394643
crypto,XLMUSDT,1d,d55_atr3_vol,0.35506596932717494,-0.17550715543456896,0.20253164556962025,1.8731702841250504,2385,-0.3605536690962738
crypto,XLMUSDT,1d,d55_chan20,0.032044207922128365,-0.27671912128315124,0.24050632911392406,1.9500184569428183,2385,-0.3219378088570702
crypto,XLMUSDT,1d,d20_chan10,0.12892165583406645,-0.27540357058230636,0.3924050632911392,4.349419122673252,2385,-0.2990731701142572
crypto,XLMUSDT,1d,boll_atr3,0.005052509544196811,-0.3077684652343945,0.3924050632911392,3.6041516666689115,2385,-0.5921565695787777
crypto,XLMUSDT,1d,kelt_atr3,0.24416177056092356,-0.22867043042000723,0.27848101265822783,2.511514458667697,2385,-0.02291860397328023
crypto,BCHUSDT,1d,base_d55_tb,0.2946986659849692,-0.17039690194734047,0.21518987341772153,3.325146169664906,2404,0.009743882345079263
crypto,BCHUSDT,1d,d55_rev,0.1068505027038656,-0.385355374621423,0.4177215189873418,1.775722171391198,2404,-0.20856744927540247
crypto,BCHUSDT,1d,d55_atr3,-0.029687947452186145,-0.27839253208912207,0.27848101265822783,2.0485161503131852,2404,-0.23866909177036819
crypto,BCHUSDT,1d,d55_atr3_tr,-0.029687947452186145,-0.27839253208912207,0.27848101265822783,2.0485161503131852,2404,-0.2751328064237999
crypto,BCHUSDT,1d,d55_atr3_vol,0.10065446536536046,-0.20297286239340084,0.26582278481012656,1.9013860229221513,2404,-0.08849054903075367
crypto,BCHUSDT,1d,d55_chan20,0.3253289938518968,-0.2784351251764965,0.379746835443038,1.8755001114182421,2404,-0.042960465494757676
crypto,BCHUSDT,1d,d20_chan10,0.13663867457671972,-0.3043842079320265,0.4430379746835443,4.0124127317198806,2404,-0.009327544062675715
crypto,BCHUSDT,1d,boll_atr3,0.07335447668055006,-0.23690335347407632,0.3924050632911392,3.4309908200229358,2404,0.2238102417837556
crypto,BCHUSDT,1d,kelt_atr3,0.17083706460366166,-0.16076410436821564,0.3291139240506329,2.3352584740215714,2404,-0.07974732915792122
crypto,LTCUSDT,1d,base_d55_tb,-0.5030645580035782,-0.27544445241061566,0.20253164556962025,3.533568236739905,2396,-0.6160182036475035
crypto,LTCUSDT,1d,d55_rev,-0.11177522391247761,-0.34985330630825306,0.5063291139240507,1.8505968694268125,2396,-0.49806518767671365
crypto,LTCUSDT,1d,d55_atr3,-0.19163367183463484,-0.33152831958609374,0.31645569620253167,2.324088065743941,2396,-0.8014849577528127
crypto,LTCUSDT,1d,d55_atr3_tr,-0.19163367183463484,-0.33152831958609374,0.31645569620253167,2.324088065743941,2396,-0.5106558758072071
crypto,LTCUSDT,1d,d55_atr3_vol,-0.1691684601115209,-0.32272758692839487,0.27848101265822783,2.0896746819288676,2396,-0.9556183385155552
crypto,LTCUSDT,1d,d55_chan20,0.007117318261310261,-0.28902904044139677,0.35443037974683544,2.281523969895379,2396,0.1317276237247243
crypto,LTCUSDT,1d,d20_chan10,0.012337245060812733,-0.39897625269885595,0.4177215189873418,4.33498011272193,2396,-0.5167768269706089
crypto,LTCUSDT,1d,boll_atr3,0.021310657394578512,-0.3374373084952891,0.4810126582278481,3.4619607006399247,2396,-0.20261901015109465
crypto,LTCUSDT,1d,kelt_atr3,0.14167791362660306,-0.2916499136825993,0.4177215189873418,2.300744385874529,2396,-0.5140550356705139
crypto,HBARUSDT,1d,base_d55_tb,0.6418017151073216,-0.06639000335112744,0.3076923076923077,3.223487935896146,1963,0.5837195387796239
crypto,HBARUSDT,1d,d55_rev,0.6709405731675111,-0.2950031014861013,0.46153846153846156,1.2420179368438076,1963,-0.3594731076111104
crypto,HBARUSDT,1d,d55_atr3,0.8725438812041246,-0.13074125223713728,0.38461538461538464,1.5709717016364906,1963,0.714356041115114
crypto,HBARUSDT,1d,d55_atr3_tr,0.8725438812041246,-0.13074125223713728,0.38461538461538464,1.5709717016364906,1963,0.18585014425236707
crypto,HBARUSDT,1d,d55_atr3_vol,0.7697321687798718,-0.1307412522371374,0.2923076923076923,1.4125947366723732,1963,0.24361545682566615
crypto,HBARUSDT,1d,d55_chan20,0.5509637694340334,-0.17064332374610436,0.4,1.6529154198367682,1963,0.040573659193778616
crypto,HBARUSDT,1d,d20_chan10,0.28435564627333043,-0.26452352159486114,0.46153846153846156,3.5671444602306823,1963,-0.6128459912997616
crypto,HBARUSDT,1d,boll_atr3,0.4667882964063517,-0.1867780675390227,0.46153846153846156,2.9176141791981536,1963,-0.20290988940119964
crypto,HBARUSDT,1d,kelt_atr3,0.19859385198973323,-0.2336482729819397,0.3384615384615385,2.0552380865900473,1963,0.574880268929697
crypto,1000SHIBUSDT,1d,base_d55_tb,0.5023743679969606,-0.11454317139594716,0.2698412698412698,2.879999463950808,1909,-0.21973817751141397
crypto,1000SHIBUSDT,1d,d55_rev,0.2717929819751759,-0.2542263771005222,0.42857142857142855,1.6668953893424203,1909,-0.15880345823207628
crypto,1000SHIBUSDT,1d,d55_atr3,0.47324039412000307,-0.2178043437689826,0.31746031746031744,1.8493631919023013,1909,-0.3093888338953081
crypto,1000SHIBUSDT,1d,d55_atr3_tr,0.47324039412000307,-0.2178043437689826,0.31746031746031744,1.8493631919023013,1909,-0.4840570351787615
crypto,1000SHIBUSDT,1d,d55_atr3_vol,0.37161729443434255,-0.19122893180498302,0.2698412698412698,1.6876786012157694,1909,0.05414525558792794
crypto,1000SHIBUSDT,1d,d55_chan20,0.43843968299863545,-0.17555190022006129,0.3333333333333333,1.7273967645131352,1909,-0.07190768939652203
crypto,1000SHIBUSDT,1d,d20_chan10,0.41093792656125083,-0.2950695191611902,0.4603174603174603,3.4393201571985097,1909,-0.5506399539774612
crypto,1000SHIBUSDT,1d,boll_atr3,0.28579196766768217,-0.2082716526223617,0.4126984126984127,2.8717075395720597,1909,-0.8208058712279775
crypto,1000SHIBUSDT,1d,kelt_atr3,0.15869526480754248,-0.3132237187367367,0.30158730158730157,2.116717077255404,1909,-0.4765752809702683
crypto,AVAXUSDT,1d,base_d55_tb,1.0923934455031246,-0.06870879545832631,0.352112676056338,2.944834758998126,2138,-0.31189426322327496
crypto,AVAXUSDT,1d,d55_rev,0.8361470237758517,-0.263852394707092,0.5211267605633803,1.2593012102781642,2138,-0.04849152697205674
crypto,AVAXUSDT,1d,d55_atr3,0.9690996167324596,-0.1890156916314495,0.38028169014084506,1.6706594648166204,2138,-0.2628004820798598
crypto,AVAXUSDT,1d,d55_atr3_tr,0.9879669863353038,-0.18901569163144882,0.38028169014084506,1.6334326990140857,2138,-0.16494353433909462
crypto,AVAXUSDT,1d,d55_atr3_vol,0.9768393325209815,-0.16315353187799164,0.352112676056338,1.5394115948211462,2138,0.001536366782526167
crypto,AVAXUSDT,1d,d55_chan20,0.9208710241108691,-0.22782770919511375,0.38028169014084506,1.6304222611566248,2138,-0.031425490270702766
crypto,AVAXUSDT,1d,d20_chan10,1.1713440385759402,-0.22579375794542234,0.5492957746478874,3.104111952326331,2138,0.2539177450691147
crypto,AVAXUSDT,1d,boll_atr3,0.66801472571289,-0.2197953807455747,0.4647887323943662,2.9657844143013143,2138,-0.5961132294083524
crypto,AVAXUSDT,1d,kelt_atr3,0.6919408470504841,-0.2779544460207203,0.352112676056338,2.127013715965772,2138,-0.7774179408508648
crypto,SUIUSDT,1d,base_d55_tb,-0.557760713282322,-0.1827821774161721,0.2564102564102564,3.0559532355380665,1186,-0.5037873953894749
crypto,SUIUSDT,1d,d55_rev,0.38179584454592513,-0.1950774568981074,0.5897435897435898,1.204217465775241,1186,-0.051835854961524215
crypto,SUIUSDT,1d,d55_atr3,0.32873847577867293,-0.18215054074554882,0.48717948717948717,1.643993516896251,1186,-0.10787531004802936
crypto,SUIUSDT,1d,d55_atr3_tr,0.32873847577867293,-0.18215054074554882,0.48717948717948717,1.643993516896251,1186,-0.998198089219061
crypto,SUIUSDT,1d,d55_atr3_vol,0.2943849311706558,-0.18215054074554893,0.48717948717948717,1.6428682576984122,1186,-0.5559503054604603
crypto,SUIUSDT,1d,d55_chan20,0.620686735185074,-0.1398577570752254,0.5128205128205128,1.4788914274318117,1186,-0.32228437710154306
crypto,SUIUSDT,1d,d20_chan10,0.5098193707660474,-0.1586244296763628,0.5128205128205128,3.139886704539709,1186,0.24015247733083528
crypto,SUIUSDT,1d,boll_atr3,0.5371894846405417,-0.1899375269581267,0.5384615384615384,2.579509548224171,1186,-0.34396722910445726
crypto,SUIUSDT,1d,kelt_atr3,0.4085835509120746,-0.1602579837401903,0.48717948717948717,1.7931679369307132,1186,-0.22354074558716167
crypto,UNIUSDT,1d,base_d55_tb,-0.017828899972533035,-0.19694556904772298,0.2676056338028169,3.4633496218291056,2143,-0.2871094742229234
crypto,UNIUSDT,1d,d55_rev,0.36268204242584934,-0.3027033815298731,0.5492957746478874,1.4868310221620868,2143,-0.14558812521071937
crypto,UNIUSDT,1d,d55_atr3,0.2988498342556687,-0.21733145749990623,0.39436619718309857,1.8354116469612225,2143,-0.4294608465806177
crypto,UNIUSDT,1d,d55_atr3_tr,0.28343528824001024,-0.2264528039349737,0.39436619718309857,1.8338390575140389,2143,-0.48940512076789133
crypto,UNIUSDT,1d,d55_atr3_vol,0.15937604341635173,-0.244906318950587,0.3380281690140845,1.7746884752472496,2143,0.2928990005095626
crypto,UNIUSDT,1d,d55_chan20,0.32784580778529426,-0.2199370200129419,0.4788732394366197,1.734117147542023,2143,-0.37485203970190767
crypto,UNIUSDT,1d,d20_chan10,0.16379667020556296,-0.21776961899065406,0.4647887323943662,3.0117364407306986,2143,-0.24931966539874725
crypto,UNIUSDT,1d,boll_atr3,0.3980688188646008,-0.230483258881645,0.4788732394366197,2.645927181845451,2143,-0.5945595629172452
crypto,UNIUSDT,1d,kelt_atr3,0.4023882001626635,-0.2346470283380776,0.39436619718309857,2.008635487325518,2143,0.3842381955262094
crypto,NEARUSDT,1d,base_d55_tb,0.9443160068524121,-0.0812416978074545,0.37142857142857144,2.860476887032337,2116,-0.6259356087300836
crypto,NEARUSDT,1d,d55_rev,0.25417427594251246,-0.3703015222574483,0.4,1.4595478549379848,2116,-0.3924442134429556
crypto,NEARUSDT,1d,d55_atr3,0.44961617114010255,-0.30443429444603076,0.34285714285714286,1.6515173144047721,2116,0.004789594403407594
crypto,NEARUSDT,1d,d55_atr3_tr,0.4261983637141343,-0.30443429444603143,0.34285714285714286,1.6497981134604884,2116,0.10392467784637714
crypto,NEARUSDT,1d,d55_atr3_vol,0.37934654331441375,-0.3189517604508385,0.34285714285714286,1.6487777478858796,2116,-0.6251807956972253
crypto,NEARUSDT,1d,d55_chan20,0.43601330674229105,-0.27285788124011,0.38571428571428573,1.55117521168188,2116,-0.13628575972991114
crypto,NEARUSDT,1d,d20_chan10,0.30544808473324425,-0.35675883983790013,0.4857142857142857,3.3242139776793964,2116,-0.06005532951057659
crypto,NEARUSDT,1d,boll_atr3,0.5239431398276843,-0.38569198337309973,0.5,2.3960210901925314,2116,0.17382481266908467
crypto,NEARUSDT,1d,kelt_atr3,0.3907451522409142,-0.3323076109911073,0.32857142857142857,1.8760395816503954,2116,-0.024401649126922016
crypto,DOTUSDT,1d,base_d55_tb,0.40246511888316083,-0.1471251139366746,0.3055555555555556,3.5080634980685406,2170,0.187670114205241
crypto,DOTUSDT,1d,d55_rev,0.7367378706582204,-0.21481878673896038,0.5277777777777778,1.3302783002968461,2170,0.1544059723617783
crypto,DOTUSDT,1d,d55_atr3,0.7188853019479788,-0.1648442489626918,0.4722222222222222,1.8322038145880593,2170,0.057434674469650594
crypto,DOTUSDT,1d,d55_atr3_tr,0.7519295113819024,-0.16484424896269168,0.4722222222222222,1.7878871851306304,2170,0.3781950326834276
crypto,DOTUSDT,1d,d55_atr3_vol,0.7500742793408416,-0.16484424896269212,0.4583333333333333,1.7573784026829713,2170,0.007949037032904512
crypto,DOTUSDT,1d,d55_chan20,0.49474234883760126,-0.24230959266248853,0.4166666666666667,1.9663046722623478,2170,0.3951384426457177
crypto,DOTUSDT,1d,d20_chan10,0.044249321498769464,-0.2859242576598703,0.4027777777777778,4.241395037805877,2170,-0.27719853587977766
crypto,DOTUSDT,1d,boll_atr3,0.6318811215435737,-0.20558828913004534,0.5416666666666666,2.8663829879490477,2170,-0.44306857922249215
crypto,DOTUSDT,1d,kelt_atr3,0.5383841557913808,-0.21505623710444033,0.3888888888888889,2.0994464460928386,2170,-0.42207604553932354
crypto,AAVEUSDT,1d,base_d55_tb,0.36906574572776263,-0.13116597940954622,0.2857142857142857,2.5822973943222127,2115,-0.06381465769051582
crypto,AAVEUSDT,1d,d55_rev,-0.20259653996947444,-0.39576287142263333,0.4714285714285714,1.367036081879499,2115,-0.8191903785156174
crypto,AAVEUSDT,1d,d55_atr3,-0.15636592788952555,-0.2696972206128764,0.32857142857142857,1.7215950065769228,2115,0.34727430698902945
crypto,AAVEUSDT,1d,d55_atr3_tr,-0.15636592788952555,-0.2696972206128764,0.32857142857142857,1.7215950065769228,2115,-0.30277253761364903
crypto,AAVEUSDT,1d,d55_atr3_vol,-0.018412314709957404,-0.23680834216762803,0.3,1.4206246915370255,2115,-0.5116700439496243
crypto,AAVEUSDT,1d,d55_chan20,-0.1533237205419515,-0.21446531492977072,0.34285714285714286,1.582537367565835,2115,-0.021824917374237245
crypto,AAVEUSDT,1d,d20_chan10,-0.16192034628366095,-0.28975101780788426,0.45714285714285713,3.5096638782143725,2115,-0.20766592409597404
crypto,AAVEUSDT,1d,boll_atr3,-0.00988827817735999,-0.17623356846209048,0.42857142857142855,2.6922670555212673,2115,0.04917325768943066
crypto,AAVEUSDT,1d,kelt_atr3,-0.2079159382833486,-0.281697496428024,0.32857142857142857,2.0028786936371197,2115,0.3829943397802966
crypto,1000PEPEUSDT,1d,base_d55_tb,0.4511138889215186,-0.10976029637358753,0.3333333333333333,2.087925453873548,1184,-0.2664485788328545
crypto,1000PEPEUSDT,1d,d55_rev,-0.33293191187653687,-0.23731339004022833,0.41025641025641024,1.4279058097818003,1184,-0.9636253723117844
crypto,1000PEPEUSDT,1d,d55_atr3,0.4040574280889622,-0.14141433445722484,0.28205128205128205,1.5087194537590876,1184,-0.37915309365196626
crypto,1000PEPEUSDT,1d,d55_atr3_tr,0.4040574280889622,-0.14141433445722484,0.28205128205128205,1.5087194537590876,1184,0.14004364949265738
crypto,1000PEPEUSDT,1d,d55_atr3_vol,0.44966244594026666,-0.14433987852909047,0.3076923076923077,1.4061376535617998,1184,-0.5566535966849309
crypto,1000PEPEUSDT,1d,d55_chan20,0.18040059404917497,-0.150643679724199,0.3076923076923077,1.5798872081318873,1184,-0.855472432344093
crypto,1000PEPEUSDT,1d,d20_chan10,0.3804241818998223,-0.19397802824177368,0.38461538461538464,2.7839631721125304,1184,0.8858226164952981
crypto,1000PEPEUSDT,1d,boll_atr3,0.39195164149955786,-0.1742854370900605,0.4358974358974359,2.2655022312388087,1184,-0.6583807199545127
crypto,1000PEPEUSDT,1d,kelt_atr3,0.7228823581833536,-0.11797990919836021,0.2564102564102564,1.325452716913953,1184,-0.7797395289433701
crypto,ICPUSDT,1d,base_d55_tb,0.3510388816864648,-0.12278575096694688,0.2222222222222222,3.0038430773994618,1908,-0.008371570416095065
crypto,ICPUSDT,1d,d55_rev,0.07072206944482096,-0.3972897972656282,0.4444444444444444,1.6207470735686837,1908,-0.15178791095025104
crypto,ICPUSDT,1d,d55_atr3,0.36934007206611374,-0.18071494739124794,0.3492063492063492,1.729788225077729,1908,-0.6209923952678079
crypto,ICPUSDT,1d,d55_atr3_tr,0.3948808770538709,-0.18071494739124927,0.3492063492063492,1.697072351023485,1908,-0.06485369337394536
crypto,ICPUSDT,1d,d55_atr3_vol,0.4418346009092979,-0.1390252568293614,0.36507936507936506,1.5965814167700663,1908,-0.5308400292548663
crypto,ICPUSDT,1d,d55_chan20,0.3325091276553976,-0.17392534329623544,0.30158730158730157,1.7541706559435135,1908,-0.18517042407541093
crypto,ICPUSDT,1d,d20_chan10,-0.15020315173161852,-0.28930957210684205,0.3333333333333333,3.8690392143515413,1908,-0.12447711941191242
crypto,ICPUSDT,1d,boll_atr3,0.04137510062070582,-0.34833390667650554,0.42857142857142855,2.8748766804968153,1908,-0.1281430364868468
crypto,ICPUSDT,1d,kelt_atr3,0.29948971498072124,-0.19211585750399462,0.36507936507936506,2.0171706259175837,1908,-0.5718356519489699
crypto,ETCUSDT,1d,base_d55_tb,0.6860321702125286,-0.061890249600494385,0.2911392405063291,2.8323205958659385,2389,0.02726529894285784
crypto,ETCUSDT,1d,d55_rev,-0.001640984889618514,-0.4428330827105631,0.4936708860759494,1.6884634614921552,2389,-0.5680330205659578
crypto,ETCUSDT,1d,d55_atr3,0.23962164269649852,-0.21672918106574646,0.3670886075949367,1.9204831292499667,2389,0.09996076268789506
crypto,ETCUSDT,1d,d55_atr3_tr,0.23962164269649852,-0.21672918106574646,0.3670886075949367,1.9204831292499667,2389,-0.07604917213255628
crypto,ETCUSDT,1d,d55_atr3_vol,0.27516517112764816,-0.1949861902297768,0.3670886075949367,1.8592564982550766,2389,0.75138859991354
crypto,ETCUSDT,1d,d55_chan20,0.2140600163887154,-0.2809679439142653,0.4177215189873418,1.82809852215607,2389,-0.4712317806599131
crypto,ETCUSDT,1d,d20_chan10,0.1177219250091005,-0.20635569660530972,0.4430379746835443,3.852687407827495,2389,-0.46776959051007777
crypto,ETCUSDT,1d,boll_atr3,0.14771838202563586,-0.2100108108582589,0.5189873417721519,3.365725956435176,2389,-0.32786530987072887
crypto,ETCUSDT,1d,kelt_atr3,0.31548056514161826,-0.1757790934305712,0.4050632911392405,2.3276402343941283,2389,0.080811583092138
crypto,ALGOUSDT,1d,base_d55_tb,0.36388594857595274,-0.16991026923598695,0.32432432432432434,3.147578927299246,2237,-0.06051777788720522
crypto,ALGOUSDT,1d,d55_rev,0.5671401444882708,-0.17843474024965045,0.527027027027027,1.3192522996916494,2237,-0.9575597600452989
crypto,ALGOUSDT,1d,d55_atr3,0.3298773462707788,-0.19586524205486322,0.35135135135135137,1.7915481200031493,2237,-0.2718082803263572
crypto,ALGOUSDT,1d,d55_atr3_tr,0.3298773462707788,-0.19586524205486322,0.35135135135135137,1.7915481200031493,2237,0.2290508191942975
crypto,ALGOUSDT,1d,d55_atr3_vol,0.3310083543699893,-0.19586524205486366,0.32432432432432434,1.741343628008071,2237,0.13745060582673987
crypto,ALGOUSDT,1d,d55_chan20,0.5710850640592394,-0.18875502788607412,0.4594594594594595,1.5593075991646095,2237,-0.5136623827270795
crypto,ALGOUSDT,1d,d20_chan10,0.44768591738427416,-0.18496397418902943,0.47297297297297297,3.240642500129873,2237,-0.21707969518706793
crypto,ALGOUSDT,1d,boll_atr3,0.34666894989906843,-0.19928425582597986,0.44594594594594594,2.786814880160687,2237,-0.3062627941131694
crypto,ALGOUSDT,1d,kelt_atr3,0.6576020333436714,-0.15392456715141045,0.3918918918918919,1.8426406856160515,2237,0.32242160060129293
crypto,ATOMUSDT,1d,base_d55_tb,-0.26462242581432505,-0.24023868064168663,0.24358974358974358,3.516143161872038,2367,0.31119529847477645
crypto,ATOMUSDT,1d,d55_rev,0.4813269167062531,-0.33661642142984405,0.5641025641025641,1.409780248343527,2367,-0.37566615510900625
crypto,ATOMUSDT,1d,d55_atr3,0.4087911617608794,-0.25863705064264975,0.38461538461538464,1.9271658652300212,2367,-0.17055110812668003
crypto,ATOMUSDT,1d,d55_atr3_tr,0.3754579469396784,-0.2586370506426502,0.3717948717948718,1.925005916998347,2367,-0.5026563454728555
crypto,ATOMUSDT,1d,d55_atr3_vol,0.6572152890697927,-0.14524061520214437,0.38461538461538464,1.5963781140678586,2367,0.09832298546721405
crypto,ATOMUSDT,1d,d55_chan20,0.31593022139710314,-0.29012433860835596,0.41025641025641024,1.9890464486307453,2367,-0.8166004326650033
crypto,ATOMUSDT,1d,d20_chan10,0.18178751319651887,-0.3214791020024358,0.46153846153846156,4.046593262882924,2367,0.23005201314282073
crypto,ATOMUSDT,1d,boll_atr3,0.26601772359553605,-0.26930958278754913,0.46153846153846156,3.1869552421586276,2367,-0.00018791265374555494
crypto,ATOMUSDT,1d,kelt_atr3,0.45824104306453084,-0.2388690806120547,0.38461538461538464,2.0298755567705338,2367,0.1693220307642227
crypto,FILUSDT,1d,base_d55_tb,-0.16236185421567903,-0.2558196376652644,0.2571428571428571,2.7155369271325327,2115,0.1494082872049898
crypto,FILUSDT,1d,d55_rev,-0.15923599390863258,-0.3096264036526707,0.45714285714285713,1.359640019050663,2115,-0.20632940564730715
crypto,FILUSDT,1d,d55_atr3,0.04583232391778261,-0.24588623047573166,0.34285714285714286,1.552911221213328,2115,0.22463660300371552
crypto,FILUSDT,1d,d55_atr3_tr,0.06357682529722189,-0.24588623047573233,0.34285714285714286,1.545785058572982,2115,-0.5209970379117743
crypto,FILUSDT,1d,d55_atr3_vol,0.024454886869074145,-0.24588623047573255,0.32857142857142857,1.5507826369569508,2115,-0.1759029213750465
crypto,FILUSDT,1d,d55_chan20,-0.2021252127441097,-0.296592964856921,0.32857142857142857,1.573965435590071,2115,-0.6585738864812014
crypto,FILUSDT,1d,d20_chan10,-0.1467642358648553,-0.4004728756212994,0.4,3.304250481501185,2115,-0.6761999931314094
crypto,FILUSDT,1d,boll_atr3,0.17773094370039064,-0.30967612993960136,0.5,2.50397715727141,2115,0.25183771554993817
crypto,FILUSDT,1d,kelt_atr3,0.12326093893069,-0.29710417549769275,0.35714285714285715,1.843794260401814,2115,0.022496126564702238
crypto,ARBUSDT,1d,base_d55_tb,-0.03945934694753505,-0.17943192435303068,0.2682926829268293,3.3795007350559114,1227,-0.289838079629813
crypto,ARBUSDT,1d,d55_rev,-0.3859086057617867,-0.3527157427532287,0.36585365853658536,1.746944417461923,1227,-1.704032077932318
crypto,ARBUSDT,1d,d55_atr3,0.08331106659787446,-0.17596299161026407,0.34146341463414637,2.0304882529559616,1227,-0.05435478848291797
crypto,ARBUSDT,1d,d55_atr3_tr,0.12531445293213445,-0.14804949265034384,0.34146341463414637,1.9151604361111452,1227,-0.253831950526926
crypto,ARBUSDT,1d,d55_atr3_vol,0.016194721195442765,-0.1963310288777107,0.34146341463414637,2.030322340455334,1227,-1.0526701101036522
crypto,ARBUSDT,1d,d55_chan20,0.016800258891384114,-0.23109985314961434,0.36585365853658536,1.891212020747465,1227,-0.8086891040853145
crypto,ARBUSDT,1d,d20_chan10,-0.2608616682560395,-0.2590581685531612,0.3902439024390244,3.747382246821389,1227,-0.3455657830996581
crypto,ARBUSDT,1d,boll_atr3,0.2769439348273714,-0.12653139271113922,0.4634146341463415,3.1592682955681397,1227,-0.9432955941610603
crypto,ARBUSDT,1d,kelt_atr3,0.3485208754128713,-0.10355993904273053,0.4146341463414634,2.070698451358348,1227,-1.0823399399171039
crypto,APTUSDT,1d,base_d55_tb,-0.6166601585611884,-0.16920018541650106,0.1956521739130435,3.0480373695767664,1382,0.1313258099475065
crypto,APTUSDT,1d,d55_rev,0.130168791066583,-0.2021661472427838,0.5,1.3168512685616707,1382,0.020526271357302606
crypto,APTUSDT,1d,d55_atr3,-0.09434115834787435,-0.26207523552432754,0.32608695652173914,1.788758430280331,1382,0.02036080499659175
crypto,APTUSDT,1d,d55_atr3_tr,-0.10331956286395425,-0.26207523552432754,0.32608695652173914,1.7869395667300276,1382,-0.20454832087939318
crypto,APTUSDT,1d,d55_atr3_vol,-0.03783952690502306,-0.262075235524327,0.30434782608695654,1.6325903677221798,1382,-0.6552380573163122
crypto,APTUSDT,1d,d55_chan20,-0.14235353000205989,-0.27635110629265947,0.3695652173913043,1.7247110529398753,1382,-0.12902318940836802
crypto,APTUSDT,1d,d20_chan10,-0.7077444248246312,-0.40134175960214424,0.34782608695652173,3.6851561708966347,1382,0.2898506903360785
crypto,APTUSDT,1d,boll_atr3,-0.2985905776961413,-0.3201301829522253,0.32608695652173914,2.561548748077734,1382,0.44879643295990834
crypto,APTUSDT,1d,kelt_atr3,-0.08376021562695272,-0.2390465940820492,0.30434782608695654,1.8613330267690151,1382,-0.9244961456851051
crypto,INJUSDT,1d,base_d55_tb,0.7559828301331356,-0.10677080844151599,0.2708333333333333,2.68063870377318,1445,0.09557017937881851
crypto,INJUSDT,1d,d55_rev,0.793945275127786,-0.3041200174024591,0.5416666666666666,1.131371304850131,1445,-0.06153772815770335
crypto,INJUSDT,1d,d55_atr3,1.0088828968459598,-0.2085250168283571,0.375,1.2897508825987332,1445,-0.7828931863237892
crypto,INJUSDT,1d,d55_atr3_tr,0.994697778157691,-0.2085250168283571,0.3541666666666667,1.287300521378172,1445,1.0160848636432451
crypto,INJUSDT,1d,d55_atr3_vol,0.9659745113758709,-0.20137307315302588,0.3541666666666667,1.2164799104646802,1445,0.3727453460009346
crypto,INJUSDT,1d,d55_chan20,0.9212755109528421,-0.19589033634698427,0.375,1.2588733099092035,1445,-0.7000967246880861
crypto,INJUSDT,1d,d20_chan10,0.511735074045213,-0.2379825075476647,0.3958333333333333,2.955489389912904,1445,0.091685292244413
crypto,INJUSDT,1d,boll_atr3,0.5684492818684916,-0.2896864041211933,0.4375,2.2728058259030113,1445,0.005221425215403192
crypto,INJUSDT,1d,kelt_atr3,1.1056198287285648,-0.1881016512314998,0.3958333333333333,1.3947591463032467,1445,-0.681777103737218
crypto,DASHUSDT,1d,base_d55_tb,0.13081968518832235,-0.12971356838253234,0.2948717948717949,3.034104080019717,2370,0.9401966368451936
crypto,DASHUSDT,1d,d55_rev,-0.07276697930567017,-0.3873783224693247,0.41025641025641024,1.6390514547035664,2370,-0.3830396042716631
crypto,DASHUSDT,1d,d55_atr3,-0.14966902537549046,-0.2738456266461664,0.3076923076923077,2.002952833651539,2370,0.05551243988564534
crypto,DASHUSDT,1d,d55_atr3_tr,-0.12437578617254523,-0.25862179773827765,0.3076923076923077,1.9553014099074006,2370,-0.29174865979729786
crypto,DASHUSDT,1d,d55_atr3_vol,0.015099354893585718,-0.2757630764236617,0.2948717948717949,1.7648426427268498,2370,-0.08765375982345616
crypto,DASHUSDT,1d,d55_chan20,-0.01478311751521274,-0.2796918573104179,0.358974358974359,1.9189251930217892,2370,-0.4561509623694386
crypto,DASHUSDT,1d,d20_chan10,0.07381483783910593,-0.3326419701326978,0.47435897435897434,3.8132075345536713,2370,0.29943816203511375
crypto,DASHUSDT,1d,boll_atr3,-0.13762291712020042,-0.29147214110198416,0.3717948717948718,3.1048935764040304,2370,-0.04022988051199172
crypto,DASHUSDT,1d,kelt_atr3,0.04954316203865827,-0.1962851344374582,0.32051282051282054,2.0142168652626666,2370,-0.4265937335268558
crypto,VETUSDT,1d,base_d55_tb,0.4158844337831955,-0.13989533687967814,0.3717948717948718,3.855233574135804,2360,-0.519226122041374
crypto,VETUSDT,1d,d55_rev,0.42532493978907887,-0.38765833417957296,0.47435897435897434,1.6956641700446673,2360,0.3600521246092342
crypto,VETUSDT,1d,d55_atr3,0.8929311872304058,-0.1775191292480286,0.46153846153846156,1.8456491378073803,2360,-0.38045504843543354
crypto,VETUSDT,1d,d55_atr3_tr,0.9275618223971506,-0.17751912924802793,0.46153846153846156,1.7967903214353806,2360,-0.3060549274298819
crypto,VETUSDT,1d,d55_atr3_vol,0.9192359977015668,-0.17751912924802882,0.44871794871794873,1.7545290295369942,2360,0.2655417653191894
crypto,VETUSDT,1d,d55_chan20,0.42187808993885856,-0.326315954210769,0.46153846153846156,1.9883144892959257,2360,-0.3898521736682996
crypto,VETUSDT,1d,d20_chan10,0.6783560289753338,-0.2378976010474857,0.5,3.699692440112564,2360,-0.21892778838055438
crypto,VETUSDT,1d,boll_atr3,0.8589346101944645,-0.2856865291316688,0.5641025641025641,2.639262810972923,2360,-0.5576605586793375
crypto,VETUSDT,1d,kelt_atr3,0.553819415145506,-0.2741133265541301,0.4230769230769231,2.1300014438851265,2360,-0.8866419379920552
crypto,FETUSDT,1d,base_d55_tb,-0.22581047837682774,-0.1220282258751233,0.27906976744186046,2.986229631086772,1292,-0.12970269344970034
crypto,FETUSDT,1d,d55_rev,0.6805445705800872,-0.18356654787474558,0.5116279069767442,1.0152908672097907,1292,0.37583420280718466
crypto,FETUSDT,1d,d55_atr3,0.40717582331550484,-0.19582793024969658,0.3953488372093023,1.5129415039365055,1292,-0.0005134209504551368
crypto,FETUSDT,1d,d55_atr3_tr,0.40717582331550484,-0.19582793024969658,0.3953488372093023,1.5129415039365055,1292,0.06807289898565046
crypto,FETUSDT,1d,d55_atr3_vol,0.22301157402390073,-0.1959231903256221,0.32558139534883723,1.5039536102962159,1292,-0.7962478233787249
crypto,FETUSDT,1d,d55_chan20,0.5322279012974056,-0.16449404064340167,0.4186046511627907,1.3836239646532398,1292,-1.4894557793443068
crypto,FETUSDT,1d,d20_chan10,0.32916532807113436,-0.16392757527508472,0.3953488372093023,2.948141625117246,1292,-0.7820717345145403
crypto,FETUSDT,1d,boll_atr3,0.4061765030407103,-0.26619400725716946,0.4186046511627907,2.0333682589355955,1292,0.3325999201465995
crypto,FETUSDT,1d,kelt_atr3,0.5060101823471361,-0.1871505078773743,0.37209302325581395,1.3567877036720868,1292,-0.1553253273922666
crypto,CRVUSDT,1d,base_d55_tb,0.29209255982257304,-0.11644441075336442,0.28169014084507044,2.4197618537577417,2160,-0.1589644137824908
crypto,CRVUSDT,1d,d55_rev,0.1362688758867542,-0.28574076059331754,0.43661971830985913,1.2378271049718828,2160,0.07263715194612416
crypto,CRVUSDT,1d,d55_atr3,0.17165688188109254,-0.17626125080408273,0.38028169014084506,1.5242745321641455,2160,-0.2959260196136674
crypto,CRVUSDT,1d,d55_atr3_tr,0.17165688188109254,-0.17626125080408273,0.38028169014084506,1.5242745321641455,2160,-1.3455522257437793
crypto,CRVUSDT,1d,d55_atr3_vol,0.04383498945198092,-0.24275073036363526,0.29577464788732394,1.410199429991163,2160,-0.08638662566047639
crypto,CRVUSDT,1d,d55_chan20,0.06587669029377005,-0.2578693213838974,0.38028169014084506,1.5036102170141188,2160,0.12004291293790602
crypto,CRVUSDT,1d,d20_chan10,0.1372153104301852,-0.2111768649971243,0.4647887323943662,2.899583411934001,2160,-0.027302553333861175
crypto,CRVUSDT,1d,boll_atr3,0.40491268331297287,-0.12928586035933187,0.5211267605633803,2.1319382522363792,2160,0.3203292624569072
crypto,CRVUSDT,1d,kelt_atr3,0.3479946004150839,-0.13635693853945374,0.3380281690140845,1.4796253434078435,2160,0.08268320099677037
crypto,1000LUNCUSDT,1d,base_d55_tb,0.6569235492771188,-0.1187937701977031,0.2553191489361702,2.2332823668964634,1422,-0.10004553928821974
crypto,1000LUNCUSDT,1d,d55_rev,-0.6159789178927297,-0.43433116907341074,0.3617021276595745,1.850480429237564,1422,0.5671618192155429
crypto,1000LUNCUSDT,1d,d55_atr3,-0.11653213190017561,-0.27240028718505327,0.3191489361702128,1.8336911862376721,1422,0.5533020802137764
crypto,1000LUNCUSDT,1d,d55_atr3_tr,-0.11653213190017561,-0.27240028718505327,0.3191489361702128,1.8336911862376721,1422,-0.8827346836459035
crypto,1000LUNCUSDT,1d,d55_atr3_vol,-0.09008048169350169,-0.26172933365845363,0.3191489361702128,1.833308157034669,1422,0.19638996184001406
crypto,1000LUNCUSDT,1d,d55_chan20,-0.19599586990420603,-0.31590945526578695,0.3617021276595745,1.7312356262989366,1422,-0.26458274001676524
crypto,1000LUNCUSDT,1d,d20_chan10,-0.05927020094432544,-0.3970240592341,0.40425531914893614,3.431985344353077,1422,0.05759611219834298
crypto,1000LUNCUSDT,1d,boll_atr3,0.3409946789158339,-0.3039687397230595,0.44680851063829785,2.838557047352961,1422,-1.1133970110646907
crypto,1000LUNCUSDT,1d,kelt_atr3,0.08664275349409563,-0.3476606153339393,0.3617021276595745,2.0682724905846324,1422,-0.5495228689194448
crypto,STXUSDT,1d,base_d55_tb,-0.8423975406878687,-0.1866861654686124,0.2619047619047619,2.809843328781698,1257,0.08384906925406711
crypto,STXUSDT,1d,d55_rev,0.5061113147912466,-0.2500069386820666,0.5238095238095238,1.0049427610460402,1257,-0.808930074053511
crypto,STXUSDT,1d,d55_atr3,0.03828820700163301,-0.22128630735172417,0.40476190476190477,1.5526949136951727,1257,-1.0243881212517636
crypto,STXUSDT,1d,d55_atr3_tr,0.03828820700163301,-0.22128630735172417,0.40476190476190477,1.5526949136951727,1257,-0.9119125947607096
crypto,STXUSDT,1d,d55_atr3_vol,0.2943496615962842,-0.16164698251351228,0.38095238095238093,1.2644530478774965,1257,0.6189373337778582
crypto,STXUSDT,1d,d55_chan20,0.18080599237033537,-0.2337844712471303,0.38095238095238093,1.4862492949388884,1257,0.7248943989174965
crypto,STXUSDT,1d,d20_chan10,-0.020317226232470616,-0.24819241724992946,0.5,2.8760948994844044,1257,-0.22244961962685095
crypto,STXUSDT,1d,boll_atr3,0.16349156404113896,-0.2837708084794942,0.5476190476190477,2.399039509902103,1257,0.157573589828337
crypto,STXUSDT,1d,kelt_atr3,0.0015058083656758787,-0.23462972115981073,0.30952380952380953,1.7204635095464187,1257,0.06470649203954432
crypto,LDOUSDT,1d,base_d55_tb,0.3740538952179463,-0.08233673975055766,0.2765957446808511,2.091349490695905,1409,-0.47899437269958184
crypto,LDOUSDT,1d,d55_rev,0.01575635818291038,-0.24462195843222068,0.5106382978723404,1.2945279683391555,1409,0.2825200307015344
crypto,LDOUSDT,1d,d55_atr3,0.09555694073102773,-0.20050504331976216,0.2978723404255319,1.4922810853263635,1409,-0.5051198612688808
crypto,LDOUSDT,1d,d55_atr3_tr,0.00870441446974614,-0.20050504331976216,0.2765957446808511,1.4874049835822776,1409,-0.09376972065770994
crypto,LDOUSDT,1d,d55_atr3_vol,0.0889685058717932,-0.20265467810225546,0.2978723404255319,1.4902433025495239,1409,0.7164071642187336
crypto,LDOUSDT,1d,d55_chan20,0.33377458234809676,-0.12743806143046377,0.425531914893617,1.381182756564696,1409,-0.061975706973140504
crypto,LDOUSDT,1d,d20_chan10,-0.31940471866563974,-0.3715599791835116,0.3404255319148936,3.1448715801959644,1409,0.38204489832789507
crypto,LDOUSDT,1d,boll_atr3,-0.0819774803830338,-0.26359053410371325,0.425531914893617,2.673700276727066,1409,-0.44786859589570027
crypto,LDOUSDT,1d,kelt_atr3,-0.05513025778159596,-0.22202596705023936,0.2553191489361702,1.6379540812083189,1409,-0.5669851641936627
crypto,IMXUSDT,1d,base_d55_tb,0.035879613807063865,-0.10504555063899945,0.35185185185185186,3.0334398712997266,1632,0.09230275666133063
crypto,IMXUSDT,1d,d55_rev,-0.3685565172239101,-0.4013607172833832,0.35185185185185186,1.4719291735691362,1632,-1.1330519892544955
crypto,IMXUSDT,1d,d55_atr3,-0.12059383268812447,-0.2973407807304509,0.4444444444444444,1.759994241557525,1632,-0.6575467798700112
crypto,IMXUSDT,1d,d55_atr3_tr,-0.12059383268812447,-0.2973407807304509,0.4444444444444444,1.759994241557525,1632,-0.23961871503086804
crypto,IMXUSDT,1d,d55_atr3_vol,0.003386041266663853,-0.24724239538422033,0.42592592592592593,1.6316976462353552,1632,-0.5633416065079753
crypto,IMXUSDT,1d,d55_chan20,-0.20452034207916886,-0.37167961582631104,0.4074074074074074,1.7301138256219675,1632,0.01193147102026421
crypto,IMXUSDT,1d,d20_chan10,0.07412876655256902,-0.25839485331143974,0.42592592592592593,3.3978650497812177,1632,0.030708950711233654
crypto,IMXUSDT,1d,boll_atr3,0.10413631154551249,-0.22667849775142646,0.48148148148148145,2.589918937884,1632,-0.7459454982971182
crypto,IMXUSDT,1d,kelt_atr3,0.0031925476140314945,-0.2621193064542382,0.4444444444444444,1.960387682245418,1632,0.5926384631182051
crypto,XTZUSDT,1d,base_d55_tb,-0.18432609539157419,-0.19696922279245543,0.2564102564102564,3.3912514180946958,2368,-0.27155115954015646
crypto,XTZUSDT,1d,d55_rev,0.3698336381384788,-0.29375722032200635,0.5256410256410257,1.347925226962124,2368,0.20389066454074334
crypto,XTZUSDT,1d,d55_atr3,0.35175158181974553,-0.18434185642590473,0.46153846153846156,2.001602484910142,2368,0.20933574870766816
crypto,XTZUSDT,1d,d55_atr3_tr,0.35175158181974553,-0.18434185642590473,0.46153846153846156,2.001602484910142,2368,-0.10926123138074684
crypto,XTZUSDT,1d,d55_atr3_vol,0.27574051573954833,-0.15649273232525018,0.4358974358974359,1.8285919234431887,2368,-0.06836622851140314
crypto,XTZUSDT,1d,d55_chan20,0.38459289178428036,-0.1881586745779381,0.4358974358974359,1.8038382340780128,2368,-0.41285241342170015
crypto,XTZUSDT,1d,d20_chan10,-0.01299425353645806,-0.34362453864642506,0.38461538461538464,4.196719475707723,2368,-0.29541059860450325
crypto,XTZUSDT,1d,boll_atr3,0.5110383521798953,-0.16737339362978532,0.5641025641025641,3.0452283343487556,2368,-0.3912794515019806
crypto,XTZUSDT,1d,kelt_atr3,0.20655867792630858,-0.15355523744903188,0.358974358974359,2.3060602920600903,2368,0.3124109791458893
crypto,JASMYUSDT,1d,base_d55_tb,0.2881081384770748,-0.1495965581661236,0.3269230769230769,2.790121199957371,1564,-1.0087325992068026
crypto,JASMYUSDT,1d,d55_rev,0.024038280307228675,-0.33594659387187675,0.46153846153846156,1.4802307533652486,1564,0.23083681434296013
crypto,JASMYUSDT,1d,d55_atr3,0.3044072066324845,-0.19012140489504503,0.38461538461538464,1.5922184751679322,1564,-0.22519254119128582
crypto,JASMYUSDT,1d,d55_atr3_tr,0.3044072066324845,-0.19012140489504503,0.38461538461538464,1.5922184751679322,1564,-1.04356206839977
crypto,JASMYUSDT,1d,d55_atr3_vol,0.3276270154842382,-0.17182857975969368,0.38461538461538464,1.5300449957554998,1564,-0.20452714557552845
crypto,JASMYUSDT,1d,d55_chan20,0.48225044749770735,-0.19884485624197534,0.46153846153846156,1.5716735893787004,1564,-0.2968890593510154
crypto,JASMYUSDT,1d,d20_chan10,0.4793037414154568,-0.17611681687146508,0.4423076923076923,2.8953904712530414,1564,0.22046864045345804
crypto,JASMYUSDT,1d,boll_atr3,0.6512356296058657,-0.14684938350923826,0.5192307692307693,2.3281187872637275,1564,-0.6607448525727145
crypto,JASMYUSDT,1d,kelt_atr3,0.4076367314454411,-0.18034475227882485,0.46153846153846156,1.651200137210678,1564,0.13242888505451686
crypto,CFXUSDT,1d,base_d55_tb,-0.6024051511129241,-0.13917416251409676,0.21428571428571427,2.1983250408218726,1258,0.5331917421055251
crypto,CFXUSDT,1d,d55_rev,-0.6809608763533117,-0.4650541065400776,0.40476190476190477,1.4340107157655808,1258,-0.026252296708169746
crypto,CFXUSDT,1d,d55_atr3,-0.30293687571055933,-0.23154559805465935,0.35714285714285715,1.5862003471806891,1258,-0.6959016307120099
crypto,CFXUSDT,1d,d55_atr3_tr,-0.30293687571055933,-0.23154559805465935,0.35714285714285715,1.5862003471806891,1258,0.1498151094318238
crypto,CFXUSDT,1d,d55_atr3_vol,-0.025018318657797706,-0.2048162430390228,0.35714285714285715,1.365350768406612,1258,-0.5401497813126006
crypto,CFXUSDT,1d,d55_chan20,-0.2195475664617795,-0.23969584284487266,0.40476190476190477,1.617951556486871,1258,-0.32967129921151905
crypto,CFXUSDT,1d,d20_chan10,0.11590524163653908,-0.17392900000455302,0.5,2.8211234676116534,1258,-0.9755054136349516
crypto,CFXUSDT,1d,boll_atr3,0.18806571888701984,-0.1785287578343724,0.42857142857142855,2.2172684487590306,1258,-1.0110666686754144
crypto,CFXUSDT,1d,kelt_atr3,0.16977987620714408,-0.15100031694786809,0.42857142857142855,1.6234632881321365,1258,-0.5977012321775842
crypto,OPUSDT,1d,base_d55_tb,0.0753057170414858,-0.1222766238996219,0.28,2.706255676598486,1522,-0.3385233895623968
crypto,OPUSDT,1d,d55_rev,0.05565727224002819,-0.2641786676962343,0.4,1.3163426785551284,1522,-0.9524326948479094
crypto,OPUSDT,1d,d55_atr3,0.29764667684193463,-0.18807240844161888,0.32,1.5166613192676974,1522,-0.1641752803173149
crypto,OPUSDT,1d,d55_atr3_tr,0.25938682285322573,-0.18807240844161888,0.32,1.5143189857870518,1522,-0.4417708972881843
crypto,OPUSDT,1d,d55_atr3_vol,0.25665075507190466,-0.22305914965652507,0.28,1.473497782477081,1522,0.29483897454319474
crypto,OPUSDT,1d,d55_chan20,0.2717729943543925,-0.17991408269594567,0.32,1.539915875540811,1522,-0.1458162030352179
crypto,OPUSDT,1d,d20_chan10,0.3297447398895217,-0.21251702921182702,0.4,3.145019211400531,1522,0.32209837545742637
crypto,OPUSDT,1d,boll_atr3,0.657737147869795,-0.14216542326630977,0.48,2.1843178368727734,1522,-0.7833343523119404
crypto,OPUSDT,1d,kelt_atr3,0.37773760901167486,-0.19102008659710146,0.36,1.4698473441342572,1522,-0.2819882675757076
crypto,1000FLOKIUSDT,1d,base_d55_tb,-0.06988075157453098,-0.157364356265272,0.3076923076923077,2.5985399836965035,1183,-0.3224840830344339
crypto,1000FLOKIUSDT,1d,d55_rev,0.365907801605627,-0.24307699595840637,0.46153846153846156,1.3764202502534777,1183,-0.7935908721667135
crypto,1000FLOKIUSDT,1d,d55_atr3,0.4983570037935065,-0.17085456474622907,0.4358974358974359,1.6463309350103643,1183,-0.6353199440888813
crypto,1000FLOKIUSDT,1d,d55_atr3_tr,0.4983570037935065,-0.17085456474622907,0.4358974358974359,1.6463309350103643,1183,-0.5700985823228137
crypto,1000FLOKIUSDT,1d,d55_atr3_vol,0.5395454626003751,-0.15648520606506777,0.4358974358974359,1.646016469104599,1183,-0.08809035750864788
crypto,1000FLOKIUSDT,1d,d55_chan20,0.5099234118055713,-0.17473046431137462,0.46153846153846156,1.5691827484887577,1183,0.47940912914773504
crypto,1000FLOKIUSDT,1d,d20_chan10,0.9286412744599244,-0.1689635193895469,0.46153846153846156,2.8613675485887673,1183,-1.1216200445986018
crypto,1000FLOKIUSDT,1d,boll_atr3,0.7943720728758082,-0.22811607851000737,0.5128205128205128,2.2632248582108465,1183,0.23270313745592075
crypto,1000FLOKIUSDT,1d,kelt_atr3,0.8481706377612014,-0.15427674816016845,0.4358974358974359,1.6278766790101011,1183,-1.0437419493804339
crypto,ENSUSDT,1d,base_d55_tb,-0.19995037495492257,-0.19593543818320158,0.24561403508771928,3.0931510684081647,1705,0.19414501982470372
crypto,ENSUSDT,1d,d55_rev,-0.21766347213695714,-0.3350073922641036,0.43859649122807015,1.5483556273313148,1705,-0.6049781509271964
crypto,ENSUSDT,1d,d55_atr3,-0.09058357687661965,-0.2743814520223825,0.3333333333333333,2.0061562538849484,1705,-0.09264444495133795
crypto,ENSUSDT,1d,d55_atr3_tr,-0.09058357687661965,-0.2743814520223825,0.3333333333333333,2.0061562538849484,1705,0.6235117231243356
crypto,ENSUSDT,1d,d55_atr3_vol,0.06259167171979829,-0.20216148481874618,0.3157894736842105,1.7313286932079641,1705,-0.4050710190215546
crypto,ENSUSDT,1d,d55_chan20,-0.39116069155781324,-0.37069321738620564,0.3684210526315789,2.089845846671622,1705,-0.1266294582186538
crypto,ENSUSDT,1d,d20_chan10,-0.20082883067164287,-0.32774342465758344,0.38596491228070173,3.580004170649235,1705,-0.38343106090364787
crypto,ENSUSDT,1d,boll_atr3,-0.1681986488497704,-0.39602986571518717,0.40350877192982454,3.0175617016253984,1705,-1.207227465836828
crypto,ENSUSDT,1d,kelt_atr3,-0.15057018301965544,-0.3077003709842785,0.3333333333333333,1.9949147501963627,1705,0.45564544656312195
crypto,COMPUSDT,1d,base_d55_tb,0.4523968704141692,-0.07342533626858616,0.33783783783783783,2.7751408709758403,2223,0.19398370738154405
crypto,COMPUSDT,1d,d55_rev,-0.3267188160290159,-0.43565190719824887,0.3783783783783784,1.3304813605080572,2223,-0.4650851005322291
crypto,COMPUSDT,1d,d55_atr3,0.19756357610757483,-0.1687312058538042,0.3108108108108108,1.4983751407958215,2223,0.19252466297496143
crypto,COMPUSDT,1d,d55_atr3_tr,0.23044485260318598,-0.16757555161195303,0.3108108108108108,1.4621908284943594,2223,-0.6935484797558834
crypto,COMPUSDT,1d,d55_atr3_vol,0.16121807023799997,-0.16873120585380552,0.28378378378378377,1.4294603427588788,2223,-0.37552940910645394
crypto,COMPUSDT,1d,d55_chan20,0.19946354356668702,-0.19399568027333014,0.2972972972972973,1.421874414022039,2223,-0.7094644674127968
crypto,COMPUSDT,1d,d20_chan10,0.3248364995625388,-0.31523438810683513,0.44594594594594594,3.2284895934712496,2223,-0.33446849022728603
crypto,COMPUSDT,1d,boll_atr3,0.34894424150157566,-0.23458516028705234,0.40540540540540543,2.5827286280147006,2223,-0.5170804255502787
crypto,COMPUSDT,1d,kelt_atr3,0.08338210790336546,-0.27766694369384226,0.3108108108108108,1.7976503561479318,2223,0.3369960957156903
crypto,GRTUSDT,1d,base_d55_tb,0.39541335941469846,-0.13948103270336099,0.3235294117647059,3.233045900691813,2051,-0.010008676622716055
crypto,GRTUSDT,1d,d55_rev,0.17547000867095047,-0.32075236904801474,0.45588235294117646,1.3731640303490844,2051,0.1518676788322644
crypto,GRTUSDT,1d,d55_atr3,0.4250656576625959,-0.19357869801617567,0.39705882352941174,1.6214679588246506,2051,-0.36064321478458305
crypto,GRTUSDT,1d,d55_atr3_tr,0.4819314015194347,-0.18624928431043142,0.39705882352941174,1.5839947653589248,2051,-0.04929829368386321
crypto,GRTUSDT,1d,d55_atr3_vol,0.43261019531081685,-0.14863295327587334,0.36764705882352944,1.4337545221415111,2051,-0.19962093265544004
crypto,GRTUSDT,1d,d55_chan20,0.3912649820337348,-0.21618496103908835,0.38235294117647056,1.5739759524005084,2051,0.006406663140863589
crypto,GRTUSDT,1d,d20_chan10,0.3027472057463959,-0.1808340076259689,0.47058823529411764,3.1391637413787175,2051,-0.276011619047989
crypto,GRTUSDT,1d,boll_atr3,0.5047787642210837,-0.17658577471229764,0.4852941176470588,2.598244760653595,2051,-0.7105524019843602
crypto,GRTUSDT,1d,kelt_atr3,0.4327130234151216,-0.15943042723650425,0.4264705882352941,1.8460066748609545,2051,-0.4968390444320233
crypto,IOTAUSDT,1d,base_d55_tb,0.23054809579581728,-0.13794390893497643,0.2692307692307692,3.4069236815108495,2362,-0.41729609067493056
crypto,IOTAUSDT,1d,d55_rev,0.6825136300353194,-0.2364590041754877,0.6282051282051282,1.20676358386813,2362,-0.8675294518237978
crypto,IOTAUSDT,1d,d55_atr3,0.3361162922104065,-0.22514534051736423,0.38461538461538464,1.932038736065057,2362,0.35933344234615905
crypto,IOTAUSDT,1d,d55_atr3_tr,0.3361162922104065,-0.22514534051736423,0.38461538461538464,1.932038736065057,2362,-0.4971802483458915
crypto,IOTAUSDT,1d,d55_atr3_vol,0.4022589209129618,-0.20209951186692043,0.3333333333333333,1.7058890009770984,2362,-0.24903888359520968
crypto,IOTAUSDT,1d,d55_chan20,0.4152520624755819,-0.1783084963726722,0.44871794871794873,1.6669499586864944,2362,-0.6107554700558103
crypto,IOTAUSDT,1d,d20_chan10,0.07438239235323137,-0.26475558938474275,0.46153846153846156,3.6512667814984963,2362,-0.040874376396861374
crypto,IOTAUSDT,1d,boll_atr3,0.05271613407811258,-0.3370845979287287,0.41025641025641024,3.346870162445235,2362,-0.8688809156564595
crypto,IOTAUSDT,1d,kelt_atr3,0.3414699105821882,-0.2691284171750926,0.3333333333333333,2.0137245151473406,2362,-0.4948621541592472
crypto,RUNEUSDT,1d,base_d55_tb,0.5170157598531191,-0.08425907947673439,0.38028169014084506,3.0858828606630277,2157,-0.5567724837896229
crypto,RUNEUSDT,1d,d55_rev,0.212256869524097,-0.27691063109187775,0.4788732394366197,1.3065449831607088,2157,-0.6071923096438373
crypto,RUNEUSDT,1d,d55_atr3,0.701825216972554,-0.155251675016419,0.4507042253521127,1.6227782922526945,2157,-0.32447763934719864
crypto,RUNEUSDT,1d,d55_atr3_tr,0.7006802492538443,-0.155251675016419,0.4507042253521127,1.6225665234915791,2157,0.1963510875544538
crypto,RUNEUSDT,1d,d55_atr3_vol,0.49367032995162946,-0.1643904128023087,0.4084507042253521,1.5438169368752033,2157,-0.05966468846822659
crypto,RUNEUSDT,1d,d55_chan20,0.5574195991015767,-0.18905750312138558,0.4507042253521127,1.6490805499359258,2157,-0.72506332261092
crypto,RUNEUSDT,1d,d20_chan10,0.5117477616432722,-0.24541942223509405,0.49295774647887325,3.343029048954899,2157,-0.3039840448819034
crypto,RUNEUSDT,1d,boll_atr3,0.7641775697225821,-0.24316658665395563,0.5211267605633803,2.4256872194909977,2157,-0.5901007200568823
crypto,RUNEUSDT,1d,kelt_atr3,0.71443491950599,-0.22977328441089506,0.4788732394366197,1.856780660940234,2157,-0.8042948788464235
crypto,MKRUSDT,1d,base_d55_tb,0.4075919535290403,-0.06379938558260445,0.25,2.8145810325156035,2179,-0.24377497404385506
crypto,MKRUSDT,1d,d55_rev,0.436345092796181,-0.2403694514761746,0.4305555555555556,1.5407308469433556,2179,-1.3330429087066356
crypto,MKRUSDT,1d,d55_atr3,0.4668263094167389,-0.19478063475276997,0.3055555555555556,1.3550065475523985,2179,-0.15982412302976065
crypto,MKRUSDT,1d,d55_atr3_tr,0.4668263094167389,-0.19478063475276997,0.3055555555555556,1.3550065475523985,2179,-0.2856399426605067
crypto,MKRUSDT,1d,d55_atr3_vol,0.4066261861415224,-0.20931786967216748,0.2916666666666667,1.3527211803486432,2179,0.3746235234828727
crypto,MKRUSDT,1d,d55_chan20,0.3443662275872475,-0.18740330330716626,0.3194444444444444,1.874226296615779,2179,-0.46621439101346107
crypto,MKRUSDT,1d,d20_chan10,0.46452099717511547,-0.1826989329744393,0.4027777777777778,2.8782939334989885,2179,-0.3683958393749351
crypto,MKRUSDT,1d,boll_atr3,0.30020548441051786,-0.25930467460067674,0.4305555555555556,2.2987471353891227,2179,0.0013983404877719538
crypto,MKRUSDT,1d,kelt_atr3,0.4664614870428916,-0.19760126151006752,0.3194444444444444,1.5250586943584623,2179,-0.5280093605725161
equity,AAPL,1d,base_d55_tb,0.15838020520594753,-0.14826339739590766,0.3465909090909091,8.491008122388862,5328,-0.12729960313634006
equity,AAPL,1d,d55_rev,0.04209328611237036,-0.5166627685726487,0.5227272727272727,2.7195927721159374,5328,-0.4340114074493788
equity,AAPL,1d,d55_atr3,0.1743689655232943,-0.30148156208290877,0.4034090909090909,3.6475927472756347,5328,-0.3305283453734566
equity,AAPL,1d,d55_atr3_tr,0.1743689655232943,-0.30148156208290877,0.4034090909090909,3.6475927472756347,5328,0.05449029271460797
equity,AAPL,1d,d55_atr3_vol,0.1475685820433636,-0.2685012927205136,0.3693181818181818,3.2026019941165993,5328,-0.004400156187174963
equity,AAPL,1d,d55_chan20,-0.0281852164410562,-0.4042070188553063,0.4147727272727273,3.6180734768930707,5328,-0.27805744592153286
equity,AAPL,1d,d20_chan10,0.008382908739415072,-0.34499875103704214,0.4602272727272727,6.793360747640124,5328,-0.20893017311638146
equity,AAPL,1d,boll_atr3,0.1203024003602353,-0.32696529583770384,0.5,5.948005596494782,5328,0.1504147480762013
equity,AAPL,1d,kelt_atr3,0.14162716894777952,-0.31402857555230945,0.45454545454545453,5.361917643077296,5328,-0.20626851281298714
equity,ABBV,1d,base_d55_tb,0.08820759876379405,-0.2827728138484563,0.2682926829268293,7.592796113541459,4963,0.045911943594294256
equity,ABBV,1d,d55_rev,0.11146848812234278,-0.5369833636834942,0.5487804878048781,2.7925438341617945,4963,-0.17525247535885072
equity,ABBV,1d,d55_atr3,0.05240019458385288,-0.29810003241221916,0.32926829268292684,3.8146340329786117,4963,-0.4657434730882864
equity,ABBV,1d,d55_atr3_tr,0.05240019458385288,-0.29810003241221916,0.32926829268292684,3.8146340329786117,4963,-0.6627875955097561
equity,ABBV,1d,d55_atr3_vol,-0.04661455306470526,-0.3344031285386593,0.2804878048780488,3.515911075782384,4963,-0.03509273548679492
equity,ABBV,1d,d55_chan20,-0.038380816339121354,-0.4669902775760587,0.35365853658536583,3.6333772207658503,4963,0.24485927256171275
equity,ABBV,1d,d20_chan10,-0.06174721970178927,-0.3641727031946719,0.4573170731707317,7.463963880047691,4963,-0.22891931322709233
equity,ABBV,1d,boll_atr3,0.04219627918985133,-0.3378901531145878,0.45121951219512196,5.740803058331607,4963,-0.04807041382755467
equity,ABBV,1d,kelt_atr3,0.05911104232851138,-0.37186829711850977,0.35365853658536583,4.504040959107667,4963,0.24437988422978837
equity,ADBE,1d,base_d55_tb,-0.11740716576714172,-0.2850019827707371,0.3522727272727273,7.578568495524357,5328,-0.19993723313295658
equity,ADBE,1d,d55_rev,0.0375349768161838,-0.5350930560021293,0.5,2.4242761176040433,5328,-0.4799470225042293
equity,ADBE,1d,d55_atr3,-0.10959044231893789,-0.3934562999597119,0.38636363636363635,3.7335624202313884,5328,-0.26728000692616916
equity,ADBE,1d,d55_atr3_tr,-0.10959044231893789,-0.3934562999597119,0.38636363636363635,3.7335624202313884,5328,0.1281663156090866
equity,ADBE,1d,d55_atr3_vol,0.002376010607096262,-0.3033746026346956,0.3181818181818182,3.2155786062780987,5328,-0.24457345456959884
equity,ADBE,1d,d55_chan20,-0.0451501150910622,-0.4016631182083449,0.4147727272727273,3.4330481208257067,5328,0.018214559512078603
equity,ADBE,1d,d20_chan10,-0.08865424570744558,-0.37995599267575486,0.4772727272727273,6.729788372701808,5328,-0.4842143713265412
equity,ADBE,1d,boll_atr3,-0.015039102155665368,-0.36760647099652655,0.4659090909090909,5.284127102352601,5328,0.12710244769991158
equity,ADBE,1d,kelt_atr3,-0.07394411662460235,-0.35111672074933153,0.42045454545454547,4.8128159333398965,5328,-0.35169734011504494
equity,AGG,1d,base_d55_tb,-0.35316897947878856,-0.3864253672870668,0.25,38.7055504930013,5328,-0.6055620485697434
equity,AGG,1d,d55_rev,0.20842366734931583,-0.2505074580623634,0.48863636363636365,8.55456941600015,5328,-1.8748465726405863
equity,AGG,1d,d55_atr3,-0.0505488916230344,-0.2448902088744631,0.3352272727272727,16.790968709570844,5328,-0.8122000062259466
equity,AGG,1d,d55_atr3_tr,-0.03456575666247405,-0.24489020887446256,0.3352272727272727,16.50718492578706,5328,-1.0162709572957238
equity,AGG,1d,d55_atr3_vol,-0.03988021147386872,-0.27574553949764435,0.24431818181818182,12.39631506258649,5328,-0.4896565466172723
equity,AGG,1d,d55_chan20,0.08583803774652722,-0.23725291671918436,0.3522727272727273,13.488327364883606,5328,-1.1728065441405051
equity,AGG,1d,d20_chan10,-0.036117806360321476,-0.280770045318821,0.4318181818181818,31.02925176075774,5328,-1.3114025521793038
equity,AGG,1d,boll_atr3,-0.17389477304045498,-0.4154728810670797,0.4147727272727273,25.150597209744134,5328,-1.3901766994081406
equity,AGG,1d,kelt_atr3,-0.14002910296218105,-0.3360107841594915,0.35795454545454547,21.604037283424883,5328,-1.1617256576073829
equity,AMD,1d,base_d55_tb,-0.08006846397464629,-0.34688763469043116,0.2897727272727273,3.907072815946483,5328,-0.4077086371100112
equity,AMD,1d,d55_rev,0.09834165644435235,-0.5038355003101677,0.48863636363636365,1.3805564148027987,5328,-0.5247196670542492
equity,AMD,1d,d55_atr3,0.09898668733222464,-0.38672629037754613,0.375,1.9352199108421035,5328,0.44855607188322555
equity,AMD,1d,d55_atr3_tr,0.11164993832301946,-0.37068606123680514,0.375,1.912684730493923,5328,-0.08918211590324686
equity,AMD,1d,d55_atr3_vol,0.11931725324837343,-0.35307245959019296,0.3465909090909091,1.7045401317396298,5328,0.06278004134387852
equity,AMD,1d,d55_chan20,0.1386237723713398,-0.41804458812655476,0.4090909090909091,1.7005034045998868,5328,-0.2569998027788145
equity,AMD,1d,d20_chan10,0.21483346903231432,-0.39918930669237196,0.4318181818181818,3.3688848191350997,5328,-0.009043061978122305
equity,AMD,1d,boll_atr3,0.12019181925447037,-0.37699704895846764,0.4318181818181818,2.8177935142135024,5328,-0.10979369595937737
equity,AMD,1d,kelt_atr3,0.07544995666478743,-0.4199536670010927,0.42045454545454547,2.488355401402709,5328,-0.15296246820694084
equity,AMZN,1d,base_d55_tb,0.022959190092641392,-0.24456614592552928,0.2784090909090909,6.670037213275197,5328,-0.16818397384139
equity,AMZN,1d,d55_rev,-0.16358409833357118,-0.6971794347852759,0.4715909090909091,2.3910321243958794,5328,-0.20504019213814373
equity,AMZN,1d,d55_atr3,0.01919100943453738,-0.4320589070817167,0.32954545454545453,3.188195567222353,5328,-0.2057528503825921
equity,AMZN,1d,d55_atr3_tr,0.01919100943453738,-0.4320589070817167,0.32954545454545453,3.188195567222353,5328,-0.0895425387041933
equity,AMZN,1d,d55_atr3_vol,0.062115891715952096,-0.3937259254458225,0.3125,3.0479762526979894,5328,-0.22684074972837928
equity,AMZN,1d,d55_chan20,-0.09740553249764487,-0.496665236511878,0.35795454545454547,2.9407326708527526,5328,0.05376268757997575
equity,AMZN,1d,d20_chan10,-0.05203778001953304,-0.5076607173167683,0.4318181818181818,6.342196439094366,5328,-0.24273417530533659
equity,AMZN,1d,boll_atr3,-0.0327985920886196,-0.4993040479928015,0.4431818181818182,4.789041297548373,5328,-0.5639245518023106
equity,AMZN,1d,kelt_atr3,0.015137826056695645,-0.43133956769680304,0.3977272727272727,4.063542859494512,5328,-0.008452940730138978
equity,BA,1d,base_d55_tb,0.3689215262330268,-0.13942672477041085,0.2840909090909091,7.230018156987706,5328,-0.2832554007076162
equity,BA,1d,d55_rev,0.04976013229059822,-0.5624066759979893,0.4431818181818182,2.604509058244571,5328,-0.6208598000163974
equity,BA,1d,d55_atr3,0.1508669755991885,-0.4447275548041323,0.3409090909090909,3.498150824964276,5328,-0.17057003072252358
equity,BA,1d,d55_atr3_tr,0.14751343240403045,-0.4447275548041332,0.3409090909090909,3.4927490015792766,5328,-0.3446243266036579
equity,BA,1d,d55_atr3_vol,0.2570650556313451,-0.3549704026345396,0.3181818181818182,3.0667928958815986,5328,-0.13498850035098187
equity,BA,1d,d55_chan20,0.025315571831155168,-0.5088770840995382,0.3465909090909091,3.1652717659900818,5328,-0.19101157017113202
equity,BA,1d,d20_chan10,0.13369559529726052,-0.4717348098650924,0.42613636363636365,6.079463103559315,5328,-0.5307388075548352
equity,BA,1d,boll_atr3,0.198090858748861,-0.35377294459165964,0.4318181818181818,5.132134913375805,5328,-0.2385878493393503
equity,BA,1d,kelt_atr3,0.14444392143828907,-0.42713662626950843,0.39204545454545453,4.398730649007693,5328,-0.09198746288104635
equity,BAC,1d,base_d55_tb,-0.05804650793498156,-0.21559706333932893,0.25,7.3120437688356485,5328,-0.4121527756468793
equity,BAC,1d,d55_rev,-0.07299998977768397,-0.5541833137418852,0.4431818181818182,2.5946777805192673,5328,-0.5124565859481702
equity,BAC,1d,d55_atr3,-0.11467077842843486,-0.37854224590343655,0.3409090909090909,3.750380459792883,5328,-0.14221708279908474
equity,BAC,1d,d55_atr3_tr,-0.11467077842843486,-0.37854224590343655,0.3409090909090909,3.750380459792883,5328,-0.1024637303052238
equity,BAC,1d,d55_atr3_vol,-0.0849377708270573,-0.3212966839611452,0.29545454545454547,3.306197245926948,5328,-0.00416199508081799
equity,BAC,1d,d55_chan20,-0.09268754882797572,-0.37291144328016756,0.3522727272727273,3.518880059255115,5328,-0.42582102086486834
equity,BAC,1d,d20_chan10,-0.14619137503140817,-0.4728571878061314,0.4375,7.298640439694071,5328,-0.16236372713741537
equity,BAC,1d,boll_atr3,-0.44231810999636006,-0.7251849024959207,0.3806818181818182,6.265400737554628,5328,-0.14478720703382655
equity,BAC,1d,kelt_atr3,-0.16808742626481404,-0.5018331505986046,0.4090909090909091,5.451094049820318,5328,-0.7013622128946184
equity,BND,1d,base_d55_tb,-0.4635313558572067,-0.4817300282536269,0.23863636363636365,38.80987004449158,5328,-0.19717752053534413
equity,BND,1d,d55_rev,0.1545832936520304,-0.3041848042349785,0.4772727272727273,9.128830185965999,5328,-1.3473046955741885
equity,BND,1d,d55_atr3,-0.028011294358863324,-0.2990872204180335,0.3352272727272727,16.612710168213948,5328,-0.8180367857328131
equity,BND,1d,d55_atr3_tr,-0.012471893163541203,-0.2990872204180334,0.3352272727272727,16.32892638443016,5328,-1.535554431004332
equity,BND,1d,d55_atr3_vol,-0.04407142105636333,-0.29908722041803326,0.24431818181818182,12.345319762813308,5328,-0.9883155932700716
equity,BND,1d,d55_chan20,0.024958498857563606,-0.3194169100177999,0.36363636363636365,13.475060655961482,5328,-1.114804633795735
equity,BND,1d,d20_chan10,-0.15203975020290286,-0.471311931901814,0.4147727272727273,31.32122319861749,5328,-1.2009400944743935
equity,BND,1d,boll_atr3,-0.20250234813353957,-0.448174719223948,0.39204545454545453,25.877997339222357,5328,-1.386064426056151
equity,BND,1d,kelt_atr3,-0.19298627377999472,-0.4344506231347477,0.3693181818181818,22.033964173428686,5328,-1.1108438550304691
equity,C,1d,base_d55_tb,-0.2610531935286518,-0.36992022839763705,0.23863636363636365,7.308335339501114,5328,-0.031506053309254205
equity,C,1d,d55_rev,0.06825063208436098,-0.438847350981419,0.5056818181818182,2.2143117485889947,5328,-0.14721186499652034
equity,C,1d,d55_atr3,-0.14944489691064441,-0.43394879258030716,0.30113636363636365,3.6651599140792652,5328,0.03992578829315263
equity,C,1d,d55_atr3_tr,-0.15422752803798892,-0.43922594119954517,0.30113636363636365,3.6651011842817964,5328,-0.17497919698188547
equity,C,1d,d55_atr3_vol,-0.1447981418649334,-0.42321076440344585,0.2727272727272727,3.2601936362585233,5328,-0.191087227991246
equity,C,1d,d55_chan20,-0.1518904070642574,-0.4672991866064311,0.3352272727272727,3.187857390828034,5328,-0.04208082098644763
equity,C,1d,d20_chan10,-0.14654211004656634,-0.49282353837002235,0.36363636363636365,7.112301809099183,5328,-0.17225102880548296
equity,C,1d,boll_atr3,-0.19674417617665713,-0.5329061483218223,0.38636363636363635,6.419779196787578,5328,0.019785476347828453
equity,C,1d,kelt_atr3,-0.18381916798849615,-0.48222847244486544,0.3465909090909091,5.168711467248686,5328,-0.4082452864614421
equity,CAT,1d,base_d55_tb,0.14747931440060388,-0.19577605258916886,0.32954545454545453,7.502971094625638,5328,0.06206342397200431
equity,CAT,1d,d55_rev,0.18800447520211794,-0.562696129439185,0.5284090909090909,2.5434740695462645,5328,-0.43404927032195284
equity,CAT,1d,d55_atr3,0.2311277819475762,-0.3304707100800385,0.38636363636363635,3.604311852017181,5328,0.41415887283015607
equity,CAT,1d,d55_atr3_tr,0.23154809311130858,-0.3304707100800376,0.38636363636363635,3.6040899212438924,5328,-0.1672815925513028
equity,CAT,1d,d55_atr3_vol,0.263513219380041,-0.3094209995962377,0.36363636363636365,3.3021730225316706,5328,-0.01867195616076737
equity,CAT,1d,d55_chan20,0.20343928581681223,-0.3399097763406661,0.4034090909090909,3.343787623578955,5328,-0.12558291300977276
equity,CAT,1d,d20_chan10,0.07459484211072537,-0.3812789074543078,0.45454545454545453,6.604826505445028,5328,0.06824138987513634
equity,CAT,1d,boll_atr3,-0.07270244550588413,-0.5244977376891574,0.42613636363636365,5.890163024835115,5328,-0.3407077076402938
equity,CAT,1d,kelt_atr3,0.1593901857415151,-0.3830800109534723,0.44886363636363635,5.032585389087217,5328,-0.33190223800487517
equity,COP,1d,base_d55_tb,0.44460780079442486,-0.13717518671676088,0.3181818181818182,7.700505077872049,5328,-0.34044482347715865
equity,COP,1d,d55_rev,0.14918614398829175,-0.346415335195993,0.5,2.5136969831089897,5328,-0.11586270290742694
equity,COP,1d,d55_atr3,0.13563283189719644,-0.36361644190883824,0.3693181818181818,3.57819158193263,5328,0.0013023825260462109
equity,COP,1d,d55_atr3_tr,0.13563283189719644,-0.36361644190883824,0.3693181818181818,3.57819158193263,5328,-0.6174735383293328
equity,COP,1d,d55_atr3_vol,0.25803889542310204,-0.3215267983157206,0.29545454545454547,2.618701117026291,5328,-0.1778074138902451
equity,COP,1d,d55_chan20,0.04947475178921053,-0.43917493759591775,0.3977272727272727,3.386217703176994,5328,-0.34975087585768283
equity,COP,1d,d20_chan10,0.02090752874748527,-0.5448743280551142,0.44886363636363635,6.529560253194726,5328,-0.027204709448176732
equity,COP,1d,boll_atr3,0.15072928209512,-0.5034937674484057,0.4375,5.1585591073570445,5328,-0.12382425789476256
equity,COP,1d,kelt_atr3,0.07342297743670997,-0.5020879597068348,0.3806818181818182,4.381722318346889,5328,-0.4789137829852037
equity,COST,1d,base_d55_tb,-0.3836396284003882,-0.45728790420442855,0.26704545454545453,11.485213008748861,5328,-0.07536440982472074
equity,COST,1d,d55_rev,0.23614934835740323,-0.47922334983769277,0.5227272727272727,3.2589789951756747,5328,-0.17812152957509889
equity,COST,1d,d55_atr3,0.16608170740816366,-0.3083576144082435,0.3806818181818182,4.757950447315409,5328,-0.43928963070190236
equity,COST,1d,d55_atr3_tr,0.16608170740816366,-0.3083576144082435,0.3806818181818182,4.757950447315409,5328,-0.4557645829951765
equity,COST,1d,d55_atr3_vol,0.07852593969924922,-0.3218565635990608,0.32386363636363635,4.410433563844794,5328,-0.09916883651347576
equity,COST,1d,d55_chan20,0.00013347924472151105,-0.3102563804087145,0.4034090909090909,4.58399857320754,5328,-0.6496212878843736
equity,COST,1d,d20_chan10,0.033181560150630604,-0.40919657071108195,0.44886363636363635,8.635652365622898,5328,-0.44664742706548777
equity,COST,1d,boll_atr3,0.0047768517917929606,-0.3511571824656632,0.4375,7.368739085884434,5328,-0.07142397668644217
equity,COST,1d,kelt_atr3,0.004011421678760933,-0.3634947350747918,0.4147727272727273,6.286209505680146,5328,-0.06177233886691776
equity,CPER,1d,base_d55_tb,-0.3194471806860626,-0.42728294259039934,0.20454545454545456,7.972324490299793,5328,-1.4126512821507695
equity,CPER,1d,d55_rev,-0.24480546586997495,-0.7633993223641006,0.3977272727272727,3.437174863315547,5328,-2.6375629307851085
equity,CPER,1d,d55_atr3,-0.17491219104306968,-0.6399009739716071,0.23863636363636365,4.686907915234062,5328,-0.9696221930807861
equity,CPER,1d,d55_atr3_tr,-0.17491219104306968,-0.6399009739716071,0.23863636363636365,4.686907915234062,5328,-1.139570060837857
equity,CPER,1d,d55_atr3_vol,-0.06423383009190525,-0.23759018282920685,0.19886363636363635,3.2161348666605214,5328,-1.5589704135400038
equity,CPER,1d,d55_chan20,-0.18730761170841614,-0.6690544116244568,0.29545454545454547,4.241664666542535,5328,-1.7241351841714698
equity,CPER,1d,d20_chan10,-0.2980173913470054,-0.7890577553985363,0.35795454545454547,9.003109884856105,5328,-2.2182014210670054
equity,CPER,1d,boll_atr3,-0.3212140755316007,-0.7919353854294205,0.3693181818181818,8.089213256243694,5328,-1.9000877346994764
equity,CPER,1d,kelt_atr3,-0.3184793571985992,-0.8004367114086944,0.3352272727272727,8.219053428728271,5328,-1.8459712519988147
equity,CRM,1d,base_d55_tb,0.053852068743843046,-0.2845296891913508,0.32386363636363635,6.527520201726688,5328,-0.3799667834720107
equity,CRM,1d,d55_rev,0.17997180423881046,-0.2841195753935799,0.4943181818181818,2.0843708113953174,5328,-0.09868241533674894
equity,CRM,1d,d55_atr3,0.18168348070464527,-0.19588992690503537,0.3806818181818182,3.0368788650769085,5328,-0.044875722112411406
equity,CRM,1d,d55_atr3_tr,0.18168348070464527,-0.19588992690503537,0.3806818181818182,3.0368788650769085,5328,-0.26153563199443375
equity,CRM,1d,d55_atr3_vol,0.011692801894194409,-0.27288852867074576,0.29545454545454547,2.7859759824484334,5328,-0.025571928932574702
equity,CRM,1d,d55_chan20,-0.03828111190681554,-0.3391465685468542,0.39204545454545453,2.927573719444458,5328,-0.19210061071692155
equity,CRM,1d,d20_chan10,-0.24353440519914246,-0.5503844975493835,0.45454545454545453,5.909550045183866,5328,-0.3589238821433961
equity,CRM,1d,boll_atr3,-0.09636588532178623,-0.4475673271400298,0.42045454545454547,4.709514831621471,5328,-0.2440858805896732
equity,CRM,1d,kelt_atr3,0.04606520597553942,-0.41547906454643135,0.39204545454545453,4.021512735490611,5328,-0.28879831791686555
equity,CSCO,1d,base_d55_tb,-0.015135470917378196,-0.215153680140036,0.32954545454545453,8.360926005602781,5328,-0.4606793642284988
equity,CSCO,1d,d55_rev,-0.04024555608595368,-0.5546026785812426,0.5,3.2730962655877915,5328,-0.3537948489105101
equity,CSCO,1d,d55_atr3,-0.07125621907165514,-0.3873383431656878,0.38636363636363635,4.543743613997133,5328,-0.6136903008283365
equity,CSCO,1d,d55_atr3_tr,-0.08118473179870402,-0.39959529192283083,0.38636363636363635,4.5436041435464976,5328,-0.353688439034491
equity,CSCO,1d,d55_atr3_vol,-0.06193522130305297,-0.31643355982199206,0.32386363636363635,3.7983822912474774,5328,0.30797131269478545
equity,CSCO,1d,d55_chan20,-0.028522080937703483,-0.45172215572240604,0.3977272727272727,4.276576467899603,5328,0.08193111356387409
equity,CSCO,1d,d20_chan10,-0.20578108485251603,-0.594805776674969,0.44886363636363635,8.593684257110484,5328,-0.29015246141342516
equity,CSCO,1d,boll_atr3,-0.12653775938911324,-0.5926671808433718,0.4431818181818182,6.8283720728253465,5328,-0.2656830688253958
equity,CSCO,1d,kelt_atr3,-0.10527672014923856,-0.5458871819717925,0.4090909090909091,5.8943617696548865,5328,-0.5631961570926227
equity,CVX,1d,base_d55_tb,0.20988353608051116,-0.21564804331782006,0.29545454545454547,8.194194269703123,5328,-0.022747112240491134
equity,CVX,1d,d55_rev,-0.29178006868803436,-0.6720301592457019,0.4090909090909091,3.8715821712723084,5328,-0.2101149001255146
equity,CVX,1d,d55_atr3,-0.13449141506507226,-0.44689549128606454,0.3181818181818182,4.783141211950356,5328,0.07484629328856196
equity,CVX,1d,d55_atr3_tr,-0.13449141506507226,-0.44689549128606454,0.3181818181818182,4.783141211950356,5328,-0.2593199108912217
equity,CVX,1d,d55_atr3_vol,-0.05444476229104311,-0.40681541794452003,0.2897727272727273,4.100386325527345,5328,-0.670455659484889
equity,CVX,1d,d55_chan20,-0.1825681682579554,-0.5005348539813927,0.3522727272727273,4.435488041034361,5328,-0.37784653690738246
equity,CVX,1d,d20_chan10,-0.2744126707934911,-0.6174155043420184,0.375,9.133369706905116,5328,0.13649521736449047
equity,CVX,1d,boll_atr3,-0.0815540448076517,-0.5833493154378722,0.3977272727272727,6.681636856891533,5328,0.015259095686397883
equity,CVX,1d,kelt_atr3,-0.08556280358287066,-0.46509930592237425,0.36363636363636365,5.981056438526953,5328,-0.19871621529695185
equity,DBA,1d,base_d55_tb,-0.27003779868084204,-0.3789752897478632,0.26136363636363635,18.248204221371825,5328,-0.8675941876694752
equity,DBA,1d,d55_rev,0.1992376021076673,-0.45192104593884663,0.5113636363636364,5.3683894184281975,5328,-0.9685527095598083
equity,DBA,1d,d55_atr3,-0.1098214701351355,-0.506820136099067,0.3352272727272727,9.152206703673226,5328,-0.7990569424599632
equity,DBA,1d,d55_atr3_tr,-0.11142481291320616,-0.5062522667428303,0.3352272727272727,9.149374312610831,5328,-0.5188734173316338
equity,DBA,1d,d55_atr3_vol,0.0006785171826497645,-0.3514340514124952,0.26704545454545453,7.299244363378317,5328,-0.5269150065960629
equity,DBA,1d,d55_chan20,-0.039941096389224905,-0.5179182490299723,0.375,7.965574157686003,5328,-0.8717969722958333
equity,DBA,1d,d20_chan10,-0.03244437542137414,-0.5771209795188614,0.4147727272727273,14.899085716834024,5328,-0.8592302424756657
equity,DBA,1d,boll_atr3,-0.04212361524487701,-0.5237769356780189,0.3977272727272727,11.775417753855917,5328,-0.8562580414077944
equity,DBA,1d,kelt_atr3,-0.1369947946958345,-0.5742312379675243,0.39204545454545453,12.227930838897864,5328,-1.3089012664030404
equity,DBC,1d,base_d55_tb,0.432585950235016,-0.24676967290960672,0.3125,14.076509603944379,5328,-0.2008952417178191
equity,DBC,1d,d55_rev,0.2973531205572738,-0.4267896387634469,0.4943181818181818,4.661227487017412,5328,-0.23977773689483903
equity,DBC,1d,d55_atr3,0.3238911397168105,-0.3771832796446405,0.3409090909090909,7.008404620677217,5328,-0.5652955071455952
equity,DBC,1d,d55_atr3_tr,0.3181594356069995,-0.3826873539334317,0.3409090909090909,7.00708666337674,5328,-0.6229669207873804
equity,DBC,1d,d55_atr3_vol,0.33338622093161757,-0.30104074819860516,0.2784090909090909,5.364748672159501,5328,-0.1908190082261722
equity,DBC,1d,d55_chan20,0.22299145043052107,-0.44119246358641595,0.39204545454545453,6.359933897974014,5328,-0.558383799869535
equity,DBC,1d,d20_chan10,0.3169371167510079,-0.5117501608317383,0.48863636363636365,12.170440418959553,5328,-0.3695025467161436
equity,DBC,1d,boll_atr3,0.25634469157384066,-0.48032991296338634,0.4375,10.058702257676002,5328,-0.2708193791696404
equity,DBC,1d,kelt_atr3,0.3046688808426701,-0.34642119090459844,0.44886363636363635,9.390234721941324,5328,-0.4189154181522527
equity,DIS,1d,base_d55_tb,0.20515598534046328,-0.3590650777645875,0.29545454545454547,9.335526397516682,5328,0.04117759874420449
equity,DIS,1d,d55_rev,-0.11930426116120531,-0.5803371820693526,0.48295454545454547,3.6841919917349846,5328,0.4114895633567013
equity,DIS,1d,d55_atr3,0.2498385641350263,-0.2560246049111431,0.3977272727272727,4.331527283871964,5328,-0.4972261677938585
equity,DIS,1d,d55_atr3_tr,0.2498385641350263,-0.2560246049111431,0.3977272727272727,4.331527283871964,5328,0.06258782905258177
equity,DIS,1d,d55_atr3_vol,0.21124815451962917,-0.263410321798918,0.3522727272727273,3.573718692360112,5328,-0.3740855307516774
equity,DIS,1d,d55_chan20,0.1394842836166267,-0.29357023635393686,0.4431818181818182,4.105580996885838,5328,0.05914809413816341
equity,DIS,1d,d20_chan10,0.1972214473561482,-0.32610876989872195,0.45454545454545453,7.709980865700057,5328,-0.24286403985128563
equity,DIS,1d,boll_atr3,0.2654859585698549,-0.28450331198687073,0.44886363636363635,6.202274786750961,5328,0.0866227398201976
equity,DIS,1d,kelt_atr3,0.35485315861987005,-0.20561496188970596,0.4602272727272727,5.015476638727023,5328,0.06202594135430712
equity,GDX,1d,base_d55_tb,-0.3342108869535961,-0.4452929593230327,0.2556818181818182,5.777837264243315,5328,0.2022777729487535
equity,GDX,1d,d55_rev,-0.1469350997521179,-0.6632057225607582,0.45454545454545453,2.291336551100552,5328,0.019018039978492798
equity,GDX,1d,d55_atr3,0.021331176225142863,-0.4628953291515089,0.30113636363636365,2.8611478565805,5328,-0.30200533332402935
equity,GDX,1d,d55_atr3_tr,0.021331176225142863,-0.4628953291515089,0.30113636363636365,2.8611478565805,5328,-0.035414691405598685
equity,GDX,1d,d55_atr3_vol,0.026621963000302402,-0.4590988273752603,0.26704545454545453,2.566855717190089,5328,-0.08253589636947277
equity,GDX,1d,d55_chan20,0.06595969470894272,-0.4531856998179207,0.3465909090909091,2.5384964699726202,5328,0.18526631197036594
equity,GDX,1d,d20_chan10,-0.023091254317641117,-0.535453814870064,0.4090909090909091,5.35729112288304,5328,-0.13822456309933706
equity,GDX,1d,boll_atr3,0.08405520194803187,-0.4009297073849132,0.4034090909090909,4.004513840713044,5328,0.16092621735730542
equity,GDX,1d,kelt_atr3,0.18270596264983432,-0.3871137013698315,0.4034090909090909,3.487546603957949,5328,-0.30123664983657494
equity,GE,1d,base_d55_tb,-0.09351675392225064,-0.26544028114956275,0.3068181818181818,8.612467145177805,5328,-0.04253503232918227
equity,GE,1d,d55_rev,0.17337513991081174,-0.5800139234269537,0.4772727272727273,3.179464196281825,5328,0.012952955076622598
equity,GE,1d,d55_atr3,0.13419926426319845,-0.45253425225378097,0.3522727272727273,4.21665053505684,5328,-0.2179214317337194
equity,GE,1d,d55_atr3_tr,0.13753086810228304,-0.45253425225378097,0.3522727272727273,4.216147080973349,5328,-0.27439791149957216
equity,GE,1d,d55_atr3_vol,0.23614664640606525,-0.4211751951996803,0.32954545454545453,3.565070513989007,5328,-0.40038073973524035
equity,GE,1d,d55_chan20,0.08340757131892881,-0.5549007000505851,0.3806818181818182,3.999045202074718,5328,-0.32725192442458734
equity,GE,1d,d20_chan10,0.05750736585704653,-0.4821950501679668,0.48863636363636365,7.1712789622990964,5328,-0.3034696295948629
equity,GE,1d,boll_atr3,0.02321519786793911,-0.47163864714080117,0.4147727272727273,6.071712513310842,5328,-0.36712046816905614
equity,GE,1d,kelt_atr3,0.17118368939676348,-0.4727421538668438,0.4034090909090909,4.998434382415265,5328,-0.3259564135518322
equity,GLD,1d,base_d55_tb,0.37551105739997215,-0.15524083687143786,0.3181818181818182,13.921953293054168,5328,-0.15878250760632867
equity,GLD,1d,d55_rev,0.17084194045409476,-0.5857430436607878,0.4943181818181818,5.100885674909126,5328,-0.3563232963141834
equity,GLD,1d,d55_atr3,0.22400459863648892,-0.3163876393530832,0.3465909090909091,7.0085253507126755,5328,0.019893787022813716
equity,GLD,1d,d55_atr3_tr,0.22400459863648892,-0.3163876393530832,0.3465909090909091,7.0085253507126755,5328,0.2452975909024986
equity,GLD,1d,d55_atr3_vol,0.21640999708027792,-0.29023502552171154,0.3409090909090909,6.776004770703669,5328,0.15730569766516256
equity,GLD,1d,d55_chan20,0.21870772769922098,-0.4166621777196958,0.3977272727272727,6.214800621197644,5328,0.12138782137734061
equity,GLD,1d,d20_chan10,0.016247508769054068,-0.43945683420638726,0.4034090909090909,13.047513699222241,5328,-0.48386760426767494
equity,GLD,1d,boll_atr3,-0.015835103077241723,-0.47114660361837246,0.39204545454545453,10.872858341074549,5328,-0.46376785901530954
equity,GLD,1d,kelt_atr3,0.14670174347723178,-0.3623910210818626,0.3806818181818182,9.562246347894577,5328,-0.5801326185022961
equity,GOOGL,1d,base_d55_tb,-0.08825416715796791,-0.32008356735732935,0.29545454545454547,8.194271634799225,5328,0.21421615962430077
equity,GOOGL,1d,d55_rev,-0.032999399013327525,-0.3753734761807166,0.4659090909090909,2.970883826792635,5328,-0.4414999660566343
equity,GOOGL,1d,d55_atr3,-0.003761415698214681,-0.34416270940983074,0.35795454545454547,3.8943394447118904,5328,-0.4027824281640027
equity,GOOGL,1d,d55_atr3_tr,-0.003761415698214681,-0.34416270940983074,0.35795454545454547,3.8943394447118904,5328,-0.3971921038141068
equity,GOOGL,1d,d55_atr3_vol,-0.09142023251679803,-0.37792617479970014,0.3181818181818182,3.397137074335261,5328,-0.1937443567078675
equity,GOOGL,1d,d55_chan20,-0.019079248278501822,-0.30623251073814917,0.4090909090909091,3.6862694235690827,5328,-0.5630127988198349
equity,GOOGL,1d,d20_chan10,-0.10714471308609086,-0.5210210983970898,0.3977272727272727,7.662346512224697,5328,-0.4030650823144339
equity,GOOGL,1d,boll_atr3,0.06482000515027111,-0.3552785375312806,0.45454545454545453,5.724710678915077,5328,-0.109323642465378
equity,GOOGL,1d,kelt_atr3,0.10945310334791603,-0.3746274594217598,0.42045454545454547,4.913537353617046,5328,0.01644402906235073
equity,GS,1d,base_d55_tb,0.20406793507605306,-0.17333934373732152,0.29545454545454547,7.540206909964723,5328,-0.3713822756008404
equity,GS,1d,d55_rev,0.21858485034665576,-0.36967078935723763,0.5284090909090909,2.6226993807030294,5328,-0.5416419373877247
equity,GS,1d,d55_atr3,-0.062051551029425965,-0.41697442966478937,0.3409090909090909,4.439317782199524,5328,-0.5856776823449525
equity,GS,1d,d55_atr3_tr,-0.062051551029425965,-0.41697442966478937,0.3409090909090909,4.439317782199524,5328,-0.23694851996128333
equity,GS,1d,d55_atr3_vol,-0.10798793921502865,-0.3902350773846467,0.30113636363636365,3.961505034260324,5328,-0.2309891231816179
equity,GS,1d,d55_chan20,0.12064072098870081,-0.37867092561166804,0.39204545454545453,3.8108203399271914,5328,0.030549625954663217
equity,GS,1d,d20_chan10,0.0061834494695580155,-0.5317501570796621,0.44886363636363635,7.436230209134274,5328,-0.33789929880152214
equity,GS,1d,boll_atr3,-0.3547078446839657,-0.7304669341598726,0.4147727272727273,6.593745989592802,5328,-0.3792730597124855
equity,GS,1d,kelt_atr3,-0.2310748437768421,-0.6554472975902805,0.3806818181818182,5.942890384284591,5328,-0.22423012927767724
equity,HD,1d,base_d55_tb,0.1724198279783098,-0.14842298784884,0.3068181818181818,9.816551583323115,5328,-0.1195735116817393
equity,HD,1d,d55_rev,0.05459616275067037,-0.44980351800094,0.48295454545454547,3.5150416086109653,5328,-0.5414141974484183
equity,HD,1d,d55_atr3,0.1415254320346525,-0.2885742549395536,0.36363636363636365,4.527855759812229,5328,-0.3830553135775689
equity,HD,1d,d55_atr3_tr,0.1415254320346525,-0.2885742549395536,0.36363636363636365,4.527855759812229,5328,-0.40854259779091723
equity,HD,1d,d55_atr3_vol,0.03549592812182766,-0.27962351623526027,0.3125,4.175011427224952,5328,-0.4636321410594896
equity,HD,1d,d55_chan20,0.07479977639244399,-0.29609434454578476,0.38636363636363635,4.506603579692261,5328,-0.22012913526481656
equity,HD,1d,d20_chan10,0.004969270290976449,-0.38624066312174155,0.44886363636363635,9.263875201973542,5328,-0.23896037789497468
equity,HD,1d,boll_atr3,-0.10226120929808345,-0.4336400029606108,0.4034090909090909,7.010519259916509,5328,-0.4522926787884052
equity,HD,1d,kelt_atr3,-0.019973162341384933,-0.43586796037303777,0.39204545454545453,6.287744399179275,5328,-0.3995906806653293
equity,HON,1d,base_d55_tb,-0.11468740529677725,-0.24478219142540125,0.2727272727272727,10.712524620963112,5328,-0.2901552217933493
equity,HON,1d,d55_rev,-0.0905144172368619,-0.6006278467753302,0.4602272727272727,3.6145434979116677,5328,-0.48512624057976894
equity,HON,1d,d55_atr3,-0.2790405005358451,-0.5994965714774445,0.3352272727272727,5.781054148047119,5328,-0.31049431460186766
equity,HON,1d,d55_atr3_tr,-0.2790405005358451,-0.5994965714774445,0.3352272727272727,5.781054148047119,5328,-0.2367608985384552
equity,HON,1d,d55_atr3_vol,-0.33135427219390706,-0.5804169040002937,0.23295454545454544,4.589128091460704,5328,-0.21754123153781
equity,HON,1d,d55_chan20,-0.13663834541786152,-0.5297203623028504,0.375,5.146768847759344,5328,-0.6817456030151439
equity,HON,1d,d20_chan10,-0.3840185177281558,-0.6924829127489727,0.39204545454545453,10.55276382609345,5328,-0.37959671054051664
equity,HON,1d,boll_atr3,-0.5465129438733166,-0.8024356251399105,0.3352272727272727,8.690642716658623,5328,-0.3593685085999481
equity,HON,1d,kelt_atr3,-0.2656374482444528,-0.6137036472916145,0.3522727272727273,6.709053945252577,5328,-0.549506769543349
equity,HYG,1d,base_d55_tb,-0.28043518121158856,-0.42382052368115997,0.23295454545454544,30.1783428866553,5328,-0.2955657862237455
equity,HYG,1d,d55_rev,-0.016747830054882805,-0.4393859156456823,0.4772727272727273,9.397510422246752,5328,-0.7298255934353618
equity,HYG,1d,d55_atr3,-0.29597820587654367,-0.5374103104310259,0.26704545454545453,16.483513155257324,5328,-0.5399041318541854
equity,HYG,1d,d55_atr3_tr,-0.29597820587654367,-0.5374103104310259,0.26704545454545453,16.483513155257324,5328,-0.6258402351098029
equity,HYG,1d,d55_atr3_vol,-0.38089882994568547,-0.5805080777535694,0.1875,13.40637399634569,5328,-0.06305642986154254
equity,HYG,1d,d55_chan20,-0.30670690824536906,-0.5746371458774916,0.3181818181818182,14.565633940818573,5328,-0.42686817299837326
equity,HYG,1d,d20_chan10,-0.2911096400480714,-0.6645472075765351,0.375,31.377372318433842,5328,-0.9199111065731576
equity,HYG,1d,boll_atr3,-0.3651161957028756,-0.6608402351207948,0.3181818181818182,25.08397453155294,5328,-0.7213129596110244
equity,HYG,1d,kelt_atr3,-0.2958722215253796,-0.5828942287180774,0.29545454545454547,21.78903745836061,5328,-0.5671945482699988
equity,IBM,1d,base_d55_tb,0.07193560368368132,-0.21591408459906747,0.2727272727272727,8.282597038120372,5328,-0.14218967135708913
equity,IBM,1d,d55_rev,-0.22560722558433677,-0.6153946392785905,0.4318181818181818,3.898499708565711,5328,-0.5158511788971919
equity,IBM,1d,d55_atr3,-0.2845628274448145,-0.5466181163080122,0.30113636363636365,5.485355378362581,5328,-0.6251610913141586
equity,IBM,1d,d55_atr3_tr,-0.35127229860304165,-0.5945842509594217,0.29545454545454547,5.484649172092156,5328,0.016952497522602538
equity,IBM,1d,d55_atr3_vol,-0.3468216807540905,-0.5722814203924923,0.26136363636363635,4.719335191468818,5328,-0.25432226170412764
equity,IBM,1d,d55_chan20,-0.25479302522853675,-0.5700682816210553,0.3465909090909091,4.920597588586758,5328,-0.35848089411614126
equity,IBM,1d,d20_chan10,-0.22878054539795314,-0.5421306728443924,0.375,9.650236559463092,5328,-0.056412709606707266
equity,IBM,1d,boll_atr3,-0.24416302087484207,-0.6147340860987556,0.3806818181818182,7.79659231436167,5328,-0.21591435295601777
equity,IBM,1d,kelt_atr3,-0.24108147462489216,-0.5486000972685764,0.3522727272727273,6.869700700130055,5328,0.02049131663634204
equity,IEF,1d,base_d55_tb,-0.2735077302634766,-0.3358880924382235,0.24431818181818182,32.504199334956375,5328,-0.4516857704698626
equity,IEF,1d,d55_rev,0.12365878008815713,-0.3527502160628416,0.5113636363636364,10.144735263932654,5328,-1.0977577011407549
equity,IEF,1d,d55_atr3,-0.08979786608274143,-0.30232260866115357,0.32386363636363635,17.682677375144024,5328,-0.990346492155938
equity,IEF,1d,d55_atr3_tr,-0.07648092238557345,-0.30232260866115357,0.32386363636363635,17.422322986766208,5328,-0.6233580201713708
equity,IEF,1d,d55_atr3_vol,-0.12289167224486822,-0.2964212083904999,0.26136363636363635,14.766733706198583,5328,-0.3880138448682681
equity,IEF,1d,d55_chan20,0.07461063944337595,-0.26152406542299345,0.38636363636363635,14.074245266074653,5328,-1.201738445560192
equity,IEF,1d,d20_chan10,-0.02629584830597776,-0.3431242895293305,0.44886363636363635,29.9928579923471,5328,-1.0966481323913735
equity,IEF,1d,boll_atr3,-0.22151051773235553,-0.4591799727636914,0.4147727272727273,27.58352711344749,5328,-1.024606927926664
equity,IEF,1d,kelt_atr3,-0.14662807861185326,-0.3645029528254057,0.35795454545454547,25.520887498362004,5328,-0.7108956224694272
equity,INTC,1d,base_d55_tb,0.21092479078157966,-0.19373998473604026,0.26136363636363635,6.694460255985131,5328,-0.11084125786429225
equity,INTC,1d,d55_rev,0.22544022339909006,-0.4391416955734946,0.5,2.552187650148345,5328,-0.05722088726069149
equity,INTC,1d,d55_atr3,-0.12546274546094416,-0.5037755951484,0.3181818181818182,3.914845228675515,5328,-0.25315419759089836
equity,INTC,1d,d55_atr3_tr,-0.12533100184886878,-0.5036413399575989,0.3181818181818182,3.9144593247654633,5328,0.04921160458447892
equity,INTC,1d,d55_atr3_vol,-0.08937069035729128,-0.43272198363648573,0.2840909090909091,3.420976371542117,5328,-0.4777342099588153
equity,INTC,1d,d55_chan20,-0.002245116492613888,-0.4371420514041976,0.3409090909090909,3.564893269617904,5328,-0.1106481265963531
equity,INTC,1d,d20_chan10,-0.11062048544655702,-0.5481719102332856,0.3806818181818182,6.782367108731445,5328,-0.36725166060876735
equity,INTC,1d,boll_atr3,-0.19596948720723142,-0.6834878510813807,0.3522727272727273,5.472871105761026,5328,0.08582424601666233
equity,INTC,1d,kelt_atr3,-0.12269581255457059,-0.5557482894220025,0.35795454545454547,4.878961127317877,5328,-0.19735746320155304
equity,JNJ,1d,base_d55_tb,0.017358961847997813,-0.3767414251586264,0.30113636363636365,12.279450430060045,5328,-0.3140769498226777
equity,JNJ,1d,d55_rev,-0.3459117865757553,-0.8240667078581491,0.4375,5.413123573709555,5328,-0.2929159561639898
equity,JNJ,1d,d55_atr3,-0.23508476617669521,-0.6627748999073811,0.36363636363636365,6.705061158353728,5328,-0.3133421820360158
equity,JNJ,1d,d55_atr3_tr,-0.23508476617669521,-0.6627748999073811,0.36363636363636365,6.705061158353728,5328,-0.1018093006341837
equity,JNJ,1d,d55_atr3_vol,-0.20482134532471366,-0.6326244294858228,0.3125,5.650127699616872,5328,-0.17270522600414293
equity,JNJ,1d,d55_chan20,-0.28763470418306164,-0.7576882913838153,0.3806818181818182,6.59523234308548,5328,-0.4289849809584937
equity,JNJ,1d,d20_chan10,-0.17742755334482327,-0.6555115656030142,0.42045454545454547,12.298252270211803,5328,-0.45594279061538595
equity,JNJ,1d,boll_atr3,0.13070054079406984,-0.5102599616764527,0.4772727272727273,8.50345158097023,5328,-0.23015148244947872
equity,JNJ,1d,kelt_atr3,-0.060616010256006346,-0.5826137200640948,0.4147727272727273,8.025823457098369,5328,-0.4106423186449745
equity,JPM,1d,base_d55_tb,-0.15223741139366895,-0.29782614177517186,0.2840909090909091,9.027411918597469,5328,-0.021555768029235707
equity,JPM,1d,d55_rev,-0.06938135827438104,-0.6263114384866257,0.4772727272727273,3.2626073373350275,5328,-0.8158329733216061
equity,JPM,1d,d55_atr3,-0.31636461731088616,-0.6183025738401787,0.36363636363636365,4.897911004059195,5328,-0.2721756794411538
equity,JPM,1d,d55_atr3_tr,-0.31636461731088616,-0.6183025738401787,0.36363636363636365,4.897911004059195,5328,-0.35230956318886786
equity,JPM,1d,d55_atr3_vol,-0.2339799241503609,-0.5210889277319954,0.3125,4.197636100613781,5328,-0.37314097892867243
equity,JPM,1d,d55_chan20,-0.08194428561128675,-0.5009154439338769,0.42045454545454547,4.16637021789117,5328,-0.2654087187023927
equity,JPM,1d,d20_chan10,-0.3896780677315629,-0.6966004211763925,0.39204545454545453,8.49905674110612,5328,-0.25269231147436944
equity,JPM,1d,boll_atr3,-0.24057519109877987,-0.6248856195991221,0.44886363636363635,6.871829978002743,5328,-0.2580324287434337
equity,JPM,1d,kelt_atr3,-0.10254757402691649,-0.4287262408106147,0.4602272727272727,5.82641708405077,5328,-0.39842850097379023
equity,KO,1d,base_d55_tb,-0.08681555742533373,-0.2574255459810223,0.2556818181818182,11.863736361626131,5328,-0.36442897787357353
equity,KO,1d,d55_rev,-0.2865652902253256,-0.7094157853827345,0.4431818181818182,5.316868262204637,5328,-0.2184220536665233
equity,KO,1d,d55_atr3,-0.31548470020937347,-0.6086601372416742,0.2840909090909091,6.760489187204004,5328,-0.30282743580437343
equity,KO,1d,d55_atr3_tr,-0.31548470020937347,-0.6086601372416742,0.2840909090909091,6.760489187204004,5328,0.19570227939516274
equity,KO,1d,d55_atr3_vol,-0.28175088855120967,-0.5859248618813215,0.24431818181818182,5.8895027852390385,5328,-0.15929482652292937
equity,KO,1d,d55_chan20,-0.3174391992928896,-0.6615808112041894,0.3181818181818182,6.402529526952496,5328,0.01246065145358222
equity,KO,1d,d20_chan10,-0.3634680333824845,-0.761257878560439,0.42045454545454547,12.710086359712076,5328,-0.14075423603715784
equity,KO,1d,boll_atr3,-0.579564707381826,-0.8190581106241291,0.35795454545454547,10.923008962506533,5328,-0.5884005619832422
equity,KO,1d,kelt_atr3,-0.4217720935094951,-0.6969885755244313,0.32954545454545453,8.576776738680792,5328,-0.8940865742728411
equity,LOW,1d,base_d55_tb,-0.07278677325828199,-0.26676155935328394,0.29545454545454547,8.606862127718642,5328,-0.22950510871605087
equity,LOW,1d,d55_rev,-0.2877452212641461,-0.7637554190137409,0.4659090909090909,3.34000665424476,5328,-0.0630644704110432
equity,LOW,1d,d55_atr3,0.013908453952315557,-0.3151429534749245,0.3693181818181818,4.312952116014223,5328,-0.6091873674526762
equity,LOW,1d,d55_atr3_tr,0.03692942469386121,-0.2819350467512517,0.3693181818181818,4.253166299696208,5328,-0.07040326162947654
equity,LOW,1d,d55_atr3_vol,-0.062013883915181506,-0.425231235027994,0.3181818181818182,3.7267648279742476,5328,-0.4627422670270673
equity,LOW,1d,d55_chan20,-0.10473492128936061,-0.49347543818028083,0.38636363636363635,3.886551190044259,5328,0.12656863920709024
equity,LOW,1d,d20_chan10,-0.10697430472740706,-0.4279940830826301,0.4034090909090909,7.368615061294163,5328,0.05460167847026247
equity,LOW,1d,boll_atr3,0.07078799947484254,-0.30075475777401006,0.45454545454545453,5.865744556235922,5328,-0.42284902802002067
equity,LOW,1d,kelt_atr3,0.20591876737427756,-0.23900550477431592,0.4431818181818182,4.8187788413969095,5328,-0.6284702042208964
equity,LQD,1d,base_d55_tb,-0.4008674950214681,-0.5324274514660154,0.2727272727272727,35.32060398648599,5328,-0.5552822163826087
equity,LQD,1d,d55_rev,0.11550230462527458,-0.4592167388553555,0.44886363636363635,10.08361260907941,5328,-0.8726989896091328
equity,LQD,1d,d55_atr3,0.11747102822741941,-0.3222410634248374,0.3522727272727273,15.409916142578847,5328,-0.5001336368065601
equity,LQD,1d,d55_atr3_tr,0.12295860402028715,-0.32224106342483627,0.35795454545454547,15.409496165692639,5328,-0.8933575649563553
equity,LQD,1d,d55_atr3_vol,0.20151441394059766,-0.2802898654727496,0.32386363636363635,11.847757410438273,5328,-0.5753548867304827
equity,LQD,1d,d55_chan20,0.1463742248345717,-0.33306088956695545,0.3806818181818182,13.017344488954176,5328,-0.5169181441656063
equity,LQD,1d,d20_chan10,-0.11102655756141201,-0.4754491319523335,0.38636363636363635,29.167042966631396,5328,-1.0846097706973217
equity,LQD,1d,boll_atr3,-0.17568035305075771,-0.48766835222264326,0.35795454545454547,24.623297760208715,5328,-0.7633151821444162
equity,LQD,1d,kelt_atr3,0.020672078165402556,-0.3359052141120775,0.36363636363636365,20.86364576849111,5328,-0.3145289493669562
equity,MA,1d,base_d55_tb,-0.02465109277503595,-0.21377629890669603,0.32954545454545453,9.307449037684,5328,0.04170037184987914
equity,MA,1d,d55_rev,0.09492842543202866,-0.5495701337148404,0.5625,2.9716028841199367,5328,0.06922137277653541
equity,MA,1d,d55_atr3,-0.03222652810281447,-0.4748860334600917,0.42613636363636365,4.413707899128956,5328,-0.6740415726367155
equity,MA,1d,d55_atr3_tr,-0.03222652810281447,-0.4748860334600917,0.42613636363636365,4.413707899128956,5328,-0.15804214773639527
equity,MA,1d,d55_atr3_vol,-0.1566459573690561,-0.479642326451163,0.3522727272727273,4.1414715177810075,5328,-0.08230907074485655
equity,MA,1d,d55_chan20,0.09881151140281715,-0.44079059749148664,0.4772727272727273,3.644095446527981,5328,-0.08506052426367625
equity,MA,1d,d20_chan10,-0.04876444824327722,-0.45490072896787936,0.48863636363636365,7.787123123330965,5328,-0.256501271481702
equity,MA,1d,boll_atr3,-0.09635882106821714,-0.5055383472013448,0.4772727272727273,6.357590409959198,5328,-0.06184214637093235
equity,MA,1d,kelt_atr3,0.01516750949386475,-0.4602079022279968,0.3977272727272727,4.722217137700874,5328,-0.1255010099544386
equity,MCD,1d,base_d55_tb,0.0255643491051544,-0.2859648323841786,0.2784090909090909,12.724961549888365,5328,-0.018833305089472254
equity,MCD,1d,d55_rev,0.20479948098850334,-0.4264884187508825,0.5284090909090909,3.9777638725992337,5328,-0.38464716039754243
equity,MCD,1d,d55_atr3,0.20377118228693528,-0.3582897086207756,0.35795454545454547,5.802025831389365,5328,-0.41368827671822433
equity,MCD,1d,d55_atr3_tr,0.20377118228693528,-0.3582897086207756,0.35795454545454547,5.802025831389365,5328,-0.6284189471465033
equity,MCD,1d,d55_atr3_vol,0.15753463256992734,-0.26388429387108014,0.2840909090909091,4.865942928597351,5328,-0.639472882187756
equity,MCD,1d,d55_chan20,0.08599875478020455,-0.4305988529091894,0.4034090909090909,5.337912642611832,5328,-0.1591104576846401
equity,MCD,1d,d20_chan10,-0.05311667471533611,-0.4134310543306956,0.3977272727272727,11.253061972745027,5328,-0.588534452785641
equity,MCD,1d,boll_atr3,0.07033802101640192,-0.44250902296528893,0.42613636363636365,8.060705777806959,5328,-0.23977834248642085
equity,MCD,1d,kelt_atr3,0.1961894073575215,-0.29502318001635075,0.3806818181818182,6.353284468293419,5328,0.015591762749672123
equity,META,1d,base_d55_tb,0.010249332820849737,-0.23675036076362688,0.27906976744186046,5.841310370954066,5192,-0.24053779778273587
equity,META,1d,d55_rev,0.3146747303566781,-0.3345389814388824,0.5406976744186046,1.7891527388852624,5192,-0.10921772596927676
equity,META,1d,d55_atr3,0.176564432330326,-0.2231631913367984,0.42441860465116277,2.976262720368879,5192,-0.1358879122399646
equity,META,1d,d55_atr3_tr,0.176564432330326,-0.2231631913367984,0.42441860465116277,2.976262720368879,5192,-0.05309396563533653
equity,META,1d,d55_atr3_vol,0.14471214234800062,-0.2840932204188086,0.37790697674418605,2.6241072153365548,5192,-0.12810477857814076
equity,META,1d,d55_chan20,0.1574150492359148,-0.2537221207594852,0.4476744186046512,2.630203019714849,5192,-0.1977143436800075
equity,META,1d,d20_chan10,-0.10971559284136499,-0.4800139732932913,0.4476744186046512,5.828347049794392,5192,0.04266870293158385
equity,META,1d,boll_atr3,0.20995452244472265,-0.3506166938817378,0.46511627906976744,4.311292430624761,5192,-0.39404234186494563
equity,META,1d,kelt_atr3,0.03356029193915103,-0.46768036826602877,0.4186046511627907,3.9515226045907927,5192,-0.01608259837625599
equity,MRK,1d,base_d55_tb,-0.15412198183857392,-0.3544329314507433,0.26136363636363635,8.421390551466475,5328,0.03493533823914228
equity,MRK,1d,d55_rev,0.03831223042274815,-0.5433256414390952,0.44886363636363635,3.411165614852524,5328,-0.4605118919524796
equity,MRK,1d,d55_atr3,-0.4246022387750001,-0.659070402759397,0.2727272727272727,5.085498608769015,5328,-0.011805725555967402
equity,MRK,1d,d55_atr3_tr,-0.4246022387750001,-0.659070402759397,0.2727272727272727,5.085498608769015,5328,0.021476565944611264
equity,MRK,1d,d55_atr3_vol,-0.45990763245254107,-0.6354718363854552,0.19886363636363635,4.335164952564925,5328,-0.5969765169297309
equity,MRK,1d,d55_chan20,-0.3753098614282507,-0.6954673545514742,0.3068181818181818,4.756346982134226,5328,-0.06975335348474344
equity,MRK,1d,d20_chan10,-0.535543910990416,-0.8123073954387866,0.3465909090909091,10.196464909043932,5328,-0.15331886644851725
equity,MRK,1d,boll_atr3,-0.33657120328276124,-0.705063930720884,0.375,7.369289230615455,5328,-0.5874159711462411
equity,MRK,1d,kelt_atr3,-0.5039511279362878,-0.7605782988008838,0.2897727272727273,6.409161824953933,5328,-0.10358429627033804
equity,MS,1d,base_d55_tb,0.39238921383527287,-0.13117561465652816,0.30113636363636365,7.36857609882122,5328,-0.13548901159242982
equity,MS,1d,d55_rev,0.0986104904543785,-0.4852139708145303,0.5056818181818182,2.542078388632785,5328,-0.4657705120059659
equity,MS,1d,d55_atr3,0.03447832771558837,-0.43955531069413634,0.38636363636363635,3.6750350815952904,5328,0.06591599006642497
equity,MS,1d,d55_atr3_tr,0.03447832771558837,-0.43955531069413634,0.38636363636363635,3.6750350815952904,5328,0.16432350550018082
equity,MS,1d,d55_atr3_vol,0.11753333973684187,-0.4154889752412968,0.35795454545454547,3.099989457512542,5328,-0.03839613541986701
equity,MS,1d,d55_chan20,0.07205987796465889,-0.40435228863356665,0.42613636363636365,3.3830468048605393,5328,0.002502644726790916
equity,MS,1d,d20_chan10,-0.1383285055310196,-0.562080917564847,0.44886363636363635,6.894940151436181,5328,-0.6214817522072528
equity,MS,1d,boll_atr3,-0.15180252887227624,-0.5812790015104254,0.4375,5.61190449037539,5328,0.24915282608609926
equity,MS,1d,kelt_atr3,-0.12938721806709985,-0.5062506448091326,0.39204545454545453,4.687923557132673,5328,-0.029799783963128306
equity,MSFT,1d,base_d55_tb,0.1695274118620244,-0.16927400799406567,0.30113636363636365,8.357502461838369,5328,-0.3769451657812432
equity,MSFT,1d,d55_rev,0.15521333933924517,-0.5093665436565789,0.5511363636363636,2.6474284429917176,5328,-0.6431087345153336
equity,MSFT,1d,d55_atr3,0.09954421135089246,-0.3440534998697783,0.4147727272727273,4.065494472897015,5328,-0.6158321527723292
equity,MSFT,1d,d55_atr3_tr,0.09954421135089246,-0.3440534998697783,0.4147727272727273,4.065494472897015,5328,0.006204228602269562
equity,MSFT,1d,d55_atr3_vol,0.13059684976243421,-0.2625990467945979,0.3806818181818182,3.591110239677859,5328,-0.41313096849491565
equity,MSFT,1d,d55_chan20,0.10560780133032024,-0.31186818391297766,0.42613636363636365,3.6177935257966896,5328,-0.20402422235323991
equity,MSFT,1d,d20_chan10,-0.11958731149638976,-0.521491355067853,0.4602272727272727,7.589791696165764,5328,-0.19156718969535022
equity,MSFT,1d,boll_atr3,-0.0773906144827944,-0.4057814523374228,0.4602272727272727,5.9785544225511495,5328,-0.237113392234937
equity,MSFT,1d,kelt_atr3,-0.003468379258532629,-0.38674695920835434,0.4090909090909091,5.169852935541276,5328,-0.35169378684873415
equity,NFLX,1d,base_d55_tb,0.08306386585757568,-0.1962685335147356,0.3352272727272727,5.2861635650681755,5328,-0.014708008484363554
equity,NFLX,1d,d55_rev,0.5310900493394646,-0.34969957975873345,0.5795454545454546,1.5604696445189155,5328,0.015120517098800574
equity,NFLX,1d,d55_atr3,0.3702204468671396,-0.17235768006894048,0.42613636363636365,2.3876510911229682,5328,0.26732290478243415
equity,NFLX,1d,d55_atr3_tr,0.3701730829060495,-0.17235768006894048,0.4147727272727273,2.3693725946312076,5328,-0.32468309840105003
equity,NFLX,1d,d55_atr3_vol,0.4424420486446405,-0.16274534852304112,0.4090909090909091,2.0353469728679308,5328,-0.07653678922133726
equity,NFLX,1d,d55_chan20,0.4344437984352229,-0.1996447107065481,0.45454545454545453,2.195597270713902,5328,0.027213526906008922
equity,NFLX,1d,d20_chan10,0.10390237413697341,-0.3728788948581334,0.4715909090909091,4.6367656568613445,5328,-0.027038828720768578
equity,NFLX,1d,boll_atr3,0.1796411741492592,-0.27250955517069086,0.4659090909090909,3.5379113604192396,5328,-0.3065516900631312
equity,NFLX,1d,kelt_atr3,0.3242872240541191,-0.24216968514198378,0.4943181818181818,3.08181108616669,5328,-0.09880077206218837
equity,NKE,1d,base_d55_tb,-0.1084293825190331,-0.3289532169639947,0.2840909090909091,7.682084970734882,5328,-0.3627815613248868
equity,NKE,1d,d55_rev,0.04557783766940346,-0.5428518456281339,0.45454545454545453,2.826018223921991,5328,-0.49568225677013844
equity,NKE,1d,d55_atr3,-0.030070599089469723,-0.5093970129237346,0.35795454545454547,4.104082363140718,5328,-0.23429630261583162
equity,NKE,1d,d55_atr3_tr,-0.017896955090864496,-0.5093970129237351,0.35795454545454547,4.026541095427566,5328,-0.44441900238699983
equity,NKE,1d,d55_atr3_vol,0.040097689078965874,-0.4078136721434049,0.3352272727272727,3.4411950903103232,5328,0.06568481992337354
equity,NKE,1d,d55_chan20,-0.004611968781188856,-0.49196969631789433,0.3977272727272727,3.5889524580976313,5328,-0.006400620753277833
equity,NKE,1d,d20_chan10,-0.19303896625539085,-0.6064577890723437,0.42045454545454547,6.660785615505848,5328,0.07378717314989619
equity,NKE,1d,boll_atr3,0.012293085727061535,-0.44924480436185477,0.42613636363636365,5.405110383763551,5328,0.11040493031112927
equity,NKE,1d,kelt_atr3,0.07135288942686908,-0.48633682720058036,0.4090909090909091,4.995249904653617,5328,-0.07739409801080138
equity,NVDA,1d,base_d55_tb,0.40944096870510516,-0.19576822834290564,0.35795454545454547,5.283975539980679,5328,-0.11821094016757024
equity,NVDA,1d,d55_rev,0.5612511390407702,-0.35374387885183833,0.5397727272727273,1.652143972265981,5328,-0.27076707325438454
equity,NVDA,1d,d55_atr3,0.4812109766050785,-0.3058152487558019,0.39204545454545453,2.4282774707654258,5328,0.1117424396843318
equity,NVDA,1d,d55_atr3_tr,0.4791726111843271,-0.3058152487558019,0.39204545454545453,2.4282683556190214,5328,-0.051393803736810684
equity,NVDA,1d,d55_atr3_vol,0.4924700660984516,-0.302512972389274,0.3465909090909091,2.1252784868535843,5328,-0.012374135747614945
equity,NVDA,1d,d55_chan20,0.47779465316175856,-0.25729193577358844,0.38636363636363635,2.263126851324409,5328,-0.27950066282236774
equity,NVDA,1d,d20_chan10,0.16527662834340318,-0.3626514032132925,0.45454545454545453,4.871214381072438,5328,-0.6948294316351464
equity,NVDA,1d,boll_atr3,0.127117372551772,-0.36858198382026097,0.4431818181818182,3.5800690443214576,5328,-0.30210491081121055
equity,NVDA,1d,kelt_atr3,0.22853803903928707,-0.4157858620478997,0.42045454545454547,3.3743966107032786,5328,-0.10039172833193911
equity,ORCL,1d,base_d55_tb,-0.35878980094998164,-0.493559339439096,0.2159090909090909,7.1329832279130265,5328,0.022832957415771505
equity,ORCL,1d,d55_rev,-0.06687029958490541,-0.6761914351746909,0.4715909090909091,3.2078905757738534,5328,-0.46228522285360585
equity,ORCL,1d,d55_atr3,-0.41556526660645887,-0.6843536939049456,0.3125,4.678012894595728,5328,-0.15091449580834443
equity,ORCL,1d,d55_atr3_tr,-0.41556526660645887,-0.6843536939049456,0.3125,4.678012894595728,5328,-0.2894612134803083
equity,ORCL,1d,d55_atr3_vol,-0.38105587391045986,-0.589479159836471,0.22727272727272727,3.764602955156134,5328,0.034034708779717746
equity,ORCL,1d,d55_chan20,-0.35587513946991933,-0.6747203730936677,0.32386363636363635,4.337377253333393,5328,-0.5017494888256777
equity,ORCL,1d,d20_chan10,-0.2819052462879446,-0.6595246280500157,0.4034090909090909,8.13078826012757,5328,-0.5202918241838413
equity,ORCL,1d,boll_atr3,-0.43823051671942426,-0.7469804576452321,0.38636363636363635,6.8872492230807785,5328,-0.04088015253836375
equity,ORCL,1d,kelt_atr3,-0.4494821208947453,-0.7637473564765367,0.32954545454545453,5.86989133824756,5328,-0.3112578751120848
equity,PEP,1d,base_d55_tb,-0.14796630820811685,-0.2883521803532839,0.24431818181818182,13.182749974119618,5328,0.06821296981353246
equity,PEP,1d,d55_rev,-0.26638594620722045,-0.7164506306481904,0.45454545454545453,5.26727571294443,5328,-0.5221718056416521
equity,PEP,1d,d55_atr3,-0.1412580547242299,-0.5702049305969241,0.32954545454545453,6.25938141490219,5328,-0.1581886961230108
equity,PEP,1d,d55_atr3_tr,-0.1412580547242299,-0.5702049305969241,0.32954545454545453,6.25938141490219,5328,0.02941122965106472
equity,PEP,1d,d55_atr3_vol,-0.03357317996983561,-0.47377224242566285,0.2840909090909091,4.9240437804647,5328,-0.1614422788841169
equity,PEP,1d,d55_chan20,-0.1842923714763452,-0.6235323316699033,0.32386363636363635,6.316530516816748,5328,-0.2629133417636272
equity,PEP,1d,d20_chan10,-0.20113438002020628,-0.6145018921481378,0.4431818181818182,12.188345572120408,5328,-0.24369591717977251
equity,PEP,1d,boll_atr3,-0.23271047930716773,-0.6906636040716981,0.42045454545454547,9.731316714702476,5328,-0.37103756780473096
equity,PEP,1d,kelt_atr3,-0.22753123939688827,-0.6427472545070397,0.3522727272727273,8.017879303383058,5328,-0.5129178999607871
equity,PFE,1d,base_d55_tb,-0.39273382052541383,-0.433667114952769,0.19318181818181818,9.478033263676252,5328,0.32808452953960426
equity,PFE,1d,d55_rev,-0.19443158983043912,-0.6972636301355328,0.4772727272727273,3.981098272995388,5328,0.18448826286242784
equity,PFE,1d,d55_atr3,-0.10087438975876435,-0.4362259504380158,0.3068181818181818,4.694633853352375,5328,0.14311083904755267
equity,PFE,1d,d55_atr3_tr,-0.10087438975876435,-0.4362259504380158,0.3068181818181818,4.694633853352375,5328,-0.5809481564584547
equity,PFE,1d,d55_atr3_vol,-0.0007720600297419913,-0.34745901706215054,0.2556818181818182,3.6641844154992733,5328,-0.1701036700395615
equity,PFE,1d,d55_chan20,-0.1590367746904463,-0.4979474811964072,0.3465909090909091,4.529564217031188,5328,0.13401075341292074
equity,PFE,1d,d20_chan10,-0.2564212194605462,-0.6595358728224593,0.375,9.148671719138376,5328,-0.3024932206682317
equity,PFE,1d,boll_atr3,-0.2652724561559696,-0.6582545734568035,0.3806818181818182,7.517925396989837,5328,-0.3477245572984074
equity,PFE,1d,kelt_atr3,-0.09253924439093456,-0.47532689428939345,0.3409090909090909,5.481549910850376,5328,-0.0703421029284713
equity,PG,1d,base_d55_tb,-0.24472911304998574,-0.322878822160531,0.2556818181818182,12.199236309039115,5328,-0.007381575909705545
equity,PG,1d,d55_rev,-0.14051079232144717,-0.5969418722547193,0.48295454545454547,4.801957629159327,5328,-0.6577057043635466
equity,PG,1d,d55_atr3,-0.10194749973234633,-0.4486594099522444,0.375,6.250221944442209,5328,-0.6014375439599748
equity,PG,1d,d55_atr3_tr,-0.10194749973234633,-0.4486594099522444,0.375,6.250221944442209,5328,-0.5914106873523044
equity,PG,1d,d55_atr3_vol,-0.08259002192548641,-0.32724052391582403,0.3125,5.491991123495143,5328,-0.18034233999149113
equity,PG,1d,d55_chan20,-0.13819277261729118,-0.4800112057830005,0.39204545454545453,5.724986689738762,5328,-0.40125956630910975
equity,PG,1d,d20_chan10,-0.11323623461706554,-0.3909160026213715,0.44886363636363635,11.852972407401952,5328,-0.466065820008271
equity,PG,1d,boll_atr3,-0.24294507053684788,-0.6051572886733095,0.4375,9.33097251208093,5328,-0.3243088273531923
equity,PG,1d,kelt_atr3,-0.2464615008098389,-0.5604631515488794,0.3693181818181818,7.8509069299571905,5328,-0.2879931521029791
equity,QCOM,1d,base_d55_tb,-0.03710418758395745,-0.3852827014078981,0.30113636363636365,6.5247340264855875,5328,0.15813881228182008
equity,QCOM,1d,d55_rev,-0.21270780110642076,-0.6445779386685311,0.4659090909090909,2.5867411154622055,5328,-0.12930768641013662
equity,QCOM,1d,d55_atr3,-0.09290196051850205,-0.377081199311999,0.35795454545454547,3.6658757023312982,5328,-0.4697260442964144
equity,QCOM,1d,d55_atr3_tr,-0.09290196051850205,-0.377081199311999,0.35795454545454547,3.6658757023312982,5328,0.06678484757097215
equity,QCOM,1d,d55_atr3_vol,-0.06352595771545573,-0.31996297358357895,0.32954545454545453,3.4448845967404074,5328,-0.21183208024526481
equity,QCOM,1d,d55_chan20,-0.1220986580779484,-0.41273074565066603,0.3977272727272727,3.3480209884448766,5328,-0.07766587508396094
equity,QCOM,1d,d20_chan10,-0.09430621170463344,-0.5625183566834135,0.4318181818181818,6.908048428413507,5328,0.15831684954229114
equity,QCOM,1d,boll_atr3,0.11270968757358191,-0.33494859690601264,0.44886363636363635,5.282512387094212,5328,-0.1556225849071614
equity,QCOM,1d,kelt_atr3,0.017922993181103335,-0.42726020795912134,0.3977272727272727,4.4563495497588725,5328,-0.30151478041363083
equity,QQQ,1d,base_d55_tb,-0.13888574766818906,-0.35791235119906517,0.3352272727272727,15.244662150635802,5328,0.09662689194574932
equity,QQQ,1d,d55_rev,0.07668390854522027,-0.46644410329900055,0.5454545454545454,3.832751645913866,5328,-0.522409435077225
equity,QQQ,1d,d55_atr3,0.000911768991835207,-0.35456208074967765,0.4431818181818182,6.131625749246834,5328,-0.37269688043496657
equity,QQQ,1d,d55_atr3_tr,0.000911768991835207,-0.35456208074967765,0.4431818181818182,6.131625749246834,5328,-0.19811332388253947
equity,QQQ,1d,d55_atr3_vol,-0.11321518381879007,-0.3698808745788055,0.3181818181818182,4.992449510647322,5328,-0.44948553735396374
equity,QQQ,1d,d55_chan20,0.07106826783387914,-0.4231628651161162,0.4659090909090909,5.333331047592848,5328,-0.5231412194871995
equity,QQQ,1d,d20_chan10,-0.17346411681093485,-0.584974318415184,0.4715909090909091,10.920604071497324,5328,-0.27710800903207533
equity,QQQ,1d,boll_atr3,-0.17760180646902904,-0.5489965674383775,0.4147727272727273,8.503478042388279,5328,-0.32834836850275795
equity,QQQ,1d,kelt_atr3,-0.08222367700008322,-0.4190992773948886,0.42045454545454547,7.714725892338569,5328,-0.27849348974146215
equity,SBUX,1d,base_d55_tb,-0.16525282946242323,-0.3051880933015322,0.2784090909090909,8.90271473693284,5328,-0.1072869698826395
equity,SBUX,1d,d55_rev,0.07572672620888597,-0.5107085424270414,0.5,2.988151439953007,5328,-0.36518605659145725
equity,SBUX,1d,d55_atr3,0.19366680216014578,-0.36002695199244394,0.3693181818181818,3.802623275656576,5328,-0.15420682678611852
equity,SBUX,1d,d55_atr3_tr,0.19366680216014578,-0.36002695199244394,0.3693181818181818,3.802623275656576,5328,-0.31809361660641977
equity,SBUX,1d,d55_atr3_vol,0.10649701053904759,-0.3681336354702429,0.3125,3.5198557899366647,5328,-0.2885266685105233
equity,SBUX,1d,d55_chan20,0.0927808223227829,-0.48026660299733437,0.38636363636363635,3.5743723640123575,5328,-0.34157422303035173
equity,SBUX,1d,d20_chan10,-0.05844532056568417,-0.43934733599292775,0.4090909090909091,8.038141083785153,5328,0.042306222523826854
equity,SBUX,1d,boll_atr3,0.25170365637624564,-0.3788976585861541,0.44886363636363635,5.414733091023648,5328,-0.5094072375259219
equity,SBUX,1d,kelt_atr3,0.20492298102018044,-0.3380199652991075,0.4147727272727273,4.7789128245763965,5328,0.15074777057198357
equity,SHY,1d,base_d55_tb,-0.6420457926832484,-0.2425491591321196,0.16477272727272727,33.486486486486484,5328,-1.4093515992468706
equity,SHY,1d,d55_rev,0.09701145775385438,-0.1550825052643896,0.48295454545454547,9.506756756756758,5328,-4.037580856720268
equity,SHY,1d,d55_atr3,-0.12410122801220454,-0.10772954409411839,0.32954545454545453,16.885135135135133,5328,-2.4802946157421144
equity,SHY,1d,d55_atr3_tr,-0.1355860078053469,-0.10838522686596674,0.32386363636363635,16.885135135135133,5328,-2.821833192765254
equity,SHY,1d,d55_atr3_vol,-0.0010196739610652053,-0.0969576031148921,0.2159090909090909,9.648648648648647,5328,-1.670031673738976
equity,SHY,1d,d55_chan20,-0.02965172660498613,-0.138591618130946,0.3522727272727273,14.33108108108108,5328,-2.899605279183077
equity,SHY,1d,d20_chan10,-0.40063742112776457,-0.24780527351449622,0.32386363636363635,33.3445945945946,5328,-3.377385162602661
equity,SHY,1d,boll_atr3,-0.44408075477453657,-0.2682923872162496,0.375,28.66216216216216,5328,-3.525039812845001
equity,SHY,1d,kelt_atr3,-0.23261121398303733,-0.15797905661093414,0.32954545454545453,22.7027027027027,5328,-2.82934472501266
equity,SLB,1d,base_d55_tb,0.32318793154191616,-0.1358577819691945,0.3352272727272727,6.843834338287762,5328,0.2247447292895913
equity,SLB,1d,d55_rev,-0.04517643968955814,-0.4305806748757307,0.44886363636363635,2.7241682610677445,5328,-0.34558082514583616
equity,SLB,1d,d55_atr3,0.056713496183504096,-0.42465374069745077,0.3181818181818182,3.268036451283575,5328,-0.2684019140543581
equity,SLB,1d,d55_atr3_tr,0.04539623158176291,-0.43810765424107956,0.3181818181818182,3.2679723637304274,5328,-0.01182324036294741
equity,SLB,1d,d55_atr3_vol,0.06252165443270916,-0.37525248871470274,0.29545454545454547,2.8498801605764967,5328,-0.4198030397992797
equity,SLB,1d,d55_chan20,0.01980929438522356,-0.4484349841560181,0.3465909090909091,3.2229102015493036,5328,-0.1579830412447239
equity,SLB,1d,d20_chan10,0.09370114962570729,-0.5168807447190873,0.4431818181818182,6.2750564129468795,5328,0.06443825804082445
equity,SLB,1d,boll_atr3,0.0007565808264347667,-0.5355206658960125,0.4375,4.926484490841855,5328,-0.17326048185045878
equity,SLB,1d,kelt_atr3,-0.03234595545038318,-0.5487210993552358,0.3977272727272727,4.130535527173464,5328,-0.4549647628318783
equity,SLV,1d,base_d55_tb,0.018956995932578023,-0.24382892431742276,0.26704545454545453,7.913705610241985,5328,0.08322436721113528
equity,SLV,1d,d55_rev,-0.26232600019131047,-0.8123780483264974,0.42613636363636365,3.5490995434127384,5328,-0.18386853105826514
equity,SLV,1d,d55_atr3,0.023914534836901733,-0.47489567573659,0.3068181818181818,4.2011108065398695,5328,0.011491990157356574
equity,SLV,1d,d55_atr3_tr,0.023914534836901733,-0.47489567573659,0.3068181818181818,4.2011108065398695,5328,-0.45615359230593017
equity,SLV,1d,d55_atr3_vol,0.0873294326560407,-0.41641615292156464,0.3068181818181818,3.9021987826168,5328,-0.5872472851861296
equity,SLV,1d,d55_chan20,-0.08416491687594259,-0.6412380081934245,0.36363636363636365,3.991564862684176,5328,-0.5440732160309132
equity,SLV,1d,d20_chan10,-0.12923546089250354,-0.6814148291892153,0.3465909090909091,7.803113436129717,5328,-0.2926659755464477
equity,SLV,1d,boll_atr3,-0.018584492344992733,-0.5427167392778551,0.3977272727272727,6.490280967191594,5328,-0.1133342406885722
equity,SLV,1d,kelt_atr3,-0.059132067532747246,-0.6191040547009559,0.39204545454545453,6.18774915539045,5328,-0.5709907796624283
equity,SPY,1d,base_d55_tb,0.02575967609869121,-0.202056489231773,0.4034090909090909,18.17520107923583,5328,-0.12037268596802707
equity,SPY,1d,d55_rev,0.00788259423839618,-0.46909652110475974,0.5511363636363636,5.41237435823704,5328,-0.4663384546998889
equity,SPY,1d,d55_atr3,-0.08062020167917285,-0.46055964073602484,0.4431818181818182,8.01171857826066,5328,-0.7125049088883417
equity,SPY,1d,d55_atr3_tr,-0.08062020167917285,-0.46055964073602484,0.4431818181818182,8.01171857826066,5328,-0.32732909797460624
equity,SPY,1d,d55_atr3_vol,-0.18769705696404562,-0.5372135519400232,0.2727272727272727,6.204742598072445,5328,-0.43019900328324207
equity,SPY,1d,d55_chan20,-0.08154572063247802,-0.4022820899740098,0.44886363636363635,7.604519702565974,5328,-0.2949733574321267
equity,SPY,1d,d20_chan10,-0.17138818393019994,-0.5318983590844246,0.4431818181818182,14.49858954452077,5328,-0.9610151836390958
equity,SPY,1d,boll_atr3,-0.2202608704710636,-0.5924750848698843,0.4375,10.999041582475183,5328,-0.6772261875012509
equity,SPY,1d,kelt_atr3,-0.16012401459118286,-0.5825183892638806,0.4431818181818182,10.294004395991895,5328,-0.4993346667467505
equity,T,1d,base_d55_tb,-0.26128889719284853,-0.31886500518722793,0.2556818181818182,9.51101561614679,5328,0.03221413449513136
equity,T,1d,d55_rev,-0.07586436962822372,-0.5399347981966105,0.44886363636363635,3.7736364132008267,5328,-0.26271038656467033
equity,T,1d,d55_atr3,-0.09476419491730842,-0.49040659413713117,0.3465909090909091,4.971719106397221,5328,-0.06304958983766125
equity,T,1d,d55_atr3_tr,-0.09476419491730842,-0.49040659413713117,0.3465909090909091,4.971719106397221,5328,-0.25870870611925506
equity,T,1d,d55_atr3_vol,-0.19300996893832817,-0.5696566682509303,0.26136363636363635,4.426593746276263,5328,0.17117907142645317
equity,T,1d,d55_chan20,-0.08063304796055469,-0.5203519855766474,0.3977272727272727,4.813461967200548,5328,-0.2904436831255353
equity,T,1d,d20_chan10,-0.10388674690353765,-0.5848193399395973,0.4431818181818182,9.058186126565863,5328,-0.1707668871912757
equity,T,1d,boll_atr3,-0.20520032542542133,-0.637127055462166,0.42045454545454547,7.618519106992305,5328,-0.4761691933547393
equity,T,1d,kelt_atr3,-0.2713957381976886,-0.6485125222176207,0.3693181818181818,6.614414381737702,5328,-0.6013123978607876
equity,TIP,1d,base_d55_tb,-0.580779653248284,-0.5196262692491084,0.19318181818181818,32.968091527672435,5328,-0.4990277986198736
equity,TIP,1d,d55_rev,-0.14597853934158983,-0.5107647662689865,0.4431818181818182,10.438676697698797,5328,-1.106378273637001
equity,TIP,1d,d55_atr3,-0.21267200332808225,-0.47920012529829814,0.2784090909090909,17.16275785422543,5328,-0.8307664420052251
equity,TIP,1d,d55_atr3_tr,-0.2210819314422659,-0.4865413236598648,0.2784090909090909,17.16275785422543,5328,-0.7816240688092331
equity,TIP,1d,d55_atr3_vol,-0.16484515081169102,-0.40292912768737277,0.21022727272727273,12.748396463994103,5328,-0.5886467425980814
equity,TIP,1d,d55_chan20,-0.2821143010522317,-0.556919092072344,0.3181818181818182,15.075441096464491,5328,-1.0269271204101862
equity,TIP,1d,d20_chan10,-0.30880312124686154,-0.5784997323994463,0.4034090909090909,33.75173100542406,5328,-1.2084840595406081
equity,TIP,1d,boll_atr3,-0.09744683616703441,-0.44723366360250594,0.38636363636363635,24.184377519602577,5328,-1.1190539371447985
equity,TIP,1d,kelt_atr3,-0.14856686990206447,-0.450157593206146,0.36363636363636365,22.093062294087524,5328,-0.7053657115670009
equity,TLT,1d,base_d55_tb,-0.4744903841516746,-0.4651132936495572,0.22727272727272727,15.942309518989111,5328,-0.42792497898518267
equity,TLT,1d,d55_rev,-0.17196163354858415,-0.572470211291765,0.4659090909090909,6.086464787943222,5328,-0.4613222428598806
equity,TLT,1d,d55_atr3,-0.0199020246151606,-0.3028065765634973,0.30113636363636365,8.13569937583627,5328,-0.46749185564307355
equity,TLT,1d,d55_atr3_tr,-5.5787698105524654e-05,-0.2999446751377317,0.30113636363636365,8.060263091077786,5328,-0.2055950507125067
equity,TLT,1d,d55_atr3_vol,0.012001853793110695,-0.2295381353013859,0.30113636363636365,7.421543240658331,5328,-0.3907360128863728
equity,TLT,1d,d55_chan20,-0.05147643023574582,-0.3571737053547758,0.3352272727272727,7.149421842204847,5328,-0.48753651762396394
equity,TLT,1d,d20_chan10,-0.10061060574664774,-0.4006620025543659,0.42613636363636365,14.722394978065516,5328,-0.11689570053091909
equity,TLT,1d,boll_atr3,-0.09125871593383417,-0.3626842847650832,0.4147727272727273,12.55136347939184,5328,-0.11531388184844926
equity,TLT,1d,kelt_atr3,0.07898325010897414,-0.2535192989317694,0.4034090909090909,10.632694876072001,5328,-0.6867655990756218
equity,TXN,1d,base_d55_tb,-0.029601166336222097,-0.30249075712256024,0.2556818181818182,7.677724801338789,5328,-0.022367849804432856
equity,TXN,1d,d55_rev,-0.009573461006883334,-0.6031293803980763,0.5113636363636364,2.7465274209459616,5328,-0.28220939975118237
equity,TXN,1d,d55_atr3,-0.11709602919170078,-0.5192747311753839,0.3409090909090909,4.23656430809517,5328,0.14170053013558281
equity,TXN,1d,d55_atr3_tr,-0.1146533013135687,-0.5192747311753839,0.3352272727272727,4.2233229656165445,5328,-0.036224573787688785
equity,TXN,1d,d55_atr3_vol,-0.2458386862930521,-0.5484158895142415,0.2727272727272727,3.5156246223202823,5328,-0.25057285326244044
equity,TXN,1d,d55_chan20,-0.0645175611183862,-0.5069335259478076,0.375,3.7582287002988726,5328,-0.19130891096056787
equity,TXN,1d,d20_chan10,-0.23208649274859922,-0.6441506550017339,0.4090909090909091,7.651399816283433,5328,-0.3285924343935549
equity,TXN,1d,boll_atr3,-0.30810219497677765,-0.7206849015462844,0.3806818181818182,6.286841589205602,5328,0.07844128776547753
equity,TXN,1d,kelt_atr3,-0.004848074543165133,-0.48779089822673716,0.3693181818181818,4.414807745565188,5328,-0.3108758361485851
equity,UNG,1d,base_d55_tb,-0.11164189330922487,-0.27841426658715707,0.23295454545454544,5.005278548897113,5328,0.08076822063212045
equity,UNG,1d,d55_rev,0.13689135195980592,-0.4359288340120058,0.5056818181818182,1.5102501411785516,5328,-0.7726650203547157
equity,UNG,1d,d55_atr3,-0.06682761874872749,-0.464058147237832,0.30113636363636365,2.4813742105866745,5328,-0.5405298575866554
equity,UNG,1d,d55_atr3_tr,-0.06682761874872749,-0.464058147237832,0.30113636363636365,2.4813742105866745,5328,-0.027789967940935453
equity,UNG,1d,d55_atr3_vol,-0.02569268241685674,-0.4077997523902057,0.2727272727272727,2.1941150297231644,5328,0.20966734842637408
equity,UNG,1d,d55_chan20,-0.003970102163934474,-0.4211585180545171,0.3352272727272727,2.1775770747042507,5328,-0.2655444121707071
equity,UNG,1d,d20_chan10,-0.16906881600566268,-0.488867563033211,0.39204545454545453,4.776235830498706,5328,0.027201324267283396
equity,UNG,1d,boll_atr3,-0.2637143115163053,-0.560134856130281,0.3693181818181818,3.7414512955048465,5328,-0.034211829320895885
equity,UNG,1d,kelt_atr3,-0.10306177561710589,-0.3937351853100769,0.375,3.4747336428237405,5328,-0.0909654994138692
equity,UNH,1d,base_d55_tb,-0.5333867785007202,-0.5913272156656286,0.23863636363636365,8.993080130386609,5328,-0.29497739924452576
equity,UNH,1d,d55_rev,-0.2399944151068337,-0.7495639277743339,0.4318181818181818,3.3306682918246455,5328,-0.28687017942255194
equity,UNH,1d,d55_atr3,-0.4402291577630715,-0.6815450196510267,0.3125,4.802611399528751,5328,-0.4418739374474047
equity,UNH,1d,d55_atr3_tr,-0.4402291577630715,-0.6815450196510267,0.3125,4.802611399528751,5328,-0.5514287946369459
equity,UNH,1d,d55_atr3_vol,-0.49542421733969016,-0.6882494617997239,0.2727272727272727,4.179741853146301,5328,-0.31885760084225656
equity,UNH,1d,d55_chan20,-0.33953209115708344,-0.7324570798159217,0.3409090909090909,4.229025551237175,5328,-0.2382359950505699
equity,UNH,1d,d20_chan10,-0.38873032862638385,-0.7009994916892661,0.3977272727272727,8.284595103520846,5328,-0.11830897937177555
equity,UNH,1d,boll_atr3,-0.4446894900165457,-0.7473039080753183,0.39204545454545453,6.805478845401523,5328,-0.478931762689509
equity,UNH,1d,kelt_atr3,-0.42308283369463573,-0.7158658788435828,0.32954545454545453,5.708612134460936,5328,-0.47836972863304433
equity,USO,1d,base_d55_tb,-0.054879330513110516,-0.38593103888792835,0.3068181818181818,7.342998074081876,5328,-0.36332463986633406
equity,USO,1d,d55_rev,0.09014235813333618,-0.4533211501322594,0.48863636363636365,2.581589948611491,5328,-0.2375179015834392
equity,USO,1d,d55_atr3,0.3369431197445891,-0.30138035934053253,0.3409090909090909,3.308576864176717,5328,0.004726634800890293
equity,USO,1d,d55_atr3_tr,0.3467170541931304,-0.30138035934053287,0.3352272727272727,3.2876329049794797,5328,-0.16569789602179272
equity,USO,1d,d55_atr3_vol,0.242090374007479,-0.3113591045709766,0.2840909090909091,3.094582342315755,5328,0.08906356295664722
equity,USO,1d,d55_chan20,0.1725131352196004,-0.4360240054419431,0.3806818181818182,3.124378881400117,5328,-0.22458153978590367
equity,USO,1d,d20_chan10,0.15064153105403824,-0.48388476870775354,0.48295454545454547,6.160574748094021,5328,-0.15119241214226312
equity,USO,1d,boll_atr3,0.1939615660994593,-0.3836581012468504,0.4375,5.223414845223554,5328,-0.4962973534970555
equity,USO,1d,kelt_atr3,0.2960080239659323,-0.36259807791537135,0.42045454545454547,4.507884094389151,5328,-0.3389291014487361
equity,V,1d,base_d55_tb,-0.460709564337728,-0.45754683963488185,0.2897727272727273,10.239712778743314,5328,-0.29154330696304764
equity,V,1d,d55_rev,0.09649314296243322,-0.4753660028993866,0.5170454545454546,3.133879366755391,5328,-0.6383329861759905
equity,V,1d,d55_atr3,-0.07849631097499925,-0.5147373408496771,0.3806818181818182,4.486379036736414,5328,-0.17889072112185422
equity,V,1d,d55_atr3_tr,-0.05082419239638981,-0.5147373408496766,0.38636363636363635,4.426215844502356,5328,-0.16559199484663017
equity,V,1d,d55_atr3_vol,-0.14394324423727184,-0.4769624692128728,0.32954545454545453,4.131061226885143,5328,-0.5994306273053581
equity,V,1d,d55_chan20,0.06740510974879484,-0.47289006486468577,0.4431818181818182,3.8265935807468336,5328,0.06645261472602994
equity,V,1d,d20_chan10,-0.12466775055178993,-0.6211253823621457,0.44886363636363635,7.899732285249047,5328,-0.23244449507128986
equity,V,1d,boll_atr3,-0.04814197782575211,-0.5062943533842397,0.45454545454545453,6.444019554701432,5328,-0.010076237291175441
equity,V,1d,kelt_atr3,-0.2174472989136558,-0.6105779614499338,0.35795454545454547,5.535355018747246,5328,-0.5705138610201725
equity,VZ,1d,base_d55_tb,-0.37997349077876047,-0.4548134230936888,0.23863636363636365,10.486748043943265,5328,-0.44167879825639395
equity,VZ,1d,d55_rev,-0.496898398748474,-0.8240061773020795,0.3977272727272727,4.7158626865569016,5328,-0.2295507849678599
equity,VZ,1d,d55_atr3,-0.44549772080670935,-0.6853512442839523,0.2840909090909091,5.711213665994495,5328,-0.47346067525839436
equity,VZ,1d,d55_atr3_tr,-0.44549772080670935,-0.6853512442839523,0.2840909090909091,5.711213665994495,5328,-0.14119887970074008
equity,VZ,1d,d55_atr3_vol,-0.4130689065260396,-0.6469079097443952,0.24431818181818182,4.974340718985977,5328,-0.5582183033617594
equity,VZ,1d,d55_chan20,-0.538578280498379,-0.7750333785999528,0.32386363636363635,5.356648246639867,5328,-0.6292171277521995
equity,VZ,1d,d20_chan10,-0.43280351731197253,-0.7462388019741701,0.3522727272727273,10.140841546713508,5328,-0.22562394403561323
equity,VZ,1d,boll_atr3,-0.2356454106410834,-0.6280135296883604,0.4090909090909091,8.346880695949377,5328,-0.08477120612275944
equity,VZ,1d,kelt_atr3,-0.42724846138222405,-0.6985256352688816,0.3125,7.053028265949525,5328,-0.5307747406428375
equity,WFC,1d,base_d55_tb,-0.05620627473910676,-0.3701678644627423,0.2897727272727273,8.19245144288732,5328,0.22585853949711235
equity,WFC,1d,d55_rev,-0.42966707383535113,-0.7840208086163963,0.4659090909090909,3.5251064389271987,5328,0.044599624377187105
equity,WFC,1d,d55_atr3,-0.35595294773853037,-0.6399122801041204,0.2840909090909091,4.792271371072169,5328,-0.06267636745586319
equity,WFC,1d,d55_atr3_tr,-0.35595294773853037,-0.6399122801041204,0.2840909090909091,4.792271371072169,5328,-0.24028500918418522
equity,WFC,1d,d55_atr3_vol,-0.28760367130965614,-0.5580240659115252,0.23863636363636365,3.846103936526785,5328,-0.1610746071604389
equity,WFC,1d,d55_chan20,-0.09092491823955165,-0.5413273585150771,0.3693181818181818,4.042642121752408,5328,-0.2966706073186098
equity,WFC,1d,d20_chan10,-0.05525916778986766,-0.38829882868789667,0.4431818181818182,8.012915264361435,5328,0.03603364188170161
equity,WFC,1d,boll_atr3,-0.3007116765010876,-0.6627275749648858,0.3977272727272727,6.831210859246053,5328,-0.2816104880334591
equity,WFC,1d,kelt_atr3,-0.28420636160750373,-0.5812270525363559,0.32954545454545453,5.456362729113245,5328,-0.7720381606974196
equity,WMT,1d,base_d55_tb,-0.05979220597119139,-0.2120103415829121,0.30113636363636365,10.945924632655766,5328,0.1377787764946493
equity,WMT,1d,d55_rev,0.039108342554299416,-0.4837952772708357,0.4659090909090909,4.126717921789978,5328,-0.39250483639262196
equity,WMT,1d,d55_atr3,-0.22559421408737446,-0.5180363848377969,0.3465909090909091,6.22277716200857,5328,-0.3304785551780275
equity,WMT,1d,d55_atr3_tr,-0.22559421408737446,-0.5180363848377969,0.3465909090909091,6.22277716200857,5328,-0.14323243722198126
equity,WMT,1d,d55_atr3_vol,-0.22257179630052454,-0.5144232203611971,0.26136363636363635,5.15965882516788,5328,0.010358863350713074
equity,WMT,1d,d55_chan20,-0.05193049577127046,-0.4693004024474179,0.39204545454545453,5.360156063291705,5328,-0.4195099187359701
equity,WMT,1d,d20_chan10,-0.0660450551837172,-0.44659459704458404,0.4375,10.030612839802309,5328,-0.36026906339879916
equity,WMT,1d,boll_atr3,-0.1331113817141819,-0.5668769266912348,0.4375,8.918497475270495,5328,-0.5659644682507494
equity,WMT,1d,kelt_atr3,-0.10966512031426778,-0.5425191422938956,0.39204545454545453,7.024012036055524,5328,-0.18757357231530927
equity,XLB,1d,base_d55_tb,0.17853872945639165,-0.154306696213947,0.2727272727272727,9.8146836274928,5328,-0.5378299536594354
equity,XLB,1d,d55_rev,-0.1377807257063949,-0.5146388460992078,0.4375,4.263472549092559,5328,-0.277150880742267
equity,XLB,1d,d55_atr3,-0.29886898555024244,-0.5433040608993525,0.2897727272727273,5.7693133683720585,5328,-0.3165231057709948
equity,XLB,1d,d55_atr3_tr,-0.29886898555024244,-0.5433040608993525,0.2897727272727273,5.7693133683720585,5328,-0.22257879494888727
equity,XLB,1d,d55_atr3_vol,-0.39280764330450874,-0.5675570896693909,0.18181818181818182,4.677168072768747,5328,-0.34584808987600296
equity,XLB,1d,d55_chan20,-0.2976311306998855,-0.5691092479206366,0.3125,5.3211055472939295,5328,-0.401984993397146
equity,XLB,1d,d20_chan10,-0.30977081449627003,-0.6376406569745118,0.36363636363636365,11.693519887822964,5328,-0.2712349377708453
equity,XLB,1d,boll_atr3,-0.37875301233722164,-0.699751080269969,0.3693181818181818,9.949393923027468,5328,-0.5264819954529014
equity,XLB,1d,kelt_atr3,-0.43916020802092814,-0.7064824617160199,0.3068181818181818,8.305822726276563,5328,-0.3015887547727742
equity,XLE,1d,base_d55_tb,0.180944639504146,-0.24882584689573894,0.2784090909090909,9.355296182565215,5328,-0.009442630321304853
equity,XLE,1d,d55_rev,-0.06613325043474268,-0.46714666592939713,0.4431818181818182,3.7366915413156514,5328,-0.8092456321623877
equity,XLE,1d,d55_atr3,0.09205888544821554,-0.3575288928412693,0.3181818181818182,4.930271058604736,5328,-0.06264904298216606
equity,XLE,1d,d55_atr3_tr,0.08575669504898914,-0.366052204102983,0.3125,4.930200637121831,5328,0.18337650512063614
equity,XLE,1d,d55_atr3_vol,0.011033043125822557,-0.3819292055925393,0.2784090909090909,4.4035143146401,5328,-0.3388472071334521
equity,XLE,1d,d55_chan20,0.06187427966582042,-0.3388458229198946,0.3806818181818182,4.4822141283139745,5328,0.020225110477856967
equity,XLE,1d,d20_chan10,-0.00989811135431995,-0.4439735095637012,0.44886363636363635,8.855884341973093,5328,-0.1743641393783648
equity,XLE,1d,boll_atr3,-0.09754024583483754,-0.5732977392404224,0.42045454545454547,7.394012376261226,5328,-0.5309818559859686
equity,XLE,1d,kelt_atr3,-0.024827291826960047,-0.5202402829578825,0.3465909090909091,6.060953187265202,5328,-0.363503082780328
equity,XLF,1d,base_d55_tb,0.05520542451165067,-0.18142010601543979,0.3522727272727273,12.181065550715532,5328,-0.6959552099890449
equity,XLF,1d,d55_rev,-0.024848611740131966,-0.495149038411435,0.4772727272727273,4.11409778345633,5328,-0.06459205813782003
equity,XLF,1d,d55_atr3,-0.14104983081022185,-0.4731728633352784,0.375,5.993759758803507,5328,-0.6180679660102363
equity,XLF,1d,d55_atr3_tr,-0.14104983081022185,-0.4731728633352784,0.375,5.993759758803507,5328,-0.19744160892320195
equity,XLF,1d,d55_atr3_vol,-0.2037635679218972,-0.5050715876751174,0.3068181818181818,5.187733516605985,5328,-0.1068433835037679
equity,XLF,1d,d55_chan20,-0.1960552194499991,-0.5393055297211928,0.375,5.718535985972311,5328,-0.052822535749620786
equity,XLF,1d,d20_chan10,-0.2968639260717716,-0.6727925686657538,0.42045454545454547,11.64016198823323,5328,-0.3122027517728771
equity,XLF,1d,boll_atr3,-0.3573665491187569,-0.7254081557095593,0.3977272727272727,9.320119945779803,5328,0.19782030959675914
equity,XLF,1d,kelt_atr3,-0.3741277684194505,-0.700188786316051,0.375,8.672401328226345,5328,-0.3778207079249056
equity,XLI,1d,base_d55_tb,-0.06887319904386072,-0.1990484494627579,0.29545454545454547,12.129582275400077,5328,-0.5623582225347378
equity,XLI,1d,d55_rev,0.09123830336491534,-0.41277450827979867,0.4943181818181818,4.121836905463117,5328,-0.6258486606766576
equity,XLI,1d,d55_atr3,-0.28282347350533965,-0.554997839981787,0.3465909090909091,6.995502283930111,5328,-0.26996900367420995
equity,XLI,1d,d55_atr3_tr,-0.28282347350533965,-0.554997839981787,0.3465909090909091,6.995502283930111,5328,-0.2837392583380352
equity,XLI,1d,d55_atr3_vol,-0.18153411732350996,-0.41445213567776085,0.26704545454545453,5.587249212115709,5328,-0.4193498422536837
equity,XLI,1d,d55_chan20,-0.2102696905165188,-0.47588545709107677,0.3522727272727273,6.586431193721493,5328,-0.4906516474837895
equity,XLI,1d,d20_chan10,-0.3272128596979512,-0.6454313050458129,0.42613636363636365,13.062376467941817,5328,-0.49493848257258083
equity,XLI,1d,boll_atr3,-0.3803608546199007,-0.7098137072049928,0.4090909090909091,10.420470803870652,5328,-0.45611798469982007
equity,XLI,1d,kelt_atr3,-0.3332340232507294,-0.644319598825317,0.4147727272727273,9.34638720136215,5328,-0.49186563170511016
equity,XLK,1d,base_d55_tb,-0.021167864173575968,-0.29816198496152235,0.32386363636363635,13.589250240213538,5328,-0.2833192307803593
equity,XLK,1d,d55_rev,0.059621251618863905,-0.3891930270415773,0.5454545454545454,3.8220629227831666,5328,-0.4743639517894188
equity,XLK,1d,d55_atr3,-0.0906230482475686,-0.4165725409313785,0.39204545454545453,6.317155071582794,5328,-0.6829111399552746
equity,XLK,1d,d55_atr3_tr,-0.0906230482475686,-0.4165725409313785,0.39204545454545453,6.317155071582794,5328,-0.5321056970599708
equity,XLK,1d,d55_atr3_vol,-0.15599864100819605,-0.44981427001808716,0.3125,5.018721081770541,5328,-0.3050782160087
equity,XLK,1d,d55_chan20,-0.029750316346477047,-0.43728898168237307,0.42613636363636365,5.5380449345205225,5328,-0.37877690398502434
equity,XLK,1d,d20_chan10,-0.17885475839816362,-0.5679479751486869,0.4659090909090909,10.672409247272496,5328,0.04819878846449179
equity,XLK,1d,boll_atr3,-0.24961370998522617,-0.6406622317111934,0.4034090909090909,8.66370240566459,5328,-0.5381083533697398
equity,XLK,1d,kelt_atr3,-0.13871326697396646,-0.5482736124304055,0.42613636363636365,7.782452183164017,5328,-0.47917072464332916
equity,XLP,1d,base_d55_tb,-0.29956368259107646,-0.43706432475934853,0.2897727272727273,18.004604533031756,5328,-0.2954267888692621
equity,XLP,1d,d55_rev,-0.5278668197019409,-0.8393546562377994,0.4602272727272727,7.280807711092909,5328,-0.6077174137345551
equity,XLP,1d,d55_atr3,-0.3637556846787341,-0.6875220757049487,0.3522727272727273,8.780095377083338,5328,-0.49165828840207537
equity,XLP,1d,d55_atr3_tr,-0.3637556846787341,-0.6875220757049487,0.3522727272727273,8.780095377083338,5328,-0.23532834759227497
equity,XLP,1d,d55_atr3_vol,-0.555662571574088,-0.7227284622329668,0.25,7.294540289913473,5328,-0.24256629932882942
equity,XLP,1d,d55_chan20,-0.4220383370399231,-0.7515326896006534,0.36363636363636365,8.58781905627392,5328,-0.13052614288886338
equity,XLP,1d,d20_chan10,-0.33001315763489947,-0.6720984845561893,0.4147727272727273,16.054837011389452,5328,-0.3872721176887119
equity,XLP,1d,boll_atr3,-0.48543578801115084,-0.7920463883671892,0.4090909090909091,13.304190330677091,5328,-0.45037417997989115
equity,XLP,1d,kelt_atr3,-0.49230078744616435,-0.7711081652222347,0.32386363636363635,11.425806514266998,5328,-0.5553920469095251
equity,XLRE,1d,base_d55_tb,-0.5383517906630874,-0.4021913256813001,0.16793893129770993,10.616678701115212,3954,-0.6163061857362802
equity,XLRE,1d,d55_rev,-0.49104157740754545,-0.7435585349845647,0.4351145038167939,4.908652040256072,3954,-0.4534781677279592
equity,XLRE,1d,d55_atr3,-0.5520716895534579,-0.611427793418892,0.26717557251908397,6.450025179200593,3954,-0.5616638496958039
equity,XLRE,1d,d55_atr3_tr,-0.5520716895534579,-0.611427793418892,0.26717557251908397,6.450025179200593,3954,-0.46593969966663906
equity,XLRE,1d,d55_atr3_vol,-0.7631852634636366,-0.6156620797133812,0.11450381679389313,4.6375720762956805,3954,-0.11826381516091468
equity,XLRE,1d,d55_chan20,-0.3332222079874767,-0.5585864819366108,0.35877862595419846,5.8329032318051395,3954,0.007179535210875778
equity,XLRE,1d,d20_chan10,-0.3269418958428825,-0.5758286953265899,0.3816793893129771,10.833054632655049,3954,-0.17552527225807585
equity,XLRE,1d,boll_atr3,-0.5272695656428048,-0.6543371609953443,0.366412213740458,10.088774342510645,3954,-0.39852665498394785
equity,XLRE,1d,kelt_atr3,-0.4268207240533825,-0.5837015343059706,0.2595419847328244,7.431255850504466,3954,-0.6898328737681384
equity,XLU,1d,base_d55_tb,-0.25172769542816836,-0.3755757810440782,0.26136363636363635,12.7886775043995,5328,-0.4096588379688304
equity,XLU,1d,d55_rev,-0.3373277804084984,-0.7512631325731338,0.4318181818181818,5.073733609367522,5328,-0.36229829385400303
equity,XLU,1d,d55_atr3,-0.34903731977673524,-0.6364974285765087,0.3125,6.74488595078574,5328,-0.2580697766770358
equity,XLU,1d,d55_atr3_tr,-0.34903731977673524,-0.6364974285765087,0.3125,6.74488595078574,5328,-0.649382232599544
equity,XLU,1d,d55_atr3_vol,-0.4948582892581183,-0.6409519830510415,0.2159090909090909,5.421403308682996,5328,-0.5544695975519005
equity,XLU,1d,d55_chan20,-0.4837219585071836,-0.7474153534066754,0.3068181818181818,6.50225870537033,5328,-0.5730527211589532
equity,XLU,1d,d20_chan10,-0.1893321849655231,-0.5464696415855298,0.4318181818181818,12.45754474246531,5328,-0.49369916816628173
equity,XLU,1d,boll_atr3,-0.5008816394214504,-0.7732278695253261,0.3693181818181818,10.777011265787843,5328,-0.5021662400285236
equity,XLU,1d,kelt_atr3,-0.3942955144871362,-0.7058024126533557,0.32954545454545453,8.689426390923863,5328,-0.057229577012415975
equity,XLV,1d,base_d55_tb,0.06893146841035569,-0.130959072748857,0.3068181818181818,14.867855183228151,5328,0.09667711175442677
equity,XLV,1d,d55_rev,0.17538215746362487,-0.46150829822311323,0.5284090909090909,4.545272675516352,5328,-0.48408124864468327
equity,XLV,1d,d55_atr3,0.07503409885343493,-0.30982915307759995,0.3693181818181818,6.954027153139733,5328,-0.4087177419016897
equity,XLV,1d,d55_atr3_tr,0.07503409885343493,-0.30982915307759995,0.3693181818181818,6.954027153139733,5328,-0.5698467310288496
equity,XLV,1d,d55_atr3_vol,0.011701505871785116,-0.3333414795989944,0.30113636363636365,5.984645705523165,5328,-0.18736047374123116
equity,XLV,1d,d55_chan20,-0.027582536419669398,-0.4844477541770732,0.4090909090909091,6.35941793559536,5328,-0.26323571243325034
equity,XLV,1d,d20_chan10,-0.38583254273545975,-0.714473321604284,0.36363636363636365,13.532674477790351,5328,-0.6286019622899718
equity,XLV,1d,boll_atr3,-0.19601955450033412,-0.5971793134209927,0.38636363636363635,10.83177939790503,5328,-0.051766112396179134
equity,XLV,1d,kelt_atr3,-0.19931742753345805,-0.5899090345145453,0.3522727272727273,9.317107714687365,5328,-0.4516966313629843
equity,XLY,1d,base_d55_tb,0.00444860254804559,-0.3077583867433765,0.2840909090909091,13.65530053520804,5328,-0.10377301296360708
equity,XLY,1d,d55_rev,-0.14407482032442162,-0.6368343181323988,0.4943181818181818,4.501485063348779,5328,-0.5768068502139313
equity,XLY,1d,d55_atr3,-0.10570552847997947,-0.43423783196380206,0.3181818181818182,6.817151852372277,5328,-0.5075008641330733
equity,XLY,1d,d55_atr3_tr,-0.10570552847997947,-0.43423783196380206,0.3181818181818182,6.817151852372277,5328,-0.05961725948044886
equity,XLY,1d,d55_atr3_vol,-0.13470922772580235,-0.434853332487251,0.25,5.343563254189991,5328,-0.023755948543908455
equity,XLY,1d,d55_chan20,-0.20543074366782677,-0.5530877115349175,0.3409090909090909,6.161000972992916,5328,0.1704014887433503
equity,XLY,1d,d20_chan10,-0.17341404838572003,-0.5163524427576387,0.4034090909090909,11.884778340899631,5328,-0.5922467070294938
equity,XLY,1d,boll_atr3,-0.2943637514572579,-0.6843021198396946,0.38636363636363635,9.999862715744026,5328,-0.393976195481763
equity,XLY,1d,kelt_atr3,-0.17745264867610333,-0.5092627201165807,0.3409090909090909,8.374806637422205,5328,-0.27284306502605205
equity,XOM,1d,base_d55_tb,-0.2522154901753279,-0.33450199081857823,0.23863636363636365,9.975350897302107,5328,-0.1762895974888153
equity,XOM,1d,d55_rev,-0.18279028814054202,-0.6105973678480512,0.4602272727272727,3.849866624846498,5328,-0.48922942993948054
equity,XOM,1d,d55_atr3,-0.1653124482219147,-0.5048437455515643,0.3352272727272727,5.205847022218666,5328,-0.11262824917931263
equity,XOM,1d,d55_atr3_tr,-0.17746444178002682,-0.5115225225507419,0.3352272727272727,5.205731413624888,5328,-0.2800725926641876
equity,XOM,1d,d55_atr3_vol,-0.17477770774826903,-0.49755142823509113,0.3125,4.534691215189285,5328,-0.31699052345810774
equity,XOM,1d,d55_chan20,-0.15229882585439433,-0.5316713204000858,0.375,4.939758680593333,5328,-0.4749152125524955
equity,XOM,1d,d20_chan10,-0.07703301415802198,-0.46718604865971003,0.4602272727272727,8.874875793816791,5328,-0.8007794959344481
equity,XOM,1d,boll_atr3,-0.18135604567332486,-0.5454424901121464,0.4147727272727273,7.1253103978826156,5328,-0.32471600448752086
equity,XOM,1d,kelt_atr3,-0.2317514014996135,-0.5849876279569077,0.38636363636363635,6.377206912507183,5328,-0.469191190555186
fx,AUDJPY=X,1d,base_d55_tb,-0.11172801428910063,-0.3014037428556702,0.2556818181818182,18.581547190552257,5330,0.1822031740193053
fx,AUDJPY=X,1d,d55_rev,0.0922263082311335,-0.55078195252824,0.5,7.007025916649859,5330,0.0003398947828051592
fx,AUDJPY=X,1d,d55_atr3,0.1945253818217533,-0.44033824778542363,0.3806818181818182,8.914080507702673,5330,-0.05606207456304145
fx,AUDJPY=X,1d,d55_atr3_tr,0.1945253818217533,-0.44033824778542363,0.3806818181818182,8.914080507702673,5330,-0.36239776504591675
fx,AUDJPY=X,1d,d55_chan20,0.17787149811751035,-0.46499029002905434,0.4147727272727273,8.443375123684358,5330,-0.4004196824317341
fx,AUDJPY=X,1d,d20_chan10,0.11149565665232238,-0.31982975160411053,0.4147727272727273,16.73104486965636,5330,-0.04952273934784566
fx,AUDJPY=X,1d,boll_atr3,0.12346074839693977,-0.48596776687410437,0.45454545454545453,13.061384778365587,5330,-0.11988521118240465
fx,AUDJPY=X,1d,kelt_atr3,0.11374983913579904,-0.41173488539488123,0.36363636363636365,9.548127319425118,5330,-0.2194654505839581
fx,AUDNZD=X,1d,base_d55_tb,-0.18427487948981233,-0.32385935459414206,0.23295454545454544,27.37271630542528,5330,-0.340604756402866
fx,AUDNZD=X,1d,d55_rev,-0.16984722076516387,-0.7612422748220088,0.45454545454545453,10.008184665482192,5330,-0.8183755217022071
fx,AUDNZD=X,1d,d55_atr3,-0.20296726049305266,-0.5603691502104856,0.3125,13.123992404619472,5330,-0.6183368752777934
fx,AUDNZD=X,1d,d55_atr3_tr,-0.20296726049305266,-0.5603691502104856,0.3125,13.123992404619472,5330,-0.34902069362291904
fx,AUDNZD=X,1d,d55_chan20,-0.17290039128314436,-0.5726836688878922,0.3068181818181818,12.889180840411198,5330,-0.3737812524768024
fx,AUDNZD=X,1d,d20_chan10,-0.08843322743647464,-0.4133489343773362,0.42613636363636365,27.117184795261327,5330,-0.13811705341051309
fx,AUDNZD=X,1d,boll_atr3,-0.1314114460748873,-0.5610630087171873,0.4318181818181818,18.455083369869023,5330,-0.34733423878529257
fx,AUDNZD=X,1d,kelt_atr3,-0.3341619202286625,-0.5702251992949079,0.2215909090909091,11.16621479068776,5330,-0.024311528153789886
fx,AUDUSD=X,1d,base_d55_tb,-0.44634215009928135,-0.4572437406583866,0.2897727272727273,23.776218040247198,5330,-0.10855001880769476
fx,AUDUSD=X,1d,d55_rev,-0.2525325770443264,-0.7007726723267437,0.4715909090909091,9.588556466552985,5330,-0.037711054710542785
fx,AUDUSD=X,1d,d55_atr3,-0.09747272274520276,-0.45441460953850954,0.38636363636363635,11.473452832695152,5330,-0.015365077582740107
fx,AUDUSD=X,1d,d55_atr3_tr,-0.09747272274520276,-0.45441460953850954,0.38636363636363635,11.473452832695152,5330,0.07258588544778068
fx,AUDUSD=X,1d,d55_chan20,-0.21027995307247324,-0.5706061566316043,0.3806818181818182,11.438315540093623,5330,-0.35921060086714357
fx,AUDUSD=X,1d,d20_chan10,0.08501971986528181,-0.4015788313607892,0.42045454545454547,19.996837851865642,5330,-0.6557760892467637
fx,AUDUSD=X,1d,boll_atr3,-0.13846035121726577,-0.593047680464727,0.4375,15.80894280064074,5330,-0.22813992925567367
fx,AUDUSD=X,1d,kelt_atr3,-0.06513673416331303,-0.5154068637186778,0.3806818181818182,10.946542548503308,5330,-0.511239431303411
fx,CADJPY=X,1d,base_d55_tb,0.1487001783155201,-0.17712721534369236,0.32386363636363635,18.589406624070396,5330,0.14263296559174113
fx,CADJPY=X,1d,d55_rev,0.04330772951001752,-0.4378049233892054,0.4602272727272727,8.799309067052887,5330,-0.6873160675796732
fx,CADJPY=X,1d,d55_atr3,0.01138293520673036,-0.32195992999666256,0.3068181818181818,10.874971449108429,5330,0.19659785222052556
fx,CADJPY=X,1d,d55_atr3_tr,0.01138293520673036,-0.32195992999666256,0.3068181818181818,10.874971449108429,5330,-0.41739311899629866
fx,CADJPY=X,1d,d55_chan20,0.048686626782081084,-0.278290857849844,0.3409090909090909,10.641477820024447,5330,-0.2751181924328647
fx,CADJPY=X,1d,d20_chan10,0.02460193626796617,-0.2906070307023282,0.44886363636363635,20.14121817700588,5330,-0.07083544374843584
fx,CADJPY=X,1d,boll_atr3,-0.23232924363059895,-0.6538733278357677,0.42613636363636365,17.750549182751527,5330,-0.48305175223975516
fx,CADJPY=X,1d,kelt_atr3,-0.04258596351195891,-0.3818992117383486,0.3125,11.124579901625193,5330,-0.32689382764628805
fx,CHFJPY=X,1d,base_d55_tb,-0.08081975824372883,-0.26017287181945814,0.2556818181818182,23.43588104978918,5330,0.03939713274282601
fx,CHFJPY=X,1d,d55_rev,0.5123097700660459,-0.24972063407559753,0.5681818181818182,7.086098865899319,5330,-0.2897639546324532
fx,CHFJPY=X,1d,d55_atr3,0.23516705658024759,-0.26091385358952424,0.3693181818181818,10.835225845339947,5330,-0.08713103911981282
fx,CHFJPY=X,1d,d55_atr3_tr,0.23516705658024759,-0.26091385358952424,0.3693181818181818,10.835225845339947,5330,0.15948128232405032
fx,CHFJPY=X,1d,d55_chan20,0.3530893895540213,-0.2714075184418199,0.4147727272727273,10.190591221359076,5330,0.10623380541548932
fx,CHFJPY=X,1d,d20_chan10,-0.07614050613062379,-0.6719023549717837,0.4602272727272727,23.29659676148912,5330,-0.06205646040749697
fx,CHFJPY=X,1d,boll_atr3,-0.050940268174119646,-0.632889871556054,0.44886363636363635,16.638658130837786,5330,-0.34579452522446424
fx,CHFJPY=X,1d,kelt_atr3,-0.052195806706603745,-0.5528338284563891,0.35795454545454547,11.396801900892875,5330,-0.041649348912603884
fx,EURAUD=X,1d,base_d55_tb,-0.2482113546067328,-0.37428521042064045,0.24431818181818182,25.209040400835917,5330,-0.6087756515237751
fx,EURAUD=X,1d,d55_rev,-0.03793525525387553,-0.5796500337539134,0.44886363636363635,9.041530690483315,5330,-0.201621035787235
fx,EURAUD=X,1d,d55_atr3,0.018542645077590632,-0.4142524097182324,0.29545454545454547,11.886165711097153,5330,0.042783636316599614
fx,EURAUD=X,1d,d55_atr3_tr,0.018542645077590632,-0.4142524097182324,0.29545454545454547,11.886165711097153,5330,0.10984846510440802
fx,EURAUD=X,1d,d55_chan20,-0.12832181723323685,-0.5386161256925261,0.3125,12.046706747441977,5330,-0.02451566404484632
fx,EURAUD=X,1d,d20_chan10,0.009764022301334108,-0.5134399026404382,0.42045454545454547,22.557068610513696,5330,-0.6115398579083375
fx,EURAUD=X,1d,boll_atr3,0.0057898739687923554,-0.423597187643432,0.3977272727272727,17.924825302703265,5330,-0.263824081896731
fx,EURAUD=X,1d,kelt_atr3,0.11447166543606412,-0.3333020697669241,0.3125,11.307905170873418,5330,-0.05071490750913366
fx,EURCAD=X,1d,base_d55_tb,-0.2475793274700841,-0.21936260269357288,0.18181818181818182,16.285589160066085,5330,-0.30785910507076436
fx,EURCAD=X,1d,d55_rev,0.19651314785973098,-0.502177797093392,0.48863636363636365,6.4172258994080895,5330,-0.44343951172501106
fx,EURCAD=X,1d,d55_atr3,-0.2581015303084283,-0.5344238686552558,0.26136363636363635,11.309415627814946,5330,-0.21333671870568668
fx,EURCAD=X,1d,d55_atr3_tr,-0.2581015303084283,-0.5344238686552558,0.26136363636363635,11.309415627814946,5330,-0.21205417095509346
fx,EURCAD=X,1d,d55_chan20,-0.09514635762439645,-0.5527508838411781,0.32954545454545453,9.88745606879427,5330,-0.3459028780339202
fx,EURCAD=X,1d,d20_chan10,-0.3391498388277204,-0.6757244547555075,0.3693181818181818,19.059441539439845,5330,0.01931026819989272
fx,EURCAD=X,1d,boll_atr3,-0.3345189446120263,-0.6958710505233886,0.3806818181818182,19.32020768851356,5330,-0.5462720768829852
fx,EURCAD=X,1d,kelt_atr3,-0.12477391467261564,-0.3904413777009923,0.26704545454545453,10.352705154837249,5330,-0.5710762619226162
fx,EURCHF=X,1d,base_d55_tb,-0.050778617747290276,-0.1955313813886571,0.22727272727272727,25.567531053647464,5330,-0.33703251724669314
fx,EURCHF=X,1d,d55_rev,0.13383378652088115,-0.4408293654014567,0.5340909090909091,8.905618297823457,5330,-0.12477133703485303
fx,EURCHF=X,1d,d55_atr3,-0.003353246104076641,-0.4913541389434335,0.3522727272727273,13.477986361865412,5330,0.03862346086979892
fx,EURCHF=X,1d,d55_atr3_tr,-0.003353246104076641,-0.4913541389434335,0.3522727272727273,13.477986361865412,5330,0.17571083061630624
fx,EURCHF=X,1d,d55_chan20,-0.025889328094104373,-0.5836771451098739,0.375,13.70300667365492,5330,-0.38803203465817593
fx,EURCHF=X,1d,d20_chan10,-0.17486276196719172,-0.4806102019910031,0.4034090909090909,24.604395526997887,5330,-0.2500125648190143
fx,EURCHF=X,1d,boll_atr3,-0.04029401591302923,-0.4516837451322786,0.4090909090909091,17.6408590706553,5330,-0.20391909203468256
fx,EURCHF=X,1d,kelt_atr3,-0.14231534153420872,-0.3774482903457663,0.26704545454545453,10.854041026663745,5330,-0.03224589952275734
fx,EURGBP=X,1d,base_d55_tb,-0.6737444068792812,-0.5667633845874256,0.18181818181818182,25.59038639887783,5330,-0.31018862234615946
fx,EURGBP=X,1d,d55_rev,-0.5145495202319973,-0.845113909462561,0.4147727272727273,11.112836226651782,5330,-0.31809604399484215
fx,EURGBP=X,1d,d55_atr3,-0.4788264440262007,-0.6861067348078136,0.23295454545454544,14.172572975813239,5330,-0.09531239356585904
fx,EURGBP=X,1d,d55_atr3_tr,-0.4788264440262007,-0.6861067348078136,0.23295454545454544,14.172572975813239,5330,0.19864609420349436
fx,EURGBP=X,1d,d55_chan20,-0.6306472016122534,-0.7997147964580882,0.26704545454545453,14.497341439984051,5330,-0.5221131272113265
fx,EURGBP=X,1d,d20_chan10,-0.5667306516932153,-0.8031113687839161,0.3693181818181818,27.95785270379577,5330,-0.2819248960322312
fx,EURGBP=X,1d,boll_atr3,-0.3632742610759588,-0.6956574350579481,0.3409090909090909,20.37157961578984,5330,-0.025135671954666088
fx,EURGBP=X,1d,kelt_atr3,-0.314760522116136,-0.571811275364777,0.23863636363636365,12.912836169563077,5330,0.19502494253414135
fx,EURJPY=X,1d,base_d55_tb,-0.23860396765097244,-0.4281478303044257,0.24431818181818182,22.7992613679032,5330,-0.06779345711847298
fx,EURJPY=X,1d,d55_rev,0.11596443862167602,-0.4704421509010225,0.5113636363636364,7.805454981162543,5330,-0.4092071952063021
fx,EURJPY=X,1d,d55_atr3,-0.10715942168942758,-0.482575022094625,0.32954545454545453,11.954203204313371,5330,-0.45538774667926607
fx,EURJPY=X,1d,d55_atr3_tr,-0.10715942168942758,-0.482575022094625,0.32954545454545453,11.954203204313371,5330,-0.38276677964418004
fx,EURJPY=X,1d,d55_chan20,-0.03413555551415559,-0.5341372490688081,0.38636363636363635,10.578899120712952,5330,-0.4804521263667009
fx,EURJPY=X,1d,d20_chan10,-0.19796039390125933,-0.6551588565767577,0.38636363636363635,22.47232243047424,5330,-0.49471184185962636
fx,EURJPY=X,1d,boll_atr3,-0.211402769254257,-0.6452925831799372,0.4375,18.56357045146086,5330,-0.159351087838167
fx,EURJPY=X,1d,kelt_atr3,-0.04797130775368001,-0.45385758626875294,0.3352272727272727,12.635633494504777,5330,0.012998214262124481
fx,EURUSD=X,1d,base_d55_tb,-0.08947611513180544,-0.26164416280620884,0.23295454545454544,17.79025168656084,5330,-0.5204535223331382
fx,EURUSD=X,1d,d55_rev,-0.09807870673640962,-0.6271827440697244,0.48295454545454547,8.478144923908012,5330,-0.4383486200292595
fx,EURUSD=X,1d,d55_atr3,-0.10123734260978724,-0.5594238682076492,0.3068181818181818,10.87062819592689,5330,-0.31023315211869623
fx,EURUSD=X,1d,d55_atr3_tr,-0.10123734260978724,-0.5594238682076492,0.3068181818181818,10.87062819592689,5330,-0.037073919623537
fx,EURUSD=X,1d,d55_chan20,-0.14729521524331055,-0.6353165338323918,0.3465909090909091,10.583649517548036,5330,-0.4615766663524765
fx,EURUSD=X,1d,d20_chan10,-0.19142546678921715,-0.665140332897829,0.38636363636363635,18.932443956363375,5330,0.14246720418924433
fx,EURUSD=X,1d,boll_atr3,-0.0768216586637014,-0.4926955068028772,0.4715909090909091,17.889352343339837,5330,-0.248432494756084
fx,EURUSD=X,1d,kelt_atr3,-0.040007799608804184,-0.5467155145823517,0.3409090909090909,12.051511063179987,5330,-0.1579528070845299
fx,GBPAUD=X,1d,base_d55_tb,-0.20256810809773673,-0.33818538645831786,0.25,24.41761694375209,5330,-0.03615160920705678
fx,GBPAUD=X,1d,d55_rev,-0.2846800090993621,-0.7392864927942953,0.44886363636363635,9.481825722589862,5330,-0.3747311822406634
fx,GBPAUD=X,1d,d55_atr3,-0.21213382111087695,-0.5426599946984011,0.32954545454545453,12.367193665947706,5330,0.2563507444552439
fx,GBPAUD=X,1d,d55_atr3_tr,-0.21213382111087695,-0.5426599946984011,0.32954545454545453,12.367193665947706,5330,-0.34741121799156144
fx,GBPAUD=X,1d,d55_chan20,-0.16827068279940327,-0.46277183962512036,0.3522727272727273,12.028577733972915,5330,0.012304010266247403
fx,GBPAUD=X,1d,d20_chan10,0.1488662861015834,-0.30718643765795695,0.42613636363636365,22.137034223099132,5330,-0.10593139490998861
fx,GBPAUD=X,1d,boll_atr3,-0.16596427001730102,-0.5468191626123287,0.4431818181818182,17.795786186284772,5330,-0.2771915844403435
fx,GBPAUD=X,1d,kelt_atr3,-0.16175704986589018,-0.5619822258011203,0.3465909090909091,12.56265377479975,5330,-0.01827104110794243
fx,GBPCHF=X,1d,base_d55_tb,-0.20991996948314137,-0.3203797867384125,0.19318181818181818,22.740381308952234,5330,-0.13907991914920562
fx,GBPCHF=X,1d,d55_rev,-0.2583806024812737,-0.7591751348778034,0.45454545454545453,8.675328928143927,5330,-0.4017202482682784
fx,GBPCHF=X,1d,d55_atr3,-0.37013594155104007,-0.7519444129673455,0.26136363636363635,11.687053958539686,5330,-0.20899397773266368
fx,GBPCHF=X,1d,d55_atr3_tr,-0.37013594155104007,-0.7519444129673455,0.26136363636363635,11.687053958539686,5330,-0.37330586043829156
fx,GBPCHF=X,1d,d55_chan20,-0.408759964035873,-0.7481056848439503,0.2727272727272727,11.723414153072385,5330,0.017852342733784426
fx,GBPCHF=X,1d,d20_chan10,-0.48749947090111473,-0.841276809004529,0.4034090909090909,25.222108615460982,5330,-0.08855894502556699
fx,GBPCHF=X,1d,boll_atr3,-0.38174293951349936,-0.8081757750273447,0.42045454545454547,18.89644637194058,5330,-0.2667812396548339
fx,GBPCHF=X,1d,kelt_atr3,-0.21480070492811237,-0.5381468106151823,0.30113636363636365,12.52232838843563,5330,-0.12708593577156588
fx,GBPJPY=X,1d,base_d55_tb,0.21014080062954363,-0.2033117388450697,0.2784090909090909,18.597846283522117,5330,-0.13397578357159767
fx,GBPJPY=X,1d,d55_rev,0.3888535890265421,-0.3459093531739592,0.5511363636363636,5.643735122760546,5330,-0.1222839341720997
fx,GBPJPY=X,1d,d55_atr3,-0.07007313764390699,-0.39320984007176807,0.30113636363636365,9.62512817339255,5330,0.033881511290235304
fx,GBPJPY=X,1d,d55_atr3_tr,-0.07007313764390699,-0.39320984007176807,0.30113636363636365,9.62512817339255,5330,0.18677561006358243
fx,GBPJPY=X,1d,d55_chan20,-0.008743491175784402,-0.3462002828182982,0.35795454545454547,8.897761091226654,5330,-0.18555329194005798
fx,GBPJPY=X,1d,d20_chan10,-0.14142006958156375,-0.4923618718807299,0.42613636363636365,20.092758819218577,5330,-0.4937582193332867
fx,GBPJPY=X,1d,boll_atr3,-0.37725133938639305,-0.7343442802920461,0.38636363636363635,18.150364437567,5330,-0.14298988296291817
fx,GBPJPY=X,1d,kelt_atr3,-0.3555731829030132,-0.6731177218057434,0.32954545454545453,13.361652713398824,5330,-0.3887390194809074
fx,GBPUSD=X,1d,base_d55_tb,-0.1346929015666798,-0.3405576711089576,0.21022727272727273,18.56509377783653,5330,-0.05368698870084485
fx,GBPUSD=X,1d,d55_rev,-0.22567154005203807,-0.6544316261282939,0.4375,8.423789724808971,5330,-0.3583757333910945
fx,GBPUSD=X,1d,d55_atr3,-0.15358899518379018,-0.5139736355935107,0.26704545454545453,9.976723296497498,5330,-0.3745482946474675
fx,GBPUSD=X,1d,d55_atr3_tr,-0.15358899518379018,-0.5139736355935107,0.26704545454545453,9.976723296497498,5330,-0.3733237925166775
fx,GBPUSD=X,1d,d55_chan20,-0.09780555385086326,-0.45344779216830333,0.3125,9.725067120969976,5330,-0.37523703985767937
fx,GBPUSD=X,1d,d20_chan10,-0.2572324111198421,-0.587627624829376,0.375,18.747342462168515,5330,-0.3060786421179911
fx,GBPUSD=X,1d,boll_atr3,-0.10371118436365195,-0.4811500294275226,0.3977272727272727,18.244249101905936,5330,-0.5650888030751694
fx,GBPUSD=X,1d,kelt_atr3,0.05602524483101262,-0.2838085793542231,0.3409090909090909,11.809731531794691,5330,-0.46460655290135366
fx,NZDJPY=X,1d,base_d55_tb,-0.1481107863501056,-0.45929129713450256,0.2159090909090909,17.379153377509088,5330,-0.2918922410108772
fx,NZDJPY=X,1d,d55_rev,-0.16350162302736482,-0.6118051370883861,0.4772727272727273,7.097047097145463,5330,-0.15410582187368546
fx,NZDJPY=X,1d,d55_atr3,-0.0792735129191432,-0.47377509374484983,0.3125,9.19432338791211,5330,-0.25589851057996205
fx,NZDJPY=X,1d,d55_atr3_tr,-0.08307728916039946,-0.4737750937448525,0.3125,9.193232001653321,5330,-0.2797912760797062
fx,NZDJPY=X,1d,d55_chan20,-0.08392335537115364,-0.47672813638123956,0.3465909090909091,8.492303433153275,5330,0.06908112049500936
fx,NZDJPY=X,1d,d20_chan10,-0.2541678290288837,-0.5957226901398398,0.3806818181818182,17.91521121276366,5330,-0.34863769008884166
fx,NZDJPY=X,1d,boll_atr3,-0.15610756057233782,-0.5630626969185248,0.42045454545454547,14.428442116013,5330,-0.18721917371860497
fx,NZDJPY=X,1d,kelt_atr3,-0.03698816431321979,-0.49046576231166716,0.3181818181818182,10.305840968323349,5330,-0.2885353702088382
fx,NZDUSD=X,1d,base_d55_tb,-0.20676545151001288,-0.2718549248933473,0.2784090909090909,21.494856519085303,5330,-0.08344258430622492
fx,NZDUSD=X,1d,d55_rev,-0.2214598956538968,-0.6282683337512892,0.4375,8.453480150398502,5330,-0.08193368781239804
fx,NZDUSD=X,1d,d55_atr3,-0.17493789520980466,-0.47906411224439627,0.3409090909090909,10.69234455223929,5330,-0.38115035435918737
fx,NZDUSD=X,1d,d55_atr3_tr,-0.17493789520980466,-0.47906411224439627,0.3409090909090909,10.69234455223929,5330,-0.6571933022642642
fx,NZDUSD=X,1d,d55_chan20,-0.1967118168824443,-0.5747606006278921,0.3806818181818182,10.399851793692143,5330,-0.24727614047556978
fx,NZDUSD=X,1d,d20_chan10,-0.13891157205497207,-0.49296815031748265,0.3522727272727273,19.880824286236617,5330,-0.1633193208163388
fx,NZDUSD=X,1d,boll_atr3,-0.2634748556142751,-0.5679944530935337,0.39204545454545453,15.355790797895738,5330,-0.2265511634531573
fx,NZDUSD=X,1d,kelt_atr3,-0.09046466769807666,-0.47104337104801697,0.3409090909090909,10.64026167242561,5330,0.0010355141637653934
fx,USDCAD=X,1d,base_d55_tb,0.10747702782009705,-0.2116710477158289,0.26704545454545453,26.659356203869308,5330,-0.09162968497785459
fx,USDCAD=X,1d,d55_rev,-0.13159232549861521,-0.5490656001891434,0.44886363636363635,10.815877527428349,5330,-0.21708134497736362
fx,USDCAD=X,1d,d55_atr3,-0.03967146034652745,-0.4867787005264853,0.3409090909090909,15.049097530056935,5330,-0.74250826158292
fx,USDCAD=X,1d,d55_atr3_tr,-0.035853179747568645,-0.4867787005264873,0.3409090909090909,15.044492043653111,5330,-0.006474145822047065
fx,USDCAD=X,1d,d55_chan20,-0.16457883376818302,-0.5464386188600325,0.32386363636363635,14.055624093829497,5330,-0.03436820107969534
fx,USDCAD=X,1d,d20_chan10,-0.05323461956793179,-0.5762066137603986,0.4090909090909091,28.554123514224532,5330,-0.5207305944514602
fx,USDCAD=X,1d,boll_atr3,0.20502857256159068,-0.3521888704856707,0.42045454545454547,19.156200156017675,5330,-0.12768909291574942
fx,USDCAD=X,1d,kelt_atr3,0.08899294380520184,-0.43874366646759555,0.36363636363636365,15.576427094799136,5330,-0.5621449372894962
fx,USDCHF=X,1d,base_d55_tb,-0.08315969986025333,-0.37317831498790466,0.32386363636363635,25.754793174970914,5330,-0.4163179128766037
fx,USDCHF=X,1d,d55_rev,-0.1839015649448007,-0.6838595765074359,0.44886363636363635,10.42708326523517,5330,-0.35885548997926464
fx,USDCHF=X,1d,d55_atr3,-0.3336607777706443,-0.6767824739019079,0.3352272727272727,14.149455839929916,5330,-0.07752313578902485
fx,USDCHF=X,1d,d55_atr3_tr,-0.3336607777706443,-0.6767824739019079,0.3352272727272727,14.149455839929916,5330,0.0944419263017165
fx,USDCHF=X,1d,d55_chan20,-0.27620340690820505,-0.6500747136176268,0.35795454545454547,12.869106971058715,5330,0.046784274045854585
fx,USDCHF=X,1d,d20_chan10,-0.4399967117026793,-0.7983448422290311,0.38636363636363635,25.372513297128453,5330,-0.1432646737305356
fx,USDCHF=X,1d,boll_atr3,-0.3969165390868827,-0.8229594410266897,0.3693181818181818,20.124904187348424,5330,0.08341239529909328
fx,USDCHF=X,1d,kelt_atr3,-0.39977679779298275,-0.728057901514462,0.3068181818181818,13.65378857687898,5330,-0.0745782318009587
fx,USDJPY=X,1d,base_d55_tb,-0.12425997647850683,-0.3419740884373691,0.2784090909090909,25.761977697142406,5330,-0.10039264605871681
fx,USDJPY=X,1d,d55_rev,0.423287634586294,-0.3297472134794016,0.5170454545454546,7.494953454898289,5330,-0.2579543997789823
fx,USDJPY=X,1d,d55_atr3,0.06652153813284362,-0.4051199301815226,0.3352272727272727,12.641326763084434,5330,-0.13930468873430774
fx,USDJPY=X,1d,d55_atr3_tr,0.06652153813284362,-0.4051199301815226,0.3352272727272727,12.641326763084434,5330,-0.10820493840140194
fx,USDJPY=X,1d,d55_chan20,0.3124278838571429,-0.2540072755532292,0.4034090909090909,10.94794425546721,5330,-0.26647173736696456
fx,USDJPY=X,1d,d20_chan10,0.025013262704841426,-0.5119938501989016,0.4147727272727273,23.2445769141891,5330,-0.2016501558977452
fx,USDJPY=X,1d,boll_atr3,-0.019383349431808805,-0.5147339168648539,0.39204545454545453,18.61860755114551,5330,-0.6645604916662174
fx,USDJPY=X,1d,kelt_atr3,0.030723558711528865,-0.43978163808786086,0.3181818181818182,13.754562709763205,5330,-0.035943766845522696
fx,USDMXN=X,1d,base_d55_tb,-0.19653663778067357,-0.3945129082190453,0.26704545454545453,18.95105092541821,5330,-0.4643027283737809
fx,USDMXN=X,1d,d55_rev,0.13169553188780359,-0.5404133799893813,0.5170454545454546,5.993856843469123,5330,-0.38075668462369855
fx,USDMXN=X,1d,d55_atr3,-0.052873680586310215,-0.5186643274081113,0.3181818181818182,9.334418465919075,5330,0.11788509026520036
fx,USDMXN=X,1d,d55_atr3_tr,-0.052873680586310215,-0.5186643274081113,0.3181818181818182,9.334418465919075,5330,-0.26425750762467926
fx,USDMXN=X,1d,d55_chan20,-0.00857861214853066,-0.4753296194767257,0.3806818181818182,8.535589317353653,5330,-0.4455363082256012
fx,USDMXN=X,1d,d20_chan10,-0.10475826292672431,-0.5979166822843994,0.4431818181818182,17.931407132032593,5330,-0.2353347648838244
fx,USDMXN=X,1d,boll_atr3,-0.11887987605470708,-0.5782543484873466,0.3977272727272727,14.35868973345662,5330,-0.01371641172136947
fx,USDMXN=X,1d,kelt_atr3,-0.040204671709824766,-0.5089441281452132,0.32386363636363635,10.63041941612651,5330,-0.03055239898910877
fx,USDNOK=X,1d,base_d55_tb,-0.06438690268586701,-0.22009731011707667,0.2784090909090909,20.88354279616328,5330,-0.2552220178138295
fx,USDNOK=X,1d,d55_rev,-0.046562796222026664,-0.5515899973170154,0.4602272727272727,7.641379672705658,5330,-0.10860035083961148
fx,USDNOK=X,1d,d55_atr3,0.11326501870403828,-0.4255513365153585,0.4034090909090909,9.270065936304913,5330,-0.18527918233275692
fx,USDNOK=X,1d,d55_atr3_tr,0.11326501870403828,-0.4255513365153585,0.4034090909090909,9.270065936304913,5330,-0.1087623599463762
fx,USDNOK=X,1d,d55_chan20,0.008104128365378417,-0.4209839057712541,0.39204545454545453,9.530356060482061,5330,0.0789647865888829
fx,USDNOK=X,1d,d20_chan10,0.15074158784422714,-0.3669792117549612,0.4431818181818182,17.0532580725479,5330,-0.030061741569893757
fx,USDNOK=X,1d,boll_atr3,0.3228884214436906,-0.26543271853024286,0.5056818181818182,12.263447731988977,5330,-0.1858806030842118
fx,USDNOK=X,1d,kelt_atr3,0.0947316547270586,-0.45729427528099886,0.3693181818181818,9.252621966404757,5330,0.26630192545001447
fx,USDSEK=X,1d,base_d55_tb,-0.02364344252159103,-0.22154853928570828,0.2727272727272727,21.114288485204252,5330,-0.20210513071769295
fx,USDSEK=X,1d,d55_rev,-0.0038378233217364385,-0.35113612873638933,0.4602272727272727,7.542274957203591,5330,-0.27907469234295484
fx,USDSEK=X,1d,d55_atr3,-0.136807667675445,-0.5369261965070831,0.3352272727272727,10.051072254442602,5330,-0.22543221207470127
fx,USDSEK=X,1d,d55_atr3_tr,-0.136807667675445,-0.5369261965070831,0.3352272727272727,10.051072254442602,5330,-0.12270745237155269
fx,USDSEK=X,1d,d55_chan20,-0.11088821536326593,-0.5161607867202987,0.36363636363636365,9.511063195677634,5330,-0.13641070125230062
fx,USDSEK=X,1d,d20_chan10,-0.2770372663175927,-0.6433463695442357,0.4147727272727273,19.676951157716392,5330,-0.20528648552183767
fx,USDSEK=X,1d,boll_atr3,-0.0945763191646159,-0.5358376551001752,0.44886363636363635,13.724763114417014,5330,0.02388982998647551
fx,USDSEK=X,1d,kelt_atr3,-0.16073191028476796,-0.5839871639748735,0.36363636363636365,10.335808370177764,5330,-0.30540984523127135
fx,USDSGD=X,1d,base_d55_tb,0.038324598767137806,-0.1575498915671184,0.2897727272727273,37.204500641158695,5330,-0.23777165196743383
fx,USDSGD=X,1d,d55_rev,-0.008013635539265696,-0.414107142790876,0.44886363636363635,10.922653251555047,5330,-0.46736307130595367
fx,USDSGD=X,1d,d55_atr3,0.08776799702044294,-0.3551634491260608,0.3806818181818182,14.787222260601778,5330,-0.5627133331261804
fx,USDSGD=X,1d,d55_atr3_tr,0.08776799702044294,-0.3551634491260608,0.3806818181818182,14.787222260601778,5330,-0.4631449510915971
fx,USDSGD=X,1d,d55_chan20,0.11958405232613344,-0.3632359468564613,0.4147727272727273,13.9999466396348,5330,-0.5814918275193831
fx,USDSGD=X,1d,d20_chan10,-0.054035948827411424,-0.444986030939303,0.4147727272727273,32.326418034794244,5330,-0.4204798058578261
fx,USDSGD=X,1d,boll_atr3,0.016189505986198418,-0.3945628037905995,0.4318181818181818,22.310281614071958,5330,-0.48840330696474993
fx,USDSGD=X,1d,kelt_atr3,0.17998704516151634,-0.23581887974201488,0.4034090909090909,15.701748245021736,5330,-0.5508463945579959
fx,USDZAR=X,1d,base_d55_tb,-0.06753452063713104,-0.2883729404943034,0.22727272727272727,13.412441970153179,5330,0.18118567204046634
fx,USDZAR=X,1d,d55_rev,0.29118489322751395,-0.43235923245369945,0.5340909090909091,4.321573458265788,5330,-0.1939330280234663
fx,USDZAR=X,1d,d55_atr3,-0.2216842293488829,-0.5403372783246909,0.30113636363636365,7.011733523889302,5330,-0.12897132699588995
fx,USDZAR=X,1d,d55_atr3_tr,-0.2216842293488829,-0.5403372783246909,0.30113636363636365,7.011733523889302,5330,-0.3933984056298874
fx,USDZAR=X,1d,d55_chan20,-0.28091913736760293,-0.5980095160299099,0.30113636363636365,7.043028662462625,5330,-0.4457298109991171
fx,USDZAR=X,1d,d20_chan10,-0.3291304833980167,-0.6351284169991831,0.3806818181818182,13.529605031272169,5330,-0.3780559269460108
fx,USDZAR=X,1d,boll_atr3,-0.3215695223107385,-0.6491855945557765,0.4090909090909091,10.215605261552914,5330,-0.2573309396417144
fx,USDZAR=X,1d,kelt_atr3,-0.24359140804628615,-0.48766079357728065,0.2840909090909091,6.556618655030418,5330,0.10479765989944705
crypto,BTCUSDT,4h,base_d55_tb,0.1403762883742892,-0.09506835306469652,0.4177215189873418,40.683286945775016,2404,-0.7048538908104738
crypto,BTCUSDT,4h,d55_rev,0.43814326825989897,-0.2910251538063936,0.5063291139240507,18.518275072464302,2404,-2.643168235686049
crypto,BTCUSDT,4h,d55_atr3,0.5026667249080905,-0.16137172842032455,0.45569620253164556,23.355630277669952,2404,-2.065881586873576
crypto,BTCUSDT,4h,d55_atr3_tr,0.48878675536836663,-0.16137172842032488,0.45569620253164556,23.350342575326668,2404,-2.056461173466752
crypto,BTCUSDT,4h,d55_atr3_vol,0.44679920259099826,-0.17432657246328276,0.4430379746835443,22.888171883312268,2404,-2.057266958822815
crypto,BTCUSDT,4h,d55_chan20,0.7471106607500628,-0.12822377633139448,0.5189873417721519,21.495968719807834,2404,-1.2434834688624383
crypto,BTCUSDT,4h,d20_chan10,0.7025990573078987,-0.2139384492556229,0.5189873417721519,42.141104679469834,2404,-2.0328506029503313
crypto,BTCUSDT,4h,boll_atr3,0.4562038678180678,-0.19636359413672466,0.5316455696202531,37.00381349673795,2404,-2.2571980848328352
crypto,BTCUSDT,4h,kelt_atr3,0.4684898684237245,-0.15798534079081483,0.46835443037974683,27.844979232635414,2404,-2.797411708408237
crypto,ETHUSDT,4h,base_d55_tb,0.6849729026325624,-0.09600313797239923,0.5949367088607594,30.790278536551245,2404,-0.7585985615712849
crypto,ETHUSDT,4h,d55_rev,0.570987362789537,-0.2324579598737443,0.5443037974683544,14.037529135519074,2404,-1.9283015664554966
crypto,ETHUSDT,4h,d55_atr3,0.5440225176560048,-0.2455891232927705,0.4810126582278481,17.76460495260793,2404,-1.040422976648213
crypto,ETHUSDT,4h,d55_atr3_tr,0.5249577233945999,-0.2455891232927705,0.4810126582278481,17.761483012076937,2404,-2.2269120731864844
crypto,ETHUSDT,4h,d55_atr3_vol,0.6240334014930939,-0.2242761026150898,0.4936708860759494,16.890884117729666,2404,-1.824027328455872
crypto,ETHUSDT,4h,d55_chan20,0.2854129788402881,-0.2295002251381313,0.46835443037974683,16.964320447308307,2404,-2.1111372977545146
crypto,ETHUSDT,4h,d20_chan10,0.3028213087646537,-0.2182627730134974,0.5443037974683544,31.841110279501844,2404,-1.4198509292463208
crypto,ETHUSDT,4h,boll_atr3,0.42359391516604794,-0.22247240807843927,0.5443037974683544,28.26108691647975,2404,-1.6225745918072318
crypto,ETHUSDT,4h,kelt_atr3,1.0193666637157084,-0.1531750209316075,0.569620253164557,19.32708258338477,2404,-1.4615760553082742
crypto,BNBUSDT,4h,base_d55_tb,0.47248982746366663,-0.14921839207556398,0.48717948717948717,34.613415367049285,2364,-0.4985716356271336
crypto,BNBUSDT,4h,d55_rev,0.04715592994885983,-0.4188848580257235,0.4230769230769231,17.175597615730883,2364,-2.424070503767919
crypto,BNBUSDT,4h,d55_atr3,0.577324253924545,-0.1739315106094229,0.5128205128205128,20.074958562919157,2364,-0.8044935867635273
crypto,BNBUSDT,4h,d55_atr3_tr,0.577324253924545,-0.1739315106094229,0.5128205128205128,20.074958562919157,2364,-1.02251485327916
crypto,BNBUSDT,4h,d55_atr3_vol,0.44373701470603316,-0.21003584558793065,0.44871794871794873,19.45117999244782,2364,-0.8374693491530313
crypto,BNBUSDT,4h,d55_chan20,0.22829727848627146,-0.2171908672793238,0.44871794871794873,19.605624397365148,2364,-1.8440007771317641
crypto,BNBUSDT,4h,d20_chan10,0.4701017653504,-0.20569404366697674,0.48717948717948717,36.42105421072163,2364,-1.7016990661882907
crypto,BNBUSDT,4h,boll_atr3,0.3394657697148962,-0.2710726419005074,0.5,32.60245181593302,2364,-2.2362272154542207
crypto,BNBUSDT,4h,kelt_atr3,0.697591766193557,-0.18659924389344495,0.5512820512820513,23.05631234471361,2364,-0.9119433882294378
crypto,XRPUSDT,4h,base_d55_tb,0.18833306827800744,-0.10727374908473164,0.4430379746835443,24.164020099127033,2399,-0.9521313992389104
crypto,XRPUSDT,4h,d55_rev,-0.26805141139502064,-0.5199725734919398,0.43037974683544306,13.12663182417225,2399,-0.9583055215343903
crypto,XRPUSDT,4h,d55_atr3,0.3509564785169927,-0.2237510928092703,0.4430379746835443,15.17007737319849,2399,-1.2767435060839365
crypto,XRPUSDT,4h,d55_atr3_tr,0.35765600902680356,-0.2218717100839499,0.4430379746835443,15.150179491102415,2399,-0.603067514773342
crypto,XRPUSDT,4h,d55_atr3_vol,0.3463674220656079,-0.21259382187495068,0.4430379746835443,14.8595713116492,2399,-1.4905971420108544
crypto,XRPUSDT,4h,d55_chan20,0.1772689561851741,-0.29151335431769476,0.43037974683544306,14.32859648314006,2399,-1.3984552357143152
crypto,XRPUSDT,4h,d20_chan10,0.3039601515329585,-0.3556661263247163,0.45569620253164556,27.809115778116052,2399,-2.1386830408688495
crypto,XRPUSDT,4h,boll_atr3,0.27102049119373467,-0.2445054418716237,0.45569620253164556,25.5731283732084,2399,-2.2462226226346473
crypto,XRPUSDT,4h,kelt_atr3,0.15075666688650383,-0.3169627809327794,0.43037974683544306,18.289115811042496,2399,-1.4348572144832903
crypto,SOLUSDT,4h,base_d55_tb,0.27585832701725,-0.18127620531913757,0.5774647887323944,24.279761562073464,2147,-1.0602098050123092
crypto,SOLUSDT,4h,d55_rev,0.6282075509711283,-0.22961916813436734,0.4788732394366197,9.816060697534928,2147,-1.2950998128115854
crypto,SOLUSDT,4h,d55_atr3,0.9946545293396286,-0.13148993535699538,0.5633802816901409,11.690388246041284,2147,-0.9593067548024616
crypto,SOLUSDT,4h,d55_atr3_tr,0.99167098708286,-0.12427528939066501,0.5774647887323944,11.632327215633616,2147,-0.4917472363649038
crypto,SOLUSDT,4h,d55_atr3_vol,0.9572903907692605,-0.1276756630789565,0.5633802816901409,11.287933339513192,2147,-1.1670705298306452
crypto,SOLUSDT,4h,d55_chan20,0.6005423709912902,-0.173682655239092,0.5352112676056338,11.498785338820786,2147,-1.0927379534375945
crypto,SOLUSDT,4h,d20_chan10,0.6384316192986937,-0.17276033571831628,0.5492957746478874,22.86785426665242,2147,-0.6977201573347859
crypto,SOLUSDT,4h,boll_atr3,0.7813954182208845,-0.2184380954123507,0.5352112676056338,18.562632561092084,2147,-2.3143167037325614
crypto,SOLUSDT,4h,kelt_atr3,1.436439635806729,-0.13100223426202096,0.5915492957746479,12.930562071796594,2147,-0.5930544782993314
crypto,TRXUSDT,4h,base_d55_tb,-0.15596305286887166,-0.24028075330108611,0.4177215189873418,48.567863644419404,2390,-0.8288209464189786
crypto,TRXUSDT,4h,d55_rev,0.3025755602979,-0.35329703484093455,0.5443037974683544,20.605368061416694,2390,-3.5134820184983107
crypto,TRXUSDT,4h,d55_atr3,0.4688962057395842,-0.25485622976699096,0.5569620253164557,27.25171307919392,2390,-2.1352567386087253
crypto,TRXUSDT,4h,d55_atr3_tr,0.47121437633942215,-0.2527220675359594,0.5569620253164557,27.074624913592235,2390,-2.387678187180377
crypto,TRXUSDT,4h,d55_atr3_vol,0.3927776436263347,-0.2900628190770872,0.5063291139240507,24.5990720811262,2390,-2.3740905506431393
crypto,TRXUSDT,4h,d55_chan20,0.3412246445162418,-0.34448397269529085,0.4936708860759494,24.03401676462571,2390,-2.614761272494221
crypto,TRXUSDT,4h,d20_chan10,0.4157153224272249,-0.29089096714678897,0.5443037974683544,47.36129570508685,2390,-2.832212938590309
crypto,TRXUSDT,4h,boll_atr3,0.18929575013650263,-0.3083330912266179,0.4810126582278481,41.834620386420035,2390,-2.806476633424593
crypto,TRXUSDT,4h,kelt_atr3,0.28109030889688225,-0.2758658378860317,0.4936708860759494,33.08308419210499,2390,-2.2147802347119514
crypto,DOGEUSDT,4h,base_d55_tb,0.5912038095303677,-0.18813542742751832,0.4931506849315068,20.55010428434754,2213,-0.9208496869970718
crypto,DOGEUSDT,4h,d55_rev,0.6992771444408343,-0.2354809734370895,0.589041095890411,10.462835922391912,2213,-1.7132125845466761
crypto,DOGEUSDT,4h,d55_atr3,0.6718676617458209,-0.17125657533886718,0.4931506849315068,13.664458859973207,2213,-1.2048336694175876
crypto,DOGEUSDT,4h,d55_atr3_tr,0.6974164491300199,-0.17125657533886707,0.4931506849315068,13.48004476360033,2213,-1.0362850280451912
crypto,DOGEUSDT,4h,d55_atr3_vol,0.7464522920594944,-0.17125657533886784,0.5068493150684932,13.201416907417721,2213,-1.0103184335666497
crypto,DOGEUSDT,4h,d55_chan20,0.5450149661535729,-0.20694313912242557,0.5342465753424658,12.418032498063202,2213,-1.2708366205335166
crypto,DOGEUSDT,4h,d20_chan10,0.7505639814660696,-0.2419039645008324,0.5616438356164384,23.64357346733979,2213,-1.682852415221722
crypto,DOGEUSDT,4h,boll_atr3,0.9228592937590563,-0.2232691822172227,0.6164383561643836,21.266210136431116,2213,-1.629258094310953
crypto,DOGEUSDT,4h,kelt_atr3,0.9771800035368065,-0.2157167261771371,0.6027397260273972,14.44751498208398,2213,-0.26231969234877806
crypto,ZECUSDT,4h,base_d55_tb,0.1271451530885459,-0.11237704797593873,0.47435897435897434,20.732514714008083,2369,-0.9079362356458144
crypto,ZECUSDT,4h,d55_rev,0.46755139023466896,-0.2263092685057656,0.5641025641025641,9.50458026044885,2369,-2.665795276847447
crypto,ZECUSDT,4h,d55_atr3,0.37872884591080064,-0.2096001980170391,0.5641025641025641,11.786619269093956,2369,-0.8438690813111218
crypto,ZECUSDT,4h,d55_atr3_tr,0.3926810007707716,-0.20075236250762274,0.5641025641025641,11.722811058910159,2369,-1.7883325805878607
crypto,ZECUSDT,4h,d55_atr3_vol,0.3651414563682882,-0.19736954453526034,0.5128205128205128,11.129094155249078,2369,-0.9728551565223379
crypto,ZECUSDT,4h,d55_chan20,0.45566309231837065,-0.21333152001535616,0.5769230769230769,11.263274324142849,2369,-1.4443068575414346
crypto,ZECUSDT,4h,d20_chan10,0.305423056765261,-0.29524763034987067,0.5384615384615384,22.480416429869663,2369,-2.169722244639563
crypto,ZECUSDT,4h,boll_atr3,0.269638211512361,-0.32431936650050275,0.5512820512820513,18.45250718293512,2369,-2.2852926952298125
crypto,ZECUSDT,4h,kelt_atr3,0.37542631614606004,-0.2203388759966548,0.6282051282051282,13.143996137408713,2369,-0.7899275558062739
crypto,ADAUSDT,4h,base_d55_tb,0.8012768176800268,-0.12927606031162953,0.5822784810126582,24.788147890823264,2374,-0.8309455132275295
crypto,ADAUSDT,4h,d55_rev,0.5368361909444279,-0.2194766493853103,0.5316455696202531,11.723945338424766,2374,-1.8969902958306126
crypto,ADAUSDT,4h,d55_atr3,0.7561369335945307,-0.17999176595753041,0.5063291139240507,14.069440989881082,2374,-1.4006658124275988
crypto,ADAUSDT,4h,d55_atr3_tr,0.7542904299451759,-0.17828679337915354,0.5063291139240507,14.063684560109206,2374,-0.8029137357559973
crypto,ADAUSDT,4h,d55_atr3_vol,0.7861306728306334,-0.1764389148902763,0.5189873417721519,13.7029441403128,2374,-0.9563651332979949
crypto,ADAUSDT,4h,d55_chan20,0.2306178797974218,-0.2765659186550091,0.43037974683544306,14.16485819562583,2374,-2.030229195788193
crypto,ADAUSDT,4h,d20_chan10,0.3838426311693552,-0.20290058511343767,0.5189873417721519,26.68065278280431,2374,-1.2237405740848546
crypto,ADAUSDT,4h,boll_atr3,0.6741460650040707,-0.21592144667824364,0.5063291139240507,21.239407337633068,2374,-1.398896174980139
crypto,ADAUSDT,4h,kelt_atr3,0.9542191924301724,-0.18975818814103396,0.5189873417721519,15.124517913441942,2374,-1.6773691437945109
crypto,XMRUSDT,4h,base_d55_tb,-0.29886925833768707,-0.21228214122632838,0.47435897435897434,29.25333404802837,2371,-1.8487788568095747
crypto,XMRUSDT,4h,d55_rev,0.06316926797239818,-0.38045681607546256,0.5769230769230769,13.719611139475495,2371,-3.1079170393938855
crypto,XMRUSDT,4h,d55_atr3,-0.2558510557782617,-0.3764666839752542,0.4358974358974359,17.042202014881187,2371,-1.072725587142569
crypto,XMRUSDT,4h,d55_atr3_tr,-0.2623207724452743,-0.3798523543413759,0.4358974358974359,17.041190854117488,2371,-2.3010916584074055
crypto,XMRUSDT,4h,d55_atr3_vol,-0.15213808916229565,-0.3129932241008929,0.3717948717948718,15.227565063313033,2371,-2.396611755049713
crypto,XMRUSDT,4h,d55_chan20,-0.4395264276200539,-0.457660542165488,0.4358974358974359,17.35231433588097,2371,-2.184113219373857
crypto,XMRUSDT,4h,d20_chan10,-0.7517048535778528,-0.5780695271268055,0.3717948717948718,32.843033861978384,2371,-2.7160345966176416
crypto,XMRUSDT,4h,boll_atr3,-0.5423732881061166,-0.5350050681918104,0.3717948717948718,25.207433358654733,2371,-2.3100676840673495
crypto,XMRUSDT,4h,kelt_atr3,-0.32901262826559824,-0.3902805010966285,0.38461538461538464,16.286291208126325,2371,-1.9724671189425746
crypto,LINKUSDT,4h,base_d55_tb,-0.08660183159860622,-0.22686392545699463,0.4177215189873418,23.963045334669207,2388,-0.5197500830270114
crypto,LINKUSDT,4h,d55_rev,-0.26496810470895316,-0.4963721238967862,0.4936708860759494,11.143698915452966,2388,-1.6473788819993394
crypto,LINKUSDT,4h,d55_atr3,-0.15628885063371886,-0.3519425947608069,0.46835443037974683,13.778637810069895,2388,-1.0616852624639241
crypto,LINKUSDT,4h,d55_atr3_tr,-0.14314854112901199,-0.34530263740016265,0.46835443037974683,13.714869665379586,2388,-1.120936163831758
crypto,LINKUSDT,4h,d55_atr3_vol,0.04135391478593299,-0.235428009413286,0.4810126582278481,12.685768866756213,2388,-0.6999478584180672
crypto,LINKUSDT,4h,d55_chan20,-0.09936207478495854,-0.3730519397891371,0.5063291139240507,13.148298882982882,2388,-1.2998826902294605
crypto,LINKUSDT,4h,d20_chan10,0.06561290782794556,-0.3115063660908235,0.5316455696202531,25.87976826165546,2388,-1.6725806975008495
crypto,LINKUSDT,4h,boll_atr3,0.10859274540624247,-0.29045449974683746,0.4430379746835443,21.205497770349325,2388,-1.638918788519664
crypto,LINKUSDT,4h,kelt_atr3,0.09266903442407745,-0.3610203614863772,0.4936708860759494,15.633335545859975,2388,-1.487341834223631
crypto,XLMUSDT,4h,base_d55_tb,0.22408039283093045,-0.12271737821912143,0.379746835443038,25.493632500683443,2385,-1.2242666378045401
crypto,XLMUSDT,4h,d55_rev,-0.27556101591234317,-0.4764878561715217,0.43037974683544306,13.093253274223269,2385,-2.314182167056841
crypto,XLMUSDT,4h,d55_atr3,0.21916363511140305,-0.27400624340015634,0.43037974683544306,15.193071118872627,2385,-1.394147537286638
crypto,XLMUSDT,4h,d55_atr3_tr,0.23089642635028437,-0.27205696382072475,0.4430379746835443,15.114115551389565,2385,-1.5662803510302032
crypto,XLMUSDT,4h,d55_atr3_vol,0.1663067552202923,-0.3032433760783204,0.4430379746835443,14.403801545720311,2385,-1.562866901588776
crypto,XLMUSDT,4h,d55_chan20,0.15900174911259587,-0.31149167577017844,0.4430379746835443,14.51775054175406,2385,-1.2695959353168997
crypto,XLMUSDT,4h,d20_chan10,0.2887280410020463,-0.2770557902463363,0.4936708860759494,28.95121807894976,2385,-2.6733276352026745
crypto,XLMUSDT,4h,boll_atr3,0.24716525076860318,-0.2916026253510372,0.4810126582278481,23.66522657741574,2385,-2.854195982306027
crypto,XLMUSDT,4h,kelt_atr3,0.33246848129685086,-0.21360483215361759,0.46835443037974683,17.209761728952227,2385,-2.036956676547202
crypto,BCHUSDT,4h,base_d55_tb,-0.06087282158717045,-0.20994083630100324,0.4810126582278481,23.549571327868424,2404,-0.5028980757631002
crypto,BCHUSDT,4h,d55_rev,-0.35324363187324814,-0.6149787727918334,0.3924050632911392,12.722633485845307,2404,-2.204657536173917
crypto,BCHUSDT,4h,d55_atr3,0.08495098022110774,-0.3572533049830492,0.4430379746835443,14.957903925704045,2404,-1.6968092552052623
crypto,BCHUSDT,4h,d55_atr3_tr,0.1140828347487698,-0.35678810007866446,0.45569620253164556,14.84479066657948,2404,-0.5604456780729582
crypto,BCHUSDT,4h,d55_atr3_vol,0.08268308563278798,-0.34755238652688714,0.4430379746835443,14.35706595144265,2404,-1.1648053731168482
crypto,BCHUSDT,4h,d55_chan20,-0.05622366395025216,-0.40060062537401764,0.4050632911392405,14.50265210208127,2404,-1.4718916364080759
crypto,BCHUSDT,4h,d20_chan10,0.17796102916980722,-0.4008882409238069,0.46835443037974683,28.08710105723951,2404,-2.5665766445412688
crypto,BCHUSDT,4h,boll_atr3,0.38085346908114115,-0.29263445238705366,0.4810126582278481,24.45405600556316,2404,-1.7491554190259058
crypto,BCHUSDT,4h,kelt_atr3,0.23475082895100388,-0.25889903157924377,0.46835443037974683,17.982010057471136,2404,-2.3256480880755515
crypto,LTCUSDT,4h,base_d55_tb,-0.12587162702632496,-0.14838199830703236,0.4430379746835443,24.83348085749003,2396,-0.7267890809910154
crypto,LTCUSDT,4h,d55_rev,-0.4737746560441148,-0.6206147073058677,0.5063291139240507,13.248915962754408,2396,-2.403785467816763
crypto,LTCUSDT,4h,d55_atr3,-0.263475974184277,-0.41178709234520194,0.46835443037974683,15.870245001507632,2396,-1.4532003965774523
crypto,LTCUSDT,4h,d55_atr3_tr,-0.2633707077451183,-0.40893613969434583,0.46835443037974683,15.803182572856562,2396,-1.0592662120589835
crypto,LTCUSDT,4h,d55_atr3_vol,-0.29402074835755004,-0.4070961448747392,0.43037974683544306,15.244615232432572,2396,-1.872066603938068
crypto,LTCUSDT,4h,d55_chan20,-0.38328951075242695,-0.4866437062383685,0.45569620253164556,15.363409530212124,2396,-0.9282304347426461
crypto,LTCUSDT,4h,d20_chan10,-0.5858410147832269,-0.5780569812868834,0.4050632911392405,30.271119002250703,2396,-1.2082720888707945
crypto,LTCUSDT,4h,boll_atr3,-0.10012533276421796,-0.4583722036000738,0.4936708860759494,24.8213322305713,2396,-1.797461508643502
crypto,LTCUSDT,4h,kelt_atr3,-0.22143562479630746,-0.4433275366237702,0.4430379746835443,17.84105175604071,2396,-1.1850111684441584
crypto,HBARUSDT,4h,base_d55_tb,0.03530878971404688,-0.1497034919394098,0.5230769230769231,23.353586706921885,1963,-0.2861387915328695
crypto,HBARUSDT,4h,d55_rev,-0.17950532615002476,-0.38859776893183495,0.4461538461538462,11.379744189240267,1963,-2.087586555633145
crypto,HBARUSDT,4h,d55_atr3,0.037372784986967736,-0.24687089926784722,0.4153846153846154,13.777722012037183,1963,-0.9563597460651704
crypto,HBARUSDT,4h,d55_atr3_tr,0.037372784986967736,-0.24687089926784722,0.4153846153846154,13.777722012037183,1963,-2.2806491281614494
crypto,HBARUSDT,4h,d55_atr3_vol,0.13713020461882933,-0.22681773684823225,0.4153846153846154,12.817058122357965,1963,-1.231127979293543
crypto,HBARUSDT,4h,d55_chan20,-0.36788633772708396,-0.28945880558523485,0.4461538461538462,14.059926040284058,1963,-2.475197561384673
crypto,HBARUSDT,4h,d20_chan10,-0.134414931615669,-0.2737850855330911,0.47692307692307695,26.164678734836677,1963,-2.288812579754625
crypto,HBARUSDT,4h,boll_atr3,0.2962632867255024,-0.2249102758939382,0.46153846153846156,20.526330478443118,1963,-2.334450403507782
crypto,HBARUSDT,4h,kelt_atr3,0.24144564024225143,-0.2736555677896999,0.5076923076923077,14.085139638511363,1963,-1.8375328343015718
crypto,1000SHIBUSDT,4h,base_d55_tb,0.1921975406227037,-0.13843373247024238,0.3968253968253968,20.614642364708683,1909,-0.5905355941778848
crypto,1000SHIBUSDT,4h,d55_rev,0.23995423613064765,-0.3621106833784251,0.5079365079365079,10.56865470771792,1909,-1.7529506808557327
crypto,1000SHIBUSDT,4h,d55_atr3,0.45583856848015514,-0.15658296554725737,0.5238095238095238,13.013507016812756,1909,-0.8342579092365082
crypto,1000SHIBUSDT,4h,d55_atr3_tr,0.45583856848015514,-0.15658296554725737,0.5238095238095238,13.013507016812756,1909,-2.2248099001561945
crypto,1000SHIBUSDT,4h,d55_atr3_vol,0.4195595377345453,-0.16952248375920587,0.5396825396825397,12.58447579407792,1909,-1.5931038634446137
crypto,1000SHIBUSDT,4h,d55_chan20,0.5476862664221703,-0.1982275637975398,0.5714285714285714,12.078065286218798,1909,-1.3183502388977253
crypto,1000SHIBUSDT,4h,d20_chan10,0.5707617502542832,-0.2575226634467297,0.5079365079365079,24.85217933952297,1909,-1.961377589941092
crypto,1000SHIBUSDT,4h,boll_atr3,0.19402836173842355,-0.29811019014744655,0.4603174603174603,21.706129675522224,1909,-1.2539849695967218
crypto,1000SHIBUSDT,4h,kelt_atr3,0.23222764313518626,-0.19202571532909252,0.42857142857142855,15.609475670847381,1909,-0.9556271782434757
crypto,AVAXUSDT,4h,base_d55_tb,-0.25488848039454215,-0.23302368788885608,0.352112676056338,22.45531559248924,2138,-0.13952664517812788
crypto,AVAXUSDT,4h,d55_rev,0.7842051286271536,-0.2561438304066277,0.5211267605633803,9.685974206533361,2138,-2.4233616376154186
crypto,AVAXUSDT,4h,d55_atr3,0.6781938845200152,-0.1581622352970069,0.4788732394366197,12.42275292699408,2138,-0.9186248591766849
crypto,AVAXUSDT,4h,d55_atr3_tr,0.7210155511440968,-0.1373911303321489,0.49295774647887325,12.268081990608435,2138,-0.60097383218793
crypto,AVAXUSDT,4h,d55_atr3_vol,0.7419317439930806,-0.15372112587829168,0.49295774647887325,11.769453776697095,2138,-1.4583093761661103
crypto,AVAXUSDT,4h,d55_chan20,0.6865636318564828,-0.1937547444451695,0.5070422535211268,11.931537546898971,2138,-1.5490508949825776
crypto,AVAXUSDT,4h,d20_chan10,0.5660485725954228,-0.2795023954768453,0.4647887323943662,23.534741087088147,2138,-1.2849923215591634
crypto,AVAXUSDT,4h,boll_atr3,0.9693197259450081,-0.16873814015282218,0.5211267605633803,18.215039368325307,2138,-1.5385578594356195
crypto,AVAXUSDT,4h,kelt_atr3,0.9013767121822056,-0.18541926068658832,0.5211267605633803,14.44095507807825,2138,-1.6554250525041863
crypto,SUIUSDT,4h,base_d55_tb,-0.45249030447753613,-0.12326900214128866,0.3076923076923077,20.781138754578695,1186,-0.08410954252983574
crypto,SUIUSDT,4h,d55_rev,0.14995292625850087,-0.2009922080826182,0.46153846153846156,9.748265355025907,1186,-2.125265611835765
crypto,SUIUSDT,4h,d55_atr3,0.3302319963100696,-0.2023327341861929,0.46153846153846156,11.819238134776146,1186,-0.8908702510561639
crypto,SUIUSDT,4h,d55_atr3_tr,0.387741371034365,-0.1889727983881534,0.46153846153846156,11.621005421330539,1186,-1.4514106320234255
crypto,SUIUSDT,4h,d55_atr3_vol,0.3323904824471341,-0.19269011804502134,0.4358974358974359,11.139620190267562,1186,-0.6324723743494917
crypto,SUIUSDT,4h,d55_chan20,-0.03250119338926887,-0.2161011139461142,0.38461538461538464,11.457640607633927,1186,-0.7236421460376659
crypto,SUIUSDT,4h,d20_chan10,0.26600113326285235,-0.2353006541108157,0.4358974358974359,21.30002547529098,1186,-2.5444233865318875
crypto,SUIUSDT,4h,boll_atr3,0.3181339789179276,-0.3316683423668666,0.46153846153846156,17.957709756681492,1186,-1.7852444068751046
crypto,SUIUSDT,4h,kelt_atr3,0.28467930651923357,-0.27482399468119434,0.48717948717948717,12.998866339463758,1186,-1.4310003993452383
crypto,UNIUSDT,4h,base_d55_tb,-0.3854226756844841,-0.21413544589833022,0.38028169014084506,21.609203269151447,2143,-0.3360612863965887
crypto,UNIUSDT,4h,d55_rev,-0.06450186775250978,-0.46899723509361135,0.4647887323943662,10.132696875214679,2143,-1.856107304860221
crypto,UNIUSDT,4h,d55_atr3,-0.1851693698265133,-0.38303544649815935,0.4647887323943662,12.497453943117762,2143,-2.031513504749629
crypto,UNIUSDT,4h,d55_atr3_tr,-0.17212959649007445,-0.3797096881248685,0.4647887323943662,12.452055071709367,2143,-1.573438684036922
crypto,UNIUSDT,4h,d55_atr3_vol,-0.22539828906295048,-0.3952946157248677,0.4788732394366197,11.993070391958366,2143,-1.0902773850454062
crypto,UNIUSDT,4h,d55_chan20,-0.2961961469672223,-0.43767456450063813,0.4225352112676056,12.154264558777651,2143,-1.1032805498878289
crypto,UNIUSDT,4h,d20_chan10,-0.3075014532961758,-0.4863913356140249,0.323943661971831,24.00924504799788,2143,-1.4479381196128773
crypto,UNIUSDT,4h,boll_atr3,-0.44030828146967194,-0.5127928399056848,0.4084507042253521,20.524876268583316,2143,-1.4021814947641629
crypto,UNIUSDT,4h,kelt_atr3,-0.022192910734398004,-0.31907354165646695,0.4507042253521127,14.279526584338033,2143,-1.0718716122761924
crypto,NEARUSDT,4h,base_d55_tb,0.7295245092706752,-0.070538243308643,0.5,20.105248098316263,2116,-0.8905212771945205
crypto,NEARUSDT,4h,d55_rev,0.3789294830957688,-0.3401852033133812,0.5,8.488740621541147,2116,-1.0062299550963543
crypto,NEARUSDT,4h,d55_atr3,0.6784452935554981,-0.16508633767102532,0.5714285714285714,10.608682602791866,2116,-1.3391638241926456
crypto,NEARUSDT,4h,d55_atr3_tr,0.708165307809022,-0.15446996350723652,0.6,10.467260912901239,2116,-0.5893436212607466
crypto,NEARUSDT,4h,d55_atr3_vol,0.6696411870585457,-0.1856835118303768,0.5714285714285714,10.146544459814214,2116,-0.9946652527218028
crypto,NEARUSDT,4h,d55_chan20,0.6698991340482311,-0.161674962879655,0.6,10.044500892989307,2116,-1.323446695580096
crypto,NEARUSDT,4h,d20_chan10,0.566283003526046,-0.23022772544546255,0.5571428571428572,20.372489667554625,2116,-1.3809509736157424
crypto,NEARUSDT,4h,boll_atr3,0.6112028907986657,-0.19363175403209498,0.6142857142857143,17.317577880761863,2116,-0.8883439998095298
crypto,NEARUSDT,4h,kelt_atr3,1.0488069562625626,-0.18645651427913756,0.5857142857142857,11.299506892425365,2116,-1.486282436863705
crypto,DOTUSDT,4h,base_d55_tb,-0.7317978633883323,-0.27924845022100653,0.3472222222222222,25.254724365546654,2170,-0.5156012063391421
crypto,DOTUSDT,4h,d55_rev,-0.26489202706089504,-0.5018439901624314,0.4305555555555556,12.168750156633166,2170,-2.0740562968489726
crypto,DOTUSDT,4h,d55_atr3,-0.05432045323920588,-0.2582785148300478,0.3611111111111111,14.793522858989506,2170,-1.8291205336592569
crypto,DOTUSDT,4h,d55_atr3_tr,0.020289697768843824,-0.23358749889758068,0.3611111111111111,14.571892401220369,2170,-1.707346183761403
crypto,DOTUSDT,4h,d55_atr3_vol,0.08266345108652684,-0.20154318406129845,0.3611111111111111,14.055766309833658,2170,-1.323658081283278
crypto,DOTUSDT,4h,d55_chan20,-0.19804483551922722,-0.31334077796597404,0.4583333333333333,14.14670622829739,2170,-2.1196086666220895
crypto,DOTUSDT,4h,d20_chan10,-0.13308368185082947,-0.288698154578094,0.4444444444444444,27.25033181211634,2170,-2.131168838099516
crypto,DOTUSDT,4h,boll_atr3,0.09421710712135144,-0.29245177128287403,0.4583333333333333,22.595649350463958,2170,-3.1074683655900293
crypto,DOTUSDT,4h,kelt_atr3,0.1397279323947311,-0.24940578239847977,0.4444444444444444,16.259417620616546,2170,-1.5512433001695782
crypto,AAVEUSDT,4h,base_d55_tb,-0.02522181123293212,-0.11876652614370187,0.4714285714285714,21.331508368980458,2115,-0.880380012553519
crypto,AAVEUSDT,4h,d55_rev,-0.17508973772283473,-0.4299641174774679,0.42857142857142855,10.0342995223421,2115,-1.9962522269665504
crypto,AAVEUSDT,4h,d55_atr3,-0.17603330353564975,-0.300142649212643,0.38571428571428573,12.565324957566036,2115,-1.74944755486108
crypto,AAVEUSDT,4h,d55_atr3_tr,-0.19707972328211687,-0.30146539291041086,0.38571428571428573,12.563037061611537,2115,-0.8610334360147981
crypto,AAVEUSDT,4h,d55_atr3_vol,-0.08723291267246475,-0.2639273156200437,0.4142857142857143,11.729912268433628,2115,-1.5087567051086603
crypto,AAVEUSDT,4h,d55_chan20,-0.5266978800298365,-0.4632015939405437,0.35714285714285715,12.354075170342494,2115,-1.6095847624490136
crypto,AAVEUSDT,4h,d20_chan10,-0.4232233722605702,-0.39855145234959577,0.44285714285714284,23.644192931782033,2115,-2.0185280457056574
crypto,AAVEUSDT,4h,boll_atr3,0.166917417527578,-0.17503821955213184,0.4857142857142857,19.192235674875423,2115,-1.186843443010571
crypto,AAVEUSDT,4h,kelt_atr3,-0.09175454608695582,-0.3213035668225631,0.37142857142857144,14.103747474180826,2115,-0.9497207103734646
crypto,1000PEPEUSDT,4h,base_d55_tb,0.2879263342527986,-0.06822082855159928,0.46153846153846156,17.23977984654212,1184,-0.6036011927162256
crypto,1000PEPEUSDT,4h,d55_rev,0.5053769182456107,-0.19794375717375468,0.4358974358974359,8.237555288877344,1184,-1.157563851198418
crypto,1000PEPEUSDT,4h,d55_atr3,0.8227371480824657,-0.1418633678179294,0.5897435897435898,10.047696472380666,1184,-1.1564961863626733
crypto,1000PEPEUSDT,4h,d55_atr3_tr,0.8117227639593845,-0.1418633678179294,0.5897435897435898,10.037666223279329,1184,-1.2743510143993209
crypto,1000PEPEUSDT,4h,d55_atr3_vol,0.857802507552826,-0.1397587188427133,0.5641025641025641,9.707499367059423,1184,-0.645165843199492
crypto,1000PEPEUSDT,4h,d55_chan20,0.9905071154738804,-0.16183876529034558,0.6410256410256411,9.563028307757985,1184,-1.124435050435339
crypto,1000PEPEUSDT,4h,d20_chan10,0.4663250775799388,-0.21508742122843705,0.5384615384615384,18.863739787624684,1184,-0.7138208310364991
crypto,1000PEPEUSDT,4h,boll_atr3,0.557671273457047,-0.1308830260815147,0.5897435897435898,15.638265162493907,1184,-0.21397567472188347
crypto,1000PEPEUSDT,4h,kelt_atr3,0.7030742802337416,-0.15016637239686448,0.5128205128205128,12.01101077791303,1184,-2.1987995971058023
crypto,ICPUSDT,4h,base_d55_tb,0.2782404043353176,-0.15257315807939476,0.38095238095238093,21.50478350867747,1908,-0.5826624093949755
crypto,ICPUSDT,4h,d55_rev,0.15527783875495627,-0.31940312138847504,0.4444444444444444,12.235982496537087,1908,-3.6150499188507856
crypto,ICPUSDT,4h,d55_atr3,0.6247925058089704,-0.14490070374375985,0.5396825396825397,12.547090667502415,1908,-1.7272400838178217
crypto,ICPUSDT,4h,d55_atr3_tr,0.6383507203909792,-0.1403925095287626,0.5396825396825397,12.483932145682516,1908,-1.437313403452927
crypto,ICPUSDT,4h,d55_atr3_vol,0.5145197078353264,-0.1567350579392356,0.47619047619047616,11.719058498998201,1908,-0.7715565098512823
crypto,ICPUSDT,4h,d55_chan20,0.583871742560042,-0.17309221926173612,0.5238095238095238,13.5094639409851,1908,-1.4693637119118852
crypto,ICPUSDT,4h,d20_chan10,0.42563081953987497,-0.18382274477079785,0.5238095238095238,24.792941244731068,1908,-2.6492372378974682
crypto,ICPUSDT,4h,boll_atr3,0.8437200730238654,-0.1378443793669646,0.6031746031746031,18.278417839919413,1908,-2.0188969094175166
crypto,ICPUSDT,4h,kelt_atr3,0.7806236479595057,-0.22100907711853568,0.5873015873015873,12.499434388345485,1908,-0.9716902682890691
crypto,ETCUSDT,4h,base_d55_tb,0.022376226825308404,-0.2029890438994445,0.4810126582278481,23.36784681640029,2389,-0.255544155636694
crypto,ETCUSDT,4h,d55_rev,0.36053333404251087,-0.30034677868934256,0.5822784810126582,10.988343657047883,2389,-2.40532558973566
crypto,ETCUSDT,4h,d55_atr3,0.5245543284868649,-0.15430645379342134,0.5189873417721519,13.397555174521258,2389,-1.5471796842951846
crypto,ETCUSDT,4h,d55_atr3_tr,0.5352650128704179,-0.154306453793422,0.5189873417721519,13.327290760362885,2389,-0.9415557191605451
crypto,ETCUSDT,4h,d55_atr3_vol,0.499238235190693,-0.15225041266254535,0.4936708860759494,13.140962024522292,2389,-1.5110559980329201
crypto,ETCUSDT,4h,d55_chan20,0.4696966323040452,-0.22581745656497443,0.5316455696202531,13.121947758378171,2389,-2.2891852804222985
crypto,ETCUSDT,4h,d20_chan10,0.466512629166364,-0.42645107253478354,0.5569620253164557,26.448160751650803,2389,-1.400346173478206
crypto,ETCUSDT,4h,boll_atr3,0.37975415878122926,-0.33738033892073427,0.5443037974683544,22.486065396713173,2389,-1.294483802732739
crypto,ETCUSDT,4h,kelt_atr3,0.033190242081736036,-0.3510606086639235,0.4936708860759494,15.965831076203028,2389,-0.9815682073161371
crypto,ALGOUSDT,4h,base_d55_tb,-0.5166132473313724,-0.2624245063242673,0.3783783783783784,23.965104621270864,2237,0.36111067564962956
crypto,ALGOUSDT,4h,d55_rev,-0.2563256652520419,-0.4524861688869666,0.4864864864864865,10.599216123477465,2237,-2.1000593569152843
crypto,ALGOUSDT,4h,d55_atr3,-0.03351064572754008,-0.2961678702881959,0.43243243243243246,12.786587272032987,2237,-1.433409801233702
crypto,ALGOUSDT,4h,d55_atr3_tr,-0.09502404933779703,-0.2961678702881959,0.40540540540540543,12.78438092855278,2237,-2.1236339783650697
crypto,ALGOUSDT,4h,d55_atr3_vol,-0.05252289069615903,-0.2577084627911598,0.40540540540540543,12.249678013355586,2237,-1.1429225796920393
crypto,ALGOUSDT,4h,d55_chan20,-0.14972326429274654,-0.3138325862396184,0.43243243243243246,12.522697196538887,2237,-1.449717269007951
crypto,ALGOUSDT,4h,d20_chan10,0.11704141475541614,-0.2983524620286446,0.4864864864864865,23.647432168284254,2237,-1.5192843246373398
crypto,ALGOUSDT,4h,boll_atr3,0.3424844273287501,-0.21028070072627425,0.47297297297297297,19.20585504021695,2237,-1.8709809750128503
crypto,ALGOUSDT,4h,kelt_atr3,0.10236488059528719,-0.2840623238065688,0.4864864864864865,13.843317122890214,2237,-1.0099027682464106
crypto,ATOMUSDT,4h,base_d55_tb,-0.31462198209820275,-0.225487751001199,0.3974358974358974,23.517208119120344,2367,-0.317331433311663
crypto,ATOMUSDT,4h,d55_rev,-0.05291782341203246,-0.46296933770210047,0.4358974358974359,11.092611944758122,2367,-1.7902169998464568
crypto,ATOMUSDT,4h,d55_atr3,0.21092802597574467,-0.23283121864797152,0.48717948717948717,13.101401217127275,2367,-1.6253402862167317
crypto,ATOMUSDT,4h,d55_atr3_tr,0.23651845493312368,-0.22545682103751707,0.5,13.00960074007654,2367,-1.9209009760041826
crypto,ATOMUSDT,4h,d55_atr3_vol,0.027466103537754295,-0.27684268071504303,0.4358974358974359,12.513883726562907,2367,-0.7591560696884073
crypto,ATOMUSDT,4h,d55_chan20,-0.11437063278971381,-0.3997366701955044,0.41025641025641024,13.211292221552645,2367,-1.1911641907538753
crypto,ATOMUSDT,4h,d20_chan10,-0.1594519541240165,-0.4430138204356575,0.44871794871794873,26.080775084437132,2367,-1.810341010101361
crypto,ATOMUSDT,4h,boll_atr3,0.4513612888428443,-0.2378563768414902,0.5256410256410257,20.60806345097852,2367,-2.112138113880072
crypto,ATOMUSDT,4h,kelt_atr3,0.29060092363445617,-0.2688898577286075,0.44871794871794873,15.019831262614884,2367,-2.595650032957685
crypto,FILUSDT,4h,base_d55_tb,0.10819941313874956,-0.20837141108867596,0.4142857142857143,19.771860840381926,2115,-0.2728073139340006
crypto,FILUSDT,4h,d55_rev,0.11834106502875841,-0.45693031615142,0.4857142857142857,10.506892064139292,2115,-2.3844012838564037
crypto,FILUSDT,4h,d55_atr3,0.5022847160861825,-0.37785340532140177,0.4857142857142857,11.98418873114494,2115,-1.5545489697057928
crypto,FILUSDT,4h,d55_atr3_tr,0.5142159838064251,-0.36673304012670893,0.45714285714285713,11.840975390102537,2115,-0.8653799960514856
crypto,FILUSDT,4h,d55_atr3_vol,0.6445138186039843,-0.3534478776601744,0.5,11.121154812209165,2115,-0.7288376628867181
crypto,FILUSDT,4h,d55_chan20,0.29451546756474084,-0.370295924150158,0.4857142857142857,11.661686170257084,2115,-1.1583300937998435
crypto,FILUSDT,4h,d20_chan10,0.29906615189357655,-0.41756283448303355,0.5285714285714286,23.395283968678864,2115,-1.3613562262050367
crypto,FILUSDT,4h,boll_atr3,0.7370139310769372,-0.3243535049978282,0.5857142857142857,19.636350698180323,2115,-1.9970549533095665
crypto,FILUSDT,4h,kelt_atr3,0.5379240681600738,-0.3330164861416993,0.5285714285714286,14.481075414329677,2115,-1.242047284529536
crypto,ARBUSDT,4h,base_d55_tb,0.5282599034084295,-0.08297453178603398,0.5365853658536586,22.88087394548309,1227,-1.3405445034932564
crypto,ARBUSDT,4h,d55_rev,0.4261316847969105,-0.27177450152818305,0.6341463414634146,10.595492061392061,1227,-0.851236758493262
crypto,ARBUSDT,4h,d55_atr3,0.5627636117337056,-0.10678834926149217,0.5609756097560976,12.731932667280624,1227,-1.7083564621271101
crypto,ARBUSDT,4h,d55_atr3_tr,0.5736520773567529,-0.10678834926149217,0.5609756097560976,12.73159553471194,1227,-1.7326789561312717
crypto,ARBUSDT,4h,d55_atr3_vol,0.4920972283254314,-0.1326856674907667,0.5365853658536586,12.2559536826976,1227,-1.855173958521922
crypto,ARBUSDT,4h,d55_chan20,0.6124438990698441,-0.1308567778491252,0.6097560975609756,12.332917043294914,1227,-0.6333572228148305
crypto,ARBUSDT,4h,d20_chan10,0.8362066854028023,-0.09931469384605618,0.6341463414634146,22.76108848281118,1227,-1.6255429212012904
crypto,ARBUSDT,4h,boll_atr3,0.8274772643555993,-0.15283313288114064,0.5609756097560976,19.48017491789091,1227,-1.7131004279423712
crypto,ARBUSDT,4h,kelt_atr3,0.6448730046974239,-0.17185619655759676,0.6097560975609756,14.050514374625326,1227,-2.5719377455787247
crypto,APTUSDT,4h,base_d55_tb,-0.06189149498397749,-0.18345982819677897,0.41304347826086957,20.58410015865564,1382,-1.6028215999407167
crypto,APTUSDT,4h,d55_rev,-0.13294147100199089,-0.40932332919823633,0.5652173913043478,10.274293727296582,1382,-2.574606480623474
crypto,APTUSDT,4h,d55_atr3,-0.07749253076915653,-0.2796420676776694,0.391304347826087,12.879734231951996,1382,-0.46198980149229824
crypto,APTUSDT,4h,d55_atr3_tr,-0.03818439882831961,-0.2759679287932354,0.391304347826087,12.682630202539253,1382,-1.6808009799998835
crypto,APTUSDT,4h,d55_atr3_vol,-0.0857736138998212,-0.2821145284252896,0.41304347826086957,12.403250304579279,1382,-1.1141290394047083
crypto,APTUSDT,4h,d55_chan20,-0.4037699959302335,-0.398906854237696,0.391304347826087,12.96448408488202,1382,-2.464860217191122
crypto,APTUSDT,4h,d20_chan10,-0.2566674731733207,-0.3341475485828789,0.45652173913043476,24.383222532579325,1382,-1.0993484633148278
crypto,APTUSDT,4h,boll_atr3,0.18145614648203057,-0.2059985180922601,0.5434782608695652,19.615578169585635,1382,-1.6141675894470933
crypto,APTUSDT,4h,kelt_atr3,0.34458531705161505,-0.20579748332908843,0.4782608695652174,13.942649825341801,1382,-1.5083897024835065
crypto,INJUSDT,4h,base_d55_tb,0.20799345452157741,-0.09377239541413696,0.5416666666666666,20.325678550743113,1445,-0.2917455615102914
crypto,INJUSDT,4h,d55_rev,0.11591269571074632,-0.37143528823121374,0.4375,9.255256094258078,1445,-2.316344481494096
crypto,INJUSDT,4h,d55_atr3,0.03933069015429833,-0.2928201231623283,0.3958333333333333,11.57245804563062,1445,-0.4170552336035101
crypto,INJUSDT,4h,d55_atr3_tr,0.0623719775638544,-0.2928201231623285,0.3958333333333333,11.487979955360846,1445,-0.8108631365840311
crypto,INJUSDT,4h,d55_atr3_vol,-0.01296709314818037,-0.31508359987516443,0.4375,10.930128896382422,1445,-0.9564867249750573
crypto,INJUSDT,4h,d55_chan20,-0.12757083307602587,-0.3452425399867032,0.3958333333333333,11.314521324531219,1445,-2.54810325264941
crypto,INJUSDT,4h,d20_chan10,0.17060365867935298,-0.2261174306018804,0.5625,21.59752338001762,1445,-1.770622377269079
crypto,INJUSDT,4h,boll_atr3,0.5235301330819919,-0.20241603100062044,0.4375,17.168359661568186,1445,-0.8445486004297966
crypto,INJUSDT,4h,kelt_atr3,0.5601305538476228,-0.2049366940751567,0.5,12.094388934914475,1445,-1.033907841031681
crypto,DASHUSDT,4h,base_d55_tb,-0.1587492865118225,-0.25202809624313205,0.3717948717948718,22.021560725210968,2370,-0.9248915670725759
crypto,DASHUSDT,4h,d55_rev,-0.06329708214210891,-0.35461459676271867,0.5,10.882925812547642,2370,-2.75727019776278
crypto,DASHUSDT,4h,d55_atr3,0.08154518838106525,-0.2640973390898146,0.47435897435897434,13.042985975077741,2370,-1.8488426831212226
crypto,DASHUSDT,4h,d55_atr3_tr,0.06733937522433898,-0.27267381036632987,0.48717948717948717,13.011115143712601,2370,-1.894137856554904
crypto,DASHUSDT,4h,d55_atr3_vol,0.21918896133823126,-0.25319215666427086,0.47435897435897434,12.105104643044829,2370,-2.074924924087672
crypto,DASHUSDT,4h,d55_chan20,-0.00649598686702417,-0.2935861980143537,0.48717948717948717,12.837002641540606,2370,-2.3854029208307934
crypto,DASHUSDT,4h,d20_chan10,-0.10502549743390448,-0.4653910938997019,0.44871794871794873,26.871820947273395,2370,-2.6327838388325726
crypto,DASHUSDT,4h,boll_atr3,0.0300174008093147,-0.3530302348582619,0.46153846153846156,21.381131101257367,2370,-2.9016226207980647
crypto,DASHUSDT,4h,kelt_atr3,0.21991632985539175,-0.20471734610682724,0.46153846153846156,14.638577352566989,2370,-1.2849506408112488
crypto,VETUSDT,4h,base_d55_tb,0.23354555546804415,-0.16526343151902978,0.4230769230769231,23.66576249774664,2360,-1.2402303299035426
crypto,VETUSDT,4h,d55_rev,0.5114770953552731,-0.24838074872293925,0.5384615384615384,10.502741758503326,2360,-2.122109991661093
crypto,VETUSDT,4h,d55_atr3,0.8217417911092569,-0.15004081761844879,0.6025641025641025,12.243696010666389,2360,-1.674087006254428
crypto,VETUSDT,4h,d55_atr3_tr,0.8236476227423957,-0.150040817618449,0.6153846153846154,12.21333646234054,2360,-1.8260980403245592
crypto,VETUSDT,4h,d55_atr3_vol,0.8534462839106266,-0.12979825241349074,0.5897435897435898,11.31305376746761,2360,-1.6390387389829306
crypto,VETUSDT,4h,d55_chan20,0.6053134852149877,-0.2351370689619392,0.5769230769230769,12.167502184645205,2360,-1.833311715031025
crypto,VETUSDT,4h,d20_chan10,0.36278306754241635,-0.24727404171007905,0.46153846153846156,24.61167935346388,2360,-2.5638413637138693
crypto,VETUSDT,4h,boll_atr3,0.7104315540835197,-0.19761717161046244,0.5,20.103159393723004,2360,-1.8874219811573887
crypto,VETUSDT,4h,kelt_atr3,0.7530193093002553,-0.223532702319573,0.5641025641025641,13.920514609876538,2360,-1.5116452307097232
crypto,FETUSDT,4h,base_d55_tb,-0.13423451052073024,-0.14489285748168224,0.4418604651162791,20.79124584875895,1292,-0.7348152864111189
crypto,FETUSDT,4h,d55_rev,0.06910727594281289,-0.24270126303261252,0.5116279069767442,9.642489079245145,1292,-2.0918753201355
crypto,FETUSDT,4h,d55_atr3,0.4666182920183399,-0.15658503992276307,0.4418604651162791,11.393152816976237,1292,-1.2066960200400862
crypto,FETUSDT,4h,d55_atr3_tr,0.44612489158768676,-0.15845549164091444,0.4418604651162791,11.391785328672093,1292,-0.22063550271050728
crypto,FETUSDT,4h,d55_atr3_vol,0.4353732190792474,-0.13981812227450985,0.4418604651162791,10.708116678131045,1292,-1.0984618838225577
crypto,FETUSDT,4h,d55_chan20,0.35618007749772307,-0.17854618767890218,0.46511627906976744,11.329412355761526,1292,-1.4989363630487613
crypto,FETUSDT,4h,d20_chan10,0.23001265702646576,-0.19074025149296125,0.5116279069767442,20.64549291010955,1292,-1.3058733933068807
crypto,FETUSDT,4h,boll_atr3,0.31249029688084884,-0.2133598500189695,0.4418604651162791,17.17833707891727,1292,-1.5289422138512965
crypto,FETUSDT,4h,kelt_atr3,0.561502083882309,-0.15198733345749016,0.4418604651162791,11.664452071767666,1292,-0.7063931403974226
crypto,CRVUSDT,4h,base_d55_tb,-0.653564301876057,-0.22949501476376621,0.39436619718309857,18.802012654470907,2160,-0.9120172414958622
crypto,CRVUSDT,4h,d55_rev,0.019690167075082497,-0.31887835949109977,0.4647887323943662,8.242132362364137,2160,-1.6515458568270824
crypto,CRVUSDT,4h,d55_atr3,0.08844066155801565,-0.2223420054935793,0.4084507042253521,10.332557253689506,2160,-0.267131019062956
crypto,CRVUSDT,4h,d55_atr3_tr,0.11139859632281024,-0.21097852398428152,0.4084507042253521,10.238344943558491,2160,-1.481178514778974
crypto,CRVUSDT,4h,d55_atr3_vol,0.04486731696862068,-0.1977732966067961,0.4084507042253521,9.645065103806647,2160,-0.5880787480224349
crypto,CRVUSDT,4h,d55_chan20,0.16371670733377333,-0.2226660428541195,0.4788732394366197,9.876396479903043,2160,-0.6397409782248585
crypto,CRVUSDT,4h,d20_chan10,0.2825331830955924,-0.15687605286745454,0.49295774647887325,19.615562059041757,2160,-1.7274517206158126
crypto,CRVUSDT,4h,boll_atr3,0.15507968927912683,-0.23282097833481352,0.4507042253521127,15.602063184514533,2160,-2.032733098654691
crypto,CRVUSDT,4h,kelt_atr3,0.2259577983243735,-0.21814154784105477,0.4788732394366197,10.963413196519486,2160,-1.1559340248532934
crypto,1000LUNCUSDT,4h,base_d55_tb,0.35586184004317695,-0.07197757052479659,0.40425531914893614,17.816344392506277,1422,0.050654759300117744
crypto,1000LUNCUSDT,4h,d55_rev,0.6792283625619504,-0.3294912332693052,0.574468085106383,10.473813116961459,1422,-2.4947018909620677
crypto,1000LUNCUSDT,4h,d55_atr3,0.6629578643877472,-0.2356616560275212,0.48936170212765956,12.387567273633264,1422,-2.810808704702833
crypto,1000LUNCUSDT,4h,d55_atr3_tr,0.6530961009570384,-0.2399532874127116,0.48936170212765956,12.386158959112311,1422,-1.3978372107517525
crypto,1000LUNCUSDT,4h,d55_atr3_vol,0.7367752530576545,-0.20699761907497471,0.44680851063829785,11.80234737610715,1422,-1.5816777042141217
crypto,1000LUNCUSDT,4h,d55_chan20,0.708846926674178,-0.26756686221807857,0.44680851063829785,11.92993803615257,1422,-2.4631344785014955
crypto,1000LUNCUSDT,4h,d20_chan10,0.12550869216965457,-0.29902718192615474,0.5319148936170213,23.749402261204565,1422,-2.3756379856167253
crypto,1000LUNCUSDT,4h,boll_atr3,0.6823137783454736,-0.19153868790786555,0.5957446808510638,19.386650273777384,1422,-2.529937606106138
crypto,1000LUNCUSDT,4h,kelt_atr3,0.802858013878899,-0.18115984924277728,0.5319148936170213,12.910415271120614,1422,-1.812144721750792
crypto,STXUSDT,4h,base_d55_tb,-0.2198141916094429,-0.11871596301384213,0.35714285714285715,20.624019741508093,1257,-0.8613662409239589
crypto,STXUSDT,4h,d55_rev,0.11968843631598439,-0.23383201604351245,0.47619047619047616,9.190491359127567,1257,-2.4484642334741227
crypto,STXUSDT,4h,d55_atr3,-0.5762794492339771,-0.28149404261254396,0.35714285714285715,12.565537750299894,1257,-1.6902629025285145
crypto,STXUSDT,4h,d55_atr3_tr,-0.5867371166434168,-0.28448776808924225,0.35714285714285715,12.559928052120814,1257,-1.9101424119351966
crypto,STXUSDT,4h,d55_atr3_vol,-0.49980530235886456,-0.27063064253691405,0.3333333333333333,11.764941897563144,1257,-1.4058687875442417
crypto,STXUSDT,4h,d55_chan20,-0.41215196563794293,-0.2895446708550329,0.42857142857142855,11.890922667383295,1257,-0.6788627107853922
crypto,STXUSDT,4h,d20_chan10,-0.741494751569116,-0.37711405345244564,0.42857142857142855,24.141166226530093,1257,-2.351986009560192
crypto,STXUSDT,4h,boll_atr3,-1.1934662051129077,-0.5212695778853333,0.30952380952380953,21.63108767689234,1257,-1.678331072442225
crypto,STXUSDT,4h,kelt_atr3,-0.49991812303502614,-0.27376758739169516,0.40476190476190477,14.705460497161964,1257,-2.1315097411313104
crypto,LDOUSDT,4h,base_d55_tb,0.14630010461055248,-0.09152010989435166,0.5319148936170213,19.82643091136717,1409,-0.024091486792396102
crypto,LDOUSDT,4h,d55_rev,-0.4090947649129893,-0.4732845242386682,0.425531914893617,9.379464662066093,1409,-2.501371977681893
crypto,LDOUSDT,4h,d55_atr3,-0.43640998510830237,-0.31171847919726436,0.3617021276595745,12.21378978282132,1409,-2.058148317504121
crypto,LDOUSDT,4h,d55_atr3_tr,-0.4601277755374191,-0.30994358623619434,0.3617021276595745,12.212189138183168,1409,-1.5746921859660268
crypto,LDOUSDT,4h,d55_atr3_vol,-0.39748916142979324,-0.3058847636560077,0.3829787234042553,11.084342853464664,1409,-0.7458092915587571
crypto,LDOUSDT,4h,d55_chan20,-0.4839976002553972,-0.337989974251773,0.3829787234042553,11.930128944391312,1409,-0.9443714638747451
crypto,LDOUSDT,4h,d20_chan10,-0.6239664749323958,-0.38139214015647094,0.3617021276595745,23.15122529995204,1409,-1.3995606694384564
crypto,LDOUSDT,4h,boll_atr3,-0.28094840806430393,-0.32252245581346195,0.425531914893617,18.874023668488668,1409,-1.1480363203236283
crypto,LDOUSDT,4h,kelt_atr3,-0.6831618643299152,-0.38048720499204236,0.3829787234042553,13.504386319702265,1409,-0.7266980283851181
crypto,IMXUSDT,4h,base_d55_tb,0.3259537577667119,-0.09939703137837597,0.46296296296296297,20.336804196712887,1632,-0.9640071694589218
crypto,IMXUSDT,4h,d55_rev,0.3580262154226172,-0.1866212986323964,0.5,9.19435554632389,1632,-2.6860308490438127
crypto,IMXUSDT,4h,d55_atr3,0.6614323824404624,-0.12764181857155088,0.5555555555555556,10.808804706987335,1632,-1.8705739376903072
crypto,IMXUSDT,4h,d55_atr3_tr,0.6988799573508634,-0.12764181857155033,0.5555555555555556,10.654264976503207,1632,-1.1008858881246741
crypto,IMXUSDT,4h,d55_atr3_vol,0.6357226076741362,-0.12695940087173818,0.5,9.840790168258733,1632,-1.2136155680728848
crypto,IMXUSDT,4h,d55_chan20,0.73966412470562,-0.1541336527981938,0.5555555555555556,10.389816739140514,1632,-1.7613962068126732
crypto,IMXUSDT,4h,d20_chan10,0.22729447185422122,-0.22137918500386267,0.5185185185185185,20.135152709112624,1632,-2.067519895102088
crypto,IMXUSDT,4h,boll_atr3,0.40730611410365697,-0.18314267357977598,0.5370370370370371,16.759275235101512,1632,-2.758822499992267
crypto,IMXUSDT,4h,kelt_atr3,0.9517400244311095,-0.1494450836532486,0.6481481481481481,11.339520189191722,1632,-1.6022964926708352
crypto,XTZUSDT,4h,base_d55_tb,-0.3101671867475433,-0.21661869625614816,0.38461538461538464,22.977024331160585,2368,-0.3206550429231668
crypto,XTZUSDT,4h,d55_rev,0.003709685883437812,-0.3079823375762153,0.47435897435897434,11.090798233421891,2368,-1.599990964596497
crypto,XTZUSDT,4h,d55_atr3,-0.014528010235082761,-0.19095768764362642,0.3717948717948718,13.444295170288823,2368,-2.56733698131787
crypto,XTZUSDT,4h,d55_atr3_tr,-0.024524477005061388,-0.19095768764362664,0.358974358974359,13.442662559196759,2368,-1.3016900464205725
crypto,XTZUSDT,4h,d55_atr3_vol,-0.11252434476136138,-0.22103777894119336,0.38461538461538464,12.126666376533107,2368,-1.723088304555926
crypto,XTZUSDT,4h,d55_chan20,0.002921718475863266,-0.29876732261656,0.46153846153846156,12.939454078992672,2368,-2.278577967848548
crypto,XTZUSDT,4h,d20_chan10,0.2976741108285217,-0.2425921913251914,0.5512820512820513,24.422047230176346,2368,-2.133910306788824
crypto,XTZUSDT,4h,boll_atr3,-0.1329073594108331,-0.3617731504893045,0.46153846153846156,21.751541482566033,2368,-1.7031165518086036
crypto,XTZUSDT,4h,kelt_atr3,0.18685846334169562,-0.16653458247763886,0.47435897435897434,14.069256675324864,2368,-2.1432064862801523
crypto,JASMYUSDT,4h,base_d55_tb,-0.1075497031025512,-0.11484463246553833,0.4230769230769231,19.035447869793707,1564,0.19919157100102547
crypto,JASMYUSDT,4h,d55_rev,-0.17475013598002856,-0.3405333134097249,0.5,9.280395906729614,1564,-2.6705297490695963
crypto,JASMYUSDT,4h,d55_atr3,0.5599752957745923,-0.141055340588094,0.4807692307692308,10.750177347949561,1564,-1.3851018822229335
crypto,JASMYUSDT,4h,d55_atr3_tr,0.5623920512336357,-0.141055340588094,0.4807692307692308,10.7501717076731,1564,-1.362855142200482
crypto,JASMYUSDT,4h,d55_atr3_vol,0.43031807925083204,-0.14357104094835182,0.46153846153846156,10.281687702507847,1564,-1.5529771542905833
crypto,JASMYUSDT,4h,d55_chan20,0.29074061343940427,-0.21251638398527795,0.4807692307692308,10.58369387937022,1564,-2.9173361694945936
crypto,JASMYUSDT,4h,d20_chan10,0.3495655760124739,-0.16865554521720383,0.5576923076923077,21.378424427750055,1564,-3.31820593441885
crypto,JASMYUSDT,4h,boll_atr3,0.47460925671275356,-0.2672539458446054,0.5192307692307693,16.984466131259268,1564,-1.7731343215375541
crypto,JASMYUSDT,4h,kelt_atr3,0.7484899568188436,-0.17633427359474718,0.4807692307692308,11.630341419838837,1564,-0.9835202233971654
crypto,CFXUSDT,4h,base_d55_tb,-0.24635451128658525,-0.1422483825349199,0.42857142857142855,19.55333213231947,1258,-1.4359392595523581
crypto,CFXUSDT,4h,d55_rev,-0.22141634304500127,-0.3242494374950682,0.47619047619047616,9.985434204007204,1258,-1.2630311108961403
crypto,CFXUSDT,4h,d55_atr3,-0.003276098992952515,-0.19029410765271093,0.47619047619047616,12.189126170656492,1258,-2.0608056321412795
crypto,CFXUSDT,4h,d55_atr3_tr,0.06743530778993942,-0.17269215074670952,0.47619047619047616,11.845500746471087,1258,-2.0208837940205466
crypto,CFXUSDT,4h,d55_atr3_vol,-0.008137235740390244,-0.21028812817417497,0.42857142857142855,11.289679065357367,1258,-1.4998159222658765
crypto,CFXUSDT,4h,d55_chan20,0.09864272152433919,-0.17387258451483179,0.5238095238095238,11.74216921852004,1258,-2.4006499930604055
crypto,CFXUSDT,4h,d20_chan10,0.41064769307186216,-0.17890977311789358,0.47619047619047616,21.093152886464107,1258,-1.2589670368040538
crypto,CFXUSDT,4h,boll_atr3,0.10288791200709958,-0.2455815603231566,0.42857142857142855,18.790536883339843,1258,-2.2892869962903384
crypto,CFXUSDT,4h,kelt_atr3,0.39095528434948645,-0.17650966110260202,0.4523809523809524,13.103977383556064,1258,-1.4841567973854253
crypto,OPUSDT,4h,base_d55_tb,0.7982588885066708,-0.07244811301135956,0.54,19.593724144715676,1522,-0.7219498197049425
crypto,OPUSDT,4h,d55_rev,0.11190757328829694,-0.31946359932082435,0.56,8.61909203575215,1522,-2.3697270447967957
crypto,OPUSDT,4h,d55_atr3,0.5274722713362542,-0.1614855367578576,0.52,10.901624106464705,1522,-1.0265218906271534
crypto,OPUSDT,4h,d55_atr3_tr,0.5463736988522689,-0.15439518149981868,0.54,10.858748145297312,1522,-1.1856115769004267
crypto,OPUSDT,4h,d55_atr3_vol,0.5205830736809576,-0.18628604152416794,0.48,10.308213544002038,1522,-1.5878093899338044
crypto,OPUSDT,4h,d55_chan20,0.33767919290171894,-0.20989156782942076,0.44,10.539307486770149,1522,-1.1568458440123641
crypto,OPUSDT,4h,d20_chan10,0.5125706738584734,-0.14294970748425273,0.5,20.97854097931887,1522,-1.4452273827793103
crypto,OPUSDT,4h,boll_atr3,0.8570916715884477,-0.16578410857757975,0.58,16.205527079795548,1522,-1.3059548636324712
crypto,OPUSDT,4h,kelt_atr3,0.5965838494959308,-0.1698919908794364,0.48,12.898438671378866,1522,-1.012937037458464
crypto,1000FLOKIUSDT,4h,base_d55_tb,0.25404588818515206,-0.08509842985176597,0.5384615384615384,20.08628807272099,1183,0.32878470300550516
crypto,1000FLOKIUSDT,4h,d55_rev,0.23905947994947663,-0.1772343235249797,0.5641025641025641,9.788000016358987,1183,-1.8217711609963594
crypto,1000FLOKIUSDT,4h,d55_atr3,0.5308602593385828,-0.10902738074100238,0.46153846153846156,11.563028634661748,1183,-1.0686025361153966
crypto,1000FLOKIUSDT,4h,d55_atr3_tr,0.5059639664614981,-0.10902738074100238,0.46153846153846156,11.558074945606155,1183,-0.10891038905325638
crypto,1000FLOKIUSDT,4h,d55_atr3_vol,0.374003930689712,-0.11476293011310923,0.41025641025641024,10.926831388852786,1183,-2.4233570724292184
crypto,1000FLOKIUSDT,4h,d55_chan20,0.4445140551269366,-0.11822359712963892,0.5128205128205128,11.236713081735784,1183,-1.7095274978294803
crypto,1000FLOKIUSDT,4h,d20_chan10,0.7665311080066971,-0.1637540154543906,0.6153846153846154,20.382823877321417,1183,-1.8813088810291887
crypto,1000FLOKIUSDT,4h,boll_atr3,0.4653890587174167,-0.14834578504850238,0.48717948717948717,17.514125108054287,1183,-1.673541265140528
crypto,1000FLOKIUSDT,4h,kelt_atr3,0.42814644955102343,-0.15041412055427228,0.4358974358974359,13.104423010855989,1183,-0.773105167326036
crypto,ENSUSDT,4h,base_d55_tb,-0.5313570863183414,-0.15960867965940573,0.2807017543859649,21.297043489372033,1705,-0.5578834018756315
crypto,ENSUSDT,4h,d55_rev,-0.6396804708026622,-0.5143074037912546,0.40350877192982454,11.165554855114085,1705,-2.451322275286928
crypto,ENSUSDT,4h,d55_atr3,-0.4204947030677619,-0.3166606020454945,0.3157894736842105,13.23619683653922,1705,-2.443840977034969
crypto,ENSUSDT,4h,d55_atr3_tr,-0.3913202943250399,-0.304934111451324,0.3157894736842105,13.071336879851543,1705,-1.5471962003393114
crypto,ENSUSDT,4h,d55_atr3_vol,-0.07049280173563849,-0.167515856349867,0.3684210526315789,11.5760190255634,1705,-1.351160718551028
crypto,ENSUSDT,4h,d55_chan20,-0.14845746163013168,-0.2475166726652792,0.3333333333333333,12.571375660242936,1705,-1.1574266496494532
crypto,ENSUSDT,4h,d20_chan10,-0.20705578099921465,-0.264767166334263,0.40350877192982454,23.857253086846196,1705,-1.1927953271447038
crypto,ENSUSDT,4h,boll_atr3,-0.16059334451624555,-0.28602902252216655,0.38596491228070173,20.182462768651316,1705,-3.2451520587073905
crypto,ENSUSDT,4h,kelt_atr3,-0.07957102034660134,-0.21412526665798193,0.40350877192982454,13.55984287415721,1705,-2.4914744273812843
crypto,COMPUSDT,4h,base_d55_tb,-0.5203528276090739,-0.25823119922107707,0.3918918918918919,19.989245401062885,2223,-1.3769673768578439
crypto,COMPUSDT,4h,d55_rev,-0.22562597344941368,-0.49720607764723135,0.44594594594594594,10.136662672791774,2223,-2.5159683677123623
crypto,COMPUSDT,4h,d55_atr3,-0.16004380512370286,-0.30834135894223647,0.40540540540540543,11.81962845055806,2223,-0.6015754054304094
crypto,COMPUSDT,4h,d55_atr3_tr,-0.17221068197756018,-0.3105837484545565,0.40540540540540543,11.818334434789477,2223,-0.69492997627339
crypto,COMPUSDT,4h,d55_atr3_vol,-0.18396991436867657,-0.31007821710858907,0.44594594594594594,10.723737855061174,2223,-1.912031302836544
crypto,COMPUSDT,4h,d55_chan20,0.101580166791017,-0.29122107907582795,0.4864864864864865,11.32167409604592,2223,-1.382247216959053
crypto,COMPUSDT,4h,d20_chan10,-0.254554011766108,-0.3716629634854377,0.43243243243243246,23.506999722295404,2223,-2.2611008609263576
crypto,COMPUSDT,4h,boll_atr3,-0.32818706216650523,-0.36003557061146896,0.3918918918918919,19.573467203010697,2223,-1.9109517254086015
crypto,COMPUSDT,4h,kelt_atr3,0.025334722089778553,-0.2781379455007833,0.43243243243243246,12.349544732669877,2223,-1.3521373265758703
crypto,GRTUSDT,4h,base_d55_tb,-0.05113358246023434,-0.1611199784787689,0.47058823529411764,20.681171234862514,2051,-1.2804758717912628
crypto,GRTUSDT,4h,d55_rev,0.15661492108107725,-0.2655730529399487,0.5441176470588235,9.500025523020033,2051,-2.1793279401819885
crypto,GRTUSDT,4h,d55_atr3,0.28763161922352193,-0.2144859027673489,0.5147058823529411,12.039384236053072,2051,-1.998101174746054
crypto,GRTUSDT,4h,d55_atr3_tr,0.31936618745286394,-0.20574560351009918,0.5147058823529411,11.907465168544423,2051,-1.1117192510899228
crypto,GRTUSDT,4h,d55_atr3_vol,0.2399604943865795,-0.19118092380057794,0.4852941176470588,11.45584510022978,2051,-0.9001169199772086
crypto,GRTUSDT,4h,d55_chan20,0.28363345989563105,-0.2595566326476306,0.5147058823529411,11.502280443400785,2051,-1.6019946708416242
crypto,GRTUSDT,4h,d20_chan10,0.20740692466633248,-0.26329881506915487,0.4264705882352941,22.050096236445302,2051,-2.209637087100715
crypto,GRTUSDT,4h,boll_atr3,0.3408815466920229,-0.23168894760653647,0.4852941176470588,18.17387307989599,2051,-2.4331190505010736
crypto,GRTUSDT,4h,kelt_atr3,0.27946137309524893,-0.2544035029220557,0.4852941176470588,13.341549682183691,2051,-1.469852730170821
crypto,IOTAUSDT,4h,base_d55_tb,-0.2581812554366962,-0.20706684288622557,0.41025641025641024,22.558586743586414,2362,-0.5404184115767479
crypto,IOTAUSDT,4h,d55_rev,-0.2052235985219728,-0.48080040308854266,0.47435897435897434,10.73306335103929,2362,-3.64332735998173
crypto,IOTAUSDT,4h,d55_atr3,0.1835424677006966,-0.24303162320679916,0.48717948717948717,12.783583760898804,2362,-1.9798794225097232
crypto,IOTAUSDT,4h,d55_atr3_tr,0.19422197917776554,-0.24303162320679972,0.47435897435897434,12.716663945373806,2362,-2.3003065202233035
crypto,IOTAUSDT,4h,d55_atr3_vol,0.1688223228998265,-0.21322394200697248,0.47435897435897434,11.704882820285958,2362,-1.5166144239620152
crypto,IOTAUSDT,4h,d55_chan20,-0.06741666294454261,-0.30708866487143516,0.5384615384615384,12.4243994039507,2362,-2.2484599244520593
crypto,IOTAUSDT,4h,d20_chan10,-0.0896761300746167,-0.3151089537052696,0.44871794871794873,24.0961985104324,2362,-2.0867415884498985
crypto,IOTAUSDT,4h,boll_atr3,-0.06510004960806859,-0.26247571328774466,0.44871794871794873,20.369453902404015,2362,-2.9335251930603228
crypto,IOTAUSDT,4h,kelt_atr3,0.20797395698269525,-0.27919630827000375,0.47435897435897434,14.042260390358594,2362,-2.316596632101569
crypto,RUNEUSDT,4h,base_d55_tb,0.06337574135011242,-0.10333018130452465,0.43661971830985913,22.407312209718288,2157,-0.6425687950035125
crypto,RUNEUSDT,4h,d55_rev,0.9461274680634991,-0.17795687045917252,0.6338028169014085,8.495169940323873,2157,-2.0371243009448863
crypto,RUNEUSDT,4h,d55_atr3,0.5169884255992464,-0.20327987332325947,0.49295774647887325,11.656509954397107,2157,-1.8539362598057643
crypto,RUNEUSDT,4h,d55_atr3_tr,0.5233258956077181,-0.1984327305198661,0.49295774647887325,11.63304230739297,2157,-1.410544452001985
crypto,RUNEUSDT,4h,d55_atr3_vol,0.6409077688229742,-0.15237568399292523,0.5352112676056338,10.335443574968897,2157,-1.6424022595094367
crypto,RUNEUSDT,4h,d55_chan20,0.45162935244604224,-0.22738305343033105,0.4788732394366197,11.163161529903945,2157,-2.3658246856843466
crypto,RUNEUSDT,4h,d20_chan10,0.31480417875127636,-0.27077974765910007,0.49295774647887325,22.64165614966424,2157,-2.905073321221091
crypto,RUNEUSDT,4h,boll_atr3,0.3703431193217301,-0.23290287637192797,0.4788732394366197,18.561156407297393,2157,-1.4270003513951928
crypto,RUNEUSDT,4h,kelt_atr3,0.4488149001563614,-0.18613403089935965,0.49295774647887325,13.832762272915422,2157,-1.82968045882315
equity,AAPL,4h,base_d55_tb,0.7442753668925014,-0.10155597548878303,0.45977011494252873,14.57899477574294,2603,-0.8476266628280753
equity,AAPL,4h,d55_rev,0.5428070972950407,-0.1849063809234458,0.5632183908045977,4.904574264311642,2603,-0.6843042560925813
equity,AAPL,4h,d55_atr3,0.4322183925200872,-0.14117512898472317,0.4942528735632184,7.689924009759823,2603,-0.47325324334449337
equity,AAPL,4h,d55_atr3_tr,0.4322183925200872,-0.14117512898472317,0.4942528735632184,7.689924009759823,2603,-0.9537650821673613
equity,AAPL,4h,d55_atr3_vol,0.38088482816364183,-0.15571439987841273,0.47126436781609193,7.572095236335865,2603,-0.29802428949398807
equity,AAPL,4h,d55_chan20,0.5213878697633823,-0.22755261174059171,0.4827586206896552,6.694880346773509,2603,-0.3857543005769843
equity,AAPL,4h,d20_chan10,0.40149196111101054,-0.23769405609902772,0.5402298850574713,12.690942537995841,2603,-0.7022515350406294
equity,AAPL,4h,boll_atr3,0.2039872070590781,-0.24510455780992157,0.4827586206896552,11.398802918016635,2603,-1.0082226393492382
equity,AAPL,4h,kelt_atr3,0.3143125405508981,-0.22456620773138825,0.5172413793103449,10.800038112197141,2603,0.07126997059762959
equity,ABBV,4h,base_d55_tb,-0.2913663926862757,-0.269217512741982,0.3218390804597701,16.725179241489485,2603,-0.42632125015556094
equity,ABBV,4h,d55_rev,-0.09614778352457164,-0.46102425361999233,0.5057471264367817,6.367183938894674,2603,-1.1916638791408323
equity,ABBV,4h,d55_atr3,0.008099158337834853,-0.26186990706103463,0.41379310344827586,8.434462051020873,2603,-0.7912044757747312
equity,ABBV,4h,d55_atr3_tr,-0.0063240467697586525,-0.27286670797534895,0.41379310344827586,8.428878454739952,2603,-0.3021180848953379
equity,ABBV,4h,d55_atr3_vol,0.0019490605984077607,-0.27559529395400284,0.39080459770114945,7.809384007496609,2603,-0.582304098178167
equity,ABBV,4h,d55_chan20,0.0636197453897172,-0.30300875854736564,0.42528735632183906,7.702802273916033,2603,0.04386605694344095
equity,ABBV,4h,d20_chan10,0.07062374381859685,-0.29687804923133854,0.47126436781609193,14.9481106318457,2603,-0.8576777882650739
equity,ABBV,4h,boll_atr3,-0.042566857047906054,-0.3738424399181989,0.4367816091954023,12.60436013851764,2603,-0.5614486519344316
equity,ABBV,4h,kelt_atr3,0.05139580353374161,-0.25651645660088385,0.4367816091954023,10.628366573467412,2603,-0.9668027783053664
equity,ADBE,4h,base_d55_tb,-0.48485776968164884,-0.34958848251456176,0.4367816091954023,12.37815901528678,2603,-0.14251306192580387
equity,ADBE,4h,d55_rev,-0.5476894927936206,-0.7148530768984621,0.41379310344827586,5.712466560007248,2603,0.20493658930719996
equity,ADBE,4h,d55_atr3,-0.14132932477609475,-0.4124280606748163,0.40229885057471265,7.140749015804224,2603,-0.6241093797664854
equity,ADBE,4h,d55_atr3_tr,-0.1139956534356267,-0.3954366238854409,0.40229885057471265,7.077101628464843,2603,-0.5519533507929436
equity,ADBE,4h,d55_atr3_vol,-0.12358313304857915,-0.3605310182094613,0.3563218390804598,6.161412759254178,2603,-0.6848665000599851
equity,ADBE,4h,d55_chan20,-0.0637835220034103,-0.4690231933099238,0.42528735632183906,6.238290849118689,2603,-0.6302381859234473
equity,ADBE,4h,d20_chan10,0.1918244114063044,-0.3140228043710529,0.4942528735632184,11.110445258897157,2603,-0.4772885034362265
equity,ADBE,4h,boll_atr3,0.46336239424119335,-0.3083565040020769,0.5172413793103449,9.303335757929139,2603,-0.25584724710659285
equity,ADBE,4h,kelt_atr3,0.3798813613485796,-0.22371296043097444,0.4942528735632184,8.820273727852188,2603,-0.4449274830207671
equity,AMD,4h,base_d55_tb,0.2125781907198983,-0.14818965813901486,0.41379310344827586,7.8624695315416036,2603,0.03487500984850243
equity,AMD,4h,d55_rev,0.2861011258143934,-0.2744084341082236,0.47126436781609193,2.94535410715594,2603,-0.15686681404014047
equity,AMD,4h,d55_atr3,0.17462736749737076,-0.2440747636234627,0.3563218390804598,4.310399602920671,2603,0.02108983412629612
equity,AMD,4h,d55_atr3_tr,0.17462736749737076,-0.2440747636234627,0.3563218390804598,4.310399602920671,2603,-0.20141267696510015
equity,AMD,4h,d55_atr3_vol,0.20827371102934736,-0.2857735836036195,0.3563218390804598,4.075091047459758,2603,-0.49510771655531716
equity,AMD,4h,d55_chan20,0.3245624253923576,-0.17870219221804828,0.3793103448275862,3.831915015296696,2603,-0.2903447146241456
equity,AMD,4h,d20_chan10,0.3223591792449827,-0.28150281420745926,0.4827586206896552,7.653294248122449,2603,-0.1626493134099196
equity,AMD,4h,boll_atr3,0.4410216316119389,-0.225401401157456,0.47126436781609193,5.934782100779358,2603,-0.5584656806696898
equity,AMD,4h,kelt_atr3,0.387596448406867,-0.20267138190863843,0.4942528735632184,5.63630788773922,2603,0.0775460042129926
equity,AMZN,4h,base_d55_tb,-0.18146738056691838,-0.22960593984370148,0.3448275862068966,11.551259045371554,2603,-0.45131358062807264
equity,AMZN,4h,d55_rev,0.1292379721030906,-0.2128841992656395,0.4942528735632184,4.9922732650557995,2603,-0.6097797223660356
equity,AMZN,4h,d55_atr3,0.14419371570552553,-0.13346181956407677,0.42528735632183906,7.326578621530739,2603,0.14899978739841957
equity,AMZN,4h,d55_atr3_tr,0.14419371570552553,-0.13346181956407677,0.42528735632183906,7.326578621530739,2603,-0.5282806447636397
equity,AMZN,4h,d55_atr3_vol,0.15886795198812959,-0.1342553016810466,0.42528735632183906,6.64317765923079,2603,0.3188848499873837
equity,AMZN,4h,d55_chan20,0.08945642943788187,-0.20926915889054554,0.4482758620689655,6.558149057134916,2603,-0.6945448013920397
equity,AMZN,4h,d20_chan10,0.004795355944780872,-0.2773117442186218,0.47126436781609193,12.62450561337557,2603,-0.02293200713313098
equity,AMZN,4h,boll_atr3,0.17243036503553888,-0.16796733420293863,0.4942528735632184,10.861981188857737,2603,-0.7408856242100098
equity,AMZN,4h,kelt_atr3,0.10913066483253435,-0.1696230995408865,0.4827586206896552,9.453028495935765,2603,-0.17717500337556097
equity,BA,4h,base_d55_tb,0.0911228151158563,-0.1749290225611796,0.3563218390804598,10.548272405150845,2603,-0.48244797324930483
equity,BA,4h,d55_rev,-0.15971960029980492,-0.34655885845291057,0.4942528735632184,4.806339168054583,2603,-0.4526885681469252
equity,BA,4h,d55_atr3,0.10620356580059695,-0.2690465957800918,0.3793103448275862,6.17524152940481,2603,0.14809907601970654
equity,BA,4h,d55_atr3_tr,0.08970139088038366,-0.26904659578009094,0.367816091954023,6.17524152940481,2603,-0.49686912745736106
equity,BA,4h,d55_atr3_vol,0.13672509141543907,-0.2608760636575449,0.3333333333333333,5.524356698008574,2603,-0.2637543248711439
equity,BA,4h,d55_chan20,0.0609387105217023,-0.35158642502708526,0.40229885057471265,5.552255546958452,2603,-0.33758010770696556
equity,BA,4h,d20_chan10,0.360774969168976,-0.4055444384626785,0.5287356321839081,10.540061462390268,2603,-0.21549711504454533
equity,BA,4h,boll_atr3,0.5835692211263096,-0.1993038032720238,0.5287356321839081,8.90636170996766,2603,-0.490542493622443
equity,BA,4h,kelt_atr3,0.28742466531136557,-0.24711393454558495,0.5287356321839081,8.769479103012573,2603,-0.2050365309735647
equity,BAC,4h,base_d55_tb,0.02325050013978908,-0.28387849535587284,0.4482758620689655,13.24771867071435,2603,0.6541956366055549
equity,BAC,4h,d55_rev,-0.0687885065761519,-0.41646418529076024,0.4942528735632184,6.236805367186692,2603,-0.38990247092269803
equity,BAC,4h,d55_atr3,0.26243470468970254,-0.1858162067907574,0.4367816091954023,7.779129621086801,2603,-0.6452185181418313
equity,BAC,4h,d55_atr3_tr,0.26243470468970254,-0.1858162067907574,0.4367816091954023,7.779129621086801,2603,-0.6087941177508889
equity,BAC,4h,d55_atr3_vol,0.35621257152319336,-0.21184491467377942,0.42528735632183906,7.078749022250976,2603,-0.8073511810341565
equity,BAC,4h,d55_chan20,0.24126989345967986,-0.19320128933784875,0.47126436781609193,7.303951676962226,2603,-0.35520467425578633
equity,BAC,4h,d20_chan10,0.4930557950272647,-0.20450652150354687,0.5747126436781609,13.32926868653085,2603,0.1749115059517257
equity,BAC,4h,boll_atr3,0.23793109697743084,-0.24589132020917137,0.5057471264367817,11.443956619038111,2603,-1.1048772495507158
equity,BAC,4h,kelt_atr3,0.2572718095522271,-0.2481836912094667,0.4942528735632184,10.648238362104808,2603,-0.3800903996908489
equity,C,4h,base_d55_tb,-0.147301722212803,-0.2420842221640953,0.39080459770114945,12.992636447074355,2603,0.09034413614076288
equity,C,4h,d55_rev,0.008974974120269139,-0.458893286688685,0.4482758620689655,4.971787828622339,2603,-0.5725705114115504
equity,C,4h,d55_atr3,0.1975620746705812,-0.2564301142600337,0.4367816091954023,7.03582284934426,2603,0.02592816225033116
equity,C,4h,d55_atr3_tr,0.21209946762647858,-0.2564301142600336,0.4367816091954023,7.0081933227651225,2603,-0.6916656377190982
equity,C,4h,d55_atr3_vol,0.35625773895718715,-0.16092184827093403,0.41379310344827586,6.413805808356326,2603,-0.6245796243786803
equity,C,4h,d55_chan20,0.0762130261513192,-0.3077178247536906,0.41379310344827586,6.429595868118265,2603,-0.34874521844239526
equity,C,4h,d20_chan10,0.386797128724761,-0.18803619124607296,0.5517241379310345,11.730692595397185,2603,-0.3243772662318599
equity,C,4h,boll_atr3,0.39090390570326977,-0.23166040625362705,0.45977011494252873,10.030690920780316,2603,-0.885353513350568
equity,C,4h,kelt_atr3,0.26770405269791014,-0.17956000109535097,0.4942528735632184,8.835978959632733,2603,-0.8507701504798509
equity,CAT,4h,base_d55_tb,0.13329594594310556,-0.1975112165484546,0.4482758620689655,13.633913950602185,2603,-0.9883809839947977
equity,CAT,4h,d55_rev,0.3842051912177454,-0.46074770439042156,0.5172413793103449,5.143149949579295,2603,-0.4153143685387567
equity,CAT,4h,d55_atr3,0.39792161974345597,-0.22870211555907372,0.41379310344827586,7.422586712691509,2603,-0.1162542859870285
equity,CAT,4h,d55_atr3_tr,0.39792161974345597,-0.22870211555907372,0.41379310344827586,7.422586712691509,2603,-0.09960533941281523
equity,CAT,4h,d55_atr3_vol,0.3802043383333023,-0.22710893726647974,0.39080459770114945,6.988829199507285,2603,-0.4711243086752724
equity,CAT,4h,d55_chan20,0.4339504762158457,-0.2728317723414224,0.4482758620689655,6.763466696038657,2603,-0.8987994446943138
equity,CAT,4h,d20_chan10,0.39661888474179086,-0.35258186875563147,0.5172413793103449,11.860902989233951,2603,-0.7857530172640597
equity,CAT,4h,boll_atr3,0.5686329981276,-0.1665833229634105,0.5287356321839081,9.592891296247739,2603,-0.47169822486607843
equity,CAT,4h,kelt_atr3,0.43854411569687274,-0.25290429924179136,0.47126436781609193,9.72995053008742,2603,-0.7783407895572095
equity,COP,4h,base_d55_tb,-0.14024533158023966,-0.3304409672113371,0.3218390804597701,10.901919421182882,2603,-0.16829556274773178
equity,COP,4h,d55_rev,-0.47366357672497067,-0.6786716811281592,0.4367816091954023,5.165758811190998,2603,-0.766669127965194
equity,COP,4h,d55_atr3,-0.25108756550215355,-0.5330423160607451,0.3333333333333333,6.843920762871341,2603,0.18075666971838525
equity,COP,4h,d55_atr3_tr,-0.25108756550215355,-0.5330423160607451,0.3333333333333333,6.843920762871341,2603,-0.08230571404126441
equity,COP,4h,d55_atr3_vol,-0.16829861594073076,-0.48657632630365966,0.2988505747126437,5.807054162313045,2603,-0.5868824324946121
equity,COP,4h,d55_chan20,-0.14053557823179744,-0.4874716266948249,0.3563218390804598,5.758431948309537,2603,-0.7372584122200158
equity,COP,4h,d20_chan10,0.0030400887098816906,-0.37573779903353777,0.4367816091954023,11.730811785555069,2603,-0.28662420807113
equity,COP,4h,boll_atr3,0.19094957399802187,-0.3829178836933489,0.4942528735632184,9.50816968975354,2603,-0.1979844641477804
equity,COP,4h,kelt_atr3,0.009305469745144582,-0.3950198635715193,0.45977011494252873,9.301370147845553,2603,-0.7256575641786804
equity,COST,4h,base_d55_tb,0.09729804453887926,-0.19917190133752216,0.42528735632183906,18.757912290663857,2603,-0.5758853857087729
equity,COST,4h,d55_rev,-0.193347199089177,-0.4495678823794864,0.45977011494252873,8.008821075882707,2603,-0.0343709080119027
equity,COST,4h,d55_atr3,0.2951549542815724,-0.26476145015484454,0.41379310344827586,10.198721804772847,2603,-0.514994498759573
equity,COST,4h,d55_atr3_tr,0.2799949634430344,-0.276491007630591,0.41379310344827586,10.190434363864732,2603,-0.40410952057425714
equity,COST,4h,d55_atr3_vol,0.18486708575629024,-0.2926893967633619,0.3563218390804598,8.953163735738602,2603,-0.6500243480019827
equity,COST,4h,d55_chan20,0.1583826958172023,-0.27799637047840164,0.42528735632183906,9.280219251656426,2603,-0.6072571020286138
equity,COST,4h,d20_chan10,0.24564327632131577,-0.2495227879356876,0.4942528735632184,17.398694203983617,2603,-0.8768484061013688
equity,COST,4h,boll_atr3,0.4636280817033061,-0.2292518483895094,0.4367816091954023,14.781912706832264,2603,-0.5485561607172406
equity,COST,4h,kelt_atr3,0.2759903843193793,-0.2466066205962263,0.47126436781609193,13.595284339688458,2603,-1.1139999514632106
equity,CRM,4h,base_d55_tb,0.2137056663301579,-0.160109079326183,0.3793103448275862,11.050441691129215,2603,-0.7819285598577831
equity,CRM,4h,d55_rev,0.24809887629331373,-0.26333973227884944,0.5057471264367817,4.133778826955068,2603,-0.18792042626307784
equity,CRM,4h,d55_atr3,-0.0944585565580867,-0.3617122758503678,0.3793103448275862,6.6666962374645955,2603,-0.25251450908327133
equity,CRM,4h,d55_atr3_tr,-0.0944585565580867,-0.3617122758503678,0.3793103448275862,6.6666962374645955,2603,-0.13732354807618857
equity,CRM,4h,d55_atr3_vol,-0.006210404439356737,-0.3003662599555996,0.3563218390804598,5.943029448639589,2603,-0.7177377714144264
equity,CRM,4h,d55_chan20,0.04951795506276829,-0.3160968506316427,0.367816091954023,5.730272301082882,2603,-0.42481488217315305
equity,CRM,4h,d20_chan10,0.2730203339912502,-0.22492557592919227,0.5402298850574713,10.973901010027387,2603,-0.16683451509454048
equity,CRM,4h,boll_atr3,0.2219456317816362,-0.16979978357380254,0.47126436781609193,9.231686400980063,2603,0.18602514112999297
equity,CRM,4h,kelt_atr3,0.2341956736980845,-0.22858802707092774,0.47126436781609193,8.93309737998009,2603,0.005829589179579471
equity,CSCO,4h,base_d55_tb,0.09932985417286838,-0.21388588390576901,0.367816091954023,16.18396912280651,2603,-1.2201027138859275
equity,CSCO,4h,d55_rev,0.13229512301919752,-0.39408667411845855,0.5172413793103449,6.358577245162063,2603,-0.8759940160712542
equity,CSCO,4h,d55_atr3,-0.04042010894516817,-0.3791414899911387,0.3793103448275862,9.786780443492049,2603,-0.7997950280396409
equity,CSCO,4h,d55_atr3_tr,-0.03225749276336495,-0.3791414899911387,0.3793103448275862,9.71848921349,2603,-0.24436944014596057
equity,CSCO,4h,d55_atr3_vol,-0.07536097865933637,-0.3724103391256164,0.3103448275862069,8.343510325827474,2603,-0.320175893672075
equity,CSCO,4h,d55_chan20,0.12346527018667633,-0.26141986574452025,0.4367816091954023,8.677178926465677,2603,-0.22596716888476323
equity,CSCO,4h,d20_chan10,-0.10928986050339629,-0.43405785353591597,0.5172413793103449,16.06578775873565,2603,-0.5898689302921741
equity,CSCO,4h,boll_atr3,-0.06776952841539963,-0.49644750606811794,0.4942528735632184,13.168904172589214,2603,-0.027143452569326737
equity,CSCO,4h,kelt_atr3,-0.008048062410605978,-0.44434227919897573,0.40229885057471265,12.049848501222247,2603,-0.07789398432982603
equity,CVX,4h,base_d55_tb,-0.15273865479805324,-0.20605250481394954,0.2988505747126437,14.166822544740523,2603,-0.7203271754716933
equity,CVX,4h,d55_rev,-0.42299295879100723,-0.5735261801969092,0.41379310344827586,6.690247539533553,2603,-0.4950171907168402
equity,CVX,4h,d55_atr3,-0.33383860528298315,-0.3624378595940624,0.3333333333333333,8.68118055366264,2603,-0.816443426092742
equity,CVX,4h,d55_atr3_tr,-0.33383860528298315,-0.3624378595940624,0.3333333333333333,8.68118055366264,2603,-0.2366613226445958
equity,CVX,4h,d55_atr3_vol,-0.2861214778282128,-0.3787720187785957,0.3218390804597701,7.882822734793384,2603,-0.32214973681150966
equity,CVX,4h,d55_chan20,-0.2356169516425383,-0.401059444123397,0.3563218390804598,7.858432797264862,2603,-0.545730288525527
equity,CVX,4h,d20_chan10,-0.10837877648379728,-0.4267278042493141,0.42528735632183906,14.999103051758818,2603,-0.20023097917342908
equity,CVX,4h,boll_atr3,-0.008666048120627837,-0.29807806056771813,0.4367816091954023,12.149578332355153,2603,-0.5981429236929904
equity,CVX,4h,kelt_atr3,0.01143344619063688,-0.2724340816014036,0.41379310344827586,10.209885189337033,2603,-0.36300259469029766
equity,DIS,4h,base_d55_tb,-0.10597997607740352,-0.2832548657417241,0.3563218390804598,13.630911783642649,2603,-0.2575224439526824
equity,DIS,4h,d55_rev,0.11661429064813031,-0.38151325926024615,0.42528735632183906,6.255994977332577,2603,-0.5966513899815111
equity,DIS,4h,d55_atr3,0.11663671973699148,-0.35308040400017526,0.3333333333333333,8.097052696597189,2603,-0.1240290715051496
equity,DIS,4h,d55_atr3_tr,0.1373969961159719,-0.33240316760832833,0.3333333333333333,8.022613504444617,2603,-0.788909326027927
equity,DIS,4h,d55_atr3_vol,0.18549347392624332,-0.295020113934346,0.3218390804597701,7.45645129127907,2603,-0.6722229947298184
equity,DIS,4h,d55_chan20,0.03727724826907472,-0.4175516533007413,0.3793103448275862,7.259546646488917,2603,-0.026917939169175488
equity,DIS,4h,d20_chan10,0.10578502015671215,-0.2914400179789127,0.4367816091954023,14.736130446464797,2603,-0.4750408427502125
equity,DIS,4h,boll_atr3,0.25020316401023507,-0.23139704728154542,0.45977011494252873,12.156102885700282,2603,-0.6271342660229225
equity,DIS,4h,kelt_atr3,0.13388498612322242,-0.2979283470727383,0.41379310344827586,10.330673966046234,2603,-0.38270510360895854
equity,GE,4h,base_d55_tb,-0.19483441786392885,-0.22487847484626722,0.3448275862068966,11.461479250881775,2603,-0.11380293721673347
equity,GE,4h,d55_rev,0.186612533105917,-0.3350797578648437,0.5287356321839081,4.123768597111193,2603,-0.5992410886749927
equity,GE,4h,d55_atr3,0.2054113575338226,-0.3263399149306321,0.39080459770114945,5.655335328657005,2603,-0.62270538464989
equity,GE,4h,d55_atr3_tr,0.2054113575338226,-0.3263399149306321,0.39080459770114945,5.655335328657005,2603,0.3365888681906495
equity,GE,4h,d55_atr3_vol,0.15330320040498024,-0.35572961118838586,0.3563218390804598,5.241946147430891,2603,-0.6497981661408261
equity,GE,4h,d55_chan20,0.23380628733461434,-0.3795703113991349,0.4367816091954023,4.890827175917909,2603,-0.4039231754863287
equity,GE,4h,d20_chan10,0.043941291277717925,-0.38136733845893755,0.42528735632183906,10.25079476665879,2603,-0.6693978259320307
equity,GE,4h,boll_atr3,0.1872101565140583,-0.3828478907648949,0.4482758620689655,8.944882904964798,2603,-0.7055261566602198
equity,GE,4h,kelt_atr3,0.3384605451075905,-0.34166379795915525,0.45977011494252873,7.55443914588905,2603,0.3343205125267049
equity,GOOGL,4h,base_d55_tb,0.12232881012630875,-0.23361990545993583,0.41379310344827586,12.837800794238396,2603,-0.2610042483115337
equity,GOOGL,4h,d55_rev,0.23330939608722132,-0.48102138923483173,0.4942528735632184,5.2526718136082255,2603,-0.42975125528594965
equity,GOOGL,4h,d55_atr3,0.18353181285368322,-0.27007080882073,0.3793103448275862,7.289740300749656,2603,-0.610928748759409
equity,GOOGL,4h,d55_atr3_tr,0.21289339471040292,-0.24702173943614936,0.39080459770114945,7.172343239410353,2603,-0.6975211270653383
equity,GOOGL,4h,d55_atr3_vol,0.25259437793254025,-0.2080647301654367,0.3793103448275862,6.652563924167464,2603,-0.40442449252294554
equity,GOOGL,4h,d55_chan20,0.09491414584248026,-0.3639333828251461,0.3793103448275862,7.229036697153404,2603,-0.11397861745781507
equity,GOOGL,4h,d20_chan10,0.16086450900732996,-0.31554634583777785,0.4827586206896552,12.98529506884786,2603,-0.2656511109632291
equity,GOOGL,4h,boll_atr3,0.11787703580270692,-0.3153380185614091,0.45977011494252873,10.442080411601285,2603,-0.10453650915630835
equity,GOOGL,4h,kelt_atr3,0.21162038831801436,-0.3786566764334599,0.47126436781609193,9.65734655356047,2603,-0.9186678927478168
equity,GS,4h,base_d55_tb,0.13033048222469057,-0.12342805878709528,0.39080459770114945,12.708376367385485,2603,0.4437598752415256
equity,GS,4h,d55_rev,0.1734527490360694,-0.46740920409482534,0.4942528735632184,5.134830460624245,2603,-0.16559950987650918
equity,GS,4h,d55_atr3,0.27809275650090926,-0.3153266905427148,0.40229885057471265,7.035299888377748,2603,-0.633808441894031
equity,GS,4h,d55_atr3_tr,0.27809275650090926,-0.3153266905427148,0.40229885057471265,7.035299888377748,2603,-0.04571234992925201
equity,GS,4h,d55_atr3_vol,0.33052742862379586,-0.253812898946725,0.40229885057471265,6.208951101466563,2603,-0.27239900241323906
equity,GS,4h,d55_chan20,0.21320339144471695,-0.36648352659628114,0.4482758620689655,6.53226917701837,2603,-0.8943058575019576
equity,GS,4h,d20_chan10,0.3907225482002679,-0.2662991898311394,0.5632183908045977,12.431011867785573,2603,-0.653594250472127
equity,GS,4h,boll_atr3,0.21383150633169773,-0.3105207225404465,0.5172413793103449,10.960470873120013,2603,-0.8048185463492042
equity,GS,4h,kelt_atr3,0.17803460401912663,-0.35799105172482637,0.4482758620689655,9.982440767706246,2603,-0.6849370929381
equity,HD,4h,base_d55_tb,-0.08681518189609484,-0.23135186701736432,0.367816091954023,16.864994588216454,2603,0.07008875409940551
equity,HD,4h,d55_rev,0.0632042874046602,-0.3464743508146839,0.4827586206896552,6.89390712461128,2603,-0.8331698399709447
equity,HD,4h,d55_atr3,0.11550729374329664,-0.21409259147016257,0.40229885057471265,9.224113302311713,2603,0.09773895261152532
equity,HD,4h,d55_atr3_tr,0.10588715705867122,-0.2140925914701629,0.39080459770114945,9.222038347575433,2603,-0.29313034422722906
equity,HD,4h,d55_atr3_vol,0.03344199246814724,-0.2509280988899226,0.3793103448275862,8.18734384315806,2603,-0.152465075407095
equity,HD,4h,d55_chan20,0.1820126488425815,-0.26027993274815975,0.45977011494252873,8.17533527824895,2603,-0.35876986857452436
equity,HD,4h,d20_chan10,0.21289910395297257,-0.21786639848638867,0.4942528735632184,14.908475713593829,2603,-0.43787475619449373
equity,HD,4h,boll_atr3,0.024186391914695418,-0.3049274195299325,0.45977011494252873,13.221497800898334,2603,-0.5287045612960246
equity,HD,4h,kelt_atr3,0.16870314276418663,-0.26090925719031044,0.45977011494252873,11.793291434699206,2603,-0.863912625698999
equity,HON,4h,base_d55_tb,-0.12155180214624918,-0.1446110817291546,0.3793103448275862,17.87746973685425,2603,-0.6988240113917963
equity,HON,4h,d55_rev,-0.44152517857876994,-0.5382811680340176,0.40229885057471265,8.083339251775188,2603,-0.9998088573094843
equity,HON,4h,d55_atr3,-0.4043056300537355,-0.36989601876175915,0.3563218390804598,10.229358092097902,2603,-0.8076170091970788
equity,HON,4h,d55_atr3_tr,-0.4615608994828807,-0.3982943021657097,0.3448275862068966,10.221610836451905,2603,-0.3776537635280985
equity,HON,4h,d55_atr3_vol,-0.367331231338988,-0.388510975057895,0.3218390804597701,9.206334894040202,2603,-0.3979918423625766
equity,HON,4h,d55_chan20,-0.3746049214168199,-0.4151346536506084,0.3448275862068966,9.454325414024925,2603,-0.4031789760071866
equity,HON,4h,d20_chan10,-0.34832483807336745,-0.4175034351951268,0.4367816091954023,18.081218967881842,2603,-1.0980132878365922
equity,HON,4h,boll_atr3,-0.40563809235019216,-0.4613516755481557,0.42528735632183906,14.807988821342258,2603,-0.41163008533159573
equity,HON,4h,kelt_atr3,-0.35309477944068024,-0.442770218695557,0.4367816091954023,13.405295531016817,2603,-0.4620129382887526
equity,IBM,4h,base_d55_tb,0.3804568589469589,-0.12750632990817778,0.39080459770114945,15.937248030510027,2603,-0.2691735044049081
equity,IBM,4h,d55_rev,-0.28008398389216754,-0.49529145511903794,0.45977011494252873,7.186595009075601,2603,-1.026604101624964
equity,IBM,4h,d55_atr3,0.05014841599052998,-0.3903675099175201,0.3218390804597701,9.175931966334671,2603,-0.31038349469451376
equity,IBM,4h,d55_atr3_tr,0.05014841599052998,-0.3903675099175201,0.3218390804597701,9.175931966334671,2603,-0.39660294395879875
equity,IBM,4h,d55_atr3_vol,0.015552638267924883,-0.32525432744851324,0.26436781609195403,8.277863920573413,2603,-0.24087674634360107
equity,IBM,4h,d55_chan20,-0.2699948799728157,-0.4848364084385356,0.3218390804597701,8.699553955708312,2603,-1.289857431393544
equity,IBM,4h,d20_chan10,-0.16834649159744874,-0.40393582840571496,0.3793103448275862,15.987678789265384,2603,-0.28308325098131376
equity,IBM,4h,boll_atr3,0.04698631248868377,-0.3589619911698595,0.42528735632183906,13.72753071176587,2603,-0.6587626473217095
equity,IBM,4h,kelt_atr3,0.05065576909824685,-0.3903827141467796,0.3793103448275862,11.86222768665053,2603,0.3358143902066687
equity,INTC,4h,base_d55_tb,0.0066337886253590205,-0.2845648046458531,0.27586206896551724,9.15351113623326,2603,-0.34561586844835257
equity,INTC,4h,d55_rev,0.16747305399538337,-0.33191453951222494,0.40229885057471265,4.708029501934503,2603,-0.6392233451312158
equity,INTC,4h,d55_atr3,0.16355617697564837,-0.32060068220449656,0.2988505747126437,6.14714110405041,2603,0.7577124454557506
equity,INTC,4h,d55_atr3_tr,0.15224534343707974,-0.3093553264744894,0.2988505747126437,6.076754557140479,2603,0.3497299898956754
equity,INTC,4h,d55_atr3_vol,0.26392395966178095,-0.2723103187102546,0.28735632183908044,5.060815982774077,2603,-0.111576560709034
equity,INTC,4h,d55_chan20,0.11428123759795804,-0.3151004328175109,0.3448275862068966,5.494228027311014,2603,0.2947176390298845
equity,INTC,4h,d20_chan10,0.07204776531886366,-0.4234714792158417,0.40229885057471265,9.682764041652758,2603,-0.45234937800561265
equity,INTC,4h,boll_atr3,0.07315898977385746,-0.4679362154752591,0.39080459770114945,8.796851053733096,2603,-0.29974803944805084
equity,INTC,4h,kelt_atr3,0.2464055590790962,-0.3295061868130036,0.39080459770114945,8.129802824850417,2603,-0.5782733291396442
equity,JNJ,4h,base_d55_tb,0.26055284891103436,-0.20012662728813535,0.4482758620689655,22.301202322870687,2603,-0.6011894281021227
equity,JNJ,4h,d55_rev,-0.10234200244851817,-0.5196814346974954,0.47126436781609193,9.977473011716306,2603,-0.9646526558763414
equity,JNJ,4h,d55_atr3,0.013347591931366847,-0.34834544890079355,0.3793103448275862,12.442127044705812,2603,-0.449997673108386
equity,JNJ,4h,d55_atr3_tr,0.040165868578064506,-0.34834544890079244,0.3793103448275862,12.233885739460582,2603,-0.17810941349058063
equity,JNJ,4h,d55_atr3_vol,0.2359651323582051,-0.27232375403828946,0.3793103448275862,10.070963026282822,2603,-0.607460389947827
equity,JNJ,4h,d55_chan20,-0.0813592397484776,-0.4338242142594373,0.39080459770114945,12.180563565219142,2603,-0.7609777224477972
equity,JNJ,4h,d20_chan10,-0.21682604280854384,-0.32740408168891055,0.4482758620689655,21.226195074144155,2603,-0.6861262279793686
equity,JNJ,4h,boll_atr3,-0.10141712015418501,-0.3101303890509566,0.42528735632183906,17.871940319879915,2603,-0.6945592503077124
equity,JNJ,4h,kelt_atr3,-0.11753127354289235,-0.33251956982615516,0.3448275862068966,15.579359015780954,2603,-0.41148604307709763
equity,JPM,4h,base_d55_tb,-0.27731503699956755,-0.29274112480826,0.3333333333333333,14.857360596610617,2603,0.20057367893615327
equity,JPM,4h,d55_rev,0.11829830424749428,-0.3640450845356684,0.5747126436781609,6.09559810782189,2603,0.01835757557079657
equity,JPM,4h,d55_atr3,-0.03928530345493506,-0.35065762270945,0.367816091954023,8.887840428795222,2603,-0.6688170416654705
equity,JPM,4h,d55_atr3_tr,-0.018430862778981275,-0.3362540577199826,0.367816091954023,8.76487938424093,2603,-0.002226475054337821
equity,JPM,4h,d55_atr3_vol,-0.007624857103052807,-0.3187547691132372,0.3448275862068966,8.203665189345598,2603,-0.6131082774524632
equity,JPM,4h,d55_chan20,-0.10732710017835753,-0.3917465849924836,0.4482758620689655,8.036508428870908,2603,-0.11396480633756621
equity,JPM,4h,d20_chan10,0.26199622610401047,-0.24308204679282552,0.45977011494252873,14.35761122356761,2603,-1.00744721881036
equity,JPM,4h,boll_atr3,-0.061193865640749676,-0.3713048836145788,0.4367816091954023,12.962517266308343,2603,-0.8591458416090316
equity,JPM,4h,kelt_atr3,0.022998670683288175,-0.3436015702671231,0.41379310344827586,11.542888276026973,2603,-0.43517313346391195
equity,KO,4h,base_d55_tb,0.1109923775357825,-0.1772099058746932,0.3563218390804598,22.945643555229413,2603,-0.15795416302811519
equity,KO,4h,d55_rev,0.20008593124480226,-0.3403265911858915,0.4942528735632184,8.912778344207508,2603,-1.311190170401217
equity,KO,4h,d55_atr3,0.22734465873280407,-0.23182978271383503,0.3793103448275862,11.838564479727422,2603,-1.1652140099641664
equity,KO,4h,d55_atr3_tr,0.20927694563508253,-0.23182978271383503,0.3793103448275862,11.838564479727422,2603,-0.6502941713126222
equity,KO,4h,d55_atr3_vol,0.23149742076159263,-0.2018949768614613,0.3448275862068966,10.54534734855152,2603,-1.0315501489017596
equity,KO,4h,d55_chan20,0.4021073626981832,-0.22689639755483038,0.4482758620689655,10.771630679042937,2603,-0.5925601212668177
equity,KO,4h,d20_chan10,0.16558006527066071,-0.23835292602336022,0.42528735632183906,19.865348002016685,2603,-0.3529248309708975
equity,KO,4h,boll_atr3,0.02586445722321811,-0.3428629828394383,0.41379310344827586,18.492312169820565,2603,-1.3345268090114766
equity,KO,4h,kelt_atr3,0.1002583217758984,-0.2981543632423561,0.3793103448275862,15.825549826158664,2603,-1.200838631196025
equity,LOW,4h,base_d55_tb,-0.08267538789024258,-0.22476590290887366,0.3333333333333333,14.688687223739977,2603,-0.6112012254927432
equity,LOW,4h,d55_rev,-0.09962421921695908,-0.34637649910001755,0.40229885057471265,6.483300751449071,2603,-0.6131179276867568
equity,LOW,4h,d55_atr3,0.016678946778916338,-0.2462265380301134,0.39080459770114945,8.637673559412296,2603,-0.6246095010537939
equity,LOW,4h,d55_atr3_tr,0.016678946778916338,-0.2462265380301134,0.39080459770114945,8.637673559412296,2603,-0.7081239581011964
equity,LOW,4h,d55_atr3_vol,0.18206343920979554,-0.17418227531341923,0.367816091954023,6.935676210475589,2603,-0.7034525544100371
equity,LOW,4h,d55_chan20,-0.047031837032227825,-0.2446330345649279,0.41379310344827586,7.693130457187199,2603,0.17882086997599772
equity,LOW,4h,d20_chan10,0.13940405666935313,-0.21924355099543447,0.4942528735632184,14.337690704362203,2603,-0.5317042339386225
equity,LOW,4h,boll_atr3,0.4097630432037564,-0.16477470313532838,0.4827586206896552,11.219126194101069,2603,-0.4777271611791709
equity,LOW,4h,kelt_atr3,0.11522208762220057,-0.3299872228663727,0.45977011494252873,11.308584487399433,2603,-0.25664068860202843
equity,MA,4h,base_d55_tb,-0.46207132679625806,-0.3339216830067,0.3333333333333333,16.574252877250192,2603,-0.6553618324443317
equity,MA,4h,d55_rev,-0.41286003888684036,-0.5609591069127435,0.4482758620689655,6.957920177177636,2603,-1.0844580770630874
equity,MA,4h,d55_atr3,-0.6111759495129689,-0.507474961669444,0.28735632183908044,9.2603869501289,2603,-0.2815016153705129
equity,MA,4h,d55_atr3_tr,-0.6111759495129689,-0.507474961669444,0.28735632183908044,9.2603869501289,2603,-0.03667426896898075
equity,MA,4h,d55_atr3_vol,-0.7991197104699848,-0.5605861364286009,0.26436781609195403,8.796384040520088,2603,-0.9984656593648288
equity,MA,4h,d55_chan20,-0.35086713586187135,-0.5143959802281703,0.367816091954023,8.356660236792596,2603,-0.7554689469580921
equity,MA,4h,d20_chan10,-0.628930371876133,-0.6312945910405627,0.367816091954023,16.59563251292811,2603,-0.44637245861817815
equity,MA,4h,boll_atr3,-0.6531638295493689,-0.6009091515213068,0.3793103448275862,13.96289066110979,2603,-0.41198849121321424
equity,MA,4h,kelt_atr3,-0.5525393312140641,-0.5687415867669223,0.3793103448275862,11.999506559890246,2603,-0.16888418306779726
equity,MCD,4h,base_d55_tb,0.26186681624093494,-0.15725607923056517,0.3793103448275862,20.821639354018668,2603,-0.3132545491476199
equity,MCD,4h,d55_rev,0.12393566258568112,-0.34521964308104325,0.5172413793103449,8.745512961813475,2603,-0.4992806244918616
equity,MCD,4h,d55_atr3,0.11804936032621077,-0.19371551033255807,0.3448275862068966,11.119438187586582,2603,-0.8787971162641666
equity,MCD,4h,d55_atr3_tr,0.11804936032621077,-0.19371551033255807,0.3448275862068966,11.119438187586582,2603,-0.6880345758174251
equity,MCD,4h,d55_atr3_vol,0.02995971731201255,-0.18382141724367473,0.3333333333333333,9.69386935278785,2603,-0.4191086112285588
equity,MCD,4h,d55_chan20,0.2053097136711085,-0.23004806956259183,0.367816091954023,9.976590030281285,2603,-0.8240833540083362
equity,MCD,4h,d20_chan10,-0.22667781127585845,-0.3815423224694956,0.42528735632183906,21.25820260249732,2603,-1.145814030298993
equity,MCD,4h,boll_atr3,-0.023220855351391033,-0.28663149129146537,0.4367816091954023,16.614125827176665,2603,-0.6736345860418528
equity,MCD,4h,kelt_atr3,0.0174562741294964,-0.3036879509343329,0.367816091954023,14.527877154615886,2603,-0.5514539917113958
equity,META,4h,base_d55_tb,-0.7310443420527373,-0.41552575893570176,0.3218390804597701,11.152242856608039,2603,0.16478765448206067
equity,META,4h,d55_rev,-0.011517372795930224,-0.46150346647541596,0.4827586206896552,4.468026773911716,2603,-0.7491455162523447
equity,META,4h,d55_atr3,-0.08996942535461194,-0.3198743042467532,0.367816091954023,6.901977068976157,2603,-0.43352096369921145
equity,META,4h,d55_atr3_tr,-0.09185254763889832,-0.3212422388161701,0.3793103448275862,6.901647144955764,2603,-0.15448217705036404
equity,META,4h,d55_atr3_vol,-0.1323725597863841,-0.29618888834035406,0.3793103448275862,6.6913974893179375,2603,-0.1540526256010374
equity,META,4h,d55_chan20,0.046647477041714895,-0.25673865732404944,0.4367816091954023,6.050532880607412,2603,-0.012722311850847058
equity,META,4h,d20_chan10,-0.007000388264005551,-0.2442202959628359,0.4482758620689655,11.656693805087844,2603,-0.48940947826814807
equity,META,4h,boll_atr3,-0.14520045224774167,-0.35468907994440213,0.42528735632183906,10.037804548935727,2603,-1.0173646052521372
equity,META,4h,kelt_atr3,-0.09951622788460412,-0.35378231866756815,0.42528735632183906,9.476495006371145,2603,-0.27946225699881105
equity,MRK,4h,base_d55_tb,-0.17419437260970597,-0.22159349540243367,0.3563218390804598,16.025677249327817,2603,-0.43545447249926467
equity,MRK,4h,d55_rev,-0.45288607184690977,-0.5968748539460973,0.42528735632183906,7.260202872800497,2603,-0.8036668273484947
equity,MRK,4h,d55_atr3,-0.5003803456858191,-0.4216966580384779,0.3218390804597701,9.96488735758193,2603,-1.0863688045322903
equity,MRK,4h,d55_atr3_tr,-0.5173357123655358,-0.4282533573710019,0.2988505747126437,9.79417872895041,2603,-0.0937817631146134
equity,MRK,4h,d55_atr3_vol,-0.5533059023828466,-0.3961091604117011,0.22988505747126436,8.76764409815631,2603,-0.7355063973215444
equity,MRK,4h,d55_chan20,-0.6910515971034398,-0.5263617815342856,0.2988505747126437,9.21677345925311,2603,-0.39741506610611066
equity,MRK,4h,d20_chan10,-0.23770648085804824,-0.359304458853441,0.4367816091954023,17.63425526750952,2603,-0.16114619399135288
equity,MRK,4h,boll_atr3,-0.0899888709418919,-0.2710419149832092,0.40229885057471265,14.252737893643465,2603,-0.26072955580438745
equity,MRK,4h,kelt_atr3,-0.09648687070161943,-0.25940046697853214,0.367816091954023,12.56998514840539,2603,-0.820071614720276
equity,MS,4h,base_d55_tb,0.15740804361842672,-0.15878629505416375,0.40229885057471265,12.203154139771545,2603,-0.12105230649610339
equity,MS,4h,d55_rev,0.13666659707994955,-0.36217357391317084,0.4942528735632184,4.974537858452762,2603,-0.5815259133594024
equity,MS,4h,d55_atr3,0.2602142933540939,-0.2692647849089709,0.41379310344827586,6.784559152876797,2603,0.016622385111585244
equity,MS,4h,d55_atr3_tr,0.27818435998027774,-0.26926478490897177,0.41379310344827586,6.61475161278475,2603,-0.3523658915333243
equity,MS,4h,d55_atr3_vol,0.23623003815799767,-0.24558847885239266,0.41379310344827586,6.270282830601311,2603,-0.6093421177064164
equity,MS,4h,d55_chan20,0.2861382750353339,-0.26302438140277873,0.4367816091954023,6.217648490805584,2603,-0.4021753117489692
equity,MS,4h,d20_chan10,0.24716723240096905,-0.27595435672321555,0.5057471264367817,13.033432354643148,2603,-0.5058206567213299
equity,MS,4h,boll_atr3,0.21612382749795805,-0.33664066191237996,0.4942528735632184,10.737956975235399,2603,-0.17489984482103063
equity,MS,4h,kelt_atr3,0.11443849803620315,-0.41723259805194046,0.42528735632183906,10.22924420282131,2603,-0.2683240398027466
equity,MSFT,4h,base_d55_tb,0.07343227802562843,-0.26126406309004124,0.41379310344827586,16.206449344362838,2603,-0.5735571433704582
equity,MSFT,4h,d55_rev,0.08010415474777448,-0.33595022816363695,0.5172413793103449,6.282604274202072,2603,-1.1487793716113603
equity,MSFT,4h,d55_atr3,0.040980138911087954,-0.2959477985970749,0.41379310344827586,8.99360527556144,2603,-0.5255829730401703
equity,MSFT,4h,d55_atr3_tr,0.040980138911087954,-0.2959477985970749,0.41379310344827586,8.99360527556144,2603,-0.5017223945310919
equity,MSFT,4h,d55_atr3_vol,0.10497271364909401,-0.24929575147607153,0.39080459770114945,8.130537735926756,2603,-0.11008221088863443
equity,MSFT,4h,d55_chan20,0.20053256452559048,-0.24756228994384233,0.45977011494252873,7.901804470773421,2603,-0.47126425305376374
equity,MSFT,4h,d20_chan10,0.3475096561007004,-0.1701514426334655,0.5172413793103449,14.09076358770074,2603,-0.33290353816920587
equity,MSFT,4h,boll_atr3,0.03738424908761732,-0.22907850352011738,0.5172413793103449,13.03637781393599,2603,-0.0422663146088176
equity,MSFT,4h,kelt_atr3,-0.10656874042807495,-0.35404854798359986,0.42528735632183906,12.32242066654952,2603,-0.9997454148553563
equity,NFLX,4h,base_d55_tb,-0.11359426146819133,-0.16976333705227287,0.40229885057471265,11.222156725189715,2603,-0.32265035699814354
equity,NFLX,4h,d55_rev,0.15656073969149717,-0.3435775108772252,0.5057471264367817,4.2752059991547,2603,-0.2243109634862308
equity,NFLX,4h,d55_atr3,-0.1582636779094612,-0.2716040668221923,0.367816091954023,6.32134941343494,2603,-0.2716160473086452
equity,NFLX,4h,d55_atr3_tr,-0.1582636779094612,-0.2716040668221923,0.367816091954023,6.32134941343494,2603,-0.0521507776476824
equity,NFLX,4h,d55_atr3_vol,-0.14348822596256103,-0.25051987601457115,0.3563218390804598,5.885325583886756,2603,0.09193926324980306
equity,NFLX,4h,d55_chan20,0.16266803949385006,-0.31814746203897537,0.45977011494252873,5.16473972987094,2603,-0.3148539789986283
equity,NFLX,4h,d20_chan10,0.2588441254989977,-0.28865718193418655,0.47126436781609193,10.27350512071887,2603,-0.6262195894670924
equity,NFLX,4h,boll_atr3,0.10634356951965418,-0.3410019902148348,0.42528735632183906,9.11531073694507,2603,0.05833159270182505
equity,NFLX,4h,kelt_atr3,0.05131408778410038,-0.3388716304537842,0.40229885057471265,7.784728464617849,2603,-0.5264180565955047
equity,NKE,4h,base_d55_tb,-0.1358824647972134,-0.21285931632055588,0.2988505747126437,13.227763531109092,2603,0.2165744287936429
equity,NKE,4h,d55_rev,0.06603498129582513,-0.3874977262455681,0.4827586206896552,5.236456654877131,2603,-0.6499326136537655
equity,NKE,4h,d55_atr3,-0.0248382467205927,-0.29834955431939236,0.367816091954023,6.957664700358788,2603,-0.48531797494831386
equity,NKE,4h,d55_atr3_tr,-0.039559103548073835,-0.3085148607187007,0.367816091954023,6.956050920754636,2603,-0.6611103816002631
equity,NKE,4h,d55_atr3_vol,-0.027696510700406782,-0.29323288753258414,0.3333333333333333,6.629294691833476,2603,-0.057286355130214434
equity,NKE,4h,d55_chan20,-0.10905014900417546,-0.46839780982756785,0.4367816091954023,6.3225195087670905,2603,-0.7249959578771311
equity,NKE,4h,d20_chan10,-0.17043001647892003,-0.4191951012355447,0.4942528735632184,12.271662918755235,2603,-0.6193796137228075
equity,NKE,4h,boll_atr3,-0.380834007635418,-0.48463155431431737,0.40229885057471265,11.254771673838077,2603,0.25395477866847194
equity,NKE,4h,kelt_atr3,-0.1991343857966893,-0.4064425042377451,0.4482758620689655,11.030079858579839,2603,-0.30196159279703605
equity,NVDA,4h,base_d55_tb,0.46392658806420733,-0.1117460979149586,0.39080459770114945,8.203208538829648,2603,0.32822032331559187
equity,NVDA,4h,d55_rev,0.24117483690823702,-0.2774956054886746,0.4942528735632184,3.3470287209396496,2603,-0.670823653659747
equity,NVDA,4h,d55_atr3,0.45938068402511567,-0.225064447974325,0.4367816091954023,4.525896344002741,2603,-0.05906631177003323
equity,NVDA,4h,d55_atr3_tr,0.45938068402511567,-0.225064447974325,0.4367816091954023,4.525896344002741,2603,-0.2099466750801484
equity,NVDA,4h,d55_atr3_vol,0.49376268487106467,-0.26048949820542766,0.41379310344827586,4.269253330847029,2603,-0.25499668700325684
equity,NVDA,4h,d55_chan20,0.3086545772749043,-0.28402575566985533,0.39080459770114945,4.269461050836639,2603,-0.02488493162795339
equity,NVDA,4h,d20_chan10,0.1533958600268239,-0.2909499654406762,0.4827586206896552,8.847135310568088,2603,0.1602882125618114
equity,NVDA,4h,boll_atr3,0.07422506140291461,-0.3975070200887598,0.5172413793103449,7.4038525588794375,2603,-0.233725757001946
equity,NVDA,4h,kelt_atr3,0.34067365692760704,-0.3033036790138489,0.5172413793103449,6.531593729231148,2603,-0.11254000412678695
equity,ORCL,4h,base_d55_tb,-0.19103237090672975,-0.29414729127388417,0.40229885057471265,12.901044148064646,2603,0.19728777823608082
equity,ORCL,4h,d55_rev,-0.0725045401116732,-0.4179519014241778,0.4942528735632184,6.195772456444534,2603,-0.8345750973263937
equity,ORCL,4h,d55_atr3,-0.06637321735907298,-0.31242077319224637,0.45977011494252873,8.127457565536583,2603,-0.5143933881358572
equity,ORCL,4h,d55_atr3_tr,-0.07273262308693881,-0.31136583979216015,0.4482758620689655,8.1256644493245,2603,-0.08718109995861141
equity,ORCL,4h,d55_atr3_vol,-0.061561284774784335,-0.27828931307448923,0.4367816091954023,7.319602309216979,2603,-0.34065330297437296
equity,ORCL,4h,d55_chan20,-0.1768696326749399,-0.3871743152162682,0.42528735632183906,7.525650971462683,2603,-0.4927152478588371
equity,ORCL,4h,d20_chan10,0.25927454459971927,-0.23476470332185095,0.5287356321839081,12.452590718839748,2603,0.09313889337514195
equity,ORCL,4h,boll_atr3,0.018938795289097084,-0.277861587156112,0.4942528735632184,11.477710544757059,2603,-0.43405860243502215
equity,ORCL,4h,kelt_atr3,0.21692244615353734,-0.27632629150171983,0.45977011494252873,9.976039161191467,2603,-0.48966289977140426
equity,PEP,4h,base_d55_tb,-0.2513886372320305,-0.2508159010305486,0.28735632183908044,22.05661153776625,2603,-0.35223748023743034
equity,PEP,4h,d55_rev,-0.21762511403923748,-0.3941681832531039,0.4482758620689655,9.60846401029258,2603,-1.1161413240869233
equity,PEP,4h,d55_atr3,0.06204891594424333,-0.17236675747433772,0.367816091954023,11.732176883106193,2603,-0.5609404275320121
equity,PEP,4h,d55_atr3_tr,0.06204891594424333,-0.17236675747433772,0.367816091954023,11.732176883106193,2603,-0.2535661267951228
equity,PEP,4h,d55_atr3_vol,-0.28632421212087017,-0.36547169483928943,0.28735632183908044,11.115675245091346,2603,-1.006774447190985
equity,PEP,4h,d55_chan20,0.07614197940751483,-0.18987417734738132,0.40229885057471265,10.73301178398774,2603,-0.49826756031425584
equity,PEP,4h,d20_chan10,0.18650790370308512,-0.20617994390426508,0.5057471264367817,19.21376020960575,2603,-0.5728018246119179
equity,PEP,4h,boll_atr3,0.15867854554652147,-0.2465666670790354,0.5287356321839081,16.442649692101526,2603,-0.8408256419477129
equity,PEP,4h,kelt_atr3,0.03975903829027835,-0.26570988422074504,0.4942528735632184,14.392008423996845,2603,-0.6572032307108012
equity,PFE,4h,base_d55_tb,-0.5037847493775616,-0.3193695439647857,0.3218390804597701,16.434396195964798,2603,-0.4214847843804979
equity,PFE,4h,d55_rev,-0.3939395988125966,-0.5477409531830522,0.4827586206896552,7.068758107792346,2603,-0.5278212021755827
equity,PFE,4h,d55_atr3,-0.13424110619748297,-0.3544606201260896,0.367816091954023,9.389036045631977,2603,-0.31650130542941873
equity,PFE,4h,d55_atr3_tr,-0.1280487015972676,-0.3437253189421705,0.367816091954023,9.191104719805193,2603,-0.9246117033000365
equity,PFE,4h,d55_atr3_vol,-0.01769662171810802,-0.3368016092908688,0.3563218390804598,8.092780977005727,2603,0.2506356931443997
equity,PFE,4h,d55_chan20,-0.246291107507692,-0.4613653964992731,0.40229885057471265,8.360413448406254,2603,-0.4126251245603404
equity,PFE,4h,d20_chan10,0.23435713444879092,-0.31321839268865437,0.5057471264367817,13.958211191593925,2603,-0.5399210622313536
equity,PFE,4h,boll_atr3,0.19194928228972385,-0.2502736429454794,0.4942528735632184,12.11419888323202,2603,-0.6335329992682281
equity,PFE,4h,kelt_atr3,-0.04004713950664918,-0.38655023023319457,0.4482758620689655,11.353088013117913,2603,-0.2591487983064591
equity,PG,4h,base_d55_tb,-0.10684737044738299,-0.23201671774814847,0.3333333333333333,19.07867843774113,2603,-0.28343856991680483
equity,PG,4h,d55_rev,-0.32420366971015885,-0.547493380325324,0.41379310344827586,9.22188322341865,2603,0.3505403970045957
equity,PG,4h,d55_atr3,-0.4597335955865809,-0.47503572505464664,0.3333333333333333,11.939932269114735,2603,-0.4251816438842141
equity,PG,4h,d55_atr3_tr,-0.4597335955865809,-0.47503572505464664,0.3333333333333333,11.939932269114735,2603,-0.5570965662816951
equity,PG,4h,d55_atr3_vol,-0.6373408010615959,-0.5206858525188995,0.27586206896551724,11.035588558633455,2603,-0.37997149247569034
equity,PG,4h,d55_chan20,-0.287028534844089,-0.4523009248851071,0.39080459770114945,10.804896271107447,2603,-1.193292840238481
equity,PG,4h,d20_chan10,-0.42676173813357193,-0.44965014979792706,0.45977011494252873,20.767680134669842,2603,-0.6071809046926185
equity,PG,4h,boll_atr3,-0.3072945244636076,-0.4004075095288757,0.40229885057471265,16.618921351530844,2603,-1.0256349720990259
equity,PG,4h,kelt_atr3,-0.6174082283752846,-0.5605810031329364,0.3333333333333333,15.68163932241881,2603,-0.18456024234699808
equity,QCOM,4h,base_d55_tb,0.1254214156158612,-0.153835983936367,0.40229885057471265,10.687715892833712,2603,-0.14116729461952648
equity,QCOM,4h,d55_rev,0.1580523856438709,-0.3287906018209341,0.5632183908045977,4.781019792263591,2603,-0.5015209684286562
equity,QCOM,4h,d55_atr3,0.15563237566212906,-0.32357466160694726,0.39080459770114945,6.31009154489318,2603,-0.3685174998796012
equity,QCOM,4h,d55_atr3_tr,0.15563237566212906,-0.32357466160694726,0.39080459770114945,6.31009154489318,2603,-0.19154245241225018
equity,QCOM,4h,d55_atr3_vol,0.11838840334636754,-0.34165860369352885,0.367816091954023,5.758894572970652,2603,-0.39487606727131835
equity,QCOM,4h,d55_chan20,0.11194737928142427,-0.30113064876562057,0.47126436781609193,5.654245763678285,2603,-0.3339622564521037
equity,QCOM,4h,d20_chan10,-0.1452149379148835,-0.4646097380419817,0.39080459770114945,11.096224682461575,2603,-0.46523568836063167
equity,QCOM,4h,boll_atr3,0.04484138828415638,-0.34213477598342834,0.4482758620689655,9.265507489146101,2603,-0.03873507100487585
equity,QCOM,4h,kelt_atr3,0.1558048047350736,-0.2980029135950538,0.4367816091954023,7.975736825972466,2603,-0.19082617946579583
equity,QQQ,4h,base_d55_tb,0.32741506387106384,-0.10568441657935779,0.45569620253164556,18.644645352307393,2368,-0.533767745823215
equity,QQQ,4h,d55_rev,0.09148134205776534,-0.37475556285080014,0.569620253164557,6.714806462489838,2368,-0.721267028975815
equity,QQQ,4h,d55_atr3,0.047984219557382655,-0.2109035182728547,0.4177215189873418,10.922367675046225,2368,-0.5707123872382944
equity,QQQ,4h,d55_atr3_tr,0.047984219557382655,-0.2109035182728547,0.4177215189873418,10.922367675046225,2368,-0.6694197792018692
equity,QQQ,4h,d55_atr3_vol,-0.07351033489301921,-0.22644146887849714,0.3291139240506329,9.411696759285359,2368,-0.6671969440632819
equity,QQQ,4h,d55_chan20,0.19062621525874293,-0.21593210688079467,0.4810126582278481,9.341334720427888,2368,-0.052472523367852034
equity,QQQ,4h,d20_chan10,-0.035130755003496,-0.3122053062629412,0.5063291139240507,18.408891883870872,2368,-0.7373984295715498
equity,QQQ,4h,boll_atr3,0.07200836029323417,-0.32263271278196826,0.46835443037974683,14.608504431950346,2368,-0.6694770967306714
equity,QQQ,4h,kelt_atr3,-0.01813686198220786,-0.28893639149295913,0.5063291139240507,14.853866511048833,2368,-0.6908549848299388
equity,SBUX,4h,base_d55_tb,-0.4100047230273808,-0.2744346701110484,0.3333333333333333,14.059186648001655,2603,-0.6172753487465534
equity,SBUX,4h,d55_rev,-0.08612228435045821,-0.3931974766946037,0.4942528735632184,6.0345413571558995,2603,-0.595842372706167
equity,SBUX,4h,d55_atr3,-0.29345473473488753,-0.39797883471736084,0.3218390804597701,8.624616619025003,2603,-0.08902358470669935
equity,SBUX,4h,d55_atr3_tr,-0.29345473473488753,-0.39797883471736084,0.3218390804597701,8.624616619025003,2603,-0.03708811796707888
equity,SBUX,4h,d55_atr3_vol,-0.18894184362518404,-0.29933729504819406,0.3218390804597701,7.392760121746732,2603,-0.5035932857980661
equity,SBUX,4h,d55_chan20,-0.19771852269810006,-0.38297676835394323,0.3563218390804598,7.532282721911625,2603,-0.7263454519728756
equity,SBUX,4h,d20_chan10,-0.6564726249516191,-0.6801147165022637,0.367816091954023,14.249657857075453,2603,-0.746379408249261
equity,SBUX,4h,boll_atr3,-0.5050194011504291,-0.5890116828861092,0.3793103448275862,11.988991529381222,2603,-0.7034644764309278
equity,SBUX,4h,kelt_atr3,-0.3266354454098714,-0.5258440198707033,0.40229885057471265,11.135565486824255,2603,-0.3663203971648235
equity,SLB,4h,base_d55_tb,0.1014472701582003,-0.16480016397110564,0.367816091954023,8.80524570141907,2603,-0.1618132348997954
equity,SLB,4h,d55_rev,-0.09509472331209069,-0.3910655596859717,0.42528735632183906,4.265728363658324,2603,-0.31095064143159656
equity,SLB,4h,d55_atr3,0.0880873108638455,-0.2834997424380834,0.42528735632183906,5.463792838062124,2603,-0.680589620966032
equity,SLB,4h,d55_atr3_tr,0.0880873108638455,-0.2834997424380834,0.42528735632183906,5.463792838062124,2603,-0.5029953311670995
equity,SLB,4h,d55_atr3_vol,0.194940232672279,-0.21279946324959265,0.367816091954023,4.773750293540931,2603,-0.5491288289449715
equity,SLB,4h,d55_chan20,0.027119902831655152,-0.39571325252617295,0.4367816091954023,5.142480526513757,2603,-0.4001482895658789
equity,SLB,4h,d20_chan10,0.24273499450429317,-0.29445067509661904,0.5172413793103449,9.917817323010526,2603,-0.5874545248528517
equity,SLB,4h,boll_atr3,0.31227784774835066,-0.1813337246647837,0.47126436781609193,8.246268992607535,2603,-0.27007231448561725
equity,SLB,4h,kelt_atr3,0.07108904981835322,-0.24831535020569262,0.40229885057471265,7.418353144324226,2603,0.17119938082781797
equity,SPY,4h,base_d55_tb,-0.06265375291577725,-0.16381852634373806,0.4430379746835443,26.38052157645599,2368,-0.33240137356815336
equity,SPY,4h,d55_rev,0.15753397963645158,-0.3786003121077982,0.569620253164557,8.669925806030692,2368,-0.5434617542312331
equity,SPY,4h,d55_atr3,-0.06321969821969649,-0.313000142600654,0.4430379746835443,13.9126045119144,2368,0.014597422574639323
equity,SPY,4h,d55_atr3_tr,-0.06321969821969649,-0.313000142600654,0.4430379746835443,13.9126045119144,2368,-0.5053624613232702
equity,SPY,4h,d55_atr3_vol,0.033798333342138415,-0.23731915657834501,0.3924050632911392,9.40435776120614,2368,-0.8065979437540953
equity,SPY,4h,d55_chan20,0.05824971205487812,-0.23998866989675294,0.4177215189873418,12.550657773946012,2368,-0.8411420294889312
equity,SPY,4h,d20_chan10,-0.2872142546510243,-0.4173668784740684,0.5189873417721519,25.29333117508426,2368,-1.0246309178078696
equity,SPY,4h,boll_atr3,-0.09910262751156071,-0.30563073792610873,0.45569620253164556,18.49877861373773,2368,0.031232343340058057
equity,SPY,4h,kelt_atr3,-0.2660675266365872,-0.40005333654279296,0.45569620253164556,19.300502583866933,2368,-0.3340959754549935
equity,T,4h,base_d55_tb,-0.33973385117667515,-0.2707993478427211,0.27586206896551724,16.301895746682042,2603,-0.7310951941489777
equity,T,4h,d55_rev,0.23159065614526037,-0.3272552039279748,0.5287356321839081,6.140645690587967,2603,-0.4739031036846842
equity,T,4h,d55_atr3,-0.1176720742883151,-0.3405806763855781,0.3333333333333333,9.253333923377795,2603,-0.11711190292213818
equity,T,4h,d55_atr3_tr,-0.1176720742883151,-0.3405806763855781,0.3333333333333333,9.253333923377795,2603,-0.09923864588615552
equity,T,4h,d55_atr3_vol,-0.07186438550619634,-0.31918142820674067,0.3103448275862069,8.431339935366836,2603,-0.8150329473338701
equity,T,4h,d55_chan20,0.09339183521832584,-0.25788391533280597,0.4367816091954023,8.153971883592382,2603,-0.3967769945943146
equity,T,4h,d20_chan10,0.04461671788475116,-0.3187313445676151,0.4827586206896552,16.518896580602387,2603,-0.33814941383087205
equity,T,4h,boll_atr3,0.09397754713724471,-0.3239121451310133,0.4482758620689655,13.186748957698622,2603,-0.6504957435523142
equity,T,4h,kelt_atr3,-0.13555165471330038,-0.41372485161533723,0.39080459770114945,12.158018541877706,2603,-0.1525548448595704
equity,TXN,4h,base_d55_tb,-0.510960404011463,-0.3597553059916224,0.367816091954023,11.953420805115314,2603,-0.4751470687747838
equity,TXN,4h,d55_rev,-0.24110566478988957,-0.5850968498567617,0.4367816091954023,4.969779925365084,2603,-0.29216287884604564
equity,TXN,4h,d55_atr3,-0.2593652061818382,-0.48150866687524896,0.26436781609195403,6.820588332076671,2603,-0.7162986988061402
equity,TXN,4h,d55_atr3_tr,-0.2593652061818382,-0.48150866687524896,0.26436781609195403,6.820588332076671,2603,-1.2050797838640628
equity,TXN,4h,d55_atr3_vol,-0.18743448720946665,-0.42698081963240786,0.25287356321839083,5.894405721745565,2603,-0.4347311534816999
equity,TXN,4h,d55_chan20,-0.19384425291822555,-0.4595319750190252,0.3448275862068966,6.135342757457535,2603,-0.5764324050874914
equity,TXN,4h,d20_chan10,-0.10972969703364116,-0.4604467919753614,0.41379310344827586,12.776597001424669,2603,-0.1152753245545892
equity,TXN,4h,boll_atr3,-0.26457501760600544,-0.5537084652266958,0.367816091954023,10.760882586840722,2603,-0.15687625933503566
equity,TXN,4h,kelt_atr3,-0.2004556839784063,-0.5127531352016101,0.3563218390804598,9.280070898923464,2603,-0.1240000925822915
equity,UNH,4h,base_d55_tb,0.06583827078791092,-0.17993164981802579,0.3793103448275862,13.12245247979874,2603,-0.4475727668251971
equity,UNH,4h,d55_rev,-0.33991400083369555,-0.5885497356779885,0.42528735632183906,6.482897602356008,2603,0.10904666946512322
equity,UNH,4h,d55_atr3,-0.4687894261073417,-0.5702492360007139,0.3333333333333333,8.891880815414734,2603,-0.1627666489180411
equity,UNH,4h,d55_atr3_tr,-0.46135078239325583,-0.5667322473701915,0.3333333333333333,8.841824697108184,2603,-0.20153159372373916
equity,UNH,4h,d55_atr3_vol,-0.5129357917515867,-0.5717196525153863,0.27586206896551724,7.6118388025270685,2603,-0.6320104400764835
equity,UNH,4h,d55_chan20,-0.4759448806530868,-0.5963371322014446,0.3333333333333333,7.873795174469414,2603,-0.4016389840699609
equity,UNH,4h,d20_chan10,-0.15563854338746266,-0.40473359318879465,0.4942528735632184,13.730909211583995,2603,-0.5677432201878829
equity,UNH,4h,boll_atr3,-0.2526351129361766,-0.5111025969425245,0.4827586206896552,12.208417042684308,2603,-0.9874800066402583
equity,UNH,4h,kelt_atr3,-0.4098353253495014,-0.5836366849030659,0.40229885057471265,11.181284066253781,2603,-0.2933784804933514
equity,V,4h,base_d55_tb,-0.2694150552387562,-0.23488203273298092,0.367816091954023,16.96766763549506,2603,0.18554088554286227
equity,V,4h,d55_rev,-0.2994126241976246,-0.49690695492272274,0.45977011494252873,6.655363745472162,2603,-0.4210918289882767
equity,V,4h,d55_atr3,-0.5022044449231977,-0.4791091993325528,0.3563218390804598,9.274800795050727,2603,-0.6230037830781243
equity,V,4h,d55_atr3_tr,-0.5022044449231977,-0.4791091993325528,0.3563218390804598,9.274800795050727,2603,-0.8248027503396099
equity,V,4h,d55_atr3_vol,-0.5729966425253107,-0.5070970916863504,0.3218390804597701,8.45146549577108,2603,-0.7539875558371241
equity,V,4h,d55_chan20,-0.4259599922532875,-0.5217560607148161,0.2988505747126437,8.629281474846042,2603,-0.4708662697548587
equity,V,4h,d20_chan10,-0.493415354103463,-0.4850983363474761,0.4367816091954023,16.69838699966581,2603,-0.7105612794647317
equity,V,4h,boll_atr3,-0.3271392516561441,-0.4651248399456822,0.42528735632183906,13.659233426875263,2603,-0.5164190431218061
equity,V,4h,kelt_atr3,-0.5359655693773708,-0.5287947361576211,0.3563218390804598,12.802343392187108,2603,-0.9525453384180907
equity,VZ,4h,base_d55_tb,-0.4708956409268329,-0.33758444116754116,0.3218390804597701,18.053004719046516,2603,-0.8625245439458293
equity,VZ,4h,d55_rev,-0.540195113713792,-0.645354940760972,0.40229885057471265,8.701881359973928,2603,-0.7105579846377822
equity,VZ,4h,d55_atr3,-0.5453676910688976,-0.5118141447525928,0.3333333333333333,11.656969035999776,2603,-0.06630360569960965
equity,VZ,4h,d55_atr3_tr,-0.5508420929744658,-0.5118141447525928,0.3218390804597701,11.656780584944702,2603,-0.6399768845347669
equity,VZ,4h,d55_atr3_vol,-0.5882948270438411,-0.5224571745119562,0.28735632183908044,11.031985102940817,2603,-0.7384626246668543
equity,VZ,4h,d55_chan20,-0.29177225666237705,-0.40437802246252263,0.3448275862068966,10.793547530438685,2603,-0.6408231305188511
equity,VZ,4h,d20_chan10,0.06199925703705936,-0.24082627483302343,0.5057471264367817,19.16159366700341,2603,-0.7242471193510805
equity,VZ,4h,boll_atr3,-0.19611138985124563,-0.3845969247819604,0.45977011494252873,16.47257337689476,2603,-0.6295505781269842
equity,VZ,4h,kelt_atr3,-0.428420339333895,-0.4870974667862268,0.3563218390804598,15.228378296606978,2603,-0.6533513787149491
equity,WFC,4h,base_d55_tb,0.37239454572815517,-0.1734661327774405,0.4482758620689655,11.517499653962114,2603,-0.027243955711721262
equity,WFC,4h,d55_rev,0.17133044537380657,-0.34519151938583914,0.4827586206896552,5.086644250023633,2603,-0.6309200809650545
equity,WFC,4h,d55_atr3,0.2648269241698298,-0.24758428430930735,0.45977011494252873,6.6709580635617876,2603,0.28515481819263966
equity,WFC,4h,d55_atr3_tr,0.2648269241698298,-0.24758428430930735,0.45977011494252873,6.6709580635617876,2603,-0.04729767142471761
equity,WFC,4h,d55_atr3_vol,0.36791906823551457,-0.1913099490409883,0.4367816091954023,5.9295457711590345,2603,-0.4913332946318313
equity,WFC,4h,d55_chan20,0.07065764906289863,-0.30917590542042406,0.41379310344827586,6.428710116304396,2603,0.04014476214537548
equity,WFC,4h,d20_chan10,0.0402018195099489,-0.34520589983947014,0.47126436781609193,12.6717246990253,2603,-0.5189998507076845
equity,WFC,4h,boll_atr3,0.2505390898191218,-0.29180682242242795,0.4827586206896552,9.878901232190195,2603,-0.15548750225162067
equity,WFC,4h,kelt_atr3,0.13028897509297507,-0.3363901991302338,0.5172413793103449,9.581890560273626,2603,-0.21420347507147833
equity,WMT,4h,base_d55_tb,0.1099722345279117,-0.1762222465083172,0.4367816091954023,19.386511804818053,2603,-0.29366390300268425
equity,WMT,4h,d55_rev,0.0037632493914536566,-0.41106235051386053,0.47126436781609193,8.414413890764841,2603,-0.6620210553518032
equity,WMT,4h,d55_atr3,-0.3353437964078234,-0.4715869549155207,0.3793103448275862,12.642647355446961,2603,-0.06962528036882717
equity,WMT,4h,d55_atr3_tr,-0.33480993512564605,-0.47127756226366935,0.3793103448275862,12.642576133834586,2603,-0.006565811916889803
equity,WMT,4h,d55_atr3_vol,-0.31917151812520494,-0.412078893828702,0.3333333333333333,10.730553019121498,2603,-0.20793990058872222
equity,WMT,4h,d55_chan20,-0.24537961915705744,-0.42648326852980256,0.4367816091954023,11.356702939856648,2603,-0.4292342816853357
equity,WMT,4h,d20_chan10,-0.3017209798571491,-0.4724226686086399,0.4482758620689655,21.08006695866313,2603,-0.7224326135440365
equity,WMT,4h,boll_atr3,-0.308387132862411,-0.40447538991442367,0.4482758620689655,17.38273994515675,2603,-0.843207252577568
equity,WMT,4h,kelt_atr3,-0.5022463022705786,-0.49903318461358515,0.3793103448275862,15.500782173305788,2603,-0.48598819756532585
equity,XOM,4h,base_d55_tb,-0.03430528735034765,-0.23902841721239865,0.3218390804597701,13.192337796351046,2603,-0.025911756125972015
equity,XOM,4h,d55_rev,-0.2988419940132545,-0.5111848830327943,0.4827586206896552,6.103233911896302,2603,-0.7776856569827895
equity,XOM,4h,d55_atr3,-0.21574409218953872,-0.38837117485960015,0.367816091954023,8.223730883592903,2603,-0.06624955625593333
equity,XOM,4h,d55_atr3_tr,-0.21574409218953872,-0.38837117485960015,0.367816091954023,8.223730883592903,2603,-0.8894622800215533
equity,XOM,4h,d55_atr3_vol,-0.27918304842604186,-0.42492890147006235,0.3218390804597701,7.713883516302857,2603,-0.4188243969893562
equity,XOM,4h,d55_chan20,0.11229703048028007,-0.3276935063320441,0.4367816091954023,6.81774259603179,2603,-0.3078290836016173
equity,XOM,4h,d20_chan10,0.05309685064034202,-0.4220149259048681,0.42528735632183906,13.4007138666057,2603,-0.6656923839643829
equity,XOM,4h,boll_atr3,-0.07690297076386311,-0.5044281705693922,0.41379310344827586,12.388582998194087,2603,-0.703549857696538
equity,XOM,4h,kelt_atr3,-0.04720223437326476,-0.42244084929279635,0.40229885057471265,10.05541219980638,2603,-0.614067050247024
fx,AUDJPY=X,4h,base_d55_tb,0.22461397189852372,-0.12974666562100723,0.55,116.16358055084969,2379,-0.45139919142130647
fx,AUDJPY=X,4h,d55_rev,0.15512727701573856,-0.38045006459208097,0.5125,45.40154786274466,2379,-0.7937985119451365
fx,AUDJPY=X,4h,d55_atr3,0.05599537326760021,-0.361482675197072,0.425,59.84561424340183,2379,-0.3652371178115936
fx,AUDJPY=X,4h,d55_atr3_tr,0.05599537326760021,-0.361482675197072,0.425,59.84561424340183,2379,-0.7852072564105065
fx,AUDJPY=X,4h,d55_chan20,0.08600057688513271,-0.3406798307549612,0.425,55.37025788987548,2379,-0.7086959534598585
fx,AUDJPY=X,4h,d20_chan10,-0.09305097615549943,-0.47728083642768315,0.4625,115.07772676514885,2379,-2.168248124536832
fx,AUDJPY=X,4h,boll_atr3,-0.15567269359223188,-0.4194886767912732,0.475,97.01020375413474,2379,-1.5461832006980107
fx,AUDJPY=X,4h,kelt_atr3,0.023981261043000072,-0.3551833759660523,0.475,70.99221891125542,2379,-1.4877776328161656
fx,AUDNZD=X,4h,base_d55_tb,-0.5508653015028996,-0.2399879502536929,0.3875,193.95364160349837,2380,-1.8019523413867309
fx,AUDNZD=X,4h,d55_rev,-0.024848840663820627,-0.22015306398106527,0.45,61.61075037238581,2380,-2.982090039894033
fx,AUDNZD=X,4h,d55_atr3,-0.0058817691562224415,-0.2734657874166029,0.425,80.86062725472115,2380,-1.7890720986751685
fx,AUDNZD=X,4h,d55_atr3_tr,-0.0058817691562224415,-0.2734657874166029,0.425,80.86062725472115,2380,-2.2784559436922094
fx,AUDNZD=X,4h,d55_chan20,0.06391983627100334,-0.17986989069737191,0.5,79.18904372384408,2380,-2.4337238027615227
fx,AUDNZD=X,4h,d20_chan10,0.22107120237215125,-0.2215570097217212,0.475,154.48358981656025,2380,-2.531857393461643
fx,AUDNZD=X,4h,boll_atr3,0.3389061490440935,-0.2484825465293481,0.5375,111.81241763920809,2380,-2.2257908558990915
fx,AUDNZD=X,4h,kelt_atr3,0.20657000578655665,-0.22592287657753307,0.45,74.15156478850558,2380,-2.3248081280892157
fx,AUDUSD=X,4h,base_d55_tb,-0.7526336951951417,-0.38540942623974095,0.35,128.74322392424267,2380,-0.6181974057168108
fx,AUDUSD=X,4h,d55_rev,-0.33320110638902767,-0.5974408760432819,0.5125,51.4811725160619,2380,-1.4916642559467672
fx,AUDUSD=X,4h,d55_atr3,-0.5892779076305462,-0.5219597120918258,0.4,70.66448996865182,2380,-0.7691097147616764
fx,AUDUSD=X,4h,d55_atr3_tr,-0.5892779076305462,-0.5219597120918258,0.4,70.66448996865182,2380,-0.7187511102719573
fx,AUDUSD=X,4h,d55_chan20,-0.6433018328495567,-0.583050488289828,0.3625,65.096978071135,2380,-1.1566215502067434
fx,AUDUSD=X,4h,d20_chan10,-0.9356943988860421,-0.7096644222201033,0.35,132.9007220142697,2380,-1.5826645212796655
fx,AUDUSD=X,4h,boll_atr3,-0.7944992398755099,-0.6736280048309036,0.375,105.58983557778417,2380,-0.7801937224887873
fx,AUDUSD=X,4h,kelt_atr3,-0.7495377442310664,-0.6279239658937579,0.4375,82.40812246045816,2380,-1.1940188589927736
fx,CADJPY=X,4h,base_d55_tb,-0.16007216760424234,-0.3048901345134969,0.4625,138.76304980611857,2380,-1.2482188685880822
fx,CADJPY=X,4h,d55_rev,-0.1882776304037911,-0.4270479443305044,0.425,55.303076346516434,2380,-1.4580379901544398
fx,CADJPY=X,4h,d55_atr3,-0.07493741529221441,-0.3942693216905083,0.4625,72.97086278801508,2380,-0.9421433778166328
fx,CADJPY=X,4h,d55_atr3_tr,-0.07511941763634826,-0.39426932169050877,0.45,72.96704577596218,2380,-0.5890530334461915
fx,CADJPY=X,4h,d55_chan20,-0.2427899967733339,-0.4398540058810997,0.4,69.21060929155064,2380,-0.8078503213630753
fx,CADJPY=X,4h,d20_chan10,-0.27692729155312007,-0.4642435104824508,0.4875,133.17861842927888,2380,-1.0351499092892473
fx,CADJPY=X,4h,boll_atr3,0.20925739823390344,-0.40920039317032364,0.5,105.62743394260657,2380,-1.7636829926046356
fx,CADJPY=X,4h,kelt_atr3,0.05315837202361436,-0.3280071857137301,0.4125,83.80967709313127,2380,-1.1878419600887724
fx,CHFJPY=X,4h,base_d55_tb,-0.525185349179028,-0.332295183208299,0.425,163.53695197338914,2380,-0.37606792365530983
fx,CHFJPY=X,4h,d55_rev,-0.14729445669699207,-0.4142159369472258,0.4375,63.770938680628376,2380,-2.049964932762086
fx,CHFJPY=X,4h,d55_atr3,-0.31430190896168075,-0.3668607094070291,0.35,83.60728498908615,2380,-1.0423557732134001
fx,CHFJPY=X,4h,d55_atr3_tr,-0.32199923672979236,-0.3710925759210003,0.35,83.1099232463884,2380,-1.2444744762340796
fx,CHFJPY=X,4h,d55_chan20,-0.3209156378313687,-0.40791451136663803,0.425,80.32062100026197,2380,-0.9091128733599944
fx,CHFJPY=X,4h,d20_chan10,-0.33808004741522607,-0.570796064331817,0.4,151.4769540271149,2380,-1.1469327401589973
fx,CHFJPY=X,4h,boll_atr3,-0.18379570387064545,-0.3930645745714715,0.4,118.1125586391655,2380,-1.9035232322327993
fx,CHFJPY=X,4h,kelt_atr3,-0.3782238031531856,-0.39954252373942456,0.4,90.80881189366328,2380,-1.831530544246517
fx,EURAUD=X,4h,base_d55_tb,0.19152783605144713,-0.13278789680945802,0.4,147.74579240028126,2380,-0.9641797426028084
fx,EURAUD=X,4h,d55_rev,-0.27944264427835563,-0.5630262755923552,0.4375,64.433858901451,2380,-1.5684656987978516
fx,EURAUD=X,4h,d55_atr3,-0.11372991500727292,-0.32892880987764683,0.4125,79.88665476668652,2380,-1.284024094413535
fx,EURAUD=X,4h,d55_atr3_tr,-0.11372991500727292,-0.32892880987764683,0.4125,79.88665476668652,2380,-0.7752814657405805
fx,EURAUD=X,4h,d55_chan20,0.027701252355961013,-0.36782119550736936,0.4625,71.34970146826029,2380,-2.0433939017229963
fx,EURAUD=X,4h,d20_chan10,-0.3591729041410294,-0.5940704794749565,0.4,150.62887003861226,2380,-1.2259621646489474
fx,EURAUD=X,4h,boll_atr3,-0.5913244050610486,-0.5914018539416388,0.4,123.96363163650726,2380,-1.9547217244671773
fx,EURAUD=X,4h,kelt_atr3,-0.1777509960997225,-0.3866116354355712,0.425,84.81160064279024,2380,-1.6188338498384316
fx,EURCAD=X,4h,base_d55_tb,-0.6867139564146697,-0.35659001723130657,0.375,178.93976373496477,2380,-1.2264924853597075
fx,EURCAD=X,4h,d55_rev,-0.7336036516748042,-0.6979168336989006,0.4125,76.65073889046731,2380,-1.9487227040158397
fx,EURCAD=X,4h,d55_atr3,-0.43871320945068437,-0.5013907035445924,0.3875,93.07519972304304,2380,-1.4236069318144366
fx,EURCAD=X,4h,d55_atr3_tr,-0.42079863690924746,-0.4925363619549157,0.3875,92.0479352221044,2380,-1.379699808582724
fx,EURCAD=X,4h,d55_chan20,-0.5748291731187116,-0.5784318013761675,0.4125,89.52105160448811,2380,-1.6992570473635182
fx,EURCAD=X,4h,d20_chan10,-0.48477107705783024,-0.5938626213642155,0.4625,168.99251524996117,2380,-2.639632937656207
fx,EURCAD=X,4h,boll_atr3,-0.534037999532738,-0.6174532512675226,0.4375,132.31620481669196,2380,-1.8944070879517598
fx,EURCAD=X,4h,kelt_atr3,-0.5299079861771887,-0.5680544374478236,0.3375,104.19644390579656,2380,-1.947684659697598
fx,EURCHF=X,4h,base_d55_tb,-0.6171659810863653,-0.27931001572778646,0.3875,166.54102935552996,2380,-1.373537430892251
fx,EURCHF=X,4h,d55_rev,-0.4811795931686671,-0.46429067978722915,0.4,65.80374191859806,2380,-3.0188853391909536
fx,EURCHF=X,4h,d55_atr3,-0.5365695656152661,-0.3981631174450846,0.325,85.04006880169808,2380,-2.171468673220189
fx,EURCHF=X,4h,d55_atr3_tr,-0.537557135871807,-0.3986744121334236,0.325,85.03897474252847,2380,-1.6484412725462072
fx,EURCHF=X,4h,d55_chan20,-0.3711235090746248,-0.3368298008383869,0.3375,80.01019333548169,2380,-1.5341158179094228
fx,EURCHF=X,4h,d20_chan10,-0.42487124747374644,-0.4485468831418661,0.4875,158.45056898355494,2380,-1.4909912624964465
fx,EURCHF=X,4h,boll_atr3,-0.27541971570959245,-0.40094424989432786,0.4375,121.1567428488171,2380,-2.40476798325584
fx,EURCHF=X,4h,kelt_atr3,-0.3529553649533498,-0.3779032451820349,0.35,82.8604983868219,2380,-1.9956720492956534
fx,EURGBP=X,4h,base_d55_tb,-0.7993794045262466,-0.3913813011749704,0.325,172.09283924171686,2379,-0.6046828541893455
fx,EURGBP=X,4h,d55_rev,-0.44922860660045494,-0.5826744448058395,0.3875,65.60172165206703,2379,-2.523931899314251
fx,EURGBP=X,4h,d55_atr3,-0.6967918277593599,-0.5530913187827122,0.3125,94.09410325190211,2379,-1.8231135815501065
fx,EURGBP=X,4h,d55_atr3_tr,-0.6967918277593599,-0.5530913187827122,0.3125,94.09410325190211,2379,-1.841534705313922
fx,EURGBP=X,4h,d55_chan20,-0.6122922328525137,-0.5459325294563725,0.35,88.37214566122475,2379,-1.9920380556788377
fx,EURGBP=X,4h,d20_chan10,-0.5627311859778588,-0.5494788329538359,0.3875,174.18099155951057,2379,-2.1015355699372926
fx,EURGBP=X,4h,boll_atr3,-0.4777277160451068,-0.5309928116641578,0.3875,135.76508039292307,2379,-2.80639106438927
fx,EURGBP=X,4h,kelt_atr3,-0.4027657169645788,-0.45024052427237204,0.3625,100.7194793079067,2379,-1.9666348646326612
fx,EURJPY=X,4h,base_d55_tb,-0.2719221286030312,-0.26987430071880514,0.4125,153.47979062850823,2380,-1.088566386636214
fx,EURJPY=X,4h,d55_rev,-0.5699688404809841,-0.5755549788720715,0.4125,62.37530797787597,2380,-1.732073124265145
fx,EURJPY=X,4h,d55_atr3,-0.5022056794732148,-0.42152491400064485,0.3875,81.45444751030807,2380,-1.2250685395686738
fx,EURJPY=X,4h,d55_atr3_tr,-0.48417459939719504,-0.4115546267419734,0.3875,80.82977510622123,2380,-1.4272754523957565
fx,EURJPY=X,4h,d55_chan20,-0.3880718657214692,-0.4207529606828416,0.425,75.60488778316433,2380,-1.494428375561686
fx,EURJPY=X,4h,d20_chan10,-0.44671555023850973,-0.5190398923802528,0.3875,154.20695385484774,2380,-1.698049767832662
fx,EURJPY=X,4h,boll_atr3,-0.4268594322327123,-0.49624191824478114,0.3875,124.97014943403187,2380,-1.240919047782469
fx,EURJPY=X,4h,kelt_atr3,-0.37326394055055295,-0.38042992685139754,0.425,95.67741693651448,2380,-1.2829558869219462
fx,EURUSD=X,4h,base_d55_tb,-0.6591751899113124,-0.39267028813513105,0.3125,168.60474725252917,2379,-0.7530666193026653
fx,EURUSD=X,4h,d55_rev,-0.13054882712288515,-0.3782098579783485,0.4875,65.12007177585659,2379,-1.9800983903225078
fx,EURUSD=X,4h,d55_atr3,-0.35008206481181736,-0.41491905505484017,0.4375,91.72691177661038,2379,-1.5842302251860456
fx,EURUSD=X,4h,d55_atr3_tr,-0.3821916368737149,-0.43136134765986944,0.425,91.69147731790446,2379,-1.7323754304925316
fx,EURUSD=X,4h,d55_chan20,-0.38149945095963383,-0.43761369674126394,0.4375,85.11960540200783,2379,-1.7205359661885096
fx,EURUSD=X,4h,d20_chan10,-0.6350374219524823,-0.653128685447166,0.4125,171.90014797861122,2379,-1.558238790420584
fx,EURUSD=X,4h,boll_atr3,-0.33910085200823936,-0.5167026384497231,0.4625,139.060877844832,2379,-1.4092506455038079
fx,EURUSD=X,4h,kelt_atr3,-0.11321600952719915,-0.3846435033383173,0.5125,109.74597347039357,2379,-1.4128128766188806
fx,GBPAUD=X,4h,base_d55_tb,-0.834008562169883,-0.3771805187009888,0.3625,158.30281056676355,2379,-0.5903403548122209
fx,GBPAUD=X,4h,d55_rev,0.11035965255354444,-0.25058319791615047,0.4875,58.467669087939946,2379,-2.8780901171341045
fx,GBPAUD=X,4h,d55_atr3,-0.18749008064896427,-0.2664828298309694,0.5,81.97260668692691,2379,-1.5544348349827122
fx,GBPAUD=X,4h,d55_atr3_tr,-0.18749008064896427,-0.2664828298309694,0.5,81.97260668692691,2379,-0.9871468533791806
fx,GBPAUD=X,4h,d55_chan20,-0.25936264143060433,-0.31473929037308235,0.45,78.85471922106393,2379,-1.8272579243579457
fx,GBPAUD=X,4h,d20_chan10,-0.7258499656428145,-0.6191958389135792,0.35,159.97772462688846,2379,-2.001289040244933
fx,GBPAUD=X,4h,boll_atr3,-0.5931264785671722,-0.57256581642018,0.4,128.09772214733195,2379,-2.0822501033702174
fx,GBPAUD=X,4h,kelt_atr3,-0.48014063420225783,-0.4496288221662148,0.4125,97.97112966935785,2379,-0.974550429532098
fx,GBPCHF=X,4h,base_d55_tb,-0.2901533700655513,-0.26262740579721,0.3375,152.4766491736526,2379,-0.33996985193739443
fx,GBPCHF=X,4h,d55_rev,-0.11996574786390266,-0.4007057470008528,0.4625,63.01947314906264,2379,-1.8915278353167908
fx,GBPCHF=X,4h,d55_atr3,-0.26334078121495874,-0.3857232966696724,0.3875,83.55085817611217,2379,-0.9046580482044669
fx,GBPCHF=X,4h,d55_atr3_tr,-0.26334078121495874,-0.3857232966696724,0.3875,83.55085817611217,2379,-1.182757261605443
fx,GBPCHF=X,4h,d55_chan20,0.06745346864990642,-0.2466313845910615,0.5125,76.67771513215816,2379,-2.1004290005678636
fx,GBPCHF=X,4h,d20_chan10,-0.1497296442773582,-0.35278664720702224,0.4625,152.5099692145468,2379,-1.72066049679902
fx,GBPCHF=X,4h,boll_atr3,-0.2849897376033899,-0.4528407517719515,0.375,128.92938846505663,2379,-2.0414674308416987
fx,GBPCHF=X,4h,kelt_atr3,-0.11162225381162072,-0.2953216630708928,0.35,88.52552502036062,2379,-1.120573311894801
fx,GBPJPY=X,4h,base_d55_tb,-0.024706634106765258,-0.1805468320458402,0.4125,138.33920744007713,2380,-0.32582981335815775
fx,GBPJPY=X,4h,d55_rev,0.09647909589687531,-0.36259342278821016,0.5,53.69406355846922,2380,-2.1174998735720494
fx,GBPJPY=X,4h,d55_atr3,0.06953123084019369,-0.31276759412467825,0.475,70.53996123476185,2380,-1.5830885279512967
fx,GBPJPY=X,4h,d55_atr3_tr,0.0680216353526785,-0.31311922248466695,0.475,70.53690958179861,2380,-1.057457590845165
fx,GBPJPY=X,4h,d55_chan20,0.14277494904661464,-0.2686456457687947,0.475,65.12611748321193,2380,-1.5367373895183047
fx,GBPJPY=X,4h,d20_chan10,-0.2659529276984287,-0.47407488221440486,0.4375,133.83588386436847,2380,-0.8636723946160746
fx,GBPJPY=X,4h,boll_atr3,-0.1421978224578352,-0.508826361984382,0.4625,112.51095106701894,2380,-1.3014424971015393
fx,GBPJPY=X,4h,kelt_atr3,-0.13042376906439734,-0.46489836963510034,0.3875,90.34610426604316,2380,-1.514601262065499
fx,GBPUSD=X,4h,base_d55_tb,-0.2146269173971501,-0.19984204317719356,0.4375,152.16606056672137,2379,-0.8385146454093808
fx,GBPUSD=X,4h,d55_rev,-0.11598374528937065,-0.3812528477913729,0.4375,60.86466176610743,2379,-1.604807900066343
fx,GBPUSD=X,4h,d55_atr3,-0.43312936171104766,-0.4118383535230349,0.35,87.12047006833635,2379,-1.2366999642751069
fx,GBPUSD=X,4h,d55_atr3_tr,-0.43312936171104766,-0.4118383535230349,0.35,87.12047006833635,2379,-1.1604420360541923
fx,GBPUSD=X,4h,d55_chan20,-0.6102432513779485,-0.5416868715283341,0.35,83.41230570157984,2379,-1.745192352236144
fx,GBPUSD=X,4h,d20_chan10,-0.8875297753800694,-0.7277970237617154,0.3375,164.25499177459412,2379,-1.4383679793806494
fx,GBPUSD=X,4h,boll_atr3,-0.3920257609257959,-0.5103632217627327,0.4375,131.61863381572783,2379,-1.2247887607681174
fx,GBPUSD=X,4h,kelt_atr3,-0.20250707179451358,-0.39884098915711486,0.3875,103.837919118048,2379,-1.658540830177468
fx,NZDJPY=X,4h,base_d55_tb,0.06018094613482936,-0.20494866995491856,0.475,122.53091638962792,2380,-0.9993861863493175
fx,NZDJPY=X,4h,d55_rev,0.04103465221070579,-0.3162922855823648,0.5375,47.922145725729905,2380,-0.7637134932164996
fx,NZDJPY=X,4h,d55_atr3,-0.09386678018286151,-0.4022992297939877,0.4,63.46200029852454,2380,-1.2711528463897275
fx,NZDJPY=X,4h,d55_atr3_tr,-0.09386678018286151,-0.4022992297939877,0.4,63.46200029852454,2380,-1.47587970465372
fx,NZDJPY=X,4h,d55_chan20,-0.06238645689734698,-0.35153755328722414,0.45,60.24723386559819,2380,-0.8593380307177936
fx,NZDJPY=X,4h,d20_chan10,0.04419780686031356,-0.3405097485038445,0.4375,117.61715936264464,2380,-1.5650257131781011
fx,NZDJPY=X,4h,boll_atr3,-0.06871400691184903,-0.36728495152052665,0.425,94.82046879293883,2380,-1.0805134923400306
fx,NZDJPY=X,4h,kelt_atr3,-0.0868696882333917,-0.39345804764753145,0.4375,71.63954248998647,2380,-1.4936121164066563
fx,NZDUSD=X,4h,base_d55_tb,-0.8056559626857468,-0.36925617976958114,0.3875,130.3009267919264,2380,-0.3902509894916959
fx,NZDUSD=X,4h,d55_rev,-0.6123495386108943,-0.6614345059643725,0.3875,53.55897393990065,2380,-1.1934641113564537
fx,NZDUSD=X,4h,d55_atr3,-0.5787462767291295,-0.5029388239470156,0.375,69.93933760349664,2380,-1.1058284224596417
fx,NZDUSD=X,4h,d55_atr3_tr,-0.5538281240222327,-0.4906744653677576,0.375,69.26946166172407,2380,-1.5553181236590625
fx,NZDUSD=X,4h,d55_chan20,-0.7161972690316973,-0.5578182939467758,0.35,67.68945565418552,2380,-1.104992192692678
fx,NZDUSD=X,4h,d20_chan10,-0.7440366174104538,-0.6509795519800046,0.3625,129.43244143367158,2380,-0.764455941636862
fx,NZDUSD=X,4h,boll_atr3,-0.35986599568734307,-0.4875409152296245,0.4125,101.81965693084115,2380,-1.5124488040863158
fx,NZDUSD=X,4h,kelt_atr3,-0.42859612394198415,-0.4902276272393573,0.475,80.25062735548477,2380,-1.2049866499185515
fx,USDCAD=X,4h,base_d55_tb,-0.5522105365074812,-0.2834845400856967,0.375,196.82860709849564,2380,-1.2106016400811905
fx,USDCAD=X,4h,d55_rev,-0.21284957295362633,-0.49633367384957416,0.3875,70.91917164029292,2380,-2.840166605939697
fx,USDCAD=X,4h,d55_atr3,-0.08856520855303357,-0.3563144387901145,0.3875,91.7043052937959,2380,-1.2053126826409821
fx,USDCAD=X,4h,d55_atr3_tr,-0.1153359242997923,-0.3705832824818379,0.3875,91.61379984159309,2380,-1.642691501559093
fx,USDCAD=X,4h,d55_chan20,0.06455226377961411,-0.3404111928225929,0.3875,84.22337853536939,2380,-2.1267629362244937
fx,USDCAD=X,4h,d20_chan10,-0.26570615514929985,-0.5210149863147471,0.425,169.19048992471141,2380,-1.547553683844369
fx,USDCAD=X,4h,boll_atr3,-0.2423097395625988,-0.5184162537838537,0.475,135.44341711971828,2380,-1.6780230102943676
fx,USDCAD=X,4h,kelt_atr3,-0.18417300867146075,-0.4523412119274399,0.475,108.4552883168999,2380,-1.8967917303143347
fx,USDCHF=X,4h,base_d55_tb,-0.010305067480283061,-0.14637197800626,0.4625,167.7893500579032,2380,-0.9560662172030148
fx,USDCHF=X,4h,d55_rev,0.125131743208967,-0.33908051651576165,0.5125,63.173998848581725,2380,-1.5275410399082903
fx,USDCHF=X,4h,d55_atr3,-0.0019176856647439078,-0.23329777565130627,0.425,86.14037878739808,2380,-1.6004681830219423
fx,USDCHF=X,4h,d55_atr3_tr,0.023386780420693035,-0.22755393074112817,0.425,85.37032986967277,2380,-1.4947003670949905
fx,USDCHF=X,4h,d55_chan20,-0.04158480276723714,-0.3437399571626719,0.5,82.96277641891545,2380,-0.9623920549881214
fx,USDCHF=X,4h,d20_chan10,-0.5148777841650521,-0.5657418765534912,0.3875,168.65984159413318,2380,-1.0389330943663866
fx,USDCHF=X,4h,boll_atr3,-0.15227192104479573,-0.37999317044018543,0.45,130.1781947851779,2380,-1.4807973749837446
fx,USDCHF=X,4h,kelt_atr3,-0.06686546416733562,-0.32774144433016006,0.3875,104.31094071540178,2380,-1.7837587264734591
fx,USDJPY=X,4h,base_d55_tb,0.13966589152373213,-0.20923755719218273,0.475,148.5628431317772,2380,-1.0237795894138715
fx,USDJPY=X,4h,d55_rev,0.15570379510298343,-0.47188059934790194,0.5,54.961986343624346,2380,-1.39675574688995
fx,USDJPY=X,4h,d55_atr3,-0.09627131851535066,-0.3987048400718103,0.475,79.98583934033518,2380,-0.9634850682067758
fx,USDJPY=X,4h,d55_atr3_tr,-0.04929645175992143,-0.39870484007181084,0.4875,78.95443903885764,2380,-0.943864094301687
fx,USDJPY=X,4h,d55_chan20,-0.0052700182411419775,-0.398979514092766,0.475,72.2827036327688,2380,-1.0644244317704055
fx,USDJPY=X,4h,d20_chan10,-0.2708495126285023,-0.4446356002398294,0.475,145.83607093123393,2380,-1.4039909238763362
fx,USDJPY=X,4h,boll_atr3,-0.3027047743919741,-0.4767961037119425,0.4375,126.42929440750407,2380,-1.8132376292950745
fx,USDJPY=X,4h,kelt_atr3,-0.14440548964725464,-0.38610385409930625,0.4875,102.14634183341971,2380,-1.5605228926782388
fx,USDMXN=X,4h,base_d55_tb,-0.7067692931248193,-0.43828961713869785,0.35,116.19185429795864,2381,-0.5014616444286166
fx,USDMXN=X,4h,d55_rev,-0.5394296602556207,-0.6739599082203009,0.35,49.26884113602743,2381,-1.4649655958081267
fx,USDMXN=X,4h,d55_atr3,-0.3575248285101718,-0.4572509183887913,0.3875,61.039908491046795,2381,-0.8886246623720792
fx,USDMXN=X,4h,d55_atr3_tr,-0.34633750085323345,-0.45130079058252415,0.3875,60.59422231086471,2381,-0.6596649446328063
fx,USDMXN=X,4h,d55_chan20,-0.33399271716971457,-0.4816247101624326,0.425,57.41396090563193,2381,-0.8419556328059126
fx,USDMXN=X,4h,d20_chan10,0.028764505322228993,-0.35057093395551675,0.4625,106.35107240897679,2381,-0.7320280543890739
fx,USDMXN=X,4h,boll_atr3,-0.45323935791717973,-0.5350867544734192,0.4375,96.94454610934254,2381,-1.4296947381744707
fx,USDMXN=X,4h,kelt_atr3,-0.5762521127759896,-0.5669650134823143,0.375,78.37681038301427,2381,-1.1554204518510445
fx,USDNOK=X,4h,base_d55_tb,-0.5241904335217044,-0.3371017534683597,0.3875,106.1516788613589,2380,-0.6665065802448018
fx,USDNOK=X,4h,d55_rev,-0.0030665681415617267,-0.4366133596208217,0.4625,39.67535936375026,2380,-0.9984905463502614
fx,USDNOK=X,4h,d55_atr3,-0.4004937415368549,-0.47438380184172313,0.3625,56.50302677536115,2380,-0.6946133073108446
fx,USDNOK=X,4h,d55_atr3_tr,-0.4321978293298445,-0.48900527498287993,0.35,56.47018345262512,2380,-0.6201442353569568
fx,USDNOK=X,4h,d55_chan20,-0.3055642062803126,-0.4943423083349785,0.425,51.924785458155505,2380,-1.4910152566237218
fx,USDNOK=X,4h,d20_chan10,-0.41270350518727955,-0.628101411627904,0.4,102.43271547666139,2380,-0.4310301456886163
fx,USDNOK=X,4h,boll_atr3,-0.46613239042044924,-0.5713181949722156,0.4,81.39641627550289,2380,-0.8478738925168701
fx,USDNOK=X,4h,kelt_atr3,-0.20700842028977737,-0.42767929167809826,0.4125,61.76809429646528,2380,-1.335922080303049
fx,USDSEK=X,4h,base_d55_tb,-0.3412920467215882,-0.2794492310883032,0.35,113.50456282376739,2379,-1.1927657335329385
fx,USDSEK=X,4h,d55_rev,-0.20547358309455593,-0.41964876978933074,0.475,48.720112631564874,2379,-1.726563717007064
fx,USDSEK=X,4h,d55_atr3,-0.45627377606015396,-0.4751248734643566,0.3125,64.16612684837892,2379,-1.1568263588952112
fx,USDSEK=X,4h,d55_atr3_tr,-0.45627377606015396,-0.4751248734643566,0.3125,64.16612684837892,2379,-0.6815897338786552
fx,USDSEK=X,4h,d55_chan20,-0.028612164661000854,-0.28597970320222077,0.4,56.77810359243531,2379,-1.0215484289644159
fx,USDSEK=X,4h,d20_chan10,-0.15977205595235655,-0.42549958536482035,0.5125,113.12454613708873,2379,-1.6919526039635577
fx,USDSEK=X,4h,boll_atr3,-0.7112061020155942,-0.6490292798143666,0.3625,97.70759710920208,2379,-1.3470620803548352
fx,USDSEK=X,4h,kelt_atr3,-0.12246719800160283,-0.3953142664035235,0.45,68.30788557237942,2379,-1.4893026688528999
fx,USDSGD=X,4h,base_d55_tb,-0.7031101439760182,-0.30271526381783154,0.4,219.1402351199849,2380,-1.4176713722683854
fx,USDSGD=X,4h,d55_rev,-0.22145209452974918,-0.34481792743200057,0.4625,67.57098629945393,2380,-3.0261376256333614
fx,USDSGD=X,4h,d55_atr3,-0.2592064688823443,-0.33435119986438155,0.4375,100.55573035869227,2380,-2.6560671163036544
fx,USDSGD=X,4h,d55_atr3_tr,-0.2592064688823443,-0.33435119986438155,0.4375,100.55573035869227,2380,-2.042259362425207
fx,USDSGD=X,4h,d55_chan20,-0.25117601606654044,-0.3212636135268859,0.45,94.75456714667453,2380,-3.0125224159834927
fx,USDSGD=X,4h,d20_chan10,-0.5649676657905047,-0.4815344246757042,0.3875,197.43273678186443,2380,-2.9931872199668583
fx,USDSGD=X,4h,boll_atr3,-0.5202554297226979,-0.4818130952779992,0.425,157.51521845778018,2380,-2.7117403181109445
fx,USDSGD=X,4h,kelt_atr3,-0.37712446268771666,-0.3815780079960627,0.45,112.97217760117526,2380,-2.0479088358412234
fx,USDZAR=X,4h,base_d55_tb,-1.0765503215138168,-0.4722628313316859,0.275,91.50126355826244,2380,-0.3990663226382402
fx,USDZAR=X,4h,d55_rev,-0.6498261826492988,-0.703314943356956,0.3875,38.97887303293006,2380,-1.2011999862351104
fx,USDZAR=X,4h,d55_atr3,-0.6953973866482905,-0.6097084433518236,0.4375,50.6351844877373,2380,-0.38462991581334666
fx,USDZAR=X,4h,d55_atr3_tr,-0.6977669092907951,-0.6105379652490631,0.4375,50.635175202384204,2380,-0.44829514107647483
fx,USDZAR=X,4h,d55_chan20,-0.5996137135330334,-0.5860173115769169,0.4,47.08003332428342,2380,-0.9848134770221725
fx,USDZAR=X,4h,d20_chan10,-0.5305366723904538,-0.5846568060662187,0.375,87.93288898202586,2380,-0.6218300572420244
fx,USDZAR=X,4h,boll_atr3,-0.2549391073519852,-0.6028511425949191,0.475,69.29192774398658,2380,-1.4757467776995177
fx,USDZAR=X,4h,kelt_atr3,-0.44931332519649636,-0.5662648926756904,0.45,56.740019183356104,2380,-0.6999817087812459
crypto,BTCUSDT,1h,base_d55_tb,-1.1878357300781959,-0.43166108639410794,0.4430379746835443,164.07896992169492,2404,-4.5523585397005375
crypto,BTCUSDT,1h,d55_rev,0.08669981129305221,-0.4106558676779808,0.5189873417721519,83.06718353794635,2404,-10.483731184810276
crypto,BTCUSDT,1h,d55_atr3,-0.10906471104688636,-0.4151764164421403,0.4177215189873418,102.38965551430398,2404,-7.565963538196366
crypto,BTCUSDT,1h,d55_atr3_tr,-0.07167010540886679,-0.39886597073151686,0.4177215189873418,101.78286966880609,2404,-7.836561574988668
crypto,BTCUSDT,1h,d55_atr3_vol,-0.10772570842646709,-0.40209410262621315,0.43037974683544306,100.30624427350361,2404,-7.109224343586596
crypto,BTCUSDT,1h,d55_chan20,-0.15090662943080405,-0.4381870053414956,0.45569620253164556,98.17863005542826,2404,-8.745261047387977
crypto,BTCUSDT,1h,d20_chan10,-0.36506854678845835,-0.5257542302488312,0.46835443037974683,188.45234917452,2404,-9.524016370432927
crypto,BTCUSDT,1h,boll_atr3,0.12662588959152124,-0.3425294697985879,0.4810126582278481,156.59167451023163,2404,-10.064748937453011
crypto,BTCUSDT,1h,kelt_atr3,0.32621941927626963,-0.26341445631209703,0.46835443037974683,116.41874187378039,2404,-8.137960998817716
crypto,ETHUSDT,1h,base_d55_tb,-1.1738657963118837,-0.4437638203915314,0.3291139240506329,122.95634810111494,2404,-2.9215429401771837
crypto,ETHUSDT,1h,d55_rev,0.3331454290830454,-0.26018525544684457,0.5569620253164557,59.73482981485993,2404,-9.07408343778852
crypto,ETHUSDT,1h,d55_atr3,0.23511333335531562,-0.2974811478700372,0.4936708860759494,73.21331899239301,2404,-5.99010300851663
crypto,ETHUSDT,1h,d55_atr3_tr,0.2616231896801757,-0.297481147870038,0.4936708860759494,72.90691599900202,2404,-5.072544524252971
crypto,ETHUSDT,1h,d55_atr3_vol,0.2834179238630591,-0.2691611342865221,0.5189873417721519,71.34402796362963,2404,-5.36639602665013
crypto,ETHUSDT,1h,d55_chan20,0.03038121359689615,-0.3712935216210941,0.4430379746835443,71.5935783924453,2404,-6.324290555511069
crypto,ETHUSDT,1h,d20_chan10,-0.027655659553775316,-0.4245580074398193,0.4430379746835443,139.94947450958577,2404,-6.787932721601052
crypto,ETHUSDT,1h,boll_atr3,0.29739406291359843,-0.30239581039402486,0.5316455696202531,120.71172968101027,2404,-7.046507364580843
crypto,ETHUSDT,1h,kelt_atr3,0.45806540569339393,-0.26057179521475193,0.5316455696202531,87.2797565435375,2404,-6.955074549893493
crypto,BNBUSDT,1h,base_d55_tb,-1.4820711515273182,-0.49992138037474,0.2948717948717949,152.06963952240545,2364,-4.031075186201579
crypto,BNBUSDT,1h,d55_rev,0.3899422760417821,-0.256939874667496,0.5384615384615384,69.08698232749038,2364,-10.571999458890524
crypto,BNBUSDT,1h,d55_atr3,0.010147490259503952,-0.3349838041711354,0.46153846153846156,88.52139696612981,2364,-6.177927356328482
crypto,BNBUSDT,1h,d55_atr3_tr,0.013594236249801939,-0.3349838041711354,0.46153846153846156,88.46299705957274,2364,-6.80005852216873
crypto,BNBUSDT,1h,d55_atr3_vol,0.0975830478492025,-0.32145265766303455,0.5,84.59004597932606,2364,-6.329889097804753
crypto,BNBUSDT,1h,d55_chan20,-0.16744534860449906,-0.3533707803442272,0.4358974358974359,84.72052792252053,2364,-6.792237910950899
crypto,BNBUSDT,1h,d20_chan10,-0.42405393436909256,-0.48782179147977567,0.44871794871794873,169.9501137721657,2364,-8.26431412579962
crypto,BNBUSDT,1h,boll_atr3,-0.2650527332445349,-0.4414146275659574,0.358974358974359,139.87883929994422,2364,-8.618509373621167
crypto,BNBUSDT,1h,kelt_atr3,0.19471538663602553,-0.282162891241065,0.4358974358974359,100.6072164517593,2364,-6.9993011601145
crypto,XRPUSDT,1h,base_d55_tb,-0.714616986090692,-0.3635035858486325,0.34177215189873417,106.78089656129825,2399,-2.074775028137012
crypto,XRPUSDT,1h,d55_rev,0.3099716187842365,-0.3102361780435693,0.45569620253164556,54.41117340429116,2399,-6.486218305728821
crypto,XRPUSDT,1h,d55_atr3,0.1092381567263143,-0.2524152645172262,0.4936708860759494,66.75262464125169,2399,-4.013648149293185
crypto,XRPUSDT,1h,d55_atr3_tr,0.1066531808086529,-0.253988731831411,0.4936708860759494,66.74929139336241,2399,-5.335134298016474
crypto,XRPUSDT,1h,d55_atr3_vol,0.19152388533568918,-0.23151813331833915,0.5063291139240507,63.807283839800945,2399,-4.259223293821979
crypto,XRPUSDT,1h,d55_chan20,0.22290104307345587,-0.3090928138118151,0.46835443037974683,63.14475780742947,2399,-5.337210977257477
crypto,XRPUSDT,1h,d20_chan10,-0.09349866353562933,-0.42553978123633784,0.35443037974683544,125.28457463406205,2399,-6.798702253710355
crypto,XRPUSDT,1h,boll_atr3,-0.09159230174718344,-0.4178428814363342,0.5569620253164557,108.02420080980698,2399,-7.540965543684062
crypto,XRPUSDT,1h,kelt_atr3,0.4546929373717233,-0.2683462630063016,0.5443037974683544,75.57902118538128,2399,-5.647015592019847
crypto,SOLUSDT,1h,base_d55_tb,-0.9720397495206834,-0.3296052091835263,0.352112676056338,95.83656141237378,2147,-2.622288259384089
crypto,SOLUSDT,1h,d55_rev,0.3448654586342225,-0.20987279210432797,0.49295774647887325,41.684039454373575,2147,-6.556259738595757
crypto,SOLUSDT,1h,d55_atr3,0.25113338031292076,-0.2557072555713539,0.5211267605633803,53.26610800669651,2147,-5.046513624525364
crypto,SOLUSDT,1h,d55_atr3_tr,0.274215933628277,-0.2584559179205489,0.5352112676056338,53.034695655905395,2147,-4.238759726822586
crypto,SOLUSDT,1h,d55_atr3_vol,0.4016297510897071,-0.24454100694737246,0.5774647887323944,50.474150908491055,2147,-4.047422767630084
crypto,SOLUSDT,1h,d55_chan20,0.29045508629186445,-0.22114863513537164,0.5211267605633803,51.16781955625187,2147,-5.436277107324468
crypto,SOLUSDT,1h,d20_chan10,0.08690365968067097,-0.2473072095415746,0.5492957746478874,101.86622449692057,2147,-5.81856643681614
crypto,SOLUSDT,1h,boll_atr3,0.3419736534787463,-0.24052847928032584,0.5774647887323944,82.20199285831431,2147,-5.532923592954931
crypto,SOLUSDT,1h,kelt_atr3,0.758103007009171,-0.1992499572519233,0.6197183098591549,59.839528735187926,2147,-5.138993699140169
crypto,TRXUSDT,1h,base_d55_tb,-1.621922003157716,-0.5893589856104975,0.31645569620253167,218.2931376576649,2390,-4.90355567574119
crypto,TRXUSDT,1h,d55_rev,0.1525622764031191,-0.4493743125592873,0.5189873417721519,91.99589115257686,2390,-13.525287623514837
crypto,TRXUSDT,1h,d55_atr3,-0.20272212233219677,-0.4212416255441016,0.4936708860759494,120.35742376223742,2390,-9.140130881177774
crypto,TRXUSDT,1h,d55_atr3_tr,-0.19424316852728266,-0.42160567827966877,0.4936708860759494,119.98825120264809,2390,-8.441390895070057
crypto,TRXUSDT,1h,d55_atr3_vol,-0.3673917329905231,-0.46909283137957614,0.4810126582278481,113.69269906667888,2390,-8.551162052221569
crypto,TRXUSDT,1h,d55_chan20,-0.28975801243424304,-0.5323199239731082,0.4050632911392405,113.96071564773011,2390,-10.022233022202897
crypto,TRXUSDT,1h,d20_chan10,-0.7503267922346762,-0.6858055190920672,0.3924050632911392,225.5722890529509,2390,-11.941105585835963
crypto,TRXUSDT,1h,boll_atr3,-0.36713712402190574,-0.48311188907079783,0.45569620253164556,187.92288716413577,2390,-11.62241994274205
crypto,TRXUSDT,1h,kelt_atr3,-0.28425076325634036,-0.42128752578369877,0.5063291139240507,145.91985382261706,2390,-9.495046500575965
crypto,DOGEUSDT,1h,base_d55_tb,-0.7875407329929185,-0.32512188065632364,0.3972602739726027,91.77725024062606,2213,-2.5455436753164773
crypto,DOGEUSDT,1h,d55_rev,0.26803907301032937,-0.34122655871195684,0.547945205479452,47.36412041310628,2213,-7.764942996109496
crypto,DOGEUSDT,1h,d55_atr3,0.22215354301317317,-0.2588524131384431,0.5068493150684932,57.052637133304856,2213,-5.1312625848231015
crypto,DOGEUSDT,1h,d55_atr3_tr,0.22877706088835936,-0.2542073374167968,0.5068493150684932,56.916739567030795,2213,-5.25409209729187
crypto,DOGEUSDT,1h,d55_atr3_vol,0.26510853788439176,-0.26010337370378556,0.5068493150684932,55.33087251241766,2213,-4.3117614995524915
crypto,DOGEUSDT,1h,d55_chan20,0.24311578455358296,-0.25997523486912766,0.5068493150684932,54.89731705691539,2213,-5.143522762019157
crypto,DOGEUSDT,1h,d20_chan10,0.07139204769217317,-0.3976017055368902,0.5205479452054794,111.96103748704323,2213,-6.195641248606174
crypto,DOGEUSDT,1h,boll_atr3,0.3081608316282158,-0.37652404488239166,0.4794520547945205,92.57368040622268,2213,-6.74174533204421
crypto,DOGEUSDT,1h,kelt_atr3,0.060641870772770085,-0.37187044858456264,0.4657534246575342,66.18917255374741,2213,-5.555748535920028
crypto,ZECUSDT,1h,base_d55_tb,-0.8982448316660796,-0.3974383226708018,0.3333333333333333,88.47404888506895,2369,-3.854087157544389
crypto,ZECUSDT,1h,d55_rev,0.3401404418776575,-0.282537666863219,0.5384615384615384,39.95672384589059,2369,-8.472963518227791
crypto,ZECUSDT,1h,d55_atr3,0.45981856314038677,-0.2240314284439998,0.5256410256410257,48.55831583711741,2369,-5.800107964430849
crypto,ZECUSDT,1h,d55_atr3_tr,0.49223114776694993,-0.2243289684981553,0.5256410256410257,48.364715999412866,2369,-6.267759325967991
crypto,ZECUSDT,1h,d55_atr3_vol,0.4901251595454248,-0.23543944712469056,0.5641025641025641,45.59860208341301,2369,-6.079169748181301
crypto,ZECUSDT,1h,d55_chan20,0.03724312188603931,-0.36254652825087264,0.46153846153846156,48.188854352153015,2369,-6.367497971845239
crypto,ZECUSDT,1h,d20_chan10,-0.4993779440286224,-0.6455815086860666,0.4230769230769231,96.57890481592048,2369,-7.427547468351737
crypto,ZECUSDT,1h,boll_atr3,-0.07448133237763552,-0.48938430312584735,0.5,78.64292397317968,2369,-7.951367883529162
crypto,ZECUSDT,1h,kelt_atr3,0.5336001223886616,-0.18775301153883028,0.5641025641025641,54.80226306311649,2369,-6.29390556917349
crypto,ADAUSDT,1h,base_d55_tb,-0.11883955764498925,-0.21193204854156322,0.45569620253164556,97.89168774335906,2374,-2.9977418680866905
crypto,ADAUSDT,1h,d55_rev,0.589801465260899,-0.22251802494289874,0.5822784810126582,45.88579282844621,2374,-7.920223726361549
crypto,ADAUSDT,1h,d55_atr3,0.4218709341105602,-0.19951391242984795,0.5443037974683544,57.57693906822721,2374,-5.230462436208476
crypto,ADAUSDT,1h,d55_atr3_tr,0.42734668882293086,-0.1995139124298474,0.5443037974683544,57.4818990363213,2374,-5.6848541563393535
crypto,ADAUSDT,1h,d55_atr3_vol,0.32575772141436904,-0.2379527397658031,0.5189873417721519,55.616744788319615,2374,-4.936742448485749
crypto,ADAUSDT,1h,d55_chan20,0.25300913522555607,-0.21450216324218252,0.4936708860759494,55.93417265227864,2374,-5.173671380415525
crypto,ADAUSDT,1h,d20_chan10,-0.16303331006716132,-0.3640767491202015,0.4810126582278481,111.70926638382875,2374,-6.407738655908756
crypto,ADAUSDT,1h,boll_atr3,0.24283122122358866,-0.2122381973593277,0.5443037974683544,92.48047937864268,2374,-7.321934919263701
crypto,ADAUSDT,1h,kelt_atr3,0.29784021424266977,-0.21329233224226296,0.5063291139240507,65.9088364197226,2374,-5.544346777641703
crypto,XMRUSDT,1h,base_d55_tb,-2.5993426879772126,-0.670979603644605,0.2564102564102564,119.44556291495132,2371,-4.1714289969011
crypto,XMRUSDT,1h,d55_rev,-0.7469491685958218,-0.6321470936608038,0.3974358974358974,54.37600838513129,2371,-11.39478545409906
crypto,XMRUSDT,1h,d55_atr3,-1.24889912707734,-0.6790771875011966,0.358974358974359,67.79101713116398,2371,-7.346511279628495
crypto,XMRUSDT,1h,d55_atr3_tr,-1.2564354349874174,-0.6810649059173886,0.358974358974359,67.79018989630026,2371,-7.033438921843732
crypto,XMRUSDT,1h,d55_atr3_vol,-1.2001942751212145,-0.6450825552131799,0.358974358974359,61.89811952292054,2371,-7.504298239624274
crypto,XMRUSDT,1h,d55_chan20,-1.263501514013273,-0.6979347756705854,0.32051282051282054,66.11754578776028,2371,-8.217560365638484
crypto,XMRUSDT,1h,d20_chan10,-2.1212977640268234,-0.8768590386902989,0.20512820512820512,133.42621689632637,2371,-9.352432962799028
crypto,XMRUSDT,1h,boll_atr3,-1.371556563637326,-0.7788447326660537,0.28205128205128205,101.19766976858142,2371,-10.228618354519348
crypto,XMRUSDT,1h,kelt_atr3,-1.209385267614117,-0.6829266868189822,0.3076923076923077,69.64588201397108,2371,-8.094695300811583
crypto,LINKUSDT,1h,base_d55_tb,-1.7068222788957519,-0.5084259646313634,0.34177215189873417,102.6137147154123,2388,-3.5252866117347823
crypto,LINKUSDT,1h,d55_rev,-0.03215214702740389,-0.4419575584079771,0.5316455696202531,44.91406536600405,2388,-7.791638179677381
crypto,LINKUSDT,1h,d55_atr3,-0.26184473678928294,-0.39538945237151535,0.46835443037974683,56.87045754709226,2388,-4.95706388149844
crypto,LINKUSDT,1h,d55_atr3_tr,-0.27591650416124497,-0.4022202380986998,0.46835443037974683,56.86890638897308,2388,-5.797878021615928
crypto,LINKUSDT,1h,d55_atr3_vol,-0.2882213427583441,-0.3942383836731004,0.4430379746835443,54.23364302700022,2388,-5.027476594198744
crypto,LINKUSDT,1h,d55_chan20,-0.1651358437909457,-0.40852113393108547,0.46835443037974683,54.67534439021418,2388,-5.8024325509889545
crypto,LINKUSDT,1h,d20_chan10,-0.585910016663748,-0.5310860976630358,0.4430379746835443,107.8105786307382,2388,-6.590140817550017
crypto,LINKUSDT,1h,boll_atr3,-0.26086664441880925,-0.48807886445189286,0.4810126582278481,85.91342939896587,2388,-7.342582458096067
crypto,LINKUSDT,1h,kelt_atr3,0.2727180455613782,-0.23765009429875616,0.5316455696202531,62.08475466729299,2388,-5.408644240947592
crypto,XLMUSDT,1h,base_d55_tb,-1.3472574193395144,-0.5168554539621633,0.27848101265822783,115.84689189891077,2385,-2.796446518580448
crypto,XLMUSDT,1h,d55_rev,0.3429115911819521,-0.3012415776854731,0.4810126582278481,50.96557025724487,2385,-9.539808259858784
crypto,XLMUSDT,1h,d55_atr3,0.3642519131236625,-0.18802025073764705,0.5569620253164557,63.386662476133026,2385,-6.041180622900327
crypto,XLMUSDT,1h,d55_atr3_tr,0.37675665584242474,-0.18802025073764705,0.5569620253164557,63.25085851767233,2385,-6.440901749115281
crypto,XLMUSDT,1h,d55_atr3_vol,0.4082501592720608,-0.1765591303903269,0.4936708860759494,59.30239991582191,2385,-6.178659375194875
crypto,XLMUSDT,1h,d55_chan20,0.15606735787207682,-0.29487924327209447,0.4810126582278481,61.73111934577664,2385,-8.042313914157601
crypto,XLMUSDT,1h,d20_chan10,-0.2641786599656152,-0.4961918288570195,0.4050632911392405,125.96737039003558,2385,-8.163257044769455
crypto,XLMUSDT,1h,boll_atr3,0.31599146460852295,-0.26762861000239646,0.4810126582278481,100.13634896786232,2385,-8.839151063329624
crypto,XLMUSDT,1h,kelt_atr3,0.30800191302703783,-0.17015780989509288,0.4810126582278481,71.2437852491926,2385,-7.127068713024598
crypto,BCHUSDT,1h,base_d55_tb,-0.5585963280308983,-0.32452263199063947,0.3924050632911392,107.68994670625639,2404,-2.705718489053781
crypto,BCHUSDT,1h,d55_rev,0.20392647430839855,-0.3959576034460123,0.5189873417721519,52.52926134290282,2404,-8.356835807061932
crypto,BCHUSDT,1h,d55_atr3,-0.06348615284713491,-0.3412963958287034,0.4810126582278481,65.05392479267364,2404,-5.773244350969811
crypto,BCHUSDT,1h,d55_atr3_tr,-0.04681506793765432,-0.3410957059148968,0.4936708860759494,64.92472221796073,2404,-5.070350665596523
crypto,BCHUSDT,1h,d55_atr3_vol,0.11550182150879199,-0.22295573845831373,0.4810126582278481,61.707952983061645,2404,-5.325624703819553
crypto,BCHUSDT,1h,d55_chan20,-0.27354859979824064,-0.40208794865785324,0.4810126582278481,62.88559133202303,2404,-6.472493855897654
crypto,BCHUSDT,1h,d20_chan10,-0.9565923024100563,-0.7031425910313986,0.3670886075949367,123.04885105450747,2404,-6.969819093736288
crypto,BCHUSDT,1h,boll_atr3,-0.4142617805253676,-0.5636010928894464,0.4177215189873418,103.79966251406263,2404,-8.409071026293846
crypto,BCHUSDT,1h,kelt_atr3,-0.07539516021121069,-0.39158427460124656,0.43037974683544306,75.35265514557928,2404,-5.8864735295399715
crypto,LTCUSDT,1h,base_d55_tb,-2.093402665250028,-0.5817768675097164,0.26582278481012656,109.26323887063131,2396,-3.454575656098116
crypto,LTCUSDT,1h,d55_rev,-0.5855087695688131,-0.5983096105613477,0.43037974683544306,54.739725499243185,2396,-8.193492144236766
crypto,LTCUSDT,1h,d55_atr3,-0.807823551527035,-0.5308320906005635,0.4177215189873418,66.76696791371639,2396,-6.104285812475729
crypto,LTCUSDT,1h,d55_atr3_tr,-0.8128224454972223,-0.5324234121526161,0.4177215189873418,66.67708384325952,2396,-6.24232424816134
crypto,LTCUSDT,1h,d55_atr3_vol,-0.6874543175770458,-0.4867672407617736,0.4177215189873418,63.803550525136764,2396,-5.886658367212228
crypto,LTCUSDT,1h,d55_chan20,-0.7511795592560775,-0.5464903304532172,0.4430379746835443,63.72804131912767,2396,-6.15018232019337
crypto,LTCUSDT,1h,d20_chan10,-1.0944663964224168,-0.6883206781039,0.34177215189873417,127.61389116410766,2396,-8.215124902875246
crypto,LTCUSDT,1h,boll_atr3,-0.881590745370689,-0.6528176410023703,0.3670886075949367,107.0319369869115,2396,-7.414678768721325
crypto,LTCUSDT,1h,kelt_atr3,-0.12904891189042397,-0.3210617044413223,0.45569620253164556,72.68775559952164,2396,-5.5322467886535165
crypto,HBARUSDT,1h,base_d55_tb,-1.7732843256445328,-0.4890341290147032,0.23076923076923078,102.47177806790411,1963,-3.9017396622918175
crypto,HBARUSDT,1h,d55_rev,-0.1573517730426704,-0.3646481910542856,0.4307692307692308,46.32801214763748,1963,-10.054957811502911
crypto,HBARUSDT,1h,d55_atr3,-0.6345519120578247,-0.43377078317372886,0.4307692307692308,59.007756091214475,1963,-6.587310212351952
crypto,HBARUSDT,1h,d55_atr3_tr,-0.6177083650786952,-0.43377078317372886,0.4307692307692308,58.876238920933844,1963,-6.083896675172192
crypto,HBARUSDT,1h,d55_atr3_vol,-0.5852439552434583,-0.4100838118231699,0.38461538461538464,54.557399377149274,1963,-6.228230195576974
crypto,HBARUSDT,1h,d55_chan20,-0.6151620801299805,-0.4350975745356279,0.36923076923076925,56.57178316294715,1963,-7.721815389402002
crypto,HBARUSDT,1h,d20_chan10,-0.9001700236680849,-0.5172572146868776,0.4,111.84874307382323,1963,-7.081383626216215
crypto,HBARUSDT,1h,boll_atr3,-0.9201968367510787,-0.5438370066909037,0.4153846153846154,90.92537684848513,1963,-8.145881339406344
crypto,HBARUSDT,1h,kelt_atr3,-0.8012080899697046,-0.46853823830309227,0.38461538461538464,65.90859642202618,1963,-6.714319945160414
crypto,1000SHIBUSDT,1h,base_d55_tb,-0.5382879933777037,-0.24070601481783094,0.3492063492063492,94.69039311204482,1909,-1.9268492583226842
crypto,1000SHIBUSDT,1h,d55_rev,0.16599962350669203,-0.3980393037745582,0.5555555555555556,49.44923443033114,1909,-6.995940976620362
crypto,1000SHIBUSDT,1h,d55_atr3,0.2813955147786476,-0.22179991051603898,0.5079365079365079,58.372620875779134,1909,-4.9462840224614
crypto,1000SHIBUSDT,1h,d55_atr3_tr,0.2807162133837755,-0.22235984466191594,0.5079365079365079,58.24891580913671,1909,-5.196361649247762
crypto,1000SHIBUSDT,1h,d55_atr3_vol,0.29059685138399943,-0.18737794617603587,0.5079365079365079,55.836140199052736,1909,-3.9274135241862727
crypto,1000SHIBUSDT,1h,d55_chan20,0.30126610535813125,-0.2483127357169228,0.5079365079365079,55.306128195725634,1909,-5.831325392236833
crypto,1000SHIBUSDT,1h,d20_chan10,-0.13426683157536262,-0.3624693704840992,0.47619047619047616,112.68735540473341,1909,-6.545996531919921
crypto,1000SHIBUSDT,1h,boll_atr3,0.03291501006203293,-0.29192438522961206,0.5079365079365079,97.41992243915989,1909,-7.598667620963304
crypto,1000SHIBUSDT,1h,kelt_atr3,-0.08463235352653117,-0.3250516337417313,0.5079365079365079,67.91980951279389,1909,-5.2622420550014715
crypto,AVAXUSDT,1h,base_d55_tb,-1.167595295279734,-0.36663034760997637,0.29577464788732394,96.21949299359522,2138,-3.0619015137177445
crypto,AVAXUSDT,1h,d55_rev,0.4549602693539211,-0.23128146707456776,0.4507042253521127,41.75196672743604,2138,-7.63158663391484
crypto,AVAXUSDT,1h,d55_atr3,0.1450454552275809,-0.2416790117067108,0.5492957746478874,54.25965043900014,2138,-5.397548213606245
crypto,AVAXUSDT,1h,d55_atr3_tr,0.14826612795507504,-0.24167901170671025,0.5352112676056338,54.032784993670816,2138,-5.380009288415273
crypto,AVAXUSDT,1h,d55_atr3_vol,0.09933029509208968,-0.2463312000235538,0.4788732394366197,51.80385926132163,2138,-4.710850122235904
crypto,AVAXUSDT,1h,d55_chan20,0.2541235742646898,-0.24137520231187293,0.5211267605633803,51.44197765191506,2138,-5.188926457344104
crypto,AVAXUSDT,1h,d20_chan10,-0.05787705440642809,-0.23457704313797922,0.4647887323943662,101.83646490262899,2138,-6.655061822705448
crypto,AVAXUSDT,1h,boll_atr3,0.13579208335408216,-0.29716526051031433,0.5352112676056338,83.95095694498922,2138,-6.564167163880507
crypto,AVAXUSDT,1h,kelt_atr3,0.03300036938891758,-0.3053736984490726,0.5352112676056338,63.061467759520774,2138,-5.477211270631917
crypto,SUIUSDT,1h,base_d55_tb,0.439948420133562,-0.06765920585595486,0.5128205128205128,83.79567851467787,1186,-2.1879828057394923
crypto,SUIUSDT,1h,d55_rev,0.7225704264349995,-0.13502650920533255,0.5384615384615384,38.927993901645806,1186,-6.4979656230814165
crypto,SUIUSDT,1h,d55_atr3,0.8700390244252799,-0.10648476669296791,0.5128205128205128,47.95275382742776,1186,-4.687598804284762
crypto,SUIUSDT,1h,d55_atr3_tr,0.8603618393692858,-0.10648476669296791,0.5128205128205128,47.81272784416394,1186,-5.082657143746567
crypto,SUIUSDT,1h,d55_atr3_vol,0.8889772075240271,-0.10681540295631287,0.5641025641025641,46.24071224295282,1186,-4.199008436594548
crypto,SUIUSDT,1h,d55_chan20,0.6981044585928977,-0.09034919902614158,0.5641025641025641,46.15577714829105,1186,-4.828872355295477
crypto,SUIUSDT,1h,d20_chan10,0.08525044482840241,-0.151488372512825,0.4358974358974359,94.07783063510102,1186,-6.040204346399265
crypto,SUIUSDT,1h,boll_atr3,-0.13726915721310098,-0.2538169685783519,0.46153846153846156,78.585345121209,1186,-5.546699708673588
crypto,SUIUSDT,1h,kelt_atr3,0.06841173351748828,-0.17966474336005545,0.48717948717948717,57.04010644634394,1186,-3.7715168097921126
crypto,UNIUSDT,1h,base_d55_tb,-1.6013428110660348,-0.4774939656320789,0.36619718309859156,92.88167428706463,2143,-2.3795331797705166
crypto,UNIUSDT,1h,d55_rev,-0.17008138181990218,-0.3779413196498528,0.5070422535211268,42.97676323254018,2143,-7.480396422443925
crypto,UNIUSDT,1h,d55_atr3,-0.5441218936553112,-0.3943745859969856,0.39436619718309857,54.483178506985965,2143,-5.158186504354786
crypto,UNIUSDT,1h,d55_atr3_tr,-0.5209428135934686,-0.38614492524457633,0.39436619718309857,54.25253733807604,2143,-5.942182362308797
crypto,UNIUSDT,1h,d55_atr3_vol,-0.5392980201972292,-0.37864141730145373,0.36619718309859156,51.20170952875311,2143,-5.132794139083307
crypto,UNIUSDT,1h,d55_chan20,-0.5189714652961779,-0.4426956978343384,0.4788732394366197,52.14097014282578,2143,-5.196881230803599
crypto,UNIUSDT,1h,d20_chan10,-0.9411856227177009,-0.6485537109853692,0.352112676056338,102.17548927461324,2143,-6.758506842900779
crypto,UNIUSDT,1h,boll_atr3,-0.67091388734925,-0.5772074991635499,0.323943661971831,83.59489738640664,2143,-6.973002917048062
crypto,UNIUSDT,1h,kelt_atr3,-0.5047179404271273,-0.4032672190056884,0.43661971830985913,60.73423551794928,2143,-5.760725007543497
crypto,NEARUSDT,1h,base_d55_tb,-1.361244964108097,-0.44279338287924186,0.38571428571428573,86.27952659985276,2116,-3.0807124260929197
crypto,NEARUSDT,1h,d55_rev,-0.28022127849824197,-0.35274751210217237,0.4857142857142857,38.48596874108534,2116,-6.736637060566515
crypto,NEARUSDT,1h,d55_atr3,0.04813457552175251,-0.19830140156174236,0.5142857142857142,47.52317463011047,2116,-4.449009789755542
crypto,NEARUSDT,1h,d55_atr3_tr,0.07412990662528607,-0.19001652234123434,0.5142857142857142,47.33963921381621,2116,-5.74265357668372
crypto,NEARUSDT,1h,d55_atr3_vol,0.09087955001344511,-0.18545296085982899,0.5142857142857142,44.921452400919954,2116,-4.313463933549394
crypto,NEARUSDT,1h,d55_chan20,-0.12146661887801578,-0.28303430917763406,0.4714285714285714,46.030423759458984,2116,-5.589324785556574
crypto,NEARUSDT,1h,d20_chan10,-0.3323516045902551,-0.34699497958008074,0.4714285714285714,88.5582992496036,2116,-5.913132521956456
crypto,NEARUSDT,1h,boll_atr3,0.6824076147662818,-0.162606128086781,0.6,69.29519971194667,2116,-6.4011171129035676
crypto,NEARUSDT,1h,kelt_atr3,0.24883010689949442,-0.1879117424478286,0.5428571428571428,50.85137995175737,2116,-5.388449331267882
crypto,DOTUSDT,1h,base_d55_tb,-1.3955866925648077,-0.4320755827782716,0.2777777777777778,103.42137456500758,2170,-4.04432062167159
crypto,DOTUSDT,1h,d55_rev,0.13625890110031227,-0.233604091300616,0.5,47.60731586738114,2170,-7.818022999397971
crypto,DOTUSDT,1h,d55_atr3,-0.16481680342245214,-0.36286196666198345,0.4722222222222222,60.19356192216284,2170,-6.2227245038224295
crypto,DOTUSDT,1h,d55_atr3_tr,-0.12438526061899005,-0.35132106158441034,0.4861111111111111,59.70844231023203,2170,-5.803533588803901
crypto,DOTUSDT,1h,d55_atr3_vol,-0.18207630412216833,-0.3558257784877512,0.4861111111111111,56.43605390739664,2170,-5.545663772109297
crypto,DOTUSDT,1h,d55_chan20,-0.09384839310675591,-0.32110994779683544,0.4444444444444444,57.57115377559322,2170,-6.449091499180114
crypto,DOTUSDT,1h,d20_chan10,-0.5875957865968887,-0.4988432741236898,0.3888888888888889,112.39215581483195,2170,-7.198670505991652
crypto,DOTUSDT,1h,boll_atr3,-0.40073226887227487,-0.46519292472294604,0.4722222222222222,94.05611156744523,2170,-7.284835816812339
crypto,DOTUSDT,1h,kelt_atr3,-0.008321408407245793,-0.271315385088868,0.4722222222222222,67.17365311137547,2170,-5.869171338060941
crypto,AAVEUSDT,1h,base_d55_tb,-1.0893688603326654,-0.38841521288926584,0.34285714285714286,90.73516773138641,2115,-2.539935932663759
crypto,AAVEUSDT,1h,d55_rev,-0.028336112702569947,-0.2789471369616493,0.5285714285714286,40.6727150515864,2115,-7.253574293443064
crypto,AAVEUSDT,1h,d55_atr3,0.049258808851097714,-0.19172170153358514,0.42857142857142855,50.69660552292605,2115,-4.8844928517224835
crypto,AAVEUSDT,1h,d55_atr3_tr,0.06198010115897825,-0.19282768806775918,0.42857142857142855,50.519019516113936,2115,-5.1591534853488
crypto,AAVEUSDT,1h,d55_atr3_vol,0.002830984635023788,-0.20308505924941112,0.5,47.915459861773606,2115,-4.90405117031714
crypto,AAVEUSDT,1h,d55_chan20,-0.28789859081625196,-0.3652718274296155,0.5,49.51095294489526,2115,-5.130772004744537
crypto,AAVEUSDT,1h,d20_chan10,-0.7198033637535728,-0.5926715433076367,0.5,98.29749110595026,2115,-6.061126269880154
crypto,AAVEUSDT,1h,boll_atr3,-0.26210132362026095,-0.36877003726735935,0.4714285714285714,78.91509865408199,2115,-6.565076616344529
crypto,AAVEUSDT,1h,kelt_atr3,-0.15023010062413505,-0.2627456117925563,0.45714285714285713,57.39423068030404,2115,-6.260430907794746
crypto,1000PEPEUSDT,1h,base_d55_tb,-0.2497553886384617,-0.14006679583088588,0.48717948717948717,72.51982186881196,1184,-1.8337630426477805
crypto,1000PEPEUSDT,1h,d55_rev,0.12812225555210457,-0.18755034901322942,0.5384615384615384,35.16483897831378,1184,-4.8902196101523545
crypto,1000PEPEUSDT,1h,d55_atr3,0.5103900107433723,-0.1591267814201094,0.5641025641025641,44.088713659551566,1184,-3.180992605384873
crypto,1000PEPEUSDT,1h,d55_atr3_tr,0.5028295676068427,-0.1612958056718613,0.5641025641025641,43.946165883644795,1184,-3.7440991744934524
crypto,1000PEPEUSDT,1h,d55_atr3_vol,0.45452038298223874,-0.1720834018440941,0.5128205128205128,42.260057383209656,1184,-4.2675711956066325
crypto,1000PEPEUSDT,1h,d55_chan20,0.4342130892789336,-0.1481068239020007,0.41025641025641024,42.007598038238854,1184,-4.644350902086707
crypto,1000PEPEUSDT,1h,d20_chan10,0.7747139454470983,-0.19427613634245366,0.6410256410256411,82.48805894873975,1184,-5.291098491771003
crypto,1000PEPEUSDT,1h,boll_atr3,0.5543371527744411,-0.16483580194993197,0.6410256410256411,68.81428171903397,1184,-5.385216698991103
crypto,1000PEPEUSDT,1h,kelt_atr3,0.8135516994723883,-0.13594816064477544,0.48717948717948717,47.988877593455626,1184,-3.817167825380644
crypto,ICPUSDT,1h,base_d55_tb,-1.3871314499677752,-0.3825053450042851,0.3492063492063492,87.66730403645137,1908,-2.8919662440310416
crypto,ICPUSDT,1h,d55_rev,0.30526897475796155,-0.16447503011522446,0.5873015873015873,40.0818552042588,1908,-9.021245545487055
crypto,ICPUSDT,1h,d55_atr3,-0.10142482114940367,-0.19373184173323266,0.4444444444444444,50.303860116490185,1908,-5.255535128905901
crypto,ICPUSDT,1h,d55_atr3_tr,-0.07974761620436062,-0.18660176160437136,0.4444444444444444,49.99859663819476,1908,-5.9274876714851406
crypto,ICPUSDT,1h,d55_atr3_vol,0.06362677502698984,-0.1612191045226512,0.4444444444444444,46.76760709040769,1908,-5.6500142900033685
crypto,ICPUSDT,1h,d55_chan20,-0.35404655264652546,-0.31578352601888826,0.47619047619047616,49.07036482043875,1908,-6.625144636914853
crypto,ICPUSDT,1h,d20_chan10,-1.070331855258295,-0.6303519408307341,0.3333333333333333,95.67545830126926,1908,-7.427480398591032
crypto,ICPUSDT,1h,boll_atr3,-0.03890538913460996,-0.20739692980152924,0.4603174603174603,74.51089065090092,1908,-7.328623307921509
crypto,ICPUSDT,1h,kelt_atr3,-0.10224268477948555,-0.1925576625103712,0.42857142857142855,53.92298705733783,1908,-7.012411715956658
crypto,ETCUSDT,1h,base_d55_tb,-1.0241329892065127,-0.41750285910766294,0.3291139240506329,100.52822778534278,2389,-3.072809572446189
crypto,ETCUSDT,1h,d55_rev,0.1978930873951968,-0.4270710530840086,0.46835443037974683,50.174387313393,2389,-8.330363582675405
crypto,ETCUSDT,1h,d55_atr3,0.04032567288739936,-0.34565390734610013,0.4810126582278481,61.207818511182204,2389,-5.000123890687689
crypto,ETCUSDT,1h,d55_atr3_tr,0.047110738619193286,-0.3419454816064891,0.4810126582278481,61.140739887460185,2389,-6.292899767753278
crypto,ETCUSDT,1h,d55_atr3_vol,-0.061833096464422345,-0.41189568824936373,0.45569620253164556,59.391739232803914,2389,-5.687786168790899
crypto,ETCUSDT,1h,d55_chan20,-0.20857422713910395,-0.49398723399276734,0.4810126582278481,59.220727084629296,2389,-6.666438123205512
crypto,ETCUSDT,1h,d20_chan10,-0.3718886190737994,-0.49620677743517605,0.46835443037974683,117.40421192438751,2389,-7.620927025850641
crypto,ETCUSDT,1h,boll_atr3,-0.18425121470820133,-0.4687810980028281,0.46835443037974683,99.44749217922298,2389,-8.48392372306109
crypto,ETCUSDT,1h,kelt_atr3,0.3315076715113314,-0.30959265813241066,0.5189873417721519,69.23709134239063,2389,-6.650726675951562
crypto,ALGOUSDT,1h,base_d55_tb,-1.7509044319201466,-0.5070099901380161,0.2972972972972973,97.36202975017481,2237,-3.8780515736698895
crypto,ALGOUSDT,1h,d55_rev,0.30539197210075586,-0.1841373495251597,0.5540540540540541,41.82486180651329,2237,-9.10516542645475
crypto,ALGOUSDT,1h,d55_atr3,-0.06339939014410868,-0.3287991691642679,0.47297297297297297,52.35979143994714,2237,-6.001414123524079
crypto,ALGOUSDT,1h,d55_atr3_tr,-0.07425430876335876,-0.3339067890354698,0.47297297297297297,52.35017382066273,2237,-6.454871480089717
crypto,ALGOUSDT,1h,d55_atr3_vol,-0.1303157700329718,-0.30395892381012035,0.47297297297297297,48.96697281196511,2237,-6.656388407260033
crypto,ALGOUSDT,1h,d55_chan20,-0.13845049236044613,-0.3246280533719822,0.5135135135135135,50.675374635692684,2237,-6.880002472340261
crypto,ALGOUSDT,1h,d20_chan10,-0.7685279489294224,-0.5299299389585442,0.3918918918918919,98.69472343467683,2237,-8.092984077953004
crypto,ALGOUSDT,1h,boll_atr3,-0.11886385679645926,-0.3272115878573172,0.4864864864864865,80.14827303948609,2237,-8.381509907756172
crypto,ALGOUSDT,1h,kelt_atr3,-0.11560399789597543,-0.30274395953197564,0.5,57.81099580449543,2237,-6.234933486460321
crypto,ATOMUSDT,1h,base_d55_tb,-1.9706157298099929,-0.5579851305028036,0.24358974358974358,104.17404120678826,2367,-3.797406215542128
crypto,ATOMUSDT,1h,d55_rev,-0.27607923104553345,-0.5543422365284898,0.41025641025641024,45.83837084497817,2367,-8.69690359869221
crypto,ATOMUSDT,1h,d55_atr3,-0.3564786555121432,-0.4299215783607341,0.4358974358974359,58.74545223965261,2367,-5.704977748750798
crypto,ATOMUSDT,1h,d55_atr3_tr,-0.3754294994098641,-0.4389553173947478,0.4358974358974359,58.72914623143536,2367,-6.167012175571629
crypto,ATOMUSDT,1h,d55_atr3_vol,-0.4338461045376406,-0.42382370640355027,0.3974358974358974,55.31994405123562,2367,-5.893071847447312
crypto,ATOMUSDT,1h,d55_chan20,-0.4386436661119668,-0.49965784178737593,0.47435897435897434,56.10691341071291,2367,-6.833819854320039
crypto,ATOMUSDT,1h,d20_chan10,-0.6750071570253665,-0.564810961500948,0.3974358974358974,110.88337048832368,2367,-7.407437730984741
crypto,ATOMUSDT,1h,boll_atr3,-0.3535281870520008,-0.4255838787985886,0.48717948717948717,90.1094406018967,2367,-8.357040976357275
crypto,ATOMUSDT,1h,kelt_atr3,-0.20529566971439783,-0.3225749334661565,0.38461538461538464,64.90014237848334,2367,-6.897732918364098
crypto,FILUSDT,1h,base_d55_tb,-0.16432072477421755,-0.21965843326716517,0.42857142857142855,86.17917210961065,2115,-2.7377145630939412
crypto,FILUSDT,1h,d55_rev,0.4356416556326982,-0.4866136873989565,0.5285714285714286,42.347326469768184,2115,-7.4086446403600235
crypto,FILUSDT,1h,d55_atr3,0.5439028317283886,-0.26441104903373414,0.5571428571428572,51.79722504634598,2115,-4.762833532581564
crypto,FILUSDT,1h,d55_atr3_tr,0.5555821921347502,-0.26315618551690223,0.5571428571428572,51.68071090113347,2115,-4.229234230896609
crypto,FILUSDT,1h,d55_atr3_vol,0.565341070823151,-0.25139988249753176,0.6285714285714286,50.30775910396665,2115,-4.629510161477988
crypto,FILUSDT,1h,d55_chan20,0.5738284485753219,-0.30943937953033585,0.5714285714285714,48.98919126719428,2115,-5.222690222874389
crypto,FILUSDT,1h,d20_chan10,0.17633488444022885,-0.3180843896709993,0.6,98.91381793637198,2115,-5.946008581125756
crypto,FILUSDT,1h,boll_atr3,0.5031567689397497,-0.3027254060824226,0.6285714285714286,82.58713939389312,2115,-7.488246666516738
crypto,FILUSDT,1h,kelt_atr3,0.423810454681512,-0.3015135372859057,0.5428571428571428,59.24827680912935,2115,-5.903480287506575
crypto,ARBUSDT,1h,base_d55_tb,-0.5006943426433805,-0.2088082403521091,0.4878048780487805,95.59816384683806,1227,-2.8277038228291085
crypto,ARBUSDT,1h,d55_rev,0.5440891958044243,-0.1952956602214866,0.6829268292682927,43.03725957414572,1227,-6.893044663376897
crypto,ARBUSDT,1h,d55_atr3,0.5905217548299408,-0.13194868198082443,0.5609756097560976,54.958723778720014,1227,-5.614103393452165
crypto,ARBUSDT,1h,d55_atr3_tr,0.571351211560281,-0.1273837750686594,0.5609756097560976,54.710836459330345,1227,-5.480863221300148
crypto,ARBUSDT,1h,d55_atr3_vol,0.515321929554923,-0.11680055515366683,0.5121951219512195,51.89319017782463,1227,-5.080297119893565
crypto,ARBUSDT,1h,d55_chan20,0.09417889426450413,-0.19167092598676616,0.4878048780487805,53.61476772972221,1227,-6.63957916581982
crypto,ARBUSDT,1h,d20_chan10,-0.20370176894605593,-0.25915588966969205,0.4634146341463415,106.6735765769784,1227,-7.0818218589094295
crypto,ARBUSDT,1h,boll_atr3,-0.03004912783133498,-0.2072271563475142,0.5365853658536586,89.11628786180471,1227,-6.464355518477236
crypto,ARBUSDT,1h,kelt_atr3,0.3359022021520896,-0.15324634198371856,0.5121951219512195,63.06545902659736,1227,-6.336334839107731
crypto,APTUSDT,1h,base_d55_tb,-0.6962002948266884,-0.22457043902425422,0.41304347826086957,93.97273152030047,1382,-2.7813895738578283
crypto,APTUSDT,1h,d55_rev,0.13220850608156187,-0.27033170852757127,0.5,42.6929595534434,1382,-7.867908732849765
crypto,APTUSDT,1h,d55_atr3,-0.18286455917009137,-0.27162891073409645,0.5,54.17740143264512,1382,-4.987756977763875
crypto,APTUSDT,1h,d55_atr3_tr,-0.17778283494879044,-0.27057323032997915,0.5,53.916528470307846,1382,-4.029969616598899
crypto,APTUSDT,1h,d55_atr3_vol,-0.11049952000322386,-0.259261748298636,0.45652173913043476,50.786492437815205,1382,-4.9714120007762945
crypto,APTUSDT,1h,d55_chan20,-0.3008364223712557,-0.3031023572937478,0.45652173913043476,52.39890058196127,1382,-5.997612503738456
crypto,APTUSDT,1h,d20_chan10,-0.7936364981414838,-0.48200628056141115,0.43478260869565216,104.56671514984491,1382,-7.254273073997787
crypto,APTUSDT,1h,boll_atr3,-0.3137371394474152,-0.3523833227780203,0.4782608695652174,85.46034444084758,1382,-6.505682636389047
crypto,APTUSDT,1h,kelt_atr3,-0.07748532389041286,-0.2686091142605138,0.5434782608695652,59.49684924268916,1382,-4.614031633469469
crypto,INJUSDT,1h,base_d55_tb,-0.5965364094541806,-0.21727459753400857,0.4375,84.30217926018354,1445,-3.2403005939658214
crypto,INJUSDT,1h,d55_rev,0.4776594068142489,-0.15330733204476088,0.5833333333333334,35.7423929539155,1445,-7.776690405081649
crypto,INJUSDT,1h,d55_atr3,0.4533750737358792,-0.12858077083668173,0.5208333333333334,45.8311071355157,1445,-5.0344984536518895
crypto,INJUSDT,1h,d55_atr3_tr,0.43704728271450505,-0.1291096732162631,0.5208333333333334,45.79939568353032,1445,-5.818151855159219
crypto,INJUSDT,1h,d55_atr3_vol,0.4714512690508306,-0.10002982402565752,0.5208333333333334,42.79707030219003,1445,-4.710321173152868
crypto,INJUSDT,1h,d55_chan20,0.22546486727269557,-0.13428541987731712,0.4583333333333333,44.30682184053755,1445,-6.311661823160686
crypto,INJUSDT,1h,d20_chan10,-0.5054719038411938,-0.29385035654981473,0.4166666666666667,90.83054700698534,1445,-5.650612173870993
crypto,INJUSDT,1h,boll_atr3,0.22212456063576572,-0.21606065984672407,0.5416666666666666,71.75949603098242,1445,-7.053430235363097
crypto,INJUSDT,1h,kelt_atr3,0.5213209210158358,-0.10912572131171783,0.5,51.36379297491864,1445,-5.80256313882369
crypto,DASHUSDT,1h,base_d55_tb,-1.4423102355032131,-0.5388208866352503,0.3333333333333333,97.71328154784236,2370,-5.022488301898423
crypto,DASHUSDT,1h,d55_rev,-0.24916211194375382,-0.6449504462572426,0.47435897435897434,46.543968317576606,2370,-10.865799540677003
crypto,DASHUSDT,1h,d55_atr3,-0.1330888629540695,-0.30704042143805843,0.44871794871794873,56.51337805973967,2370,-7.497429911415212
crypto,DASHUSDT,1h,d55_atr3_tr,-0.08235081371143786,-0.2866257272784819,0.46153846153846156,56.22238665940224,2370,-7.4544682346701885
crypto,DASHUSDT,1h,d55_atr3_vol,-0.03502999731840305,-0.29182342545755824,0.48717948717948717,52.58918698519852,2370,-6.868395558542346
crypto,DASHUSDT,1h,d55_chan20,0.015863037603737022,-0.32008931868100077,0.5,54.70982676188001,2370,-8.00579753653826
crypto,DASHUSDT,1h,d20_chan10,-0.4728053623487145,-0.6188013332651496,0.4230769230769231,109.0860101990554,2370,-9.799673045850074
crypto,DASHUSDT,1h,boll_atr3,-0.3368368592807866,-0.5353255570981691,0.44871794871794873,88.45012988391044,2370,-10.502137224635453
crypto,DASHUSDT,1h,kelt_atr3,0.20383596623650774,-0.26904462547651664,0.5,61.83236941801837,2370,-7.730714653502684
crypto,VETUSDT,1h,base_d55_tb,-1.5793194159405632,-0.5043139438571058,0.2692307692307692,99.57458604959186,2360,-4.380565204024872
crypto,VETUSDT,1h,d55_rev,-0.180289637937545,-0.4718962461801619,0.5,45.102238357800445,2360,-10.46321448354389
crypto,VETUSDT,1h,d55_atr3,-0.04703642046610998,-0.39045328916123834,0.44871794871794873,55.40111280828487,2360,-6.613841424108901
crypto,VETUSDT,1h,d55_atr3_tr,-0.038352050952263766,-0.3838992081129552,0.44871794871794873,55.264513539230315,2360,-6.475529670937293
crypto,VETUSDT,1h,d55_atr3_vol,-0.03539156088605517,-0.37056080722814844,0.47435897435897434,52.258915262502185,2360,-6.46640865427262
crypto,VETUSDT,1h,d55_chan20,-0.4136932125134743,-0.4847818615830012,0.38461538461538464,53.553074879164576,2360,-7.301667657314743
crypto,VETUSDT,1h,d20_chan10,-0.8345035956049094,-0.6267505937594362,0.34615384615384615,105.65988061743263,2360,-8.827384692661166
crypto,VETUSDT,1h,boll_atr3,-0.3029636730435517,-0.4561986098222831,0.4230769230769231,86.06758832042543,2360,-8.958551477400727
crypto,VETUSDT,1h,kelt_atr3,-0.21500801704593817,-0.38502571669568875,0.38461538461538464,61.66048930090397,2360,-7.327036430720629
crypto,FETUSDT,1h,base_d55_tb,-0.411186018238201,-0.13596421127507952,0.4883720930232558,82.40855120151406,1292,-2.53895989021252
crypto,FETUSDT,1h,d55_rev,0.14820892534026614,-0.2411123929576089,0.5348837209302325,35.95282116073211,1292,-7.3318836835821495
crypto,FETUSDT,1h,d55_atr3,0.28215146270906777,-0.13177852582075766,0.5348837209302325,44.6411989392791,1292,-4.167383540668747
crypto,FETUSDT,1h,d55_atr3_tr,0.2862393450762237,-0.13177852582075766,0.5348837209302325,44.59814727169262,1292,-5.2479468797992395
crypto,FETUSDT,1h,d55_atr3_vol,0.31919355446054076,-0.13103278598982893,0.5116279069767442,41.758739116473414,1292,-4.412388324874624
crypto,FETUSDT,1h,d55_chan20,0.25648060690543506,-0.14891425449214535,0.6046511627906976,43.265203891014146,1292,-5.360642383251941
crypto,FETUSDT,1h,d20_chan10,0.18077834779081284,-0.23979114555040149,0.5348837209302325,84.89574957071787,1292,-5.626485234386894
crypto,FETUSDT,1h,boll_atr3,0.33732931230712276,-0.19849064980590736,0.5813953488372093,68.33819638046113,1292,-6.842590851871706
crypto,FETUSDT,1h,kelt_atr3,0.0663610311587509,-0.23167585224125076,0.46511627906976744,49.378643493106566,1292,-4.654737363172518
crypto,CRVUSDT,1h,base_d55_tb,-1.589338343968771,-0.4689090399695526,0.2676056338028169,73.8723544674982,2160,-2.60030436578765
crypto,CRVUSDT,1h,d55_rev,-0.19907175053504514,-0.4327692145588281,0.4507042253521127,34.11056963981443,2160,-6.2361026664538555
crypto,CRVUSDT,1h,d55_atr3,-0.5329590643483936,-0.4325453692395548,0.43661971830985913,42.474037824856424,2160,-3.9734574689587587
crypto,CRVUSDT,1h,d55_atr3_tr,-0.5367509696162664,-0.43841951845278504,0.43661971830985913,42.44879652453799,2160,-4.397173427467145
crypto,CRVUSDT,1h,d55_atr3_vol,-0.5892493393574781,-0.46144590333320756,0.38028169014084506,39.75016790149423,2160,-4.295797221216499
crypto,CRVUSDT,1h,d55_chan20,-0.5183987193707158,-0.4683528315226293,0.4084507042253521,41.332396431231096,2160,-5.6137071770293705
crypto,CRVUSDT,1h,d20_chan10,-1.1524294763378045,-0.6829696002511799,0.39436619718309857,81.96397153458366,2160,-5.166323858918825
crypto,CRVUSDT,1h,boll_atr3,-0.6973109706994534,-0.5674179462773294,0.4084507042253521,65.99513236554695,2160,-6.371817626579004
crypto,CRVUSDT,1h,kelt_atr3,-0.49213346638057437,-0.45630604528632634,0.36619718309859156,44.47285631892154,2160,-4.496803856494404
crypto,1000LUNCUSDT,1h,base_d55_tb,-1.2319520778421673,-0.3752809245942911,0.2553191489361702,84.65242578371982,1422,-2.5105192298506616
crypto,1000LUNCUSDT,1h,d55_rev,0.0318763564830856,-0.288372029526331,0.5106382978723404,44.3741392439252,1422,-9.824710277997898
crypto,1000LUNCUSDT,1h,d55_atr3,-0.00943301200275838,-0.25583210713321536,0.40425531914893614,52.79793323287686,1422,-5.714393419325133
crypto,1000LUNCUSDT,1h,d55_atr3_tr,-0.010350891021260293,-0.25583210713321536,0.40425531914893614,52.7978677635848,1422,-6.505507159641233
crypto,1000LUNCUSDT,1h,d55_atr3_vol,-0.037589080515011974,-0.24553828987614634,0.40425531914893614,50.48310042429874,1422,-6.074131768718077
crypto,1000LUNCUSDT,1h,d55_chan20,-0.2146374101455769,-0.31752666297413,0.44680851063829785,50.99992599273107,1422,-6.837850419831559
crypto,1000LUNCUSDT,1h,d20_chan10,-0.5496227370886709,-0.423141611584011,0.40425531914893614,103.80012631331896,1422,-8.669518869926979
crypto,1000LUNCUSDT,1h,boll_atr3,-0.4418840956730168,-0.39188791231652664,0.425531914893617,90.34851638730834,1422,-9.196501589543173
crypto,1000LUNCUSDT,1h,kelt_atr3,-0.29165017770835566,-0.3036560993553612,0.40425531914893614,60.51365292323797,1422,-6.628419096012655
crypto,STXUSDT,1h,base_d55_tb,-0.5661199462763392,-0.1982860153177135,0.42857142857142855,90.72226648488461,1257,-3.896326854676007
crypto,STXUSDT,1h,d55_rev,0.09496713796992302,-0.22730086745955347,0.5238095238095238,42.41254757256265,1257,-9.475225383865546
crypto,STXUSDT,1h,d55_atr3,0.5964020055897568,-0.21159039270934343,0.5476190476190477,51.56273111898211,1257,-5.000225090687521
crypto,STXUSDT,1h,d55_atr3_tr,0.6344879447475443,-0.20410589124498657,0.5476190476190477,51.27793992655711,1257,-6.405435709853583
crypto,STXUSDT,1h,d55_atr3_vol,0.47075642429761033,-0.18429057295750795,0.47619047619047616,48.75122818502071,1257,-5.651221879598054
crypto,STXUSDT,1h,d55_chan20,0.4940109631376361,-0.20636195830274984,0.5952380952380952,49.60648795050275,1257,-6.375026060109306
crypto,STXUSDT,1h,d20_chan10,0.06044955789896822,-0.2522210729884732,0.5476190476190477,97.23251298649255,1257,-7.2932950427449805
crypto,STXUSDT,1h,boll_atr3,0.07708160382299042,-0.23072685300057238,0.5238095238095238,81.89120653678997,1257,-7.048481058719464
crypto,STXUSDT,1h,kelt_atr3,0.31102817075876976,-0.22298815112666637,0.6190476190476191,57.76157724666814,1257,-7.817583319964028
crypto,LDOUSDT,1h,base_d55_tb,-0.7085167353617965,-0.22609166659098123,0.3617021276595745,87.12268187996905,1409,-3.6602450613531157
crypto,LDOUSDT,1h,d55_rev,-0.3294098985649586,-0.35044299102764764,0.44680851063829785,39.81755554832116,1409,-7.46796183938118
crypto,LDOUSDT,1h,d55_atr3,-0.13835466052019552,-0.23764689717295295,0.44680851063829785,49.31118255152675,1409,-5.998656840972867
crypto,LDOUSDT,1h,d55_atr3_tr,-0.171449031133581,-0.2432649302989155,0.425531914893617,49.16741188973697,1409,-5.312178327009477
crypto,LDOUSDT,1h,d55_atr3_vol,-0.25006605712307617,-0.2773870545397954,0.40425531914893614,46.59636505255306,1409,-5.354246871779173
crypto,LDOUSDT,1h,d55_chan20,-0.444696486614512,-0.3115196219638807,0.40425531914893614,48.130722899985535,1409,-6.4204142126344115
crypto,LDOUSDT,1h,d20_chan10,-0.8449739967394558,-0.47343536958408816,0.425531914893617,94.24004786902488,1409,-6.077921062567044
crypto,LDOUSDT,1h,boll_atr3,-0.22504883717356683,-0.344950452818257,0.48936170212765956,74.32821915405486,1409,-7.461171555027271
crypto,LDOUSDT,1h,kelt_atr3,0.2917637002129422,-0.1700138636058277,0.5106382978723404,53.9852265723407,1409,-6.313317322762574
crypto,IMXUSDT,1h,base_d55_tb,-1.7154895394785625,-0.4163237726651515,0.2222222222222222,84.34919758531363,1632,-3.7159863340121455
crypto,IMXUSDT,1h,d55_rev,-0.12366138126763339,-0.3704788969041639,0.48148148148148145,37.21560363633127,1632,-9.875973686445919
crypto,IMXUSDT,1h,d55_atr3,-0.31239330275266913,-0.277478830361799,0.46296296296296297,47.837150796997264,1632,-6.32735518632699
crypto,IMXUSDT,1h,d55_atr3_tr,-0.28848920502068887,-0.2679414914312319,0.46296296296296297,47.676947287573505,1632,-5.988364441827118
crypto,IMXUSDT,1h,d55_atr3_vol,-0.3020313480510243,-0.28426807208769256,0.4074074074074074,44.87977915055745,1632,-6.252775017461063
crypto,IMXUSDT,1h,d55_chan20,-0.1943617047761359,-0.29522003927220597,0.5,45.76200380569152,1632,-6.932173233604118
crypto,IMXUSDT,1h,d20_chan10,-0.6490001880133202,-0.41383783493633386,0.4074074074074074,89.60752377200754,1632,-8.514186101831937
crypto,IMXUSDT,1h,boll_atr3,-0.20538876551636953,-0.2646504858809481,0.46296296296296297,73.60689454255467,1632,-8.883207297986239
crypto,IMXUSDT,1h,kelt_atr3,-0.3621392742851693,-0.2921768958997578,0.42592592592592593,56.19684809395841,1632,-7.455048952667086
crypto,XTZUSDT,1h,base_d55_tb,-1.6609927832059115,-0.5080691057946161,0.28205128205128205,98.06046951001856,2368,-3.8759039863612674
crypto,XTZUSDT,1h,d55_rev,-0.11176378121185288,-0.3472364557418116,0.5128205128205128,45.00233716047287,2368,-10.794065431967821
crypto,XTZUSDT,1h,d55_atr3,-0.3601019240615093,-0.38338469535616404,0.3974358974358974,55.31633680992824,2368,-7.3265694868296425
crypto,XTZUSDT,1h,d55_atr3_tr,-0.35527920085570763,-0.3809586315556286,0.3974358974358974,55.1900515039808,2368,-7.0409759081292025
crypto,XTZUSDT,1h,d55_atr3_vol,-0.6046562568151066,-0.46929437837974197,0.34615384615384615,50.218729073355384,2368,-6.778876845513442
crypto,XTZUSDT,1h,d55_chan20,-0.320196349193164,-0.44328783635565105,0.41025641025641024,52.60940695886979,2368,-7.750129030527708
crypto,XTZUSDT,1h,d20_chan10,-0.8617341787490673,-0.6234549181806114,0.3076923076923077,103.81858519756008,2368,-8.347373517230675
crypto,XTZUSDT,1h,boll_atr3,-0.6007845770179772,-0.5264097845608178,0.358974358974359,86.62473708072353,2368,-9.324524821805184
crypto,XTZUSDT,1h,kelt_atr3,-0.6413640301207567,-0.5135387558632635,0.3717948717948718,61.61216470932566,2368,-7.496609452344284
crypto,JASMYUSDT,1h,base_d55_tb,-1.1136479306088867,-0.27431794645822694,0.40384615384615385,78.4153703452496,1564,-2.9896922849719862
crypto,JASMYUSDT,1h,d55_rev,0.5097678423913117,-0.1452122797048433,0.4807692307692308,37.11698701480858,1564,-9.748094214214616
crypto,JASMYUSDT,1h,d55_atr3,0.0025675729528616383,-0.20935046940541402,0.38461538461538464,46.141781076406666,1564,-6.149896081662178
crypto,JASMYUSDT,1h,d55_atr3_tr,0.02382063822521126,-0.2061572206712603,0.38461538461538464,45.99839421976477,1564,-6.52964148715746
crypto,JASMYUSDT,1h,d55_atr3_vol,0.05418464877718213,-0.20534001290358517,0.36538461538461536,43.70643667555803,1564,-5.7511362319201345
crypto,JASMYUSDT,1h,d55_chan20,-0.2218622209247142,-0.19986077564176985,0.40384615384615385,44.90496128403609,1564,-6.115950031328447
crypto,JASMYUSDT,1h,d20_chan10,-0.7618948939729988,-0.4039167880826945,0.38461538461538464,91.26932941178134,1564,-8.259249734224316
crypto,JASMYUSDT,1h,boll_atr3,-0.24021716461338669,-0.2793407478583886,0.40384615384615385,74.40265649344126,1564,-7.695988230559747
crypto,JASMYUSDT,1h,kelt_atr3,-0.23162700792633403,-0.24602302346525773,0.4423076923076923,53.87428691284162,1564,-6.802671652517616
crypto,CFXUSDT,1h,base_d55_tb,-0.4849784579285867,-0.16435220387958016,0.40476190476190477,85.39250303996461,1258,-2.981273968313975
crypto,CFXUSDT,1h,d55_rev,-0.2970684814011784,-0.3126653002263232,0.5,41.81265593449974,1258,-9.60268041709867
crypto,CFXUSDT,1h,d55_atr3,0.13049674914017104,-0.18687238060512112,0.4523809523809524,50.611174493226336,1258,-6.931370078209627
crypto,CFXUSDT,1h,d55_atr3_tr,0.14973126413674215,-0.18329865383238353,0.47619047619047616,50.406735002981456,1258,-6.228115014382862
crypto,CFXUSDT,1h,d55_atr3_vol,-0.08031131468918892,-0.24577471685189411,0.42857142857142855,47.1659763457084,1258,-6.348667167393425
crypto,CFXUSDT,1h,d55_chan20,-0.07142646391090404,-0.2325053356297938,0.40476190476190477,48.13281785715847,1258,-5.986077487919077
crypto,CFXUSDT,1h,d20_chan10,-0.015797002633162666,-0.20647614622330746,0.4523809523809524,92.13691243267162,1258,-8.229812713379797
crypto,CFXUSDT,1h,boll_atr3,-0.1828442514852444,-0.32260015464878145,0.42857142857142855,79.1136569952622,1258,-7.4956735969514
crypto,CFXUSDT,1h,kelt_atr3,-0.18696999832220657,-0.28036335904556275,0.40476190476190477,57.57092085843822,1258,-7.3231927678039455
crypto,OPUSDT,1h,base_d55_tb,-1.0789163680835592,-0.29392512027929685,0.4,87.68044161215211,1522,-2.7782183370768516
crypto,OPUSDT,1h,d55_rev,0.31028224619704947,-0.17233135652861786,0.54,39.11578474394645,1522,-7.608755369283171
crypto,OPUSDT,1h,d55_atr3,0.2034041070904946,-0.16037413338779727,0.48,50.25352761983268,1522,-4.776838917337933
crypto,OPUSDT,1h,d55_atr3_tr,0.23233905050113718,-0.15646751381199242,0.48,49.90382813877899,1522,-5.293822715665856
crypto,OPUSDT,1h,d55_atr3_vol,0.09472758012272799,-0.2048147798103831,0.48,47.96125555884919,1522,-5.109625918533295
crypto,OPUSDT,1h,d55_chan20,0.01682458212600425,-0.1983113523459329,0.42,47.831918587368875,1522,-5.872115259191993
crypto,OPUSDT,1h,d20_chan10,-0.14739849649491163,-0.26319568722162834,0.46,92.31378764484612,1522,-5.88447458522174
crypto,OPUSDT,1h,boll_atr3,0.13642368762691764,-0.37170714840028407,0.48,76.38394338028989,1522,-6.719572833783438
crypto,OPUSDT,1h,kelt_atr3,0.26087850642181964,-0.21059858878358662,0.6,55.01715168417672,1522,-4.8679718909580805
crypto,1000FLOKIUSDT,1h,base_d55_tb,-0.4592324499325218,-0.15059089734266196,0.41025641025641024,78.47815123877744,1183,-3.0711175460259765
crypto,1000FLOKIUSDT,1h,d55_rev,0.42325130287496493,-0.1583468633527083,0.5641025641025641,37.41969645033796,1183,-9.175510102286307
crypto,1000FLOKIUSDT,1h,d55_atr3,0.07236493024417912,-0.1999679247109618,0.5128205128205128,47.80251500002547,1183,-5.556949107177119
crypto,1000FLOKIUSDT,1h,d55_atr3_tr,0.08498676247817365,-0.20168512867996513,0.5128205128205128,47.515941071391296,1183,-5.998669265646335
crypto,1000FLOKIUSDT,1h,d55_atr3_vol,0.21345698530174328,-0.19523390132875518,0.5897435897435898,45.229875166029565,1183,-5.470469754791401
crypto,1000FLOKIUSDT,1h,d55_chan20,0.1764605527696278,-0.17439896107423347,0.5128205128205128,46.03244605289983,1183,-6.552441495899232
crypto,1000FLOKIUSDT,1h,d20_chan10,-0.7098039974841491,-0.3305725269845198,0.358974358974359,92.36136509825974,1183,-8.32680758937791
crypto,1000FLOKIUSDT,1h,boll_atr3,-0.10670674459458009,-0.23487496425855792,0.46153846153846156,75.65714656407091,1183,-7.502059477200985
crypto,1000FLOKIUSDT,1h,kelt_atr3,0.190164469479416,-0.21411849579767983,0.48717948717948717,53.51469347155366,1183,-6.3342092933850696
crypto,ENSUSDT,1h,base_d55_tb,-1.1945778226308033,-0.34749473954516596,0.3333333333333333,89.37857817041663,1705,-2.9858653246647915
crypto,ENSUSDT,1h,d55_rev,0.2660788725976676,-0.2859357209518828,0.47368421052631576,40.50525359848473,1705,-9.002881524332299
crypto,ENSUSDT,1h,d55_atr3,-0.1823104754953679,-0.23834854341389933,0.38596491228070173,51.7514594041682,1705,-6.834893181480983
crypto,ENSUSDT,1h,d55_atr3_tr,-0.17896610316162412,-0.2329949206682259,0.40350877192982454,51.6551081171815,1705,-6.441732643607849
crypto,ENSUSDT,1h,d55_atr3_vol,-0.31845389222890086,-0.23350529043619017,0.42105263157894735,49.07448211100751,1705,-6.028186907174017
crypto,ENSUSDT,1h,d55_chan20,-0.03497427057973528,-0.26595114583409796,0.43859649122807015,49.2443399246741,1705,-6.9391160849508555
crypto,ENSUSDT,1h,d20_chan10,-1.1071212995484283,-0.5401259283716937,0.2982456140350877,99.51882882691544,1705,-8.367145870408919
crypto,ENSUSDT,1h,boll_atr3,-0.574904448332392,-0.40230312792214107,0.3157894736842105,80.8127443403604,1705,-8.098975987293034
crypto,ENSUSDT,1h,kelt_atr3,-0.8060196277015177,-0.4113371184367852,0.3333333333333333,58.85522289500967,1705,-7.596368844666301
crypto,COMPUSDT,1h,base_d55_tb,-1.300916717702533,-0.451943464136649,0.28378378378378377,88.15894522784765,2223,-3.3057688885773673
crypto,COMPUSDT,1h,d55_rev,-0.16078466674034433,-0.4596188611796407,0.43243243243243246,41.40686926695218,2223,-9.576256167974698
crypto,COMPUSDT,1h,d55_atr3,-0.2570135590242888,-0.26608705904226904,0.43243243243243246,51.970706341763396,2223,-5.931402932628405
crypto,COMPUSDT,1h,d55_atr3_tr,-0.3587004168338973,-0.29562439529733353,0.40540540540540543,51.778861122423876,2223,-5.805899987781162
crypto,COMPUSDT,1h,d55_atr3_vol,-0.17973059713579967,-0.21034663263526654,0.4189189189189189,48.11874747580366,2223,-5.777410395868478
crypto,COMPUSDT,1h,d55_chan20,-0.33337531729951314,-0.33182060438530936,0.44594594594594594,50.15204476191132,2223,-6.926205120804606
crypto,COMPUSDT,1h,d20_chan10,-1.4868033745962286,-0.7565499835350082,0.3108108108108108,101.04025100934786,2223,-8.010460631760862
crypto,COMPUSDT,1h,boll_atr3,-0.6966908974813977,-0.5391741545176093,0.35135135135135137,81.70634111993556,2223,-8.240706008427017
crypto,COMPUSDT,1h,kelt_atr3,-0.5379568028618967,-0.4105868556298772,0.3783783783783784,58.24782916698548,2223,-5.939085713372211
crypto,GRTUSDT,1h,base_d55_tb,-1.5080588503485417,-0.4439127245462917,0.20588235294117646,87.54562056262988,2051,-3.7898448911609974
crypto,GRTUSDT,1h,d55_rev,-0.07677250439626382,-0.28355364118487847,0.5147058823529411,39.184198441715814,2051,-8.535391759290714
crypto,GRTUSDT,1h,d55_atr3,-0.10663600393880443,-0.23729282747765001,0.4264705882352941,48.93166786838066,2051,-5.646199170979458
crypto,GRTUSDT,1h,d55_atr3_tr,-0.10675028902242739,-0.23760619637562486,0.4264705882352941,48.845499675472006,2051,-6.337776096001401
crypto,GRTUSDT,1h,d55_atr3_vol,-0.02277403395786181,-0.25356107811724626,0.4411764705882353,45.731833199223374,2051,-6.78465005280348
crypto,GRTUSDT,1h,d55_chan20,-0.17675052847327133,-0.31505721449855917,0.4117647058823529,47.28421370933991,2051,-6.748014633282641
crypto,GRTUSDT,1h,d20_chan10,-0.3476432297156648,-0.43529526078296066,0.4117647058823529,94.47448098764893,2051,-7.995974430091481
crypto,GRTUSDT,1h,boll_atr3,-0.1388562952140627,-0.3347234419763697,0.4852941176470588,75.6177519213099,2051,-7.709007045936976
crypto,GRTUSDT,1h,kelt_atr3,-0.1652495522312029,-0.3196707893675903,0.47058823529411764,56.8896110518249,2051,-6.3565785218667825
crypto,IOTAUSDT,1h,base_d55_tb,-1.703379707578706,-0.526976644214564,0.32051282051282054,94.5446510304095,2362,-4.107403166296478
crypto,IOTAUSDT,1h,d55_rev,-0.20610693172818775,-0.46375653781894044,0.4230769230769231,42.96708959055755,2362,-11.11403419915059
crypto,IOTAUSDT,1h,d55_atr3,-0.30623914600802044,-0.46033936070387427,0.4230769230769231,53.97278005327503,2362,-7.806961365380861
crypto,IOTAUSDT,1h,d55_atr3_tr,-0.3058428376119818,-0.46100619140561494,0.4230769230769231,53.911812928016474,2362,-6.943105862312744
crypto,IOTAUSDT,1h,d55_atr3_vol,-0.5018522401013972,-0.4755906246194579,0.4358974358974359,50.92303531258747,2362,-7.186584066162716
crypto,IOTAUSDT,1h,d55_chan20,-0.40503272569059706,-0.5230451539634231,0.41025641025641024,51.52400480365286,2362,-7.777761235405132
crypto,IOTAUSDT,1h,d20_chan10,-0.8444738755319801,-0.619175253801604,0.34615384615384615,100.86925188247558,2362,-9.517351677424209
crypto,IOTAUSDT,1h,boll_atr3,-0.5478989738658718,-0.5299652708888196,0.3717948717948718,86.65636056867163,2362,-9.976269727006878
crypto,IOTAUSDT,1h,kelt_atr3,-0.38212780783219685,-0.4740646518148842,0.3717948717948718,60.50876694084996,2362,-8.665386995047605
crypto,RUNEUSDT,1h,base_d55_tb,-0.9644194922703478,-0.35745601077429245,0.352112676056338,93.22170397434805,2157,-3.4912111099743877
crypto,RUNEUSDT,1h,d55_rev,0.4956172826792769,-0.36177682519711496,0.5633802816901409,38.915268398277256,2157,-9.737068899007802
crypto,RUNEUSDT,1h,d55_atr3,0.24019433232549842,-0.2315707042596653,0.4788732394366197,50.80223389853071,2157,-6.032265909777821
crypto,RUNEUSDT,1h,d55_atr3_tr,0.24709624568664057,-0.23229758167779857,0.49295774647887325,50.58314896158769,2157,-6.289149491928652
crypto,RUNEUSDT,1h,d55_atr3_vol,0.15915610905269006,-0.23449991732582776,0.4225352112676056,48.29170914404053,2157,-5.56890900762293
crypto,RUNEUSDT,1h,d55_chan20,0.2585120908310673,-0.2333340646755795,0.4225352112676056,48.012763706011555,2157,-7.226320177497424
crypto,RUNEUSDT,1h,d20_chan10,-0.031813633538790166,-0.2226586458072839,0.49295774647887325,93.48901512447023,2157,-8.018277414639376
crypto,RUNEUSDT,1h,boll_atr3,-0.033569420883602166,-0.3122943500823414,0.49295774647887325,78.9110583002949,2157,-8.638016837391183
crypto,RUNEUSDT,1h,kelt_atr3,0.23526761220261624,-0.2592291957582512,0.49295774647887325,59.343262890533175,2157,-6.604713473486959
equity,AAPL,1h,base_d55_tb,0.07650277238720987,-0.18908907055538304,0.5108695652173914,53.0373680911819,2767,-1.0008853232263326
equity,AAPL,1h,d55_rev,0.5726080895680655,-0.29279435799648224,0.6086956521739131,20.25842298524541,2767,-1.5873688883831267
equity,AAPL,1h,d55_atr3,0.14722354508438176,-0.22512649854724165,0.532608695652174,29.70516889707843,2767,-0.8725813970215555
equity,AAPL,1h,d55_atr3_tr,0.15683720301255197,-0.21710932032100505,0.532608695652174,29.487983392825594,2767,-1.376422800835471
equity,AAPL,1h,d55_atr3_vol,-0.10627455088757981,-0.280031891884699,0.4673913043478261,26.937860300750238,2767,-1.535487006178585
equity,AAPL,1h,d55_chan20,0.37608768717317537,-0.15167932444134358,0.5217391304347826,26.225275739689444,2767,-1.6001771660678576
equity,AAPL,1h,d20_chan10,0.14947803269956614,-0.25241792355935877,0.5217391304347826,51.61933093339017,2767,-1.6416982022326474
equity,AAPL,1h,boll_atr3,0.23104778869057394,-0.24701522227708583,0.5108695652173914,42.89215928669765,2767,-1.8214377840983644
equity,AAPL,1h,kelt_atr3,0.21117221777606782,-0.19453357725446463,0.5108695652173914,38.33634723123058,2767,-1.3750322478577262
equity,ABBV,1h,base_d55_tb,-0.9717455643698292,-0.47321810792735197,0.358695652173913,53.5102062980119,2767,-0.6210863148351474
equity,ABBV,1h,d55_rev,-0.10162731964296641,-0.49003575842545777,0.5,23.077930946189905,2767,-1.6869735613478802
equity,ABBV,1h,d55_atr3,-0.5642785111252762,-0.5261063571519129,0.3804347826086957,32.20168061209026,2767,-1.5909677783937934
equity,ABBV,1h,d55_atr3_tr,-0.563506555563683,-0.5257660002111716,0.3804347826086957,32.19959795903176,2767,-1.5609614269977925
equity,ABBV,1h,d55_atr3_vol,-0.7046538617796259,-0.5440201996903145,0.31521739130434784,27.818746522470644,2767,-1.202931163325042
equity,ABBV,1h,d55_chan20,-0.20530727249681086,-0.4092445300539499,0.45652173913043476,29.193368571284527,2767,-1.331442252752558
equity,ABBV,1h,d20_chan10,-0.3976707777207857,-0.5229825912139181,0.41304347826086957,55.025556279675854,2767,-2.1385438709496243
equity,ABBV,1h,boll_atr3,-0.011824394231450036,-0.3481310763669433,0.5,48.0223952265278,2767,-1.6151602471989464
equity,ABBV,1h,kelt_atr3,-0.2986021843813346,-0.4704684302361257,0.45652173913043476,41.350033180117926,2767,-1.5924704189530348
equity,ADBE,1h,base_d55_tb,-0.14145903542445984,-0.17976404198053297,0.4673913043478261,42.46285624639001,2767,-1.3204999462055595
equity,ADBE,1h,d55_rev,0.10541926409855734,-0.5106207943928842,0.5652173913043478,16.70294635192328,2767,-1.3720797372615805
equity,ADBE,1h,d55_atr3,0.07510190450485595,-0.3025912445961577,0.5217391304347826,23.024182583208677,2767,-0.765473310522278
equity,ADBE,1h,d55_atr3_tr,0.07471577516404608,-0.2978532190030908,0.5217391304347826,22.885902185426758,2767,-1.5697490351480032
equity,ADBE,1h,d55_atr3_vol,0.04781889700928125,-0.3237686743840297,0.4782608695652174,20.87105772708726,2767,-1.3485703677922796
equity,ADBE,1h,d55_chan20,0.08500432512098771,-0.25268747943823144,0.532608695652174,21.79928763070348,2767,-1.1273784640589868
equity,ADBE,1h,d20_chan10,0.1723139788315162,-0.28796015076238224,0.43478260869565216,42.18436841703641,2767,-0.7949680042816077
equity,ADBE,1h,boll_atr3,0.03070610544303858,-0.3454416964645306,0.5108695652173914,36.7203192948909,2767,-1.4453301203709372
equity,ADBE,1h,kelt_atr3,0.0288965819575889,-0.3163755773291024,0.5217391304347826,31.244049871983798,2767,-1.5918140292352172
equity,AMD,1h,base_d55_tb,0.009531183749206652,-0.19171038233441395,0.45652173913043476,26.59858926801855,2767,-0.08958506953771403
equity,AMD,1h,d55_rev,0.14848518535432792,-0.2770922070933538,0.4673913043478261,11.431704863515375,2767,-1.4176173724466545
equity,AMD,1h,d55_atr3,0.05463140067660554,-0.1667297390093898,0.42391304347826086,15.242001270684444,2767,-1.0263978896717254
equity,AMD,1h,d55_atr3_tr,0.056192703266396866,-0.1653328907668551,0.42391304347826086,15.241330785886124,2767,-0.37923707739574275
equity,AMD,1h,d55_atr3_vol,0.007914672239379974,-0.18923594540241873,0.42391304347826086,13.78441697100662,2767,-0.8072315459417612
equity,AMD,1h,d55_chan20,0.14527541604367467,-0.19836996320519396,0.5,13.919859704288397,2767,-1.3190929610916349
equity,AMD,1h,d20_chan10,0.07379017304262084,-0.3313508260618293,0.5108695652173914,26.56084127709361,2767,-0.6484902980197902
equity,AMD,1h,boll_atr3,0.11079195786047863,-0.41965752885880236,0.532608695652174,23.72897489068287,2767,-0.6544892813571852
equity,AMD,1h,kelt_atr3,0.04357852871473287,-0.3331702666304942,0.4782608695652174,21.439433407731375,2767,-0.7102137809912208
equity,AMZN,1h,base_d55_tb,-0.41510972781964234,-0.3324581279513241,0.43478260869565216,45.75874799627048,2767,-1.2242693702693983
equity,AMZN,1h,d55_rev,-0.1218259750517586,-0.4219180702997185,0.5108695652173914,20.253936570050254,2767,-1.353894106376265
equity,AMZN,1h,d55_atr3,-0.3203136305554833,-0.4816358606539999,0.43478260869565216,27.684717709752466,2767,-0.9148981270448673
equity,AMZN,1h,d55_atr3_tr,-0.3183296300138335,-0.4803457829486453,0.43478260869565216,27.672482104176947,2767,-0.3914365018508693
equity,AMZN,1h,d55_atr3_vol,-0.4034361880718088,-0.5043643540016378,0.40217391304347827,25.21604722536662,2767,-1.2664908117722093
equity,AMZN,1h,d55_chan20,-0.3778327748264043,-0.46416595370863034,0.40217391304347827,24.870156785955217,2767,-0.7899175118299284
equity,AMZN,1h,d20_chan10,-0.46661972681220215,-0.6347873947534549,0.43478260869565216,47.296585768052125,2767,-1.9235877370714847
equity,AMZN,1h,boll_atr3,-0.486707110611865,-0.6565073446749872,0.391304347826087,41.099541197924886,2767,-1.037570594883016
equity,AMZN,1h,kelt_atr3,-0.21802956837055829,-0.5571865408103642,0.4782608695652174,38.339693346139384,2767,-1.3556993432680629
equity,BA,1h,base_d55_tb,0.26608449829230696,-0.13835768138057059,0.5217391304347826,38.96259983460452,2767,-0.7874325902720173
equity,BA,1h,d55_rev,0.36188304690015166,-0.2946406422123192,0.5217391304347826,15.971175595970204,2767,-1.4757085014267406
equity,BA,1h,d55_atr3,0.46044202272737056,-0.23443133758538126,0.4891304347826087,22.03268299452248,2767,-0.8308348452042371
equity,BA,1h,d55_atr3_tr,0.44512063624557635,-0.23532140159700687,0.4891304347826087,21.89175268186784,2767,-1.0881333222716616
equity,BA,1h,d55_atr3_vol,0.23352732567130216,-0.3293630377976412,0.4673913043478261,21.208566772942426,2767,-0.8564750995907263
equity,BA,1h,d55_chan20,0.6868813239435557,-0.1939361992239973,0.5434782608695652,19.076064909539408,2767,-1.1020717939034712
equity,BA,1h,d20_chan10,0.5814620213049402,-0.2391301166137777,0.5543478260869565,35.83796065918955,2767,-0.9427405594545202
equity,BA,1h,boll_atr3,0.5769339333284077,-0.22615664139777691,0.5217391304347826,31.46462350722285,2767,-0.9490966769705877
equity,BA,1h,kelt_atr3,0.596467835637767,-0.25904920475070736,0.532608695652174,29.127677219783276,2767,-0.7191889561941093
equity,BAC,1h,base_d55_tb,-0.3091023254684973,-0.2709041009658486,0.41304347826086957,50.70402675120896,2767,-0.6981586198087942
equity,BAC,1h,d55_rev,0.15334672341738384,-0.31524985013646156,0.5108695652173914,21.11465568529325,2767,-1.225078599183526
equity,BAC,1h,d55_atr3,0.14887674846082855,-0.21655268278336137,0.4891304347826087,29.08743181091429,2767,-0.8661212656654733
equity,BAC,1h,d55_atr3_tr,0.14688573677275646,-0.21655268278336026,0.4891304347826087,29.084418558322852,2767,-1.3565611200192522
equity,BAC,1h,d55_atr3_vol,0.075888467578838,-0.20164064641856638,0.4891304347826087,25.861682575239207,2767,-1.1506816616774083
equity,BAC,1h,d55_chan20,0.16891282958507198,-0.18473651435916794,0.5217391304347826,26.047715522549893,2767,-1.0457204605535364
equity,BAC,1h,d20_chan10,0.36348435960542547,-0.20605530107737668,0.5652173913043478,45.66894932391296,2767,-1.5532544425321317
equity,BAC,1h,boll_atr3,0.5040283476621289,-0.2046134551588361,0.532608695652174,39.65660809631691,2767,-1.3063987313530703
equity,BAC,1h,kelt_atr3,0.3966129399038238,-0.19851978781352853,0.532608695652174,36.13638260702494,2767,-1.5485280569558306
equity,C,1h,base_d55_tb,-0.10392482248595451,-0.19256482353227478,0.41304347826086957,46.221107744353375,2767,-0.7512304392842745
equity,C,1h,d55_rev,0.2770625405695143,-0.24383693693982822,0.5543478260869565,18.44373809273961,2767,-1.347841161753017
equity,C,1h,d55_atr3,0.3867866792689113,-0.1320705880304417,0.44565217391304346,25.599924132460067,2767,-1.1391105971101563
equity,C,1h,d55_atr3_tr,0.37352127108038885,-0.1320705880304417,0.44565217391304346,25.599799394330507,2767,-1.0426972130438565
equity,C,1h,d55_atr3_vol,0.14401059124705812,-0.16767480184715833,0.41304347826086957,23.780442487634986,2767,-1.338508383290337
equity,C,1h,d55_chan20,0.11785577692537329,-0.19805900264741727,0.42391304347826086,23.74034953398759,2767,-1.2549133561430934
equity,C,1h,d20_chan10,0.09952842318012545,-0.23886419057410613,0.4782608695652174,43.60460927912594,2767,-1.3698711831518018
equity,C,1h,boll_atr3,0.05312537916130653,-0.25863167773048656,0.4891304347826087,37.2327888657131,2767,-1.4702827352811623
equity,C,1h,kelt_atr3,0.23829212408498868,-0.2200343253535043,0.4891304347826087,33.9640355902732,2767,-0.9067421832986028
equity,CAT,1h,base_d55_tb,0.15741394606165873,-0.11943962061227176,0.4891304347826087,45.197773095604795,2767,-0.607123654965829
equity,CAT,1h,d55_rev,0.15679742370330418,-0.4181724534915249,0.5543478260869565,18.704930600481312,2767,-1.5623363672667898
equity,CAT,1h,d55_atr3,0.2649941106453011,-0.16578915594928012,0.45652173913043476,25.88692467178504,2767,-0.9293036424483323
equity,CAT,1h,d55_atr3_tr,0.2683576027889754,-0.1657891559492778,0.45652173913043476,25.642399837423927,2767,-1.0841334212432103
equity,CAT,1h,d55_atr3_vol,0.311369665973711,-0.15647171434781637,0.43478260869565216,23.239785162927088,2767,-1.4563795977983087
equity,CAT,1h,d55_chan20,0.11721518666573186,-0.2621576003940601,0.4891304347826087,24.146441569109104,2767,-1.606436645058978
equity,CAT,1h,d20_chan10,0.2981940405463899,-0.25146381237636906,0.45652173913043476,43.77137810892035,2767,-1.0398391968228753
equity,CAT,1h,boll_atr3,0.0927258012820635,-0.2923170220288447,0.4891304347826087,37.55794825528639,2767,-1.3905533058448718
equity,CAT,1h,kelt_atr3,0.37193483223696006,-0.16433052364355727,0.4673913043478261,35.56406973746517,2767,-1.4301487898850662
equity,COP,1h,base_d55_tb,-0.24581707442724154,-0.3225482924317905,0.40217391304347827,39.36854885992269,2767,-1.3028499773823519
equity,COP,1h,d55_rev,-0.2523203019606929,-0.4978463105714779,0.4673913043478261,17.45879035936215,2767,-1.6690543090844399
equity,COP,1h,d55_atr3,-0.2498105020336275,-0.3865950725511196,0.40217391304347827,23.87780662897613,2767,-1.1891106008690422
equity,COP,1h,d55_atr3_tr,-0.2498105020336275,-0.3865950725511196,0.40217391304347827,23.87780662897613,2767,-0.6430377327339807
equity,COP,1h,d55_atr3_vol,-0.27851267571717697,-0.3321344785608482,0.42391304347826086,19.953019218142675,2767,-1.1316941425356706
equity,COP,1h,d55_chan20,-0.2952412847029358,-0.420543819402344,0.41304347826086957,21.433167184665542,2767,-1.6558512530563907
equity,COP,1h,d20_chan10,-0.12403236146920289,-0.3727900502953835,0.4891304347826087,39.214975183837566,2767,-1.1961714582614702
equity,COP,1h,boll_atr3,0.021877075989243662,-0.2866124501841728,0.45652173913043476,33.55896454259167,2767,-0.9991385443479731
equity,COP,1h,kelt_atr3,-0.1895425870695928,-0.3319589966886006,0.42391304347826086,32.473549691082525,2767,-1.603980443556226
equity,COST,1h,base_d55_tb,-0.31147195244031506,-0.27307848849585104,0.4673913043478261,68.13035950024162,2767,-1.0542646406681817
equity,COST,1h,d55_rev,0.26163896350472127,-0.3173511782491688,0.5434782608695652,25.853593251572704,2767,-1.8303235142354979
equity,COST,1h,d55_atr3,-0.003226973195007062,-0.25767950191522004,0.43478260869565216,36.45280353881908,2767,-2.0948006611425414
equity,COST,1h,d55_atr3_tr,-0.012064577038131814,-0.26479330026795245,0.42391304347826086,36.4490889214236,2767,-2.111081420678966
equity,COST,1h,d55_atr3_vol,-0.1510109399127184,-0.2663058629565085,0.41304347826086957,33.35933808965521,2767,-1.6342840912337464
equity,COST,1h,d55_chan20,0.0266879537744044,-0.35736699339264755,0.4673913043478261,33.59784913209771,2767,-1.8446296639985975
equity,COST,1h,d20_chan10,-0.685001825782019,-0.6322910615891957,0.42391304347826086,68.54367108525759,2767,-2.6117940560914663
equity,COST,1h,boll_atr3,-0.15587153431241402,-0.3014987047122243,0.43478260869565216,55.868172285129965,2767,-2.160160136816777
equity,COST,1h,kelt_atr3,0.048511707558105174,-0.2569116606390197,0.45652173913043476,48.53320280389918,2767,-1.8679270136252675
equity,CRM,1h,base_d55_tb,-0.12937067863971533,-0.21389201095152277,0.3804347826086957,40.954445353499985,2767,-0.7905035933812945
equity,CRM,1h,d55_rev,0.046762339513951465,-0.3036443147394333,0.5,17.48209463301175,2767,-1.2032684899169825
equity,CRM,1h,d55_atr3,0.3184210050968331,-0.18036364282715278,0.43478260869565216,22.40423781001634,2767,-1.62100881584722
equity,CRM,1h,d55_atr3_tr,0.3184210050968331,-0.18036364282715278,0.43478260869565216,22.40423781001634,2767,-0.3729001947944472
equity,CRM,1h,d55_atr3_vol,0.2717115037692924,-0.20881984111590246,0.4673913043478261,20.431293730236163,2767,-0.3391192948875134
equity,CRM,1h,d55_chan20,0.17369895540372096,-0.22574906989636756,0.45652173913043476,21.58470994508545,2767,-0.6446466490707337
equity,CRM,1h,d20_chan10,0.31890205335322735,-0.2104034150763079,0.4782608695652174,41.724242219004495,2767,-1.331777581829687
equity,CRM,1h,boll_atr3,0.451117270786119,-0.24987491848306886,0.4782608695652174,34.865741530326375,2767,-1.4643576544801902
equity,CRM,1h,kelt_atr3,0.42634446089610184,-0.1570791732532152,0.4673913043478261,31.42053853575024,2767,-0.9449060386358358
equity,CSCO,1h,base_d55_tb,-0.24583374477149764,-0.2503845109767636,0.44565217391304346,57.480740092769324,2767,-1.410442221827264
equity,CSCO,1h,d55_rev,-0.06322926950111403,-0.512596240511135,0.532608695652174,26.468193280315347,2767,-1.504595210105868
equity,CSCO,1h,d55_atr3,-0.15047940536737095,-0.3688448156488049,0.5,33.721187570761266,2767,-1.4638057948597907
equity,CSCO,1h,d55_atr3_tr,-0.14118430991623762,-0.362452625080809,0.5,33.454746734792295,2767,-0.3992813530188162
equity,CSCO,1h,d55_atr3_vol,-0.1583391575141423,-0.3402274156980295,0.43478260869565216,28.716345192827614,2767,-1.101111505909211
equity,CSCO,1h,d55_chan20,-0.3308461573324386,-0.5323592889890629,0.42391304347826086,31.16857444869278,2767,-1.02129911406199
equity,CSCO,1h,d20_chan10,-0.283725570258013,-0.49303928795233376,0.4782608695652174,58.42677999823799,2767,-1.7261211874664808
equity,CSCO,1h,boll_atr3,-0.38093638009490777,-0.5788041798236098,0.45652173913043476,51.25304511238702,2767,-1.753749155092945
equity,CSCO,1h,kelt_atr3,0.005157458205571756,-0.3361394926544422,0.5217391304347826,44.516162274307504,2767,-1.2686955082009097
equity,CVX,1h,base_d55_tb,-0.058781639787104926,-0.1401105177170887,0.43478260869565216,46.82463941496648,2767,-0.8039690225259803
equity,CVX,1h,d55_rev,0.007917353862329786,-0.4551584631993495,0.532608695652174,21.64022074150131,2767,-1.8093155863427246
equity,CVX,1h,d55_atr3,-0.19447933869888853,-0.3684448540214169,0.42391304347826086,29.627509684523215,2767,-1.7270176470029652
equity,CVX,1h,d55_atr3_tr,-0.18644054818589226,-0.36318160950422707,0.42391304347826086,29.52169877409669,2767,-1.586766194370238
equity,CVX,1h,d55_atr3_vol,0.03004127006948019,-0.30744851058637745,0.45652173913043476,25.770193830427598,2767,-0.8508712656638302
equity,CVX,1h,d55_chan20,-0.07796891574661119,-0.3445765180573095,0.45652173913043476,27.00894749175007,2767,-1.124402046956212
equity,CVX,1h,d20_chan10,-0.2716798776798827,-0.48336418265214387,0.44565217391304346,54.30049399118775,2767,-2.294510190823881
equity,CVX,1h,boll_atr3,-0.4522241935658933,-0.5505756873378687,0.42391304347826086,47.74785655833017,2767,-2.053118572444385
equity,CVX,1h,kelt_atr3,-0.27636250884276875,-0.4506774720810831,0.43478260869565216,42.48562636055338,2767,-1.2570069770895669
equity,DIS,1h,base_d55_tb,-0.5218091374402632,-0.33143550629864915,0.40217391304347827,51.662625458329885,2767,-1.221629160930276
equity,DIS,1h,d55_rev,-0.04219160126304693,-0.3370115309888603,0.4782608695652174,23.963669578296237,2767,-1.6294739342499431
equity,DIS,1h,d55_atr3,0.036562757157196264,-0.22684366101865772,0.3695652173913043,30.568626881385757,2767,-1.0329480536970523
equity,DIS,1h,d55_atr3_tr,0.024083889781744548,-0.23692225876537176,0.3804347826086957,30.33103047087478,2767,-1.6949270871179123
equity,DIS,1h,d55_atr3_vol,-0.10704367002938696,-0.2775172547242951,0.391304347826087,28.697896817564647,2767,-1.4081884912654146
equity,DIS,1h,d55_chan20,0.015623678357667873,-0.29733486169381107,0.3804347826086957,28.203186634375594,2767,-1.449660468927205
equity,DIS,1h,d20_chan10,-0.12140986114895744,-0.3681487705987002,0.40217391304347827,52.66217241765389,2767,-1.7054020116591047
equity,DIS,1h,boll_atr3,0.03065292997055693,-0.39707849374960147,0.5,45.36123035585532,2767,-1.1869387034673133
equity,DIS,1h,kelt_atr3,0.11647004185288319,-0.2686883664170485,0.44565217391304346,40.52478530268064,2767,-1.8898703528285694
equity,GE,1h,base_d55_tb,-0.26951798551520767,-0.22886967778997325,0.40217391304347827,36.61502895348335,2767,-0.5817578991898759
equity,GE,1h,d55_rev,0.3417386104264714,-0.4302857356276619,0.5543478260869565,15.83358765509903,2767,-1.7371073481447925
equity,GE,1h,d55_atr3,0.07038245233557842,-0.333117415738604,0.44565217391304346,21.673879639864204,2767,-1.3493049154625683
equity,GE,1h,d55_atr3_tr,0.06018658904155608,-0.3331174157386031,0.44565217391304346,21.673683010726954,2767,-1.0131346308369544
equity,GE,1h,d55_atr3_vol,0.041080799864899764,-0.30197155190823,0.3804347826086957,18.84215078605132,2767,-0.8304357485382488
equity,GE,1h,d55_chan20,-0.1372108309448266,-0.43664694031428974,0.41304347826086957,20.211459520655676,2767,-0.7763604987034892
equity,GE,1h,d20_chan10,-0.13332669782620604,-0.44739997389468666,0.45652173913043476,39.19627436219273,2767,-0.9700812868765253
equity,GE,1h,boll_atr3,-0.10502705811613201,-0.3807159814659645,0.43478260869565216,34.00550162860901,2767,-0.8734927636120933
equity,GE,1h,kelt_atr3,-0.2316650516591562,-0.45289633452453526,0.43478260869565216,31.410546378340065,2767,-0.6594659160948455
equity,GOOGL,1h,base_d55_tb,-0.44599601440911146,-0.3331420115398449,0.34782608695652173,46.02955560599568,2767,-0.7654981543128258
equity,GOOGL,1h,d55_rev,0.0025874083548955815,-0.3717748326853234,0.532608695652174,19.75745679654803,2767,-1.7925418168520955
equity,GOOGL,1h,d55_atr3,-0.30729386808038794,-0.4483538213790884,0.391304347826087,28.093255336473696,2767,-0.7962933494461603
equity,GOOGL,1h,d55_atr3_tr,-0.3131825889032506,-0.44863754024237423,0.391304347826087,28.03068595211963,2767,-0.9066945078337849
equity,GOOGL,1h,d55_atr3_vol,-0.33252933835410814,-0.4240191328925811,0.358695652173913,25.658988782783627,2767,-1.5183156576005854
equity,GOOGL,1h,d55_chan20,-0.21811335405814133,-0.48877583612410114,0.391304347826087,25.06030531347813,2767,-1.041005264959584
equity,GOOGL,1h,d20_chan10,-0.5716128211343365,-0.6893861992422049,0.3695652173913043,51.094639341827225,2767,-1.4732693528314154
equity,GOOGL,1h,boll_atr3,-0.511451951647794,-0.6782459314335945,0.43478260869565216,43.0412417064273,2767,-1.0822633889952984
equity,GOOGL,1h,kelt_atr3,-0.3754130530499632,-0.5617523388780825,0.42391304347826086,38.60100056841804,2767,-1.0071262119848714
equity,GS,1h,base_d55_tb,0.01201501111668673,-0.14853207117955525,0.4782608695652174,46.993457175252814,2767,-1.0191624367365504
equity,GS,1h,d55_rev,0.1065570678052757,-0.28463031476322975,0.5,19.016944382567683,2767,-1.5363053605091646
equity,GS,1h,d55_atr3,0.18584923893631705,-0.2612331890852083,0.5,26.247207134065007,2767,-1.2440449632959516
equity,GS,1h,d55_atr3_tr,0.19560277878563903,-0.26389716066467805,0.5,26.117179151443597,2767,-1.4353022569081781
equity,GS,1h,d55_atr3_vol,0.16641254691892865,-0.25753370986093804,0.5,24.282333646566187,2767,-1.2798815186465131
equity,GS,1h,d55_chan20,0.251311821765323,-0.31586965043568405,0.5543478260869565,23.367678756652385,2767,-1.2369003175051232
equity,GS,1h,d20_chan10,0.004843970451463838,-0.42874934487251914,0.532608695652174,47.2923930063222,2767,-2.207690164017233
equity,GS,1h,boll_atr3,0.098963501532439,-0.40723578419820927,0.5,39.97705497776236,2767,-1.7547916185317034
equity,GS,1h,kelt_atr3,-0.08811702136012443,-0.43806205831395995,0.45652173913043476,37.05568488657756,2767,-1.6001469375779962
equity,HD,1h,base_d55_tb,-0.048420106268105154,-0.16625446248019238,0.43478260869565216,59.78322142864628,2767,-1.4234862186001465
equity,HD,1h,d55_rev,0.23221097628298565,-0.29443465991054807,0.5652173913043478,23.328108125287972,2767,-2.1276389329394667
equity,HD,1h,d55_atr3,0.03493292519773038,-0.3349954544770425,0.43478260869565216,32.031026545445336,2767,-1.4866682888757417
equity,HD,1h,d55_atr3_tr,0.002024946285152516,-0.3419361960584757,0.42391304347826086,32.0252854576737,2767,-1.559986818424088
equity,HD,1h,d55_atr3_vol,-0.10096717227624448,-0.41280163438313067,0.43478260869565216,28.54151337465611,2767,-1.976606603308215
equity,HD,1h,d55_chan20,0.2340244054531325,-0.27701213928630797,0.5,29.408903076279522,2767,-1.5492475126731984
equity,HD,1h,d20_chan10,0.33557233636813055,-0.2986336296542771,0.5108695652173914,55.32532056884291,2767,-2.378421894113386
equity,HD,1h,boll_atr3,0.27849880461494403,-0.37290515283974346,0.5543478260869565,47.85205610469963,2767,-1.735838844810465
equity,HD,1h,kelt_atr3,0.09982323189458041,-0.34129245646992046,0.5,43.64891253807366,2767,-1.7668520003172399
equity,HON,1h,base_d55_tb,-0.5539072597728513,-0.3480240080392929,0.391304347826087,61.73877047842339,2767,-0.9423080379500585
equity,HON,1h,d55_rev,-0.2446820220766717,-0.5764287641744901,0.5217391304347826,27.03027567168751,2767,-2.439117632006285
equity,HON,1h,d55_atr3,-0.08637639333553691,-0.25028947008640534,0.45652173913043476,35.464064581583074,2767,-1.813744814021807
equity,HON,1h,d55_atr3_tr,-0.09282001075546992,-0.25515216143331976,0.45652173913043476,35.45643515750529,2767,-1.9772304170242885
equity,HON,1h,d55_atr3_vol,0.03438189745260599,-0.19901819753492644,0.45652173913043476,29.409184741250133,2767,-1.0975358744848134
equity,HON,1h,d55_chan20,-0.18795732753667677,-0.3794380732211411,0.45652173913043476,32.5472539789366,2767,-2.1956524568995985
equity,HON,1h,d20_chan10,-0.18768641062824465,-0.37312410616639335,0.45652173913043476,60.39788494567857,2767,-1.8968319434100702
equity,HON,1h,boll_atr3,0.03369685769798193,-0.24558543730197746,0.4891304347826087,50.51490483151336,2767,-2.4356436842134475
equity,HON,1h,kelt_atr3,-0.13803339751626276,-0.33607362781887484,0.5108695652173914,45.66422877260716,2767,-2.35856366411221
equity,IBM,1h,base_d55_tb,-0.015247846877354646,-0.31792961841863254,0.5,57.44607494428981,2767,-0.8937167447557693
equity,IBM,1h,d55_rev,-0.24028945042022914,-0.4964296870249584,0.4673913043478261,26.70822642510505,2767,-1.857581300195325
equity,IBM,1h,d55_atr3,0.19602527969567293,-0.29794867899750066,0.5108695652173914,33.33203165111079,2767,-1.7111505182246898
equity,IBM,1h,d55_atr3_tr,0.20151371269303375,-0.30766299869049785,0.5,33.10811050308104,2767,-1.1729579487436288
equity,IBM,1h,d55_atr3_vol,-0.0007249860229619606,-0.37277062586930076,0.45652173913043476,29.983439577085655,2767,-1.6220657503615477
equity,IBM,1h,d55_chan20,-0.17970722432248507,-0.3698469641143396,0.4891304347826087,31.420794361682354,2767,-1.7164086431027754
equity,IBM,1h,d20_chan10,-0.10191425410665982,-0.4744109654574946,0.5,57.95388692057533,2767,-2.5743825421493574
equity,IBM,1h,boll_atr3,0.08196000261732443,-0.4052440008267205,0.532608695652174,47.82626180297036,2767,-1.351324742096407
equity,IBM,1h,kelt_atr3,0.18589780048289423,-0.3548089738148742,0.4891304347826087,43.334704085333684,2767,-1.9691265037722159
equity,INTC,1h,base_d55_tb,-0.3365894830473725,-0.30076058201337663,0.358695652173913,33.988940274195805,2767,-0.988083049180201
equity,INTC,1h,d55_rev,-0.3739680592873483,-0.7463233885871947,0.42391304347826086,16.393382406216865,2767,-0.7370511821168899
equity,INTC,1h,d55_atr3,-0.05064264886898317,-0.4168651993238903,0.4673913043478261,20.354617148785472,2767,-0.5668467441742158
equity,INTC,1h,d55_atr3_tr,-0.05777260524072987,-0.4324588135486792,0.4673913043478261,20.262964245723627,2767,-0.7118521226856164
equity,INTC,1h,d55_atr3_vol,0.10534198165944003,-0.3295230313521823,0.42391304347826086,17.76797385088148,2767,-0.9011535761239764
equity,INTC,1h,d55_chan20,-0.10057208563088359,-0.5066063832077545,0.42391304347826086,19.232866779618455,2767,-0.47212815819591303
equity,INTC,1h,d20_chan10,0.07042818211113014,-0.43279049501798383,0.42391304347826086,36.87592119607607,2767,-0.9906869271234213
equity,INTC,1h,boll_atr3,-0.02634103539429217,-0.5029693760251446,0.41304347826086957,31.88990977096957,2767,-1.137988652511472
equity,INTC,1h,kelt_atr3,0.1324832538414502,-0.3992175896078294,0.4782608695652174,28.33446423886284,2767,-0.954632283959114
equity,JNJ,1h,base_d55_tb,-0.6824751842359043,-0.3998803083128907,0.358695652173913,75.9512730193314,2767,-1.0662470439310159
equity,JNJ,1h,d55_rev,-0.2569304625702482,-0.41061943582298066,0.45652173913043476,31.065717769081466,2767,-2.8468432586748804
equity,JNJ,1h,d55_atr3,-0.2549766645870718,-0.3311205433372155,0.45652173913043476,41.08997750206591,2767,-1.9238211640001686
equity,JNJ,1h,d55_atr3_tr,-0.24582892561634426,-0.3234547795580749,0.45652173913043476,40.911933487073554,2767,-1.7903933230453675
equity,JNJ,1h,d55_atr3_vol,-0.12230754724876465,-0.26679127314320195,0.41304347826086957,35.33391427471069,2767,-1.443122143913695
equity,JNJ,1h,d55_chan20,0.0004343502922852543,-0.29866204445143885,0.4782608695652174,36.7281995010502,2767,-1.9198432491121593
equity,JNJ,1h,d20_chan10,-0.26015716005821743,-0.4597504638073584,0.45652173913043476,71.44115902298303,2767,-2.6112001928669653
equity,JNJ,1h,boll_atr3,-0.34326774240559454,-0.48919587049664104,0.4891304347826087,60.92284628348075,2767,-2.429444494120792
equity,JNJ,1h,kelt_atr3,-0.22889125763716314,-0.4176037285121307,0.4673913043478261,54.23861922825546,2767,-1.8549242716260006
equity,JPM,1h,base_d55_tb,-0.6614156934290345,-0.38045477936487127,0.34782608695652173,57.42781513785874,2767,-1.2663523140865847
equity,JPM,1h,d55_rev,-0.10604556058708416,-0.3920596225271735,0.5,24.849616500390358,2767,-1.254435143784644
equity,JPM,1h,d55_atr3,-0.005294455030829646,-0.3281264941833131,0.45652173913043476,32.181232497583544,2767,-1.465758574522499
equity,JPM,1h,d55_atr3_tr,-0.017065817426032293,-0.3281264941833125,0.45652173913043476,32.173060755809715,2767,-1.4497356000872395
equity,JPM,1h,d55_atr3_vol,-0.18453598458552023,-0.3513531767419591,0.3804347826086957,28.427661112620367,2767,-1.1378105551362687
equity,JPM,1h,d55_chan20,-0.047334614250909554,-0.3376034791521234,0.4673913043478261,29.511360017993216,2767,-1.7614457811828053
equity,JPM,1h,d20_chan10,-0.0731780671929284,-0.31645861707021883,0.45652173913043476,53.920040350836715,2767,-1.7592841326717061
equity,JPM,1h,boll_atr3,-0.029197584108474794,-0.2708266981845707,0.4891304347826087,46.543841527943606,2767,-2.140319480948355
equity,JPM,1h,kelt_atr3,0.127689365279888,-0.31396209986344725,0.532608695652174,42.00593448597437,2767,-1.4038619828253276
equity,KO,1h,base_d55_tb,-0.45512454374974587,-0.2894439598422791,0.40217391304347827,75.87373095399236,2767,-1.3986526184080446
equity,KO,1h,d55_rev,-0.21306163756226357,-0.47084265783952317,0.41304347826086957,31.813701208437227,2767,-2.4372660456098925
equity,KO,1h,d55_atr3,-0.4264539525350069,-0.4302017562676388,0.3695652173913043,43.77388541139655,2767,-2.058928918463591
equity,KO,1h,d55_atr3_tr,-0.40978652184601777,-0.41956983626053734,0.3695652173913043,43.607254166233446,2767,-2.1874692211756788
equity,KO,1h,d55_atr3_vol,-0.3968050082858865,-0.37810308279803084,0.34782608695652173,37.09009936961715,2767,-1.882385093275506
equity,KO,1h,d55_chan20,-0.294782786781202,-0.4331131810415828,0.44565217391304346,39.55142291620635,2767,-1.7458496337964078
equity,KO,1h,d20_chan10,-0.4750007913430542,-0.532158674412455,0.3695652173913043,80.95858190476868,2767,-2.71135634736257
equity,KO,1h,boll_atr3,-0.2203827501752344,-0.42358658941730365,0.42391304347826086,66.19847481621113,2767,-3.141859707596009
equity,KO,1h,kelt_atr3,-0.3105995333137353,-0.433315844854396,0.43478260869565216,57.13489451736767,2767,-2.55858754219392
equity,LOW,1h,base_d55_tb,0.16599746727659498,-0.16433789706663693,0.5,51.77921738966221,2767,-1.3267400262206808
equity,LOW,1h,d55_rev,0.4795923587119461,-0.2300790697187649,0.532608695652174,20.692203636058217,2767,-2.2404304737077307
equity,LOW,1h,d55_atr3,0.35263209298933235,-0.24827966900350318,0.4891304347826087,28.287639144684924,2767,-0.9590571954976003
equity,LOW,1h,d55_atr3_tr,0.3470484090074773,-0.244867914498059,0.5,28.054802119689175,2767,-1.370316831914367
equity,LOW,1h,d55_atr3_vol,0.3861329145040196,-0.22694495386676283,0.5,23.84912374073833,2767,-1.3546485182261832
equity,LOW,1h,d55_chan20,0.41950118133537373,-0.3105120461138149,0.5108695652173914,25.453478063660512,2767,-1.1363742138857031
equity,LOW,1h,d20_chan10,0.21465098249647083,-0.39653067458747293,0.5434782608695652,48.94073670297079,2767,-1.523186464796478
equity,LOW,1h,boll_atr3,0.14247295134388407,-0.38945175543472266,0.5217391304347826,43.794191883649006,2767,-2.000265462773727
equity,LOW,1h,kelt_atr3,0.10725038484222538,-0.4632188730720257,0.532608695652174,38.86149969063146,2767,-1.4308757487842345
equity,MA,1h,base_d55_tb,-0.7720667518849458,-0.4271087567988966,0.358695652173913,56.578173630012316,2767,-1.0329257977664736
equity,MA,1h,d55_rev,-0.6257097217206226,-0.7498054997090834,0.3804347826086957,25.794549604744514,2767,-1.8073639278618856
equity,MA,1h,d55_atr3,-0.819202527285905,-0.616740909546617,0.32608695652173914,35.121507800462474,2767,-1.6955232980268629
equity,MA,1h,d55_atr3_tr,-0.8014966072218077,-0.6094416449196356,0.32608695652173914,34.86917417166054,2767,-1.575871893066527
equity,MA,1h,d55_atr3_vol,-0.9480951835279277,-0.6397646960242322,0.2826086956521739,30.814304677123527,2767,-1.0697495516528865
equity,MA,1h,d55_chan20,-0.5855156989900728,-0.594091972910239,0.3804347826086957,30.46919492515658,2767,-1.755185310292214
equity,MA,1h,d20_chan10,-0.1812031392499452,-0.46879623261988546,0.43478260869565216,55.888197272752414,2767,-1.6922212154002636
equity,MA,1h,boll_atr3,-0.5654208801862027,-0.6170171980161623,0.41304347826086957,50.96512027594774,2767,-1.5027005761142052
equity,MA,1h,kelt_atr3,-0.6616585380441949,-0.6588077985801952,0.40217391304347827,46.76204505740089,2767,-1.944682133811609
equity,MCD,1h,base_d55_tb,-0.38869340083846443,-0.2802779109936392,0.3695652173913043,76.4290479549953,2767,-1.6464935227972561
equity,MCD,1h,d55_rev,-0.059801245811306275,-0.37455679532477404,0.45652173913043476,30.68865733330443,2767,-2.717505453063918
equity,MCD,1h,d55_atr3,-0.2649983570557316,-0.3930300895764758,0.41304347826086957,41.989977991753754,2767,-1.2591512083708756
equity,MCD,1h,d55_atr3_tr,-0.26338113019123505,-0.3919499802948624,0.41304347826086957,41.98974242934894,2767,-1.9824076439864722
equity,MCD,1h,d55_atr3_vol,-0.28899158704055744,-0.39634692414260686,0.391304347826087,36.69817562954902,2767,-2.2144462560349814
equity,MCD,1h,d55_chan20,-0.3544776983523013,-0.46523896125934217,0.40217391304347827,39.20383572450213,2767,-2.128529525866866
equity,MCD,1h,d20_chan10,-0.539960072808,-0.546045032961693,0.3804347826086957,75.02783279300219,2767,-2.675711364310341
equity,MCD,1h,boll_atr3,-0.480981011435454,-0.5833445754275607,0.41304347826086957,63.094535654167416,2767,-2.5254660249661685
equity,MCD,1h,kelt_atr3,-0.2939889088676376,-0.45000985455145304,0.4673913043478261,55.40441845875585,2767,-2.536051711412105
equity,META,1h,base_d55_tb,-0.33878677138858315,-0.3330869585430327,0.391304347826087,38.592783819531824,2767,-0.687166025579408
equity,META,1h,d55_rev,-0.15267538102980913,-0.51861075085074,0.4673913043478261,17.677293327517187,2767,-0.9574863621692343
equity,META,1h,d55_atr3,-0.5082343550171298,-0.5773905199525224,0.391304347826087,22.672891732035076,2767,-0.7649131000884465
equity,META,1h,d55_atr3_tr,-0.5140991049200445,-0.5794398195076469,0.3804347826086957,22.671722754937463,2767,-1.0331347068802723
equity,META,1h,d55_atr3_vol,-0.5335760359772912,-0.5778384144799928,0.3804347826086957,21.322453008095337,2767,-1.1715976006155204
equity,META,1h,d55_chan20,-0.17682982032564426,-0.49705862342248397,0.45652173913043476,20.296376533116092,2767,-0.7767662909069468
equity,META,1h,d20_chan10,-0.24106803611344266,-0.5028374279421925,0.41304347826086957,37.55556119772275,2767,-1.31103357858282
equity,META,1h,boll_atr3,-0.4412843432030995,-0.6288928600118346,0.40217391304347827,34.33883453422975,2767,-1.251485928701332
equity,META,1h,kelt_atr3,-0.2579282269923201,-0.480160515732477,0.42391304347826086,30.61261999873109,2767,-0.7606478045957262
equity,MRK,1h,base_d55_tb,-0.8484252306470085,-0.4660063557156401,0.31521739130434784,55.95020614332706,2767,-1.0262591830869352
equity,MRK,1h,d55_rev,-0.6587043481876327,-0.6882404916988842,0.43478260869565216,26.64378236577323,2767,-2.184293450589864
equity,MRK,1h,d55_atr3,-0.4200630158218356,-0.4794191377279725,0.40217391304347827,33.7881953772636,2767,-0.7961497047196107
equity,MRK,1h,d55_atr3_tr,-0.41393785322266924,-0.4736694323096424,0.40217391304347827,33.597495280138,2767,-1.6914842659663232
equity,MRK,1h,d55_atr3_vol,-0.35568511006145376,-0.41047922683421756,0.32608695652173914,29.785543023049886,2767,-1.3769905758206016
equity,MRK,1h,d55_chan20,-0.32576488239741597,-0.4589238407695456,0.43478260869565216,30.837896774189403,2767,-2.181497757068675
equity,MRK,1h,d20_chan10,-0.10792165956605446,-0.364504117297337,0.44565217391304346,57.87526592303441,2767,-1.6220513790638824
equity,MRK,1h,boll_atr3,-0.19672452717132985,-0.41387236905388847,0.41304347826086957,49.70932502831421,2767,-1.7108609814999935
equity,MRK,1h,kelt_atr3,-0.04150132747979928,-0.3634943338706357,0.4891304347826087,42.90919149643114,2767,-1.6345486905825257
equity,MS,1h,base_d55_tb,0.20262953739666953,-0.15170043331346106,0.45652173913043476,43.72851988958684,2767,-1.3610433804491673
equity,MS,1h,d55_rev,-0.20660479175944968,-0.4346722813524978,0.45652173913043476,20.179436448446154,2767,-1.7106129688293548
equity,MS,1h,d55_atr3,0.20698627219592688,-0.24339483113655802,0.5,25.476053975180296,2767,-1.4636841587534042
equity,MS,1h,d55_atr3_tr,0.19510303488334302,-0.2436902183041869,0.5,25.384521258667387,2767,-1.0868069789700712
equity,MS,1h,d55_atr3_vol,0.26659948070470696,-0.21442822233862857,0.4782608695652174,22.336448107435796,2767,-1.5396007327340262
equity,MS,1h,d55_chan20,-0.19817839060933046,-0.4214221002531795,0.44565217391304346,24.84162316735203,2767,-1.241272744639476
equity,MS,1h,d20_chan10,-0.05143987828194606,-0.44975521050644796,0.44565217391304346,46.638856771505026,2767,-1.7365005088518901
equity,MS,1h,boll_atr3,-0.024991159260736497,-0.4152040698634303,0.44565217391304346,39.28865015964003,2767,-1.360267072833767
equity,MS,1h,kelt_atr3,0.11199221550645701,-0.3021328439583272,0.43478260869565216,35.92814059152924,2767,-1.4586033911764273
equity,MSFT,1h,base_d55_tb,-0.3761320399869805,-0.3299056907786029,0.391304347826087,56.20457991051092,2767,-0.8149354748697432
equity,MSFT,1h,d55_rev,0.219268260293145,-0.2987292196339768,0.5652173913043478,21.05276849806492,2767,-1.4963410445168397
equity,MSFT,1h,d55_atr3,-0.05854588353478181,-0.3739153672236213,0.4673913043478261,29.985171549444058,2767,-1.1642429336086064
equity,MSFT,1h,d55_atr3_tr,-0.07852266024428842,-0.3739153672236216,0.4673913043478261,29.984706658048605,2767,-1.2295239631269155
equity,MSFT,1h,d55_atr3_vol,-0.04616512745475394,-0.3513299770494137,0.42391304347826086,26.72990784832663,2767,-0.8291780860589778
equity,MSFT,1h,d55_chan20,-0.05491345419609609,-0.40892521455728836,0.44565217391304346,27.870165328365605,2767,-1.3151714896010929
equity,MSFT,1h,d20_chan10,-0.3023371175517729,-0.5516325437767025,0.42391304347826086,55.037491516459234,2767,-1.9401185434983907
equity,MSFT,1h,boll_atr3,-0.062151882058318265,-0.40900786163234604,0.4673913043478261,44.33556703053538,2767,-1.5074095847331819
equity,MSFT,1h,kelt_atr3,-0.05410290390613223,-0.41291923791496377,0.44565217391304346,42.54737596955654,2767,-1.9534255628108594
equity,NFLX,1h,base_d55_tb,-0.44469345228491713,-0.3678543389223554,0.43478260869565216,37.98665535438667,2767,-1.0999402873795208
equity,NFLX,1h,d55_rev,0.03040572938601775,-0.5197931641002738,0.45652173913043476,16.838601697634708,2767,-1.0410051940537945
equity,NFLX,1h,d55_atr3,-0.1773023364130505,-0.3550865382651297,0.42391304347826086,23.006011688626916,2767,-0.9005356468841273
equity,NFLX,1h,d55_atr3_tr,-0.20318685649847434,-0.36902515951222925,0.42391304347826086,22.92960616666804,2767,-0.764140148603223
equity,NFLX,1h,d55_atr3_vol,-0.29936291747061333,-0.4221977622661107,0.358695652173913,21.00473092464891,2767,-0.43152879975689845
equity,NFLX,1h,d55_chan20,-0.0025181753292544207,-0.4673151650719656,0.42391304347826086,20.539582753713617,2767,-0.4904078828451416
equity,NFLX,1h,d20_chan10,-0.023175001204239466,-0.3174724489733247,0.4782608695652174,37.41283749261232,2767,-1.0351845539334195
equity,NFLX,1h,boll_atr3,-0.27995575734347566,-0.46497411761829766,0.43478260869565216,33.41847562326919,2767,-1.216913074881135
equity,NFLX,1h,kelt_atr3,-0.06815962833700448,-0.330601828689395,0.391304347826087,29.014046822633876,2767,-1.394023656192627
equity,NKE,1h,base_d55_tb,-0.23084643370858846,-0.2852819927845939,0.42391304347826086,46.824069865240936,2767,-0.5290158972680267
equity,NKE,1h,d55_rev,-0.24766286508226676,-0.5824326706537812,0.5,20.872440296037922,2767,-1.3721351808522362
equity,NKE,1h,d55_atr3,0.11762084399754114,-0.18839217688926968,0.4891304347826087,26.896199656372584,2767,-0.8858043578261852
equity,NKE,1h,d55_atr3_tr,0.14792705072257178,-0.18639534141332803,0.5108695652173914,26.398259512177926,2767,-1.4152561957430931
equity,NKE,1h,d55_atr3_vol,-0.006616270237585809,-0.31551453820092523,0.45652173913043476,24.539108109658912,2767,-1.2155309104719407
equity,NKE,1h,d55_chan20,-0.1618844652652032,-0.3541672060045705,0.41304347826086957,24.980849240277593,2767,-1.156310566070888
equity,NKE,1h,d20_chan10,0.18702139038459026,-0.35343698211371377,0.4782608695652174,47.0429690690644,2767,-1.802163013512366
equity,NKE,1h,boll_atr3,0.11851817176758651,-0.4157448463560339,0.4673913043478261,41.99189338540743,2767,-1.8220828918397687
equity,NKE,1h,kelt_atr3,0.29821773208357305,-0.3379866359060997,0.5217391304347826,37.94309624252243,2767,-1.8559430188864512
equity,NVDA,1h,base_d55_tb,0.2872365065119055,-0.1318323787846648,0.5108695652173914,29.846128553724963,2767,-0.6554213828019171
equity,NVDA,1h,d55_rev,0.3325018534968223,-0.28616795994262023,0.5108695652173914,12.519510750967672,2767,-0.9726982139247793
equity,NVDA,1h,d55_atr3,0.29981146720577556,-0.15170534942742908,0.44565217391304346,16.757738774881368,2767,-0.6717734871557852
equity,NVDA,1h,d55_atr3_tr,0.32979630058861875,-0.15170534942742975,0.45652173913043476,16.60736970600035,2767,-0.6978905909604608
equity,NVDA,1h,d55_atr3_vol,0.24212030526727613,-0.16386786783159002,0.42391304347826086,15.256127265074575,2767,-0.6178009910756485
equity,NVDA,1h,d55_chan20,0.11357833637040265,-0.22675957527083723,0.43478260869565216,15.562421753079535,2767,-0.7279406230089572
equity,NVDA,1h,d20_chan10,0.10548135902484451,-0.30063319617642925,0.532608695652174,28.8470741734749,2767,-0.5957964225152522
equity,NVDA,1h,boll_atr3,0.20147247513461866,-0.29256850869461626,0.5217391304347826,24.299168479278443,2767,-0.6881791664402088
equity,NVDA,1h,kelt_atr3,0.06056705173147673,-0.36570442987616214,0.43478260869565216,23.102695673333205,2767,-0.27229645521913065
equity,ORCL,1h,base_d55_tb,-0.07690664129005238,-0.23991604763343266,0.4891304347826087,48.641060139486946,2767,-0.9133996281528597
equity,ORCL,1h,d55_rev,0.37979774662346627,-0.2733667155663766,0.5869565217391305,19.46763204919185,2767,-1.3346515748025387
equity,ORCL,1h,d55_atr3,0.320304194619306,-0.2166046525183124,0.5760869565217391,26.38880087309455,2767,-0.6994839969998192
equity,ORCL,1h,d55_atr3_tr,0.312989136604077,-0.2166046525183134,0.5652173913043478,26.210503819489603,2767,-1.163484552723857
equity,ORCL,1h,d55_atr3_vol,0.20572885692495244,-0.1984623065025155,0.4891304347826087,23.26065441803141,2767,-1.2704099138050082
equity,ORCL,1h,d55_chan20,0.14076470083127618,-0.27350927427207183,0.4891304347826087,25.194879320598478,2767,-1.3031397236716606
equity,ORCL,1h,d20_chan10,-0.04974052583960535,-0.43767285928699873,0.4673913043478261,49.32491221644112,2767,-1.0501367141970992
equity,ORCL,1h,boll_atr3,0.1933110663745681,-0.2578493466316705,0.5108695652173914,41.743312784422486,2767,-1.6770389049566379
equity,ORCL,1h,kelt_atr3,0.01619672371276035,-0.3740764942892014,0.4782608695652174,38.27724532523066,2767,-1.036747192246969
equity,PEP,1h,base_d55_tb,-0.785547041016791,-0.41283461041116976,0.34782608695652173,71.67598501455477,2767,-1.8867421241794369
equity,PEP,1h,d55_rev,0.0908416372257715,-0.28972137900103945,0.5217391304347826,28.627521272446504,2767,-3.1252910543809733
equity,PEP,1h,d55_atr3,-0.4055019282103843,-0.469909242671674,0.42391304347826086,40.668043261185915,2767,-2.079543366648116
equity,PEP,1h,d55_atr3_tr,-0.4073277356532871,-0.469909242671674,0.42391304347826086,40.66452465872488,2767,-2.2228522667651283
equity,PEP,1h,d55_atr3_vol,-0.4024130345786458,-0.3688362308718618,0.358695652173913,34.18380589195221,2767,-1.8786954315905595
equity,PEP,1h,d55_chan20,-0.3236305208750196,-0.4474190659298446,0.40217391304347827,37.75637757313597,2767,-2.1431314531165997
equity,PEP,1h,d20_chan10,-0.630821913708026,-0.660175114326527,0.40217391304347827,74.53505093372061,2767,-1.8088547218756514
equity,PEP,1h,boll_atr3,-0.6017608729338974,-0.61538943440473,0.40217391304347827,63.860312466423544,2767,-1.9396115720101466
equity,PEP,1h,kelt_atr3,-0.7437151294137412,-0.6589227373350139,0.391304347826087,54.67678274002008,2767,-2.4234649639133514
equity,PFE,1h,base_d55_tb,-0.1103027078165685,-0.2204842173386884,0.45652173913043476,51.40063333300665,2767,-0.3668924859469906
equity,PFE,1h,d55_rev,0.5041591648119305,-0.23779789106884308,0.5543478260869565,20.32749842218998,2767,-2.40673227572151
equity,PFE,1h,d55_atr3,0.2032814294896589,-0.34867632539445403,0.4673913043478261,28.956003394634564,2767,-1.3129536971153697
equity,PFE,1h,d55_atr3_tr,0.1876859129971785,-0.3486763253944527,0.4673913043478261,28.95206752206476,2767,-1.421349431535767
equity,PFE,1h,d55_atr3_vol,-0.056507313289941526,-0.36495263607329664,0.40217391304347827,26.39653979572862,2767,-1.658432701757422
equity,PFE,1h,d55_chan20,0.24535172518648518,-0.3358380648703705,0.45652173913043476,25.916533350829038,2767,-1.2970678930515178
equity,PFE,1h,d20_chan10,-0.17931548191902572,-0.38719238066451944,0.43478260869565216,52.10975263658667,2767,-1.8028392425966568
equity,PFE,1h,boll_atr3,-0.04570207382444095,-0.4071826430490013,0.4673913043478261,44.22716367743022,2767,-1.8459619197065045
equity,PFE,1h,kelt_atr3,0.054147881817994285,-0.35432550295196563,0.45652173913043476,38.987029439560246,2767,-1.7708038438962266
equity,PG,1h,base_d55_tb,-1.2286843540337462,-0.5457755014552834,0.2608695652173913,74.68779132138017,2767,-1.5640516311607717
equity,PG,1h,d55_rev,-0.5245217320953758,-0.6221201216969588,0.41304347826086957,31.754107467217764,2767,-2.332924341263327
equity,PG,1h,d55_atr3,-1.0357897875460425,-0.6577388443064213,0.29347826086956524,44.215761947126,2767,-2.116803841034467
equity,PG,1h,d55_atr3_tr,-1.0357897875460425,-0.6577388443064213,0.29347826086956524,44.215761947126,2767,-2.0615391891968007
equity,PG,1h,d55_atr3_vol,-1.0456053991687908,-0.629579918757511,0.31521739130434784,37.63421530192322,2767,-1.2768198389093266
equity,PG,1h,d55_chan20,-0.8184805255703559,-0.6447014591408913,0.33695652173913043,39.5651228139116,2767,-1.603942467773495
equity,PG,1h,d20_chan10,-1.0472377026032127,-0.7684832876258763,0.32608695652173914,79.18456730227518,2767,-2.5000414154316917
equity,PG,1h,boll_atr3,-0.7598508262340155,-0.6638994266825149,0.40217391304347827,66.06463874586484,2767,-2.2866533126410467
equity,PG,1h,kelt_atr3,-0.6668928694384891,-0.5813018988821725,0.41304347826086957,58.49033485464871,2767,-2.961922306364971
equity,QCOM,1h,base_d55_tb,0.02995010824748743,-0.20079504621713729,0.41304347826086957,36.55414698292769,2767,-1.1036316840831997
equity,QCOM,1h,d55_rev,0.174828607016117,-0.3574582345493097,0.5434782608695652,15.758967019061021,2767,-1.329399474178864
equity,QCOM,1h,d55_atr3,0.22533919143180853,-0.2937121050698962,0.45652173913043476,21.021416078973786,2767,-1.2420150825944822
equity,QCOM,1h,d55_atr3_tr,0.21156842691210453,-0.2998136810264621,0.44565217391304346,20.967203730482513,2767,-0.509010832288037
equity,QCOM,1h,d55_atr3_vol,0.12573266034343006,-0.24468342595350434,0.43478260869565216,19.036610630924955,2767,-0.4554132028539364
equity,QCOM,1h,d55_chan20,-0.029478406255329194,-0.42335942810388816,0.4891304347826087,19.777760808407756,2767,-1.0400780234410216
equity,QCOM,1h,d20_chan10,0.15843950068552187,-0.3662932353636422,0.4891304347826087,38.378496861845086,2767,-0.6131172829028985
equity,QCOM,1h,boll_atr3,-0.3524416799135038,-0.6081365039775086,0.43478260869565216,34.03659882780938,2767,-1.3256091645536099
equity,QCOM,1h,kelt_atr3,0.09755879186614506,-0.4001350717690404,0.4673913043478261,30.620939669042993,2767,-0.4010535363984369
equity,QQQ,1h,base_d55_tb,0.5722027586544034,-0.09415108112488457,0.5822784810126582,71.52811264466685,2368,-1.6235656968217407
equity,QQQ,1h,d55_rev,0.16878343696732628,-0.3065819335616684,0.5189873417721519,27.319074971127034,2368,-2.7093691224860215
equity,QQQ,1h,d55_atr3,0.02928823030463088,-0.24188929950910953,0.46835443037974683,38.088245568382426,2368,-2.019920753424181
equity,QQQ,1h,d55_atr3_tr,0.046213098693557275,-0.22969347944237672,0.46835443037974683,37.93072270100398,2368,-1.7394227802204485
equity,QQQ,1h,d55_atr3_vol,0.10922265554034676,-0.18493702959436298,0.4810126582278481,33.050267774359675,2368,-1.8412533678774856
equity,QQQ,1h,d55_chan20,-0.005793846683688969,-0.2907626467717731,0.5063291139240507,34.43263489740152,2368,-2.054005032010038
equity,QQQ,1h,d20_chan10,-0.26083470582129886,-0.4792151249673975,0.4050632911392405,69.52860092150462,2368,-1.3201348136919504
equity,QQQ,1h,boll_atr3,-0.18233369164395408,-0.36955226196347335,0.45569620253164556,55.275298937676446,2368,-1.769457965867661
equity,QQQ,1h,kelt_atr3,-0.24070646980772295,-0.3711334448113587,0.4430379746835443,53.31037697536958,2368,-1.8365101413302864
equity,SBUX,1h,base_d55_tb,-0.30216839742869095,-0.26135332172069003,0.41304347826086957,51.78572895378717,2767,-1.464281277971965
equity,SBUX,1h,d55_rev,-0.6155530186996325,-0.7557606439414702,0.41304347826086957,23.608791017798534,2767,-1.6156695224434465
equity,SBUX,1h,d55_atr3,-0.3831814796718558,-0.47961160427963745,0.3804347826086957,30.211603540837817,2767,-1.3940748483942502
equity,SBUX,1h,d55_atr3_tr,-0.36615474672433707,-0.4686261945560726,0.3804347826086957,30.074189756921246,2767,-2.160058033146228
equity,SBUX,1h,d55_atr3_vol,-0.36441953254943377,-0.45060153761861954,0.40217391304347827,26.426048461047017,2767,-0.9991598246490778
equity,SBUX,1h,d55_chan20,-0.7339113734107662,-0.6947066146520608,0.358695652173913,28.377507038803984,2767,-0.7254591558986282
equity,SBUX,1h,d20_chan10,-0.525457569628263,-0.6598123565967957,0.42391304347826086,53.83562641976257,2767,-1.0538284152983277
equity,SBUX,1h,boll_atr3,-0.5637715870689051,-0.660453819017129,0.3804347826086957,46.54453872223779,2767,-1.5147712196628642
equity,SBUX,1h,kelt_atr3,-0.3649073771851784,-0.5219225445474598,0.44565217391304346,42.09364386962302,2767,-1.4171694735575857
equity,SLB,1h,base_d55_tb,0.25891535633963425,-0.13395685034265747,0.5108695652173914,34.90860881062275,2767,-0.6749690408337221
equity,SLB,1h,d55_rev,-0.09282763954814295,-0.4578560524685825,0.4891304347826087,15.071836356160226,2767,-0.9303435595730578
equity,SLB,1h,d55_atr3,0.19068133641176893,-0.3639225721074393,0.44565217391304346,19.373161627120147,2767,-0.5893941965261241
equity,SLB,1h,d55_atr3_tr,0.19337780402325114,-0.3639225721074393,0.44565217391304346,19.372385698160357,2767,-0.8983941177235869
equity,SLB,1h,d55_atr3_vol,0.16634088969475597,-0.3337780510232249,0.45652173913043476,16.944982987829437,2767,-0.5781453906903512
equity,SLB,1h,d55_chan20,0.12745106794416813,-0.3249551931990896,0.4673913043478261,18.07810889240919,2767,-1.0614627077247727
equity,SLB,1h,d20_chan10,0.10774932388438592,-0.3004317694898777,0.5,33.88748143499021,2767,-1.2734751352699891
equity,SLB,1h,boll_atr3,0.23006229728385996,-0.34651716509809793,0.4891304347826087,29.778928698610446,2767,-1.4971620613474335
equity,SLB,1h,kelt_atr3,0.23927445096539313,-0.3215555498359145,0.4891304347826087,26.253176875460387,2767,-0.6967124364276124
equity,SPY,1h,base_d55_tb,-0.27911538058088187,-0.23487610371386958,0.4177215189873418,100.24753314086179,2368,-1.941619793345808
equity,SPY,1h,d55_rev,-0.05928452531955681,-0.3643209756723398,0.4810126582278481,38.57198732154023,2368,-3.3563808010848963
equity,SPY,1h,d55_atr3,-0.3564376741450579,-0.4023897309526736,0.4177215189873418,57.10793643961779,2368,-1.9520991335794746
equity,SPY,1h,d55_atr3_tr,-0.3564376741450579,-0.4023897309526736,0.4177215189873418,57.10793643961779,2368,-2.2366245603317103
equity,SPY,1h,d55_atr3_vol,-0.4609226810669452,-0.41151921158025195,0.34177215189873417,44.8021670653903,2368,-1.984283997093391
equity,SPY,1h,d55_chan20,-0.3700049073552379,-0.4503059204447196,0.46835443037974683,50.54800570145171,2368,-2.499325198217221
equity,SPY,1h,d20_chan10,-0.4918688743276943,-0.5287488111584893,0.3924050632911392,98.24393904803037,2368,-2.9047346003158543
equity,SPY,1h,boll_atr3,-0.21321301027590794,-0.43071626819896536,0.46835443037974683,77.3250478810951,2368,-2.768333096040632
equity,SPY,1h,kelt_atr3,-0.40457468131910673,-0.5151960672740237,0.3924050632911392,75.74657023742425,2368,-2.221493299120921
equity,T,1h,base_d55_tb,0.13881974876753955,-0.17677222176103902,0.4673913043478261,53.09676132354406,2767,-0.570653824163181
equity,T,1h,d55_rev,0.1346507702623206,-0.33458632572680813,0.5217391304347826,24.198375189463253,2767,-2.0751843873249363
equity,T,1h,d55_atr3,-0.02868696184963388,-0.35367019750816675,0.4673913043478261,32.65225777270452,2767,-1.5013105605357282
equity,T,1h,d55_atr3_tr,-0.02815037018118799,-0.35367019750816675,0.4673913043478261,32.65138405401867,2767,-1.6099039320649071
equity,T,1h,d55_atr3_vol,0.003070167030615818,-0.32245123028600686,0.44565217391304346,28.84130593296716,2767,-0.5271813480556865
equity,T,1h,d55_chan20,-0.11046902035127447,-0.40886105791255944,0.4782608695652174,30.051696572114132,2767,-1.8255065857404422
equity,T,1h,d20_chan10,-0.03261299717014322,-0.4178250760610126,0.5652173913043478,59.80404286636469,2767,-1.8543268866400315
equity,T,1h,boll_atr3,0.01395470319389918,-0.4573066038100536,0.5108695652173914,49.80139200245261,2767,-1.7467567103632706
equity,T,1h,kelt_atr3,-0.24684708262999666,-0.4215959447138663,0.44565217391304346,44.04293293028235,2767,-1.5659969304210044
equity,TXN,1h,base_d55_tb,-0.8518759029018784,-0.5097729917818832,0.34782608695652173,42.99349676286121,2767,-0.9157808026098626
equity,TXN,1h,d55_rev,-0.12769960119538787,-0.5271281073183003,0.45652173913043476,18.675147794005007,2767,-1.7823000428294669
equity,TXN,1h,d55_atr3,-0.5513111441456879,-0.5457566203279958,0.3695652173913043,26.86543508540034,2767,-0.9444924257406992
equity,TXN,1h,d55_atr3_tr,-0.5708597084877258,-0.5457566203279958,0.3695652173913043,26.728341177637493,2767,-1.4722649580759686
equity,TXN,1h,d55_atr3_vol,-0.5962958216902479,-0.5170912421400227,0.33695652173913043,22.35570529021524,2767,-1.2925952415995234
equity,TXN,1h,d55_chan20,-0.39946843564329565,-0.5915812499378981,0.391304347826087,24.322182328073865,2767,-1.4376510206992672
equity,TXN,1h,d20_chan10,-0.300038105174226,-0.6088198451432032,0.40217391304347827,48.52118426631917,2767,-0.9861910034376755
equity,TXN,1h,boll_atr3,-0.40013773102612443,-0.6466936379918566,0.40217391304347827,42.0441644008065,2767,-0.950501802857059
equity,TXN,1h,kelt_atr3,-0.43816986193376195,-0.6225468251047677,0.358695652173913,37.99026503741161,2767,-1.66922966763444
equity,UNH,1h,base_d55_tb,0.15756566193557656,-0.2631034145119019,0.4673913043478261,46.89962853910776,2767,-0.12259377054169103
equity,UNH,1h,d55_rev,-0.009030936675631079,-0.43644964193002556,0.5,21.065888101632513,2767,-1.2905871340975328
equity,UNH,1h,d55_atr3,0.2117740951034216,-0.26141153082434365,0.5217391304347826,27.752312069434275,2767,-0.5540384026520304
equity,UNH,1h,d55_atr3_tr,0.1882004413018323,-0.2681237450177484,0.5108695652173914,27.747249593930263,2767,-1.3380449193326482
equity,UNH,1h,d55_atr3_vol,0.30651357459207396,-0.18288001333960902,0.5217391304347826,24.698692840649628,2767,-1.2208828678004553
equity,UNH,1h,d55_chan20,-0.056563084198347775,-0.39879218492825674,0.45652173913043476,25.99685913661693,2767,-0.8348859368700022
equity,UNH,1h,d20_chan10,0.18297266102235027,-0.41763872725265805,0.532608695652174,49.65873197150834,2767,-1.4047109428733715
equity,UNH,1h,boll_atr3,0.12394074897038804,-0.41367487631062294,0.5217391304347826,42.44315901258177,2767,-1.676938588620265
equity,UNH,1h,kelt_atr3,0.05570352627334177,-0.47641372699388396,0.4782608695652174,38.115678043584126,2767,-1.6122359010647949
equity,V,1h,base_d55_tb,-0.5918593983433066,-0.34746177767918207,0.3695652173913043,61.58272774207126,2767,-1.4043402294184721
equity,V,1h,d55_rev,-0.24671207022616318,-0.52374895516018,0.5217391304347826,25.60364494816078,2767,-2.0755767198616883
equity,V,1h,d55_atr3,-0.4043032737873882,-0.4216709166400864,0.358695652173913,35.48507806900824,2767,-1.7913228536446504
equity,V,1h,d55_atr3_tr,-0.4080934247823674,-0.4237305299791154,0.358695652173913,35.35787900713835,2767,-1.6031267743734152
equity,V,1h,d55_atr3_vol,-0.37968972144598195,-0.36964174220662616,0.3804347826086957,30.1529556046837,2767,-1.4913995256645283
equity,V,1h,d55_chan20,-0.4617041674317288,-0.4967311953873288,0.41304347826086957,32.35386678658702,2767,-2.0485922902499074
equity,V,1h,d20_chan10,-0.5604164314839899,-0.5804608495674104,0.3695652173913043,63.69233331806895,2767,-2.1804274366843854
equity,V,1h,boll_atr3,-0.22882117007499547,-0.4854927297153575,0.45652173913043476,52.11198675731047,2767,-1.8147780809872287
equity,V,1h,kelt_atr3,-0.49995232341936885,-0.5370304354457462,0.358695652173913,48.92648748370851,2767,-1.8286920729056568
equity,VZ,1h,base_d55_tb,-0.04148775062261232,-0.3464256808312457,0.4782608695652174,65.28352097207402,2767,-0.891432469319038
equity,VZ,1h,d55_rev,-0.08637083920757717,-0.4287087633621891,0.5217391304347826,30.204612917385802,2767,-2.7182224668758326
equity,VZ,1h,d55_atr3,-0.0697207022566619,-0.3713573868310569,0.391304347826087,38.75115406389974,2767,-2.0120144469822074
equity,VZ,1h,d55_atr3_tr,-0.08149251211677963,-0.379551580881875,0.391304347826087,38.75045649062756,2767,-1.7009634529011108
equity,VZ,1h,d55_atr3_vol,-0.1339541088013717,-0.3831643891651668,0.41304347826086957,33.97453894391377,2767,-1.0215201044150737
equity,VZ,1h,d55_chan20,-0.06828353505460658,-0.3310108791511599,0.5,36.13751519537283,2767,-1.704444138877565
equity,VZ,1h,d20_chan10,-0.25415823104879814,-0.5081371294866014,0.4782608695652174,68.9266601107247,2767,-2.4866446730552365
equity,VZ,1h,boll_atr3,-0.19655244891614065,-0.47248722493874684,0.43478260869565216,60.59796427336383,2767,-2.065326785111667
equity,VZ,1h,kelt_atr3,-0.18958213656461442,-0.39440960341455544,0.4673913043478261,51.711548292592674,2767,-2.446162914749911
equity,WFC,1h,base_d55_tb,0.21335116420460104,-0.10012451661414024,0.4782608695652174,45.09121037963835,2767,-0.21123725098716498
equity,WFC,1h,d55_rev,0.09337897973384465,-0.3668775304581272,0.45652173913043476,19.05347354316422,2767,-2.0935416687912234
equity,WFC,1h,d55_atr3,0.24294859353753556,-0.2137769726620179,0.4673913043478261,24.909229105386974,2767,-1.9699247537737934
equity,WFC,1h,d55_atr3_tr,0.23345274152157708,-0.2151671146762354,0.4673913043478261,24.753589751332512,2767,-0.73485848941547
equity,WFC,1h,d55_atr3_vol,0.2726460515368642,-0.2039190712236184,0.44565217391304346,21.238638668064993,2767,-1.3509913575167003
equity,WFC,1h,d55_chan20,0.12463520895152573,-0.25340145647016565,0.44565217391304346,23.080330298820442,2767,-1.8562648024746864
equity,WFC,1h,d20_chan10,-0.397572327343285,-0.4812849673425741,0.45652173913043476,47.309674223089125,2767,-1.401900208828606
equity,WFC,1h,boll_atr3,-0.02279599520947213,-0.34072347198489095,0.45652173913043476,38.5527980909128,2767,-1.3473023954377406
equity,WFC,1h,kelt_atr3,0.08234394516027552,-0.2779035410804255,0.4782608695652174,34.70329214872467,2767,-1.7879488613292343
equity,WMT,1h,base_d55_tb,0.09970390886666539,-0.17584591084856727,0.45652173913043476,69.88952701876407,2767,-1.5416343618266892
equity,WMT,1h,d55_rev,-0.003920198835899813,-0.33248395290164356,0.5543478260869565,30.622604913185146,2767,-2.3547333903259395
equity,WMT,1h,d55_atr3,-0.11873248478691602,-0.3110879444051162,0.5,42.019577139954905,2767,-1.9871242320524245
equity,WMT,1h,d55_atr3_tr,-0.08992543265854823,-0.2927264355565644,0.5,41.703044792284835,2767,-1.365418597528088
equity,WMT,1h,d55_atr3_vol,-0.23320497386113656,-0.3409748579358677,0.43478260869565216,37.280854738273256,2767,-1.6884296235288985
equity,WMT,1h,d55_chan20,-0.34362348743967625,-0.4288102655843139,0.4673913043478261,39.41711638813855,2767,-2.585681226520646
equity,WMT,1h,d20_chan10,-0.3474170520856777,-0.4769315755960548,0.4673913043478261,68.5039383404355,2767,-1.918748302021253
equity,WMT,1h,boll_atr3,-0.33515577833543214,-0.4562424365659744,0.4673913043478261,61.509854599355855,2767,-1.6630580694367638
equity,WMT,1h,kelt_atr3,-0.36998407053470506,-0.46329549125476455,0.4891304347826087,52.476747892990964,2767,-1.992031477245741
equity,XOM,1h,base_d55_tb,0.47288175298203766,-0.17284389827607471,0.4891304347826087,47.589949206810616,2767,-0.7281728419483879
equity,XOM,1h,d55_rev,-0.06258272153854945,-0.5094776095308888,0.4891304347826087,20.79521868236463,2767,-1.8016711090968618
equity,XOM,1h,d55_atr3,0.19146214716694532,-0.3147866475571861,0.4673913043478261,27.17412939289088,2767,-1.4483860570506841
equity,XOM,1h,d55_atr3_tr,0.18964003392431258,-0.3160627778601567,0.4673913043478261,27.17295831377844,2767,-1.8572055324915353
equity,XOM,1h,d55_atr3_vol,0.13972577892827168,-0.30194425421723725,0.42391304347826086,23.429842563143957,2767,-1.4799160993907672
equity,XOM,1h,d55_chan20,0.08197452046087057,-0.3147841404980143,0.4782608695652174,24.860401865166182,2767,-0.4751234812953922
equity,XOM,1h,d20_chan10,0.0024837429722727286,-0.3841945495992918,0.43478260869565216,49.58685579920609,2767,-1.866141161127881
equity,XOM,1h,boll_atr3,0.08451109948865554,-0.40549653312743716,0.5,41.28239181598422,2767,-1.0717231421201503
equity,XOM,1h,kelt_atr3,0.14907373144050493,-0.3450575317468326,0.4891304347826087,39.584128183701125,2767,-1.529214431997819
fx,AUDJPY=X,1h,base_d55_tb,-0.7489962781991908,-0.4140407818869737,0.35,484.61764706791047,2380,-2.329196302687321
fx,AUDJPY=X,1h,d55_rev,-0.31820541836992505,-0.5255978460827506,0.45,198.44830173473878,2380,-4.779034816483193
fx,AUDJPY=X,1h,d55_atr3,-0.16815720416739754,-0.3655384353161687,0.4,248.90652389582436,2380,-3.678059108514747
fx,AUDJPY=X,1h,d55_atr3_tr,-0.17433125609647193,-0.3655384353161688,0.4,248.87447755682285,2380,-3.6353236955750408
fx,AUDJPY=X,1h,d55_chan20,-0.12040345074580189,-0.45948357201068224,0.4875,235.21266369980506,2380,-4.060901081492189
fx,AUDJPY=X,1h,d20_chan10,-0.26966037968457407,-0.45824437937613594,0.425,443.65450531263764,2380,-4.870101832063704
fx,AUDJPY=X,1h,boll_atr3,-0.018127824511826228,-0.43521322345116575,0.45,360.62440893075757,2380,-4.308025568460255
fx,AUDJPY=X,1h,kelt_atr3,0.06979050703299745,-0.33189818473497346,0.4375,279.7545476763992,2380,-3.962461407412972
fx,AUDNZD=X,1h,base_d55_tb,-2.1163818159850836,-0.5659049014302757,0.1875,648.628441466774,2381,-4.579119634095329
fx,AUDNZD=X,1h,d55_rev,0.05729337279443718,-0.3891256973954581,0.525,220.22577947847242,2381,-8.559826271729218
fx,AUDNZD=X,1h,d55_atr3,0.13688510488445899,-0.17824005123610398,0.5125,290.2618537678107,2381,-7.512063750672235
fx,AUDNZD=X,1h,d55_atr3_tr,0.12088689343762304,-0.1786149401132674,0.5125,290.1848019136592,2381,-7.4466408965798
fx,AUDNZD=X,1h,d55_chan20,0.15925332150220003,-0.22034204535844826,0.5875,284.85021122421085,2381,-6.424023347736244
fx,AUDNZD=X,1h,d20_chan10,-0.3908026180228479,-0.4481525463415874,0.45,580.0144911914934,2381,-8.406966354898682
fx,AUDNZD=X,1h,boll_atr3,0.09588954968619631,-0.3924214027763814,0.5625,419.9156343596346,2381,-7.947698269471366
fx,AUDNZD=X,1h,kelt_atr3,0.05613127747343683,-0.2580040313262032,0.5,264.5905063312832,2381,-7.166270901749591
fx,AUDUSD=X,1h,base_d55_tb,-1.3211607160129268,-0.543424317826829,0.3125,504.1587134288124,2381,-2.6139281295064944
fx,AUDUSD=X,1h,d55_rev,-1.1107121609806703,-0.7987365001790845,0.35,210.36216319342162,2381,-5.1304509482448335
fx,AUDUSD=X,1h,d55_atr3,-0.9929164473909444,-0.6554854820837354,0.3125,267.56380063397273,2381,-4.04685609321305
fx,AUDUSD=X,1h,d55_atr3_tr,-0.9753808308251809,-0.6522002596290011,0.3125,266.5495536969108,2381,-4.041126392129966
fx,AUDUSD=X,1h,d55_chan20,-1.0685822513814751,-0.7073036283103433,0.3375,255.28335912398921,2381,-4.6995228898368655
fx,AUDUSD=X,1h,d20_chan10,-1.0215481303913825,-0.7184962943955342,0.3125,498.57408275890486,2381,-4.647525112739662
fx,AUDUSD=X,1h,boll_atr3,-0.8896269367633565,-0.7076844908960521,0.375,406.627928386281,2381,-4.604303851036029
fx,AUDUSD=X,1h,kelt_atr3,-0.8183103913117933,-0.61751206047845,0.375,314.42758266678806,2381,-4.189438951270992
fx,CADJPY=X,1h,base_d55_tb,-0.41786309358186424,-0.32606858132589445,0.4375,528.9451434502932,2381,-2.8354986971346725
fx,CADJPY=X,1h,d55_rev,-0.07314516833739948,-0.5193958357161902,0.475,208.5354966823055,2381,-5.8248600210406725
fx,CADJPY=X,1h,d55_atr3,0.03231127396900984,-0.3559181796376687,0.5125,274.92891053818374,2381,-4.537651234147996
fx,CADJPY=X,1h,d55_atr3_tr,0.020450488829197977,-0.3626464520880823,0.5125,274.3017950696407,2381,-4.557780713450516
fx,CADJPY=X,1h,d55_chan20,-0.08588980008274079,-0.4162300499360152,0.4125,268.85414562915486,2381,-4.657045757568285
fx,CADJPY=X,1h,d20_chan10,0.23558566965557126,-0.3161268755574128,0.4375,517.4528057252779,2381,-5.782165110440688
fx,CADJPY=X,1h,boll_atr3,0.2287507722149123,-0.2573240989959924,0.5125,413.84726395108197,2381,-5.697579522717344
fx,CADJPY=X,1h,kelt_atr3,0.2015217529412706,-0.3072119813264875,0.475,327.6726492798521,2381,-5.0540269130184745
fx,CHFJPY=X,1h,base_d55_tb,-1.2938514648449835,-0.5262597997343459,0.375,602.9163832693988,2381,-3.2858796372086956
fx,CHFJPY=X,1h,d55_rev,-0.021957149799436974,-0.39218096135754044,0.55,225.33066133421514,2381,-7.006030104535201
fx,CHFJPY=X,1h,d55_atr3,-0.25651914493618755,-0.47533919440252825,0.4375,299.3508675135122,2381,-4.909090056389887
fx,CHFJPY=X,1h,d55_atr3_tr,-0.2785885891627142,-0.47753928891708997,0.4375,298.94497289327956,2381,-4.968329279971507
fx,CHFJPY=X,1h,d55_chan20,-0.16430859731815284,-0.407942066866137,0.5375,288.4074962344326,2381,-5.564279236077795
fx,CHFJPY=X,1h,d20_chan10,-0.5457420933340593,-0.5215081019946651,0.4625,595.973823473222,2381,-5.818571805067909
fx,CHFJPY=X,1h,boll_atr3,-0.40927594741137713,-0.4860543592341078,0.4625,455.11831267131646,2381,-6.2168065032268744
fx,CHFJPY=X,1h,kelt_atr3,-0.4271116383286241,-0.49164110920062576,0.45,327.17476126190127,2381,-5.600837212500043
fx,EURAUD=X,1h,base_d55_tb,-1.0179848567178664,-0.4502934356510181,0.35,591.6350689705114,2381,-2.8829602444351905
fx,EURAUD=X,1h,d55_rev,-0.7537069523178702,-0.7036319537670728,0.35,237.667743422434,2381,-6.643325812097686
fx,EURAUD=X,1h,d55_atr3,-0.3938196670815679,-0.4801181451481017,0.35,298.72995924307287,2381,-4.816552198821547
fx,EURAUD=X,1h,d55_atr3_tr,-0.402569029295786,-0.48329085546516526,0.35,298.70954556304207,2381,-5.44979090673077
fx,EURAUD=X,1h,d55_chan20,-0.5555536170942649,-0.5558915688350912,0.3375,291.5015055994901,2381,-5.534115225367985
fx,EURAUD=X,1h,d20_chan10,-0.4135810783681391,-0.5351535214292196,0.4125,572.8525008131002,2381,-5.8978233705433
fx,EURAUD=X,1h,boll_atr3,-0.5789597943980411,-0.6233762870601759,0.325,464.28928296133256,2381,-5.9562638044640215
fx,EURAUD=X,1h,kelt_atr3,-0.35391943193391884,-0.4535244086440181,0.3625,329.8007918260301,2381,-5.59221662849718
fx,EURCAD=X,1h,base_d55_tb,-1.6332930597266735,-0.5823389806511097,0.25,630.2461160945832,2381,-3.3802349425440195
fx,EURCAD=X,1h,d55_rev,-0.19593376436248103,-0.4154431582709971,0.475,232.88631220255598,2381,-8.70780558291212
fx,EURCAD=X,1h,d55_atr3,-0.5244119268511518,-0.49310687210281434,0.4375,326.89554214049394,2381,-5.177816783767951
fx,EURCAD=X,1h,d55_atr3_tr,-0.5238866055724731,-0.4928900565533829,0.45,326.84833165801837,2381,-5.79657915966721
fx,EURCAD=X,1h,d55_chan20,-0.42557147733265344,-0.4542565047766254,0.3875,308.77573711270674,2381,-6.313526664173672
fx,EURCAD=X,1h,d20_chan10,-0.5241226193562833,-0.5687294909185568,0.425,655.0322092935497,2381,-7.075063228481999
fx,EURCAD=X,1h,boll_atr3,-0.617727100665927,-0.6323635573541088,0.4125,533.9028841410442,2381,-7.454275767654419
fx,EURCAD=X,1h,kelt_atr3,-0.5225358457277264,-0.505148142552299,0.425,374.1818834859058,2381,-6.370494248067514
fx,EURCHF=X,1h,base_d55_tb,-1.9097320705075005,-0.578583951473808,0.2875,610.6662531883371,2381,-3.0003017379460264
fx,EURCHF=X,1h,d55_rev,-0.472961582646006,-0.48301518909298835,0.3875,218.91462847463052,2381,-9.063402787496154
fx,EURCHF=X,1h,d55_atr3,-0.8673971467730763,-0.5339034295801537,0.375,302.6421265453972,2381,-6.81020647526921
fx,EURCHF=X,1h,d55_atr3_tr,-0.880200626423746,-0.5381084624403203,0.375,302.134872721078,2381,-6.327658998284046
fx,EURCHF=X,1h,d55_chan20,-0.9612054572203758,-0.5961803623000071,0.3875,299.18469272637157,2381,-6.6000496618043405
fx,EURCHF=X,1h,d20_chan10,-1.3860981722364074,-0.7539722007626669,0.3125,636.5742783893394,2381,-8.488697434286719
fx,EURCHF=X,1h,boll_atr3,-0.9369072831137842,-0.6496913688232879,0.3625,471.4874453897676,2381,-8.396139882937915
fx,EURCHF=X,1h,kelt_atr3,-1.1407642245535379,-0.6426525802013794,0.35,308.7462176843197,2381,-6.046983669783067
fx,EURGBP=X,1h,base_d55_tb,-1.6124117102731808,-0.5497292595560187,0.275,640.8073892461939,2380,-3.5493588692153084
fx,EURGBP=X,1h,d55_rev,-0.9868547679890252,-0.7331469377453805,0.325,258.6344981495801,2380,-8.716658789070985
fx,EURGBP=X,1h,d55_atr3,-0.9511889464610084,-0.6132229707958682,0.3125,348.55052813575145,2380,-6.139434065081865
fx,EURGBP=X,1h,d55_atr3_tr,-0.9678186116731073,-0.6172915178763216,0.3125,348.55027990548024,2380,-5.733376476385028
fx,EURGBP=X,1h,d55_chan20,-0.9343587381891846,-0.6291697044612191,0.325,329.1614014509987,2380,-6.682923315252088
fx,EURGBP=X,1h,d20_chan10,-1.3230206221868148,-0.7499705636564349,0.3125,672.9964760222617,2380,-8.232382849056345
fx,EURGBP=X,1h,boll_atr3,-0.7583516370148262,-0.6260843079504965,0.3625,538.3263221649183,2380,-8.612150723042495
fx,EURGBP=X,1h,kelt_atr3,-0.7721662428008271,-0.5598091812936716,0.3375,377.34314198626606,2380,-6.850528666691315
fx,EURJPY=X,1h,base_d55_tb,-1.1297035967699116,-0.5365895946463197,0.2625,602.5522385864737,2381,-2.224081512655525
fx,EURJPY=X,1h,d55_rev,-0.3103851252279542,-0.5274014943845209,0.475,227.1376129124028,2381,-6.488779459133924
fx,EURJPY=X,1h,d55_atr3,-0.5913021640279585,-0.5306526339120257,0.425,315.5636367050613,2381,-5.229324391843729
fx,EURJPY=X,1h,d55_atr3_tr,-0.6125975606984745,-0.5398050267141901,0.425,315.52245987763985,2381,-4.374351281189546
fx,EURJPY=X,1h,d55_chan20,-0.39447739415367405,-0.5088729437328825,0.425,299.41773635205743,2381,-5.705090444690544
fx,EURJPY=X,1h,d20_chan10,-0.3278843580446213,-0.44683735325210183,0.425,571.2343980295643,2381,-6.1082823462624924
fx,EURJPY=X,1h,boll_atr3,-0.516058281221635,-0.6160371875879325,0.4125,475.01412280470834,2381,-5.850861808023822
fx,EURJPY=X,1h,kelt_atr3,-0.40506705595745274,-0.449460050565352,0.425,354.5125826325866,2381,-5.43216460614064
fx,EURUSD=X,1h,base_d55_tb,-1.5436357571497183,-0.5743058210794965,0.225,646.3108830807861,2380,-2.810529564409654
fx,EURUSD=X,1h,d55_rev,-0.613476728607796,-0.6466529814563596,0.3875,252.64008483735964,2380,-7.006872191511011
fx,EURUSD=X,1h,d55_atr3,-0.9222205197879337,-0.6289830377718502,0.325,354.8058553562106,2380,-5.348715185678668
fx,EURUSD=X,1h,d55_atr3_tr,-0.9135661304287189,-0.6259796139067393,0.325,353.08179707609264,2380,-5.2537717718947095
fx,EURUSD=X,1h,d55_chan20,-0.5020117843867096,-0.5218059642733008,0.3625,323.45738742327904,2380,-5.535476257883948
fx,EURUSD=X,1h,d20_chan10,-0.654063502854353,-0.5859196776727336,0.3875,677.2810985579391,2380,-6.519919200634729
fx,EURUSD=X,1h,boll_atr3,-0.587151894958458,-0.5847132687354281,0.4375,546.4415173034297,2380,-6.983647170422488
fx,EURUSD=X,1h,kelt_atr3,-0.8188571416192644,-0.6180910555095969,0.325,426.5871911124349,2380,-6.318690590788689
fx,GBPAUD=X,1h,base_d55_tb,-1.4067440782819134,-0.5224962731099791,0.325,605.8374442354454,2380,-2.58572414266418
fx,GBPAUD=X,1h,d55_rev,-0.6724455689728089,-0.6420974263776484,0.375,235.89026480966925,2380,-7.47610807814704
fx,GBPAUD=X,1h,d55_atr3,-0.6630987535987765,-0.49203070321738807,0.2875,311.7835622867293,2380,-5.106688159531327
fx,GBPAUD=X,1h,d55_atr3_tr,-0.6630987535987765,-0.49203070321738807,0.2875,311.7835622867293,2380,-4.536314546703615
fx,GBPAUD=X,1h,d55_chan20,-0.6268241539406332,-0.5083095283821975,0.375,297.73930474605294,2380,-4.989326505313875
fx,GBPAUD=X,1h,d20_chan10,-0.6842615224656361,-0.5574599908981019,0.35,581.1654949416496,2380,-5.904096383406357
fx,GBPAUD=X,1h,boll_atr3,-0.5156702011092573,-0.4997076990176581,0.375,468.240204639138,2380,-6.237323890327909
fx,GBPAUD=X,1h,kelt_atr3,-0.3139828843498905,-0.3359421520163528,0.4,333.11579490922713,2380,-4.974580311954105
fx,GBPCHF=X,1h,base_d55_tb,-0.9548540303376253,-0.4559765945716283,0.3625,577.6708567869148,2380,-3.0820615554578934
fx,GBPCHF=X,1h,d55_rev,-0.20424157073772709,-0.41565196923312453,0.475,231.6601483231392,2380,-7.380130646933687
fx,GBPCHF=X,1h,d55_atr3,-0.30229324788960515,-0.35314341961624707,0.4375,304.2588690562173,2380,-5.201948837507732
fx,GBPCHF=X,1h,d55_atr3_tr,-0.29751054393189463,-0.35413821600424744,0.425,303.3553697854825,2380,-4.65546086487372
fx,GBPCHF=X,1h,d55_chan20,-0.395416329804767,-0.43193232747656773,0.4,295.1236642739019,2380,-5.181689845676734
fx,GBPCHF=X,1h,d20_chan10,-0.9682183727182047,-0.6983467858506986,0.35,620.4730036046255,2380,-6.558529474291531
fx,GBPCHF=X,1h,boll_atr3,-0.8986784513778941,-0.708994859457942,0.425,500.63131633429117,2380,-6.717905305753909
fx,GBPCHF=X,1h,kelt_atr3,-0.5695418437098013,-0.5066067464762756,0.4375,346.99138054589616,2380,-6.364156666079889
fx,GBPJPY=X,1h,base_d55_tb,-0.3888676885366142,-0.360147240253492,0.4375,544.042163782702,2381,-2.8939641040425044
fx,GBPJPY=X,1h,d55_rev,0.11258376936897307,-0.42884585992467494,0.5375,208.39810852518352,2381,-5.86930448415885
fx,GBPJPY=X,1h,d55_atr3,0.049270844705568737,-0.40366504581244567,0.4875,282.19522561837056,2381,-4.787938814948105
fx,GBPJPY=X,1h,d55_atr3_tr,0.053977773494731394,-0.4043202102737311,0.4875,281.60393536817065,2381,-4.586511225581526
fx,GBPJPY=X,1h,d55_chan20,-0.17686875645294006,-0.48438576424033264,0.5,274.7436719016397,2381,-4.146973656704564
fx,GBPJPY=X,1h,d20_chan10,-0.37151237287291,-0.5438264675233931,0.425,539.6833293543231,2381,-5.376786810983352
fx,GBPJPY=X,1h,boll_atr3,-0.08807406480627877,-0.4835419786229006,0.4875,434.6999559631984,2381,-5.339274950872663
fx,GBPJPY=X,1h,kelt_atr3,-0.19331648887749014,-0.4425380909871396,0.4875,338.4402108080106,2381,-4.245466145897559
fx,GBPUSD=X,1h,base_d55_tb,-1.2468655002983844,-0.5325176726206146,0.3125,587.0464041521617,2380,-2.894007717748127
fx,GBPUSD=X,1h,d55_rev,-0.6168551268470843,-0.6408152407755419,0.3875,240.4971340108246,2380,-6.044430462717396
fx,GBPUSD=X,1h,d55_atr3,-0.9328591855908701,-0.6438888855025142,0.2625,333.2939258826248,2380,-4.6504032608509664
fx,GBPUSD=X,1h,d55_atr3_tr,-0.9485552571202674,-0.6469303994337181,0.2625,331.36943981566236,2380,-4.66123143156369
fx,GBPUSD=X,1h,d55_chan20,-0.5051166042954229,-0.5500224972474971,0.3875,303.90902425403124,2380,-5.001926713287088
fx,GBPUSD=X,1h,d20_chan10,-0.9669409332935819,-0.7172381242587964,0.4,638.2085439558255,2380,-5.128396931033205
fx,GBPUSD=X,1h,boll_atr3,-0.8347954536467688,-0.7036729866709278,0.3375,539.6569828414591,2380,-5.652601572521907
fx,GBPUSD=X,1h,kelt_atr3,-0.7712210884252695,-0.6310530838206203,0.325,418.5689777982247,2380,-4.797698980730298
fx,NZDJPY=X,1h,base_d55_tb,-0.5050420825531703,-0.3052404565266943,0.425,489.4689380643905,2381,-2.1663415751315562
fx,NZDJPY=X,1h,d55_rev,0.20147552419769504,-0.36022000418197075,0.4625,189.40562215824937,2381,-4.958424321933303
fx,NZDJPY=X,1h,d55_atr3,0.058801421712509724,-0.348092458229604,0.4375,245.66274133754703,2381,-3.5831716826913773
fx,NZDJPY=X,1h,d55_atr3_tr,0.04811195087433274,-0.34328207888978546,0.425,244.99368677087665,2381,-3.7624038224382548
fx,NZDJPY=X,1h,d55_chan20,-0.007174388023311821,-0.3378349037348518,0.4875,240.06467249601113,2381,-4.221009821151839
fx,NZDJPY=X,1h,d20_chan10,-0.1497106868907005,-0.396768631920121,0.475,460.12776391787764,2381,-5.117046540127991
fx,NZDJPY=X,1h,boll_atr3,-0.12169914408781309,-0.4141422038512047,0.4125,370.702470557817,2381,-4.822306822563715
fx,NZDJPY=X,1h,kelt_atr3,0.05843745701736364,-0.2846512187147954,0.425,281.88213290816407,2381,-3.46908494394068
fx,NZDUSD=X,1h,base_d55_tb,-1.1496324296511187,-0.5144762499576467,0.3,498.24344986919886,2381,-2.6728857755758697
fx,NZDUSD=X,1h,d55_rev,-0.7432305543211898,-0.7114319880419457,0.35,201.10017619297165,2381,-4.715742164663788
fx,NZDUSD=X,1h,d55_atr3,-0.7220846294721143,-0.5660519287240493,0.3375,261.3439739358935,2381,-3.228680324476316
fx,NZDUSD=X,1h,d55_atr3_tr,-0.7456719388097406,-0.5683521965853089,0.3125,261.3036082148029,2381,-4.53396407681774
fx,NZDUSD=X,1h,d55_chan20,-0.8164488776688352,-0.6316028290936793,0.3,248.2573914886267,2381,-4.622746805475724
fx,NZDUSD=X,1h,d20_chan10,-0.6948120876106731,-0.6034625423220564,0.4125,478.56845892071567,2381,-4.165632334005907
fx,NZDUSD=X,1h,boll_atr3,-0.6529754195581459,-0.5953416332546947,0.35,402.4838535558986,2381,-4.70160604208779
fx,NZDUSD=X,1h,kelt_atr3,-0.6426049816901358,-0.5171896131054692,0.3625,311.0556686206395,2381,-3.8491600496826996
fx,USDCAD=X,1h,base_d55_tb,-1.9492156423179647,-0.6387162993753601,0.2,718.7172447405801,2381,-3.7031438434414383
fx,USDCAD=X,1h,d55_rev,-0.5740877386500427,-0.6446184262026515,0.425,250.34839180410592,2381,-8.415915528616695
fx,USDCAD=X,1h,d55_atr3,-0.8404323758118513,-0.6046227198322808,0.35,351.92901557584014,2381,-5.504816270630149
fx,USDCAD=X,1h,d55_atr3_tr,-0.8501435215324743,-0.6098175904569478,0.3625,351.2931792953464,2381,-6.060143946309219
fx,USDCAD=X,1h,d55_chan20,-0.5908167274295264,-0.5559051514862499,0.4125,330.6386290802927,2381,-6.30901489578422
fx,USDCAD=X,1h,d20_chan10,-1.169594329367696,-0.7261494694222527,0.325,701.2343247594717,2381,-7.820663276001667
fx,USDCAD=X,1h,boll_atr3,-0.8537006594260103,-0.682387951947155,0.35,537.9024738265502,2381,-8.021906100099557
fx,USDCAD=X,1h,kelt_atr3,-0.737634557336347,-0.5849542152674652,0.4,392.98245666341376,2381,-6.163411633952762
fx,USDCHF=X,1h,base_d55_tb,-0.8309845799527268,-0.40488736211625553,0.4,596.2610045634766,2381,-3.1376572589005796
fx,USDCHF=X,1h,d55_rev,-0.5143092972923271,-0.5888309876208107,0.425,251.97939333675214,2381,-6.85316635186279
fx,USDCHF=X,1h,d55_atr3,-0.07177684512920855,-0.3002915967421017,0.4875,312.8529934310711,2381,-5.296374749996827
fx,USDCHF=X,1h,d55_atr3_tr,-0.06627044655001119,-0.29794880183768513,0.4875,312.4318952272492,2381,-5.388534532926119
fx,USDCHF=X,1h,d55_chan20,-0.33221323405792713,-0.4379242748389366,0.425,306.16880080766487,2381,-5.27287962800317
fx,USDCHF=X,1h,d20_chan10,-0.467945244409189,-0.5832218804226453,0.45,613.1671189634135,2381,-6.328057622003356
fx,USDCHF=X,1h,boll_atr3,-0.2510739889961516,-0.44343132987728995,0.5,496.5615617275225,2381,-6.442058569953318
fx,USDCHF=X,1h,kelt_atr3,-0.13750523985267094,-0.2904600960697955,0.45,376.2050621089573,2381,-5.88942800100562
fx,USDJPY=X,1h,base_d55_tb,-0.5520132122986479,-0.36909914174744807,0.45,612.4331551482536,2381,-2.7488736550416357
fx,USDJPY=X,1h,d55_rev,-0.03963304168855281,-0.41823861439498855,0.4125,224.55573441288215,2381,-6.790309803886704
fx,USDJPY=X,1h,d55_atr3,0.0671747302153299,-0.296672474700737,0.45,306.7641130284074,2381,-4.575561150311063
fx,USDJPY=X,1h,d55_atr3_tr,0.07872265718610968,-0.29469791710122517,0.45,305.37532785117946,2381,-3.899326645976165
fx,USDJPY=X,1h,d55_chan20,0.05423260158630422,-0.3690892632949466,0.4625,286.5160627456593,2381,-5.6168210113845785
fx,USDJPY=X,1h,d20_chan10,0.1746706690535022,-0.3111217260698146,0.5125,570.0285068060871,2381,-5.394192964244798
fx,USDJPY=X,1h,boll_atr3,0.4941244621886704,-0.2558115935213877,0.5625,464.1704212496128,2381,-5.9049379356390235
fx,USDJPY=X,1h,kelt_atr3,0.23628505056400084,-0.24790352526134063,0.5125,376.2084858006152,2381,-5.1505142791174965
fx,USDMXN=X,1h,base_d55_tb,-0.5077276400021534,-0.2931453586316224,0.45,408.5415558534728,2382,-2.639228015909606
fx,USDMXN=X,1h,d55_rev,-0.2730275548943479,-0.4586941392110483,0.5,177.38616783206382,2382,-4.740868649204028
fx,USDMXN=X,1h,d55_atr3,-0.3766807746222572,-0.44518975642612846,0.4125,232.97501246818854,2382,-3.563387131399079
fx,USDMXN=X,1h,d55_atr3_tr,-0.39172364164323475,-0.45167941901569697,0.4,232.0566333016013,2382,-4.0342623695140905
fx,USDMXN=X,1h,d55_chan20,-0.32816206847570345,-0.44161635562356527,0.4375,219.0007281331271,2382,-3.732355168559807
fx,USDMXN=X,1h,d20_chan10,-0.9143306965838494,-0.7186983374711995,0.3375,470.64537295347577,2382,-4.028734167552689
fx,USDMXN=X,1h,boll_atr3,-0.9413145427221843,-0.7623775680644893,0.35,386.30371376136867,2382,-4.382380237628041
fx,USDMXN=X,1h,kelt_atr3,-0.5498178348130928,-0.54091049247481,0.3875,282.77631795553646,2382,-3.533074552045674
fx,USDNOK=X,1h,base_d55_tb,-1.2702992274424993,-0.5327233596704815,0.2625,385.95210390548925,2381,-1.7748496410984544
fx,USDNOK=X,1h,d55_rev,-0.570234632915848,-0.6522073710946459,0.3875,163.6777622730084,2381,-4.424355461941077
fx,USDNOK=X,1h,d55_atr3,-0.5520757137993956,-0.4956870516115679,0.4,210.91054434679117,2381,-2.8079920840702974
fx,USDNOK=X,1h,d55_atr3_tr,-0.5197243726311126,-0.4816519065967364,0.4125,210.34970077690255,2381,-3.067319993173419
fx,USDNOK=X,1h,d55_chan20,-0.6083274730312845,-0.5494656906444575,0.35,202.7323408019834,2381,-3.9230741189970195
fx,USDNOK=X,1h,d20_chan10,-0.5986723460511991,-0.5612804863760779,0.45,399.22289185660867,2381,-4.52675747154533
fx,USDNOK=X,1h,boll_atr3,-0.31635677054918787,-0.4663007947092326,0.4,331.970828563773,2381,-5.042601439734921
fx,USDNOK=X,1h,kelt_atr3,-0.7455900010842793,-0.5781568914277337,0.3875,250.95433170862216,2381,-3.400114176445714
fx,USDSEK=X,1h,base_d55_tb,-1.1192891287735047,-0.4773223037604738,0.375,438.46673954936443,2380,-2.5356002047996906
fx,USDSEK=X,1h,d55_rev,-0.4323729378166564,-0.5663209551820372,0.4125,182.66245645886684,2380,-4.951806385094067
fx,USDSEK=X,1h,d55_atr3,-0.6543453703770952,-0.48115071517766894,0.45,240.57240737191825,2380,-3.4844901147210883
fx,USDSEK=X,1h,d55_atr3_tr,-0.6739128052640035,-0.4899522461210918,0.45,240.54118556084103,2380,-3.087676531802737
fx,USDSEK=X,1h,d55_chan20,-0.38403970896520895,-0.4102084239507239,0.4375,222.20205326281126,2380,-3.874285113621515
fx,USDSEK=X,1h,d20_chan10,-0.5754758354304405,-0.499156989502874,0.4375,458.6514135969543,2380,-4.990294283339108
fx,USDSEK=X,1h,boll_atr3,-0.25371647537593245,-0.32982191723263576,0.4625,375.3213864699555,2380,-5.189502829642552
fx,USDSEK=X,1h,kelt_atr3,-0.5533960924618216,-0.4705947619096865,0.3875,287.0545800339691,2380,-3.6009821598110348
fx,USDSGD=X,1h,base_d55_tb,-2.048843529825568,-0.6011459206470198,0.225,818.3475660984165,2381,-4.805536913841326
fx,USDSGD=X,1h,d55_rev,-0.34989072509193503,-0.427293617037134,0.3875,253.70181270126267,2381,-10.056870713433058
fx,USDSGD=X,1h,d55_atr3,-0.9285120935653003,-0.5651120846494548,0.325,388.18520360408746,2381,-7.397749299615745
fx,USDSGD=X,1h,d55_atr3_tr,-0.9480418801194425,-0.5698702029996183,0.3125,388.1760736315034,2381,-7.363761359417389
fx,USDSGD=X,1h,d55_chan20,-0.6996799928733424,-0.484746195485093,0.4,368.21220407480524,2381,-7.702020764617897
fx,USDSGD=X,1h,d20_chan10,-0.8750224309577177,-0.5707320497478949,0.375,749.3663369622509,2381,-9.335369777418007
fx,USDSGD=X,1h,boll_atr3,-0.726537714504603,-0.5556282952846547,0.425,577.4433686339994,2381,-9.695828241387908
fx,USDSGD=X,1h,kelt_atr3,-0.8131180497974708,-0.5428195785420696,0.375,440.90314528376183,2381,-7.934542852608927
fx,USDZAR=X,1h,base_d55_tb,-0.8818410680433464,-0.4185055163330874,0.325,326.7249922380637,2381,-1.75034294950319
fx,USDZAR=X,1h,d55_rev,-0.6482770631424932,-0.6448602455360544,0.3875,140.75493402509971,2381,-3.6812988018976442
fx,USDZAR=X,1h,d55_atr3,-0.8300642430156029,-0.580609358195969,0.3375,183.4640351375052,2381,-3.137164627142676
fx,USDZAR=X,1h,d55_atr3_tr,-0.8453544445531173,-0.5862759401612025,0.3375,183.17402338198858,2381,-2.5182203693792373
fx,USDZAR=X,1h,d55_chan20,-0.7499215021729465,-0.5848859797921037,0.3625,176.84897703140786,2381,-2.7312127463123894
fx,USDZAR=X,1h,d20_chan10,-0.5675634465122531,-0.5283563395912758,0.375,351.64107244607584,2381,-3.2739052325747324
fx,USDZAR=X,1h,boll_atr3,-0.5131320474403104,-0.5034342139044999,0.3625,288.969717452314,2381,-3.500255527793305
fx,USDZAR=X,1h,kelt_atr3,-0.3741189814935236,-0.3985812661756477,0.375,212.76582067680337,2381,-3.105430676145953
crypto,BTCUSDT,15m,base_d55_tb,-6.577746064399857,-0.9555943432136583,0.06329113924050633,697.4865042983207,2404,-12.913912309286324
crypto,BTCUSDT,15m,d55_rev,-1.0066255896269385,-0.745629454111957,0.379746835443038,370.48434297536954,2404,-28.185156404573732
crypto,ETHUSDT,15m,base_d55_tb,-4.860297616902901,-0.8884891372252077,0.0759493670886076,512.1445354744908,2404,-11.20582472598197
crypto,ETHUSDT,15m,d55_rev,-0.5843908780090266,-0.6697687000608064,0.3670886075949367,267.27831408843525,2404,-26.068963648944575
crypto,BNBUSDT,15m,base_d55_tb,-6.45402990531837,-0.947518640257242,0.08974358974358974,671.5347573839484,2364,-13.561210547530742
crypto,BNBUSDT,15m,d55_rev,-0.9259262728204947,-0.727025159039282,0.32051282051282054,311.2551315000313,2364,-28.423579825070387
crypto,XRPUSDT,15m,base_d55_tb,-5.515211853602808,-0.9130213593913824,0.10126582278481013,468.44989265134643,2399,-10.096523388670528
crypto,XRPUSDT,15m,d55_rev,-0.577176941306545,-0.6191614587462325,0.43037974683544306,235.52321976154897,2399,-24.3377662936535
crypto,SOLUSDT,15m,base_d55_tb,-4.602489953767717,-0.838199963269286,0.07042253521126761,398.9988054430125,2147,-9.149242685647517
crypto,SOLUSDT,15m,d55_rev,0.01900167706509281,-0.36811262723395566,0.5352112676056338,181.07651054280555,2147,-22.45522071533469
crypto,TRXUSDT,15m,base_d55_tb,-7.8864470856230895,-0.9856853744725113,0.10126582278481013,957.1087641348691,2390,-15.803859866954904
crypto,TRXUSDT,15m,d55_rev,-0.844648381183248,-0.7407537477624294,0.4050632911392405,395.85551261793904,2390,-29.09665310769069
crypto,DOGEUSDT,15m,base_d55_tb,-5.322644319432371,-0.8906392006143847,0.0684931506849315,406.58691222040744,2213,-8.832275453997608
crypto,DOGEUSDT,15m,d55_rev,-0.017537899480526156,-0.38380865271205433,0.4931506849315068,203.18697945418782,2213,-21.289154245696878
crypto,ZECUSDT,15m,base_d55_tb,-5.766964595676231,-0.9178618403836604,0.08974358974358974,361.75481171682827,2369,-11.887189605068015
crypto,ZECUSDT,15m,d55_rev,-0.48285154681114806,-0.7058721915353197,0.4358974358974359,164.35288544705065,2369,-25.678327265345168
crypto,ADAUSDT,15m,base_d55_tb,-5.159482713018143,-0.8959403509692833,0.08860759493670886,423.5415057849062,2374,-10.052636804478905
crypto,ADAUSDT,15m,d55_rev,-0.773259807540982,-0.6786909747006674,0.45569620253164556,203.12445919107958,2374,-24.809843211320757
crypto,XMRUSDT,15m,base_d55_tb,-8.074139003344841,-0.9723823935924661,0.05128205128205128,504.0738197940776,2371,-14.379413976270007
crypto,XMRUSDT,15m,d55_rev,-2.734271090412788,-0.9459398044072606,0.19230769230769232,227.02282239868984,2371,-31.68067179315365
crypto,LINKUSDT,15m,base_d55_tb,-4.990096003937939,-0.8878556275703848,0.0759493670886076,417.679307443242,2388,-10.742575957644396
crypto,LINKUSDT,15m,d55_rev,-0.8841709763611866,-0.6782839493513646,0.4050632911392405,187.16013622259348,2388,-24.266267879062365
crypto,XLMUSDT,15m,base_d55_tb,-6.905600166529863,-0.9567905484004711,0.02531645569620253,492.32505842763027,2385,-11.819025015897097
crypto,XLMUSDT,15m,d55_rev,-0.6502323768400501,-0.5918148273332714,0.3924050632911392,215.59842515561095,2385,-28.172160000688493
crypto,BCHUSDT,15m,base_d55_tb,-4.382208330048387,-0.8800077948651756,0.10126582278481013,449.5636535015571,2404,-11.107217951523598
crypto,BCHUSDT,15m,d55_rev,-1.2365774046635367,-0.8175411589148772,0.3291139240506329,224.89404689014432,2404,-27.294416761226262
crypto,LTCUSDT,15m,base_d55_tb,-5.717541723272484,-0.9181311493390862,0.0759493670886076,473.9375746851534,2396,-12.160558817097181
crypto,LTCUSDT,15m,d55_rev,-1.2479058000322358,-0.7931403902269932,0.35443037974683544,228.36646469165058,2396,-26.251785683309752
crypto,HBARUSDT,15m,base_d55_tb,-5.602802095235814,-0.8828369549121692,0.07692307692307693,437.4941684581527,1963,-12.651313466813608
crypto,HBARUSDT,15m,d55_rev,-1.0158789250609894,-0.6023613780517034,0.35384615384615387,191.17375360661282,1963,-27.712588092130794
crypto,1000SHIBUSDT,15m,base_d55_tb,-4.493211576760723,-0.8052746601908489,0.1111111111111111,414.68460958371406,1909,-8.845508243629386
crypto,1000SHIBUSDT,15m,d55_rev,-0.32372693189235807,-0.5227654046311624,0.42857142857142855,204.46410988862058,1909,-25.16497068794883
crypto,AVAXUSDT,15m,base_d55_tb,-5.088318570148752,-0.8670928704248295,0.07042253521126761,409.98108169163805,2138,-10.315872523964563
crypto,AVAXUSDT,15m,d55_rev,-0.5094809048631785,-0.461292744157365,0.43661971830985913,185.13600382864732,2138,-23.327292780510632
crypto,SUIUSDT,15m,base_d55_tb,-4.0930550339871505,-0.6045418544329183,0.15384615384615385,377.75399314327865,1186,-9.781088484509393
crypto,SUIUSDT,15m,d55_rev,-0.9115525092862738,-0.43977868279157406,0.3333333333333333,173.2876284753533,1186,-22.67564266663574
crypto,UNIUSDT,15m,base_d55_tb,-5.105512839882621,-0.8659476944878476,0.04225352112676056,396.1833081530053,2143,-10.946638845484177
crypto,UNIUSDT,15m,d55_rev,-0.9444850277948208,-0.6949121783568446,0.4225352112676056,176.13343838100187,2143,-24.93637917542314
crypto,NEARUSDT,15m,base_d55_tb,-5.680954855512316,-0.8743915687786059,0.014285714285714285,344.01768524590875,2116,-9.849538573337819
crypto,NEARUSDT,15m,d55_rev,-0.17983165466697268,-0.34157544369937387,0.4857142857142857,150.27469777534805,2116,-23.63928990951251
crypto,DOTUSDT,15m,base_d55_tb,-5.096895022561363,-0.8624447356836394,0.041666666666666664,430.82858470607613,2170,-9.329096487327604
crypto,DOTUSDT,15m,d55_rev,-0.6189413999059026,-0.5452202182708592,0.4722222222222222,193.88495381119128,2170,-24.978270022176996
crypto,AAVEUSDT,15m,base_d55_tb,-4.354519670190605,-0.8181093066832794,0.11428571428571428,392.88297380881784,2115,-10.296960211276854
crypto,AAVEUSDT,15m,d55_rev,-0.745726119507821,-0.6585199806599606,0.4142857142857143,173.27244938865454,2115,-24.38354807889662
crypto,1000PEPEUSDT,15m,base_d55_tb,-4.14936150679294,-0.6158891005457341,0.07692307692307693,318.6209980103478,1184,-6.241164399596449
crypto,1000PEPEUSDT,15m,d55_rev,-0.5954752329910886,-0.40617699156001985,0.358974358974359,155.13928732604978,1184,-21.720078293633442
crypto,ICPUSDT,15m,base_d55_tb,-6.100148925883973,-0.8698757567400475,0.015873015873015872,355.9487421824175,1908,-10.117210672805081
crypto,ICPUSDT,15m,d55_rev,-0.9374793189401798,-0.6135540613349009,0.3492063492063492,160.13281874462038,1908,-13.442932179045881
crypto,ETCUSDT,15m,base_d55_tb,-4.832953107315836,-0.889737305104579,0.11392405063291139,431.8156977044583,2389,-10.095291724678438
crypto,ETCUSDT,15m,d55_rev,-0.42043545889742373,-0.5402659705607686,0.4810126582278481,212.49734170143944,2389,-26.34687808168764
crypto,ALGOUSDT,15m,base_d55_tb,-5.934129448642261,-0.9025689447984018,0.04054054054054054,385.46476862775387,2237,-11.620932588413462
crypto,ALGOUSDT,15m,d55_rev,-0.8873364558189468,-0.6589247407056025,0.3783783783783784,167.24047223698454,2237,-27.00123058369135
crypto,ATOMUSDT,15m,base_d55_tb,-6.363633952028082,-0.9365968417804645,0.038461538461538464,438.37014791716865,2367,-12.474350605103727
crypto,ATOMUSDT,15m,d55_rev,-1.0144994447094504,-0.727235901593382,0.4230769230769231,192.60679239367508,2367,-27.15199495527793
crypto,FILUSDT,15m,base_d55_tb,-3.3763758157033394,-0.7482706349799639,0.14285714285714285,365.90459674375387,2115,-9.16829641988797
crypto,FILUSDT,15m,d55_rev,0.39781529880768146,-0.20564160097444806,0.6,175.99385433410876,2115,-25.206796846648473
crypto,ARBUSDT,15m,base_d55_tb,-5.035742965828955,-0.6765745905285483,0.17073170731707318,417.2692665399318,1227,-10.719518951593257
crypto,ARBUSDT,15m,d55_rev,-1.0033732561791484,-0.49471381436735606,0.4146341463414634,188.77277521662532,1227,-27.4362702337285
crypto,APTUSDT,15m,base_d55_tb,-4.916745631519924,-0.7244352076646221,0.15217391304347827,397.3408765805813,1382,-10.39889191613837
crypto,APTUSDT,15m,d55_rev,-1.0107176952316617,-0.5936087592641489,0.34782608695652173,184.62102460007767,1382,-26.185567733414416
crypto,INJUSDT,15m,base_d55_tb,-5.281468766554051,-0.7442072062313131,0.08333333333333333,361.88069490675866,1445,-11.097767848578291
crypto,INJUSDT,15m,d55_rev,-1.3164127584677123,-0.6016569391459015,0.3541666666666667,158.37294607071198,1445,-24.413548342633323
crypto,DASHUSDT,15m,base_d55_tb,-7.0573613687996195,-0.9539703169426195,0.02564102564102564,404.0079422618348,2370,-13.934535610342673
crypto,DASHUSDT,15m,d55_rev,-1.1836744504758427,-0.7837429927582689,0.38461538461538464,186.11264695663567,2370,-27.274478183757786
crypto,VETUSDT,15m,base_d55_tb,-7.077409362030905,-0.950081893326814,0.02564102564102564,412.0960913207476,2360,-12.33580107718794
crypto,VETUSDT,15m,d55_rev,-1.2903681260098148,-0.789943900188879,0.38461538461538464,184.45680660772967,2360,-26.564076834476833
crypto,FETUSDT,15m,base_d55_tb,-5.462756449298369,-0.7195868734207564,0.09302325581395349,346.31520187186237,1292,-8.597040495059558
crypto,FETUSDT,15m,d55_rev,-0.04369974981467593,-0.2446069367750685,0.46511627906976744,146.6286349999164,1292,-23.85944068631442
crypto,CRVUSDT,15m,base_d55_tb,-4.540278539486399,-0.8123447133444796,0.09859154929577464,274.85924474809576,2160,-7.453305771622783
crypto,CRVUSDT,15m,d55_rev,-0.8838978310938387,-0.6487988457930314,0.352112676056338,131.8978260473171,2160,-23.51198826868145
crypto,1000LUNCUSDT,15m,base_d55_tb,-6.3612382901247235,-0.8337820973870922,0.06382978723404255,374.0042097959951,1422,-9.750821372850043
crypto,1000LUNCUSDT,15m,d55_rev,-1.444798667867902,-0.6916686558539458,0.2978723404255319,184.9707564269692,1422,-29.35421872037253
crypto,STXUSDT,15m,base_d55_tb,-5.394247707004758,-0.7289912032144095,0.09523809523809523,396.0764121323032,1257,-10.610996163974855
crypto,STXUSDT,15m,d55_rev,-0.6257922688222124,-0.4049844562816626,0.40476190476190477,174.44768395129984,1257,-25.936629066878478
crypto,LDOUSDT,15m,base_d55_tb,-4.4958180284146705,-0.691591364774529,0.10638297872340426,358.99709208822696,1409,-10.118790200685039
crypto,LDOUSDT,15m,d55_rev,-1.2801079854564237,-0.6640546484228635,0.3404255319148936,165.11582793802725,1409,-24.93888684014892
crypto,IMXUSDT,15m,base_d55_tb,-5.244298899969207,-0.7937218608826491,0.09259259259259259,368.1863941488885,1632,-12.669232682013961
crypto,IMXUSDT,15m,d55_rev,-0.5868107327459884,-0.4657158936768915,0.4444444444444444,157.76553389601114,1632,-27.818108106120352
crypto,XTZUSDT,15m,base_d55_tb,-6.453292865359255,-0.9332427903711638,0.0641025641025641,373.6317618695086,2368,-12.523542203820883
crypto,XTZUSDT,15m,d55_rev,-1.2738563617071237,-0.787901233783167,0.34615384615384615,175.1679189869719,2368,-27.52389545788747
crypto,JASMYUSDT,15m,base_d55_tb,-5.838537798967199,-0.8185598620792953,0.038461538461538464,346.435799681781,1564,-11.400826662502897
crypto,JASMYUSDT,15m,d55_rev,-0.8339948897687621,-0.49689989245154187,0.38461538461538464,158.54871647733336,1564,-26.047067800216755
crypto,CFXUSDT,15m,base_d55_tb,-4.921939679299521,-0.7368245993557301,0.047619047619047616,357.37597050086595,1258,-11.437340333814111
crypto,CFXUSDT,15m,d55_rev,-0.7003126173150174,-0.4459907143756846,0.40476190476190477,165.9289563461924,1258,-26.695814451142546
crypto,OPUSDT,15m,base_d55_tb,-4.268533055099294,-0.7032069950224842,0.08,363.1878342575666,1522,-10.820869833288222
crypto,OPUSDT,15m,d55_rev,-0.774891285520543,-0.5285607862547046,0.38,163.98460827736167,1522,-23.99852101339769
crypto,1000FLOKIUSDT,15m,base_d55_tb,-4.164605837228287,-0.6109413761324317,0.1794871794871795,357.1840433304331,1183,-10.809138027986176
crypto,1000FLOKIUSDT,15m,d55_rev,-1.049697574756801,-0.4644446242660244,0.38461538461538464,165.02621568923053,1183,-24.557513303412748
crypto,ENSUSDT,15m,base_d55_tb,-6.157226684700831,-0.8580616159186963,0.03508771929824561,380.48984340570166,1705,-12.402933233872961
crypto,ENSUSDT,15m,d55_rev,-1.4448007412951047,-0.7062578737929248,0.2631578947368421,174.47776697409614,1705,-25.601037437613954
crypto,COMPUSDT,15m,base_d55_tb,-5.081287469101019,-0.8913371363250536,0.08108108108108109,384.18908726476207,2223,-10.917412831682366
crypto,COMPUSDT,15m,d55_rev,-1.5160773859627825,-0.8131006239184173,0.35135135135135137,174.5766053406092,2223,-27.33029404620142
crypto,GRTUSDT,15m,base_d55_tb,-5.8513914073373785,-0.8937699724425574,0.058823529411764705,378.93694668014103,2051,-12.426478258972692
crypto,GRTUSDT,15m,d55_rev,-0.9442366407968787,-0.607478091581773,0.3382352941176471,164.65727510901365,2051,-24.808746252101074
crypto,IOTAUSDT,15m,base_d55_tb,-7.061201284278637,-0.9522258967159634,0.0641025641025641,391.7553979867218,2362,-14.35534336897709
crypto,IOTAUSDT,15m,d55_rev,-1.1971813609995636,-0.7622361481131571,0.358974358974359,176.91700607864195,2362,-28.904179143853014
crypto,RUNEUSDT,15m,base_d55_tb,-3.522083348744992,-0.7649466832016086,0.1267605633802817,368.9359935761136,2157,-11.712896445386496
crypto,RUNEUSDT,15m,d55_rev,0.23733807834521656,-0.36023060386969774,0.5352112676056338,161.07800872277355,2157,-24.264111999353716
equity,AAPL,15m,base_d55_tb,-0.5692613600426735,-0.44595334390107877,0.4,202.3453938615187,2407,-3.022442607813362
equity,AAPL,15m,d55_rev,0.10528995049223379,-0.30209341027247427,0.4875,86.29186489211729,2407,-6.434897922377495
equity,ABBV,15m,base_d55_tb,-1.1766215869783219,-0.546025696123014,0.3375,203.59600636570556,2407,-3.858093282233647
equity,ABBV,15m,d55_rev,-0.36931554439868525,-0.5889033486909532,0.45,93.86877646100676,2407,-7.146287797121134
equity,ADBE,15m,base_d55_tb,-0.9801119015161164,-0.5056329634133194,0.35,164.1235100573093,2407,-3.11758680130161
equity,ADBE,15m,d55_rev,0.2500200507130581,-0.3866620189462918,0.525,68.90460925643983,2407,-5.576074050898733
equity,AMD,15m,base_d55_tb,-0.2106659942769605,-0.24628108825033124,0.5375,101.85974125560129,2407,-1.4362654631785685
equity,AMD,15m,d55_rev,-0.06746364926789727,-0.5957307179429021,0.4625,45.2574968534743,2407,-2.9931685501648473
equity,AMZN,15m,base_d55_tb,-0.4353973387713911,-0.5064612266959194,0.475,167.77307234492858,2407,-2.373244500191253
equity,AMZN,15m,d55_rev,-0.2202592756810082,-0.6609872681873177,0.4875,72.81391045894394,2407,-5.140453358506431
equity,BA,15m,base_d55_tb,-0.1162808549833986,-0.2106315802173212,0.4625,139.23858443647222,2407,-2.6721261086895485
equity,BA,15m,d55_rev,0.26626896667946137,-0.30301514723727074,0.4125,60.9038301203077,2407,-5.288683379659912
equity,BAC,15m,base_d55_tb,-0.5437776841213526,-0.3330593980121057,0.45,173.72779790547446,2407,-3.381601010164423
equity,BAC,15m,d55_rev,0.010539416683367143,-0.2781072891562484,0.4625,80.2062696844481,2407,-5.8957701540741665
equity,C,15m,base_d55_tb,-0.23044415709696692,-0.2628673646433225,0.4875,164.03854321162777,2406,-3.0631221859169595
equity,C,15m,d55_rev,0.4889163648523253,-0.22258111736843,0.575,71.93269828566397,2406,-4.851385806114186
equity,CAT,15m,base_d55_tb,-0.7097301077987506,-0.41479853612355433,0.35,162.26373828620902,2407,-2.574304931524215
equity,CAT,15m,d55_rev,0.2676622143569388,-0.20458022568423162,0.525,71.07223944372662,2407,-6.1444455816086405
equity,COP,15m,base_d55_tb,-0.7199247212790194,-0.43332083797968646,0.35,152.82846638787382,2407,-2.3095112105221425
equity,COP,15m,d55_rev,0.1891717358431626,-0.3083119548622081,0.5,63.609294256579105,2407,-5.28486816804935
equity,COST,15m,base_d55_tb,-1.2664559241953726,-0.5630562055199243,0.2875,255.3052061849789,2407,-4.357980885531334
equity,COST,15m,d55_rev,0.05458287627375801,-0.31393585322448236,0.525,99.84056379927306,2407,-8.534483476026017
equity,CRM,15m,base_d55_tb,-0.13063335354590525,-0.21095071512681474,0.4375,148.57390835706198,2407,-2.778509928061366
equity,CRM,15m,d55_rev,0.5280106957921628,-0.22507636534885078,0.5625,66.91826283319317,2407,-4.7781249031226505
equity,CSCO,15m,base_d55_tb,-1.4597569222220435,-0.650155169479026,0.225,231.5004201257149,2407,-3.3478752856920844
equity,CSCO,15m,d55_rev,-0.46993479983345726,-0.6649039152053342,0.425,103.53698133510593,2407,-6.860641915423018
equity,CVX,15m,base_d55_tb,-1.0810916469312244,-0.49287933515774585,0.2875,188.08724854026585,2407,-3.210915548391147
equity,CVX,15m,d55_rev,-0.6226031293689692,-0.6835044058628176,0.4,87.15918850469268,2407,-6.685533422943874
equity,DIS,15m,base_d55_tb,-0.9375719245537579,-0.4532113687831969,0.3375,187.32521441060507,2407,-2.619766897213649
equity,DIS,15m,d55_rev,0.294104312249267,-0.3596044878402602,0.55,83.21347961027448,2407,-6.072640339121536
equity,GE,15m,base_d55_tb,-0.5403220469498421,-0.37400435547332356,0.475,155.8878990871392,2407,-2.680450730626717
equity,GE,15m,d55_rev,-0.015081531509794244,-0.5281079450888757,0.45,71.16486606890237,2407,-5.380491615227438
equity,GOOGL,15m,base_d55_tb,-0.31319750186883677,-0.2932934832280938,0.425,169.4791038030773,2407,-2.8331648229575777
equity,GOOGL,15m,d55_rev,-0.09007196720076047,-0.46354589193646945,0.4375,76.89462892148237,2407,-5.696779093243533
equity,GS,15m,base_d55_tb,-0.7929171934532041,-0.4149002193131356,0.3875,174.738114764583,2407,-2.4184346420621825
equity,GS,15m,d55_rev,-0.0006415970210334803,-0.42441788888715126,0.4625,77.24674428200618,2407,-6.1355373515695275
equity,HD,15m,base_d55_tb,-0.8707385143487139,-0.47874508996034504,0.325,211.38229038939798,2406,-3.5749277394798877
equity,HD,15m,d55_rev,-0.11438467755069177,-0.5250514617038129,0.5125,90.59464452125061,2406,-7.253052330527629
equity,HON,15m,base_d55_tb,-1.6987774440911134,-0.6489945354833908,0.275,228.1147246567538,2407,-3.6866328861169397
equity,HON,15m,d55_rev,-0.3022512084538082,-0.5784702977154932,0.4,98.87506700203295,2407,-7.774774501064043
equity,IBM,15m,base_d55_tb,-0.735015031070829,-0.5365178443800375,0.3625,231.60492884571184,2407,-3.4440206679743723
equity,IBM,15m,d55_rev,0.31080149463742635,-0.5029750281016883,0.5125,93.71716770143424,2407,-6.913945104410146
equity,INTC,15m,base_d55_tb,-0.4774724982287552,-0.4005992792487443,0.425,130.81004700686458,2407,-1.8981139185765987
equity,INTC,15m,d55_rev,-0.08658091226308771,-0.41377347512582474,0.4625,60.3045929823075,2407,-3.2807650303035567
equity,JNJ,15m,base_d55_tb,-1.6701694775681224,-0.6550162170039635,0.2375,265.4532784955638,2407,-4.0302956235777785
equity,JNJ,15m,d55_rev,-0.3936590794126927,-0.5870122334649439,0.4375,116.34699139164786,2407,-8.38666851909667
equity,JPM,15m,base_d55_tb,-0.8000041224863141,-0.422985192694179,0.375,207.50556777538506,2407,-3.6173915335244406
equity,JPM,15m,d55_rev,0.04144201114250977,-0.3210388426331975,0.475,88.48345663235676,2407,-6.7640974881693765
equity,KO,15m,base_d55_tb,-1.779833638645234,-0.6895550911125139,0.25,293.21904080261646,2406,-4.454933711368274
equity,KO,15m,d55_rev,-0.5576886030341965,-0.6405937742627317,0.4,131.4977108978227,2406,-9.818339210992663
equity,LOW,15m,base_d55_tb,-1.0018449725988334,-0.46943350801110795,0.325,187.42314611055872,2407,-3.30767455026486
equity,LOW,15m,d55_rev,-0.1262436336520599,-0.5608751494529557,0.5375,82.4130719531161,2407,-6.786777849217248
equity,MA,15m,base_d55_tb,-1.258000462127834,-0.5747688654640559,0.3,220.16900537483082,2407,-3.8278541086057065
equity,MA,15m,d55_rev,-0.13149386820438858,-0.48819239020342686,0.45,91.88526418637232,2407,-8.03105208766018
equity,MCD,15m,base_d55_tb,-1.5020346843674317,-0.5938190472786333,0.275,275.7623940388671,2407,-4.4430207107749595
equity,MCD,15m,d55_rev,-0.2842976806847421,-0.45888201705629983,0.5,114.90610632184894,2407,-8.956132173876043
equity,META,15m,base_d55_tb,-0.3237016773577184,-0.34106043566867494,0.4125,145.50365632720337,2407,-1.8402916765691177
equity,META,15m,d55_rev,0.08010663145725015,-0.4808655307659837,0.5125,63.558304652403876,2407,-3.8086771022803934
equity,MRK,15m,base_d55_tb,-1.1205424002759514,-0.6013299010592129,0.3125,218.7461891250178,2406,-3.602669659832483
equity,MRK,15m,d55_rev,-0.026038795621352643,-0.3349234366597088,0.4625,91.74162935094894,2406,-7.247958599577856
equity,MS,15m,base_d55_tb,-0.5847865759504141,-0.36730660893467637,0.4375,174.0068369746216,2407,-2.694546911881556
equity,MS,15m,d55_rev,-0.048518795781860434,-0.44647132360508235,0.5,78.90364101607402,2407,-5.630663405736166
equity,MSFT,15m,base_d55_tb,-1.222370036750234,-0.5767952236008311,0.35,205.66175285135458,2407,-3.248570996212547
equity,MSFT,15m,d55_rev,-0.3627851499786144,-0.629277413658166,0.45,89.12570364116212,2407,-6.746944049559681
equity,NFLX,15m,base_d55_tb,-1.1704433592786319,-0.5222981867774414,0.3125,149.85875717777404,2407,-2.831619725315717
equity,NFLX,15m,d55_rev,-0.48411778874432765,-0.6703757461656278,0.425,66.69333198824167,2407,-4.313095007059357
equity,NKE,15m,base_d55_tb,-0.7957451736227104,-0.43697893450806025,0.3375,185.86369823594066,2407,-3.1802814841859965
equity,NKE,15m,d55_rev,0.1072190962457669,-0.5327996652517379,0.475,81.07940874835789,2407,-5.106352523220365
equity,NVDA,15m,base_d55_tb,0.2678809134229483,-0.11146216948746468,0.475,112.79325227181812,2407,-1.8325266831830846
equity,NVDA,15m,d55_rev,0.23256137251401596,-0.32960751117975284,0.575,48.08781309178982,2407,-3.959711144843116
equity,ORCL,15m,base_d55_tb,-0.6976875304962896,-0.4669571332381208,0.4875,184.03658809352152,2406,-3.0282230200887734
equity,ORCL,15m,d55_rev,0.10590670675697489,-0.4119485769084271,0.4375,76.87714560890392,2406,-5.552574670603052
equity,PEP,15m,base_d55_tb,-1.6270458795374905,-0.6420244350704264,0.25,261.37513338531596,2407,-3.3960877119272372
equity,PEP,15m,d55_rev,-0.7535266229060862,-0.7163572286608275,0.3625,118.1350982488709,2407,-8.493948359406279
equity,PFE,15m,base_d55_tb,-1.0047497213775194,-0.48688920216428766,0.4,193.37368758259373,2407,-3.2581299821881338
equity,PFE,15m,d55_rev,-0.545904454267169,-0.6409655972035615,0.4,90.23093822773781,2407,-6.756617380917245
equity,PG,15m,base_d55_tb,-1.5878838512219142,-0.6271998033554618,0.2625,279.3410571290277,2407,-4.185968956976321
equity,PG,15m,d55_rev,-0.7186196943360561,-0.6982709287748883,0.3375,118.28729195367535,2407,-8.688193563394524
equity,QCOM,15m,base_d55_tb,-1.1936323417821606,-0.5311655345995865,0.3125,143.29668759136527,2407,-2.360858362130411
equity,QCOM,15m,d55_rev,0.09836943057845314,-0.27453877268216886,0.4875,62.47146413550282,2407,-4.768015158216195
equity,QQQ,15m,base_d55_tb,-0.2391201604784344,-0.2605603807048531,0.5063291139240507,269.19191309096044,2368,-4.893816894028598
equity,QQQ,15m,d55_rev,0.26185651941236887,-0.30786973007512,0.4936708860759494,109.58125948799582,2368,-8.268192411289586
equity,SBUX,15m,base_d55_tb,-0.8433838834017665,-0.5231862088220451,0.35,202.45812944205719,2407,-2.9181935508318175
equity,SBUX,15m,d55_rev,-0.6098552974138333,-0.7030352131501327,0.4375,89.27813842059057,2407,-6.403610909862765
equity,SLB,15m,base_d55_tb,-0.5382843942522625,-0.3835442295282784,0.3875,125.61282220722471,2407,-2.3387564897117814
equity,SLB,15m,d55_rev,0.306873095516642,-0.28933362426185416,0.525,54.43370898469875,2407,-4.832964477745126
equity,SPY,15m,base_d55_tb,-1.164910740254034,-0.5980492559266022,0.35443037974683544,379.40208690615924,2368,-5.774039448340562
equity,SPY,15m,d55_rev,-0.03172614074170616,-0.4793587267237468,0.46835443037974683,156.228640534069,2368,-9.67713735767146
equity,T,15m,base_d55_tb,-1.3435445556906525,-0.5687122313544568,0.2875,219.4245905009316,2407,-3.125140573654248
equity,T,15m,d55_rev,-0.2652522102681483,-0.474717867286356,0.3625,102.04897220968826,2407,-6.345562717408506
equity,TXN,15m,base_d55_tb,-1.0442935081236275,-0.5462362691549629,0.2625,178.88180148739792,2407,-3.1882642429834624
equity,TXN,15m,d55_rev,-0.13929319818350663,-0.5990041283898822,0.4,77.20631169737533,2407,-5.928501415579714
equity,UNH,15m,base_d55_tb,-0.9657781169615056,-0.5868510253872985,0.4125,196.1350532702603,2407,-2.561047944312576
equity,UNH,15m,d55_rev,-0.10900485499714167,-0.6209990727130511,0.45,87.88287515026944,2407,-6.000338233646912
equity,V,15m,base_d55_tb,-1.4385477369984823,-0.6147554283779864,0.325,221.56257899737193,2407,-3.587050682398253
equity,V,15m,d55_rev,-0.5034620263169578,-0.6694871921054881,0.4125,103.4971084667274,2407,-7.180351712214087
equity,VZ,15m,base_d55_tb,-1.2211622074460204,-0.5224152726738913,0.3375,252.01384092362184,2406,-4.307372437853348
equity,VZ,15m,d55_rev,0.1980193933856142,-0.34535396715674727,0.475,111.07168126897444,2406,-7.6906748540466925
equity,WFC,15m,base_d55_tb,-0.7231317082116808,-0.3950023045478078,0.425,169.52626531587467,2407,-2.7115757899876733
equity,WFC,15m,d55_rev,-0.20362611401492775,-0.4988853050867609,0.475,75.68002843376188,2407,-6.463165925784451
equity,WMT,15m,base_d55_tb,-1.3115830435795937,-0.5906842427498591,0.25,267.25112161976114,2407,-4.0250530836307075
equity,WMT,15m,d55_rev,-0.20088444115166726,-0.4332949902437837,0.4625,112.95456825675713,2407,-8.654371029465738
equity,XOM,15m,base_d55_tb,-0.30275923671427035,-0.2800925953079324,0.45,175.73067041864408,2407,-3.085124910877462
equity,XOM,15m,d55_rev,-0.0451082897378176,-0.38053309982333283,0.4625,77.16465877009321,2407,-5.799144732982445
fx,AUDJPY=X,15m,base_d55_tb,-2.975764602429328,-0.7938992731264755,0.2125,1804.0175461708866,2380,-7.270273616646166
fx,AUDJPY=X,15m,d55_rev,-0.11887017977803736,-0.4594109659274205,0.5,709.866340569887,2380,-15.741351605605274
fx,AUDNZD=X,15m,base_d55_tb,-6.4889989040688,-0.9308845100599832,0.0125,2210.774740878866,2381,-10.497751978472083
fx,AUDNZD=X,15m,d55_rev,-1.3024229759986747,-0.7681535952018081,0.3,877.4906831716054,2381,-21.311859522917796
fx,AUDUSD=X,15m,base_d55_tb,-3.6706593186841756,-0.8811862076054583,0.15,1931.7107275386886,2381,-8.142346820052412
fx,AUDUSD=X,15m,d55_rev,-0.7929060874023102,-0.6979452431530312,0.35,777.9119407797854,2381,-15.701349016918764
fx,CADJPY=X,15m,base_d55_tb,-2.961862820605839,-0.8489571951601,0.125,2098.5456514745756,2381,-8.01836300244351
fx,CADJPY=X,15m,d55_rev,0.11658989223141514,-0.36459914982618846,0.4875,816.2051188423874,2381,-17.08789765014601
fx,CHFJPY=X,15m,base_d55_tb,-3.6412761685994366,-0.8830640172919647,0.0875,2305.1127736014905,2381,-9.012453204257916
fx,CHFJPY=X,15m,d55_rev,-0.44986616808011687,-0.522929074497416,0.4125,920.9856561697989,2381,-18.481448180447565
fx,EURAUD=X,15m,base_d55_tb,-4.182338402270391,-0.8881926597880747,0.0875,2266.246585790074,2381,-9.319140881256555
fx,EURAUD=X,15m,d55_rev,-0.5521954082545881,-0.6515866637078338,0.325,893.1112636975921,2381,-18.488897364958717
fx,EURCAD=X,15m,base_d55_tb,-4.760955487066689,-0.9212021329184391,0.1,2580.189857896517,2381,-10.39716050224464
fx,EURCAD=X,15m,d55_rev,-0.8157847291658331,-0.7185535159642802,0.3875,1012.1909239125112,2381,-20.382005660343093
fx,EURCHF=X,15m,base_d55_tb,-4.778391457079769,-0.9161116268908965,0.05,2319.865860639801,2381,-9.327946997748338
fx,EURCHF=X,15m,d55_rev,-1.701249212388248,-0.8576207185261675,0.2625,940.7257284614506,2381,-21.000896543827004
fx,EURGBP=X,15m,base_d55_tb,-5.022272533288478,-0.9172661102144295,0.05,2556.4548198228417,2380,-10.456281703354032
fx,EURGBP=X,15m,d55_rev,-1.582129871352678,-0.8503695352727363,0.25,1007.3185766806029,2380,-20.789110367327357
fx,EURJPY=X,15m,base_d55_tb,-3.7475252006979205,-0.8919837136950716,0.1,2378.656159638581,2381,-9.234616029641375
fx,EURJPY=X,15m,d55_rev,-0.6421407227235588,-0.6487600392380486,0.4,920.1565465866133,2381,-18.17718174186169
fx,EURUSD=X,15m,base_d55_tb,-5.141846067332248,-0.9571713729466786,0.05,2656.986041425375,2380,-9.912290815077233
fx,EURUSD=X,15m,d55_rev,-1.0688578241268774,-0.7721721518391776,0.325,1051.1001743815787,2380,-19.419675709539806
fx,GBPAUD=X,15m,base_d55_tb,-4.275551016463041,-0.8956847658939878,0.0875,2287.991434685106,2380,-9.147564097408296
fx,GBPAUD=X,15m,d55_rev,-0.6484410009921985,-0.6048724208707612,0.4125,906.2899572176763,2380,-18.529755299596314
fx,GBPCHF=X,15m,base_d55_tb,-4.670729773426588,-0.9184688224522783,0.05,2324.891551401844,2380,-9.31240566627662
fx,GBPCHF=X,15m,d55_rev,-1.3244658492271686,-0.8114464353870425,0.325,986.9010203146576,2380,-19.29590478246896
fx,GBPJPY=X,15m,base_d55_tb,-2.9398044776001924,-0.7921055013578497,0.1125,2198.7625547905936,2381,-9.174244913415626
fx,GBPJPY=X,15m,d55_rev,-0.22893459493327184,-0.5535830153034544,0.4875,865.7259577046897,2381,-17.00438189646462
fx,GBPUSD=X,15m,base_d55_tb,-4.689980178691218,-0.9353592515553184,0.0625,2552.221447799689,2380,-9.91765336023258
fx,GBPUSD=X,15m,d55_rev,-1.2796857861769149,-0.8355307970740733,0.2625,1030.5614751516966,2380,-18.206102096200446
fx,NZDJPY=X,15m,base_d55_tb,-2.970179070427141,-0.8125141663065257,0.1125,1829.8946744391162,2381,-8.25799596537022
fx,NZDJPY=X,15m,d55_rev,-0.5247994676815316,-0.5919136831931356,0.4375,741.6856036146233,2381,-15.893987744026406
fx,NZDUSD=X,15m,base_d55_tb,-4.0144694632868045,-0.901533879998824,0.1,1917.165852909887,2381,-7.879426738240814
fx,NZDUSD=X,15m,d55_rev,-0.9699826507674871,-0.7752532581863526,0.3625,773.0963572280393,2381,-15.96323028595916
fx,USDCAD=X,15m,base_d55_tb,-5.118824851350164,-0.935496474107421,0.0625,2733.706197783684,2381,-11.20696301958477
fx,USDCAD=X,15m,d55_rev,-1.4199363179119069,-0.840524056801321,0.325,1039.961328478479,2381,-20.32880409646293
fx,USDCHF=X,15m,base_d55_tb,-4.200342700645495,-0.9113362698368415,0.0625,2387.5816117403965,2381,-9.448094316003711
fx,USDCHF=X,15m,d55_rev,-0.9061977832044534,-0.7568425233263747,0.35,988.7265073088896,2381,-18.53355542046488
fx,USDJPY=X,15m,base_d55_tb,-3.46128530015373,-0.8728805733629197,0.125,2370.583443402028,2381,-9.602765417113497
fx,USDJPY=X,15m,d55_rev,0.1901778568906761,-0.33906167455814196,0.5,873.1194195611702,2381,-17.871468633950705
fx,USDMXN=X,15m,base_d55_tb,-3.6763044111161824,-0.8806489681978289,0.125,1830.9228237122338,2382,-7.5813896535898335
fx,USDMXN=X,15m,d55_rev,-0.5247971140160771,-0.5853790989638807,0.3875,757.1952680597301,2382,-15.058223926839174
fx,USDNOK=X,15m,base_d55_tb,-3.3403412954294884,-0.877371295927195,0.1,1566.3561163364973,2381,-6.533200532533864
fx,USDNOK=X,15m,d55_rev,-0.8796685472898553,-0.7229201152576938,0.2875,665.4357207962138,2381,-13.720560961169562
fx,USDSEK=X,15m,base_d55_tb,-3.870220324296522,-0.8935555846312233,0.0625,1831.7826167042574,2380,-7.657535954449713
fx,USDSEK=X,15m,d55_rev,-0.8337317355643423,-0.674767188241356,0.3625,766.3014634707571,2380,-15.254911009160674
fx,USDSGD=X,15m,base_d55_tb,-6.593560039802325,-0.9570442736198247,0.025,3051.442937256331,2381,-12.396623143105941
fx,USDSGD=X,15m,d55_rev,-1.3148184150954987,-0.7796392099483496,0.3125,990.3679654956297,2381,-23.006112789688427
fx,USDZAR=X,15m,base_d55_tb,-3.016632420001848,-0.8124376827620752,0.175,1328.719676476427,2381,-5.606432851153969
fx,USDZAR=X,15m,d55_rev,-0.49911176516550004,-0.5676735629382637,0.4125,570.5301568329769,2381,-13.094643914614931
crypto,BTCUSDT,5m,base_d55_tb,-16.983885153548368,-0.999964559124743,0.0,2423.4571672798597,2404,-23.279146279504726
crypto,BTCUSDT,5m,d55_rev,-4.076469968050491,-0.9927074459998442,0.10126582278481013,1218.255921253911,2404,-34.875721349603765
crypto,ETHUSDT,5m,base_d55_tb,-13.052971185373508,-0.999160732496764,0.0,1715.2646995811035,2404,-22.818829962648383
crypto,ETHUSDT,5m,d55_rev,-2.844531426847576,-0.968504265325139,0.189873417721519,889.0127757281857,2404,-34.56396438173716
crypto,BNBUSDT,5m,base_d55_tb,-17.51429401743539,-0.9999499678312167,0.0,2212.279824661266,2364,-26.16406334374523
crypto,BNBUSDT,5m,d55_rev,-3.4590995681837065,-0.9833143404688821,0.16666666666666666,994.7404995164801,2364,-34.98895069990057
crypto,XRPUSDT,5m,base_d55_tb,-13.511956340912013,-0.9992791175851287,0.0,1518.5604612193042,2399,-24.148969359247968
crypto,XRPUSDT,5m,d55_rev,-3.288404928504618,-0.9805376666639046,0.10126582278481013,750.4071755159995,2399,-36.96061775362406
crypto,SOLUSDT,5m,base_d55_tb,-12.324006508704468,-0.994874998315594,0.0,1295.5775747129344,2147,-24.13964376348672
crypto,SOLUSDT,5m,d55_rev,-1.9650076861228176,-0.870746657551354,0.2535211267605634,584.941437663369,2147,-37.86204857719361
crypto,TRXUSDT,5m,base_d55_tb,-18.449882917789417,-0.9999980846366375,0.0,2950.941558609776,2390,-23.558377515491006
crypto,TRXUSDT,5m,d55_rev,-3.4447012556418586,-0.9860623449299168,0.1518987341772152,1226.2364159692754,2390,-34.35192032449936
crypto,DOGEUSDT,5m,base_d55_tb,-13.618478621724444,-0.9988388521840377,0.0,1343.5920740388792,2213,-21.100687838127637
crypto,DOGEUSDT,5m,d55_rev,-3.1934296825031296,-0.9707137720433301,0.1643835616438356,669.8507752256274,2213,-27.56014923034473
crypto,ZECUSDT,5m,base_d55_tb,-14.896985155897314,-0.999560850698102,0.0,1139.8742622306563,2369,-24.285985437817352
crypto,ZECUSDT,5m,d55_rev,-3.5094310335223904,-0.9792415913385241,0.15384615384615385,522.6934540008427,2369,-35.07460306282662
crypto,ADAUSDT,5m,base_d55_tb,-13.409437292942927,-0.9985340610685886,0.0,1341.0134277184561,2374,-24.269410569382664
crypto,ADAUSDT,5m,d55_rev,-2.1951015491864365,-0.9137156448379689,0.20253164556962025,622.6645218303726,2374,-39.346427801408225
crypto,XMRUSDT,5m,base_d55_tb,-20.048936773344586,-0.9999709163515709,0.0,1614.968907663057,2371,-28.932040855213895
crypto,XMRUSDT,5m,d55_rev,-6.266770523147374,-0.9986399641948879,0.0641025641025641,704.8560251445384,2371,-39.535585633035744
crypto,LINKUSDT,5m,base_d55_tb,-13.703238418590523,-0.9987447426305991,0.0,1350.9818025514755,2388,-24.77184680823591
crypto,LINKUSDT,5m,d55_rev,-2.5973164781372886,-0.9436433204661514,0.22784810126582278,592.2259862612046,2388,-38.416405668708514
crypto,XLMUSDT,5m,base_d55_tb,-16.41951238637896,-0.9998962301336678,0.0,1603.4529459177631,2385,-25.68137550695726
crypto,XLMUSDT,5m,d55_rev,-4.119112866424481,-0.9909200900891298,0.16455696202531644,722.5057223562244,2385,-35.89411427994046
crypto,BCHUSDT,5m,base_d55_tb,-14.476286553153052,-0.9994567931019076,0.0,1506.480729567594,2404,-24.958689264418783
crypto,BCHUSDT,5m,d55_rev,-3.7028782846997865,-0.9887318943252259,0.16455696202531644,728.29339257763,2404,-39.604666190958234
crypto,LTCUSDT,5m,base_d55_tb,-15.512578830116498,-0.9996714656444317,0.0,1542.8529598106527,2396,-24.831756488314937
crypto,LTCUSDT,5m,d55_rev,-4.34005045729672,-0.9930385049027187,0.08860759493670886,737.5645292227128,2396,-37.534872376646305
crypto,HBARUSDT,5m,base_d55_tb,-17.15027777458276,-0.9992998872582861,0.0,1415.1435809598938,1963,-26.698670826250076
crypto,HBARUSDT,5m,d55_rev,-4.1209245687155285,-0.9763131788887681,0.09230769230769231,618.7356753911947,1963,-38.13903309962383
crypto,1000SHIBUSDT,5m,base_d55_tb,-14.30571777088702,-0.997080601431275,0.0,1410.186781302713,1909,-22.908600598953857
crypto,1000SHIBUSDT,5m,d55_rev,-2.516974892034766,-0.8993239320170481,0.19047619047619047,659.3992209094695,1909,-35.70060445423815
crypto,AVAXUSDT,5m,base_d55_tb,-12.184708328344115,-0.9963523111891065,0.0,1314.8277594888982,2138,-23.130078626346098
crypto,AVAXUSDT,5m,d55_rev,-2.00866786459466,-0.8738560044604549,0.22535211267605634,580.9335716996867,2138,-35.63982479100962
crypto,SUIUSDT,5m,base_d55_tb,-13.306777637022366,-0.9562293550496942,0.0,1247.5253236093395,1186,-24.469886705397577
crypto,SUIUSDT,5m,d55_rev,-3.083326562289446,-0.8259978952515749,0.1794871794871795,558.8106636831233,1186,-39.81401341805376
crypto,UNIUSDT,5m,base_d55_tb,-12.842721174929492,-0.9972512225100968,0.0,1269.1797550294723,2143,-24.54811585355481
crypto,UNIUSDT,5m,d55_rev,-1.9101321892311989,-0.8710055001714364,0.23943661971830985,557.9304256630603,2143,-37.40817065554343
crypto,NEARUSDT,5m,base_d55_tb,-12.024993463249837,-0.9935735074177238,0.0,1054.7435115177943,2116,-23.777268224809944
crypto,NEARUSDT,5m,d55_rev,-3.1486109805710227,-0.9567770828483696,0.18571428571428572,479.50368527263623,2116,-39.38150391129292
crypto,DOTUSDT,5m,base_d55_tb,-14.041290273272473,-0.9983983397464167,0.0,1371.238645485386,2170,-24.581524244447486
crypto,DOTUSDT,5m,d55_rev,-3.15979641397867,-0.9557957264877885,0.1111111111111111,624.8195568531581,2170,-36.6870723069881
crypto,AAVEUSDT,5m,base_d55_tb,-12.838735420472075,-0.997320959721205,0.0,1265.7310980170312,2115,-24.704975570523455
crypto,AAVEUSDT,5m,d55_rev,-2.112267679152203,-0.8922655741147906,0.24285714285714285,549.6272515791201,2115,-37.019259038687686
crypto,1000PEPEUSDT,5m,base_d55_tb,-10.438621968420719,-0.9291320273835996,0.02564102564102564,1023.5348044042328,1184,-20.33791347242582
crypto,1000PEPEUSDT,5m,d55_rev,-1.9166633394430357,-0.7175713500819291,0.3076923076923077,487.81906418642126,1184,-38.706622860505774
crypto,ICPUSDT,5m,base_d55_tb,-15.840975135820493,-0.9974152424644082,0.015873015873015872,1121.5035373856476,1908,-23.5745397911898
crypto,ICPUSDT,5m,d55_rev,-3.8877673504735633,-0.9620740916454813,0.1746031746031746,505.97197052005225,1908,-15.95202373419447
crypto,ETCUSDT,5m,base_d55_tb,-14.25937348098864,-0.9996338505576987,0.012658227848101266,1458.7356477112314,2389,-23.876386033770974
crypto,ETCUSDT,5m,d55_rev,-3.523079755693068,-0.9851878479096214,0.16455696202531644,698.9968805497879,2389,-35.88689724884235
crypto,ALGOUSDT,5m,base_d55_tb,-15.910442283138675,-0.9989535986933412,0.0,1173.0174142022706,2237,-27.09338425946189
crypto,ALGOUSDT,5m,d55_rev,-3.667335008511514,-0.9726238467604085,0.16216216216216217,526.3599158838964,2237,-39.502294838385176
crypto,ATOMUSDT,5m,base_d55_tb,-15.692028981252838,-0.9996315925378584,0.0,1381.5232108806404,2367,-25.98573562375583
crypto,ATOMUSDT,5m,d55_rev,-3.6408502696385554,-0.98000072489308,0.11538461538461539,600.7472470575581,2367,-36.32912512728009
crypto,FILUSDT,5m,base_d55_tb,-11.921975791467899,-0.9965400529600844,0.0,1193.5829052140095,2115,-22.826585732527942
crypto,FILUSDT,5m,d55_rev,-2.422167128047582,-0.9265823415292977,0.18571428571428572,571.1938814223091,2115,-39.52885898031342
crypto,ARBUSDT,5m,base_d55_tb,-14.115337011844098,-0.974690622412922,0.0,1362.4311979891813,1227,-26.90502404495875
crypto,ARBUSDT,5m,d55_rev,-2.9668611909146057,-0.8244580433738956,0.24390243902439024,603.4892833115841,1227,-44.25258893384257
crypto,APTUSDT,5m,base_d55_tb,-13.817796488066106,-0.9843107993168818,0.0,1309.8196629066526,1382,-25.738964022901115
crypto,APTUSDT,5m,d55_rev,-3.034400665107396,-0.879145684942355,0.15217391304347827,586.9903306886412,1382,-42.847364637468544
crypto,INJUSDT,5m,base_d55_tb,-13.701411641985736,-0.987606186979207,0.020833333333333332,1149.5558787533566,1445,-24.308741670419455
crypto,INJUSDT,5m,d55_rev,-3.6189129036543073,-0.9119147275173265,0.125,498.10885217549736,1445,-37.098973885668364
crypto,DASHUSDT,5m,base_d55_tb,-17.822149749789585,-0.9999356258473642,0.0,1299.3306221213425,2370,-26.779463756458544
crypto,DASHUSDT,5m,d55_rev,-4.688188955065046,-0.9950415541436156,0.14102564102564102,597.4608982586539,2370,-34.57631074820904
crypto,VETUSDT,5m,base_d55_tb,-17.402589514300473,-0.9998347927009462,0.0,1287.809685401973,2360,-26.14243323245758
crypto,VETUSDT,5m,d55_rev,-3.9310337285428116,-0.9863407824911425,0.20512820512820512,573.8081752035622,2360,-34.70520977553247
crypto,FETUSDT,5m,base_d55_tb,-13.879332572400216,-0.969675651019163,0.0,1078.8976929510097,1292,-23.756493945966984
crypto,FETUSDT,5m,d55_rev,-3.253089322397797,-0.8467368486635665,0.18604651162790697,471.3683519674543,1292,-37.901607917476
crypto,CRVUSDT,5m,base_d55_tb,-10.759756305204958,-0.9795203560187619,0.014084507042253521,737.1386933014886,2160,-21.301931940877626
crypto,CRVUSDT,5m,d55_rev,-2.570927359429823,-0.9103881181696073,0.22535211267605634,358.1015620839386,2160,-39.10641324023015
crypto,1000LUNCUSDT,5m,base_d55_tb,-16.38827405655556,-0.995569764012138,0.0,1218.5862183956745,1422,-24.023368792575248
crypto,1000LUNCUSDT,5m,d55_rev,-3.9323168845028675,-0.9339832105752056,0.1702127659574468,589.8549491371906,1422,-37.198993505229595
crypto,STXUSDT,5m,base_d55_tb,-15.354876901351446,-0.9861188251632496,0.023809523809523808,1270.72357170278,1257,-25.906289468183896
crypto,STXUSDT,5m,d55_rev,-2.976695280876642,-0.8446559613358581,0.21428571428571427,556.4188660933172,1257,-33.58189435329525
crypto,LDOUSDT,5m,base_d55_tb,-13.933818770886932,-0.988404750168729,0.0,1188.7866786962672,1409,-25.029253288317076
crypto,LDOUSDT,5m,d55_rev,-2.831434838452069,-0.862819272568893,0.2127659574468085,521.0765356931648,1409,-39.338603088201346
crypto,IMXUSDT,5m,base_d55_tb,-15.39488141924196,-0.996728729227609,0.0,1197.4038652571096,1632,-26.649291083363394
crypto,IMXUSDT,5m,d55_rev,-2.9962838724754985,-0.91629607833912,0.24074074074074073,513.2608671440321,1632,-37.310710029081434
crypto,XTZUSDT,5m,base_d55_tb,-16.440371220330675,-0.9994067254363849,0.0,1036.3962246334036,2368,-24.28405672399097
crypto,XTZUSDT,5m,d55_rev,-4.442384455862471,-0.9896221514310375,0.15384615384615385,505.6357265136254,2368,-35.394728422091546
crypto,JASMYUSDT,5m,base_d55_tb,-15.770816867725664,-0.9958238725512999,0.0,1139.9848388014157,1564,-24.741365374175526
crypto,JASMYUSDT,5m,d55_rev,-3.8076990674775333,-0.9336489444000049,0.17307692307692307,514.9108453283237,1564,-33.48142080870573
crypto,CFXUSDT,5m,base_d55_tb,-14.790388053370979,-0.9856753326734969,0.023809523809523808,1155.438703440511,1258,-23.81809573822507
crypto,CFXUSDT,5m,d55_rev,-2.959210999580431,-0.8507377281817701,0.21428571428571427,519.182219777764,1258,-35.29005397699764
crypto,OPUSDT,5m,base_d55_tb,-13.525820660730728,-0.9833239343810231,0.0,1169.1850921145058,1522,-24.51993679816217
crypto,OPUSDT,5m,d55_rev,-3.1004413063356195,-0.8900129955519414,0.18,521.8187284423794,1522,-42.20703774055666
crypto,1000FLOKIUSDT,5m,base_d55_tb,-14.31316180892819,-0.9779838505431708,0.0,1154.2442744165714,1183,-26.007716139123715
crypto,1000FLOKIUSDT,5m,d55_rev,-3.546543516062669,-0.867728016495364,0.1794871794871795,522.1458217123518,1183,-32.822273626462156
crypto,ENSUSDT,5m,base_d55_tb,-17.3980828871426,-0.9985564671883627,0.0,1272.3842188981698,1705,-24.840944359994232
crypto,ENSUSDT,5m,d55_rev,-4.103529023721063,-0.9636645066363075,0.14035087719298245,567.4519443735088,1705,-33.163408827280854
crypto,COMPUSDT,5m,base_d55_tb,-13.888473634067358,-0.999489636897172,0.0,1237.5879685310094,2223,-26.052607413995197
crypto,COMPUSDT,5m,d55_rev,-3.75989333415557,-0.9861773239497772,0.16216216216216217,551.5786083745386,2223,-35.28322031650511
crypto,GRTUSDT,5m,base_d55_tb,-16.142238960483947,-0.999142673369632,0.0,1224.106199054677,2051,-25.704718290442155
crypto,GRTUSDT,5m,d55_rev,-3.1659747186138687,-0.9466480325770209,0.20588235294117646,522.6793261689397,2051,-32.418624960569524
crypto,IOTAUSDT,5m,base_d55_tb,-18.080034444495556,-0.9999247594276307,0.0,1213.8085645486817,2362,-26.362205564767926
crypto,IOTAUSDT,5m,d55_rev,-4.292399904621194,-0.9916505746712588,0.10256410256410256,547.2868602757642,2362,-34.1192224042026
crypto,RUNEUSDT,5m,base_d55_tb,-12.136359137229277,-0.9964840454498751,0.0,1120.7049560453668,2157,-23.88073054551766
crypto,RUNEUSDT,5m,d55_rev,-1.1935797019985297,-0.7535810990775988,0.4084507042253521,498.69238775031,2157,-29.993493067507117
equity,AAPL,5m,base_d55_tb,-2.4169169672991218,-0.8142077575383632,0.2125,621.0676534296607,2401,-7.387661233548555
equity,AAPL,5m,d55_rev,-0.055371796133378025,-0.4480039945136055,0.575,274.50421788424757,2401,-13.641637543334687
equity,ABBV,5m,base_d55_tb,-2.5354824197631847,-0.8934158541573751,0.125,685.0612267835182,2401,-7.331784209044459
equity,ABBV,5m,d55_rev,-0.5215465882369107,-0.7462500271437973,0.4625,305.43519345638043,2401,-14.89195990815482
equity,ADBE,5m,base_d55_tb,-2.6116416566030876,-0.8677174806289318,0.1625,521.5969339658766,2401,-6.5086042841724705
equity,ADBE,5m,d55_rev,-0.7878776563712192,-0.7746454057715781,0.3625,234.61583122294,2401,-12.307278674531712
equity,AGG,5m,base_d55_tb,-9.332484243174333,-0.998023160979821,0.0,2161.6064554097875,2368,-13.98106414023039
equity,AGG,5m,d55_rev,-1.657118513165567,-0.8905924657738318,0.26582278481012656,799.8099994298343,2368,-21.34372514681811
equity,AMD,5m,base_d55_tb,-1.2445632798187953,-0.6348144451913768,0.3375,324.03005332068375,2401,-4.350928731450142
equity,AMD,5m,d55_rev,-0.03206234967915122,-0.4657099483575783,0.5,146.99029983953827,2401,-9.097050502752317
equity,AMZN,5m,base_d55_tb,-1.8199831020237616,-0.7596203009851277,0.2375,544.9208877835213,2401,-6.6305987279999
equity,AMZN,5m,d55_rev,0.5239515468063265,-0.3316476517986837,0.5375,229.7802741755687,2401,-12.110430612097746
equity,BA,5m,base_d55_tb,-1.1509543451581212,-0.6435361771272231,0.35,451.8726149345524,2401,-6.100985306341984
equity,BA,5m,d55_rev,-0.3163717649916093,-0.576921701864452,0.4375,205.08702980429052,2401,-11.622872544382364
equity,BAC,5m,base_d55_tb,-2.6620013283079342,-0.8352208272772482,0.225,586.0349974663831,2401,-7.571844487712036
equity,BAC,5m,d55_rev,-1.0398544466406765,-0.8405126195547975,0.4625,278.11543265720377,2401,-13.442130258104118
equity,BND,5m,base_d55_tb,-9.259870238076092,-0.9979562253856671,0.0,2131.061846563076,2368,-13.924015001271819
equity,BND,5m,d55_rev,-1.685168574050639,-0.9053274120674429,0.3037974683544304,795.9146846724851,2368,-21.38593476052127
equity,C,5m,base_d55_tb,-2.6241580486011107,-0.8561404913584792,0.2125,550.9183744388007,2401,-7.237761329583362
equity,C,5m,d55_rev,-0.6524836882705335,-0.7425624790322494,0.425,253.10830484995373,2401,-13.491621221444593
equity,CAT,5m,base_d55_tb,-2.3079541863147455,-0.8145002718115684,0.15,562.9851070243868,2401,-7.788549996906167
equity,CAT,5m,d55_rev,-0.44636466726411245,-0.6053582025698995,0.475,251.48899652998637,2401,-13.462135326238469
equity,COP,5m,base_d55_tb,-2.488443576283142,-0.8355554641898659,0.1625,482.0957918882958,2401,-6.770804101508224
equity,COP,5m,d55_rev,-0.2616269896255917,-0.5558646905592309,0.4625,214.23203499048049,2401,-12.666399888076736
equity,COST,5m,base_d55_tb,-3.5198281173304364,-0.9105200508276284,0.1625,813.4071338626457,2401,-9.350603968550656
equity,COST,5m,d55_rev,-0.4020323210480652,-0.5971348470704283,0.45,333.87712907098296,2401,-15.742010466597597
equity,CPER,5m,base_d55_tb,-5.145661217565673,-0.9674939824667739,0.0379746835443038,385.3711556454356,2368,-11.396103280227962
equity,CPER,5m,d55_rev,-1.4482109398896446,-0.8970448676849759,0.27848101265822783,192.20628505003108,2368,-16.4081929115647
equity,CRM,5m,base_d55_tb,-1.7201394279736821,-0.7658643354741788,0.25,485.6105569088511,2401,-5.9342565410641654
equity,CRM,5m,d55_rev,-0.02128950803757676,-0.4303008059312503,0.4625,217.00661050235612,2401,-12.23569890182591
equity,CSCO,5m,base_d55_tb,-2.8589224045387134,-0.9237870628437707,0.1875,740.5740579581022,2401,-7.640506313137393
equity,CSCO,5m,d55_rev,-0.9155373450314203,-0.8291500718274067,0.3875,331.40991413715665,2401,-14.874803681738141
equity,CVX,5m,base_d55_tb,-2.672209302711873,-0.8563818437925879,0.15,597.7967456551306,2401,-7.495938331752616
equity,CVX,5m,d55_rev,-0.8728651481972475,-0.8132964767488307,0.325,277.6027979052986,2401,-14.238449165949447
equity,DBA,5m,base_d55_tb,-7.179380136837465,-0.9971666527056309,0.02531645569620253,1080.9111721420402,2368,-12.661535523437188
equity,DBA,5m,d55_rev,-1.679188214033402,-0.9556568863445067,0.25316455696202533,504.48859896664857,2368,-19.130403492327822
equity,DBC,5m,base_d55_tb,-5.875687869438864,-0.9883586789849828,0.02531645569620253,917.0642124386299,2368,-12.224610743829615
equity,DBC,5m,d55_rev,-1.4677383855563786,-0.9504849380951051,0.3291139240506329,421.8598874102314,2368,-17.271264110151044
equity,DIS,5m,base_d55_tb,-2.2180351544817447,-0.8306232771294112,0.1875,632.6465612535827,2401,-7.079995314144795
equity,DIS,5m,d55_rev,-0.1356534657144654,-0.6228765083223589,0.475,276.555194254513,2401,-13.32198925149538
equity,GDX,5m,base_d55_tb,-1.6163867079221792,-0.7304502061159286,0.2911392405063291,436.4694437049137,2368,-5.985291715511996
equity,GDX,5m,d55_rev,-0.8382358243423935,-0.801267204876874,0.35443037974683544,216.65609558039506,2368,-12.226380789777732
equity,GE,5m,base_d55_tb,-2.0797119199947143,-0.8259359907376753,0.2375,510.45485349802476,2401,-6.17735409084661
equity,GE,5m,d55_rev,-0.4384992789923179,-0.6237163546090725,0.45,228.52375709510534,2401,-12.510320146631893
equity,GLD,5m,base_d55_tb,-3.7322653671443584,-0.9531548042567414,0.10126582278481013,1068.097163785951,2368,-9.7154599119046
equity,GLD,5m,d55_rev,-0.4039009487989718,-0.6967348980239626,0.5063291139240507,538.9361380698659,2368,-16.35867487417319
equity,GOOGL,5m,base_d55_tb,-2.341473658937044,-0.8827075510809831,0.175,561.1662352109033,2401,-5.589712081982276
equity,GOOGL,5m,d55_rev,-0.025145797887023907,-0.3336634534599884,0.4875,246.80739198517227,2401,-12.67031352568357
equity,GS,5m,base_d55_tb,-2.7960543593391822,-0.8622975624052022,0.1375,575.7292404358371,2401,-7.6571534096266465
equity,GS,5m,d55_rev,-0.09172974863487819,-0.46976962571546954,0.475,255.4222515296131,2401,-13.95286324630951
equity,HD,5m,base_d55_tb,-3.507771635124573,-0.9152683458830478,0.0875,703.4630232132051,2401,-8.905311763100224
equity,HD,5m,d55_rev,-0.5869897720174497,-0.6495810842960368,0.425,298.999590497138,2401,-15.017506836103776
equity,HON,5m,base_d55_tb,-3.16647072407219,-0.9069110819165924,0.15,744.7536658231757,2401,-8.744711058449592
equity,HON,5m,d55_rev,-1.141806277618865,-0.8486013404641132,0.35,328.48942602349956,2401,-15.646168092443647
equity,HYG,5m,base_d55_tb,-9.144352625930235,-0.997322040110992,0.012658227848101266,2010.4818924745723,2368,-12.941455267370674
equity,HYG,5m,d55_rev,-1.221684913466118,-0.8073284469426176,0.3037974683544304,711.589799202868,2368,-20.04284787725338
equity,IBM,5m,base_d55_tb,-2.3196999496185216,-0.8524077957313427,0.2375,731.1094156168546,2401,-8.551146365318072
equity,IBM,5m,d55_rev,-0.015967397775569197,-0.6003711181763166,0.5375,309.6718203681408,2401,-14.292124038471075
equity,IEF,5m,base_d55_tb,-8.556264432233823,-0.9971063533461793,0.0,2020.065157706158,2368,-14.154343809468877
equity,IEF,5m,d55_rev,-1.9400188386178372,-0.9439400857902375,0.26582278481012656,831.7160835088856,2368,-20.435149979507273
equity,INTC,5m,base_d55_tb,-1.52273888784579,-0.6992294330383104,0.275,434.07963936453643,2401,-5.2563739354890835
equity,INTC,5m,d55_rev,-0.27464242620914686,-0.6426204178565066,0.4375,195.9425904468081,2401,-10.566909365578537
equity,JNJ,5m,base_d55_tb,-4.272629159735051,-0.939771807954503,0.05,872.4675447558432,2401,-9.126787219661514
equity,JNJ,5m,d55_rev,-1.1310075062644227,-0.8439604826654324,0.375,384.57045808832777,2401,-16.785042662803413
equity,JPM,5m,base_d55_tb,-2.7203948682846173,-0.8603985028035073,0.1875,682.9539835529082,2401,-8.393278149185146
equity,JPM,5m,d55_rev,-0.6637214899262942,-0.7149494199489063,0.375,306.87520986971725,2401,-14.430219310452037
equity,KO,5m,base_d55_tb,-4.095913733253973,-0.9575943631213328,0.0875,943.5241332142211,2401,-9.571148708005666
equity,KO,5m,d55_rev,-1.430711875270324,-0.8913703033006339,0.2875,421.20689656179104,2401,-16.85235486460358
equity,LOW,5m,base_d55_tb,-2.978327838340699,-0.8837752932154028,0.1125,621.1813534519074,2401,-7.722677320218814
equity,LOW,5m,d55_rev,-0.6246028582119448,-0.646635541203554,0.45,270.4939853700236,2401,-14.557008624777227
equity,LQD,5m,base_d55_tb,-7.2208400751852935,-0.9958864919314531,0.012658227848101266,1945.9900587176483,2368,-13.39638034680552
equity,LQD,5m,d55_rev,-1.2940081922004572,-0.8854604523504606,0.34177215189873417,781.3988220466739,2368,-19.518415360160173
equity,MA,5m,base_d55_tb,-3.5255839904776254,-0.9101332925986837,0.1375,721.3256288513161,2401,-8.070124696271051
equity,MA,5m,d55_rev,-0.9625222470068135,-0.7876593269878999,0.375,318.3984285787567,2401,-14.712793815856648
equity,MCD,5m,base_d55_tb,-4.389087712990697,-0.9496169184782396,0.0625,905.632912643461,2401,-10.094811033318061
equity,MCD,5m,d55_rev,-0.8631940148475941,-0.7561860689935003,0.3125,379.15587478984884,2401,-16.395339974669827
equity,META,5m,base_d55_tb,-2.005160912312491,-0.8272783602951477,0.2,473.0860335778269,2401,-5.479418686451119
equity,META,5m,d55_rev,-0.38482762503164664,-0.5957153001599003,0.5,215.3702723388343,2401,-11.18602139041681
equity,MRK,5m,base_d55_tb,-3.6173140466406433,-0.9349290801890245,0.1125,695.4881877887781,2401,-7.980417086793441
equity,MRK,5m,d55_rev,-1.1916977889762366,-0.8627986105141126,0.3375,312.4419037344845,2401,-15.111926191292143
equity,MS,5m,base_d55_tb,-2.2927505716657346,-0.8200794900302222,0.1875,584.136517415706,2401,-7.466624385948471
equity,MS,5m,d55_rev,-0.3618561343502526,-0.5973568008416374,0.4125,264.5669632186696,2401,-13.296948294406349
equity,MSFT,5m,base_d55_tb,-2.6505617209999457,-0.8837846242295431,0.1625,672.7759076562551,2401,-6.830325492182856
equity,MSFT,5m,d55_rev,-0.7806037819042324,-0.7938876928247368,0.3875,300.8379139763026,2401,-13.426645905701202
equity,NFLX,5m,base_d55_tb,-2.308824507584506,-0.8341358278128672,0.2,487.36820174120055,2401,-6.013928222259822
equity,NFLX,5m,d55_rev,-0.8904414548865478,-0.7945001315625514,0.4125,214.45480027710892,2401,-12.224527902467187
equity,NKE,5m,base_d55_tb,-2.361838413351868,-0.8525012652916951,0.175,609.9629420706234,2401,-7.2303939029007775
equity,NKE,5m,d55_rev,-0.3319161092977926,-0.6681583862769864,0.4,263.5630270031773,2401,-12.66561642603282
equity,NVDA,5m,base_d55_tb,-1.3430889940940849,-0.593170824628044,0.3625,361.0012826483207,2401,-5.523449696959157
equity,NVDA,5m,d55_rev,0.7151762301115389,-0.27554413315204995,0.625,158.05173543138866,2401,-9.615140562200045
equity,ORCL,5m,base_d55_tb,-2.8349395667364212,-0.8896094116063759,0.1625,610.6526180587465,2401,-7.550518944122282
equity,ORCL,5m,d55_rev,-0.08761160906309608,-0.4948409063121435,0.525,266.3607717945337,2401,-12.300608458309298
equity,PEP,5m,base_d55_tb,-3.765351422366982,-0.9414550512316489,0.125,856.0459452832814,2401,-9.021754152305709
equity,PEP,5m,d55_rev,-1.4275263410233734,-0.9055736534878628,0.275,385.2516387738626,2401,-16.8389799349141
equity,PFE,5m,base_d55_tb,-2.8532598638707154,-0.8766043189577304,0.1125,642.5709633397364,2401,-7.736259261395609
equity,PFE,5m,d55_rev,-0.557224940740543,-0.6423610776694633,0.4,288.86509288773846,2401,-14.616329644957279
equity,PG,5m,base_d55_tb,-4.143944745893124,-0.9509211488769523,0.1,909.9052654201168,2401,-9.525528028487743
equity,PG,5m,d55_rev,-0.712324898789233,-0.7473427816349301,0.375,387.51933249420574,2401,-16.669973130157537
equity,QCOM,5m,base_d55_tb,-1.65289129698039,-0.7678951768169532,0.225,467.00682385331305,2401,-5.465718785602237
equity,QCOM,5m,d55_rev,0.010035165469149425,-0.48176508934250695,0.525,206.23596841956487,2401,-11.942445857642868
equity,QQQ,5m,base_d55_tb,-3.3707512407216247,-0.9018059764173649,0.12658227848101267,876.0511417273938,2368,-10.11516442795821
equity,QQQ,5m,d55_rev,-0.18804960158916154,-0.4287051518271616,0.43037974683544306,365.47461474775696,2368,-15.119579129508368
equity,SBUX,5m,base_d55_tb,-2.7880483514332415,-0.9057919691394155,0.1625,649.3766105033231,2401,-6.828343730452877
equity,SBUX,5m,d55_rev,-0.8420454694997814,-0.7919009577227614,0.35,285.9290322438637,2401,-14.360428171610359
equity,SHY,5m,base_d55_tb,-12.49567910757403,-0.9925762813632888,0.0,1716.4594333005336,2368,-12.099217409371128
equity,SHY,5m,d55_rev,-3.513330233921387,-0.8611307708790674,0.08860759493670886,660.8388035806518,2368,-22.837631805608282
equity,SLB,5m,base_d55_tb,-2.4594042045986306,-0.8473096609205182,0.1875,415.46897815763884,2401,-5.8897279824613635
equity,SLB,5m,d55_rev,-0.8132232296630082,-0.7813760524390514,0.3875,194.02197249630706,2401,-11.799796809351644
equity,SLV,5m,base_d55_tb,-2.071208032200616,-0.8292791563785621,0.21518987341772153,513.3344022866977,2368,-7.647162886571986
equity,SLV,5m,d55_rev,-0.7372760338617025,-0.8428103654574672,0.45569620253164556,275.96980459203195,2368,-12.682030502974545
equity,SPY,5m,base_d55_tb,-4.506981280514346,-0.959008034917409,0.05063291139240506,1234.8850825051315,2368,-10.842932585564895
equity,SPY,5m,d55_rev,-0.667530220694953,-0.6886606442927103,0.4050632911392405,511.68237195061334,2368,-16.092634928745994
equity,T,5m,base_d55_tb,-3.3351179718073176,-0.909475273390862,0.125,685.591746340783,2401,-8.31739368252618
equity,T,5m,d55_rev,-0.45955756771054085,-0.6594781582404845,0.4375,312.1671008996614,2401,-14.59718840519121
equity,TIP,5m,base_d55_tb,-10.05405565675375,-0.9990595564427139,0.0,2311.8069714050184,2368,-14.02542244596968
equity,TIP,5m,d55_rev,-1.402417906384371,-0.858436970142234,0.2911392405063291,784.6919392980313,2368,-21.063878780273946
equity,TLT,5m,base_d55_tb,-5.159057604951206,-0.9748483697516804,0.02531645569620253,1189.8089072630364,2368,-11.146685642512653
equity,TLT,5m,d55_rev,-0.8455162384555799,-0.8271259566373637,0.4430379746835443,544.8336115314834,2368,-16.677857758929918
equity,TXN,5m,base_d55_tb,-2.8448740464875364,-0.8827918498737382,0.2,572.1013212670974,2401,-6.828333752611771
equity,TXN,5m,d55_rev,-0.9013677223201088,-0.7822338686846753,0.35,252.37491513882335,2401,-13.806535419425474
equity,UNG,5m,base_d55_tb,-1.074024747314209,-0.5290591061446123,0.35443037974683544,275.1820257492562,2368,-6.798995724971766
equity,UNG,5m,d55_rev,0.11174558641117453,-0.34584358833251494,0.5063291139240507,128.4240773403192,2368,-11.152964314836002
equity,UNH,5m,base_d55_tb,-2.431154587746803,-0.8975381511257985,0.225,637.6345158460346,2401,-6.43497367455277
equity,UNH,5m,d55_rev,-0.7286694952956622,-0.7539047573574339,0.375,284.88006303633483,2401,-13.471993550127221
equity,V,5m,base_d55_tb,-3.3340072345981637,-0.9001794755702691,0.1875,749.6804907732927,2401,-8.41263939512476
equity,V,5m,d55_rev,-0.847603878054814,-0.8030440736843638,0.3625,340.1128570173864,2401,-15.29200678605902
equity,VZ,5m,base_d55_tb,-3.751736591908132,-0.9387312094664216,0.15,862.3713224917328,2401,-8.800430413059404
equity,VZ,5m,d55_rev,-0.8984326613681848,-0.7780141860593306,0.3875,382.28377519042834,2401,-15.67639757469667
equity,WFC,5m,base_d55_tb,-2.648135171291098,-0.8610989744069458,0.1875,550.5241353701729,2401,-7.240051093815291
equity,WFC,5m,d55_rev,-0.7306528944837858,-0.7475965585953999,0.3625,244.00170507955013,2401,-12.595012758490906
equity,WMT,5m,base_d55_tb,-3.618850462081219,-0.9285855150718293,0.15,861.4255537030627,2401,-9.010004220981102
equity,WMT,5m,d55_rev,-0.4740921470072934,-0.6319611081156609,0.375,362.8036574176361,2401,-15.661381983938075
equity,XOM,5m,base_d55_tb,-2.110234547822104,-0.7852717016112725,0.2125,569.8546294081544,2401,-7.526372256634187
equity,XOM,5m,d55_rev,0.1268742226240853,-0.2963772420157612,0.5375,251.2788462652509,2401,-12.964661869530886
fx,AUDJPY=X,5m,base_d55_tb,-8.744247080959065,-0.9942994668128311,0.02564102564102564,5484.203042391812,2332,-15.668991760358596
fx,AUDJPY=X,5m,d55_rev,-1.7510435606744403,-0.9061561956087515,0.2564102564102564,2286.968128781218,2332,-22.635380198648562
fx,AUDNZD=X,5m,base_d55_tb,-11.892509897361982,-0.9994237604093661,0.0,6223.46780867057,2332,-15.746025351191083
fx,AUDNZD=X,5m,d55_rev,-4.3790087831945135,-0.9911651216214364,0.038461538461538464,2666.3787750648535,2332,-25.468258280105786
fx,AUDUSD=X,5m,base_d55_tb,-10.28843774523965,-0.9980433948027672,0.01282051282051282,5969.99394449332,2332,-16.954001328628593
fx,AUDUSD=X,5m,d55_rev,-2.568706046150951,-0.9649264749592548,0.19230769230769232,2473.3332024302913,2332,-22.995646559259402
fx,CADJPY=X,5m,base_d55_tb,-9.653891986223476,-0.9962052263735149,0.0,6133.53248038064,2332,-16.321751193300507
fx,CADJPY=X,5m,d55_rev,-1.2698454992366042,-0.8121052564411813,0.3076923076923077,2453.9421025208308,2332,-23.11102118130216
fx,CHFJPY=X,5m,base_d55_tb,-12.078911612696244,-0.9988299577248327,0.0,6477.816783793094,2332,-16.929369487375578
fx,CHFJPY=X,5m,d55_rev,-2.7553430796438776,-0.9655424250704493,0.10256410256410256,2731.0935792577843,2332,-23.90144681768405
fx,EURAUD=X,5m,base_d55_tb,-11.410865742649,-0.9984981791248219,0.0,6555.538609233679,2332,-13.366583003455293
fx,EURAUD=X,5m,d55_rev,-2.402703731896135,-0.9586418038066196,0.20512820512820512,2684.937964745531,2332,-24.260893101003397
fx,EURCAD=X,5m,base_d55_tb,-12.923674829968277,-0.9991765002111521,0.0,7146.435557288602,2332,-17.967690583050576
fx,EURCAD=X,5m,d55_rev,-2.6312802409209133,-0.9513806789864878,0.23076923076923078,2786.197472765821,2332,-25.18464421751747
fx,EURCHF=X,5m,base_d55_tb,-11.738989761832451,-0.9981725697486853,0.0,6065.058221692663,2332,-16.298860590055853
fx,EURCHF=X,5m,d55_rev,-3.476966071006879,-0.974130391235194,0.10256410256410256,2560.802275873894,2332,-25.741246251152443
fx,EURGBP=X,5m,base_d55_tb,-13.588460717843644,-0.9991280539369067,0.0,6929.840893017267,2332,-18.501157246990854
fx,EURGBP=X,5m,d55_rev,-3.0047333148397315,-0.9627961862332527,0.19230769230769232,2744.5089590075195,2332,-25.645380311004313
fx,EURJPY=X,5m,base_d55_tb,-11.144097995114278,-0.9983344543671101,0.0,6948.437743388686,2332,-17.752565652103822
fx,EURJPY=X,5m,d55_rev,-1.708941692963219,-0.8899612115981435,0.2692307692307692,2725.2658707610854,2332,-23.938337615682904
fx,EURUSD=X,5m,base_d55_tb,-12.957083085430456,-0.9996970733267228,0.0,7902.80855140642,2332,-18.707284710556404
fx,EURUSD=X,5m,d55_rev,-2.927976927781581,-0.9757473843991811,0.14102564102564102,3042.563288210248,2332,-24.856325878821295
fx,GBPAUD=X,5m,base_d55_tb,-12.243306246590128,-0.9989754936434824,0.0,6758.553889593554,2332,-18.127519269970566
fx,GBPAUD=X,5m,d55_rev,-3.236293361909083,-0.9818177357275977,0.1282051282051282,2793.322946324568,2332,-24.091967642573554
fx,GBPCHF=X,5m,base_d55_tb,-11.564159092550971,-0.9985785887151484,0.0,6413.508703454909,2332,-17.196872560524504
fx,GBPCHF=X,5m,d55_rev,-3.175144885064624,-0.9778435240775862,0.11538461538461539,2719.297373826066,2332,-24.481925708465035
fx,GBPJPY=X,5m,base_d55_tb,-10.214580367535314,-0.9980441585273618,0.0,6651.297398860215,2332,-17.09263832087682
fx,GBPJPY=X,5m,d55_rev,-2.1030248495917157,-0.9420327528162076,0.19230769230769232,2687.390817922366,2332,-23.336846442442983
fx,GBPUSD=X,5m,base_d55_tb,-12.38257318180781,-0.999660173254978,0.0,7813.973238704443,2332,-18.57448625163947
fx,GBPUSD=X,5m,d55_rev,-2.681901991437887,-0.9707028117043275,0.15384615384615385,2983.582927647974,2332,-24.131755317070493
fx,NZDJPY=X,5m,base_d55_tb,-9.433897540915261,-0.9952467524125503,0.0,5376.445013394419,2332,-16.26772061375001
fx,NZDJPY=X,5m,d55_rev,-2.061086277342669,-0.9369469118864087,0.23076923076923078,2247.619194177771,2332,-22.499990198290874
fx,NZDUSD=X,5m,base_d55_tb,-9.991138764570795,-0.997522011570406,0.0,5802.02946126832,2333,-16.403091962490386
fx,NZDUSD=X,5m,d55_rev,-2.4334184931802842,-0.960663368218168,0.19230769230769232,2382.191231980481,2333,-23.016219575579928
fx,USDCAD=X,5m,base_d55_tb,-12.944278266349299,-0.9994414464592395,0.0,7760.015527598862,2332,-18.484942932278646
fx,USDCAD=X,5m,d55_rev,-3.0870884838331607,-0.9741293010813172,0.14102564102564102,2922.044598739153,2332,-25.30266589330231
fx,USDCHF=X,5m,base_d55_tb,-12.049168128246263,-0.9992536947428506,0.0,6758.800196122151,2332,-17.538746063165153
fx,USDCHF=X,5m,d55_rev,-2.8789368673823432,-0.9701277045110739,0.16666666666666666,2819.7861347828925,2332,-24.898312775848176
fx,USDJPY=X,5m,base_d55_tb,-10.755782119312382,-0.99888937805777,0.01282051282051282,7303.085345011521,2332,-17.634621873635524
fx,USDJPY=X,5m,d55_rev,-1.587538321368303,-0.8926548385284033,0.3333333333333333,2813.129516431279,2332,-23.621451815733025
fx,USDMXN=X,5m,base_d55_tb,-9.2399464743158,-0.9977960910635958,0.02564102564102564,5816.6457938425165,2332,-15.975964039788055
fx,USDMXN=X,5m,d55_rev,-2.4791342288317804,-0.965782709804645,0.14102564102564102,2510.5312566708076,2332,-21.81144515587442
fx,USDNOK=X,5m,base_d55_tb,-9.338942026361929,-0.9974590078245945,0.01282051282051282,5106.852821526647,2333,-14.910324707491293
fx,USDNOK=X,5m,d55_rev,-2.8615471228182705,-0.9783433757843174,0.20512820512820512,2293.8103160265073,2333,-21.872843354171444
fx,USDSEK=X,5m,base_d55_tb,-10.091322169555044,-0.998241386340377,0.0,5778.136230315276,2332,-16.060394054253113
fx,USDSEK=X,5m,d55_rev,-2.489695529777976,-0.9634805266896987,0.15384615384615385,2512.83341484187,2332,-22.959377576248258
fx,USDSGD=X,5m,base_d55_tb,-16.454756400680544,-0.9999059989304181,0.0,8821.271367335381,2332,-19.979620771579857
fx,USDSGD=X,5m,d55_rev,-3.815581626851843,-0.9797062367935929,0.07692307692307693,3030.0843640401754,2332,-26.62037780883369
fx,USDZAR=X,5m,base_d55_tb,-8.257674912166479,-0.9916312314454911,0.0,3987.0546724187398,2332,-13.877264858223157
fx,USDZAR=X,5m,d55_rev,-2.776208440741744,-0.9705145470881938,0.20512820512820512,1908.2292861879946,2332,-20.861537081477266
