date,sleeve,side,delta_weight,weight_after,notional_usd
2024-07-02,volprem,buy,0.00188,0.47083,939.32
2024-07-02,xs_momentum,buy,0.00024,0.23261,122.13
2024-07-02,breakout,sell,-0.00282,0.36968,1409.41
2024-07-02,crisis,sell,-0.00322,0.05648,1609.01
2024-07-02,gmacro,sell,-0.00024,0.18508,122.29
2024-07-02,bab,buy,0.00024,0.21748,119.52
2024-07-03,volprem,buy,0.00536,0.47619,2682.48
2024-07-03,xs_momentum,buy,0.00583,0.23844,2914.5
2024-07-03,breakout,buy,0.00327,0.37295,1636.83
2024-07-03,crisis,sell,-0.00988,0.0466,4940.94
2024-07-03,gmacro,buy,0.00209,0.18717,1043.52
2024-07-03,bab,buy,0.00259,0.22007,1295.53
2024-07-04,xs_momentum,buy,0.00524,0.24368,2619.53
2024-07-04,breakout,buy,0.00029,0.37324,143.89
2024-07-04,crisis,sell,-0.00133,0.04527,664.22
2024-07-04,gmacro,buy,0.0005,0.18766,248.81
2024-07-04,bab,sell,-0.00055,0.21952,275.08
2024-07-05,xs_momentum,buy,0.0025,0.24619,1252.23
2024-07-05,breakout,buy,0.00155,0.37479,777.29
2024-07-05,crisis,sell,-0.00307,0.0422,1534.33
2024-07-05,gmacro,buy,0.00194,0.1896,967.5
2024-07-05,bab,sell,-0.00268,0.21684,1340.25
2024-07-06,xs_momentum,buy,0.0023,0.24849,1150.52
2024-07-06,breakout,sell,-0.00549,0.36931,2743.12
2024-07-06,crisis,sell,-0.0005,0.0417,249.67
2024-07-06,bab,sell,-0.00434,0.2125,2169.03
2024-07-07,xs_momentum,sell,-0.00061,0.24788,303.14
2024-07-07,breakout,sell,-0.01685,0.35245,8425.63
2024-07-07,crisis,sell,-0.00249,0.03921,1244.4
2024-07-07,gmacro,buy,0.00015,0.18975,77.06
2024-07-07,bab,buy,1e-05,0.21251,3.39
2024-07-08,xs_momentum,sell,-0.0009,0.24698,448.34
2024-07-08,breakout,buy,0.00151,0.35397,757.38
2024-07-08,crisis,sell,-0.00089,0.03832,445.55
2024-07-08,gmacro,sell,-1e-05,0.18974,7.13
2024-07-08,bab,buy,1e-05,0.21252,5.22
2024-07-09,xs_momentum,buy,7e-05,0.24706,35.8
2024-07-09,breakout,sell,-0.00013,0.35383,67.38
2024-07-09,crisis,sell,-0.00019,0.03813,97.07
2024-07-09,gmacro,buy,3e-05,0.18977,15.32
2024-07-09,bab,buy,0.00046,0.21298,231.16
2024-07-10,xs_momentum,buy,0.00112,0.24817,557.99
2024-07-10,breakout,sell,-0.00736,0.34648,3679.71
2024-07-10,crisis,buy,4e-05,0.03817,22.41
2024-07-10,gmacro,sell,-0.00115,0.18862,574.74
2024-07-10,bab,buy,0.00086,0.21384,431.46
2024-07-11,xs_momentum,sell,-0.00301,0.24516,1505.01
2024-07-11,breakout,buy,0.00013,0.34661,67.0
2024-07-11,crisis,sell,-0.00028,0.0379,138.9
2024-07-11,gmacro,sell,-0.00212,0.1865,1060.19
2024-07-11,bab,sell,-0.00014,0.21371,67.7
2024-07-12,volprem,sell,-0.00801,0.46818,4004.89
2024-07-12,xs_momentum,sell,-0.00829,0.23687,4145.62
2024-07-12,breakout,sell,-0.00644,0.34017,3218.73
2024-07-12,crisis,buy,0.01273,0.05062,6362.81
2024-07-12,gmacro,sell,-0.00369,0.18281,1843.26
2024-07-12,bab,sell,-0.01258,0.20113,6290.71
2024-07-13,volprem,buy,0.00578,0.47396,2890.77
2024-07-13,xs_momentum,buy,0.0033,0.24017,1651.44
2024-07-13,breakout,buy,0.00976,0.34993,4878.56
2024-07-13,crisis,sell,-0.00942,0.0412,4711.63
2024-07-13,gmacro,buy,0.00226,0.18507,1128.77
2024-07-13,bab,sell,-0.00341,0.19772,1704.97
2024-07-14,xs_momentum,sell,-0.01094,0.22923,5471.65
2024-07-14,breakout,buy,0.00682,0.35675,3410.19
2024-07-14,crisis,buy,0.00022,0.04142,110.36
2024-07-14,gmacro,sell,-0.00036,0.18471,179.23
2024-07-14,bab,sell,-0.00798,0.18973,3991.26
2024-07-15,xs_momentum,sell,-0.00477,0.22446,2383.63
2024-07-15,breakout,buy,0.00206,0.35881,1029.25
2024-07-15,crisis,buy,0.00019,0.04161,94.06
2024-07-15,gmacro,sell,-0.0,0.18471,1.62
2024-07-15,bab,sell,-0.0016,0.18813,801.35
2024-07-16,volprem,buy,0.00223,0.47619,1114.12
2024-07-16,xs_momentum,sell,-0.0028,0.22166,1400.5
2024-07-16,breakout,sell,-0.02926,0.32955,14628.69
2024-07-16,crisis,sell,-0.00358,0.03803,1788.3
2024-07-16,gmacro,sell,-0.00209,0.18262,1043.06
2024-07-16,bab,buy,0.00014,0.18828,72.18
2024-07-17,xs_momentum,sell,-0.00034,0.22132,172.44
2024-07-17,breakout,sell,-0.00245,0.3271,1225.55
2024-07-17,crisis,sell,-0.00103,0.037,514.13
2024-07-17,gmacro,sell,-5e-05,0.18257,25.68
2024-07-17,bab,buy,0.00173,0.19,864.13
2024-07-18,volprem,sell,-0.01289,0.4633,6444.47
2024-07-18,xs_momentum,sell,-0.02135,0.19997,10675.25
2024-07-18,breakout,sell,-0.00978,0.31732,4890.24
2024-07-18,crisis,buy,0.01949,0.05649,9745.16
2024-07-18,gmacro,sell,-0.00735,0.17523,3672.71
2024-07-18,bab,sell,-0.00843,0.18158,4213.98
2024-07-19,volprem,sell,-0.02975,0.43355,14874.14
2024-07-19,xs_momentum,sell,-0.00998,0.18998,4991.3
2024-07-19,breakout,sell,-0.01633,0.30099,8162.86
2024-07-19,crisis,buy,0.04609,0.10259,23046.52
2024-07-19,gmacro,sell,-0.01555,0.15968,7773.31
2024-07-19,bab,sell,-0.01502,0.16656,7507.62
2024-07-20,volprem,sell,-0.00047,0.43309,233.91
2024-07-20,xs_momentum,buy,0.00017,0.19016,86.77
2024-07-20,breakout,sell,-0.00039,0.3006,196.67
2024-07-20,crisis,buy,0.0022,0.10478,1097.54
2024-07-20,gmacro,sell,-0.00017,0.15951,86.15
2024-07-20,bab,buy,0.00031,0.16687,155.65
2024-07-21,xs_momentum,sell,-0.00042,0.18973,211.75
2024-07-21,breakout,sell,-0.00101,0.29959,506.04
2024-07-21,crisis,buy,4e-05,0.10483,22.05
2024-07-21,gmacro,buy,0.00029,0.1598,144.42
2024-07-21,bab,buy,0.00016,0.16703,80.08
2024-07-22,xs_momentum,buy,0.00206,0.19179,1030.53
2024-07-22,breakout,buy,0.00021,0.2998,104.76
2024-07-22,crisis,buy,0.00074,0.10557,369.92
2024-07-22,gmacro,sell,-0.0,0.15979,1.55
2024-07-22,bab,buy,0.00201,0.16904,1003.25
2024-07-23,volprem,buy,0.02377,0.45686,11885.12
2024-07-23,xs_momentum,buy,0.00981,0.20161,4905.8
2024-07-23,breakout,buy,0.02154,0.32134,10768.86
2024-07-23,crisis,sell,-0.03696,0.06861,18479.19
2024-07-23,gmacro,buy,0.00714,0.16694,3572.12
2024-07-23,bab,buy,0.00924,0.17828,4620.32
2024-07-24,volprem,buy,0.0015,0.45835,748.0
2024-07-24,xs_momentum,buy,0.00018,0.20178,88.1
2024-07-24,breakout,sell,-0.00411,0.31722,2057.2
2024-07-24,crisis,sell,-0.00223,0.06638,1113.09
2024-07-24,gmacro,sell,-0.00023,0.16671,114.64
2024-07-24,bab,buy,0.00043,0.1787,212.56
2024-07-25,volprem,sell,-0.03512,0.42323,17562.15
2024-07-25,xs_momentum,sell,-0.0153,0.18648,7650.72
2024-07-25,breakout,sell,-0.02431,0.29291,12154.61
2024-07-25,crisis,buy,0.05717,0.12355,28584.78
2024-07-25,gmacro,sell,-0.01219,0.15451,6097.32
2024-07-25,bab,sell,-0.01494,0.16377,7469.5
2024-07-26,volprem,sell,-0.00522,0.41801,2610.95
2024-07-26,xs_momentum,sell,-0.00145,0.18503,723.64
2024-07-26,breakout,sell,-0.00377,0.28915,1882.8
2024-07-26,crisis,buy,0.01081,0.13436,5406.86
2024-07-26,gmacro,sell,-0.00668,0.14784,3338.55
2024-07-26,bab,sell,-0.00339,0.16037,1696.59
2024-07-27,volprem,buy,0.02272,0.44073,11359.93
2024-07-27,xs_momentum,buy,0.01039,0.19542,5193.87
2024-07-27,breakout,buy,0.008,0.29714,3998.26
2024-07-27,crisis,sell,-0.03824,0.09612,19121.87
2024-07-27,gmacro,buy,0.00804,0.15587,4017.66
2024-07-27,bab,buy,0.0076,0.16797,3799.37
2024-07-28,xs_momentum,buy,0.00066,0.19608,328.19
2024-07-28,breakout,buy,0.00092,0.29806,461.12
2024-07-28,crisis,buy,8e-05,0.0962,38.64
2024-07-28,gmacro,buy,0.00337,0.15924,1685.1
2024-07-28,bab,buy,0.00235,0.17032,1174.98
2024-07-29,xs_momentum,buy,0.00015,0.19623,76.9
2024-07-29,breakout,buy,0.00218,0.30025,1091.42
2024-07-29,crisis,buy,0.0002,0.0964,102.1
2024-07-29,gmacro,sell,-0.00241,0.15683,1204.51
2024-07-29,bab,sell,-0.00043,0.1699,212.54
2024-07-30,volprem,sell,-0.01054,0.43019,5267.57
2024-07-30,xs_momentum,sell,-0.00242,0.19381,1210.03
2024-07-30,breakout,buy,0.00052,0.30077,259.83
2024-07-30,crisis,buy,0.0188,0.1152,9400.27
2024-07-30,gmacro,sell,-0.00387,0.15296,1934.37
2024-07-30,bab,sell,-0.00351,0.16638,1756.72
2024-07-31,volprem,sell,-0.00898,0.42121,4489.59
2024-07-31,xs_momentum,sell,-0.00257,0.19125,1282.73
2024-07-31,breakout,sell,-0.00325,0.29752,1623.2
2024-07-31,crisis,buy,0.01432,0.12953,7161.42
2024-07-31,gmacro,sell,-0.00608,0.14688,3041.37
2024-07-31,bab,sell,-0.00405,0.16233,2024.36
2024-08-01,volprem,buy,0.01103,0.43224,5515.94
2024-08-01,xs_momentum,buy,0.00424,0.19549,2121.13
2024-08-01,breakout,buy,0.00756,0.30508,3778.55
2024-08-01,crisis,sell,-0.01815,0.11138,9074.35
2024-08-01,gmacro,sell,-0.00167,0.14521,835.31
2024-08-01,bab,buy,0.00427,0.16661,2136.5
2024-08-02,volprem,sell,-0.00444,0.4278,2222.08
2024-08-02,xs_momentum,buy,0.00079,0.19627,392.61
2024-08-02,breakout,sell,-0.00325,0.30183,1626.22
2024-08-02,crisis,buy,0.00717,0.11855,3586.92
2024-08-02,gmacro,sell,-0.00358,0.14164,1787.6
2024-08-02,bab,sell,-0.00172,0.16489,859.66
2024-08-03,volprem,sell,-0.01804,0.40976,9021.14
2024-08-03,xs_momentum,sell,-0.00674,0.18953,3369.33
2024-08-03,breakout,sell,-0.01402,0.28781,7008.09
2024-08-03,crisis,buy,0.02392,0.14247,11958.15
2024-08-03,gmacro,sell,-0.00597,0.13566,2986.71
2024-08-03,bab,sell,-0.0122,0.15269,6097.55
2024-08-04,xs_momentum,buy,0.00025,0.18978,125.16
2024-08-04,breakout,sell,-0.0075,0.28031,3751.76
2024-08-04,crisis,buy,0.0,0.14247,1.84
2024-08-04,gmacro,sell,-0.0029,0.13276,1449.01
2024-08-04,bab,buy,0.00069,0.15338,346.27
2024-08-05,xs_momentum,buy,0.00115,0.19094,575.27
2024-08-05,breakout,buy,0.00053,0.28084,265.32
2024-08-05,crisis,sell,-0.00049,0.14198,242.83
2024-08-05,gmacro,sell,-5e-05,0.13271,25.43
2024-08-05,bab,sell,-0.00304,0.15035,1519.39
2024-08-06,volprem,sell,-0.02514,0.38462,12570.53
2024-08-06,xs_momentum,sell,-0.01429,0.17664,7145.9
2024-08-06,breakout,sell,-0.01762,0.26322,8809.51
2024-08-06,crisis,buy,0.03878,0.18077,19390.33
2024-08-06,gmacro,sell,-0.01035,0.12236,5176.99
2024-08-06,bab,sell,-0.01579,0.13456,7893.67
2024-08-07,volprem,buy,0.00728,0.3919,3642.48
2024-08-07,xs_momentum,buy,0.00347,0.18011,1734.15
2024-08-07,breakout,buy,0.00057,0.26378,283.51
2024-08-07,crisis,sell,-0.01008,0.17068,5041.79
2024-08-07,gmacro,buy,0.00233,0.12468,1162.66
2024-08-07,bab,buy,0.00206,0.13662,1028.43
2024-08-08,volprem,buy,0.00227,0.39417,1133.11
2024-08-08,xs_momentum,buy,0.00086,0.18097,429.27
2024-08-08,breakout,buy,0.00097,0.26476,486.19
2024-08-08,crisis,sell,-0.0018,0.16888,900.58
2024-08-08,gmacro,sell,-0.0067,0.11798,3351.03
2024-08-08,bab,sell,-0.00318,0.13344,1588.89
2024-08-09,volprem,buy,0.02488,0.41905,12440.37
2024-08-09,xs_momentum,buy,0.01101,0.19198,5506.49
2024-08-09,breakout,buy,0.00808,0.27283,4038.01
2024-08-09,crisis,sell,-0.03991,0.12897,19957.17
2024-08-09,gmacro,buy,0.00834,0.12632,4171.16
2024-08-09,bab,buy,0.00456,0.138,2280.88
2024-08-10,volprem,buy,0.0092,0.42825,4601.07
2024-08-10,xs_momentum,buy,0.00406,0.19604,2030.13
2024-08-10,breakout,buy,0.00628,0.27911,3137.77
2024-08-10,crisis,sell,-0.01458,0.11438,7292.12
2024-08-10,gmacro,buy,0.00277,0.1291,1387.02
2024-08-10,bab,buy,0.00254,0.14054,1269.94
2024-08-11,xs_momentum,buy,0.00024,0.19628,117.91
2024-08-11,breakout,buy,0.00061,0.27972,306.24
2024-08-11,crisis,buy,1e-05,0.11439,5.29
2024-08-11,gmacro,sell,-6e-05,0.12903,32.13
2024-08-11,bab,buy,0.00127,0.14181,633.63
2024-08-12,xs_momentum,buy,0.00091,0.19719,453.85
2024-08-12,breakout,buy,0.00066,0.28038,328.25
2024-08-12,crisis,sell,-5e-05,0.11434,26.07
2024-08-12,gmacro,sell,-1e-05,0.12902,4.94
2024-08-12,bab,buy,0.00216,0.14397,1080.69
2024-08-13,volprem,buy,0.00038,0.42863,189.58
2024-08-13,xs_momentum,buy,0.00024,0.19743,119.55
2024-08-13,breakout,sell,-0.0047,0.27567,2351.19
2024-08-13,crisis,sell,-0.00048,0.11386,238.49
2024-08-13,gmacro,buy,0.0,0.12903,1.51
2024-08-13,bab,buy,0.00015,0.14412,75.13
2024-08-14,volprem,buy,0.01222,0.44085,6112.1
2024-08-14,xs_momentum,buy,0.00601,0.20344,3006.02
2024-08-14,breakout,buy,0.01284,0.28851,6419.04
2024-08-14,crisis,sell,-0.01922,0.09464,9611.98
2024-08-14,gmacro,sell,-0.00037,0.12866,185.88
2024-08-14,bab,buy,0.00374,0.14786,1870.34
2024-08-15,volprem,buy,0.00247,0.44332,1232.62
2024-08-15,xs_momentum,buy,0.00094,0.20438,471.01
2024-08-15,breakout,sell,-0.00098,0.28753,492.22
2024-08-15,crisis,sell,-0.00361,0.09103,1806.5
2024-08-15,gmacro,buy,0.0014,0.13005,699.13
2024-08-15,bab,buy,0.00096,0.14882,481.98
2024-08-16,volprem,buy,0.01394,0.45725,6967.98
2024-08-16,xs_momentum,buy,0.00693,0.21131,3466.19
2024-08-16,breakout,buy,0.00767,0.2952,3833.61
2024-08-16,crisis,sell,-0.02277,0.06826,11384.19
2024-08-16,gmacro,buy,0.00447,0.13452,2233.86
2024-08-16,bab,buy,0.00506,0.15389,2531.36
2024-08-17,volprem,buy,0.00192,0.45917,960.22
2024-08-17,xs_momentum,buy,0.00059,0.21191,297.33
2024-08-17,breakout,buy,0.00882,0.30402,4410.65
2024-08-17,crisis,sell,-0.00305,0.06521,1525.35
2024-08-17,gmacro,buy,0.00056,0.13509,282.49
2024-08-17,bab,buy,0.0063,0.16019,3152.02
2024-08-18,xs_momentum,buy,0.0046,0.21651,2299.28
2024-08-18,breakout,buy,0.03087,0.33489,15436.08
2024-08-18,crisis,buy,0.0009,0.06611,449.1
2024-08-18,bab,sell,-0.0,0.16019,1.0
2024-08-19,xs_momentum,buy,0.00418,0.22068,2088.88
2024-08-19,breakout,buy,0.00082,0.33571,411.53
2024-08-19,crisis,buy,0.00021,0.06632,107.16
2024-08-19,gmacro,sell,-0.00233,0.13275,1166.4
2024-08-19,bab,buy,0.00024,0.16043,119.59
2024-08-20,volprem,buy,0.00839,0.46757,4196.77
2024-08-20,xs_momentum,buy,0.00634,0.22703,3171.93
2024-08-20,breakout,buy,0.00804,0.34376,4021.32
2024-08-20,crisis,sell,-0.01345,0.05287,6725.75
2024-08-20,gmacro,buy,0.00238,0.13514,1192.33
2024-08-20,bab,buy,0.00159,0.16202,795.51
2024-08-21,volprem,sell,-0.00146,0.46611,731.44
2024-08-21,xs_momentum,buy,0.00084,0.22787,419.36
2024-08-21,breakout,sell,-0.00097,0.34279,483.53
2024-08-21,crisis,buy,0.00242,0.05529,1212.39
2024-08-21,gmacro,sell,-0.00033,0.1348,166.96
2024-08-21,bab,sell,-0.0017,0.16032,850.97
2024-08-22,volprem,buy,0.0031,0.4692,1548.68
2024-08-22,xs_momentum,buy,0.01564,0.2435,7818.25
2024-08-22,breakout,buy,0.00286,0.34565,1430.47
2024-08-22,crisis,sell,-0.00469,0.0506,2345.04
2024-08-22,gmacro,buy,0.00095,0.13575,473.34
2024-08-22,bab,buy,0.001,0.16131,498.94
2024-08-23,volprem,sell,-0.00704,0.46216,3519.09
2024-08-23,xs_momentum,sell,-0.00212,0.24138,1059.36
2024-08-23,breakout,sell,-0.00744,0.33821,3721.8
2024-08-23,crisis,buy,0.01212,0.06273,6061.42
2024-08-23,gmacro,sell,-0.00427,0.13149,2132.66
2024-08-23,bab,sell,-0.00239,0.15892,1196.68
2024-08-24,volprem,buy,0.0095,0.47167,4751.6
2024-08-24,xs_momentum,buy,0.002,0.24339,1002.28
2024-08-24,breakout,sell,-0.00451,0.33369,2256.41
2024-08-24,crisis,sell,-0.01567,0.04705,7837.15
2024-08-24,gmacro,buy,0.0027,0.13419,1351.83
2024-08-24,bab,buy,0.01303,0.17195,6514.85
2024-08-25,xs_momentum,buy,0.00768,0.25107,3838.22
2024-08-25,breakout,sell,-0.00107,0.33262,535.23
2024-08-25,crisis,buy,0.00015,0.0472,75.81
2024-08-25,bab,sell,-0.00256,0.16939,1281.0
2024-08-26,xs_momentum,sell,-0.0002,0.25087,99.61
2024-08-26,breakout,sell,-0.00153,0.33109,765.49
2024-08-26,crisis,buy,2e-05,0.04723,12.09
2024-08-26,gmacro,sell,-0.0022,0.13199,1100.28
2024-08-26,bab,sell,-0.00011,0.16927,57.21
2024-08-27,volprem,sell,-0.00219,0.46948,1094.41
2024-08-27,xs_momentum,sell,-0.00201,0.24886,1004.22
2024-08-27,breakout,sell,-0.00291,0.32818,1455.58
2024-08-27,crisis,buy,0.00373,0.05096,1866.51
2024-08-27,gmacro,sell,-0.00076,0.13123,378.49
2024-08-27,bab,sell,-0.00081,0.16847,404.15
2024-08-28,volprem,buy,0.00126,0.47073,627.64
2024-08-28,xs_momentum,sell,-0.00068,0.24818,337.71
2024-08-28,breakout,sell,-0.00114,0.32704,571.57
2024-08-28,crisis,sell,-0.00212,0.04884,1058.13
2024-08-28,gmacro,buy,0.00034,0.13157,169.36
2024-08-28,bab,sell,-0.00015,0.16831,77.22
2024-08-29,volprem,sell,-0.00527,0.46546,2634.51
2024-08-29,xs_momentum,sell,-0.00243,0.24576,1213.15
2024-08-29,breakout,sell,-0.00348,0.32356,1738.9
2024-08-29,crisis,buy,0.00872,0.05757,4361.19
2024-08-29,gmacro,sell,-0.00194,0.12963,969.9
2024-08-29,bab,sell,-0.0027,0.16561,1348.41
2024-08-30,volprem,buy,8e-05,0.46554,39.95
2024-08-30,xs_momentum,buy,0.00252,0.24827,1257.99
2024-08-30,breakout,sell,-0.00068,0.32288,338.94
2024-08-30,crisis,buy,0.0045,0.06207,2252.11
2024-08-30,gmacro,sell,-0.00071,0.12893,352.77
2024-08-30,bab,buy,4e-05,0.16565,18.46
2024-08-31,volprem,buy,0.00868,0.47422,4340.02
2024-08-31,xs_momentum,buy,0.00491,0.25318,2455.83
2024-08-31,breakout,buy,0.01186,0.33474,5928.91
2024-08-31,crisis,sell,-0.01563,0.04644,7813.73
2024-08-31,gmacro,buy,0.0024,0.13133,1201.9
2024-08-31,bab,buy,0.0031,0.16875,1548.49
2024-09-01,xs_momentum,sell,-0.00619,0.24699,3094.36
2024-09-01,breakout,sell,-0.00038,0.33436,191.59
2024-09-01,crisis,buy,1e-05,0.04646,7.28
2024-09-01,gmacro,sell,-4e-05,0.13129,20.58
2024-09-01,bab,sell,-8e-05,0.16867,41.14
2024-09-02,xs_momentum,sell,-0.0051,0.24189,2550.35
2024-09-02,breakout,sell,-0.00168,0.33268,838.55
2024-09-02,crisis,buy,0.001,0.04746,501.16
2024-09-02,gmacro,buy,0.00072,0.132,358.54
2024-09-02,bab,sell,-0.00079,0.16788,394.74
2024-09-03,xs_momentum,sell,-0.00222,0.23968,1108.92
2024-09-03,breakout,sell,-0.00276,0.32992,1379.36
2024-09-03,crisis,buy,0.00335,0.05081,1676.19
2024-09-03,gmacro,sell,-0.0005,0.13151,248.71
2024-09-03,bab,buy,0.00048,0.16836,242.36
2024-09-04,volprem,sell,-0.03617,0.43806,18082.76
2024-09-04,xs_momentum,sell,-0.02124,0.21844,10618.75
2024-09-04,breakout,sell,-0.02077,0.30915,10385.06
2024-09-04,crisis,buy,0.0732,0.12401,36597.81
2024-09-04,gmacro,sell,-0.01044,0.12107,5219.84
2024-09-04,bab,sell,-0.01601,0.15235,8004.46
2024-09-05,volprem,sell,-0.00704,0.43102,3517.77
2024-09-05,xs_momentum,sell,-0.00178,0.21666,890.87
2024-09-05,breakout,buy,0.00369,0.31284,1847.2
2024-09-05,crisis,buy,0.02688,0.15089,13439.01
2024-09-05,gmacro,sell,-0.00186,0.11921,929.1
2024-09-05,bab,sell,-0.00288,0.14947,1440.64
2024-09-06,volprem,buy,0.00964,0.44067,4820.89
2024-09-06,xs_momentum,buy,0.00639,0.22304,3192.82
2024-09-06,breakout,buy,0.00388,0.31672,1937.94
2024-09-06,crisis,sell,-0.01571,0.13517,7856.59
2024-09-06,gmacro,buy,0.01167,0.13088,5837.38
2024-09-06,bab,buy,0.00349,0.15296,1742.92
2024-09-07,volprem,sell,-0.0206,0.42007,10298.44
2024-09-07,xs_momentum,sell,-0.00994,0.2131,4972.35
2024-09-07,breakout,sell,-0.01538,0.30134,7687.64
2024-09-07,crisis,buy,0.04701,0.18218,23505.08
2024-09-07,gmacro,sell,-0.00612,0.12477,3058.79
2024-09-07,bab,sell,-0.00915,0.14381,4574.77
2024-09-08,xs_momentum,sell,-0.00637,0.20673,3184.14
2024-09-08,breakout,buy,0.00461,0.30595,2303.36
2024-09-08,crisis,sell,-0.00411,0.17807,2057.02
2024-09-08,gmacro,buy,0.00086,0.12563,430.01
2024-09-08,bab,sell,-0.00054,0.14327,267.81
2024-09-09,xs_momentum,buy,0.0021,0.20883,1052.49
2024-09-09,breakout,sell,-0.00328,0.30267,1641.33
2024-09-09,crisis,buy,5e-05,0.17812,24.5
2024-09-09,gmacro,buy,0.00183,0.12745,912.89
2024-09-09,bab,sell,-7e-05,0.1432,35.36
2024-09-10,volprem,buy,0.02714,0.44721,13569.65
2024-09-10,xs_momentum,buy,0.01403,0.22287,7016.59
2024-09-10,breakout,buy,0.01247,0.31514,6234.87
2024-09-10,crisis,sell,-0.0616,0.11652,30801.01
2024-09-10,gmacro,buy,0.00829,0.13574,4144.16
2024-09-10,bab,buy,0.00817,0.15137,4086.81
2024-09-11,volprem,buy,0.00354,0.45075,1769.45
2024-09-11,xs_momentum,sell,-0.00015,0.22272,73.32
2024-09-11,breakout,buy,0.00431,0.31945,2155.32
2024-09-11,crisis,sell,-0.00796,0.10855,3981.26
2024-09-11,gmacro,sell,-0.00188,0.13387,937.66
2024-09-11,bab,buy,0.00066,0.15203,327.7
2024-09-12,volprem,buy,0.0086,0.45935,4299.31
2024-09-12,xs_momentum,buy,0.01256,0.23528,6278.23
2024-09-12,breakout,sell,-0.00418,0.31527,2087.74
2024-09-12,crisis,sell,-0.01858,0.08998,9289.06
2024-09-12,gmacro,buy,0.00148,0.13535,740.3
2024-09-12,bab,buy,0.00808,0.16011,4040.85
2024-09-13,volprem,buy,0.00739,0.46673,3692.71
2024-09-13,xs_momentum,buy,0.01159,0.24687,5796.1
2024-09-13,breakout,buy,0.00507,0.32034,2534.37
2024-09-13,crisis,sell,-0.01702,0.07296,8509.01
2024-09-13,gmacro,sell,-0.00279,0.13256,1394.19
2024-09-13,bab,buy,0.00396,0.16407,1979.29
2024-09-14,volprem,buy,0.00474,0.47147,2369.84
2024-09-14,xs_momentum,buy,0.00435,0.25122,2174.83
2024-09-14,breakout,buy,0.0291,0.34944,14550.97
2024-09-14,crisis,sell,-0.01039,0.06257,5193.78
2024-09-14,gmacro,buy,0.00135,0.1339,673.07
2024-09-14,bab,buy,0.00176,0.16583,880.85
2024-09-15,xs_momentum,sell,-0.00077,0.25045,385.14
2024-09-15,breakout,buy,0.00527,0.35472,2636.02
2024-09-15,crisis,buy,0.0038,0.06637,1901.25
2024-09-15,gmacro,buy,0.0001,0.13401,51.1
2024-09-15,bab,buy,0.00024,0.16607,121.65
2024-09-16,xs_momentum,buy,0.02384,0.27429,11920.0
2024-09-16,breakout,buy,0.00068,0.35539,338.95
2024-09-16,crisis,buy,0.0015,0.06787,748.44
2024-09-16,gmacro,buy,3e-05,0.13404,16.07
2024-09-16,bab,buy,0.00262,0.1687,1311.46
2024-09-17,volprem,buy,0.00136,0.47284,682.45
2024-09-17,xs_momentum,sell,-0.00097,0.27332,484.86
2024-09-17,breakout,buy,9e-05,0.35548,42.62
2024-09-17,crisis,sell,-0.0022,0.06567,1098.83
2024-09-17,gmacro,buy,8e-05,0.13412,39.7
2024-09-17,bab,buy,0.00363,0.17233,1814.83
2024-09-18,volprem,buy,0.00038,0.47322,189.79
2024-09-18,xs_momentum,buy,0.00198,0.2753,991.33
2024-09-18,breakout,sell,-0.00302,0.35246,1507.91
2024-09-18,crisis,sell,-0.00065,0.06502,325.76
2024-09-18,gmacro,sell,-0.00016,0.13396,77.86
2024-09-18,bab,buy,0.0006,0.17293,302.36
2024-09-19,volprem,sell,-0.00274,0.47047,1371.27
2024-09-19,xs_momentum,sell,-0.00041,0.2749,202.78
2024-09-19,breakout,sell,-0.00221,0.35025,1106.67
2024-09-19,crisis,buy,0.00624,0.07126,3117.9
2024-09-19,gmacro,sell,-0.00073,0.13323,364.77
2024-09-19,bab,sell,-0.00033,0.1726,165.62
2024-09-20,volprem,buy,0.00572,0.47619,2858.94
2024-09-20,xs_momentum,buy,0.0033,0.27819,1648.05
2024-09-20,breakout,sell,-0.00031,0.34994,156.57
2024-09-20,crisis,sell,-0.01381,0.05745,6904.74
2024-09-20,gmacro,buy,0.0023,0.13554,1151.3
2024-09-20,bab,buy,0.00209,0.17469,1046.59
2024-09-21,volprem,sell,-0.00447,0.47172,2237.48
2024-09-21,xs_momentum,sell,-0.0014,0.27679,700.64
2024-09-21,breakout,buy,0.0025,0.35244,1249.51
2024-09-21,crisis,buy,0.01091,0.06836,5454.75
2024-09-21,gmacro,sell,-0.00127,0.13426,636.84
2024-09-21,bab,buy,0.00023,0.17493,116.9
2024-09-22,xs_momentum,buy,0.00051,0.2773,256.35
2024-09-22,breakout,buy,0.00714,0.35958,3569.6
2024-09-22,crisis,sell,-0.00164,0.06671,821.02
2024-09-22,gmacro,buy,0.00026,0.13452,128.76
2024-09-22,bab,buy,0.0002,0.17513,101.53
2024-09-23,xs_momentum,sell,-0.00913,0.26817,4566.92
2024-09-23,breakout,sell,-0.01302,0.34656,6508.46
2024-09-23,crisis,buy,0.00047,0.06718,233.92
2024-09-23,gmacro,buy,0.00021,0.13473,103.43
2024-09-23,bab,buy,0.00203,0.17716,1015.98
2024-09-24,volprem,buy,0.00232,0.47403,1158.53
2024-09-24,xs_momentum,buy,0.00141,0.26958,702.95
2024-09-24,breakout,sell,-0.00432,0.34223,2161.89
2024-09-24,crisis,sell,-0.00534,0.06184,2668.79
2024-09-24,gmacro,buy,0.00068,0.13541,340.87
2024-09-24,bab,buy,0.00241,0.17957,1203.6
2024-09-25,volprem,buy,0.00216,0.47619,1078.94
2024-09-25,xs_momentum,sell,-0.00016,0.26942,78.85
2024-09-25,breakout,buy,0.01021,0.35244,5103.7
2024-09-25,crisis,sell,-0.00469,0.05716,2343.57
2024-09-25,gmacro,sell,-0.006,0.12941,2998.89
2024-09-25,bab,buy,0.00037,0.17994,184.53
2024-09-26,volprem,sell,-0.00207,0.47412,1037.37
2024-09-26,xs_momentum,buy,0.00047,0.26989,236.72
2024-09-26,breakout,sell,-0.00677,0.34567,3386.43
2024-09-26,crisis,buy,0.00448,0.06163,2238.47
2024-09-26,gmacro,buy,0.00042,0.12983,209.05
2024-09-26,bab,sell,-0.00103,0.17891,516.07
2024-09-27,volprem,buy,0.00207,0.47619,1037.37
2024-09-27,xs_momentum,sell,-0.00279,0.2671,1397.22
2024-09-27,breakout,sell,-0.00296,0.34271,1477.84
2024-09-27,crisis,sell,-0.00623,0.0554,3115.51
2024-09-27,gmacro,sell,-0.0027,0.12713,1349.36
2024-09-27,bab,buy,0.00097,0.17988,484.75
2024-09-28,volprem,sell,-0.00137,0.47482,683.18
2024-09-28,xs_momentum,sell,-0.003,0.26409,1502.04
2024-09-28,breakout,sell,-0.0061,0.33661,3050.08
2024-09-28,crisis,buy,0.00323,0.05864,1616.37
2024-09-28,gmacro,sell,-0.00036,0.12676,182.39
2024-09-28,bab,sell,-0.00072,0.17916,357.68
2024-09-29,xs_momentum,buy,0.00027,0.26437,137.47
2024-09-29,breakout,buy,0.00037,0.33699,185.96
2024-09-29,crisis,buy,0.00057,0.05921,286.56
2024-09-29,gmacro,sell,-3e-05,0.12673,15.46
2024-09-29,bab,buy,0.00106,0.18022,529.83
2024-09-30,xs_momentum,buy,0.00217,0.26654,1086.04
2024-09-30,breakout,buy,0.0009,0.33789,450.55
2024-09-30,crisis,sell,-0.00014,0.05907,71.5
2024-09-30,gmacro,buy,0.00143,0.12817,717.22
2024-09-30,bab,buy,0.00047,0.18069,235.75
2024-10-01,volprem,buy,0.00137,0.47619,683.18
2024-10-01,xs_momentum,sell,-0.00032,0.26622,157.83
2024-10-01,breakout,buy,0.00054,0.33843,272.3
2024-10-01,crisis,sell,-0.0049,0.05416,2452.33
2024-10-01,gmacro,sell,-0.00079,0.12738,396.28
2024-10-01,bab,sell,-0.00151,0.17918,756.49
2024-10-02,volprem,sell,-0.01605,0.46014,8024.09
2024-10-02,xs_momentum,sell,-0.00942,0.2568,4710.68
2024-10-02,breakout,sell,-0.01632,0.32211,8161.66
2024-10-02,crisis,buy,0.04389,0.09805,21944.44
2024-10-02,gmacro,sell,-0.0049,0.12248,2449.15
2024-10-02,bab,buy,0.00045,0.17962,222.54
2024-10-03,volprem,buy,0.00288,0.46302,1438.44
2024-10-03,xs_momentum,buy,0.00068,0.25748,340.44
2024-10-03,breakout,buy,0.01111,0.33322,5556.39
2024-10-03,crisis,sell,-0.00707,0.09098,3535.01
2024-10-03,gmacro,buy,0.00155,0.12403,774.31
2024-10-03,bab,buy,0.0024,0.18203,1200.4
2024-10-04,volprem,sell,-0.02008,0.44294,10040.5
2024-10-04,xs_momentum,sell,-0.01006,0.24743,5029.02
2024-10-04,breakout,sell,-0.01504,0.31818,7519.29
2024-10-04,crisis,buy,0.0508,0.14178,25397.88
2024-10-04,gmacro,sell,-0.00781,0.11622,3903.14
2024-10-04,bab,sell,-0.00518,0.17685,2589.9
2024-10-05,volprem,buy,0.01142,0.45436,5711.96
2024-10-05,xs_momentum,buy,0.00946,0.25689,4731.6
2024-10-05,breakout,buy,0.00825,0.32643,4125.46
2024-10-05,crisis,sell,-0.02693,0.11484,13466.68
2024-10-05,gmacro,buy,0.003,0.11922,1498.72
2024-10-05,bab,buy,0.01713,0.19397,8563.2
2024-10-06,xs_momentum,sell,-0.00102,0.25587,508.5
2024-10-06,breakout,buy,0.00483,0.33126,2413.45
2024-10-06,crisis,buy,0.00069,0.11553,344.21
2024-10-06,gmacro,sell,-4e-05,0.11918,17.82
2024-10-06,bab,buy,0.00112,0.19509,558.47
2024-10-07,xs_momentum,sell,-0.01267,0.2432,6335.44
2024-10-07,breakout,buy,0.00109,0.33235,545.44
2024-10-07,crisis,buy,0.00735,0.12288,3674.03
2024-10-07,gmacro,buy,0.00198,0.12116,989.59
2024-10-07,bab,buy,0.00623,0.20131,3112.59
2024-10-08,volprem,sell,-0.04465,0.40972,22322.73
2024-10-08,xs_momentum,sell,-0.02339,0.21981,11695.25
2024-10-08,breakout,sell,-0.02169,0.31066,10846.18
2024-10-08,crisis,buy,0.12973,0.25261,64866.23
2024-10-08,gmacro,sell,-0.01191,0.10925,5956.39
2024-10-08,bab,sell,-0.01195,0.18937,5973.7
2024-10-09,volprem,buy,0.00387,0.41359,1937.5
2024-10-09,xs_momentum,buy,0.00267,0.22248,1333.44
2024-10-09,breakout,sell,-0.00019,0.31047,95.44
2024-10-09,crisis,sell,-0.01753,0.23508,8764.59
2024-10-09,gmacro,sell,-0.00067,0.10858,333.18
2024-10-09,bab,buy,0.00029,0.18966,147.24
2024-10-10,volprem,sell,-0.00128,0.41231,641.08
2024-10-10,xs_momentum,sell,-0.00124,0.22124,619.81
2024-10-10,breakout,sell,-0.00285,0.30762,1425.61
2024-10-10,crisis,buy,0.00349,0.23857,1743.75
2024-10-10,gmacro,sell,-0.00031,0.10827,156.58
2024-10-10,bab,buy,0.00089,0.19055,443.69
2024-10-11,volprem,buy,0.00107,0.41338,537.02
2024-10-11,xs_momentum,buy,0.00041,0.22165,203.62
2024-10-11,breakout,buy,0.00528,0.3129,2642.04
2024-10-11,crisis,sell,-0.00243,0.23614,1216.44
2024-10-11,gmacro,buy,0.00101,0.10928,505.44
2024-10-11,bab,buy,0.00039,0.19094,195.61
2024-10-12,volprem,buy,0.00615,0.41954,3076.56
2024-10-12,xs_momentum,sell,-0.00452,0.21712,2262.23
2024-10-12,breakout,buy,0.01355,0.32645,6773.19
2024-10-12,crisis,sell,-0.0208,0.21534,10397.59
2024-10-12,gmacro,buy,0.00509,0.11437,2544.87
2024-10-12,bab,buy,0.00193,0.19286,962.69
2024-10-13,xs_momentum,sell,-0.01391,0.20321,6953.49
2024-10-13,breakout,buy,0.00072,0.32717,360.18
2024-10-13,crisis,sell,-0.00858,0.20676,4289.74
2024-10-13,gmacro,buy,0.00162,0.11599,811.85
2024-10-13,bab,buy,0.00136,0.19423,681.12
2024-10-14,xs_momentum,sell,-0.00027,0.20294,136.87
2024-10-14,breakout,buy,0.00382,0.33098,1907.98
2024-10-14,crisis,sell,-0.00023,0.20653,117.1
2024-10-14,gmacro,buy,0.00186,0.11785,930.04
2024-10-14,bab,sell,-0.00044,0.19378,221.81
2024-10-15,volprem,buy,0.00352,0.42306,1759.9
2024-10-15,xs_momentum,sell,-0.00063,0.20231,317.48
2024-10-15,breakout,buy,0.00565,0.33663,2825.84
2024-10-15,crisis,sell,-0.00668,0.19985,3340.23
2024-10-15,gmacro,buy,0.00087,0.11873,436.37
2024-10-15,bab,buy,0.00168,0.19546,839.93
2024-10-16,volprem,sell,-0.00772,0.41534,3860.49
2024-10-16,xs_momentum,sell,-0.0038,0.19851,1897.58
2024-10-16,breakout,sell,-0.02512,0.31152,12558.56
2024-10-16,crisis,buy,0.01291,0.21276,6454.74
2024-10-16,gmacro,sell,-0.00034,0.11838,171.24
2024-10-16,bab,sell,-0.00368,0.19178,1842.14
2024-10-17,volprem,buy,0.0172,0.43254,8600.65
2024-10-17,xs_momentum,buy,0.00816,0.20667,4078.45
2024-10-17,breakout,buy,0.01378,0.3253,6890.73
2024-10-17,crisis,sell,-0.04467,0.16808,22335.93
2024-10-17,gmacro,buy,0.00481,0.12319,2404.2
2024-10-17,bab,buy,0.00343,0.19521,1714.27
2024-10-18,volprem,sell,-0.00067,0.43186,336.74
2024-10-18,xs_momentum,sell,-0.00048,0.20619,239.76
2024-10-18,breakout,sell,-0.00057,0.32473,285.79
2024-10-18,crisis,buy,0.00133,0.16941,664.69
2024-10-18,gmacro,buy,0.00751,0.1307,3754.68
2024-10-18,bab,sell,-0.0,0.1952,1.98
2024-10-19,volprem,buy,0.0162,0.44806,8098.81
2024-10-19,xs_momentum,buy,0.00692,0.21311,3459.32
2024-10-19,breakout,buy,0.01067,0.3354,5335.15
2024-10-19,crisis,sell,-0.042,0.12742,20998.52
2024-10-19,gmacro,buy,0.00832,0.13902,4162.1
2024-10-19,bab,buy,0.01254,0.20775,6271.68
2024-10-20,xs_momentum,sell,-0.00992,0.20318,4962.47
2024-10-20,breakout,buy,0.00062,0.33602,309.53
2024-10-20,crisis,buy,0.00034,0.12776,168.86
2024-10-20,gmacro,buy,0.00041,0.13943,202.74
2024-10-20,bab,buy,0.00229,0.21004,1147.45
2024-10-21,xs_momentum,sell,-0.01351,0.18967,6754.53
2024-10-21,breakout,sell,-2e-05,0.336,9.32
2024-10-21,crisis,sell,-0.02279,0.10497,11393.9
2024-10-21,gmacro,buy,3e-05,0.13946,13.94
2024-10-21,bab,buy,0.00041,0.21045,203.62
2024-10-22,volprem,sell,-0.00997,0.4381,4982.54
2024-10-22,xs_momentum,sell,-0.00408,0.18559,2038.94
2024-10-22,breakout,sell,-0.00688,0.32912,3439.55
2024-10-22,crisis,buy,0.02032,0.12529,10160.26
2024-10-22,gmacro,sell,-0.00272,0.13674,1359.67
2024-10-22,bab,sell,-0.00583,0.20462,2913.78
2024-10-23,volprem,buy,0.00347,0.44157,1735.1
2024-10-23,xs_momentum,buy,0.00551,0.19111,2755.99
2024-10-23,breakout,buy,0.01876,0.34788,9381.62
2024-10-23,crisis,sell,-0.00682,0.11846,3412.06
2024-10-23,gmacro,buy,0.00489,0.14163,2447.49
2024-10-23,bab,buy,0.00209,0.20672,1047.31
2024-10-24,volprem,sell,-0.00683,0.43473,3416.86
2024-10-24,xs_momentum,sell,-0.00285,0.18826,1423.58
2024-10-24,breakout,sell,-0.01348,0.3344,6739.81
2024-10-24,crisis,buy,0.01104,0.1295,5517.61
2024-10-24,gmacro,sell,-0.0017,0.13994,847.87
2024-10-24,bab,buy,0.00232,0.20903,1158.77
2024-10-25,volprem,sell,-0.00071,0.43402,355.11
2024-10-25,xs_momentum,sell,-0.00057,0.18769,283.73
2024-10-25,breakout,buy,0.00071,0.33511,355.36
2024-10-25,crisis,buy,0.00117,0.13067,583.7
2024-10-25,gmacro,buy,0.00247,0.14241,1234.67
2024-10-25,bab,sell,-0.00291,0.20613,1454.29
2024-10-26,volprem,sell,-0.00598,0.42804,2991.06
2024-10-26,xs_momentum,sell,-0.00359,0.1841,1796.97
2024-10-26,breakout,sell,-0.00656,0.32855,3281.8
2024-10-26,crisis,buy,0.01095,0.14162,5476.6
2024-10-26,gmacro,buy,0.00141,0.14381,703.45
2024-10-26,bab,sell,-0.00291,0.20321,1456.74
2024-10-27,xs_momentum,buy,0.00022,0.18432,112.02
2024-10-27,breakout,buy,0.00146,0.33001,727.8
2024-10-27,crisis,buy,4e-05,0.14166,21.37
2024-10-27,gmacro,buy,0.00012,0.14394,62.17
2024-10-27,bab,sell,-0.00031,0.2029,155.29
2024-10-28,xs_momentum,sell,-0.00284,0.18148,1419.9
2024-10-28,breakout,sell,-0.00044,0.32956,220.38
2024-10-28,crisis,sell,-0.00179,0.13988,892.67
2024-10-28,gmacro,buy,0.00149,0.14543,744.84
2024-10-28,bab,buy,0.00187,0.20477,936.29
2024-10-29,volprem,sell,-0.00649,0.42155,3243.96
2024-10-29,xs_momentum,sell,-0.00254,0.17895,1267.99
2024-10-29,breakout,sell,-0.00655,0.32301,3276.55
2024-10-29,crisis,buy,0.01126,0.15114,5632.31
2024-10-29,gmacro,sell,-0.0022,0.14323,1097.63
2024-10-29,bab,sell,-0.00462,0.20015,2310.06
2024-10-30,volprem,buy,0.00767,0.42922,3835.33
2024-10-30,xs_momentum,buy,0.00038,0.17933,190.08
2024-10-30,breakout,buy,0.00412,0.32713,2061.16
2024-10-30,crisis,sell,-0.01585,0.13529,7923.26
2024-10-30,gmacro,buy,0.00566,0.14889,2828.42
2024-10-30,bab,buy,0.00442,0.20457,2210.28
2024-10-31,volprem,sell,-0.00684,0.42239,3418.25
2024-10-31,xs_momentum,buy,0.00014,0.17947,69.95
2024-10-31,breakout,sell,-0.00471,0.32242,2354.94
2024-10-31,crisis,buy,0.01227,0.14757,6135.21
2024-10-31,gmacro,buy,0.00108,0.14997,539.6
2024-10-31,bab,sell,-0.00305,0.20152,1526.27
2024-11-01,volprem,sell,-0.02396,0.39842,11981.5
2024-11-01,xs_momentum,sell,-0.00687,0.17259,3437.11
2024-11-01,breakout,sell,-0.0171,0.30533,8549.07
2024-11-01,crisis,buy,0.02777,0.17533,13883.59
2024-11-01,gmacro,sell,-0.01099,0.13898,5494.27
2024-11-01,bab,sell,-0.00934,0.19218,4670.45
2024-11-02,volprem,buy,0.01331,0.41173,6653.99
2024-11-02,xs_momentum,buy,0.00789,0.18049,3946.9
2024-11-02,breakout,buy,0.01199,0.31731,5994.59
2024-11-02,crisis,sell,-0.02688,0.14845,13439.77
2024-11-02,gmacro,buy,0.00399,0.14297,1995.83
2024-11-02,bab,buy,0.00838,0.20056,4189.77
2024-11-03,xs_momentum,buy,0.00224,0.18273,1120.23
2024-11-03,breakout,buy,0.00162,0.31894,810.12
2024-11-03,crisis,buy,6e-05,0.14852,31.05
2024-11-03,gmacro,buy,0.00049,0.14346,244.44
2024-11-03,bab,buy,0.01308,0.21364,6539.08
2024-11-04,xs_momentum,sell,-0.00012,0.18261,60.45
2024-11-04,breakout,sell,-0.00514,0.3138,2569.77
2024-11-04,crisis,buy,0.00025,0.14876,124.02
2024-11-04,gmacro,buy,0.00164,0.1451,819.97
2024-11-04,bab,buy,0.00113,0.21477,566.58
2024-11-05,volprem,sell,-0.0112,0.40053,5600.67
2024-11-05,xs_momentum,sell,-0.00551,0.1771,2753.09
2024-11-05,breakout,sell,-0.00553,0.30827,2764.92
2024-11-05,crisis,buy,0.01684,0.1656,8419.41
2024-11-05,gmacro,sell,-0.00493,0.14017,2463.09
2024-11-05,bab,sell,-0.00562,0.20916,2807.98
2024-11-06,volprem,buy,0.00223,0.40276,1115.52
2024-11-06,xs_momentum,sell,-0.00029,0.17681,144.48
2024-11-06,breakout,buy,0.00101,0.30927,503.55
2024-11-06,crisis,sell,-0.00275,0.16285,1376.15
2024-11-06,gmacro,buy,0.00096,0.14113,478.93
2024-11-06,bab,buy,0.00469,0.21385,2347.38
2024-11-07,volprem,buy,0.05823,0.46099,29115.86
2024-11-07,xs_momentum,buy,0.02812,0.20493,14060.39
2024-11-07,breakout,buy,0.04461,0.35389,22307.41
2024-11-07,crisis,sell,-0.09949,0.06336,49744.18
2024-11-07,gmacro,buy,0.01716,0.15829,8578.42
2024-11-07,bab,buy,0.03148,0.24533,15738.82
2024-11-08,volprem,buy,0.0152,0.47619,7598.94
2024-11-08,xs_momentum,buy,0.00752,0.21245,3761.72
2024-11-08,breakout,buy,0.01545,0.36934,7726.66
2024-11-08,crisis,sell,-0.02492,0.03844,12460.16
2024-11-08,gmacro,buy,0.00565,0.16394,2824.54
2024-11-08,bab,sell,-0.00228,0.24305,1137.6
2024-11-09,xs_momentum,buy,0.00076,0.21322,381.31
2024-11-09,breakout,buy,0.0043,0.37364,2150.15
2024-11-09,crisis,buy,0.00023,0.03867,114.65
2024-11-09,gmacro,buy,0.00187,0.16581,934.25
2024-11-09,bab,buy,0.01372,0.25677,6859.62
2024-11-10,xs_momentum,sell,-0.00529,0.20793,2644.58
2024-11-10,breakout,sell,-0.0008,0.37284,399.29
2024-11-10,crisis,sell,-0.0004,0.03827,200.09
2024-11-10,gmacro,buy,0.00054,0.16635,272.07
2024-11-10,bab,buy,0.01644,0.27322,8222.02
2024-11-11,xs_momentum,buy,0.00136,0.20929,681.03
2024-11-11,breakout,buy,0.0004,0.37324,201.05
2024-11-11,crisis,sell,-0.00662,0.03165,3311.91
2024-11-11,gmacro,buy,0.00087,0.16722,432.83
2024-11-11,bab,sell,-0.00969,0.26353,4843.72
2024-11-12,xs_momentum,buy,1e-05,0.2093,6.49
2024-11-12,breakout,sell,-0.01323,0.36001,6615.79
2024-11-12,crisis,buy,8e-05,0.03173,39.87
2024-11-12,gmacro,sell,-0.00114,0.16607,570.89
2024-11-12,bab,sell,-0.03906,0.22447,19528.43
2024-11-13,volprem,sell,-0.00292,0.47327,1458.51
2024-11-13,xs_momentum,sell,-0.00055,0.20875,274.25
2024-11-13,breakout,sell,-0.00276,0.35725,1380.69
2024-11-13,crisis,buy,0.00386,0.03559,1930.81
2024-11-13,gmacro,sell,-0.00468,0.1614,2337.66
2024-11-13,bab,sell,-0.01129,0.21318,5647.39
2024-11-14,volprem,buy,0.00045,0.47373,226.21
2024-11-14,xs_momentum,buy,0.00186,0.21061,929.62
2024-11-14,breakout,sell,-0.02351,0.33375,11753.41
2024-11-14,crisis,sell,-0.0006,0.03498,301.96
2024-11-14,gmacro,buy,0.00445,0.16585,2225.15
2024-11-14,bab,sell,-0.00168,0.2115,839.59
2024-11-15,volprem,sell,-0.00592,0.4678,2960.95
2024-11-15,xs_momentum,sell,-0.00099,0.20962,494.77
2024-11-15,breakout,sell,-0.00383,0.32992,1914.58
2024-11-15,crisis,buy,0.00787,0.04286,3937.33
2024-11-15,gmacro,sell,-0.00029,0.16556,143.48
2024-11-15,bab,sell,-0.01868,0.19282,9340.16
2024-11-16,volprem,sell,-0.01129,0.45651,5647.19
2024-11-16,xs_momentum,sell,-0.00525,0.20437,2627.02
2024-11-16,breakout,sell,-0.01378,0.31614,6889.52
2024-11-16,crisis,buy,0.01503,0.05789,7516.6
2024-11-16,gmacro,buy,0.00552,0.17109,2762.02
2024-11-16,bab,sell,-0.01049,0.18233,5246.18
2024-11-17,xs_momentum,sell,-0.01733,0.18704,8665.83
2024-11-17,breakout,buy,0.00408,0.32022,2040.73
2024-11-17,crisis,buy,0.00013,0.05802,66.08
2024-11-17,gmacro,buy,0.00111,0.1722,554.98
2024-11-17,bab,sell,-0.02411,0.15822,12054.27
2024-11-18,xs_momentum,sell,-0.00415,0.18288,2076.67
2024-11-18,breakout,buy,6e-05,0.32027,28.1
2024-11-18,crisis,buy,6e-05,0.05809,30.91
2024-11-18,gmacro,buy,0.0,0.1722,1.43
2024-11-18,bab,sell,-0.00203,0.15618,1016.27
2024-11-19,volprem,buy,0.00351,0.46002,1753.66
2024-11-19,xs_momentum,sell,-0.00419,0.17869,2096.7
2024-11-19,breakout,buy,0.00551,0.32578,2754.57
2024-11-19,crisis,sell,-0.00482,0.05327,2409.03
2024-11-19,gmacro,sell,-9e-05,0.17211,44.44
2024-11-19,bab,buy,0.0001,0.15628,47.98
2024-11-20,volprem,sell,-0.00148,0.45854,738.65
2024-11-20,xs_momentum,sell,-0.00263,0.17606,1315.96
2024-11-20,breakout,sell,-0.00259,0.3232,1292.82
2024-11-20,crisis,buy,0.00189,0.05516,946.83
2024-11-20,gmacro,sell,-0.0016,0.17051,800.28
2024-11-20,bab,buy,0.00033,0.15661,166.54
2024-11-21,volprem,sell,-0.01062,0.44792,5308.67
2024-11-21,xs_momentum,sell,-0.00402,0.17204,2008.4
2024-11-21,breakout,sell,-0.00942,0.31378,4708.38
2024-11-21,crisis,buy,0.01449,0.06965,7246.69
2024-11-21,gmacro,sell,-0.0044,0.16611,2200.2
2024-11-21,bab,sell,-0.00492,0.15169,2460.49
2024-11-22,volprem,buy,0.00804,0.45597,4022.2
2024-11-22,xs_momentum,buy,0.00552,0.17756,2760.81
2024-11-22,breakout,buy,0.01374,0.32752,6868.59
2024-11-22,crisis,sell,-0.01067,0.05899,5332.65
2024-11-22,gmacro,buy,0.00157,0.16768,783.52
2024-11-22,bab,sell,-0.00033,0.15137,162.68
2024-11-23,volprem,buy,0.01515,0.47112,7575.02
2024-11-23,xs_momentum,buy,0.0057,0.18327,2852.1
2024-11-23,breakout,buy,0.01645,0.34397,8226.32
2024-11-23,crisis,sell,-0.02032,0.03867,10160.47
2024-11-23,gmacro,buy,0.00648,0.17416,3241.79
2024-11-23,bab,buy,0.00036,0.15173,181.55
2024-11-24,xs_momentum,sell,-0.00093,0.18234,464.82
2024-11-24,breakout,sell,-0.00654,0.33743,3269.68
2024-11-24,crisis,buy,0.0002,0.03887,98.36
2024-11-24,gmacro,sell,-3e-05,0.17413,15.2
2024-11-24,bab,buy,0.00223,0.15396,1113.7
2024-11-25,xs_momentum,sell,-0.00158,0.18076,789.25
2024-11-25,breakout,buy,0.00748,0.34491,3741.02
2024-11-25,crisis,buy,0.00015,0.03901,73.51
2024-11-25,gmacro,buy,6e-05,0.17419,29.37
2024-11-25,bab,buy,0.00036,0.15432,181.49
2024-11-26,volprem,buy,0.00314,0.47426,1570.38
2024-11-26,xs_momentum,sell,-0.00161,0.17915,806.96
2024-11-26,breakout,buy,0.01095,0.35587,5476.16
2024-11-26,crisis,sell,-0.00433,0.03469,2162.74
2024-11-26,gmacro,buy,0.01562,0.18981,7808.56
2024-11-26,bab,buy,0.0017,0.15602,851.62
2024-11-27,volprem,buy,0.00193,0.47619,966.49
2024-11-27,xs_momentum,sell,-0.00075,0.1784,374.56
2024-11-27,breakout,buy,0.01064,0.3665,5319.16
2024-11-27,crisis,sell,-0.00263,0.03206,1314.55
2024-11-27,gmacro,sell,-0.00267,0.18713,1336.68
2024-11-27,bab,buy,0.00062,0.15664,308.96
2024-11-28,volprem,sell,-0.00285,0.47334,1422.88
2024-11-28,xs_momentum,sell,-0.00241,0.17599,1205.8
2024-11-28,breakout,sell,-0.00227,0.36424,1133.86
2024-11-28,crisis,buy,0.00382,0.03588,1911.25
2024-11-28,gmacro,buy,0.01238,0.19951,6189.04
2024-11-28,bab,sell,-0.00197,0.15467,984.91
2024-11-29,xs_momentum,sell,-0.00011,0.17588,53.6
2024-11-29,breakout,sell,-0.00333,0.36091,1662.66
2024-11-29,crisis,sell,-7e-05,0.03581,36.19
2024-11-29,gmacro,buy,0.00096,0.20047,480.98
2024-11-29,bab,sell,-7e-05,0.1546,36.53
2024-11-30,volprem,buy,0.00285,0.47619,1422.88
2024-11-30,xs_momentum,buy,0.00025,0.17613,125.2
2024-11-30,breakout,buy,0.00182,0.36273,909.35
2024-11-30,crisis,sell,-0.00338,0.03242,1691.88
2024-11-30,gmacro,buy,0.00062,0.2011,312.39
2024-11-30,bab,buy,0.00263,0.15722,1312.65
2024-12-01,xs_momentum,sell,-0.00349,0.17263,1747.14
2024-12-01,breakout,buy,0.00273,0.36546,1367.4
2024-12-01,crisis,buy,0.0003,0.03273,150.87
2024-12-01,gmacro,buy,0.00328,0.20438,1639.12
2024-12-01,bab,buy,0.00066,0.15789,331.64
2024-12-02,xs_momentum,sell,-0.00182,0.17082,907.67
2024-12-02,breakout,buy,0.00054,0.36601,272.0
2024-12-02,crisis,sell,-2e-05,0.0327,12.38
2024-12-02,gmacro,buy,0.00182,0.2062,911.13
2024-12-02,bab,sell,-0.00283,0.15506,1415.96
2024-12-03,xs_momentum,sell,-2e-05,0.1708,10.1
2024-12-03,breakout,sell,-0.01566,0.35034,7832.04
2024-12-03,crisis,buy,0.00012,0.03282,57.61
2024-12-03,gmacro,sell,-0.01227,0.19393,6135.57
2024-12-03,bab,sell,-0.00306,0.15199,1531.54
2024-12-04,xs_momentum,buy,0.00048,0.17128,238.84
2024-12-04,breakout,sell,-0.00649,0.34386,3244.44
2024-12-04,crisis,buy,0.00014,0.03296,70.24
2024-12-04,gmacro,sell,-0.00763,0.18629,3817.35
2024-12-04,bab,buy,0.00099,0.15298,494.41
2024-12-05,xs_momentum,sell,-0.00041,0.17087,203.15
2024-12-05,breakout,buy,0.00149,0.34535,746.74
2024-12-05,crisis,buy,9e-05,0.03305,45.61
2024-12-05,gmacro,buy,0.00052,0.18681,259.76
2024-12-05,bab,buy,0.00067,0.15365,333.69
2024-12-06,volprem,sell,-0.00155,0.47464,774.9
2024-12-06,xs_momentum,buy,0.00393,0.1748,1963.23
2024-12-06,breakout,buy,0.00071,0.34606,353.5
2024-12-06,crisis,buy,0.00212,0.03517,1060.02
2024-12-06,gmacro,sell,-0.0061,0.18072,3048.26
2024-12-06,bab,sell,-0.00418,0.14946,2092.41
2024-12-07,volprem,buy,0.00155,0.47619,774.9
2024-12-07,xs_momentum,buy,0.00038,0.17517,188.1
2024-12-07,breakout,buy,0.00122,0.34728,612.48
2024-12-07,crisis,sell,-0.00205,0.03312,1025.49
2024-12-07,gmacro,sell,-0.00887,0.17185,4434.43
2024-12-07,bab,buy,0.0022,0.15167,1102.07
2024-12-08,xs_momentum,buy,0.00049,0.17566,243.41
2024-12-08,breakout,sell,-0.00819,0.33909,4095.07
2024-12-08,crisis,buy,0.00036,0.03348,181.79
2024-12-08,gmacro,buy,0.00844,0.18029,4222.05
2024-12-08,bab,buy,0.0001,0.15177,51.63
2024-12-09,xs_momentum,buy,0.00022,0.17588,109.45
2024-12-09,breakout,buy,0.00066,0.33975,329.92
2024-12-09,crisis,buy,2e-05,0.0335,8.54
2024-12-09,gmacro,buy,7e-05,0.18036,35.97
2024-12-09,bab,sell,-0.00015,0.15162,72.99
2024-12-10,volprem,sell,-0.00482,0.47137,2408.15
2024-12-10,xs_momentum,sell,-0.00247,0.17341,1236.39
2024-12-10,breakout,sell,-0.0018,0.33795,902.21
2024-12-10,crisis,buy,0.0066,0.04009,3298.0
2024-12-10,gmacro,sell,-0.0003,0.18007,147.55
2024-12-10,bab,sell,-0.00255,0.14907,1275.14
2024-12-11,volprem,sell,-0.00285,0.46853,1423.15
2024-12-11,xs_momentum,buy,0.00268,0.17609,1342.15
2024-12-11,breakout,sell,-0.00134,0.3366,671.0
2024-12-11,crisis,buy,0.00407,0.04417,2037.1
2024-12-11,gmacro,buy,0.00014,0.1802,68.53
2024-12-11,bab,sell,-2e-05,0.14905,10.65
2024-12-12,volprem,buy,0.00712,0.47565,3559.59
2024-12-12,xs_momentum,buy,0.0111,0.18719,5551.05
2024-12-12,breakout,buy,0.00504,0.34165,2522.15
2024-12-12,crisis,sell,-0.00974,0.03443,4867.54
2024-12-12,gmacro,sell,-0.00891,0.17129,4456.26
2024-12-12,bab,buy,0.00189,0.15094,943.46
2024-12-13,volprem,sell,-0.00481,0.47084,2402.67
2024-12-13,xs_momentum,sell,-0.00229,0.18491,1142.68
2024-12-13,breakout,sell,-0.00116,0.34049,581.06
2024-12-13,crisis,buy,0.00674,0.04117,3370.08
2024-12-13,gmacro,sell,-0.00194,0.16935,968.71
2024-12-13,bab,sell,-0.00062,0.15033,307.61
2024-12-14,volprem,sell,-0.00018,0.47066,91.15
2024-12-14,xs_momentum,buy,0.0013,0.1862,647.74
2024-12-14,breakout,buy,9e-05,0.34058,44.64
2024-12-14,crisis,buy,0.00026,0.04143,129.33
2024-12-14,gmacro,sell,-0.00227,0.16708,1136.53
2024-12-14,bab,buy,0.00041,0.15074,206.48
2024-12-15,xs_momentum,sell,-0.0002,0.186,102.0
2024-12-15,breakout,buy,0.03265,0.37322,16323.04
2024-12-15,crisis,buy,0.00065,0.04208,324.52
2024-12-15,gmacro,sell,-6e-05,0.16702,29.66
2024-12-15,bab,buy,0.00064,0.15138,321.01
2024-12-16,xs_momentum,sell,-5e-05,0.18595,25.86
2024-12-16,breakout,sell,-1e-05,0.37321,6.83
2024-12-16,crisis,buy,4e-05,0.04212,20.97
2024-12-16,gmacro,buy,0.00022,0.16724,110.92
2024-12-16,bab,buy,0.00036,0.15174,177.71
2024-12-17,volprem,buy,0.00395,0.47461,1975.37
2024-12-17,xs_momentum,buy,0.0014,0.18735,701.98
2024-12-17,breakout,buy,0.0034,0.37661,1702.47
2024-12-17,crisis,sell,-0.00568,0.03645,2837.67
2024-12-17,gmacro,buy,0.00075,0.168,377.0
2024-12-17,bab,buy,0.0018,0.15353,898.53
2024-12-18,volprem,sell,-0.00383,0.47078,1914.64
2024-12-18,xs_momentum,sell,-0.001,0.18635,499.59
2024-12-18,breakout,buy,0.00288,0.37949,1440.35
2024-12-18,crisis,buy,0.00566,0.0421,2828.8
2024-12-18,gmacro,sell,-0.00261,0.16538,1306.6
2024-12-18,bab,sell,-0.00124,0.15229,618.88
2024-12-19,volprem,sell,-0.08617,0.38462,43082.74
2024-12-19,xs_momentum,sell,-0.0298,0.15655,14900.51
2024-12-19,breakout,sell,-0.06797,0.31153,33984.12
2024-12-19,crisis,buy,0.12389,0.16599,61945.02
2024-12-19,gmacro,sell,-0.06184,0.10354,30922.5
2024-12-19,bab,sell,-0.03013,0.12216,15065.02
2024-12-20,volprem,buy,0.02751,0.41213,13756.43
2024-12-20,xs_momentum,buy,0.02187,0.17842,10933.14
2024-12-20,breakout,buy,0.0223,0.33383,11150.54
2024-12-20,crisis,sell,-0.02892,0.13707,14462.45
2024-12-20,gmacro,buy,0.00695,0.11049,3477.28
2024-12-20,bab,buy,0.00871,0.13088,4356.49
2024-12-21,volprem,buy,0.0395,0.45163,19750.28
2024-12-21,xs_momentum,buy,0.01705,0.19546,8522.81
2024-12-21,breakout,buy,0.02827,0.3621,14135.05
2024-12-21,crisis,sell,-0.06131,0.07576,30656.55
2024-12-21,gmacro,buy,0.00905,0.11954,4524.95
2024-12-21,bab,buy,0.0115,0.14238,5749.83
2024-12-22,xs_momentum,sell,-0.00032,0.19514,158.82
2024-12-22,breakout,buy,0.00262,0.36472,1310.64
2024-12-22,gmacro,buy,0.00067,0.12022,336.7
2024-12-22,bab,buy,0.00044,0.14281,217.91
2024-12-23,xs_momentum,buy,0.00022,0.19537,110.32
2024-12-23,breakout,buy,0.00456,0.36927,2277.8
2024-12-23,crisis,buy,0.00126,0.07702,630.36
2024-12-23,gmacro,buy,1e-05,0.12022,2.68
2024-12-23,bab,sell,-0.00188,0.14094,938.98
2024-12-24,volprem,buy,0.005,0.45663,2502.31
2024-12-24,xs_momentum,buy,0.00225,0.19761,1123.56
2024-12-24,breakout,buy,0.00502,0.3743,2512.34
2024-12-24,crisis,sell,-0.00794,0.06907,3971.87
2024-12-24,gmacro,buy,0.00027,0.12049,132.87
2024-12-24,bab,buy,0.00155,0.14248,773.41
2024-12-25,volprem,buy,0.00965,0.46628,4824.0
2024-12-25,xs_momentum,buy,0.003,0.20061,1497.98
2024-12-25,breakout,buy,0.00953,0.38383,4765.55
2024-12-25,crisis,sell,-0.01506,0.05402,7528.54
2024-12-25,gmacro,buy,0.00251,0.123,1253.89
2024-12-25,bab,buy,0.00316,0.14564,1579.25
2024-12-26,xs_momentum,buy,0.00037,0.20098,185.72
2024-12-26,breakout,buy,0.00315,0.38698,1575.01
2024-12-26,crisis,sell,-5e-05,0.05397,24.58
2024-12-26,gmacro,sell,-0.00024,0.12276,118.89
2024-12-26,bab,sell,-0.0,0.14564,1.25
2024-12-27,volprem,buy,6e-05,0.46634,29.84
2024-12-27,xs_momentum,buy,0.00234,0.20332,1170.26
2024-12-27,breakout,sell,-0.00045,0.38653,226.88
2024-12-27,crisis,buy,0.00025,0.05422,125.52
2024-12-27,gmacro,sell,-0.00019,0.12257,92.96
2024-12-27,bab,sell,-0.00058,0.14506,290.56
2024-12-28,volprem,sell,-0.00925,0.45709,4624.9
2024-12-28,xs_momentum,sell,-0.00633,0.19699,3167.16
2024-12-28,breakout,sell,-0.01114,0.37538,5570.79
2024-12-28,crisis,buy,0.01534,0.06956,7669.09
2024-12-28,gmacro,sell,-0.00243,0.12014,1216.8
2024-12-28,bab,sell,-0.0035,0.14156,1748.94
2024-12-29,xs_momentum,buy,0.00404,0.20103,2022.4
2024-12-29,breakout,buy,0.0006,0.37598,299.03
2024-12-29,crisis,buy,0.00044,0.07,222.02
2024-12-29,gmacro,sell,-7e-05,0.12007,34.22
2024-12-29,bab,buy,0.00017,0.14173,82.98
2024-12-30,xs_momentum,buy,0.0004,0.20144,202.0
2024-12-30,breakout,sell,-7e-05,0.37591,37.41
2024-12-30,crisis,buy,0.00032,0.07032,158.97
2024-12-30,gmacro,buy,0.00155,0.12163,777.48
2024-12-30,bab,sell,-0.00047,0.14125,236.93
2024-12-31,volprem,sell,-0.00952,0.44757,4761.3
2024-12-31,xs_momentum,sell,-0.0053,0.19614,2649.99
2024-12-31,breakout,sell,-0.00573,0.37018,2865.72
2024-12-31,crisis,buy,0.02415,0.09446,12072.66
2024-12-31,gmacro,sell,-0.00157,0.12005,785.38
2024-12-31,bab,sell,-0.00269,0.13856,1346.4
2025-01-01,volprem,sell,-0.00292,0.44465,1459.73
2025-01-01,xs_momentum,sell,-0.003,0.19314,1499.78
2025-01-01,breakout,sell,-0.00288,0.3673,1437.94
2025-01-01,crisis,buy,0.00824,0.1027,4119.68
2025-01-01,gmacro,sell,-0.001,0.11906,498.01
2025-01-01,bab,sell,-0.00072,0.13784,361.67
2025-01-02,xs_momentum,buy,0.00035,0.19348,173.41
2025-01-02,breakout,sell,-0.0105,0.3568,5248.11
2025-01-02,crisis,buy,0.00011,0.10282,57.42
2025-01-02,gmacro,sell,-3e-05,0.11903,13.16
2025-01-02,bab,buy,1e-05,0.13784,3.02
2025-01-03,volprem,sell,-0.00194,0.44271,971.6
2025-01-03,xs_momentum,sell,-0.00077,0.19272,383.59
2025-01-03,breakout,buy,0.00196,0.35876,977.61
2025-01-03,crisis,buy,0.00331,0.10613,1656.03
2025-01-03,gmacro,sell,-0.00066,0.11837,331.62
2025-01-03,bab,sell,-0.00063,0.13721,315.55
2025-01-04,volprem,buy,0.01004,0.45275,5022.07
2025-01-04,xs_momentum,buy,0.0052,0.19791,2597.61
2025-01-04,breakout,buy,0.00518,0.36394,2590.17
2025-01-04,crisis,sell,-0.01669,0.08944,8345.92
2025-01-04,gmacro,buy,0.00168,0.12005,842.22
2025-01-04,bab,buy,0.00213,0.13934,1063.7
2025-01-05,xs_momentum,buy,0.00181,0.19972,904.42
2025-01-05,breakout,buy,0.00238,0.36632,1189.88
2025-01-05,crisis,buy,7e-05,0.08951,37.35
2025-01-05,gmacro,buy,8e-05,0.12013,38.05
2025-01-05,bab,buy,0.00195,0.14129,974.68
2025-01-06,xs_momentum,sell,-0.00086,0.19886,429.7
2025-01-06,breakout,buy,0.00132,0.36763,657.54
2025-01-06,crisis,buy,0.00463,0.09414,2313.94
2025-01-06,gmacro,buy,0.00235,0.12248,1173.89
2025-01-06,bab,sell,-0.00062,0.14066,312.05
2025-01-07,volprem,buy,0.00484,0.45759,2421.48
2025-01-07,xs_momentum,buy,0.00257,0.20143,1285.88
2025-01-07,breakout,buy,0.00336,0.37099,1679.72
2025-01-07,crisis,sell,-0.00771,0.08643,3855.77
2025-01-07,gmacro,buy,3e-05,0.1225,13.13
2025-01-07,bab,buy,0.00219,0.14286,1096.42
2025-01-08,volprem,sell,-0.00946,0.44813,4730.33
2025-01-08,xs_momentum,sell,-0.00246,0.19898,1228.29
2025-01-08,breakout,sell,-0.00322,0.36778,1608.74
2025-01-08,crisis,buy,0.01928,0.10571,9639.55
2025-01-08,gmacro,sell,-0.00283,0.11967,1416.42
2025-01-08,bab,sell,-0.00382,0.13903,1911.42
2025-01-09,volprem,buy,0.00119,0.44932,593.53
2025-01-09,xs_momentum,sell,-0.00399,0.19499,1992.69
2025-01-09,breakout,sell,-0.01158,0.35619,5792.49
2025-01-09,crisis,buy,5e-05,0.10576,26.23
2025-01-09,gmacro,buy,0.00034,0.12001,169.99
2025-01-09,bab,buy,0.00063,0.13967,317.46
2025-01-10,xs_momentum,sell,-0.00066,0.19433,328.64
2025-01-10,breakout,buy,0.00881,0.365,4403.17
2025-01-10,crisis,buy,0.1232,0.22896,61600.79
2025-01-10,bab,sell,-0.00044,0.13923,221.15
2025-01-11,volprem,sell,-0.01212,0.4372,6059.94
2025-01-11,xs_momentum,sell,-0.00604,0.18829,3019.89
2025-01-11,breakout,buy,0.00168,0.36668,839.57
2025-01-11,crisis,buy,0.00133,0.23029,665.25
2025-01-11,gmacro,sell,-0.00507,0.11494,2534.57
2025-01-11,bab,buy,0.00265,0.14187,1324.45
2025-01-12,xs_momentum,buy,0.00292,0.19122,1461.68
2025-01-12,breakout,buy,0.00495,0.37163,2476.16
2025-01-12,crisis,buy,0.00246,0.23276,1231.96
2025-01-12,bab,buy,0.00186,0.14374,930.55
2025-01-13,xs_momentum,buy,0.00028,0.19149,137.69
2025-01-13,breakout,buy,0.0358,0.40743,17899.73
2025-01-13,crisis,sell,-0.00049,0.23226,247.12
2025-01-13,gmacro,buy,0.00129,0.11623,642.58
2025-01-13,bab,buy,0.00136,0.1451,681.25
2025-01-14,volprem,buy,0.00118,0.43838,591.26
2025-01-14,xs_momentum,buy,0.00248,0.19397,1241.27
2025-01-14,breakout,sell,-0.01036,0.39707,5179.72
2025-01-14,crisis,sell,-0.00632,0.22595,3157.52
2025-01-14,gmacro,buy,0.00051,0.11674,255.57
2025-01-14,bab,buy,0.00618,0.15128,3089.63
2025-01-15,volprem,buy,0.00106,0.43944,528.23
2025-01-15,xs_momentum,buy,0.00179,0.19576,895.48
2025-01-15,breakout,buy,0.01132,0.40839,5658.54
2025-01-15,crisis,sell,-0.03006,0.19589,15030.36
2025-01-15,gmacro,sell,-0.00231,0.11443,1155.34
2025-01-15,bab,buy,0.00288,0.15415,1438.66
2025-01-16,volprem,buy,0.01448,0.45392,7240.44
2025-01-16,xs_momentum,buy,0.02025,0.21602,10126.36
2025-01-16,breakout,buy,0.01283,0.42122,6415.18
2025-01-16,crisis,sell,-0.07153,0.12435,35766.17
2025-01-16,gmacro,buy,0.0028,0.11723,1400.15
2025-01-16,bab,buy,0.02855,0.1827,14275.04
2025-01-17,volprem,sell,-0.0016,0.45231,802.27
2025-01-17,xs_momentum,buy,0.0059,0.22192,2952.47
2025-01-17,breakout,sell,-0.0041,0.41711,2052.11
2025-01-17,crisis,buy,0.00446,0.12881,2228.11
2025-01-17,gmacro,sell,-0.00063,0.11659,316.88
2025-01-17,bab,buy,0.00284,0.18555,1421.3
2025-01-18,volprem,buy,0.00849,0.4608,4243.59
2025-01-18,xs_momentum,buy,0.0147,0.23663,7351.33
2025-01-18,breakout,buy,0.00419,0.4213,2092.94
2025-01-18,crisis,sell,-0.02258,0.10623,11291.1
2025-01-18,gmacro,buy,0.00211,0.1187,1053.8
2025-01-18,bab,buy,0.00518,0.19073,2591.79
2025-01-19,xs_momentum,buy,0.00633,0.24296,3165.19
2025-01-19,breakout,buy,0.00038,0.42168,190.24
2025-01-19,crisis,buy,6e-05,0.10629,32.25
2025-01-19,gmacro,buy,0.00108,0.11978,538.19
2025-01-19,bab,sell,-0.02079,0.16994,10397.48
2025-01-20,xs_momentum,sell,-0.00866,0.23429,4330.41
2025-01-20,breakout,buy,0.0048,0.42647,2397.84
2025-01-20,crisis,sell,-0.01848,0.08781,9241.72
2025-01-20,gmacro,buy,0.00033,0.12011,167.13
2025-01-20,bab,buy,0.0017,0.17164,849.92
2025-01-21,xs_momentum,sell,-0.00062,0.23368,309.85
2025-01-21,breakout,sell,-0.00545,0.42103,2724.55
2025-01-21,crisis,sell,-0.00852,0.07929,4259.32
2025-01-21,gmacro,sell,-0.00269,0.11742,1345.49
2025-01-21,bab,buy,0.0035,0.17513,1749.28
2025-01-22,volprem,buy,0.0081,0.4689,4051.11
2025-01-22,xs_momentum,buy,0.00452,0.23819,2259.1
2025-01-22,breakout,buy,0.01098,0.432,5488.97
2025-01-22,crisis,sell,-0.01611,0.06318,8056.75
2025-01-22,gmacro,buy,0.00252,0.11994,1261.08
2025-01-22,bab,buy,0.01148,0.18661,5740.13
2025-01-23,volprem,buy,0.00517,0.47407,2582.97
2025-01-23,xs_momentum,buy,0.00565,0.24385,2827.32
2025-01-23,breakout,buy,0.0209,0.4529,10449.48
2025-01-23,crisis,sell,-0.0105,0.05268,5250.45
2025-01-23,gmacro,buy,0.00128,0.12123,640.98
2025-01-23,bab,buy,0.00287,0.18948,1432.69
2025-01-24,volprem,buy,0.00212,0.47619,1060.07
2025-01-24,xs_momentum,buy,0.0055,0.24935,2752.05
2025-01-24,breakout,buy,0.00204,0.45495,1021.99
2025-01-24,crisis,sell,-0.00427,0.04841,2135.83
2025-01-24,gmacro,buy,0.00056,0.12178,278.3
2025-01-24,bab,buy,0.00118,0.19066,588.46
2025-01-25,volprem,sell,-0.00274,0.47345,1371.16
2025-01-25,xs_momentum,buy,0.00812,0.25748,4062.26
2025-01-25,breakout,sell,-0.00584,0.44911,2917.73
2025-01-25,crisis,buy,0.00606,0.05446,3028.57
2025-01-25,gmacro,sell,-0.00079,0.12099,397.37
2025-01-25,bab,sell,-0.00095,0.1897,475.97
2025-01-26,xs_momentum,buy,0.00048,0.25796,242.45
2025-01-26,breakout,buy,0.00428,0.45339,2141.25
2025-01-26,crisis,buy,0.00032,0.05478,157.57
2025-01-26,gmacro,buy,0.00158,0.12257,790.11
2025-01-26,bab,buy,0.0013,0.191,648.29
2025-01-27,xs_momentum,buy,0.00619,0.26415,3092.95
2025-01-27,breakout,sell,-0.00029,0.4531,146.44
2025-01-27,crisis,sell,-0.00086,0.05392,429.0
2025-01-27,gmacro,buy,0.00096,0.12352,478.4
2025-01-27,bab,buy,0.00049,0.19149,245.45
2025-01-28,volprem,sell,-0.02808,0.44537,14038.39
2025-01-28,xs_momentum,sell,-0.02354,0.24061,11770.45
2025-01-28,breakout,sell,-0.02746,0.42564,13728.74
2025-01-28,crisis,buy,0.0547,0.10862,27350.52
2025-01-28,gmacro,sell,-0.00734,0.11619,3668.48
2025-01-28,bab,sell,-0.01132,0.18018,5658.35
2025-01-29,volprem,buy,0.02285,0.46822,11425.36
2025-01-29,xs_momentum,sell,-0.00023,0.24037,117.38
2025-01-29,breakout,sell,-0.00656,0.41908,3280.33
2025-01-29,crisis,sell,-0.04611,0.06251,23055.46
2025-01-29,gmacro,buy,0.00599,0.12218,2995.45
2025-01-29,bab,buy,0.01147,0.19165,5736.81
2025-01-30,volprem,sell,-0.00402,0.4642,2012.49
2025-01-30,xs_momentum,buy,0.01061,0.25098,5306.32
2025-01-30,breakout,sell,-0.0123,0.40678,6148.81
2025-01-30,crisis,buy,0.00797,0.07048,3984.73
2025-01-30,gmacro,sell,-0.00081,0.12137,402.54
2025-01-30,bab,sell,-0.00269,0.18896,1345.14
2025-01-31,volprem,buy,0.00481,0.469,2402.61
2025-01-31,xs_momentum,buy,0.00886,0.25984,4429.83
2025-01-31,breakout,buy,0.00405,0.41084,2026.44
2025-01-31,crisis,sell,-0.00966,0.06082,4831.58
2025-01-31,gmacro,buy,0.00085,0.12223,426.44
2025-01-31,bab,buy,0.01463,0.20359,7317.02
2025-02-01,volprem,sell,-0.00479,0.46421,2395.24
2025-02-01,xs_momentum,sell,-0.00392,0.25592,1961.88
2025-02-01,breakout,buy,0.01366,0.4245,6830.86
2025-02-01,crisis,buy,0.00957,0.07039,4786.17
2025-02-01,gmacro,sell,-0.00125,0.12097,626.5
2025-02-01,bab,buy,0.00137,0.20496,684.43
2025-02-02,xs_momentum,sell,-0.00503,0.25089,2517.33
2025-02-02,breakout,buy,0.00373,0.42823,1867.05
2025-02-02,crisis,sell,-0.00013,0.07025,67.4
2025-02-02,gmacro,buy,0.0027,0.12367,1348.52
2025-02-02,bab,buy,0.00039,0.20535,195.04
2025-02-03,xs_momentum,sell,-0.00043,0.25045,215.7
2025-02-03,breakout,sell,-0.01566,0.41258,7829.01
2025-02-03,crisis,sell,-0.02339,0.04687,11693.4
2025-02-03,gmacro,buy,0.0056,0.12927,2798.37
2025-02-03,bab,sell,-0.00045,0.2049,225.8
2025-02-04,volprem,sell,-0.02461,0.43961,12303.06
2025-02-04,xs_momentum,sell,-0.01505,0.2354,7527.08
2025-02-04,breakout,sell,-0.02284,0.38974,11419.02
2025-02-04,crisis,buy,0.03218,0.07904,16089.2
2025-02-04,gmacro,sell,-0.00686,0.1224,3432.4
2025-02-04,bab,buy,0.00184,0.20674,917.62
2025-02-05,volprem,buy,0.01961,0.45922,9806.56
2025-02-05,xs_momentum,buy,0.0109,0.2463,5450.17
2025-02-05,breakout,buy,0.01645,0.40619,8224.51
2025-02-05,crisis,sell,-0.02558,0.05347,12788.52
2025-02-05,gmacro,buy,0.0073,0.12971,3651.81
2025-02-05,bab,buy,0.00966,0.2164,4831.17
2025-02-06,volprem,buy,0.00855,0.46777,4277.08
2025-02-06,xs_momentum,buy,0.00442,0.25072,2209.2
2025-02-06,breakout,buy,0.02454,0.43073,12270.58
2025-02-06,crisis,sell,-0.01127,0.0422,5632.83
2025-02-06,gmacro,buy,0.00616,0.13587,3081.94
2025-02-06,bab,buy,0.00515,0.22155,2576.08
2025-02-07,volprem,buy,0.00316,0.47093,1580.63
2025-02-07,xs_momentum,sell,-0.00107,0.24965,536.79
2025-02-07,breakout,sell,-0.00929,0.42144,4645.58
2025-02-07,crisis,sell,-0.00414,0.03806,2069.97
2025-02-07,gmacro,buy,0.00096,0.13683,477.59
2025-02-07,bab,sell,-0.00205,0.2195,1025.72
2025-02-08,volprem,sell,-0.00826,0.46267,4131.73
2025-02-08,xs_momentum,sell,-0.0005,0.24915,249.75
2025-02-08,breakout,sell,-0.0078,0.41363,3902.11
2025-02-08,crisis,buy,0.01093,0.049,5466.62
2025-02-08,gmacro,sell,-0.00658,0.13024,3290.24
2025-02-08,bab,sell,-0.00108,0.21842,540.35
2025-02-09,xs_momentum,sell,-0.01195,0.2372,5974.12
2025-02-09,breakout,sell,-0.0194,0.39423,9700.01
2025-02-09,crisis,sell,-0.00021,0.04878,106.68
2025-02-09,bab,buy,0.00379,0.2222,1892.8
2025-02-10,xs_momentum,buy,0.00027,0.23747,136.27
2025-02-10,breakout,sell,-0.00164,0.39259,819.68
2025-02-10,crisis,sell,-0.00013,0.04865,64.12
2025-02-10,gmacro,sell,-8e-05,0.13016,40.02
2025-02-10,bab,sell,-0.00218,0.22003,1087.94
2025-02-11,volprem,buy,0.00605,0.46872,3023.05
2025-02-11,xs_momentum,buy,0.00337,0.24083,1682.51
2025-02-11,breakout,buy,0.00453,0.39712,2262.99
2025-02-11,crisis,sell,-0.00787,0.04078,3935.96
2025-02-11,gmacro,buy,0.00189,0.13205,942.93
2025-02-11,bab,buy,0.00268,0.22271,1341.92
2025-02-12,volprem,buy,0.00069,0.46941,345.82
2025-02-12,xs_momentum,buy,0.00141,0.24225,707.26
2025-02-12,breakout,buy,0.00011,0.39722,52.76
2025-02-12,crisis,sell,-0.00089,0.03989,447.24
2025-02-12,gmacro,buy,0.00576,0.13781,2881.98
2025-02-12,bab,sell,-0.0009,0.22181,451.42
2025-02-13,volprem,sell,-0.00292,0.46649,1458.94
2025-02-13,xs_momentum,sell,-0.00277,0.23948,1385.71
2025-02-13,breakout,sell,-0.00289,0.39433,1445.49
2025-02-13,crisis,buy,0.00341,0.0433,1705.95
2025-02-13,gmacro,sell,-0.00097,0.13685,482.86
2025-02-13,bab,sell,-0.00244,0.21937,1218.76
2025-02-14,volprem,buy,0.00967,0.47616,4834.38
2025-02-14,xs_momentum,buy,0.00495,0.24443,2477.15
2025-02-14,breakout,buy,0.00594,0.40028,2972.34
2025-02-14,crisis,sell,-0.01255,0.03075,6276.04
2025-02-14,gmacro,buy,0.004,0.14085,2000.02
2025-02-14,bab,buy,0.00291,0.22228,1456.06
2025-02-15,volprem,sell,-5e-05,0.47611,23.21
2025-02-15,xs_momentum,sell,-0.00143,0.243,716.56
2025-02-15,breakout,sell,-0.03262,0.36766,16309.07
2025-02-15,crisis,sell,-2e-05,0.03072,12.33
2025-02-15,gmacro,sell,-0.00074,0.14011,370.37
2025-02-15,bab,sell,-0.01107,0.21121,5534.63
2025-02-16,xs_momentum,sell,-0.00556,0.23744,2781.69
2025-02-16,breakout,sell,-0.0054,0.36226,2701.0
2025-02-16,crisis,sell,-6e-05,0.03067,28.43
2025-02-16,bab,buy,0.00189,0.21311,946.34
2025-02-17,xs_momentum,sell,-0.00019,0.23724,96.03
2025-02-17,breakout,buy,8e-05,0.36234,40.64
2025-02-17,crisis,buy,7e-05,0.03074,34.73
2025-02-17,gmacro,sell,-0.00011,0.14,53.96
2025-02-17,bab,buy,0.00462,0.21773,2312.06
2025-02-18,xs_momentum,sell,-0.00049,0.23675,247.39
2025-02-18,breakout,buy,0.00106,0.3634,527.99
2025-02-18,crisis,sell,-2e-05,0.03072,7.98
2025-02-18,gmacro,buy,0.00026,0.14026,128.45
2025-02-18,bab,sell,-0.00481,0.21292,2406.79
2025-02-19,volprem,buy,8e-05,0.47619,38.72
2025-02-19,xs_momentum,buy,5e-05,0.2368,27.27
2025-02-19,breakout,sell,-0.00028,0.36312,138.21
2025-02-19,crisis,sell,-0.00054,0.03018,271.63
2025-02-19,gmacro,buy,0.00068,0.14093,338.79
2025-02-19,bab,buy,0.00035,0.21327,174.57
2025-02-20,xs_momentum,buy,0.00012,0.23692,59.39
2025-02-20,breakout,buy,0.00046,0.36358,231.59
2025-02-20,crisis,sell,-0.0,0.03017,2.42
2025-02-20,gmacro,buy,0.05502,0.19595,27508.74
2025-02-20,bab,sell,-0.00094,0.21232,471.22
2025-02-21,volprem,sell,-0.0039,0.47229,1949.29
2025-02-21,xs_momentum,sell,-0.01431,0.22261,7154.02
2025-02-21,breakout,sell,-0.01792,0.34566,8958.54
2025-02-21,crisis,buy,0.00491,0.03508,2452.72
2025-02-21,gmacro,sell,-0.00024,0.19571,121.89
2025-02-21,bab,buy,0.00162,0.21395,810.81
2025-02-22,volprem,sell,-0.02103,0.45126,10515.85
2025-02-22,xs_momentum,sell,-0.0139,0.20871,6951.84
2025-02-22,breakout,sell,-0.01725,0.32842,8624.62
2025-02-22,crisis,buy,0.02613,0.0612,13063.92
2025-02-22,gmacro,sell,-0.01318,0.18253,6587.89
2025-02-22,bab,sell,-0.01977,0.19417,9885.74
2025-02-23,xs_momentum,sell,-0.00487,0.20384,2437.12
2025-02-23,breakout,sell,-0.00571,0.3227,2855.65
2025-02-23,crisis,sell,-0.00019,0.06101,94.78
2025-02-23,bab,sell,-0.0119,0.18228,5948.17
2025-02-24,xs_momentum,sell,-0.00098,0.20286,488.03
2025-02-24,breakout,sell,-0.00115,0.32155,575.14
2025-02-24,crisis,sell,-5e-05,0.06096,26.12
2025-02-24,gmacro,buy,0.00022,0.18275,108.94
2025-02-24,bab,buy,0.0005,0.18278,251.35
2025-02-25,volprem,sell,-0.01374,0.43752,6872.29
2025-02-25,xs_momentum,sell,-0.00572,0.19714,2860.82
2025-02-25,breakout,sell,-0.01811,0.30345,9053.77
2025-02-25,crisis,buy,0.01697,0.07793,8484.73
2025-02-25,gmacro,sell,-0.00582,0.17693,2910.95
2025-02-25,bab,sell,-0.00985,0.17293,4925.67
2025-02-26,volprem,sell,-0.02819,0.40933,14094.76
2025-02-26,xs_momentum,sell,-0.0077,0.18943,3851.91
2025-02-26,breakout,sell,-0.01379,0.28966,6895.48
2025-02-26,crisis,buy,0.01121,0.08915,5607.24
2025-02-26,gmacro,buy,0.00068,0.17761,338.39
2025-02-26,bab,sell,-0.00976,0.16316,4882.5
2025-02-27,volprem,buy,0.00521,0.41454,2605.57
2025-02-27,xs_momentum,buy,0.00095,0.19039,477.06
2025-02-27,breakout,sell,-0.0043,0.28535,2152.0
2025-02-27,crisis,sell,-0.00238,0.08676,1191.4
2025-02-27,gmacro,buy,0.00047,0.17808,236.91
2025-02-27,bab,sell,-0.01624,0.14693,8118.04
2025-02-28,volprem,sell,-0.01334,0.40119,6671.21
2025-02-28,xs_momentum,sell,-0.00742,0.18297,3707.84
2025-02-28,breakout,sell,-0.01162,0.27373,5810.63
2025-02-28,crisis,buy,0.02096,0.10773,10482.17
2025-02-28,gmacro,sell,-0.01505,0.16302,7527.07
2025-02-28,bab,sell,-0.00602,0.1409,3012.08
2025-03-01,volprem,buy,0.01314,0.41433,6569.14
2025-03-01,xs_momentum,buy,0.00703,0.19001,3515.98
2025-03-01,breakout,buy,0.00727,0.281,3634.8
2025-03-01,crisis,sell,-0.01681,0.09092,8404.61
2025-03-01,gmacro,buy,0.00528,0.1683,2639.94
2025-03-01,bab,buy,0.00359,0.1445,1796.3
2025-03-02,xs_momentum,sell,-0.00212,0.18788,1060.49
2025-03-02,breakout,sell,-0.00332,0.27768,1661.91
2025-03-02,crisis,sell,-6e-05,0.09086,28.26
2025-03-02,bab,sell,-0.00246,0.14203,1231.88
2025-03-03,volprem,buy,0.01044,0.42478,5222.0
2025-03-03,xs_momentum,sell,-7e-05,0.18782,34.56
2025-03-03,breakout,sell,-0.00276,0.27492,1377.84
2025-03-03,crisis,sell,-0.006,0.08486,3002.04
2025-03-03,gmacro,sell,-0.00019,0.16812,94.14
2025-03-03,bab,sell,-0.01061,0.13142,5306.19
2025-03-04,volprem,sell,-0.04402,0.38075,22011.64
2025-03-04,xs_momentum,sell,-0.01338,0.17443,6692.16
2025-03-04,breakout,sell,-0.02169,0.25323,10842.85
2025-03-04,crisis,buy,0.03555,0.12041,17775.75
2025-03-04,gmacro,sell,-0.01219,0.15593,6093.33
2025-03-04,bab,sell,-0.01199,0.11943,5996.94
2025-03-05,volprem,buy,0.00064,0.3814,322.12
2025-03-05,xs_momentum,sell,-0.00146,0.17297,731.36
2025-03-05,breakout,sell,-0.00454,0.24869,2271.48
2025-03-05,crisis,buy,0.00301,0.12342,1506.89
2025-03-05,gmacro,sell,-0.00179,0.15414,895.1
2025-03-05,bab,sell,-0.00069,0.11874,344.3
2025-03-06,volprem,buy,0.01102,0.39241,5508.09
2025-03-06,xs_momentum,buy,0.00539,0.17836,2697.1
2025-03-06,breakout,buy,0.00737,0.25607,3687.23
2025-03-06,crisis,sell,-0.01383,0.1096,6912.72
2025-03-06,gmacro,buy,0.00258,0.15672,1292.28
2025-03-06,bab,buy,0.00297,0.12171,1487.1
2025-03-07,volprem,sell,-0.01725,0.37517,8622.54
2025-03-07,xs_momentum,sell,-0.01624,0.16212,8119.77
2025-03-07,breakout,sell,-0.01278,0.24328,6392.35
2025-03-07,crisis,buy,0.02387,0.13347,11936.25
2025-03-07,gmacro,sell,-0.00616,0.15057,3077.75
2025-03-07,bab,sell,-0.00618,0.11553,3090.46
2025-03-08,volprem,buy,0.00728,0.38245,3640.78
2025-03-08,xs_momentum,buy,0.0029,0.16503,1451.27
2025-03-08,breakout,buy,0.00401,0.24729,2004.87
2025-03-08,crisis,sell,-0.00865,0.12482,4323.35
2025-03-08,gmacro,buy,0.00311,0.15368,1556.3
2025-03-08,bab,buy,0.00288,0.11841,1437.77
2025-03-09,xs_momentum,buy,0.0001,0.16513,50.63
2025-03-09,breakout,buy,0.00118,0.24847,591.92
2025-03-09,crisis,buy,1e-05,0.12484,6.94
2025-03-09,bab,buy,2e-05,0.11842,7.83
2025-03-10,volprem,buy,0.0039,0.38635,1949.8
2025-03-10,xs_momentum,buy,0.00184,0.16697,921.22
2025-03-10,breakout,buy,0.00312,0.2516,1560.21
2025-03-10,crisis,sell,-0.0009,0.12394,449.62
2025-03-10,gmacro,buy,5e-05,0.15373,26.49
2025-03-10,bab,sell,-0.00132,0.1171,659.76
2025-03-11,volprem,sell,-0.00765,0.3787,3827.19
2025-03-11,xs_momentum,sell,-0.00307,0.1639,1534.01
2025-03-11,breakout,sell,-0.0045,0.24709,2252.39
2025-03-11,crisis,buy,0.00869,0.13263,4346.32
2025-03-11,gmacro,sell,-0.00112,0.15261,561.85
2025-03-11,bab,sell,-0.00298,0.11412,1490.77
2025-03-12,volprem,buy,8e-05,0.37878,40.87
2025-03-12,xs_momentum,buy,0.00021,0.16411,104.82
2025-03-12,breakout,sell,-0.00195,0.24514,976.41
2025-03-12,crisis,buy,0.00306,0.13569,1531.8
2025-03-12,gmacro,sell,-0.00164,0.15097,818.09
2025-03-12,bab,sell,-0.00071,0.11341,353.37
2025-03-13,volprem,buy,0.01374,0.39252,6871.3
2025-03-13,xs_momentum,buy,0.00545,0.16956,2725.04
2025-03-13,breakout,buy,0.00554,0.25068,2771.64
2025-03-13,crisis,sell,-0.01579,0.1199,7896.39
2025-03-13,gmacro,buy,0.00527,0.15624,2634.38
2025-03-13,bab,buy,0.00393,0.11734,1963.62
2025-03-14,volprem,buy,0.00032,0.39284,160.59
2025-03-14,xs_momentum,buy,8e-05,0.16964,39.13
2025-03-14,breakout,sell,-0.0003,0.25038,148.72
2025-03-14,crisis,buy,0.00079,0.12069,392.96
2025-03-14,gmacro,buy,0.00353,0.15977,1765.9
2025-03-14,bab,sell,-0.00016,0.11718,80.27
2025-03-15,volprem,buy,0.01246,0.4053,6231.22
2025-03-15,xs_momentum,buy,0.00544,0.17508,2719.42
2025-03-15,breakout,buy,0.01035,0.26073,5175.1
2025-03-15,crisis,sell,-0.0149,0.10579,7448.75
2025-03-15,gmacro,buy,0.00699,0.16677,3496.79
2025-03-15,bab,buy,0.00378,0.12096,1890.22
2025-03-16,xs_momentum,buy,0.00019,0.17527,93.69
2025-03-16,breakout,buy,0.00055,0.26128,274.96
2025-03-16,crisis,buy,0.00132,0.10711,660.83
2025-03-16,bab,sell,-0.0002,0.12076,98.57
2025-03-17,volprem,buy,0.00067,0.40597,334.16
2025-03-17,xs_momentum,buy,0.002,0.17727,1001.68
2025-03-17,breakout,sell,-0.00038,0.2609,190.85
2025-03-17,crisis,buy,0.00318,0.11029,1591.02
2025-03-17,gmacro,sell,-3e-05,0.16674,16.7
2025-03-17,bab,buy,0.00019,0.12095,94.52
2025-03-18,volprem,buy,0.00711,0.41308,3556.36
2025-03-18,xs_momentum,buy,0.0029,0.18017,1450.51
2025-03-18,breakout,buy,0.0017,0.2626,849.0
2025-03-18,crisis,sell,-0.00612,0.10418,3058.58
2025-03-18,gmacro,buy,0.00101,0.16774,504.75
2025-03-18,bab,buy,0.00125,0.1222,622.83
2025-03-19,volprem,sell,-0.00609,0.40699,3046.64
2025-03-19,xs_momentum,sell,-0.00279,0.17738,1394.14
2025-03-19,breakout,sell,-0.0024,0.2602,1200.0
2025-03-19,crisis,buy,0.00849,0.11267,4246.61
2025-03-19,gmacro,buy,0.00055,0.16829,274.71
2025-03-19,bab,sell,-0.00207,0.12013,1033.61
2025-03-20,volprem,buy,0.00771,0.41471,3857.25
2025-03-20,xs_momentum,buy,0.00349,0.18087,1743.38
2025-03-20,breakout,buy,0.00438,0.26458,2191.18
2025-03-20,crisis,sell,-0.00872,0.10395,4359.68
2025-03-20,gmacro,sell,-0.00929,0.159,4646.89
2025-03-20,bab,buy,0.0132,0.13333,6598.26
2025-03-21,volprem,sell,-0.00191,0.4128,954.27
2025-03-21,xs_momentum,buy,0.00328,0.18415,1638.52
2025-03-21,breakout,sell,-0.00122,0.26336,609.02
2025-03-21,crisis,buy,0.00803,0.11198,4014.12
2025-03-21,gmacro,sell,-0.00962,0.14938,4812.47
2025-03-21,bab,sell,-0.0004,0.13292,202.39
2025-03-22,volprem,sell,-0.00174,0.41106,870.89
2025-03-22,xs_momentum,sell,-2e-05,0.18413,9.5
2025-03-22,breakout,buy,0.00043,0.26379,212.77
2025-03-22,crisis,buy,0.00738,0.11936,3689.37
2025-03-22,gmacro,buy,0.00322,0.1526,1610.44
2025-03-22,bab,sell,-0.00055,0.13237,276.44
2025-03-23,xs_momentum,sell,-0.00154,0.18259,768.86
2025-03-23,breakout,sell,-0.00124,0.26255,618.76
2025-03-23,crisis,buy,0.0002,0.11956,99.73
2025-03-23,bab,buy,4e-05,0.13241,18.66
2025-03-24,xs_momentum,sell,-0.00173,0.18086,864.1
2025-03-24,breakout,sell,-0.00084,0.26171,420.02
2025-03-24,crisis,sell,-3e-05,0.11952,16.29
2025-03-24,gmacro,buy,0.00271,0.1553,1353.81
2025-03-24,bab,sell,-4e-05,0.13237,19.45
2025-03-25,volprem,buy,0.01194,0.42299,5969.06
2025-03-25,xs_momentum,buy,0.00509,0.18595,2542.88
2025-03-25,breakout,buy,0.0029,0.26462,1451.32
2025-03-25,crisis,sell,-0.01643,0.10309,8215.73
2025-03-25,gmacro,buy,0.00428,0.15958,2140.45
2025-03-25,bab,buy,0.00361,0.13598,1803.83
2025-03-26,volprem,buy,0.00169,0.42468,842.6
2025-03-26,xs_momentum,buy,0.00401,0.18995,2003.95
2025-03-26,breakout,buy,0.00267,0.26729,1336.24
2025-03-26,crisis,sell,-0.00224,0.10085,1121.71
2025-03-26,gmacro,sell,-0.02237,0.13721,11185.03
2025-03-26,bab,buy,0.00067,0.13664,334.13
2025-03-27,volprem,sell,-0.00826,0.41642,4129.49
2025-03-27,xs_momentum,sell,-0.00354,0.18641,1770.94
2025-03-27,breakout,sell,-0.00532,0.26197,2660.94
2025-03-27,crisis,buy,0.01105,0.1119,5526.99
2025-03-27,gmacro,sell,-0.00443,0.13278,2216.25
2025-03-27,bab,sell,-0.00256,0.13409,1278.65
2025-03-28,volprem,sell,-0.00177,0.41465,886.22
2025-03-28,xs_momentum,sell,-0.00132,0.18509,660.38
2025-03-28,breakout,sell,-0.00094,0.26103,470.24
2025-03-28,crisis,buy,0.00277,0.11468,1386.65
2025-03-28,gmacro,sell,-0.00354,0.12925,1768.08
2025-03-28,bab,sell,-0.00037,0.13371,186.67
2025-03-29,volprem,sell,-0.01293,0.40172,6465.69
2025-03-29,xs_momentum,sell,-0.00355,0.18154,1777.31
2025-03-29,breakout,sell,-0.01165,0.24937,5825.37
2025-03-29,crisis,buy,0.01915,0.13383,9575.04
2025-03-29,gmacro,sell,-0.00063,0.12862,312.85
2025-03-29,bab,sell,-0.00405,0.12966,2026.66
2025-03-30,xs_momentum,buy,0.00954,0.19107,4769.16
2025-03-30,breakout,buy,0.00619,0.25556,3093.99
2025-03-30,crisis,buy,0.00044,0.13426,217.86
2025-03-30,bab,buy,0.00093,0.13059,464.38
2025-03-31,xs_momentum,sell,-1e-05,0.19107,2.98
2025-03-31,breakout,buy,0.00251,0.25807,1254.92
2025-03-31,crisis,buy,2e-05,0.13429,12.47
2025-03-31,gmacro,buy,3e-05,0.12865,16.67
2025-03-31,bab,sell,-0.00012,0.13047,60.47
2025-04-01,volprem,buy,0.00145,0.40317,724.88
2025-04-01,xs_momentum,sell,-0.0005,0.19057,248.29
2025-04-01,breakout,buy,0.00025,0.25833,126.66
2025-04-01,crisis,sell,-0.00164,0.13265,818.76
2025-04-01,gmacro,buy,0.00037,0.12902,184.2
2025-04-01,bab,buy,0.00035,0.13082,173.66
2025-04-02,volprem,buy,0.00446,0.40763,2230.58
2025-04-02,xs_momentum,buy,0.00137,0.19194,683.67
2025-04-02,breakout,buy,0.00544,0.26376,2718.72
2025-04-02,crisis,sell,-0.00615,0.1265,3076.35
2025-04-02,gmacro,sell,-0.00124,0.12779,618.14
2025-04-02,bab,buy,0.0034,0.13421,1697.8
2025-04-03,volprem,buy,0.00176,0.40939,881.47
2025-04-03,xs_momentum,buy,0.00413,0.19607,2065.45
2025-04-03,breakout,sell,-0.00292,0.26084,1459.0
2025-04-03,crisis,sell,-0.00243,0.12407,1213.16
2025-04-03,gmacro,buy,0.00063,0.12842,314.66
2025-04-03,bab,buy,0.00057,0.13478,285.89
2025-04-04,volprem,sell,-0.02477,0.38462,12387.41
2025-04-04,xs_momentum,sell,-0.01138,0.18469,5688.19
2025-04-04,breakout,sell,-0.01021,0.25064,5104.7
2025-04-04,crisis,buy,0.12435,0.24842,62172.69
2025-04-04,gmacro,sell,-0.02447,0.10394,12237.41
2025-04-04,bab,sell,-0.00778,0.127,3891.76
2025-04-05,xs_momentum,sell,-0.00288,0.18181,1440.68
2025-04-05,breakout,buy,0.00053,0.25116,264.39
2025-04-05,crisis,sell,-0.00025,0.24816,125.98
2025-04-05,gmacro,sell,-0.00046,0.10348,229.85
2025-04-05,bab,sell,-0.00034,0.12666,168.08
2025-04-06,xs_momentum,sell,-0.0013,0.18052,647.79
2025-04-06,breakout,buy,0.00061,0.25177,303.67
2025-04-06,crisis,buy,0.00013,0.24829,63.8
2025-04-06,bab,sell,-0.00153,0.12513,767.38
2025-04-07,xs_momentum,sell,-0.0053,0.17522,2650.08
2025-04-07,breakout,sell,-0.00981,0.24196,4905.98
2025-04-07,crisis,sell,-0.01122,0.23707,5609.56
2025-04-07,gmacro,sell,-3e-05,0.10345,16.78
2025-04-07,bab,sell,-0.00143,0.1237,712.76
2025-04-08,xs_momentum,buy,0.00174,0.17696,872.12
2025-04-08,breakout,buy,0.00394,0.2459,1970.59
2025-04-08,crisis,buy,0.00014,0.23722,72.13
2025-04-08,gmacro,sell,-0.00219,0.10126,1095.16
2025-04-08,bab,sell,-0.00018,0.12353,87.51
2025-04-09,xs_momentum,sell,-0.0027,0.17426,1351.26
2025-04-09,breakout,sell,-0.00182,0.24409,907.75
2025-04-09,crisis,sell,-0.00371,0.23351,1855.33
2025-04-09,gmacro,sell,-0.00239,0.09887,1194.4
2025-04-09,bab,buy,2e-05,0.12355,11.9
2025-04-10,xs_momentum,buy,0.00043,0.17469,214.67
2025-04-10,breakout,buy,0.00122,0.24531,612.42
2025-04-10,crisis,sell,-0.02538,0.20813,12690.37
2025-04-10,gmacro,sell,-0.00423,0.09464,2115.08
2025-04-10,bab,buy,0.00059,0.12414,294.9
2025-04-11,xs_momentum,sell,-0.00705,0.16764,3523.19
2025-04-11,breakout,buy,0.00082,0.24613,409.43
2025-04-11,crisis,sell,-0.00026,0.20787,129.51
2025-04-11,gmacro,sell,-0.00077,0.09387,384.14
2025-04-11,bab,buy,0.00053,0.12467,265.03
2025-04-12,xs_momentum,sell,-0.00037,0.16728,183.31
2025-04-12,breakout,sell,-0.00191,0.24422,954.52
2025-04-12,crisis,sell,-0.00014,0.20773,68.56
2025-04-12,gmacro,sell,-8e-05,0.09379,37.92
2025-04-12,bab,sell,-0.00088,0.1238,438.41
2025-04-13,xs_momentum,sell,-0.00124,0.16604,619.02
2025-04-13,breakout,sell,-0.00088,0.24334,441.06
2025-04-13,crisis,sell,-0.00011,0.20762,54.52
2025-04-13,bab,buy,0.00098,0.12477,488.4
2025-04-14,xs_momentum,buy,0.00046,0.1665,230.7
2025-04-14,breakout,sell,-0.00425,0.23909,2124.05
2025-04-14,crisis,buy,0.00344,0.21106,1721.93
2025-04-14,gmacro,sell,-0.0,0.09379,1.32
2025-04-14,bab,buy,0.00099,0.12576,494.37
2025-04-15,xs_momentum,sell,-0.0005,0.16599,252.39
2025-04-15,breakout,buy,0.00141,0.2405,704.35
2025-04-15,crisis,buy,0.00084,0.2119,419.52
2025-04-15,gmacro,buy,7e-05,0.09386,32.94
2025-04-15,bab,buy,2e-05,0.12578,11.98
2025-04-16,xs_momentum,sell,-0.00102,0.16497,511.34
2025-04-16,breakout,buy,0.00889,0.24939,4444.22
2025-04-16,crisis,buy,0.00125,0.21315,624.41
2025-04-16,gmacro,buy,0.00036,0.09422,181.64
2025-04-16,bab,buy,0.00203,0.12782,1015.19
2025-04-17,xs_momentum,buy,0.00361,0.16858,1803.2
2025-04-17,breakout,buy,0.00117,0.25055,582.66
2025-04-17,crisis,buy,0.00049,0.21364,243.32
2025-04-17,gmacro,sell,-1e-05,0.09421,3.15
2025-04-17,bab,buy,0.00101,0.12882,503.59
2025-04-18,xs_momentum,sell,-7e-05,0.16851,33.19
2025-04-18,breakout,sell,-0.00017,0.25038,85.7
2025-04-18,crisis,buy,0.00033,0.21397,166.59
2025-04-18,gmacro,buy,5e-05,0.09426,23.41
2025-04-18,bab,sell,-0.00048,0.12834,239.66
2025-04-19,xs_momentum,sell,-0.01321,0.1553,6607.16
2025-04-19,breakout,sell,-0.00193,0.24845,967.03
2025-04-19,crisis,buy,0.00028,0.21425,138.96
2025-04-19,gmacro,buy,0.0018,0.09606,901.71
2025-04-19,bab,buy,0.00076,0.1291,379.84
2025-04-20,xs_momentum,sell,-0.00075,0.15454,376.58
2025-04-20,breakout,buy,0.0,0.24845,2.22
2025-04-20,crisis,buy,0.00805,0.2223,4024.74
2025-04-20,gmacro,sell,-0.0,0.09606,2.13
2025-04-20,bab,buy,1e-05,0.12912,7.47
2025-04-21,xs_momentum,sell,-0.00021,0.15433,104.58
2025-04-21,breakout,sell,-0.00021,0.24824,104.79
2025-04-21,crisis,buy,3e-05,0.22233,16.67
2025-04-21,gmacro,sell,-0.0,0.09606,2.35
2025-04-21,bab,buy,0.00076,0.12988,380.44
2025-04-22,xs_momentum,buy,0.00536,0.1597,2680.36
2025-04-22,breakout,buy,0.00745,0.25569,3724.17
2025-04-22,crisis,sell,-0.00022,0.22212,108.78
2025-04-22,gmacro,sell,-7e-05,0.09598,36.74
2025-04-22,bab,sell,-0.00026,0.12962,128.82
2025-04-23,xs_momentum,buy,0.00169,0.16139,845.7
2025-04-23,breakout,sell,-0.00754,0.24815,3770.07
2025-04-23,crisis,buy,0.00375,0.22587,1876.23
2025-04-23,gmacro,sell,-0.0001,0.09588,52.18
2025-04-23,bab,buy,0.00277,0.13239,1384.88
2025-04-24,xs_momentum,buy,0.00399,0.16538,1995.77
2025-04-24,breakout,sell,-0.00264,0.24551,1320.19
2025-04-24,crisis,buy,0.0008,0.22667,401.17
2025-04-24,gmacro,sell,-5e-05,0.09582,27.28
2025-04-24,bab,buy,0.00479,0.13718,2396.56
2025-04-25,volprem,buy,0.0075,0.39211,3747.98
2025-04-25,xs_momentum,buy,0.00347,0.16885,1734.07
2025-04-25,breakout,buy,0.00595,0.25146,2974.59
2025-04-25,crisis,sell,-0.01431,0.21236,7153.05
2025-04-25,gmacro,buy,0.00234,0.09816,1168.93
2025-04-25,bab,buy,0.00281,0.13999,1405.0
2025-04-26,volprem,buy,0.00417,0.39628,2086.23
2025-04-26,xs_momentum,buy,0.00179,0.17064,896.26
2025-04-26,breakout,buy,0.00669,0.25815,3345.75
2025-04-26,crisis,sell,-0.00671,0.20565,3354.82
2025-04-26,gmacro,buy,0.00105,0.09921,524.09
2025-04-26,bab,buy,0.00379,0.14378,1893.16
2025-04-27,xs_momentum,buy,0.00157,0.17221,786.03
2025-04-27,breakout,buy,0.00302,0.26117,1511.76
2025-04-27,crisis,sell,-1e-05,0.20565,4.54
2025-04-27,gmacro,buy,2e-05,0.09923,8.91
2025-04-27,bab,buy,0.0042,0.14798,2099.43
2025-04-28,xs_momentum,sell,-0.00415,0.16806,2075.41
2025-04-28,breakout,sell,-0.00141,0.25976,707.46
2025-04-28,crisis,buy,0.00079,0.20644,394.76
2025-04-28,gmacro,buy,4e-05,0.09927,20.87
2025-04-28,bab,buy,0.02053,0.1685,10262.93
2025-04-29,volprem,buy,0.00022,0.39651,112.14
2025-04-29,xs_momentum,sell,-0.00016,0.1679,80.87
2025-04-29,breakout,buy,0.00024,0.26,121.08
2025-04-29,crisis,buy,0.00036,0.20679,177.91
2025-04-29,gmacro,buy,0.00057,0.09984,283.93
2025-04-29,bab,buy,0.00069,0.16919,343.98
2025-04-30,volprem,buy,0.00374,0.40025,1871.83
2025-04-30,xs_momentum,buy,0.00145,0.16935,724.85
2025-04-30,breakout,buy,0.00266,0.26267,1332.34
2025-04-30,crisis,sell,-0.00748,0.19931,3740.46
2025-04-30,gmacro,buy,0.00091,0.10075,454.8
2025-04-30,bab,buy,0.00321,0.1724,1603.56
2025-05-01,volprem,buy,0.00024,0.40049,119.85
2025-05-01,xs_momentum,buy,0.00338,0.17273,1690.6
2025-05-01,breakout,buy,0.00461,0.26727,2304.01
2025-05-01,crisis,sell,-0.00018,0.19913,90.2
2025-05-01,gmacro,buy,0.00191,0.10265,954.12
2025-05-01,bab,buy,0.00425,0.17665,2124.94
2025-05-02,volprem,buy,0.00433,0.40482,2165.7
2025-05-02,xs_momentum,buy,0.00197,0.1747,986.95
2025-05-02,breakout,buy,0.00852,0.27579,4259.01
2025-05-02,crisis,buy,0.04488,0.24401,22440.04
2025-05-02,gmacro,buy,0.0011,0.10376,552.01
2025-05-02,bab,buy,0.03739,0.21404,18695.03
2025-05-03,volprem,buy,0.00945,0.41427,4725.6
2025-05-03,xs_momentum,buy,0.00421,0.17891,2105.43
2025-05-03,breakout,buy,0.00975,0.28554,4876.33
2025-05-03,crisis,sell,-0.02396,0.22005,11981.35
2025-05-03,gmacro,buy,0.00247,0.10623,1234.91
2025-05-03,bab,buy,0.02201,0.23605,11006.31
2025-05-04,xs_momentum,sell,-0.00272,0.17619,1361.59
2025-05-04,breakout,sell,-0.00061,0.28494,304.66
2025-05-04,crisis,sell,-5e-05,0.21999,27.22
2025-05-04,gmacro,buy,0.00015,0.10637,73.57
2025-05-04,bab,buy,0.00179,0.23784,894.56
2025-05-05,xs_momentum,buy,0.00025,0.17644,126.9
2025-05-05,breakout,sell,-0.00012,0.28482,57.53
2025-05-05,crisis,sell,-0.00022,0.21977,109.99
2025-05-05,gmacro,buy,0.00021,0.10658,104.59
2025-05-05,bab,buy,0.00618,0.24402,3090.49
2025-05-06,volprem,sell,-0.00376,0.41052,1878.67
2025-05-06,xs_momentum,buy,0.00532,0.18176,2657.84
2025-05-06,breakout,sell,-0.00461,0.28021,2307.3
2025-05-06,crisis,buy,0.01007,0.22984,5033.51
2025-05-06,gmacro,buy,0.0017,0.10829,851.03
2025-05-06,bab,sell,-0.00572,0.23831,2857.6
2025-05-07,volprem,sell,-0.00533,0.40519,2662.94
2025-05-07,xs_momentum,sell,-0.00171,0.18005,854.2
2025-05-07,breakout,sell,-0.00332,0.27689,1660.2
2025-05-07,crisis,buy,0.01377,0.24361,6887.34
2025-05-07,gmacro,sell,-0.00141,0.10688,704.76
2025-05-07,bab,sell,-0.0016,0.23671,800.9
2025-05-08,volprem,buy,0.00264,0.40783,1319.96
2025-05-08,xs_momentum,buy,0.00047,0.18052,233.26
2025-05-08,breakout,buy,0.0018,0.27868,899.77
2025-05-08,crisis,sell,-0.00697,0.23665,3484.64
2025-05-08,gmacro,buy,0.00077,0.10764,384.05
2025-05-08,bab,buy,0.00306,0.23977,1531.4
2025-05-09,volprem,buy,0.00447,0.4123,2234.68
2025-05-09,xs_momentum,buy,0.00375,0.18427,1873.75
2025-05-09,breakout,sell,-0.00681,0.27187,3405.02
2025-05-09,crisis,sell,-0.00534,0.23131,2668.69
2025-05-09,gmacro,buy,0.00021,0.10785,103.47
2025-05-09,bab,buy,0.00142,0.24118,708.05
2025-05-10,volprem,sell,-0.00083,0.41147,415.16
2025-05-10,xs_momentum,sell,-0.00287,0.18139,1436.41
2025-05-10,breakout,sell,-0.00831,0.26357,4153.48
2025-05-10,crisis,buy,0.00378,0.23508,1888.48
2025-05-10,gmacro,sell,-0.00022,0.10763,111.41
2025-05-10,bab,buy,0.0032,0.24438,1600.15
2025-05-11,xs_momentum,sell,-0.00369,0.1777,1845.87
2025-05-11,breakout,sell,-0.0053,0.25827,2650.87
2025-05-11,crisis,sell,-0.01663,0.21845,8315.24
2025-05-11,gmacro,buy,0.00151,0.10914,754.98
2025-05-11,bab,sell,-0.01649,0.2279,8244.83
2025-05-12,xs_momentum,sell,-0.00012,0.17758,61.72
2025-05-12,breakout,buy,0.00195,0.26022,976.34
2025-05-12,crisis,sell,-0.0079,0.21055,3949.82
2025-05-12,gmacro,sell,-0.0,0.10914,1.2
2025-05-12,bab,sell,-0.00795,0.21995,3973.28
2025-05-13,volprem,buy,0.02265,0.43412,11323.22
2025-05-13,xs_momentum,buy,0.00563,0.1832,2813.36
2025-05-13,breakout,buy,0.01404,0.27426,7020.32
2025-05-13,crisis,sell,-0.05242,0.15814,26209.27
2025-05-13,gmacro,buy,0.00615,0.11529,3077.28
2025-05-13,bab,buy,0.01203,0.23198,6014.86
2025-05-14,volprem,buy,0.00499,0.43911,2494.52
2025-05-14,xs_momentum,buy,0.00169,0.1849,846.36
2025-05-14,breakout,buy,0.00362,0.27788,1808.36
2025-05-14,crisis,sell,-0.01032,0.14781,5162.15
2025-05-14,gmacro,buy,0.00133,0.11662,662.54
2025-05-14,bab,buy,0.00251,0.23449,1256.75
2025-05-15,volprem,buy,0.00099,0.44009,492.63
2025-05-15,xs_momentum,sell,-2e-05,0.18487,11.41
2025-05-15,breakout,buy,0.00017,0.27804,82.82
2025-05-15,crisis,sell,-0.00259,0.14523,1292.77
2025-05-15,gmacro,buy,0.00075,0.11737,375.98
2025-05-15,bab,buy,0.00152,0.23601,758.11
2025-05-16,volprem,buy,0.00381,0.4439,1905.71
2025-05-16,xs_momentum,buy,0.00218,0.18706,1091.86
2025-05-16,breakout,buy,0.00171,0.27975,852.6
2025-05-16,crisis,sell,-0.00983,0.1354,4915.03
2025-05-16,gmacro,buy,0.00153,0.1189,765.58
2025-05-16,bab,buy,0.00206,0.23807,1030.11
2025-05-17,volprem,buy,0.00507,0.44897,2533.5
2025-05-17,xs_momentum,buy,0.00229,0.18935,1146.37
2025-05-17,breakout,buy,0.00547,0.28521,2733.04
2025-05-17,crisis,sell,-0.01214,0.12326,6069.01
2025-05-17,gmacro,buy,0.00128,0.12018,639.48
2025-05-17,bab,buy,0.00507,0.24314,2535.29
2025-05-18,xs_momentum,sell,-0.00019,0.18916,95.52
2025-05-18,breakout,sell,-0.00025,0.28496,127.32
2025-05-18,crisis,buy,0.00026,0.12352,128.75
2025-05-18,gmacro,buy,0.0001,0.12027,47.86
2025-05-18,bab,sell,-0.00084,0.24229,421.92
2025-05-19,xs_momentum,sell,-0.00041,0.18875,206.7
2025-05-19,breakout,sell,-0.0012,0.28375,602.3
2025-05-19,crisis,sell,-0.00409,0.11943,2042.75
2025-05-19,gmacro,buy,3e-05,0.12031,17.43
2025-05-19,bab,sell,-0.00039,0.24191,192.96
2025-05-20,volprem,buy,0.00089,0.44986,446.21
2025-05-20,xs_momentum,buy,0.001,0.18974,498.82
2025-05-20,breakout,buy,0.00049,0.28424,242.65
2025-05-20,crisis,sell,-0.00199,0.11744,994.52
2025-05-20,gmacro,buy,0.00021,0.12052,107.1
2025-05-20,bab,sell,-0.00089,0.24102,446.67
2025-05-21,volprem,sell,-0.00273,0.44713,1367.37
2025-05-21,xs_momentum,sell,-0.00079,0.18895,395.56
2025-05-21,breakout,sell,-0.00106,0.28318,529.57
2025-05-21,crisis,buy,0.00648,0.12392,3241.64
2025-05-21,gmacro,sell,-0.0007,0.11982,351.16
2025-05-21,bab,sell,-0.0063,0.23471,3151.33
2025-05-22,volprem,sell,-0.01318,0.43395,6588.44
2025-05-22,xs_momentum,sell,-0.00748,0.18147,3742.43
2025-05-22,breakout,sell,-0.00731,0.27587,3656.41
2025-05-22,crisis,buy,0.02926,0.15319,14631.31
2025-05-22,gmacro,sell,-0.00187,0.11796,932.75
2025-05-22,bab,sell,-0.01219,0.22253,6093.34
2025-05-23,volprem,buy,0.00029,0.43424,147.34
2025-05-23,xs_momentum,buy,0.00154,0.18301,770.6
2025-05-23,breakout,sell,-0.00023,0.27563,117.18
2025-05-23,crisis,sell,-0.0006,0.15258,302.0
2025-05-23,gmacro,buy,0.00442,0.12238,2211.59
2025-05-23,bab,sell,-0.00018,0.22234,91.21
2025-05-24,volprem,sell,-0.00504,0.4292,2521.34
2025-05-24,xs_momentum,sell,-0.00315,0.17985,1577.48
2025-05-24,breakout,buy,0.00077,0.2764,384.76
2025-05-24,crisis,buy,0.01327,0.16585,6635.16
2025-05-24,gmacro,buy,0.0009,0.12328,448.85
2025-05-24,bab,sell,-0.00512,0.21723,2559.3
2025-05-25,xs_momentum,sell,-0.00257,0.17728,1286.79
2025-05-25,breakout,buy,0.00023,0.27663,113.7
2025-05-25,crisis,sell,-6e-05,0.1658,28.79
2025-05-25,gmacro,buy,0.00068,0.12396,339.88
2025-05-25,bab,sell,-0.00213,0.21509,1065.23
2025-05-26,xs_momentum,buy,0.00162,0.1789,807.92
2025-05-26,breakout,buy,0.00017,0.2768,84.8
2025-05-26,crisis,sell,-0.00091,0.16488,456.91
2025-05-26,gmacro,buy,0.00081,0.12476,403.61
2025-05-26,bab,sell,-0.00013,0.21497,63.63
2025-05-27,xs_momentum,buy,0.00098,0.17988,491.65
2025-05-27,breakout,buy,5e-05,0.27684,22.64
2025-05-27,crisis,buy,0.00056,0.16545,282.0
2025-05-27,gmacro,buy,0.00012,0.12488,59.7
2025-05-27,bab,buy,0.00127,0.21624,635.79
2025-05-28,volprem,buy,0.01563,0.44483,7813.2
2025-05-28,xs_momentum,buy,0.00739,0.18727,3696.66
2025-05-28,breakout,buy,0.01736,0.2942,8680.19
2025-05-28,crisis,sell,-0.03841,0.12704,19204.19
2025-05-28,gmacro,buy,0.02079,0.14568,10397.25
2025-05-28,bab,buy,0.00827,0.22451,4135.24
2025-05-29,volprem,sell,-0.00455,0.44027,2276.64
2025-05-29,xs_momentum,sell,-0.00163,0.18565,813.39
2025-05-29,breakout,buy,0.00146,0.29566,729.02
2025-05-29,crisis,buy,0.01053,0.13756,5263.06
2025-05-29,bab,sell,-0.00236,0.22215,1180.86
2025-05-30,volprem,buy,0.00308,0.44335,1539.26
2025-05-30,xs_momentum,buy,0.00143,0.18708,716.41
2025-05-30,breakout,buy,0.002,0.29766,1000.19
2025-05-30,crisis,sell,-0.00723,0.13034,3612.8
2025-05-30,gmacro,buy,0.00396,0.14963,1978.41
2025-05-30,bab,buy,0.00212,0.22427,1060.03
2025-05-31,volprem,sell,-0.00088,0.44247,440.06
2025-05-31,xs_momentum,sell,-0.00091,0.18617,453.3
2025-05-31,breakout,sell,-0.00276,0.2949,1380.47
2025-05-31,crisis,buy,0.00171,0.13205,857.42
2025-05-31,gmacro,sell,-0.00171,0.14793,852.62
2025-05-31,bab,sell,-0.00146,0.22281,728.94
2025-06-01,xs_momentum,sell,-0.00382,0.18235,1910.09
2025-06-01,breakout,buy,0.00011,0.29501,54.13
2025-06-01,crisis,buy,0.00018,0.13223,90.59
2025-06-01,gmacro,buy,1e-05,0.14794,7.04
2025-06-01,bab,buy,7e-05,0.22288,32.68
2025-06-02,xs_momentum,sell,-0.00049,0.18186,244.37
2025-06-02,breakout,buy,0.01067,0.30568,5335.87
2025-06-02,crisis,buy,2e-05,0.13225,8.98
2025-06-02,gmacro,buy,0.00038,0.14832,188.34
2025-06-02,bab,buy,3e-05,0.22291,15.68
2025-06-03,volprem,buy,0.00446,0.44694,2231.62
2025-06-03,xs_momentum,buy,0.00209,0.18395,1045.02
2025-06-03,breakout,buy,0.00321,0.30889,1606.0
2025-06-03,crisis,sell,-0.01093,0.12132,5464.1
2025-06-03,gmacro,buy,0.00344,0.15176,1722.13
2025-06-03,bab,buy,0.00063,0.22354,316.96
2025-06-04,volprem,buy,0.00464,0.45157,2318.68
2025-06-04,xs_momentum,buy,0.00445,0.1884,2223.47
2025-06-04,breakout,buy,0.00327,0.31217,1636.46
2025-06-04,crisis,sell,-0.01047,0.11086,5232.85
2025-06-04,gmacro,buy,0.00065,0.15241,324.24
2025-06-04,bab,buy,0.00468,0.22822,2338.08
2025-06-05,volprem,sell,-0.00022,0.45135,110.87
2025-06-05,xs_momentum,buy,0.00059,0.18899,293.06
2025-06-05,breakout,sell,-0.00083,0.31133,416.59
2025-06-05,crisis,buy,9e-05,0.11095,45.31
2025-06-05,gmacro,buy,0.04523,0.19764,22615.53
2025-06-05,bab,buy,0.00598,0.2342,2992.31
2025-06-06,volprem,sell,-0.00395,0.4474,1976.75
2025-06-06,xs_momentum,buy,0.00321,0.19219,1602.88
2025-06-06,breakout,buy,0.01279,0.32412,6394.49
2025-06-06,crisis,buy,0.01617,0.12711,8083.03
2025-06-06,gmacro,sell,-0.00911,0.18853,4554.26
2025-06-06,bab,sell,-0.00539,0.22881,2696.22
2025-06-07,volprem,buy,0.00844,0.45584,4221.58
2025-06-07,xs_momentum,buy,0.00225,0.19444,1125.59
2025-06-07,breakout,buy,0.00628,0.33041,3141.79
2025-06-07,crisis,sell,-0.02042,0.1067,10207.83
2025-06-07,gmacro,buy,0.00297,0.19151,1486.55
2025-06-07,bab,buy,0.0055,0.2343,2747.84
2025-06-08,xs_momentum,buy,0.00196,0.1964,979.79
2025-06-08,breakout,buy,0.00487,0.33528,2437.42
2025-06-08,crisis,buy,0.00281,0.10951,1403.85
2025-06-08,gmacro,buy,0.0093,0.20081,4651.24
2025-06-08,bab,buy,0.00078,0.23508,387.86
2025-06-09,xs_momentum,buy,0.00519,0.20159,2592.7
2025-06-09,breakout,buy,0.0057,0.34098,2849.54
2025-06-09,crisis,buy,0.03352,0.14302,16758.19
2025-06-09,gmacro,buy,0.0141,0.21491,7049.76
2025-06-09,bab,sell,-0.00052,0.23456,260.04
2025-06-10,volprem,buy,0.00076,0.45661,382.02
2025-06-10,xs_momentum,buy,0.00883,0.21042,4415.04
2025-06-10,breakout,buy,0.00173,0.34271,866.29
2025-06-10,crisis,sell,-0.0,0.14302,0.59
2025-06-10,gmacro,buy,0.04547,0.26038,22735.83
2025-06-10,bab,buy,0.00512,0.23968,2560.29
2025-06-11,volprem,buy,0.00487,0.46148,2435.12
2025-06-11,xs_momentum,sell,-0.00059,0.20983,293.1
2025-06-11,breakout,buy,0.00441,0.34712,2204.43
2025-06-11,crisis,sell,-0.01705,0.12597,8524.24
2025-06-11,gmacro,sell,-0.02628,0.23411,13137.53
2025-06-11,bab,buy,0.00247,0.24215,1234.84
2025-06-12,volprem,sell,-0.00248,0.459,1238.35
2025-06-12,xs_momentum,buy,0.00054,0.21037,269.01
2025-06-12,breakout,buy,0.00022,0.34735,112.4
2025-06-12,crisis,buy,0.00782,0.13379,3908.07
2025-06-12,gmacro,sell,-0.01359,0.22052,6795.08
2025-06-12,bab,sell,-0.00231,0.23984,1153.72
2025-06-13,volprem,buy,0.00345,0.46245,1724.34
2025-06-13,xs_momentum,buy,0.00149,0.21186,743.77
2025-06-13,breakout,buy,0.00985,0.3572,4925.56
2025-06-13,crisis,sell,-0.0111,0.12269,5551.97
2025-06-13,gmacro,sell,-0.03218,0.18834,16089.6
2025-06-13,bab,buy,0.00223,0.24208,1117.36
2025-06-14,volprem,sell,-0.00961,0.45284,4804.61
2025-06-14,xs_momentum,sell,-0.0037,0.20816,1850.8
2025-06-14,breakout,sell,-0.00853,0.34867,4264.79
2025-06-14,crisis,buy,0.03104,0.15372,15518.86
2025-06-14,gmacro,sell,-0.01392,0.17442,6960.93
2025-06-14,bab,sell,-0.00514,0.23694,2567.55
2025-06-15,xs_momentum,buy,0.00199,0.21014,992.67
2025-06-15,breakout,buy,0.0066,0.35526,3298.21
2025-06-15,crisis,buy,8e-05,0.1538,37.69
2025-06-15,gmacro,buy,0.0004,0.17482,200.77
2025-06-15,bab,buy,0.00041,0.23735,204.39
2025-06-16,xs_momentum,sell,-0.00018,0.20996,91.06
2025-06-16,breakout,buy,0.00584,0.36111,2921.62
2025-06-16,crisis,buy,0.00053,0.15433,264.45
2025-06-16,gmacro,buy,0.0002,0.17502,102.39
2025-06-16,bab,buy,0.00298,0.24033,1489.37
2025-06-17,volprem,buy,0.00806,0.4609,4029.43
2025-06-17,xs_momentum,buy,0.00226,0.21222,1131.16
2025-06-17,breakout,buy,0.00564,0.36674,2817.76
2025-06-17,crisis,sell,-0.0281,0.12622,14052.01
2025-06-17,gmacro,buy,0.00057,0.17559,284.91
2025-06-17,bab,buy,0.00045,0.24078,223.76
2025-06-18,volprem,sell,-0.01501,0.44588,7506.51
2025-06-18,xs_momentum,buy,0.01693,0.22916,8467.48
2025-06-18,breakout,sell,-0.01271,0.35403,6354.35
2025-06-18,crisis,buy,0.04208,0.1683,21039.56
2025-06-18,gmacro,sell,-0.03842,0.13717,19211.3
2025-06-18,bab,sell,-0.00784,0.23294,3917.59
2025-06-19,volprem,buy,0.00757,0.45345,3784.17
2025-06-19,xs_momentum,buy,0.00619,0.23535,3096.35
2025-06-19,breakout,buy,0.00885,0.36288,4424.45
2025-06-19,crisis,sell,-0.02354,0.14476,11769.91
2025-06-19,gmacro,buy,0.00216,0.13933,1079.16
2025-06-19,bab,buy,0.00388,0.23682,1941.02
2025-06-20,volprem,sell,-0.04756,0.4059,23777.89
2025-06-20,xs_momentum,sell,-0.02416,0.21119,12078.05
2025-06-20,breakout,sell,-0.03864,0.32424,19321.3
2025-06-20,crisis,buy,0.1468,0.29156,73400.81
2025-06-20,gmacro,sell,-0.0176,0.12173,8799.87
2025-06-20,bab,sell,-0.02427,0.21255,12136.69
2025-06-21,volprem,buy,0.04318,0.44908,21590.7
2025-06-21,xs_momentum,buy,0.02242,0.23361,11208.55
2025-06-21,breakout,buy,0.03394,0.35818,16968.03
2025-06-21,crisis,sell,-0.13516,0.1564,67580.71
2025-06-21,gmacro,buy,0.01108,0.13281,5540.41
2025-06-21,bab,buy,0.02281,0.23536,11403.74
2025-06-22,xs_momentum,buy,0.00019,0.2338,94.83
2025-06-22,breakout,buy,0.0145,0.37268,7250.82
2025-06-22,crisis,sell,-0.01418,0.14222,7091.23
2025-06-22,gmacro,buy,0.00084,0.13365,419.54
2025-06-22,bab,buy,3e-05,0.23539,13.39
2025-06-23,xs_momentum,buy,0.00171,0.23551,856.49
2025-06-23,breakout,buy,0.01346,0.38614,6731.81
2025-06-23,crisis,sell,-0.03103,0.11119,15513.09
2025-06-23,gmacro,buy,0.00037,0.13402,185.89
2025-06-23,bab,sell,-0.00644,0.22895,3219.43
2025-06-24,volprem,buy,0.00819,0.45727,4097.16
2025-06-24,xs_momentum,buy,0.00295,0.23847,1476.88
2025-06-24,breakout,sell,-0.01094,0.3752,5469.32
2025-06-24,crisis,sell,-0.02229,0.08891,11143.86
2025-06-24,gmacro,buy,0.00179,0.13581,896.5
2025-06-24,bab,buy,0.00433,0.23328,2164.44
2025-06-25,volprem,buy,0.00962,0.4669,4811.24
2025-06-25,xs_momentum,buy,0.00376,0.24222,1878.14
2025-06-25,breakout,buy,0.0172,0.3924,8599.27
2025-06-25,crisis,sell,-0.02004,0.06886,10021.72
2025-06-25,gmacro,buy,0.00277,0.13858,1383.73
2025-06-25,bab,buy,0.00472,0.238,2361.16
2025-06-26,volprem,buy,0.0005,0.4674,252.17
2025-06-26,xs_momentum,buy,0.00764,0.24986,3818.74
2025-06-26,breakout,buy,0.00472,0.39712,2358.69
2025-06-26,crisis,sell,-0.00159,0.06727,796.91
2025-06-26,gmacro,sell,-3e-05,0.13855,14.46
2025-06-26,bab,sell,-0.00504,0.23295,2521.65
2025-06-27,volprem,buy,0.00716,0.47456,3581.15
2025-06-27,xs_momentum,buy,0.01205,0.26191,6024.35
2025-06-27,breakout,buy,0.01507,0.41219,7533.54
2025-06-27,crisis,sell,-0.01514,0.05213,7569.52
2025-06-27,gmacro,sell,-0.0005,0.13805,249.09
2025-06-27,bab,buy,0.00368,0.23664,1841.75
2025-06-28,volprem,buy,0.00163,0.47619,814.19
2025-06-28,xs_momentum,buy,0.00152,0.26343,758.6
2025-06-28,breakout,buy,0.00143,0.41361,713.82
2025-06-28,crisis,sell,-0.00343,0.0487,1713.1
2025-06-28,gmacro,sell,-0.00029,0.13776,144.72
2025-06-28,bab,buy,0.00108,0.23772,539.25
2025-06-29,xs_momentum,sell,-0.00473,0.2587,2364.27
2025-06-29,breakout,sell,-0.00241,0.41121,1204.28
2025-06-29,crisis,sell,-0.00027,0.04844,132.66
2025-06-29,gmacro,sell,-0.0,0.13776,0.8
2025-06-29,bab,sell,-0.00062,0.23709,312.36
2025-06-30,xs_momentum,sell,-0.00146,0.25724,730.6
2025-06-30,breakout,sell,-0.00421,0.407,2104.39
2025-06-30,crisis,sell,-0.00055,0.04789,272.76
2025-06-30,gmacro,sell,-3e-05,0.13773,17.36
2025-06-30,bab,buy,0.00203,0.23912,1012.61
2025-07-01,xs_momentum,sell,-0.0023,0.25494,1149.62
2025-07-01,breakout,sell,-0.00286,0.40414,1428.68
2025-07-01,crisis,sell,-0.00061,0.04728,304.98
2025-07-01,gmacro,sell,-0.00087,0.13685,436.55
2025-07-01,bab,sell,-0.00018,0.23893,92.26
2025-07-02,volprem,sell,-0.00031,0.47588,152.79
2025-07-02,xs_momentum,sell,-0.00643,0.24851,3215.03
2025-07-02,breakout,sell,-0.00148,0.40266,740.52
2025-07-02,crisis,buy,0.00056,0.04784,280.11
2025-07-02,gmacro,sell,-4e-05,0.13681,21.11
2025-07-02,bab,sell,-0.00058,0.23835,291.2
2025-07-03,volprem,buy,0.00031,0.47619,152.79
2025-07-03,xs_momentum,sell,-0.00361,0.2449,1802.87
2025-07-03,breakout,sell,-0.00248,0.40018,1240.61
2025-07-03,crisis,sell,-0.00076,0.04709,379.31
2025-07-03,gmacro,buy,5e-05,0.13686,24.17
2025-07-03,bab,sell,-0.00669,0.23166,3347.4
2025-07-04,xs_momentum,buy,0.00065,0.24555,322.98
2025-07-04,breakout,buy,0.00023,0.40041,114.14
2025-07-04,crisis,sell,-6e-05,0.04702,30.44
2025-07-04,gmacro,sell,-0.00043,0.13643,212.75
2025-07-04,bab,buy,0.0005,0.23216,251.63
2025-07-05,volprem,sell,-0.0074,0.46879,3699.27
2025-07-05,xs_momentum,buy,0.00019,0.24574,94.96
2025-07-05,breakout,sell,-0.00462,0.39579,2308.36
2025-07-05,crisis,buy,0.01365,0.06067,6824.78
2025-07-05,gmacro,sell,-0.00243,0.13401,1213.95
2025-07-05,bab,sell,-0.00296,0.2292,1479.91
2025-07-06,xs_momentum,buy,0.00061,0.24635,304.83
2025-07-06,breakout,buy,0.00046,0.39625,231.3
2025-07-06,crisis,sell,-1e-05,0.06067,3.16
2025-07-06,gmacro,buy,0.00023,0.13423,113.66
2025-07-06,bab,sell,-0.00028,0.22892,139.18
2025-07-07,xs_momentum,sell,-0.00114,0.24521,568.07
2025-07-07,breakout,buy,0.00016,0.39641,81.55
2025-07-07,crisis,sell,-0.00025,0.06041,126.59
2025-07-07,gmacro,buy,0.00018,0.13442,91.58
2025-07-07,bab,sell,-0.00131,0.22761,654.08
2025-07-08,volprem,buy,0.00046,0.46925,230.15
2025-07-08,xs_momentum,buy,0.00343,0.24864,1714.33
2025-07-08,breakout,buy,0.03766,0.43407,18829.54
2025-07-08,crisis,sell,-0.0023,0.05812,1149.67
2025-07-08,gmacro,sell,-0.00929,0.12512,4647.47
2025-07-08,bab,buy,0.00816,0.23577,4077.93
2025-07-09,volprem,sell,-0.0005,0.46875,249.13
2025-07-09,xs_momentum,buy,0.00243,0.25107,1213.03
2025-07-09,breakout,buy,0.02947,0.46354,14733.08
2025-07-09,crisis,buy,0.00076,0.05888,380.36
2025-07-09,gmacro,sell,-0.00073,0.12439,363.92
2025-07-09,bab,sell,-0.00162,0.23415,807.84
2025-07-10,volprem,buy,0.00551,0.47426,2755.16
2025-07-10,xs_momentum,buy,0.00911,0.26017,4553.36
2025-07-10,breakout,buy,0.01072,0.47426,5362.26
2025-07-10,crisis,sell,-0.00891,0.04997,4455.25
2025-07-10,gmacro,sell,-0.00249,0.1219,1244.92
2025-07-10,bab,buy,0.01896,0.25312,9482.25
2025-07-11,volprem,buy,0.00193,0.47619,963.08
2025-07-11,xs_momentum,sell,-0.01213,0.24804,6067.5
2025-07-11,breakout,sell,-0.03381,0.44046,16903.56
2025-07-11,crisis,sell,-0.00341,0.04655,1706.05
2025-07-11,gmacro,buy,0.00052,0.12242,258.87
2025-07-11,bab,buy,0.00165,0.25477,827.29
2025-07-12,volprem,sell,-0.0033,0.47289,1649.21
2025-07-12,xs_momentum,buy,0.00615,0.25419,3076.02
2025-07-12,breakout,sell,-0.00086,0.43959,431.74
2025-07-12,crisis,buy,0.00628,0.05284,3141.42
2025-07-12,gmacro,sell,-0.00078,0.12164,388.67
2025-07-12,bab,sell,-0.04993,0.20484,24966.25
2025-07-13,xs_momentum,sell,-0.00028,0.25391,141.11
2025-07-13,breakout,sell,-0.00082,0.43877,409.6
2025-07-13,crisis,buy,3e-05,0.05287,15.92
2025-07-13,gmacro,buy,1e-05,0.12166,5.95
2025-07-13,bab,sell,-0.00037,0.20447,184.2
2025-07-14,xs_momentum,buy,0.00078,0.25468,387.77
2025-07-14,breakout,buy,0.00108,0.43986,540.65
2025-07-14,crisis,sell,-0.00102,0.05185,509.89
2025-07-14,gmacro,buy,0.00014,0.1218,70.98
2025-07-14,bab,sell,-0.00752,0.19695,3762.05
2025-07-15,volprem,buy,0.00178,0.47467,889.22
2025-07-15,xs_momentum,sell,-0.00105,0.25363,527.46
2025-07-15,breakout,buy,0.00394,0.4438,1970.05
2025-07-15,crisis,sell,-0.00348,0.04836,1742.26
2025-07-15,gmacro,buy,0.00037,0.12216,183.04
2025-07-15,bab,sell,-0.03468,0.16227,17340.47
2025-07-16,volprem,sell,-0.00397,0.4707,1985.89
2025-07-16,xs_momentum,sell,-0.00238,0.25125,1188.78
2025-07-16,breakout,sell,-0.00852,0.43528,4258.41
2025-07-16,crisis,buy,0.00573,0.0541,2865.76
2025-07-16,gmacro,sell,-0.00168,0.12048,841.75
2025-07-16,bab,sell,-0.00453,0.15774,2262.64
2025-07-17,volprem,buy,0.00309,0.47379,1544.15
2025-07-17,xs_momentum,sell,-0.00084,0.25041,419.92
2025-07-17,breakout,buy,0.00495,0.44023,2476.86
2025-07-17,crisis,sell,-0.00563,0.04847,2812.95
2025-07-17,gmacro,buy,0.00083,0.12131,413.22
2025-07-17,bab,sell,-0.00164,0.1561,821.14
2025-07-18,volprem,buy,0.0024,0.47619,1201.72
2025-07-18,xs_momentum,buy,0.00225,0.25266,1123.83
2025-07-18,breakout,buy,0.00323,0.44346,1614.41
2025-07-18,crisis,sell,-0.00547,0.043,2733.46
2025-07-18,gmacro,buy,0.00016,0.12147,80.98
2025-07-18,bab,buy,0.00086,0.15696,429.62
2025-07-19,volprem,sell,-0.00069,0.4755,345.48
2025-07-19,xs_momentum,sell,-0.00288,0.24978,1438.06
2025-07-19,breakout,sell,-0.00136,0.44211,678.2
2025-07-19,crisis,buy,0.00113,0.04413,564.71
2025-07-19,gmacro,sell,-0.00018,0.12129,88.94
2025-07-19,bab,sell,-0.00061,0.15635,305.42
2025-07-20,xs_momentum,sell,-0.00045,0.24933,226.43
2025-07-20,breakout,sell,-0.00355,0.43856,1773.73
2025-07-20,crisis,sell,-4e-05,0.04409,21.95
2025-07-20,gmacro,sell,-0.0,0.12129,2.03
2025-07-20,bab,buy,0.00184,0.15819,919.63
2025-07-21,xs_momentum,sell,-0.00558,0.24375,2790.38
2025-07-21,breakout,buy,0.00213,0.44068,1062.98
2025-07-21,crisis,sell,-0.00117,0.04291,587.32
2025-07-21,gmacro,sell,-3e-05,0.12126,14.72
2025-07-21,bab,sell,-0.00074,0.15745,370.1
2025-07-22,volprem,buy,0.00069,0.47619,345.48
2025-07-22,xs_momentum,buy,0.0002,0.24395,98.94
2025-07-22,breakout,buy,0.00229,0.44297,1143.1
2025-07-22,crisis,sell,-0.00131,0.0416,655.47
2025-07-22,gmacro,sell,-9e-05,0.12117,44.57
2025-07-22,bab,sell,-0.00328,0.15416,1642.25
2025-07-23,volprem,sell,-0.00645,0.46974,3225.48
2025-07-23,xs_momentum,buy,0.00074,0.24469,372.38
2025-07-23,breakout,buy,0.00101,0.44398,504.63
2025-07-23,crisis,sell,-0.00031,0.04129,153.66
2025-07-23,gmacro,buy,0.00064,0.12181,321.72
2025-07-23,bab,buy,0.00176,0.15592,879.73
2025-07-24,volprem,sell,-0.00388,0.46586,1939.67
2025-07-24,xs_momentum,buy,0.0045,0.2492,2252.13
2025-07-24,breakout,sell,-0.01326,0.43072,6628.37
2025-07-24,crisis,sell,-0.0,0.04129,1.56
2025-07-24,gmacro,sell,-1e-05,0.1218,3.96
2025-07-24,bab,sell,-0.00345,0.15247,1723.63
2025-07-25,volprem,sell,-0.01105,0.45481,5526.55
2025-07-25,xs_momentum,sell,-0.0001,0.2491,49.38
2025-07-25,breakout,sell,-0.00052,0.4302,261.16
2025-07-25,crisis,sell,-0.00049,0.0408,243.92
2025-07-25,gmacro,sell,-5e-05,0.12176,22.88
2025-07-25,bab,sell,-1e-05,0.15246,4.34
2025-07-26,xs_momentum,sell,-0.0006,0.2485,299.61
2025-07-26,breakout,buy,0.0002,0.4304,99.95
2025-07-26,crisis,sell,-0.00011,0.0407,53.93
2025-07-26,gmacro,sell,-0.0014,0.12036,697.92
2025-07-26,bab,sell,-0.00028,0.15219,137.69
2025-07-27,breakout,sell,-0.00481,0.42559,2407.4
2025-07-27,crisis,buy,0.00044,0.04114,220.6
2025-07-27,bab,sell,-0.00175,0.15044,876.4
2025-07-28,volprem,sell,-0.02648,0.42833,13239.92
2025-07-28,xs_momentum,buy,0.0,0.2485,1.17
2025-07-28,breakout,sell,-0.00021,0.42538,104.05
2025-07-28,crisis,sell,-0.00049,0.04064,246.78
2025-07-28,gmacro,buy,0.00025,0.12061,125.89
2025-07-28,bab,sell,-2e-05,0.15042,7.79
2025-07-29,volprem,sell,-0.00746,0.42087,3730.84
2025-07-29,xs_momentum,sell,-0.00244,0.24606,1220.65
2025-07-29,breakout,sell,-0.00287,0.42251,1433.38
2025-07-29,crisis,sell,-0.0,0.04064,1.21
2025-07-29,gmacro,buy,3e-05,0.12065,15.24
2025-07-29,bab,buy,7e-05,0.15049,35.3
2025-07-30,volprem,sell,-0.03538,0.38549,17688.8
2025-07-30,xs_momentum,buy,0.00219,0.24825,1094.02
2025-07-30,breakout,buy,0.00356,0.42607,1778.47
2025-07-30,crisis,buy,0.00434,0.04498,2168.04
2025-07-30,gmacro,sell,-0.00044,0.12021,219.54
2025-07-30,bab,sell,-0.00091,0.14958,456.3
2025-07-31,volprem,sell,-0.00028,0.3852,141.78
2025-07-31,xs_momentum,buy,0.00698,0.25523,3492.37
2025-07-31,breakout,sell,-0.00351,0.42256,1754.62
2025-07-31,crisis,buy,0.00116,0.04614,579.88
2025-07-31,gmacro,buy,0.00075,0.12096,375.4
2025-07-31,bab,sell,-0.00042,0.14916,208.66
2025-08-01,volprem,sell,-0.00333,0.38188,1664.41
2025-08-01,xs_momentum,sell,-0.00151,0.25372,755.45
2025-08-01,breakout,sell,-0.00345,0.41911,1723.02
2025-08-01,crisis,buy,0.00543,0.05157,2716.23
2025-08-01,gmacro,sell,-0.00092,0.12004,458.62
2025-08-01,bab,sell,-0.00355,0.14561,1773.39
2025-08-02,volprem,sell,-0.0275,0.35437,13752.05
2025-08-02,xs_momentum,sell,-0.01718,0.23654,8590.6
2025-08-02,breakout,sell,-0.03038,0.38873,15190.72
2025-08-02,crisis,buy,0.05032,0.10189,25160.98
2025-08-02,gmacro,sell,-0.00986,0.11018,4930.43
2025-08-02,bab,sell,-0.01105,0.13456,5525.29
2025-08-03,xs_momentum,buy,0.00014,0.23668,71.49
2025-08-03,breakout,buy,0.00011,0.38884,57.13
2025-08-03,crisis,sell,-7e-05,0.10182,35.34
2025-08-03,bab,sell,-0.00017,0.13439,85.22
2025-08-04,volprem,sell,-0.01903,0.33534,9514.96
2025-08-04,xs_momentum,sell,-0.00173,0.23495,866.86
2025-08-04,breakout,buy,0.002,0.39085,1002.48
2025-08-04,crisis,buy,0.00019,0.10201,96.7
2025-08-04,gmacro,buy,0.00023,0.1104,112.66
2025-08-04,bab,sell,-0.00034,0.13406,167.71
2025-08-05,volprem,buy,0.02654,0.36189,13272.3
2025-08-05,xs_momentum,buy,0.01754,0.25249,8768.77
2025-08-05,breakout,buy,0.02939,0.42024,14693.74
2025-08-05,crisis,sell,-0.05108,0.05093,25541.49
2025-08-05,gmacro,buy,0.00899,0.11939,4493.82
2025-08-05,bab,buy,0.01151,0.14556,5752.91
2025-08-06,volprem,sell,-0.00607,0.35581,3036.8
2025-08-06,xs_momentum,sell,-0.00299,0.2495,1494.63
2025-08-06,breakout,sell,-0.00858,0.41166,4290.24
2025-08-06,crisis,buy,0.00708,0.05801,3538.16
2025-08-06,gmacro,sell,-0.00114,0.11825,569.79
2025-08-06,bab,sell,-0.00012,0.14545,57.54
2025-08-07,volprem,buy,0.0024,0.35821,1200.26
2025-08-07,xs_momentum,buy,0.00512,0.25462,2562.0
2025-08-07,breakout,buy,0.00792,0.41958,3960.15
2025-08-07,crisis,sell,-0.01076,0.04725,5378.95
2025-08-07,gmacro,buy,0.0036,0.12186,1802.1
2025-08-07,bab,buy,0.0016,0.14705,801.87
2025-08-08,volprem,buy,0.00257,0.36078,1285.3
2025-08-08,xs_momentum,sell,-0.00302,0.2516,1512.29
2025-08-08,breakout,sell,-0.00063,0.41894,316.97
2025-08-08,crisis,buy,0.00129,0.04854,643.64
2025-08-08,gmacro,sell,-0.00065,0.1212,326.06
2025-08-08,bab,sell,-0.00044,0.14661,222.37
2025-08-09,volprem,buy,0.00545,0.36623,2724.7
2025-08-09,xs_momentum,buy,0.00375,0.25534,1872.63
2025-08-09,breakout,buy,0.00363,0.42257,1815.24
2025-08-09,crisis,sell,-0.01112,0.03742,5560.47
2025-08-09,gmacro,buy,0.00184,0.12304,919.35
2025-08-09,bab,buy,0.00147,0.14808,736.75
2025-08-10,xs_momentum,sell,-0.00074,0.2546,370.15
2025-08-10,breakout,sell,-0.00024,0.42234,118.11
2025-08-10,crisis,buy,7e-05,0.03748,33.07
2025-08-10,bab,sell,-0.00285,0.14523,1426.02
2025-08-11,volprem,sell,-0.01498,0.35126,7487.56
2025-08-11,xs_momentum,buy,0.00049,0.25509,244.74
2025-08-11,breakout,sell,-0.00335,0.41898,1676.49
2025-08-11,crisis,buy,7e-05,0.03755,33.68
2025-08-11,gmacro,sell,-0.0,0.12304,1.2
2025-08-11,bab,buy,8e-05,0.14531,39.06
2025-08-12,volprem,sell,-0.02947,0.32179,14734.54
2025-08-12,xs_momentum,sell,-0.00458,0.25051,2290.88
2025-08-12,breakout,sell,-0.02413,0.39486,12064.39
2025-08-12,crisis,buy,0.00283,0.04037,1412.66
2025-08-12,gmacro,buy,0.00027,0.12331,136.43
2025-08-12,bab,sell,-0.00407,0.14123,2036.78
2025-08-13,volprem,sell,-0.00781,0.31398,3904.55
2025-08-13,xs_momentum,buy,0.00082,0.25133,408.84
2025-08-13,breakout,buy,0.00221,0.39707,1107.35
2025-08-13,crisis,sell,-0.00303,0.03734,1516.46
2025-08-13,gmacro,buy,0.00536,0.12867,2679.21
2025-08-13,bab,sell,-0.00342,0.13781,1709.95
2025-08-14,volprem,sell,-0.00733,0.30665,3664.4
2025-08-14,xs_momentum,sell,-0.00429,0.24704,2142.9
2025-08-14,breakout,buy,0.00051,0.39758,255.0
2025-08-14,crisis,sell,-0.00067,0.03667,337.16
2025-08-14,gmacro,buy,0.00198,0.13065,988.15
2025-08-14,bab,sell,-0.0,0.13781,1.21
2025-08-15,volprem,sell,-0.00373,0.30292,1864.22
2025-08-15,xs_momentum,sell,-0.00064,0.2464,320.71
2025-08-15,breakout,sell,-0.00654,0.39104,3271.81
2025-08-15,crisis,sell,-0.00077,0.0359,384.13
2025-08-15,gmacro,buy,0.00838,0.13903,4188.8
2025-08-15,bab,sell,-0.00118,0.13663,589.23
2025-08-16,volprem,sell,-0.0014,0.30152,700.34
2025-08-16,xs_momentum,buy,0.00066,0.24706,332.13
2025-08-16,breakout,sell,-0.00207,0.38897,1033.56
2025-08-16,crisis,buy,0.0033,0.0392,1651.86
2025-08-16,gmacro,buy,0.00385,0.14288,1926.01
2025-08-16,bab,sell,-0.00037,0.13626,184.54
2025-08-17,xs_momentum,sell,-0.00077,0.2463,382.94
2025-08-17,breakout,buy,0.00164,0.39061,821.87
2025-08-17,crisis,buy,0.0004,0.0396,197.74
2025-08-17,bab,sell,-3e-05,0.13623,17.39
2025-08-18,volprem,sell,-0.01153,0.28999,5765.27
2025-08-18,xs_momentum,sell,-4e-05,0.24626,20.08
2025-08-18,breakout,buy,0.00124,0.39186,621.44
2025-08-18,crisis,buy,0.0,0.0396,1.61
2025-08-18,gmacro,sell,-3e-05,0.14285,12.64
2025-08-18,bab,buy,0.00011,0.13634,55.43
2025-08-19,volprem,sell,-0.03231,0.25768,16155.17
2025-08-19,xs_momentum,buy,0.00034,0.2466,170.01
2025-08-19,breakout,sell,-0.00053,0.39132,265.8
2025-08-19,crisis,buy,0.0003,0.03991,152.29
2025-08-19,gmacro,sell,-0.00071,0.14214,355.58
2025-08-19,bab,sell,-0.00235,0.13399,1174.55
2025-08-20,volprem,sell,-0.00172,0.25596,860.76
2025-08-20,xs_momentum,sell,-0.00347,0.24313,1733.89
2025-08-20,breakout,sell,-0.00389,0.38744,1942.55
2025-08-20,crisis,buy,0.00772,0.04762,3858.89
2025-08-20,gmacro,sell,-0.00077,0.14137,385.14
2025-08-20,bab,sell,-0.00338,0.13061,1688.18
2025-08-21,volprem,sell,-0.0001,0.25586,50.22
2025-08-21,xs_momentum,sell,-0.00022,0.24291,108.7
2025-08-21,breakout,buy,0.00037,0.38781,183.76
2025-08-21,crisis,buy,0.00506,0.05269,2532.08
2025-08-21,gmacro,buy,0.0325,0.17387,16251.28
2025-08-21,bab,sell,-0.00193,0.12868,965.3
2025-08-22,volprem,sell,-0.01133,0.24453,5662.79
2025-08-22,xs_momentum,sell,-0.00017,0.24274,84.74
2025-08-22,breakout,sell,-0.00266,0.38514,1331.08
2025-08-22,crisis,buy,0.01301,0.0657,6505.44
2025-08-22,gmacro,sell,-0.00121,0.17266,607.22
2025-08-22,bab,sell,-0.00106,0.12762,529.82
2025-08-23,volprem,buy,0.00707,0.2516,3535.74
2025-08-23,xs_momentum,buy,0.00791,0.25065,3955.55
2025-08-23,breakout,buy,0.03343,0.41858,16716.2
2025-08-23,crisis,sell,-0.02299,0.04271,11495.54
2025-08-23,gmacro,buy,0.01294,0.1856,6470.37
2025-08-23,bab,buy,0.00148,0.1291,738.48
2025-08-24,xs_momentum,sell,-0.00124,0.24942,619.54
2025-08-24,breakout,buy,0.00045,0.41903,226.66
2025-08-24,crisis,buy,5e-05,0.04276,26.07
2025-08-24,bab,sell,-0.00027,0.12884,132.72
2025-08-25,volprem,buy,0.00073,0.25234,367.07
2025-08-25,xs_momentum,sell,-0.00054,0.24888,269.15
2025-08-25,breakout,buy,0.00325,0.42228,1626.49
2025-08-25,crisis,buy,0.00024,0.043,120.4
2025-08-25,gmacro,buy,0.00357,0.18917,1785.18
2025-08-25,bab,buy,0.00014,0.12898,72.04
2025-08-26,volprem,sell,-0.01033,0.24201,5163.57
2025-08-26,xs_momentum,sell,-0.0023,0.24658,1149.88
2025-08-26,breakout,sell,-0.00217,0.42011,1085.69
2025-08-26,crisis,buy,0.0069,0.0499,3450.4
2025-08-26,gmacro,sell,-0.00653,0.18264,3267.18
2025-08-26,bab,sell,-0.0021,0.12688,1047.69
2025-08-27,volprem,sell,-0.00351,0.2385,1754.03
2025-08-27,xs_momentum,buy,0.00209,0.24866,1043.0
2025-08-27,breakout,buy,0.00238,0.42249,1189.63
2025-08-27,crisis,sell,-0.00696,0.04295,3478.37
2025-08-27,gmacro,sell,-0.00182,0.18082,909.72
2025-08-27,bab,buy,0.00056,0.12745,282.01
2025-08-28,volprem,sell,-0.00356,0.23494,1779.49
2025-08-28,xs_momentum,buy,0.00206,0.25072,1029.21
2025-08-28,breakout,buy,0.00499,0.42748,2494.06
2025-08-28,crisis,sell,-0.00035,0.04259,176.19
2025-08-28,gmacro,buy,0.00244,0.18326,1222.06
2025-08-28,bab,buy,0.00037,0.12781,182.81
2025-08-29,volprem,sell,-0.00258,0.23237,1289.2
2025-08-29,xs_momentum,buy,0.00054,0.25126,267.84
2025-08-29,breakout,buy,0.00567,0.43315,2833.34
2025-08-29,crisis,buy,0.00024,0.04283,118.82
2025-08-29,gmacro,sell,-0.00108,0.18218,542.07
2025-08-29,bab,sell,-0.00076,0.12706,379.12
2025-08-30,volprem,sell,-0.00272,0.22965,1358.7
2025-08-30,xs_momentum,sell,-0.00135,0.24991,676.24
2025-08-30,breakout,sell,-0.00343,0.42971,1716.69
2025-08-30,crisis,buy,0.01086,0.05369,5431.99
2025-08-30,gmacro,sell,-0.00658,0.17559,3292.25
2025-08-30,bab,sell,-0.00161,0.12545,802.6
2025-08-31,xs_momentum,buy,0.00495,0.25486,2474.91
2025-08-31,breakout,sell,-3e-05,0.42968,17.18
2025-08-31,crisis,buy,2e-05,0.05372,11.36
2025-08-31,bab,buy,0.00015,0.1256,73.03
2025-09-01,xs_momentum,buy,0.01079,0.26564,5392.67
2025-09-01,breakout,buy,0.02959,0.45927,14796.98
2025-09-01,crisis,buy,0.0001,0.05382,49.89
2025-09-01,gmacro,buy,0.00734,0.18293,3669.5
2025-09-01,bab,buy,0.00135,0.12695,674.17
2025-09-02,volprem,sell,-0.00659,0.22306,3296.02
2025-09-02,xs_momentum,sell,-0.001,0.26464,501.03
2025-09-02,breakout,buy,0.00078,0.46006,392.3
2025-09-02,crisis,buy,3e-05,0.05384,13.67
2025-09-02,gmacro,sell,-0.00351,0.17942,1756.02
2025-09-02,bab,sell,-2e-05,0.12693,9.8
2025-09-03,volprem,sell,-0.04578,0.17728,22887.62
2025-09-03,xs_momentum,sell,-0.00149,0.26315,742.98
2025-09-03,breakout,sell,-0.00415,0.4559,2076.44
2025-09-03,crisis,buy,0.01086,0.0647,5428.37
2025-09-03,gmacro,sell,-0.00456,0.17485,2282.05
2025-09-03,bab,sell,-0.00246,0.12447,1229.13
2025-09-04,volprem,sell,-0.0086,0.16868,4302.47
2025-09-04,xs_momentum,buy,0.00194,0.2651,972.47
2025-09-04,breakout,buy,0.00408,0.45999,2042.16
2025-09-04,crisis,sell,-0.00873,0.05597,4365.07
2025-09-04,gmacro,buy,0.00087,0.17572,433.57
2025-09-04,bab,buy,0.00121,0.12568,605.24
2025-09-05,volprem,buy,0.00228,0.17095,1138.74
2025-09-05,xs_momentum,buy,0.0057,0.2708,2851.44
2025-09-05,breakout,buy,0.007,0.46699,3498.55
2025-09-05,crisis,sell,-0.01319,0.04278,6594.44
2025-09-05,gmacro,sell,-0.00451,0.17121,2257.43
2025-09-05,bab,buy,0.00205,0.12773,1025.82
2025-09-06,volprem,sell,-0.00098,0.16998,488.39
2025-09-06,xs_momentum,sell,-0.00196,0.26884,979.29
2025-09-06,breakout,sell,-0.02729,0.4397,13642.68
2025-09-06,crisis,buy,0.00598,0.04876,2987.91
2025-09-06,gmacro,sell,-0.00059,0.17062,293.78
2025-09-06,bab,sell,-0.00082,0.1269,412.49
2025-09-07,xs_momentum,buy,0.00208,0.27093,1041.92
2025-09-07,breakout,sell,-0.00305,0.43665,1522.69
2025-09-07,crisis,buy,0.00021,0.04897,104.13
2025-09-07,bab,buy,7e-05,0.12698,37.11
2025-09-08,volprem,sell,-0.00269,0.16728,1346.63
2025-09-08,xs_momentum,buy,0.00243,0.27335,1213.11
2025-09-08,breakout,buy,0.00892,0.44558,4460.29
2025-09-08,crisis,buy,0.00038,0.04935,190.99
2025-09-08,gmacro,buy,0.00075,0.17136,372.73
2025-09-08,bab,sell,-7e-05,0.1269,37.45
2025-09-09,volprem,buy,0.00113,0.16842,567.26
2025-09-09,xs_momentum,buy,0.02195,0.2953,10975.81
2025-09-09,breakout,sell,-0.05312,0.39245,26561.1
2025-09-09,crisis,sell,-0.00367,0.04568,1835.43
2025-09-09,gmacro,buy,0.00293,0.17429,1463.57
2025-09-09,bab,buy,0.00063,0.12753,312.76
2025-09-10,volprem,buy,0.00041,0.16883,205.98
2025-09-10,xs_momentum,buy,0.0007,0.296,347.53
2025-09-10,breakout,sell,-0.00031,0.39214,155.86
2025-09-10,crisis,sell,-0.00089,0.04478,446.79
2025-09-10,gmacro,sell,-0.00026,0.17403,128.54
2025-09-10,bab,buy,0.00898,0.13651,4488.4
2025-09-11,volprem,buy,0.00058,0.16941,291.15
2025-09-11,xs_momentum,buy,0.00076,0.29676,382.07
2025-09-11,breakout,buy,0.00041,0.39255,202.78
2025-09-11,crisis,sell,-0.0003,0.04449,148.08
2025-09-11,gmacro,sell,-0.0017,0.17234,848.78
2025-09-11,bab,sell,-0.00184,0.13467,920.12
2025-09-12,volprem,buy,0.00019,0.16961,96.38
2025-09-12,xs_momentum,sell,-0.00121,0.29555,607.29
2025-09-12,breakout,sell,-0.00339,0.38915,1697.33
2025-09-12,crisis,buy,0.00015,0.04464,75.36
2025-09-12,gmacro,sell,-0.00586,0.16648,2928.57
2025-09-12,bab,buy,0.00235,0.13702,1177.38
2025-09-13,volprem,sell,-0.00011,0.16949,56.26
2025-09-13,xs_momentum,buy,0.01048,0.30603,5240.55
2025-09-13,breakout,buy,0.0016,0.39075,799.73
2025-09-13,crisis,buy,0.0009,0.04553,447.9
2025-09-13,gmacro,buy,0.01962,0.1861,9812.13
2025-09-13,bab,buy,0.01992,0.15694,9960.75
2025-09-14,xs_momentum,sell,-0.00037,0.30566,186.88
2025-09-14,breakout,buy,0.00458,0.39533,2290.45
2025-09-14,crisis,buy,0.0015,0.04703,747.96
2025-09-14,bab,sell,-0.00021,0.15673,104.31
2025-09-15,volprem,sell,-0.0008,0.16869,401.88
2025-09-15,xs_momentum,buy,0.00276,0.30841,1378.76
2025-09-15,breakout,sell,-0.00692,0.38841,3459.57
2025-09-15,crisis,sell,-0.00049,0.04654,243.21
2025-09-15,gmacro,buy,0.00336,0.18946,1678.53
2025-09-15,bab,buy,0.00319,0.15993,1596.63
2025-09-16,volprem,sell,-0.00075,0.16794,375.91
2025-09-16,xs_momentum,buy,0.00032,0.30873,161.01
2025-09-16,breakout,sell,-0.00336,0.38505,1680.2
2025-09-16,crisis,buy,0.00168,0.04822,840.48
2025-09-16,gmacro,buy,0.00823,0.19769,4114.36
2025-09-16,bab,sell,-0.00074,0.15919,369.98
2025-09-17,volprem,sell,-0.00121,0.16673,602.58
2025-09-17,xs_momentum,buy,0.00156,0.31029,779.68
2025-09-17,breakout,sell,-0.00383,0.38122,1916.24
2025-09-17,crisis,buy,0.00226,0.05048,1128.4
2025-09-17,gmacro,sell,-0.00059,0.1971,295.37
2025-09-17,bab,sell,-0.00061,0.15858,303.19
2025-09-18,volprem,sell,-0.00195,0.16478,975.91
2025-09-18,xs_momentum,buy,8e-05,0.31037,40.26
2025-09-18,breakout,buy,0.002,0.38323,1002.12
2025-09-18,crisis,buy,0.00118,0.05166,590.41
2025-09-18,gmacro,sell,-0.03753,0.15957,18764.99
2025-09-18,bab,sell,-2e-05,0.15856,10.62
2025-09-19,volprem,buy,0.00137,0.16615,685.99
2025-09-19,xs_momentum,buy,0.03179,0.34217,15897.07
2025-09-19,breakout,buy,0.00149,0.38472,745.42
2025-09-19,crisis,sell,-0.0026,0.04907,1298.01
2025-09-19,gmacro,sell,-0.00242,0.15715,1207.54
2025-09-19,bab,buy,0.00162,0.16018,811.42
2025-09-20,xs_momentum,buy,1e-05,0.34218,3.21
2025-09-20,breakout,sell,-0.00061,0.38411,302.76
2025-09-20,crisis,sell,-1e-05,0.04906,2.93
2025-09-20,gmacro,sell,-0.00377,0.15339,1882.57
2025-09-20,bab,buy,0.00333,0.16351,1663.73
2025-09-21,xs_momentum,buy,0.00834,0.35052,4170.67
2025-09-21,breakout,sell,-0.00048,0.38363,239.47
2025-09-21,crisis,buy,0.00089,0.04995,445.93
2025-09-21,bab,buy,5e-05,0.16356,25.91
2025-09-22,volprem,buy,0.00045,0.16661,226.94
2025-09-22,xs_momentum,buy,0.00567,0.35619,2835.91
2025-09-22,breakout,buy,0.00448,0.38811,2237.54
2025-09-22,crisis,buy,0.0,0.04996,2.02
2025-09-22,gmacro,buy,0.00014,0.15352,67.63
2025-09-22,bab,buy,0.00475,0.16831,2375.24
2025-09-23,volprem,buy,0.00056,0.16717,280.52
2025-09-23,xs_momentum,buy,0.00229,0.35848,1146.24
2025-09-23,breakout,sell,-0.0118,0.37631,5899.87
2025-09-23,crisis,buy,0.00044,0.05039,218.74
2025-09-23,gmacro,sell,-0.00134,0.15219,668.11
2025-09-23,bab,sell,-0.00425,0.16406,2124.58
2025-09-24,volprem,sell,-0.00114,0.16603,567.63
2025-09-24,xs_momentum,sell,-0.00424,0.35424,2122.35
2025-09-24,breakout,sell,-0.00506,0.37124,2532.37
2025-09-24,crisis,buy,0.01072,0.06112,5361.18
2025-09-24,gmacro,sell,-0.01562,0.13657,7810.82
2025-09-24,bab,sell,-0.00149,0.16257,744.86
2025-09-25,volprem,sell,-0.00062,0.16541,311.71
2025-09-25,xs_momentum,sell,-0.00261,0.35163,1303.34
2025-09-25,breakout,sell,-0.00057,0.37068,282.59
2025-09-25,crisis,buy,0.0061,0.06722,3050.44
2025-09-25,gmacro,sell,-0.0048,0.13177,2398.23
2025-09-25,bab,buy,0.00079,0.16336,395.7
2025-09-26,volprem,sell,-0.00101,0.1644,505.81
2025-09-26,xs_momentum,sell,-0.00493,0.3467,2463.71
2025-09-26,breakout,sell,-0.0028,0.36787,1401.82
2025-09-26,crisis,buy,0.01095,0.07817,5475.05
2025-09-26,gmacro,sell,-0.00151,0.13026,754.64
2025-09-26,bab,sell,-0.005,0.15836,2501.5
2025-09-27,volprem,buy,0.00182,0.16621,908.48
2025-09-27,xs_momentum,sell,-0.00151,0.3452,752.96
2025-09-27,breakout,buy,0.0042,0.37207,2099.35
2025-09-27,crisis,sell,-0.01055,0.06762,5275.42
2025-09-27,gmacro,sell,-0.00088,0.12938,438.24
2025-09-27,bab,buy,0.002,0.16036,1000.83
2025-09-28,xs_momentum,sell,-0.00301,0.34218,1505.68
2025-09-28,breakout,buy,0.00066,0.37273,328.58
2025-09-28,crisis,sell,-0.00022,0.0674,108.37
2025-09-28,bab,buy,0.00039,0.16076,197.22
2025-09-29,volprem,buy,0.00023,0.16644,112.72
2025-09-29,xs_momentum,sell,-0.00361,0.33858,1803.58
2025-09-29,breakout,buy,0.00107,0.3738,533.84
2025-09-29,crisis,buy,7e-05,0.06747,33.32
2025-09-29,gmacro,sell,-1e-05,0.12937,5.89
2025-09-29,bab,sell,-0.00241,0.15835,1205.06
2025-09-30,volprem,buy,0.0009,0.16734,450.59
2025-09-30,xs_momentum,buy,0.00554,0.34412,2768.96
2025-09-30,breakout,sell,-0.00779,0.36601,3895.13
2025-09-30,crisis,sell,-0.0053,0.06217,2647.98
2025-09-30,gmacro,buy,0.00091,0.13029,456.27
2025-09-30,bab,buy,0.00435,0.1627,2174.95
2025-10-01,volprem,buy,0.00131,0.16865,656.95
2025-10-01,xs_momentum,buy,0.00363,0.34775,1815.41
2025-10-01,breakout,buy,0.00217,0.36818,1084.9
2025-10-01,crisis,sell,-0.00194,0.06023,971.12
2025-10-01,gmacro,buy,0.0017,0.13199,852.09
2025-10-01,bab,buy,0.00258,0.16528,1289.53
2025-10-02,volprem,buy,0.00033,0.16899,165.44
2025-10-02,xs_momentum,buy,0.00593,0.35368,2966.73
2025-10-02,breakout,sell,-0.00127,0.3669,636.56
2025-10-02,crisis,sell,-0.00255,0.05767,1276.38
2025-10-02,gmacro,buy,0.00024,0.13223,121.92
2025-10-02,bab,sell,-0.00334,0.16194,1668.35
2025-10-03,volprem,sell,-0.00016,0.16882,80.59
2025-10-03,xs_momentum,buy,0.00504,0.35872,2517.7
2025-10-03,crisis,buy,0.00024,0.05791,118.9
2025-10-03,gmacro,sell,-0.00035,0.13188,176.81
2025-10-03,bab,buy,0.00027,0.16221,133.3
2025-10-04,volprem,sell,-0.0,0.16882,2.49
2025-10-04,xs_momentum,buy,0.00125,0.35996,624.58
2025-10-04,breakout,sell,-0.00288,0.36402,1440.25
2025-10-04,crisis,buy,8e-05,0.05799,40.75
2025-10-04,gmacro,buy,0.00018,0.13206,90.39
2025-10-04,bab,buy,0.00113,0.16334,566.44
2025-10-05,xs_momentum,buy,0.01103,0.37099,5514.15
2025-10-05,breakout,buy,0.00176,0.36579,882.38
2025-10-05,crisis,buy,2e-05,0.05801,8.56
2025-10-05,bab,sell,-0.00044,0.1629,220.66
2025-10-06,volprem,buy,2e-05,0.16884,10.43
2025-10-06,xs_momentum,sell,-0.00273,0.36827,1363.45
2025-10-06,breakout,buy,2e-05,0.36581,10.9
2025-10-06,crisis,buy,1e-05,0.05802,3.81
2025-10-06,gmacro,buy,0.0,0.13206,1.9
2025-10-06,bab,buy,0.00092,0.16381,457.5
2025-10-07,volprem,sell,-0.0002,0.16864,98.56
2025-10-07,xs_momentum,buy,0.00271,0.37098,1354.9
2025-10-07,breakout,sell,-0.00679,0.35902,3393.57
2025-10-07,crisis,sell,-0.00061,0.05741,304.71
2025-10-07,gmacro,sell,-4e-05,0.13202,20.92
2025-10-07,bab,sell,-0.00011,0.1637,57.08
2025-10-08,volprem,sell,-0.00073,0.16792,363.34
2025-10-08,xs_momentum,sell,-0.01086,0.36012,5428.68
2025-10-08,breakout,sell,-0.01508,0.34394,7540.94
2025-10-08,crisis,buy,0.00738,0.06479,3687.81
2025-10-08,gmacro,sell,-0.00259,0.12943,1296.77
2025-10-08,bab,sell,-0.00351,0.16019,1756.81
2025-10-09,volprem,buy,0.00106,0.16897,527.96
2025-10-09,xs_momentum,buy,0.02396,0.38407,11977.78
2025-10-09,breakout,buy,0.00541,0.34936,2707.18
2025-10-09,crisis,sell,-0.01057,0.05421,5285.46
2025-10-09,gmacro,sell,-0.00309,0.12634,1544.88
2025-10-09,bab,buy,0.0052,0.16539,2601.09
2025-10-10,volprem,buy,9e-05,0.16907,47.12
2025-10-10,xs_momentum,sell,-0.00999,0.37409,4993.47
2025-10-10,breakout,sell,-0.00419,0.34516,2097.01
2025-10-10,crisis,buy,0.00563,0.05984,2813.78
2025-10-10,gmacro,sell,-0.00071,0.12563,355.59
2025-10-10,bab,sell,-0.00349,0.1619,1743.37
2025-10-11,volprem,sell,-0.01143,0.15763,5717.24
2025-10-11,xs_momentum,sell,-0.12949,0.2446,64745.46
2025-10-11,breakout,sell,-0.10043,0.24473,50213.87
2025-10-11,crisis,buy,0.06557,0.12542,32787.36
2025-10-11,gmacro,sell,-0.00916,0.11647,4578.82
2025-10-11,bab,sell,-0.01248,0.14942,6241.87
2025-10-12,xs_momentum,sell,-0.00286,0.24174,1428.64
2025-10-12,breakout,sell,-0.00051,0.24422,255.29
2025-10-12,crisis,buy,0.00102,0.12643,508.81
2025-10-12,bab,buy,0.00663,0.15605,3315.88
2025-10-13,volprem,sell,-0.00143,0.1562,714.37
2025-10-13,xs_momentum,buy,0.00498,0.24672,2489.41
2025-10-13,breakout,sell,-0.00224,0.24198,1121.75
2025-10-13,crisis,sell,-0.0476,0.07883,23801.61
2025-10-13,gmacro,sell,-2e-05,0.11645,10.83
2025-10-13,bab,sell,-0.00393,0.15212,1964.27
2025-10-14,volprem,buy,0.00686,0.16307,3431.71
2025-10-14,xs_momentum,buy,0.01129,0.25801,5646.07
2025-10-14,breakout,buy,0.01118,0.25316,5590.56
2025-10-14,crisis,sell,-0.02779,0.05104,13895.78
2025-10-14,gmacro,buy,0.00469,0.12114,2346.19
2025-10-14,bab,buy,0.00835,0.16047,4175.2
2025-10-15,volprem,sell,-0.00746,0.1556,3731.36
2025-10-15,xs_momentum,sell,-0.01022,0.24779,5110.79
2025-10-15,breakout,sell,-0.00947,0.24369,4733.36
2025-10-15,crisis,buy,0.0242,0.07523,12097.79
2025-10-15,gmacro,sell,-0.00466,0.11648,2329.31
2025-10-15,bab,sell,-0.00695,0.15352,3473.03
2025-10-16,volprem,buy,0.00079,0.1564,397.08
2025-10-16,xs_momentum,buy,0.00477,0.25256,2386.25
2025-10-16,breakout,buy,0.00179,0.24548,893.88
2025-10-16,crisis,sell,-0.00366,0.07157,1831.66
2025-10-16,gmacro,buy,0.00069,0.11717,345.21
2025-10-16,bab,sell,-0.00024,0.15329,118.95
2025-10-17,volprem,sell,-0.01649,0.13991,8245.13
2025-10-17,xs_momentum,sell,-0.02683,0.22573,13417.17
2025-10-17,breakout,sell,-0.02511,0.22037,12553.76
2025-10-17,crisis,buy,0.0622,0.13377,31097.73
2025-10-17,gmacro,sell,-0.0117,0.10547,5849.93
2025-10-17,bab,sell,-0.01686,0.13642,8431.77
2025-10-18,volprem,buy,0.01606,0.15597,8030.6
2025-10-18,xs_momentum,buy,0.02352,0.24925,11760.67
2025-10-18,breakout,buy,0.02541,0.24578,12704.55
2025-10-18,crisis,sell,-0.06239,0.07138,31193.69
2025-10-18,gmacro,buy,0.00997,0.11544,4986.01
2025-10-18,bab,buy,0.01843,0.15486,9217.5
2025-10-19,xs_momentum,buy,0.00311,0.25236,1553.73
2025-10-19,breakout,sell,-5e-05,0.24573,24.93
2025-10-19,crisis,sell,-3e-05,0.07135,15.62
2025-10-19,bab,buy,0.0021,0.15696,1050.89
2025-10-20,volprem,sell,-0.00037,0.1556,183.77
2025-10-20,xs_momentum,sell,-0.00025,0.2521,126.75
2025-10-20,breakout,sell,-0.00032,0.24541,160.08
2025-10-20,crisis,sell,-0.00021,0.07114,104.85
2025-10-20,gmacro,sell,-2e-05,0.11542,10.49
2025-10-20,bab,buy,0.0025,0.15946,1252.26
2025-10-21,volprem,buy,0.00932,0.16492,4659.14
2025-10-21,xs_momentum,buy,0.01584,0.26794,7917.99
2025-10-21,breakout,buy,0.01413,0.25955,7066.03
2025-10-21,crisis,sell,-0.03561,0.03553,17806.1
2025-10-21,gmacro,buy,0.00693,0.12235,3463.31
2025-10-21,bab,buy,0.01268,0.17214,6340.0
2025-10-22,volprem,sell,-0.00045,0.16447,222.98
2025-10-22,xs_momentum,buy,0.00131,0.26925,654.02
2025-10-22,breakout,sell,-1e-05,0.25954,4.89
2025-10-22,crisis,buy,0.00042,0.03595,212.06
2025-10-22,gmacro,sell,-0.01051,0.11184,5253.9
2025-10-22,bab,buy,0.00389,0.17604,1945.85
2025-10-23,volprem,sell,-0.00227,0.1622,1136.68
2025-10-23,xs_momentum,sell,-0.00724,0.26201,3617.6
2025-10-23,breakout,sell,-0.00562,0.25392,2809.1
2025-10-23,crisis,buy,0.01244,0.04839,6219.61
2025-10-23,gmacro,sell,-0.00223,0.10961,1116.04
2025-10-23,bab,sell,-0.00276,0.17328,1378.92
2025-10-24,volprem,buy,0.00331,0.16551,1655.45
2025-10-24,xs_momentum,buy,0.00529,0.26731,2647.45
2025-10-24,breakout,buy,0.00485,0.25877,2424.61
2025-10-24,crisis,sell,-0.01331,0.03508,6655.42
2025-10-24,gmacro,buy,0.00255,0.11216,1274.61
2025-10-24,bab,buy,0.00239,0.17567,1194.64
2025-10-25,volprem,buy,0.00066,0.16617,329.31
2025-10-25,xs_momentum,buy,0.00184,0.26915,921.82
2025-10-25,breakout,buy,0.00074,0.25951,371.59
2025-10-25,crisis,sell,-0.00229,0.03279,1146.34
2025-10-25,gmacro,buy,0.00052,0.11268,259.79
2025-10-25,bab,buy,0.00402,0.17969,2011.79
2025-10-26,xs_momentum,sell,-0.00052,0.26863,257.95
2025-10-26,breakout,buy,0.00034,0.25985,170.96
2025-10-26,crisis,buy,0.0,0.03279,1.47
2025-10-26,bab,buy,0.00109,0.18078,543.21
2025-10-27,volprem,sell,-0.00029,0.16588,144.5
2025-10-27,xs_momentum,buy,0.00291,0.27154,1454.89
2025-10-27,breakout,sell,-0.00015,0.2597,76.28
2025-10-27,crisis,sell,-0.00039,0.03239,197.47
2025-10-27,bab,sell,-0.00072,0.18005,361.3
2025-10-28,volprem,buy,0.00283,0.16871,1414.41
2025-10-28,xs_momentum,buy,0.00059,0.27213,295.07
2025-10-28,breakout,sell,-0.00015,0.25955,76.38
2025-10-28,crisis,buy,3e-05,0.03243,16.65
2025-10-28,gmacro,buy,0.00027,0.11295,136.26
2025-10-28,bab,buy,0.00271,0.18277,1357.07
2025-10-29,volprem,sell,-0.00015,0.16856,73.46
2025-10-29,xs_momentum,buy,0.00088,0.27301,439.17
2025-10-29,breakout,buy,0.0001,0.25965,50.81
2025-10-29,gmacro,buy,0.00023,0.11318,116.32
2025-10-29,bab,buy,0.00037,0.18314,184.88
2025-10-30,volprem,sell,-0.00047,0.16809,234.62
2025-10-30,xs_momentum,sell,-0.00711,0.2659,3553.9
2025-10-30,breakout,buy,0.00021,0.25986,105.93
2025-10-30,crisis,buy,0.0,0.03243,0.85
2025-10-30,gmacro,sell,-2e-05,0.11316,10.8
2025-10-30,bab,sell,-2e-05,0.18312,8.16
2025-10-31,volprem,sell,-0.00392,0.16418,1958.54
2025-10-31,xs_momentum,sell,-0.02466,0.24124,12332.0
2025-10-31,breakout,sell,-0.00785,0.25201,3924.35
2025-10-31,crisis,buy,0.01378,0.04621,6890.04
2025-10-31,gmacro,sell,-0.00242,0.11074,1211.34
2025-10-31,bab,sell,-0.00432,0.17881,2158.35
2025-11-01,volprem,buy,0.00104,0.16522,520.38
2025-11-01,xs_momentum,sell,-0.0004,0.24084,200.52
2025-11-01,breakout,buy,0.00184,0.25385,920.88
2025-11-01,crisis,sell,-0.00394,0.04227,1969.19
2025-11-01,gmacro,buy,0.00074,0.11148,368.21
2025-11-01,bab,sell,-0.0035,0.1753,1750.99
2025-11-02,xs_momentum,sell,-0.00082,0.24002,409.53
2025-11-02,breakout,sell,-0.00085,0.25301,423.9
2025-11-02,crisis,buy,0.00065,0.04292,325.96
2025-11-02,bab,buy,0.00283,0.17813,1415.37
2025-11-03,volprem,buy,0.00077,0.16599,386.74
2025-11-03,xs_momentum,buy,8e-05,0.2401,38.02
2025-11-03,breakout,buy,0.00014,0.25314,69.95
2025-11-03,crisis,buy,0.0,0.04293,1.91
2025-11-03,gmacro,sell,-5e-05,0.11142,26.27
2025-11-03,bab,buy,0.00012,0.17826,61.78
2025-11-04,volprem,buy,0.00098,0.16697,491.08
2025-11-04,xs_momentum,sell,-0.01371,0.22639,6853.18
2025-11-04,breakout,sell,-0.00547,0.24767,2736.92
2025-11-04,crisis,sell,-0.00246,0.04046,1231.84
2025-11-04,gmacro,buy,0.00182,0.11324,908.29
2025-11-04,bab,buy,0.00066,0.17892,331.25
2025-11-05,volprem,sell,-0.00171,0.16526,854.3
2025-11-05,xs_momentum,sell,-0.00126,0.22513,629.3
2025-11-05,breakout,sell,-0.001,0.24668,497.78
2025-11-05,crisis,buy,0.01473,0.0552,7366.75
2025-11-05,gmacro,sell,-0.00243,0.11081,1214.02
2025-11-05,bab,sell,-0.00431,0.17461,2155.81
2025-11-06,volprem,buy,0.00176,0.16703,880.4
2025-11-06,xs_momentum,buy,0.0015,0.22663,748.86
2025-11-06,breakout,buy,0.00198,0.24865,987.93
2025-11-06,crisis,sell,-0.00418,0.05102,2089.16
2025-11-06,gmacro,buy,0.0006,0.11141,298.23
2025-11-06,bab,buy,0.00097,0.17558,485.96
2025-11-07,volprem,sell,-0.00293,0.1641,1464.11
2025-11-07,xs_momentum,sell,-0.00588,0.22075,2940.14
2025-11-07,breakout,sell,-0.0042,0.24445,2101.75
2025-11-07,crisis,buy,0.01279,0.06381,6394.95
2025-11-07,gmacro,sell,-0.00222,0.10919,1109.04
2025-11-07,bab,sell,-0.00472,0.17086,2359.77
2025-11-08,volprem,buy,0.0003,0.1644,149.23
2025-11-08,xs_momentum,sell,-0.00826,0.21249,4130.66
2025-11-08,breakout,buy,0.02531,0.26976,12657.23
2025-11-08,crisis,sell,-0.00075,0.06305,377.34
2025-11-08,gmacro,buy,0.00139,0.11058,693.46
2025-11-08,bab,buy,0.002,0.17286,1000.67
2025-11-09,xs_momentum,sell,-0.00351,0.20897,1757.22
2025-11-09,breakout,buy,0.00056,0.27032,280.08
2025-11-09,crisis,buy,6e-05,0.06311,30.63
2025-11-09,bab,sell,-4e-05,0.17282,19.18
2025-11-10,volprem,buy,0.00031,0.16471,157.15
2025-11-10,xs_momentum,sell,-8e-05,0.20889,41.5
2025-11-10,breakout,sell,-0.00034,0.26998,169.48
2025-11-10,crisis,buy,0.00036,0.06348,181.92
2025-11-10,gmacro,buy,1e-05,0.11059,5.09
2025-11-10,bab,buy,0.00421,0.17704,2106.26
2025-11-11,volprem,buy,0.00687,0.17158,3435.27
2025-11-11,xs_momentum,buy,0.00764,0.21653,3822.27
2025-11-11,breakout,buy,0.0041,0.27408,2049.03
2025-11-11,crisis,sell,-0.01823,0.04525,9114.39
2025-11-11,gmacro,buy,0.00429,0.11487,2143.67
2025-11-11,bab,buy,0.00151,0.17855,754.67
2025-11-12,volprem,buy,0.01002,0.1816,5012.15
2025-11-12,xs_momentum,buy,0.00038,0.21691,188.09
2025-11-12,breakout,buy,0.00125,0.27533,626.14
2025-11-12,crisis,sell,-0.00296,0.04229,1478.17
2025-11-12,gmacro,buy,0.00118,0.11605,587.78
2025-11-12,bab,sell,-0.00045,0.17809,227.26
2025-11-13,volprem,buy,7e-05,0.18168,36.91
2025-11-13,xs_momentum,buy,0.00011,0.21702,55.58
2025-11-13,breakout,buy,0.001,0.27633,498.35
2025-11-13,crisis,sell,-0.00071,0.04158,354.89
2025-11-13,gmacro,buy,0.00033,0.11638,166.38
2025-11-13,bab,buy,0.00215,0.18024,1074.56
2025-11-14,volprem,sell,-0.00573,0.17595,2865.52
2025-11-14,xs_momentum,sell,-0.00841,0.20861,4204.62
2025-11-14,breakout,sell,-0.00733,0.269,3665.3
2025-11-14,crisis,buy,0.02122,0.0628,10610.46
2025-11-14,gmacro,sell,-3e-05,0.11635,14.9
2025-11-14,bab,sell,-0.00538,0.17486,2690.01
2025-11-15,volprem,sell,-5e-05,0.17589,26.74
2025-11-15,xs_momentum,sell,-0.00248,0.20613,1240.06
2025-11-15,breakout,sell,-0.0018,0.2672,900.91
2025-11-15,crisis,buy,0.00053,0.06333,263.71
2025-11-15,gmacro,sell,-0.00019,0.11616,97.02
2025-11-15,bab,sell,-0.00098,0.17388,492.38
2025-11-16,xs_momentum,buy,0.00041,0.20654,205.66
2025-11-16,breakout,buy,0.00195,0.26915,974.51
2025-11-16,crisis,buy,0.0005,0.06383,250.59
2025-11-16,gmacro,sell,-1e-05,0.11615,5.7
2025-11-16,bab,sell,-0.00018,0.17369,91.48
2025-11-17,volprem,buy,0.0038,0.17969,1899.73
2025-11-17,xs_momentum,sell,-0.00012,0.20643,58.0
2025-11-17,breakout,buy,0.00027,0.26941,133.04
2025-11-17,crisis,buy,0.00034,0.06418,172.06
2025-11-17,gmacro,buy,8e-05,0.11623,40.64
2025-11-17,bab,buy,0.00015,0.17384,73.27
2025-11-18,volprem,sell,-0.00993,0.16976,4966.78
2025-11-18,xs_momentum,sell,-0.01325,0.19318,6624.67
2025-11-18,breakout,sell,-0.01478,0.25464,7388.07
2025-11-18,crisis,buy,0.03562,0.0998,17811.92
2025-11-18,gmacro,sell,-0.00656,0.10967,3278.08
2025-11-18,bab,sell,-0.01031,0.16353,5152.76
2025-11-19,volprem,sell,-0.00476,0.165,2382.27
2025-11-19,xs_momentum,sell,-0.01161,0.18157,5805.45
2025-11-19,breakout,sell,-0.01471,0.23993,7355.23
2025-11-19,crisis,buy,0.03497,0.13477,17484.71
2025-11-19,gmacro,sell,-0.00556,0.10411,2781.9
2025-11-19,bab,sell,-0.00835,0.15518,4174.55
2025-11-20,volprem,buy,0.00816,0.17316,4081.79
2025-11-20,xs_momentum,buy,0.00462,0.18618,2308.13
2025-11-20,breakout,buy,0.00669,0.24662,3344.76
2025-11-20,crisis,sell,-0.017,0.11777,8497.51
2025-11-20,gmacro,buy,0.00431,0.10842,2156.6
2025-11-20,bab,buy,0.00433,0.15952,2167.14
2025-11-21,volprem,sell,-0.00558,0.16757,2792.16
2025-11-21,xs_momentum,sell,-0.01472,0.17146,7360.23
2025-11-21,breakout,sell,-0.01231,0.23431,6154.83
2025-11-21,crisis,buy,0.03152,0.1493,15761.77
2025-11-21,gmacro,sell,-0.00459,0.10383,2294.54
2025-11-21,bab,sell,-0.0086,0.15092,4300.23
2025-11-22,volprem,buy,0.0113,0.17888,5650.85
2025-11-22,xs_momentum,buy,0.00728,0.17874,3638.45
2025-11-22,breakout,buy,0.01825,0.25255,9124.04
2025-11-22,crisis,sell,-0.03852,0.11077,19262.06
2025-11-22,gmacro,buy,0.007,0.11083,3499.24
2025-11-22,bab,buy,0.01314,0.16405,6568.03
2025-11-23,xs_momentum,sell,-0.00046,0.17828,229.88
2025-11-23,breakout,buy,0.00021,0.25276,104.37
2025-11-23,crisis,buy,0.00023,0.111,114.59
2025-11-23,gmacro,buy,0.00109,0.11193,546.87
2025-11-23,bab,buy,0.00012,0.16418,61.86
2025-11-24,volprem,buy,0.00403,0.18291,2014.29
2025-11-24,xs_momentum,sell,-0.00066,0.17762,329.14
2025-11-24,breakout,buy,0.00037,0.25313,184.87
2025-11-24,crisis,sell,-4e-05,0.11096,21.99
2025-11-24,gmacro,buy,5e-05,0.11198,25.38
2025-11-24,bab,sell,-0.00096,0.16322,479.43
2025-11-25,volprem,buy,0.02018,0.20308,10089.26
2025-11-25,xs_momentum,buy,0.01046,0.18808,5228.26
2025-11-25,breakout,buy,0.00425,0.25739,2126.17
2025-11-25,crisis,sell,-0.03573,0.07523,17863.3
2025-11-25,gmacro,buy,0.02138,0.13336,10691.77
2025-11-25,bab,buy,0.01005,0.17327,5026.15
2025-11-26,volprem,buy,0.06703,0.27011,33514.71
2025-11-26,xs_momentum,buy,0.00442,0.1925,2210.58
2025-11-26,breakout,buy,0.00707,0.26446,3535.26
2025-11-26,crisis,sell,-0.01658,0.05865,8290.27
2025-11-26,gmacro,buy,0.00536,0.13872,2678.0
2025-11-26,bab,buy,0.0038,0.17707,1899.63
2025-11-27,volprem,buy,0.00355,0.27367,1777.07
2025-11-27,xs_momentum,buy,0.00269,0.19519,1346.07
2025-11-27,breakout,buy,0.00268,0.26713,1338.45
2025-11-27,crisis,sell,-0.0087,0.04995,4348.9
2025-11-27,gmacro,buy,0.00473,0.14345,2366.97
2025-11-27,bab,buy,0.00231,0.17938,1155.96
2025-11-28,volprem,buy,0.0401,0.31376,20048.82
2025-11-28,xs_momentum,buy,0.0004,0.19559,201.57
2025-11-28,breakout,sell,-0.00022,0.26692,108.49
2025-11-28,crisis,buy,0.00034,0.0503,170.88
2025-11-28,gmacro,buy,0.0,0.14345,1.45
2025-11-28,bab,buy,0.00338,0.18276,1688.8
2025-11-29,volprem,buy,0.00332,0.31709,1660.85
2025-11-29,xs_momentum,buy,0.00212,0.19772,1062.14
2025-11-29,breakout,buy,0.00613,0.27305,3066.67
2025-11-29,crisis,sell,-0.00724,0.04306,3618.61
2025-11-29,gmacro,buy,0.00313,0.14658,1565.9
2025-11-29,bab,buy,0.00145,0.18421,726.46
2025-11-30,xs_momentum,sell,-2e-05,0.1977,8.0
2025-11-30,breakout,buy,0.00054,0.27358,267.74
2025-11-30,crisis,sell,-1e-05,0.04305,3.32
2025-11-30,gmacro,buy,0.01922,0.1658,9609.88
2025-11-30,bab,buy,1e-05,0.18422,3.31
2025-12-01,volprem,buy,0.01068,0.32777,5341.51
2025-12-01,xs_momentum,buy,0.0006,0.19831,301.35
2025-12-01,breakout,buy,0.00147,0.27506,737.13
2025-12-01,crisis,sell,-1e-05,0.04304,5.14
2025-12-01,gmacro,buy,0.00879,0.17459,4395.22
2025-12-01,bab,buy,0.00659,0.19081,3295.55
2025-12-02,volprem,buy,0.00559,0.33336,2793.68
2025-12-02,xs_momentum,sell,-0.00187,0.19643,935.7
2025-12-02,breakout,sell,-0.00303,0.27203,1513.41
2025-12-02,crisis,buy,0.00583,0.04887,2915.0
2025-12-02,gmacro,sell,-0.0008,0.1738,397.59
2025-12-02,bab,sell,-0.00841,0.18241,4203.12
2025-12-03,volprem,buy,0.00209,0.33544,1042.94
2025-12-03,xs_momentum,sell,-0.00557,0.19087,2783.53
2025-12-03,breakout,sell,-0.00667,0.26537,3332.85
2025-12-03,crisis,sell,-0.00228,0.0466,1137.91
2025-12-03,gmacro,buy,0.00744,0.18124,3720.91
2025-12-03,bab,buy,0.00083,0.18323,413.96
2025-12-04,volprem,sell,-0.00048,0.33497,238.82
2025-12-04,xs_momentum,sell,-0.00026,0.19061,128.2
2025-12-04,breakout,buy,0.00169,0.26706,846.16
2025-12-04,crisis,sell,-0.00468,0.04192,2337.66
2025-12-04,gmacro,sell,-0.00118,0.18006,588.74
2025-12-04,bab,buy,3e-05,0.18326,15.05
2025-12-05,volprem,buy,0.00728,0.34224,3638.75
2025-12-05,xs_momentum,sell,-0.00133,0.18928,666.91
2025-12-05,breakout,buy,0.00037,0.26743,186.99
2025-12-05,crisis,sell,-0.00097,0.04095,484.69
2025-12-05,gmacro,sell,-0.00064,0.17942,320.98
2025-12-05,bab,buy,3e-05,0.1833,16.28
2025-12-06,volprem,buy,0.00128,0.34352,638.98
2025-12-06,xs_momentum,buy,0.00034,0.18962,170.01
2025-12-06,breakout,buy,0.00293,0.27037,1466.89
2025-12-06,crisis,sell,-0.00248,0.03848,1238.12
2025-12-06,gmacro,buy,0.00094,0.18036,467.59
2025-12-06,bab,buy,0.0008,0.1841,401.5
2025-12-07,xs_momentum,buy,0.00032,0.18994,161.65
2025-12-07,breakout,buy,0.0062,0.27657,3101.06
2025-12-07,crisis,buy,0.00012,0.0386,61.28
2025-12-07,gmacro,sell,-3e-05,0.18032,16.69
2025-12-07,bab,buy,0.00731,0.19141,3656.76
2025-12-08,volprem,buy,0.00205,0.34557,1024.7
2025-12-08,xs_momentum,buy,0.00013,0.19007,65.13
2025-12-08,breakout,buy,0.00049,0.27706,247.24
2025-12-08,crisis,buy,0.00086,0.03945,427.82
2025-12-08,gmacro,buy,0.00061,0.18093,305.13
2025-12-08,bab,buy,0.00174,0.19315,868.29
2025-12-09,volprem,buy,0.02201,0.36758,11007.41
2025-12-09,xs_momentum,sell,-0.00024,0.18983,120.29
2025-12-09,breakout,sell,-0.00297,0.2741,1483.56
2025-12-09,crisis,buy,0.0043,0.04376,2152.13
2025-12-09,gmacro,buy,0.00234,0.18328,1172.06
2025-12-09,bab,buy,0.00167,0.19482,834.27
2025-12-10,volprem,buy,0.0301,0.39768,15048.76
2025-12-10,xs_momentum,buy,0.03402,0.22385,17009.51
2025-12-10,breakout,buy,0.11955,0.39365,59775.61
2025-12-10,crisis,buy,0.00204,0.0458,1022.3
2025-12-10,gmacro,sell,-0.00267,0.18061,1334.4
2025-12-10,bab,buy,0.011,0.20582,5501.1
2025-12-11,volprem,buy,0.0517,0.44938,25849.72
2025-12-11,xs_momentum,buy,0.00424,0.22809,2119.4
2025-12-11,breakout,buy,0.00084,0.39449,422.07
2025-12-11,crisis,sell,-0.00904,0.03676,4521.0
2025-12-11,gmacro,buy,0.00081,0.18142,403.93
2025-12-11,bab,buy,0.00238,0.2082,1188.43
2025-12-12,volprem,buy,0.01642,0.4658,8208.5
2025-12-12,xs_momentum,buy,0.00124,0.22933,620.53
2025-12-12,breakout,buy,0.00601,0.4005,3004.12
2025-12-12,crisis,buy,0.05838,0.09514,29190.95
2025-12-12,gmacro,sell,-0.004,0.17742,1999.65
2025-12-12,bab,buy,0.00882,0.21701,4408.35
2025-12-13,volprem,sell,-0.00973,0.45607,4864.75
2025-12-13,xs_momentum,sell,-0.00447,0.22486,2234.32
2025-12-13,breakout,sell,-0.00415,0.39635,2076.39
2025-12-13,crisis,buy,0.04043,0.13557,20215.36
2025-12-13,gmacro,buy,0.00875,0.18617,4373.72
2025-12-13,bab,sell,-0.00342,0.21359,1711.73
2025-12-14,xs_momentum,buy,0.00019,0.22505,92.7
2025-12-14,breakout,sell,-0.00138,0.39497,688.4
2025-12-14,gmacro,sell,-1e-05,0.18616,4.35
2025-12-14,bab,buy,0.00137,0.21496,687.41
2025-12-15,volprem,buy,0.00022,0.45629,111.71
2025-12-15,xs_momentum,buy,0.0001,0.22515,50.08
2025-12-15,breakout,sell,-0.00409,0.39088,2047.23
2025-12-15,crisis,sell,-0.00086,0.13472,428.94
2025-12-15,gmacro,buy,0.00589,0.19204,2943.94
2025-12-15,bab,sell,-0.00015,0.21482,72.6
2025-12-16,volprem,buy,0.00035,0.45664,173.12
2025-12-16,xs_momentum,sell,-0.00051,0.22464,253.7
2025-12-16,breakout,sell,-0.00405,0.38683,2025.26
2025-12-16,crisis,buy,0.00799,0.1427,3993.62
2025-12-16,gmacro,sell,-0.01115,0.1809,5573.68
2025-12-16,bab,buy,0.00259,0.21741,1293.35
2025-12-17,volprem,sell,-0.01157,0.44507,5783.6
2025-12-17,xs_momentum,buy,0.00029,0.22493,143.69
2025-12-17,breakout,sell,-0.00284,0.38398,1420.18
2025-12-17,crisis,buy,0.00671,0.14941,3355.59
2025-12-17,gmacro,sell,-0.01185,0.16905,5924.31
2025-12-17,bab,buy,0.00024,0.21764,118.04
2025-12-18,volprem,buy,0.00794,0.45301,3971.31
2025-12-18,xs_momentum,sell,-0.0083,0.21663,4149.69
2025-12-18,breakout,sell,-0.01434,0.36964,7171.43
2025-12-18,crisis,buy,0.03727,0.18668,18632.73
2025-12-18,gmacro,sell,-0.00351,0.16554,1754.14
2025-12-18,bab,sell,-6e-05,0.21758,29.2
2025-12-19,volprem,buy,0.00638,0.45939,3189.58
2025-12-19,xs_momentum,buy,0.00123,0.21785,612.63
2025-12-19,breakout,sell,-0.00358,0.36606,1790.03
2025-12-19,crisis,sell,-0.0202,0.16648,10100.45
2025-12-19,gmacro,buy,0.00258,0.16812,1290.47
2025-12-19,bab,buy,0.00317,0.22075,1583.74
2025-12-20,volprem,buy,0.00532,0.46471,2658.91
2025-12-20,xs_momentum,buy,0.00214,0.21999,1068.49
2025-12-20,breakout,sell,-0.00652,0.35954,3261.31
2025-12-20,crisis,sell,-0.02842,0.13805,14212.29
2025-12-20,gmacro,buy,0.00187,0.17,937.47
2025-12-20,bab,sell,-0.00116,0.21959,580.61
2025-12-21,xs_momentum,sell,-0.00138,0.21861,689.69
2025-12-21,breakout,buy,4e-05,0.35958,22.35
2025-12-21,crisis,sell,-0.00527,0.13278,2637.34
2025-12-21,gmacro,buy,0.00493,0.17493,2465.78
2025-12-21,bab,buy,0.00223,0.22182,1113.12
2025-12-22,xs_momentum,buy,0.00017,0.21878,83.07
2025-12-22,breakout,buy,0.00169,0.36128,847.24
2025-12-22,crisis,sell,-0.00025,0.13253,126.55
2025-12-22,gmacro,buy,2e-05,0.17495,11.33
2025-12-22,bab,buy,8e-05,0.2219,41.49
2025-12-23,volprem,buy,0.0056,0.47031,2801.36
2025-12-23,xs_momentum,buy,0.00336,0.22214,1680.05
2025-12-23,breakout,buy,0.00532,0.3666,2658.5
2025-12-23,crisis,sell,-0.03163,0.1009,15815.25
2025-12-23,gmacro,sell,-0.00741,0.16754,3706.78
2025-12-23,bab,buy,0.00818,0.23008,4089.29
2025-12-24,volprem,buy,0.00422,0.47454,2111.71
2025-12-24,xs_momentum,buy,0.00195,0.22409,976.17
2025-12-24,breakout,buy,0.00448,0.37108,2241.27
2025-12-24,crisis,sell,-0.02147,0.07943,10732.55
2025-12-24,gmacro,buy,0.04125,0.20879,20624.73
2025-12-24,bab,buy,0.00222,0.2323,1111.41
2025-12-25,volprem,buy,0.00165,0.47619,826.52
2025-12-25,xs_momentum,buy,0.00031,0.2244,156.43
2025-12-25,breakout,buy,0.00116,0.37224,581.56
2025-12-25,crisis,sell,-0.00547,0.07396,2735.59
2025-12-25,gmacro,sell,-0.00297,0.20581,1485.72
2025-12-25,bab,buy,0.00171,0.23401,853.59
2025-12-26,volprem,sell,-0.00453,0.47166,2265.22
2025-12-26,xs_momentum,sell,-0.00011,0.22429,54.64
2025-12-26,breakout,sell,-0.00012,0.37212,58.09
2025-12-26,crisis,buy,0.00739,0.08135,3696.14
2025-12-26,gmacro,sell,-0.00063,0.20519,314.7
2025-12-26,bab,buy,0.00158,0.23559,789.21
2025-12-27,volprem,sell,-9e-05,0.47157,47.43
2025-12-27,xs_momentum,sell,-0.00014,0.22415,69.51
2025-12-27,breakout,sell,-0.00463,0.36749,2315.5
2025-12-27,crisis,buy,0.00028,0.08163,138.2
2025-12-27,gmacro,sell,-0.02662,0.17856,13310.63
2025-12-27,bab,buy,0.00111,0.2367,557.03
2025-12-28,xs_momentum,sell,-0.00455,0.2196,2276.03
2025-12-28,breakout,sell,-0.00282,0.36467,1409.82
2025-12-28,crisis,sell,-0.00074,0.08089,367.84
2025-12-28,gmacro,buy,2e-05,0.17859,12.19
2025-12-28,bab,sell,-0.00238,0.23432,1189.91
2025-12-29,volprem,sell,-0.00331,0.46826,1652.68
2025-12-29,xs_momentum,buy,0.00458,0.22418,2288.24
2025-12-29,breakout,sell,-0.00029,0.36438,144.86
2025-12-29,crisis,buy,0.00044,0.08133,218.12
2025-12-29,gmacro,sell,-0.00072,0.17787,358.97
2025-12-29,bab,sell,-0.0003,0.23402,151.5
2025-12-30,volprem,sell,-0.0017,0.46656,851.56
2025-12-30,xs_momentum,buy,0.01397,0.23815,6986.89
2025-12-30,breakout,buy,0.00198,0.36637,991.14
2025-12-30,crisis,sell,-0.00862,0.07271,4308.51
2025-12-30,gmacro,sell,-0.0139,0.16397,6950.18
2025-12-30,bab,buy,0.00063,0.23465,316.98
2025-12-31,volprem,sell,-0.00564,0.46092,2819.67
2025-12-31,xs_momentum,buy,0.0022,0.24035,1101.17
2025-12-31,breakout,sell,-0.00089,0.36548,444.68
2025-12-31,crisis,buy,0.00302,0.07573,1508.28
2025-12-31,gmacro,sell,-0.00157,0.1624,785.63
2025-12-31,bab,buy,0.01336,0.24801,6678.72
2026-01-01,volprem,sell,-0.00658,0.45433,3291.26
2026-01-01,xs_momentum,sell,-0.00935,0.231,4676.45
2026-01-01,breakout,sell,-0.00297,0.3625,1486.37
2026-01-01,crisis,buy,0.01808,0.0938,9037.83
2026-01-01,gmacro,sell,-0.00228,0.16012,1138.31
2026-01-01,bab,sell,-0.00345,0.24456,1723.58
2026-01-02,volprem,sell,-0.00786,0.44647,3932.12
2026-01-02,xs_momentum,sell,-0.0042,0.2268,2099.03
2026-01-02,breakout,sell,-0.0497,0.3128,24851.52
2026-01-02,crisis,sell,-0.00776,0.08605,3877.55
2026-01-02,gmacro,sell,-0.00022,0.1599,111.93
2026-01-02,bab,sell,-0.00858,0.23598,4292.08
2026-01-03,volprem,buy,0.00157,0.44804,785.68
2026-01-03,xs_momentum,buy,0.01783,0.24463,8913.49
2026-01-03,breakout,buy,0.00872,0.32152,4359.87
2026-01-03,crisis,sell,-0.00413,0.08192,2062.89
2026-01-03,gmacro,buy,0.0008,0.16069,397.5
2026-01-03,bab,sell,-0.00819,0.22778,4096.45
2026-01-04,xs_momentum,buy,6e-05,0.24469,32.24
2026-01-04,breakout,buy,0.0001,0.32162,47.81
2026-01-04,crisis,sell,-0.00021,0.08171,106.92
2026-01-04,gmacro,sell,-5e-05,0.16064,25.5
2026-01-04,bab,sell,-0.00131,0.22647,656.14
2026-01-05,volprem,sell,-0.03237,0.41567,16184.7
2026-01-05,xs_momentum,sell,-0.0016,0.2431,797.58
2026-01-05,breakout,sell,-0.0015,0.32012,750.89
2026-01-05,crisis,sell,-0.00026,0.08145,130.1
2026-01-05,gmacro,buy,0.00148,0.16213,742.24
2026-01-05,bab,sell,-0.00123,0.22524,615.84
2026-01-06,volprem,buy,0.00582,0.42149,2908.12
2026-01-06,xs_momentum,buy,0.00507,0.24817,2536.87
2026-01-06,breakout,buy,0.00483,0.32495,2416.08
2026-01-06,crisis,sell,-0.0154,0.06605,7698.95
2026-01-06,gmacro,sell,-0.0003,0.16182,151.06
2026-01-06,bab,buy,0.00846,0.2337,4230.69
2026-01-07,volprem,buy,0.00415,0.42564,2076.27
2026-01-07,xs_momentum,buy,0.01127,0.25944,5633.73
2026-01-07,breakout,buy,0.00382,0.32877,1909.09
2026-01-07,crisis,sell,-0.0086,0.05745,4300.52
2026-01-07,gmacro,buy,0.00176,0.16359,880.14
2026-01-07,bab,buy,0.00457,0.23827,2286.45
2026-01-08,volprem,buy,0.00267,0.42831,1333.74
2026-01-08,xs_momentum,buy,0.00087,0.26031,435.88
2026-01-08,breakout,sell,-0.00267,0.3261,1334.9
2026-01-08,crisis,buy,0.00459,0.06204,2295.26
2026-01-08,gmacro,sell,-0.00706,0.15653,3527.77
2026-01-08,bab,sell,-0.00158,0.2367,788.46
2026-01-09,volprem,buy,0.00047,0.42878,234.94
2026-01-09,xs_momentum,sell,-0.00499,0.25532,2495.9
2026-01-09,breakout,sell,-0.00023,0.32587,115.05
2026-01-09,crisis,sell,-0.00116,0.06088,580.08
2026-01-09,gmacro,sell,-0.00762,0.14891,3811.95
2026-01-09,bab,buy,5e-05,0.23675,23.99
2026-01-10,volprem,buy,0.00283,0.43161,1414.2
2026-01-10,xs_momentum,buy,0.00147,0.25678,732.63
2026-01-10,breakout,buy,0.00954,0.33541,4771.43
2026-01-10,crisis,sell,-0.00796,0.05292,3980.69
2026-01-10,gmacro,sell,-0.0007,0.1482,352.05
2026-01-10,bab,buy,0.00778,0.24453,3891.52
2026-01-11,xs_momentum,sell,-0.00074,0.25605,368.37
2026-01-11,breakout,buy,0.00145,0.33685,722.89
2026-01-11,crisis,sell,-0.00012,0.0528,58.08
2026-01-11,gmacro,sell,-0.00015,0.14805,75.56
2026-01-11,bab,buy,0.00261,0.24714,1303.47
2026-01-12,volprem,buy,0.00458,0.43618,2288.57
2026-01-12,xs_momentum,sell,-0.00091,0.25513,456.37
2026-01-12,breakout,buy,0.00065,0.33751,326.24
2026-01-12,crisis,sell,-6e-05,0.05275,27.55
2026-01-12,gmacro,sell,-3e-05,0.14802,17.07
2026-01-12,bab,buy,0.00771,0.25485,3855.85
2026-01-13,volprem,sell,-0.0003,0.43589,147.51
2026-01-13,xs_momentum,sell,-0.00202,0.25311,1012.03
2026-01-13,breakout,buy,0.00131,0.33882,655.0
2026-01-13,crisis,sell,-0.00342,0.04932,1711.95
2026-01-13,gmacro,sell,-0.00289,0.14513,1442.99
2026-01-13,bab,sell,-0.00153,0.25332,763.76
2026-01-14,volprem,sell,-0.00528,0.4306,2642.5
2026-01-14,xs_momentum,buy,0.00437,0.25748,2183.86
2026-01-14,breakout,sell,-0.02056,0.31826,10280.63
2026-01-14,crisis,buy,0.00341,0.05274,1707.43
2026-01-14,gmacro,sell,-0.00086,0.14427,430.76
2026-01-14,bab,buy,0.00765,0.26097,3825.02
2026-01-15,volprem,sell,-0.00595,0.42465,2974.65
2026-01-15,xs_momentum,buy,0.00025,0.25773,123.82
2026-01-15,breakout,sell,-0.00291,0.31534,1456.96
2026-01-15,crisis,buy,0.0093,0.06204,4649.05
2026-01-15,gmacro,sell,-0.00176,0.14251,880.1
2026-01-15,bab,sell,-0.00347,0.2575,1737.16
2026-01-16,volprem,buy,0.00184,0.42649,917.75
2026-01-16,xs_momentum,buy,0.00162,0.25934,808.53
2026-01-16,breakout,buy,0.00167,0.31701,835.49
2026-01-16,crisis,sell,-0.00488,0.05716,2439.63
2026-01-16,gmacro,buy,0.00056,0.14307,278.44
2026-01-16,bab,buy,0.0025,0.25999,1248.65
2026-01-17,volprem,sell,-0.0007,0.42579,349.53
2026-01-17,xs_momentum,buy,0.0067,0.26604,3350.55
2026-01-17,breakout,buy,0.00129,0.31831,647.43
2026-01-17,crisis,buy,0.00105,0.0582,523.14
2026-01-17,gmacro,buy,0.00076,0.14382,377.67
2026-01-17,bab,buy,0.00257,0.26256,1282.73
2026-01-18,xs_momentum,buy,0.00064,0.26668,318.49
2026-01-18,breakout,buy,0.00041,0.31871,203.5
2026-01-18,crisis,sell,-1e-05,0.05819,4.67
2026-01-18,gmacro,sell,-0.0002,0.14363,97.76
2026-01-18,bab,sell,-0.0073,0.25526,3649.98
2026-01-19,xs_momentum,buy,0.00307,0.26975,1535.54
2026-01-19,breakout,sell,-0.00311,0.31561,1554.04
2026-01-19,crisis,buy,0.00024,0.05843,117.67
2026-01-19,gmacro,buy,0.00067,0.14429,333.17
2026-01-19,bab,buy,0.0001,0.25536,50.05
2026-01-20,volprem,sell,-0.0516,0.37419,25799.03
2026-01-20,xs_momentum,sell,-0.02357,0.24618,11785.34
2026-01-20,breakout,sell,-0.03746,0.27815,18729.5
2026-01-20,crisis,buy,0.11266,0.17109,56328.35
2026-01-20,gmacro,sell,-0.01759,0.1267,8795.65
2026-01-20,bab,sell,-0.03245,0.22291,16225.11
2026-01-21,volprem,sell,-0.08206,0.29214,41028.04
2026-01-21,xs_momentum,buy,0.02553,0.27171,12766.12
2026-01-21,breakout,buy,0.02294,0.30109,11469.52
2026-01-21,crisis,sell,-0.0598,0.11128,29901.48
2026-01-21,gmacro,buy,0.00907,0.13577,4535.77
2026-01-21,bab,buy,0.0166,0.23951,8300.88
2026-01-22,volprem,buy,0.00791,0.30005,3955.25
2026-01-22,xs_momentum,buy,0.01079,0.28251,5396.38
2026-01-22,breakout,buy,0.01245,0.31354,6225.59
2026-01-22,crisis,sell,-0.03821,0.07307,19107.28
2026-01-22,gmacro,buy,0.00195,0.13772,974.62
2026-01-22,bab,sell,-0.04163,0.19788,20813.84
2026-01-23,volprem,buy,0.00298,0.30303,1492.25
2026-01-23,xs_momentum,buy,0.00128,0.28379,641.01
2026-01-23,breakout,buy,0.00229,0.31582,1142.88
2026-01-23,crisis,sell,-0.01288,0.06019,6438.65
2026-01-23,gmacro,sell,-0.00039,0.13733,193.4
2026-01-23,bab,buy,0.0012,0.19909,601.63
2026-01-24,volprem,buy,0.00021,0.30324,106.31
2026-01-24,xs_momentum,buy,0.00158,0.28537,788.72
2026-01-24,breakout,buy,0.01395,0.32977,6974.98
2026-01-24,crisis,sell,-0.00131,0.05888,654.38
2026-01-24,gmacro,sell,-0.00049,0.13685,243.47
2026-01-24,bab,buy,0.00455,0.20364,2275.76
2026-01-25,xs_momentum,sell,-0.00599,0.27938,2993.29
2026-01-25,breakout,buy,3e-05,0.3298,13.44
2026-01-25,crisis,buy,0.00014,0.05903,71.54
2026-01-25,gmacro,buy,0.00035,0.1372,174.14
2026-01-25,bab,sell,-2e-05,0.20362,8.81
2026-01-26,volprem,sell,-0.0,0.30324,2.3
2026-01-26,xs_momentum,buy,0.00113,0.28051,566.94
2026-01-26,breakout,sell,-0.00062,0.32918,312.37
2026-01-26,crisis,sell,-0.00374,0.05528,1870.57
2026-01-26,gmacro,buy,7e-05,0.13727,36.5
2026-01-26,bab,sell,-0.0154,0.18822,7700.27
2026-01-27,volprem,buy,0.00229,0.30553,1144.39
2026-01-27,xs_momentum,buy,0.00223,0.28274,1115.53
2026-01-27,breakout,buy,0.00332,0.3325,1661.38
2026-01-27,crisis,sell,-0.00808,0.04721,4039.83
2026-01-27,gmacro,buy,0.0012,0.13847,598.52
2026-01-27,bab,buy,0.00224,0.19045,1117.61
2026-01-28,volprem,buy,0.0024,0.30793,1201.97
2026-01-28,xs_momentum,sell,-0.00348,0.27927,1737.91
2026-01-28,breakout,buy,0.0013,0.33379,647.61
2026-01-28,crisis,sell,-0.007,0.04021,3499.74
2026-01-28,gmacro,sell,-0.00648,0.13199,3239.84
2026-01-28,bab,sell,-0.04474,0.14571,22372.26
2026-01-29,volprem,buy,0.00241,0.31034,1205.76
2026-01-29,xs_momentum,sell,-0.00572,0.27355,2857.79
2026-01-29,breakout,sell,-0.00502,0.32878,2507.78
2026-01-29,crisis,sell,-4e-05,0.04016,22.38
2026-01-29,gmacro,sell,-0.00101,0.13098,504.22
2026-01-29,bab,sell,-2e-05,0.14569,12.16
2026-01-30,volprem,sell,-0.01091,0.29944,5452.68
2026-01-30,xs_momentum,sell,-0.00255,0.271,1275.14
2026-01-30,breakout,sell,-0.00353,0.32525,1764.36
2026-01-30,crisis,buy,0.00259,0.04275,1293.83
2026-01-30,gmacro,sell,-0.00026,0.13072,128.56
2026-01-30,bab,sell,-0.00897,0.13672,4482.93
2026-01-31,volprem,sell,-0.00175,0.29769,875.37
2026-01-31,xs_momentum,sell,-0.0087,0.2623,4352.45
2026-01-31,breakout,buy,0.00029,0.32554,143.86
2026-01-31,crisis,buy,0.00387,0.04662,1933.55
2026-01-31,gmacro,sell,-0.01216,0.11856,6078.95
2026-01-31,bab,buy,0.00059,0.13731,292.83
2026-02-01,xs_momentum,buy,0.01478,0.27708,7388.82
2026-02-01,breakout,buy,0.00626,0.3318,3130.78
2026-02-01,crisis,sell,-0.00322,0.04339,1611.4
2026-02-01,gmacro,sell,-0.00026,0.1183,130.67
2026-02-01,bab,sell,-0.00292,0.13439,1457.56
2026-02-02,volprem,buy,3e-05,0.29772,14.27
2026-02-02,xs_momentum,buy,0.00286,0.27994,1431.82
2026-02-02,breakout,buy,8e-05,0.33188,39.67
2026-02-02,crisis,sell,-0.00011,0.04328,56.51
2026-02-02,gmacro,sell,-3e-05,0.11827,16.92
2026-02-02,bab,buy,0.00052,0.13491,258.04
2026-02-03,volprem,buy,0.00302,0.30074,1511.69
2026-02-03,xs_momentum,buy,0.00904,0.28898,4518.43
2026-02-03,breakout,buy,0.00191,0.33379,954.12
2026-02-03,crisis,sell,-0.00728,0.036,3640.57
2026-02-03,gmacro,buy,0.00199,0.12026,994.82
2026-02-03,bab,buy,0.00139,0.13629,692.89
2026-02-04,volprem,sell,-0.00977,0.29097,4883.33
2026-02-04,xs_momentum,sell,-0.01256,0.27642,6278.57
2026-02-04,breakout,sell,-0.0018,0.33198,901.43
2026-02-04,crisis,buy,0.01179,0.04779,5893.14
2026-02-04,gmacro,sell,-0.00196,0.11829,981.19
2026-02-04,bab,sell,-0.00227,0.13402,1134.79
2026-02-05,volprem,sell,-0.00356,0.28741,1780.04
2026-02-05,xs_momentum,sell,-0.0252,0.25122,12601.9
2026-02-05,breakout,sell,-0.00316,0.32882,1580.15
2026-02-05,crisis,buy,0.00652,0.0543,3258.91
2026-02-05,gmacro,sell,-0.00118,0.11711,592.11
2026-02-05,bab,sell,-0.00143,0.1326,712.81
2026-02-06,volprem,sell,-0.02287,0.26454,11436.04
2026-02-06,xs_momentum,sell,-0.02355,0.22767,11773.32
2026-02-06,breakout,sell,-0.0359,0.29292,17948.96
2026-02-06,crisis,buy,0.05191,0.10621,25954.12
2026-02-06,gmacro,sell,-0.00969,0.10742,4846.46
2026-02-06,bab,sell,-0.01337,0.11923,6685.84
2026-02-07,volprem,buy,0.02525,0.28979,12622.9
2026-02-07,xs_momentum,buy,0.02065,0.24832,10325.67
2026-02-07,breakout,buy,0.02482,0.31774,12409.41
2026-02-07,crisis,sell,-0.06094,0.04527,30469.21
2026-02-07,gmacro,buy,0.01147,0.11888,5733.37
2026-02-07,bab,buy,0.009,0.12822,4499.5
2026-02-08,xs_momentum,sell,-0.00021,0.24811,105.05
2026-02-08,breakout,buy,0.00236,0.3201,1180.61
2026-02-08,crisis,buy,1e-05,0.04529,6.76
2026-02-08,gmacro,sell,-9e-05,0.1188,44.34
2026-02-08,bab,sell,-1e-05,0.12822,3.66
2026-02-09,volprem,sell,-0.0001,0.28969,48.26
2026-02-09,xs_momentum,sell,-0.0052,0.24291,2600.99
2026-02-09,breakout,buy,0.00082,0.32093,412.14
2026-02-09,crisis,sell,-0.0,0.04528,1.7
2026-02-09,gmacro,buy,0.00021,0.119,103.05
2026-02-09,bab,buy,2e-05,0.12824,9.5
2026-02-10,volprem,buy,0.00289,0.29258,1446.18
2026-02-10,xs_momentum,buy,0.00158,0.24449,788.64
2026-02-10,breakout,buy,0.00289,0.32382,1445.34
2026-02-10,crisis,sell,-0.00667,0.03861,3334.13
2026-02-10,gmacro,buy,0.00221,0.12121,1104.32
2026-02-10,bab,buy,0.00143,0.12967,716.68
2026-02-11,volprem,sell,-0.00158,0.291,792.38
2026-02-11,xs_momentum,sell,-0.00173,0.24275,866.74
2026-02-11,breakout,sell,-0.00761,0.31621,3806.0
2026-02-11,crisis,buy,0.00353,0.04215,1766.01
2026-02-11,gmacro,sell,-0.00073,0.12048,365.02
2026-02-11,bab,sell,-0.00067,0.129,333.73
2026-02-12,volprem,sell,-0.00027,0.29073,133.65
2026-02-12,xs_momentum,sell,-0.00597,0.23678,2987.3
2026-02-12,breakout,sell,-0.00113,0.31507,567.45
2026-02-12,crisis,buy,0.00035,0.0425,174.76
2026-02-12,gmacro,buy,0.00012,0.1206,60.31
2026-02-12,bab,buy,8e-05,0.12909,41.59
2026-02-13,volprem,sell,-0.01295,0.27778,6474.53
2026-02-13,xs_momentum,sell,-0.01203,0.22475,6013.06
2026-02-13,breakout,sell,-0.01688,0.2982,8437.53
2026-02-13,crisis,buy,0.03437,0.07686,17184.17
2026-02-13,gmacro,sell,-0.00643,0.11417,3216.73
2026-02-13,bab,sell,-0.00613,0.12296,3064.81
2026-02-14,volprem,buy,0.00418,0.28196,2090.86
2026-02-14,xs_momentum,buy,0.00319,0.22794,1596.09
2026-02-14,breakout,buy,0.0064,0.3046,3200.65
2026-02-14,crisis,sell,-0.01004,0.06682,5022.07
2026-02-14,gmacro,buy,0.00323,0.1174,1617.1
2026-02-14,bab,buy,0.00132,0.12427,658.34
2026-02-15,xs_momentum,sell,-0.01568,0.21227,7838.54
2026-02-15,breakout,sell,-0.00336,0.30123,1682.44
2026-02-15,crisis,buy,0.00019,0.06701,96.76
2026-02-15,gmacro,buy,0.00342,0.12082,1710.3
2026-02-15,bab,sell,-0.00021,0.12406,106.97
2026-02-16,xs_momentum,buy,0.00314,0.21541,1572.36
2026-02-16,breakout,buy,0.00223,0.30347,1116.91
2026-02-16,gmacro,buy,7e-05,0.12089,34.72
2026-02-16,bab,sell,-2e-05,0.12404,10.93
2026-02-17,volprem,sell,-0.01092,0.27105,5457.85
2026-02-17,xs_momentum,sell,-0.0064,0.20901,3197.96
2026-02-17,breakout,sell,-0.00587,0.2976,2933.46
2026-02-17,crisis,buy,0.02681,0.09382,13403.26
2026-02-17,gmacro,sell,-0.00476,0.11614,2378.11
2026-02-17,bab,sell,-0.00487,0.11917,2432.74
2026-02-18,volprem,buy,0.00682,0.27787,3408.98
2026-02-18,xs_momentum,buy,0.00596,0.21497,2978.2
2026-02-18,breakout,buy,0.01326,0.31087,6631.97
2026-02-18,crisis,sell,-0.01621,0.07761,8104.97
2026-02-18,gmacro,buy,0.00354,0.11967,1769.02
2026-02-18,bab,buy,0.00382,0.12299,1911.41
2026-02-19,volprem,buy,0.01147,0.28933,5733.22
2026-02-19,xs_momentum,buy,0.01001,0.22498,5003.03
2026-02-19,breakout,buy,0.00837,0.31923,4182.79
2026-02-19,crisis,sell,-0.0224,0.05521,11198.22
2026-02-19,gmacro,buy,0.00438,0.12405,2187.77
2026-02-19,bab,buy,0.00432,0.12732,2161.79
2026-02-20,volprem,sell,-0.00146,0.28788,728.31
2026-02-20,xs_momentum,sell,-0.00181,0.22317,904.55
2026-02-20,breakout,sell,-0.00605,0.31318,3025.0
2026-02-20,crisis,buy,0.00786,0.06307,3929.14
2026-02-20,gmacro,sell,-0.00129,0.12276,644.08
2026-02-20,bab,sell,-0.00147,0.12584,736.29
2026-02-21,volprem,buy,0.00615,0.29403,3076.22
2026-02-21,xs_momentum,buy,0.00478,0.22794,2387.57
2026-02-21,breakout,buy,0.00471,0.31789,2354.5
2026-02-21,crisis,sell,-0.01416,0.04892,7078.38
2026-02-21,gmacro,buy,0.0055,0.12826,2749.12
2026-02-21,bab,buy,0.00274,0.12859,1371.25
2026-02-22,xs_momentum,buy,0.00044,0.22838,217.65
2026-02-22,breakout,buy,0.00021,0.3181,106.87
2026-02-22,crisis,buy,0.00076,0.04968,380.68
2026-02-22,gmacro,buy,0.0004,0.12866,200.67
2026-02-22,bab,buy,2e-05,0.12861,10.45
2026-02-23,xs_momentum,sell,-0.0017,0.22668,847.85
2026-02-23,breakout,sell,-0.0053,0.3128,2652.01
2026-02-23,crisis,buy,0.0001,0.04978,52.0
2026-02-23,gmacro,buy,0.00075,0.12942,377.4
2026-02-23,bab,sell,-4e-05,0.12857,18.85
2026-02-24,volprem,sell,-0.01654,0.27749,8267.61
2026-02-24,xs_momentum,sell,-0.01372,0.21296,6861.48
2026-02-24,breakout,sell,-0.01614,0.29666,8071.09
2026-02-24,crisis,buy,0.04104,0.09082,20521.9
2026-02-24,gmacro,sell,-0.007,0.12242,3497.88
2026-02-24,bab,sell,-0.00739,0.12118,3694.1
2026-02-25,volprem,buy,0.01421,0.2917,7103.55
2026-02-25,xs_momentum,buy,0.0114,0.22436,5698.14
2026-02-25,breakout,buy,0.01783,0.31448,8912.6
2026-02-25,crisis,sell,-0.03509,0.05574,17543.38
2026-02-25,gmacro,buy,0.01511,0.13753,7556.03
2026-02-25,bab,buy,0.0062,0.12738,3098.5
2026-02-26,volprem,buy,0.00549,0.29719,2743.39
2026-02-26,xs_momentum,sell,-0.00748,0.21687,3741.92
2026-02-26,breakout,sell,-0.0235,0.29098,11750.68
2026-02-26,crisis,sell,-0.01357,0.04217,6783.84
2026-02-26,gmacro,buy,0.00253,0.14006,1262.58
2026-02-26,bab,buy,0.00293,0.13031,1467.22
2026-02-27,volprem,sell,-0.00327,0.29392,1635.46
2026-02-27,xs_momentum,sell,-0.00466,0.21221,2330.86
2026-02-27,breakout,sell,-0.00236,0.28862,1180.54
2026-02-27,crisis,buy,0.00798,0.05015,3991.55
2026-02-27,gmacro,sell,-0.00129,0.13876,645.99
2026-02-27,bab,sell,-0.0013,0.12901,649.37
2026-02-28,volprem,sell,-0.00453,0.28939,2262.55
2026-02-28,xs_momentum,sell,-0.00305,0.20916,1526.95
2026-02-28,breakout,sell,-0.00252,0.2861,1258.22
2026-02-28,crisis,buy,0.01652,0.06667,8260.1
2026-02-28,gmacro,buy,0.00596,0.14472,2979.75
2026-02-28,bab,sell,-0.00199,0.12703,992.78
2026-03-01,xs_momentum,sell,-6e-05,0.2091,28.03
2026-03-01,breakout,sell,-0.00011,0.28599,56.54
2026-03-01,crisis,sell,-3e-05,0.06665,14.22
2026-03-01,gmacro,buy,0.00057,0.14529,282.82
2026-03-01,bab,sell,-0.0,0.12703,0.84
2026-03-02,volprem,buy,0.00288,0.29227,1438.11
2026-03-02,xs_momentum,buy,0.0046,0.2137,2302.08
2026-03-02,breakout,buy,0.00067,0.28666,334.41
2026-03-02,crisis,sell,-8e-05,0.06657,38.6
2026-03-02,gmacro,sell,-0.00033,0.14496,164.94
2026-03-02,bab,sell,-0.0,0.12703,0.72
2026-03-03,volprem,sell,-0.01414,0.27813,7069.49
2026-03-03,xs_momentum,sell,-0.00729,0.20642,3643.83
2026-03-03,breakout,buy,0.0145,0.30116,7249.34
2026-03-03,crisis,buy,0.03707,0.10364,18536.18
2026-03-03,gmacro,sell,-0.00747,0.13749,3735.61
2026-03-03,bab,sell,-0.00504,0.12199,2517.61
2026-03-04,volprem,sell,-0.01193,0.2662,5965.89
2026-03-04,xs_momentum,sell,-0.01685,0.18956,8426.86
2026-03-04,breakout,sell,-0.01403,0.28713,7015.4
2026-03-04,crisis,buy,0.04476,0.1484,22380.62
2026-03-04,gmacro,sell,-0.00871,0.12878,4356.19
2026-03-04,bab,sell,-0.00608,0.11591,3041.01
2026-03-05,volprem,buy,0.02206,0.28826,11031.66
2026-03-05,xs_momentum,buy,0.01446,0.20402,7228.66
2026-03-05,breakout,buy,0.02155,0.30867,10772.83
2026-03-05,crisis,sell,-0.05268,0.09572,26341.98
2026-03-05,gmacro,buy,0.00989,0.13867,4945.06
2026-03-05,bab,buy,0.00917,0.12508,4586.86
2026-03-06,volprem,sell,-0.01346,0.2748,6731.36
2026-03-06,xs_momentum,sell,-0.0141,0.18993,7047.76
2026-03-06,breakout,sell,-0.01817,0.2905,9086.17
2026-03-06,crisis,buy,0.04737,0.14309,23684.5
2026-03-06,gmacro,sell,-0.0113,0.12736,5651.09
2026-03-06,bab,sell,-0.00754,0.11755,3768.59
2026-03-07,volprem,sell,-0.01924,0.25556,9619.7
2026-03-07,xs_momentum,sell,-0.01242,0.17751,6207.55
2026-03-07,breakout,sell,-0.02452,0.26598,12259.3
2026-03-07,crisis,buy,0.0477,0.19079,23849.4
2026-03-07,gmacro,sell,-0.00718,0.12018,3589.97
2026-03-07,bab,sell,-0.0082,0.10934,4100.33
2026-03-08,xs_momentum,buy,7e-05,0.17758,35.51
2026-03-08,breakout,sell,-0.00268,0.2633,1341.45
2026-03-08,crisis,buy,0.00013,0.19092,65.17
2026-03-08,gmacro,buy,0.00011,0.1203,57.03
2026-03-08,bab,buy,0.00017,0.10951,84.1
2026-03-09,volprem,buy,0.00034,0.2559,172.26
2026-03-09,xs_momentum,buy,0.00067,0.17825,333.19
2026-03-09,breakout,buy,0.00035,0.26365,174.1
2026-03-09,crisis,buy,0.00546,0.19637,2727.61
2026-03-09,gmacro,buy,0.00415,0.12444,2073.09
2026-03-09,bab,sell,-2e-05,0.1095,8.52
2026-03-10,volprem,buy,0.01839,0.2743,9196.67
2026-03-10,xs_momentum,buy,0.01402,0.19227,7009.42
2026-03-10,breakout,buy,0.01527,0.27891,7633.01
2026-03-10,crisis,sell,-0.03825,0.15812,19123.96
2026-03-10,gmacro,buy,0.01366,0.13811,6831.37
2026-03-10,bab,buy,0.00645,0.11595,3225.18
2026-03-11,volprem,buy,0.01275,0.28705,6376.97
2026-03-11,xs_momentum,buy,0.008,0.20027,4001.1
2026-03-11,breakout,buy,0.01049,0.28941,5246.98
2026-03-11,crisis,sell,-0.02789,0.13023,13946.27
2026-03-11,gmacro,buy,0.00723,0.14534,3614.32
2026-03-11,bab,buy,0.00481,0.12076,2406.68
2026-03-12,volprem,buy,0.0028,0.28985,1400.86
2026-03-12,xs_momentum,buy,0.00242,0.20269,1209.48
2026-03-12,breakout,buy,0.00285,0.29226,1424.22
2026-03-12,crisis,sell,-0.00746,0.12277,3730.63
2026-03-12,gmacro,buy,0.0005,0.14584,250.64
2026-03-12,bab,buy,0.0012,0.12196,598.4
2026-03-13,volprem,sell,-0.01636,0.27349,8180.59
2026-03-13,xs_momentum,sell,-0.01114,0.19154,5572.32
2026-03-13,breakout,sell,-0.01668,0.27558,8339.08
2026-03-13,crisis,buy,0.03931,0.16208,19653.74
2026-03-13,gmacro,sell,-0.00918,0.13666,4588.47
2026-03-13,bab,sell,-0.00695,0.11501,3473.7
2026-03-14,volprem,buy,0.00599,0.27948,2994.78
2026-03-14,xs_momentum,buy,0.00661,0.19815,3302.67
2026-03-14,breakout,buy,0.00605,0.28163,3027.38
2026-03-14,crisis,sell,-0.00989,0.15218,4946.32
2026-03-14,gmacro,buy,0.00592,0.14258,2962.29
2026-03-14,bab,buy,0.0027,0.11771,1352.49
2026-03-15,xs_momentum,sell,-0.00194,0.19621,971.45
2026-03-15,breakout,buy,0.02893,0.31056,14465.76
2026-03-15,crisis,buy,0.00138,0.15356,689.85
2026-03-15,gmacro,buy,0.00061,0.14319,303.56
2026-03-15,bab,buy,0.00015,0.11786,72.82
2026-03-16,volprem,buy,0.00068,0.28016,340.83
2026-03-16,xs_momentum,sell,-0.00011,0.1961,54.33
2026-03-16,breakout,sell,-0.00151,0.30905,756.28
2026-03-16,crisis,sell,-3e-05,0.15354,14.34
2026-03-16,gmacro,buy,0.0006,0.14379,297.99
2026-03-16,bab,buy,0.0007,0.11856,350.05
2026-03-17,volprem,buy,0.02478,0.30494,12388.06
2026-03-17,xs_momentum,buy,0.01462,0.21072,7312.3
2026-03-17,breakout,sell,-0.01088,0.29817,5440.08
2026-03-17,crisis,sell,-0.05543,0.09811,27714.52
2026-03-17,gmacro,buy,0.00858,0.15237,4292.22
2026-03-17,bab,buy,0.00831,0.12687,4156.56
2026-03-18,volprem,buy,0.00169,0.30662,843.62
2026-03-18,xs_momentum,buy,0.00021,0.21093,102.57
2026-03-18,breakout,buy,0.00077,0.29894,383.65
2026-03-18,crisis,sell,-0.00281,0.09529,1406.63
2026-03-18,gmacro,buy,0.00074,0.15312,372.08
2026-03-18,bab,buy,0.00073,0.12761,367.1
2026-03-19,volprem,sell,-0.00537,0.30126,2684.0
2026-03-19,xs_momentum,sell,-0.00629,0.20463,3146.54
2026-03-19,breakout,sell,-0.00868,0.29026,4339.0
2026-03-19,crisis,buy,0.01816,0.11345,9080.15
2026-03-19,gmacro,sell,-0.00667,0.14644,3336.57
2026-03-19,bab,sell,-0.00232,0.12529,1159.75
2026-03-20,volprem,buy,0.00044,0.3017,221.99
2026-03-20,xs_momentum,sell,-0.00076,0.20388,378.72
2026-03-20,breakout,sell,-0.00114,0.28912,570.4
2026-03-20,crisis,buy,0.00358,0.11704,1791.05
2026-03-20,gmacro,sell,-0.00052,0.14592,261.42
2026-03-20,bab,sell,-0.00055,0.12474,274.51
2026-03-21,volprem,sell,-0.00852,0.29318,4262.32
2026-03-21,xs_momentum,sell,-0.00575,0.19813,2873.63
2026-03-21,breakout,sell,-0.00845,0.28067,4225.88
2026-03-21,crisis,buy,0.01984,0.13687,9919.37
2026-03-21,gmacro,sell,-0.00412,0.1418,2058.38
2026-03-21,bab,sell,-0.00313,0.12161,1562.62
2026-03-22,xs_momentum,buy,0.00056,0.19868,277.81
2026-03-22,breakout,sell,-0.00053,0.28014,264.39
2026-03-22,crisis,buy,8e-05,0.13696,42.46
2026-03-22,gmacro,sell,-0.00034,0.14146,170.17
2026-03-22,bab,buy,0.00044,0.12205,220.73
2026-03-23,volprem,buy,0.00171,0.29489,856.91
2026-03-23,xs_momentum,sell,-0.00262,0.19607,1308.26
2026-03-23,breakout,sell,-0.00037,0.27977,186.92
2026-03-23,crisis,buy,0.00113,0.13809,563.57
2026-03-23,gmacro,buy,0.00569,0.14716,2846.93
2026-03-23,bab,buy,0.01188,0.13393,5939.3
2026-03-24,volprem,sell,-0.00249,0.2924,1243.65
2026-03-24,xs_momentum,sell,-0.00376,0.19231,1880.24
2026-03-24,breakout,sell,-0.00663,0.27313,3315.46
2026-03-24,crisis,buy,0.02127,0.15935,10634.32
2026-03-24,gmacro,sell,-0.00115,0.14601,575.45
2026-03-24,bab,sell,-0.00392,0.13001,1961.82
2026-03-25,volprem,buy,0.00402,0.29643,2011.51
2026-03-25,xs_momentum,sell,-0.0034,0.18891,1699.44
2026-03-25,breakout,sell,-0.0055,0.26763,2751.95
2026-03-25,crisis,buy,0.01378,0.17313,6888.23
2026-03-25,gmacro,buy,0.00058,0.14659,290.74
2026-03-25,bab,sell,-0.00319,0.12682,1593.09
2026-03-26,volprem,buy,0.02073,0.31716,10365.22
2026-03-26,xs_momentum,buy,0.00904,0.19795,4520.21
2026-03-26,breakout,buy,0.00785,0.27548,3924.32
2026-03-26,crisis,sell,-0.02682,0.14631,13410.7
2026-03-26,gmacro,buy,0.00477,0.15136,2384.53
2026-03-26,bab,buy,0.00216,0.12899,1081.9
2026-03-27,volprem,sell,-0.00888,0.30827,4441.41
2026-03-27,xs_momentum,sell,-0.00968,0.18827,4841.15
2026-03-27,breakout,sell,-0.00767,0.26781,3834.77
2026-03-27,crisis,buy,0.03136,0.17767,15680.77
2026-03-27,gmacro,sell,-0.00845,0.1429,4227.17
2026-03-27,bab,buy,0.00133,0.13032,664.77
2026-03-28,volprem,sell,-0.01569,0.29259,7843.32
2026-03-28,xs_momentum,sell,-0.0095,0.17876,4751.36
2026-03-28,breakout,sell,-0.01826,0.24955,9131.1
2026-03-28,crisis,buy,0.03735,0.21502,18676.17
2026-03-28,gmacro,sell,-0.00628,0.13662,3140.62
2026-03-28,bab,sell,-0.00663,0.12369,3315.49
2026-03-29,xs_momentum,buy,0.00226,0.18102,1130.58
2026-03-29,breakout,sell,-8e-05,0.24947,37.59
2026-03-29,crisis,buy,0.00879,0.22381,4392.77
2026-03-29,gmacro,buy,0.01721,0.15383,8604.34
2026-03-29,bab,buy,0.04882,0.1725,24407.68
2026-03-30,volprem,buy,0.00442,0.29701,2211.74
2026-03-30,xs_momentum,buy,0.00159,0.18262,796.37
2026-03-30,breakout,buy,0.00437,0.25384,2184.28
2026-03-30,crisis,buy,0.00188,0.22568,937.85
2026-03-30,gmacro,buy,0.0062,0.16003,3099.11
2026-03-30,bab,sell,-0.00062,0.17188,308.28
2026-03-31,volprem,buy,0.00687,0.30388,3436.04
2026-03-31,xs_momentum,sell,-0.00627,0.17635,3134.33
2026-03-31,breakout,buy,0.00052,0.25436,259.27
2026-03-31,crisis,buy,0.00473,0.23041,2364.53
2026-03-31,gmacro,buy,0.00062,0.16065,311.54
2026-03-31,bab,buy,0.02507,0.19695,12533.8
2026-04-01,volprem,buy,0.04122,0.34511,20612.21
2026-04-01,xs_momentum,buy,0.01881,0.19516,9404.7
2026-04-01,breakout,buy,0.02033,0.27469,10164.48
2026-04-01,crisis,sell,-0.06756,0.16286,33777.78
2026-04-01,gmacro,buy,0.0255,0.18616,12752.43
2026-04-01,bab,buy,0.02204,0.21899,11020.23
2026-04-02,volprem,buy,0.00062,0.34573,312.27
2026-04-02,xs_momentum,sell,-0.00014,0.19502,70.61
2026-04-02,breakout,buy,0.00433,0.27902,2166.91
2026-04-02,crisis,buy,0.02348,0.18634,11739.99
2026-04-02,gmacro,sell,-0.01267,0.17349,6335.44
2026-04-02,bab,buy,0.00924,0.22823,4620.95
2026-04-03,volprem,buy,0.00781,0.35354,3906.35
2026-04-03,xs_momentum,buy,0.00399,0.19901,1995.62
2026-04-03,breakout,buy,0.00622,0.28524,3110.25
2026-04-03,crisis,sell,-0.02115,0.16519,10575.85
2026-04-03,gmacro,sell,-0.0013,0.17219,649.15
2026-04-03,bab,buy,0.00484,0.23307,2417.97
2026-04-04,xs_momentum,sell,-0.00359,0.19542,1796.13
2026-04-04,breakout,sell,-0.00052,0.28473,258.6
2026-04-04,crisis,buy,0.00113,0.16631,564.0
2026-04-04,gmacro,buy,0.0014,0.17358,697.58
2026-04-04,bab,sell,-0.04841,0.18466,24205.24
2026-04-05,xs_momentum,buy,0.00287,0.19828,1432.92
2026-04-05,breakout,sell,-0.0013,0.28342,651.08
2026-04-05,crisis,buy,0.00072,0.16703,358.28
2026-04-05,gmacro,buy,0.0018,0.17538,900.06
2026-04-05,bab,sell,-0.01884,0.16582,9418.19
2026-04-06,volprem,buy,0.00342,0.35697,1711.2
2026-04-06,xs_momentum,buy,0.013,0.21128,6501.47
2026-04-06,breakout,sell,-0.00023,0.28319,114.77
2026-04-06,crisis,buy,0.00064,0.16767,320.15
2026-04-06,gmacro,buy,7e-05,0.17545,35.78
2026-04-06,bab,sell,-0.00054,0.16529,267.85
2026-04-07,volprem,sell,-0.00047,0.3565,235.07
2026-04-07,xs_momentum,buy,0.00196,0.21325,980.1
2026-04-07,breakout,buy,0.00823,0.29143,4116.87
2026-04-07,crisis,buy,0.00817,0.17584,4085.25
2026-04-07,gmacro,buy,0.00024,0.1757,120.64
2026-04-07,bab,buy,0.00265,0.16794,1327.27
2026-04-08,volprem,sell,-0.01426,0.34223,7132.31
2026-04-08,xs_momentum,sell,-0.00885,0.2044,4423.8
2026-04-08,breakout,sell,-0.02605,0.26537,13027.24
2026-04-08,crisis,buy,0.02547,0.20131,12735.52
2026-04-08,gmacro,sell,-0.01087,0.16483,5435.04
2026-04-08,bab,sell,-0.00049,0.16745,246.21
2026-04-09,volprem,buy,0.04155,0.38378,20776.7
2026-04-09,xs_momentum,buy,0.01849,0.22289,9244.33
2026-04-09,breakout,buy,0.02914,0.29451,14567.82
2026-04-09,crisis,sell,-0.10139,0.09992,50697.05
2026-04-09,gmacro,sell,-0.00595,0.15888,2973.83
2026-04-09,bab,buy,0.01852,0.18597,9259.41
2026-04-10,volprem,buy,0.00713,0.39092,3566.29
2026-04-10,xs_momentum,buy,0.00711,0.22999,3553.82
2026-04-10,breakout,buy,0.00502,0.29953,2510.92
2026-04-10,crisis,sell,-0.00989,0.09003,4945.62
2026-04-10,gmacro,buy,0.00137,0.16025,683.84
2026-04-10,bab,buy,0.00111,0.18708,556.35
2026-04-11,volprem,sell,-0.00048,0.39044,239.93
2026-04-11,xs_momentum,buy,0.00024,0.23024,121.73
2026-04-11,breakout,sell,-0.00133,0.2982,662.68
2026-04-11,crisis,buy,0.00154,0.09157,771.31
2026-04-11,gmacro,sell,-0.00049,0.15975,246.58
2026-04-11,bab,sell,-0.00019,0.18689,95.8
2026-04-12,xs_momentum,sell,-0.00104,0.22919,521.62
2026-04-12,breakout,buy,0.00715,0.30536,3577.25
2026-04-12,crisis,buy,0.00024,0.09181,121.25
2026-04-12,gmacro,buy,0.00011,0.15987,56.77
2026-04-12,bab,sell,-8e-05,0.18681,39.13
2026-04-13,volprem,buy,0.00776,0.3982,3881.88
2026-04-13,xs_momentum,sell,-7e-05,0.22913,33.73
2026-04-13,breakout,buy,0.00109,0.30645,543.96
2026-04-13,crisis,sell,-4e-05,0.09178,18.0
2026-04-13,gmacro,sell,-0.0002,0.15966,100.38
2026-04-13,bab,sell,-0.0006,0.18621,299.4
2026-04-14,volprem,buy,0.01348,0.41168,6739.76
2026-04-14,xs_momentum,buy,0.00132,0.23045,660.66
2026-04-14,breakout,buy,0.00393,0.31037,1962.76
2026-04-14,crisis,sell,-0.01744,0.07434,8720.51
2026-04-14,gmacro,buy,0.002,0.16167,1000.7
2026-04-14,bab,buy,0.00402,0.19023,2010.66
2026-04-15,volprem,buy,0.01042,0.4221,5208.12
2026-04-15,xs_momentum,buy,0.0053,0.23575,2649.75
2026-04-15,breakout,buy,0.0068,0.31717,3397.76
2026-04-15,crisis,sell,-0.02246,0.05188,11228.21
2026-04-15,gmacro,buy,0.0039,0.16557,1951.49
2026-04-15,bab,buy,0.00638,0.19661,3187.96
2026-04-16,volprem,buy,0.00557,0.42767,2784.52
2026-04-16,xs_momentum,buy,0.01538,0.25113,7690.07
2026-04-16,breakout,buy,0.0025,0.31966,1248.03
2026-04-16,crisis,sell,-0.00308,0.0488,1540.07
2026-04-16,gmacro,buy,0.00048,0.16605,239.74
2026-04-16,bab,buy,0.00134,0.19796,672.47
2026-04-17,volprem,buy,0.04852,0.47619,24262.27
2026-04-17,xs_momentum,sell,-0.00451,0.24662,2253.71
2026-04-17,breakout,sell,-0.01627,0.30339,8136.56
2026-04-17,crisis,buy,2e-05,0.04882,8.12
2026-04-17,gmacro,sell,-0.00013,0.16592,62.74
2026-04-17,bab,sell,-0.02146,0.1765,10727.85
2026-04-18,xs_momentum,sell,-0.0001,0.24652,52.24
2026-04-18,breakout,sell,-0.00187,0.30152,933.32
2026-04-18,crisis,sell,-0.00013,0.04869,64.85
2026-04-18,gmacro,sell,-0.00031,0.16561,157.37
2026-04-18,bab,sell,-0.00119,0.17531,593.48
2026-04-19,xs_momentum,sell,-0.00348,0.24304,1739.14
2026-04-19,breakout,sell,-0.00103,0.30049,517.35
2026-04-19,crisis,sell,-0.00164,0.04704,822.08
2026-04-19,gmacro,buy,0.00012,0.16573,60.44
2026-04-19,bab,sell,-0.00053,0.17479,263.48
2026-04-20,xs_momentum,sell,-2e-05,0.24302,8.21
2026-04-20,breakout,buy,0.0016,0.30209,799.12
2026-04-20,crisis,sell,-0.00214,0.0449,1071.28
2026-04-20,gmacro,sell,-0.00056,0.16517,278.33
2026-04-20,bab,sell,-0.00048,0.1743,241.51
2026-04-21,volprem,sell,-0.00188,0.47431,940.93
2026-04-21,xs_momentum,sell,-0.0015,0.24152,749.85
2026-04-21,breakout,buy,0.00209,0.30417,1043.31
2026-04-21,crisis,buy,0.00313,0.04803,1562.91
2026-04-21,gmacro,sell,-0.00112,0.16405,559.66
2026-04-21,bab,sell,-0.00063,0.17367,315.22
2026-04-22,volprem,sell,-0.00605,0.46826,3023.28
2026-04-22,xs_momentum,sell,-0.00554,0.23598,2768.73
2026-04-22,breakout,sell,-0.00271,0.30147,1352.56
2026-04-22,crisis,buy,0.01136,0.05938,5679.49
2026-04-22,gmacro,sell,-0.00604,0.15801,3021.96
2026-04-22,bab,sell,-0.00231,0.17136,1154.91
2026-04-23,volprem,buy,0.00793,0.47619,3964.21
2026-04-23,xs_momentum,buy,0.00301,0.23899,1503.18
2026-04-23,breakout,buy,0.00416,0.30563,2078.33
2026-04-23,crisis,sell,-0.01485,0.04453,7425.03
2026-04-23,gmacro,buy,0.00236,0.16037,1178.37
2026-04-23,bab,buy,0.00262,0.17398,1310.67
2026-04-24,volprem,sell,-0.00364,0.47255,1819.29
2026-04-24,xs_momentum,sell,-0.0025,0.23649,1251.07
2026-04-24,breakout,buy,0.00293,0.30856,1465.62
2026-04-24,crisis,buy,0.00675,0.05128,3374.47
2026-04-24,gmacro,sell,-0.00191,0.15846,955.61
2026-04-24,bab,sell,-0.00114,0.17285,568.17
2026-04-25,volprem,buy,0.00364,0.47619,1819.29
2026-04-25,xs_momentum,buy,0.00357,0.24006,1786.87
2026-04-25,breakout,buy,0.00223,0.31079,1114.2
2026-04-25,crisis,sell,-0.00695,0.04433,3475.94
2026-04-25,gmacro,buy,0.00081,0.15926,403.61
2026-04-25,bab,buy,0.00125,0.1741,626.29
2026-04-26,xs_momentum,buy,2e-05,0.24008,11.54
2026-04-26,breakout,sell,-4e-05,0.31075,19.22
2026-04-26,crisis,buy,1e-05,0.04434,5.8
2026-04-26,gmacro,buy,1e-05,0.15928,6.73
2026-04-26,bab,sell,-0.00077,0.17333,386.01
2026-04-27,xs_momentum,buy,0.02105,0.26114,10525.71
2026-04-27,breakout,buy,0.03591,0.34666,17955.89
2026-04-27,crisis,sell,-3e-05,0.04431,14.64
2026-04-27,gmacro,buy,0.0004,0.15967,199.51
2026-04-27,bab,buy,0.00024,0.17357,122.27
2026-04-28,xs_momentum,buy,0.00415,0.26529,2077.07
2026-04-28,breakout,buy,0.00025,0.34691,123.09
2026-04-28,crisis,sell,-0.00025,0.04406,127.48
2026-04-28,gmacro,buy,0.00012,0.15979,59.73
2026-04-28,bab,sell,-0.00098,0.17259,488.77
2026-04-29,volprem,sell,-0.00455,0.47164,2276.75
2026-04-29,xs_momentum,sell,-0.01312,0.25217,6559.15
2026-04-29,breakout,sell,-0.00313,0.34377,1567.24
2026-04-29,crisis,buy,0.00869,0.05275,4344.63
2026-04-29,gmacro,sell,-0.00843,0.15136,4216.94
2026-04-29,bab,sell,-0.00167,0.17093,834.25
2026-04-30,volprem,sell,-0.00014,0.47149,71.24
2026-04-30,xs_momentum,buy,0.00028,0.25245,139.69
2026-04-30,breakout,buy,2e-05,0.34379,7.62
2026-04-30,crisis,buy,6e-05,0.0528,28.61
2026-04-30,gmacro,sell,-0.00184,0.14952,919.0
2026-04-30,bab,sell,-8e-05,0.17085,39.1
2026-05-01,volprem,buy,0.0047,0.47619,2347.99
2026-05-01,xs_momentum,sell,-0.00384,0.24861,1918.59
2026-05-01,breakout,buy,0.00329,0.34708,1647.38
2026-05-01,crisis,sell,-0.00967,0.04314,4834.06
2026-05-01,gmacro,buy,0.00109,0.15061,542.95
2026-05-01,bab,buy,0.00162,0.17246,808.3
2026-05-02,xs_momentum,sell,-0.00087,0.24774,436.71
2026-05-02,breakout,buy,0.00249,0.34957,1244.14
2026-05-02,crisis,buy,0.0027,0.04583,1347.7
2026-05-02,gmacro,sell,-0.00021,0.1504,106.0
2026-05-02,bab,sell,-4e-05,0.17243,18.31
2026-05-03,xs_momentum,sell,-0.00075,0.24699,374.65
2026-05-03,breakout,buy,0.00127,0.35084,634.78
2026-05-03,crisis,buy,0.00011,0.04595,56.72
2026-05-03,gmacro,sell,-6e-05,0.15034,28.47
2026-05-03,bab,sell,-0.00015,0.17228,73.25
2026-05-04,xs_momentum,sell,-0.0036,0.24339,1800.27
2026-05-04,breakout,sell,-0.00382,0.34701,1912.1
2026-05-04,crisis,sell,-0.00051,0.04544,255.09
2026-05-04,gmacro,sell,-0.00012,0.15022,60.5
2026-05-04,bab,buy,0.00049,0.17277,244.77
2026-05-05,volprem,sell,-0.00344,0.47275,1718.13
2026-05-05,xs_momentum,buy,0.00221,0.2456,1104.36
2026-05-05,breakout,sell,-0.00218,0.34484,1089.31
2026-05-05,crisis,buy,0.00644,0.05187,3218.09
2026-05-05,gmacro,buy,0.00245,0.15267,1224.37
2026-05-05,bab,sell,-0.00115,0.17162,573.63
2026-05-06,volprem,buy,0.00344,0.47619,1718.13
2026-05-06,xs_momentum,buy,0.00175,0.24735,873.35
2026-05-06,breakout,buy,0.00825,0.35308,4124.31
2026-05-06,crisis,sell,-0.0061,0.04577,3049.02
2026-05-06,gmacro,buy,0.0013,0.15396,648.79
2026-05-06,bab,buy,0.00119,0.17281,592.54
2026-05-07,xs_momentum,sell,-0.00422,0.24313,2108.51
2026-05-07,breakout,buy,0.00473,0.35782,2366.44
2026-05-07,crisis,sell,-0.00023,0.04554,114.74
2026-05-07,gmacro,sell,-0.01253,0.14143,6264.98
2026-05-07,bab,sell,-0.00116,0.17165,581.71
2026-05-08,volprem,sell,-0.00288,0.47331,1439.7
2026-05-08,xs_momentum,sell,-0.00283,0.2403,1414.83
2026-05-08,breakout,sell,-0.00204,0.35578,1018.99
2026-05-08,crisis,buy,0.00522,0.05076,2608.73
2026-05-08,gmacro,sell,-0.00083,0.14061,413.42
2026-05-08,bab,sell,-0.00105,0.1706,524.89
2026-05-09,volprem,buy,0.00288,0.47619,1439.7
2026-05-09,xs_momentum,sell,-0.00257,0.23773,1286.45
2026-05-09,breakout,sell,-5e-05,0.35573,26.56
2026-05-09,crisis,sell,-0.00621,0.04455,3103.72
2026-05-09,gmacro,sell,-0.00019,0.14042,92.62
2026-05-09,bab,buy,0.0012,0.1718,601.14
2026-05-10,xs_momentum,sell,-0.00013,0.2376,62.88
2026-05-10,breakout,buy,0.00186,0.35759,931.31
2026-05-10,crisis,sell,-3e-05,0.04453,13.1
2026-05-10,gmacro,buy,0.00012,0.14054,60.3
2026-05-10,bab,buy,0.00015,0.17195,75.61
2026-05-11,xs_momentum,sell,-0.00183,0.23577,914.1
2026-05-11,breakout,sell,-0.00838,0.34921,4189.08
2026-05-11,crisis,sell,-0.00224,0.04229,1119.39
2026-05-11,gmacro,buy,0.00133,0.14188,666.93
2026-05-11,bab,sell,-0.00067,0.17128,335.89
2026-05-12,xs_momentum,sell,-0.00174,0.23403,872.37
2026-05-12,breakout,sell,-0.00063,0.34858,317.37
2026-05-12,crisis,buy,0.00086,0.04315,430.4
2026-05-12,gmacro,sell,-0.00242,0.13946,1207.97
2026-05-12,bab,sell,-9e-05,0.17119,46.02
2026-05-13,volprem,sell,-0.00143,0.47476,713.53
2026-05-13,xs_momentum,sell,-0.0012,0.23283,598.8
2026-05-13,breakout,sell,-0.00283,0.34575,1413.97
2026-05-13,crisis,buy,0.00274,0.04589,1371.77
2026-05-13,gmacro,sell,-4e-05,0.13942,22.06
2026-05-13,bab,sell,-0.00042,0.17077,207.89
2026-05-14,volprem,buy,0.00143,0.47619,713.53
2026-05-14,xs_momentum,buy,0.00259,0.23542,1297.08
2026-05-14,breakout,buy,0.00076,0.34651,381.73
2026-05-14,crisis,sell,-0.00259,0.0433,1295.52
2026-05-14,gmacro,sell,-0.0025,0.13692,1249.88
2026-05-14,bab,buy,0.00048,0.17125,241.45
2026-05-15,xs_momentum,buy,0.00099,0.23641,493.78
2026-05-15,breakout,buy,0.00028,0.34679,139.98
2026-05-15,crisis,sell,-3e-05,0.04328,13.11
2026-05-15,gmacro,sell,-0.00014,0.13678,70.47
2026-05-15,bab,sell,-0.00045,0.1708,227.27
2026-05-16,volprem,sell,-0.0111,0.46509,5550.33
2026-05-16,xs_momentum,sell,-0.00929,0.22712,4644.76
2026-05-16,breakout,buy,0.03107,0.37786,15535.95
2026-05-16,crisis,buy,0.02035,0.06362,10172.97
2026-05-16,gmacro,sell,-0.00509,0.13168,2545.95
2026-05-16,bab,sell,-0.00371,0.16709,1853.48
2026-05-17,xs_momentum,buy,0.0007,0.22782,349.36
2026-05-17,breakout,buy,0.00164,0.3795,817.7
2026-05-17,crisis,sell,-1e-05,0.06361,3.69
2026-05-17,gmacro,buy,0.00086,0.13254,430.03
2026-05-17,bab,sell,-8e-05,0.16701,38.39
2026-05-18,xs_momentum,buy,0.00136,0.22918,677.85
2026-05-18,breakout,buy,0.00134,0.38084,672.07
2026-05-18,crisis,buy,0.00065,0.06427,326.32
2026-05-18,gmacro,buy,0.00305,0.13559,1524.42
2026-05-18,bab,sell,-0.0001,0.16692,49.22
2026-05-19,volprem,sell,-0.00063,0.46446,312.76
2026-05-19,xs_momentum,sell,-0.00218,0.227,1087.99
2026-05-19,breakout,buy,0.00486,0.38571,2431.03
2026-05-19,crisis,buy,0.00097,0.06524,483.84
2026-05-19,gmacro,sell,-0.00197,0.13362,985.8
2026-05-19,bab,sell,-0.00021,0.16671,102.54
2026-05-20,volprem,sell,-0.00584,0.45863,2918.36
2026-05-20,xs_momentum,sell,-0.00284,0.22416,1418.99
2026-05-20,breakout,sell,-0.00565,0.38005,2827.22
2026-05-20,crisis,buy,0.01276,0.07799,6378.82
2026-05-20,gmacro,sell,-0.00163,0.13199,816.29
2026-05-20,bab,sell,-0.00191,0.1648,954.29
2026-05-21,volprem,buy,0.00898,0.46761,4490.77
2026-05-21,xs_momentum,buy,0.00186,0.22602,927.74
2026-05-21,breakout,buy,0.0032,0.38325,1600.57
2026-05-21,crisis,sell,-0.0171,0.06089,8550.79
2026-05-21,gmacro,buy,0.00145,0.13344,723.59
2026-05-21,bab,buy,0.00303,0.16784,1517.11
2026-05-22,volprem,buy,0.0018,0.46941,898.46
2026-05-22,xs_momentum,buy,0.00451,0.23052,2252.91
2026-05-22,breakout,buy,0.00279,0.38604,1395.2
2026-05-22,crisis,sell,-0.00334,0.05755,1668.39
2026-05-22,gmacro,sell,-0.00033,0.13311,164.78
2026-05-22,bab,buy,0.00035,0.16819,177.44
2026-05-23,volprem,buy,0.00361,0.47302,1805.4
2026-05-23,xs_momentum,buy,0.00156,0.23209,781.37
2026-05-23,breakout,buy,0.00224,0.38828,1119.03
2026-05-23,crisis,sell,-0.00611,0.05144,3057.31
2026-05-23,gmacro,buy,0.00131,0.13442,657.41
2026-05-23,bab,buy,0.00485,0.17304,2423.0
2026-05-24,xs_momentum,buy,0.0005,0.23259,249.47
2026-05-24,breakout,sell,-0.00067,0.38761,334.52
2026-05-24,crisis,buy,0.00015,0.05159,74.54
2026-05-24,gmacro,buy,0.00039,0.13481,193.11
2026-05-24,bab,buy,0.00198,0.17502,989.83
2026-05-25,xs_momentum,buy,0.00127,0.23385,633.87
2026-05-25,breakout,sell,-0.00478,0.38283,2391.07
2026-05-25,crisis,sell,-3e-05,0.05156,15.39
2026-05-25,gmacro,buy,0.00011,0.13491,52.56
2026-05-25,bab,buy,0.00551,0.18053,2754.76
2026-05-26,xs_momentum,buy,0.00528,0.23913,2639.09
2026-05-26,breakout,buy,0.00014,0.38297,70.98
2026-05-26,crisis,buy,0.00098,0.05254,491.26
2026-05-26,gmacro,buy,0.00271,0.13762,1354.06
2026-05-26,bab,sell,-0.00063,0.1799,314.2
2026-05-27,volprem,buy,0.00317,0.47619,1586.83
2026-05-27,xs_momentum,sell,-0.00061,0.23852,304.57
2026-05-27,breakout,buy,0.00581,0.38878,2904.72
2026-05-27,crisis,sell,-0.00561,0.04693,2807.45
2026-05-27,gmacro,sell,-0.00071,0.13691,356.94
2026-05-27,bab,buy,0.00104,0.18093,517.53
2026-05-28,volprem,sell,-0.00016,0.47603,81.8
2026-05-28,xs_momentum,sell,-0.00299,0.23553,1496.98
2026-05-28,breakout,sell,-0.00077,0.38801,383.17
2026-05-28,crisis,buy,0.00035,0.04727,174.14
2026-05-28,gmacro,sell,-7e-05,0.13684,33.42
2026-05-28,bab,buy,0.001,0.18193,498.28
2026-05-29,volprem,buy,0.00016,0.47619,81.8
2026-05-29,xs_momentum,buy,0.0012,0.23673,600.84
2026-05-29,breakout,sell,-0.01643,0.37159,8214.08
2026-05-29,crisis,sell,-0.00031,0.04697,153.81
2026-05-29,gmacro,buy,5e-05,0.13689,23.08
2026-05-29,bab,buy,0.00061,0.18254,307.29
2026-05-30,xs_momentum,buy,0.0102,0.24693,5097.55
2026-05-30,breakout,sell,-0.00136,0.37023,679.14
2026-05-30,crisis,sell,-4e-05,0.04692,21.72
2026-05-30,gmacro,sell,-0.00034,0.13655,168.44
2026-05-30,bab,sell,-0.00021,0.18233,105.91
2026-05-31,xs_momentum,sell,-0.00387,0.24305,1936.49
2026-05-31,breakout,sell,-0.00091,0.36932,452.63
2026-05-31,crisis,buy,0.00175,0.04867,874.83
2026-05-31,gmacro,buy,0.00711,0.14366,3554.73
2026-05-31,bab,sell,-0.00128,0.18105,640.03
2026-06-01,xs_momentum,buy,0.00061,0.24366,304.86
2026-06-01,breakout,sell,-3e-05,0.36929,16.11
2026-06-01,crisis,buy,3e-05,0.0487,13.14
2026-06-01,gmacro,buy,0.0041,0.14776,2048.65
2026-06-01,bab,buy,0.00372,0.18478,1862.4
2026-06-02,xs_momentum,sell,-0.00099,0.24268,493.69
2026-06-02,breakout,sell,-0.00027,0.36902,136.72
2026-06-02,crisis,buy,0.00016,0.04886,78.78
2026-06-02,gmacro,buy,0.00319,0.15095,1597.06
2026-06-02,bab,sell,-5e-05,0.18473,24.23
2026-06-03,xs_momentum,sell,-0.01066,0.23202,5329.3
2026-06-03,breakout,sell,-0.00949,0.35953,4745.12
2026-06-03,crisis,sell,-0.00112,0.04774,557.89
2026-06-03,gmacro,sell,-0.00016,0.15079,78.73
2026-06-03,bab,buy,0.03268,0.21741,16339.1
2026-06-04,volprem,sell,-0.00654,0.46965,3269.46
2026-06-04,xs_momentum,sell,-0.00149,0.23053,745.23
2026-06-04,breakout,sell,-0.00315,0.35637,1577.5
2026-06-04,crisis,buy,0.0132,0.06094,6599.66
2026-06-04,gmacro,sell,-0.0021,0.14869,1049.39
2026-06-04,bab,buy,0.01723,0.23464,8614.47
2026-06-05,volprem,buy,0.00347,0.47313,1736.98
2026-06-05,xs_momentum,sell,-0.00197,0.22855,987.38
2026-06-05,breakout,buy,0.00042,0.35679,208.48
2026-06-05,crisis,sell,-0.00699,0.05395,3495.78
2026-06-05,gmacro,buy,0.0005,0.1492,251.66
2026-06-05,bab,buy,0.00397,0.23861,1986.55
2026-06-06,volprem,sell,-0.05401,0.41912,27004.92
2026-06-06,xs_momentum,sell,-0.02688,0.20167,13440.94
2026-06-06,breakout,sell,-0.04781,0.30898,23903.9
2026-06-06,crisis,buy,0.10787,0.16182,53935.38
2026-06-06,gmacro,sell,-0.01703,0.13217,8514.11
2026-06-06,bab,sell,-0.01817,0.22044,9085.74
2026-06-07,xs_momentum,buy,0.00011,0.20178,53.11
2026-06-07,breakout,buy,0.02728,0.33627,13642.15
2026-06-07,crisis,buy,0.01246,0.17428,6229.9
2026-06-07,gmacro,buy,0.00088,0.13305,442.24
2026-06-07,bab,sell,-0.00417,0.21627,2084.39
2026-06-08,xs_momentum,buy,0.0017,0.20348,850.41
2026-06-08,breakout,sell,-0.00337,0.3329,1683.93
2026-06-08,crisis,buy,0.00713,0.18141,3563.58
2026-06-08,gmacro,buy,0.01482,0.14787,7409.93
2026-06-08,bab,sell,-0.00023,0.21604,115.64
2026-06-09,volprem,buy,0.03304,0.45215,16519.62
2026-06-09,xs_momentum,buy,0.01569,0.21917,7844.88
2026-06-09,breakout,buy,0.02513,0.35802,12563.67
2026-06-09,crisis,sell,-0.07412,0.10729,37057.86
2026-06-09,gmacro,buy,0.01172,0.15959,5858.01
2026-06-09,bab,buy,0.01896,0.235,9479.31
2026-06-10,volprem,sell,-0.17728,0.27487,88641.17
2026-06-10,xs_momentum,sell,-0.0009,0.21827,448.4
2026-06-10,breakout,buy,0.00188,0.35991,940.88
2026-06-10,crisis,buy,0.00558,0.11287,2791.77
2026-06-10,gmacro,sell,-0.00359,0.156,1796.48
2026-06-10,bab,sell,-0.00125,0.23375,622.75
2026-06-11,volprem,sell,-0.01321,0.26167,6603.63
2026-06-11,xs_momentum,sell,-0.01123,0.20704,5615.96
2026-06-11,breakout,sell,-0.01717,0.34274,8582.84
2026-06-11,crisis,buy,0.04644,0.15931,23218.69
2026-06-11,gmacro,sell,-0.01031,0.14569,5154.4
2026-06-11,bab,sell,-0.01122,0.22253,5610.91
2026-06-12,volprem,buy,0.01369,0.27535,6844.79
2026-06-12,xs_momentum,sell,-0.00585,0.20119,2923.91
2026-06-12,breakout,buy,0.01913,0.36187,9563.13
2026-06-12,crisis,sell,-0.05784,0.10147,28919.19
2026-06-12,gmacro,sell,-0.00377,0.14192,1882.81
2026-06-12,bab,buy,0.00977,0.23229,4882.6
2026-06-13,volprem,buy,0.00274,0.2781,1371.12
2026-06-13,xs_momentum,buy,0.00459,0.20578,2294.76
2026-06-13,breakout,buy,0.00735,0.36922,3675.69
2026-06-13,crisis,sell,-0.00917,0.0923,4587.4
2026-06-13,gmacro,buy,0.00279,0.14471,1395.8
2026-06-13,bab,buy,0.00181,0.23411,905.5
2026-06-14,xs_momentum,buy,7e-05,0.20585,35.2
2026-06-14,breakout,sell,-0.00012,0.3691,60.78
2026-06-14,crisis,sell,-0.0001,0.0922,48.94
2026-06-14,gmacro,sell,-0.00035,0.14436,175.98
2026-06-14,bab,buy,0.00077,0.23488,386.34
2026-06-15,xs_momentum,buy,0.00285,0.2087,1424.57
2026-06-15,breakout,buy,0.00187,0.37096,932.71
2026-06-15,crisis,buy,0.00036,0.09256,177.9
2026-06-15,gmacro,sell,-0.0012,0.14316,600.24
2026-06-15,bab,sell,-7e-05,0.23481,33.03
2026-06-16,volprem,buy,0.00939,0.28748,4692.8
2026-06-16,xs_momentum,buy,0.01029,0.21899,5146.91
2026-06-16,breakout,buy,0.06121,0.43217,30602.62
2026-06-16,crisis,sell,-0.03162,0.06094,15809.45
2026-06-16,gmacro,buy,0.00479,0.14795,2396.61
2026-06-16,bab,buy,0.07613,0.31094,38063.05
2026-06-17,volprem,sell,-0.0033,0.28419,1648.07
2026-06-17,xs_momentum,sell,-0.00251,0.21648,1256.06
2026-06-17,breakout,sell,-0.00098,0.43118,491.93
2026-06-17,crisis,buy,0.01127,0.07221,5634.03
2026-06-17,gmacro,sell,-0.00136,0.1466,679.75
2026-06-17,bab,sell,-0.01871,0.29223,9355.78
2026-06-18,volprem,sell,-0.00892,0.27526,4461.01
2026-06-18,xs_momentum,sell,-0.00437,0.21211,2185.34
2026-06-18,breakout,sell,-0.00771,0.42347,3855.92
2026-06-18,crisis,buy,0.02514,0.09734,12569.42
2026-06-18,gmacro,sell,-0.00415,0.14244,2077.16
2026-06-18,bab,sell,-0.00518,0.28705,2587.66
2026-06-19,volprem,buy,0.00402,0.27929,2010.63
2026-06-19,xs_momentum,buy,0.00267,0.21478,1336.51
2026-06-19,breakout,buy,0.00054,0.42402,272.45
2026-06-19,crisis,sell,-0.01034,0.08701,5168.68
2026-06-19,gmacro,sell,-0.0021,0.14034,1050.96
2026-06-19,bab,sell,-0.01167,0.27538,5833.15
2026-06-20,xs_momentum,buy,0.0011,0.21588,550.23
2026-06-20,breakout,sell,-0.00032,0.4237,160.38
2026-06-20,crisis,buy,0.00075,0.08775,372.66
2026-06-20,gmacro,buy,0.00053,0.14087,264.95
2026-06-20,bab,sell,-0.00188,0.27351,938.93
2026-06-21,xs_momentum,sell,-0.01064,0.20525,5318.97
2026-06-21,breakout,sell,-0.00982,0.41387,4911.49
2026-06-21,crisis,sell,-6e-05,0.08769,29.33
2026-06-21,gmacro,buy,0.00268,0.14355,1338.7
2026-06-21,bab,sell,-0.0028,0.27071,1398.28
2026-06-22,volprem,sell,-2e-05,0.27927,10.31
2026-06-22,xs_momentum,sell,-0.00086,0.20439,429.5
2026-06-22,breakout,sell,-0.00011,0.41376,55.61
2026-06-22,crisis,sell,-0.00054,0.08715,272.5
2026-06-22,gmacro,buy,0.00021,0.14376,104.81
2026-06-22,bab,buy,0.0011,0.27181,548.76
2026-06-23,volprem,sell,-0.00168,0.27758,841.53
2026-06-23,xs_momentum,sell,-0.00139,0.20299,696.21
2026-06-23,breakout,sell,-0.00716,0.4066,3579.3
2026-06-23,crisis,buy,0.00662,0.09377,3312.22
2026-06-23,gmacro,sell,-0.00041,0.14335,203.62
2026-06-23,bab,sell,-0.00158,0.27023,790.24
2026-06-24,volprem,sell,-0.00734,0.27024,3669.96
2026-06-24,xs_momentum,sell,-0.00763,0.19537,3812.94
2026-06-24,breakout,sell,-0.00991,0.3967,4953.3
2026-06-24,crisis,buy,0.02526,0.11903,12629.42
2026-06-24,gmacro,sell,-0.00996,0.13338,4982.23
2026-06-24,bab,sell,-0.00379,0.26644,1892.67
2026-06-25,volprem,sell,-0.01405,0.25619,7026.18
2026-06-25,xs_momentum,sell,-0.00024,0.19512,121.55
2026-06-25,breakout,sell,-0.00032,0.39638,159.43
2026-06-25,crisis,sell,-0.00126,0.11777,630.86
2026-06-25,gmacro,sell,-0.00552,0.12786,2760.88
2026-06-25,bab,sell,-0.0019,0.26454,952.4
2026-06-26,volprem,buy,3e-05,0.25622,13.92
2026-06-26,xs_momentum,sell,-0.00083,0.19429,416.99
2026-06-26,breakout,buy,0.00088,0.39725,438.46
2026-06-26,crisis,sell,-0.00251,0.11526,1256.47
2026-06-26,gmacro,sell,-0.00066,0.1272,329.52
2026-06-26,bab,buy,3e-05,0.26457,14.45
2026-06-27,volprem,sell,-0.00329,0.25293,1645.51
2026-06-27,xs_momentum,sell,-0.00588,0.18842,2937.86
2026-06-27,breakout,sell,-0.00883,0.38842,4415.12
2026-06-27,crisis,buy,0.01284,0.1281,6419.49
2026-06-27,gmacro,sell,-0.00156,0.12565,778.34
2026-06-27,bab,sell,-0.00734,0.25723,3669.41
2026-06-28,xs_momentum,buy,0.0038,0.19221,1898.5
2026-06-28,breakout,buy,0.00042,0.38885,211.08
2026-06-28,crisis,buy,0.00013,0.12822,63.14
2026-06-28,gmacro,buy,0.00459,0.13024,2296.67
2026-06-28,bab,sell,-6e-05,0.25716,31.66
2026-06-29,volprem,sell,-0.00029,0.25264,144.28
2026-06-29,xs_momentum,sell,-0.00148,0.19073,741.67
2026-06-29,breakout,sell,-0.00262,0.38623,1307.84
2026-06-29,crisis,buy,0.00022,0.12844,109.99
2026-06-29,gmacro,buy,0.00158,0.13182,791.18
2026-06-29,bab,buy,0.00012,0.25728,60.21
2026-06-30,volprem,buy,0.00737,0.26001,3686.51
2026-06-30,xs_momentum,buy,0.00793,0.19866,3964.81
2026-06-30,breakout,sell,-0.00677,0.37946,3386.52
2026-06-30,crisis,sell,-0.02405,0.10439,12025.61
2026-06-30,gmacro,buy,0.00428,0.1361,2138.51
2026-06-30,bab,buy,0.0059,0.26318,2950.25
2026-07-01,volprem,buy,0.00291,0.26292,1453.45
2026-07-01,xs_momentum,buy,0.00305,0.20171,1524.07
2026-07-01,breakout,buy,0.00482,0.38428,2410.85
2026-07-01,crisis,sell,-0.01619,0.0882,8093.66
2026-07-01,gmacro,buy,0.00218,0.13828,1091.82
2026-07-01,bab,buy,0.00403,0.26722,2016.03
2026-07-02,volprem,sell,-0.00182,0.2611,910.93
2026-07-02,xs_momentum,sell,-0.00322,0.19848,1611.56
2026-07-02,breakout,sell,-3e-05,0.38425,13.67
2026-07-02,crisis,buy,0.00266,0.09086,1329.89
2026-07-02,gmacro,sell,-0.00043,0.13785,215.85
2026-07-02,bab,sell,-0.00832,0.2589,4158.18
2026-07-03,volprem,sell,-0.00064,0.26045,321.76
2026-07-03,xs_momentum,sell,-0.00279,0.19569,1395.49
2026-07-03,breakout,sell,-0.00953,0.37472,4766.8
2026-07-03,crisis,sell,-2e-05,0.09085,8.17
2026-07-03,gmacro,sell,-0.00055,0.1373,275.36
2026-07-03,bab,sell,-0.00064,0.25826,319.21
2026-07-04,xs_momentum,sell,-0.00055,0.19514,274.43
2026-07-04,breakout,sell,-0.02813,0.34659,14065.45
2026-07-04,crisis,sell,-0.0004,0.09045,199.03
2026-07-04,gmacro,buy,0.00012,0.13742,61.32
2026-07-04,bab,sell,-3e-05,0.25824,13.18
2026-07-05,xs_momentum,sell,-0.00045,0.19469,224.76
2026-07-05,breakout,buy,0.00114,0.34773,570.61
2026-07-05,crisis,sell,-2e-05,0.09043,9.28
2026-07-05,gmacro,sell,-6e-05,0.13736,30.21
2026-07-05,bab,sell,-0.02471,0.23353,12354.2
2026-07-06,volprem,sell,-0.00019,0.26026,94.33
2026-07-06,xs_momentum,buy,0.00248,0.19718,1240.7
2026-07-06,breakout,buy,3e-05,0.34776,17.02
2026-07-06,crisis,buy,0.0009,0.09133,447.85
2026-07-06,gmacro,buy,0.01191,0.14927,5955.28
2026-07-06,bab,buy,0.0042,0.23773,2102.27
2026-07-07,volprem,buy,0.00269,0.26296,1345.66
2026-07-07,xs_momentum,buy,0.00127,0.19844,633.92
2026-07-07,breakout,buy,0.00227,0.35003,1135.31
2026-07-07,crisis,sell,-0.01576,0.07557,7877.88
2026-07-07,gmacro,buy,0.00244,0.15171,1218.84
2026-07-07,bab,sell,-0.00035,0.23738,175.91
2026-07-08,volprem,sell,-0.00379,0.25917,1892.62
2026-07-08,xs_momentum,buy,0.0008,0.19925,400.82
2026-07-08,breakout,sell,-0.00189,0.34814,947.28
2026-07-08,crisis,buy,0.01086,0.08643,5427.83
2026-07-08,gmacro,buy,0.00078,0.15249,390.0
2026-07-08,bab,sell,-0.02096,0.21642,10480.23
2026-07-09,volprem,sell,-0.002,0.25717,1002.02
2026-07-09,xs_momentum,sell,-0.00177,0.19747,887.17
2026-07-09,breakout,sell,-0.00395,0.34419,1976.27
2026-07-09,crisis,buy,0.0061,0.09253,3050.3
2026-07-09,gmacro,sell,-0.00103,0.15147,512.87
2026-07-09,bab,sell,-0.00415,0.21226,2077.29
2026-07-10,volprem,buy,0.00109,0.25826,547.44
2026-07-10,xs_momentum,buy,0.0038,0.20127,1901.13
2026-07-10,breakout,buy,0.01591,0.36009,7953.32
2026-07-10,crisis,sell,-0.00986,0.08266,4931.42
2026-07-10,gmacro,buy,0.00196,0.15342,978.49
2026-07-10,bab,sell,-0.01119,0.20107,5596.23
2026-07-11,volprem,buy,0.00216,0.26042,1079.85
2026-07-11,xs_momentum,buy,0.00195,0.20323,976.42
2026-07-11,breakout,buy,0.00441,0.3645,2204.26
2026-07-11,crisis,sell,-0.00907,0.07359,4536.14
2026-07-11,gmacro,buy,0.00672,0.16014,3360.27
2026-07-11,bab,buy,0.0017,0.20278,852.13
2026-07-12,xs_momentum,buy,3e-05,0.20326,15.84
2026-07-12,breakout,sell,-0.00035,0.36416,172.82
2026-07-12,crisis,buy,7e-05,0.07366,36.06
2026-07-12,gmacro,buy,0.00024,0.16038,118.89
2026-07-12,bab,sell,-0.00323,0.19954,1617.25
2026-07-13,volprem,sell,-0.00063,0.25979,313.81
2026-07-13,xs_momentum,sell,-0.00062,0.20263,311.32
2026-07-13,breakout,buy,7e-05,0.36422,33.18
2026-07-13,gmacro,buy,0.00464,0.16502,2321.95
2026-07-13,bab,sell,-0.00094,0.1986,471.16
2026-07-14,volprem,sell,-0.00389,0.25591,1942.89
2026-07-14,xs_momentum,sell,-0.00386,0.19878,1929.74
2026-07-14,breakout,sell,-0.00634,0.35788,3170.39
2026-07-14,crisis,buy,0.01671,0.09037,8353.08
2026-07-14,gmacro,sell,-0.00721,0.15782,3603.59
2026-07-14,bab,sell,-0.01433,0.18427,7163.5
2026-07-15,volprem,buy,0.00203,0.25794,1016.9
2026-07-15,xs_momentum,buy,0.00338,0.20215,1688.67
2026-07-15,breakout,buy,0.0022,0.36008,1098.76
2026-07-15,crisis,sell,-0.01026,0.08011,5130.76
2026-07-15,gmacro,buy,0.00504,0.16285,2518.75
2026-07-15,bab,buy,0.00126,0.18553,628.01
2026-07-16,volprem,buy,0.00054,0.25848,269.14
2026-07-16,xs_momentum,buy,0.00154,0.2037,771.47
2026-07-16,breakout,buy,0.00254,0.36262,1272.09
2026-07-16,crisis,sell,-0.00858,0.07153,4289.72
2026-07-16,gmacro,buy,0.0012,0.16405,599.74
2026-07-16,bab,sell,-0.00331,0.18222,1655.36
2026-07-17,volprem,sell,-0.00258,0.25589,1292.28
2026-07-17,xs_momentum,sell,-0.00347,0.20023,1734.91
2026-07-17,breakout,sell,-0.0049,0.35772,2450.91
2026-07-17,crisis,buy,0.01188,0.08341,5939.27
2026-07-17,gmacro,sell,-0.00353,0.16053,1764.57
2026-07-17,bab,sell,-0.00203,0.18019,1015.15
2026-07-18,volprem,sell,-0.00476,0.25113,2381.96
2026-07-18,xs_momentum,sell,-0.00258,0.19764,1291.98
2026-07-18,breakout,sell,-0.00634,0.35138,3168.37
2026-07-18,crisis,buy,0.02023,0.10364,10114.18
2026-07-18,gmacro,sell,-0.00052,0.16001,258.18
2026-07-18,bab,sell,-0.00355,0.17664,1774.74
2026-07-19,xs_momentum,sell,-0.00061,0.19703,307.08
2026-07-19,breakout,buy,0.0007,0.35209,351.37
2026-07-19,crisis,buy,0.0,0.10364,2.13
2026-07-19,gmacro,buy,0.00157,0.16157,782.74
2026-07-19,bab,sell,-0.00046,0.17618,229.81
2026-07-20,volprem,sell,-0.00054,0.25059,272.01
2026-07-20,xs_momentum,buy,0.00167,0.19869,832.52
2026-07-20,breakout,buy,0.00339,0.35548,1696.93
2026-07-20,crisis,buy,0.00071,0.10435,354.13
2026-07-20,gmacro,buy,0.00161,0.16319,805.87
2026-07-20,bab,buy,7e-05,0.17625,33.11
2026-07-21,volprem,sell,-0.00333,0.24726,1663.22
2026-07-21,xs_momentum,sell,-0.00058,0.19811,291.16
2026-07-21,breakout,sell,-0.00337,0.35211,1686.88
2026-07-21,crisis,buy,0.0033,0.10765,1652.36
2026-07-21,gmacro,buy,0.00183,0.16502,916.95
2026-07-21,bab,sell,-0.0003,0.17594,151.14
2026-07-22,volprem,buy,0.00332,0.25058,1657.95
2026-07-22,xs_momentum,buy,0.00348,0.20159,1738.77
2026-07-22,breakout,buy,0.00631,0.35841,3152.91
2026-07-22,crisis,sell,-0.01751,0.09014,8756.39
2026-07-22,gmacro,sell,-0.00091,0.16411,454.06
2026-07-22,bab,buy,0.00284,0.17879,1421.28
2026-07-23,volprem,sell,-0.00104,0.24954,520.62
2026-07-23,xs_momentum,sell,-0.00047,0.20112,235.53
2026-07-23,breakout,buy,0.00075,0.35916,374.15
2026-07-23,crisis,buy,0.00223,0.09237,1116.15
2026-07-23,gmacro,sell,-0.00033,0.16378,166.42
2026-07-23,bab,sell,-0.0012,0.17759,599.9
2026-07-24,volprem,sell,-0.00614,0.24339,3071.78
2026-07-24,xs_momentum,sell,-0.00381,0.1973,1907.44
2026-07-24,breakout,sell,-0.00206,0.3571,1031.59
2026-07-24,crisis,buy,0.021,0.11337,10500.84
2026-07-24,gmacro,sell,-0.01061,0.15317,5306.12
2026-07-24,bab,sell,-0.00819,0.16939,4095.47
2026-07-25,volprem,buy,0.00045,0.24384,226.22
2026-07-25,xs_momentum,sell,-0.00606,0.19124,3031.14
2026-07-25,breakout,sell,-0.00212,0.35498,1060.56
2026-07-25,crisis,sell,-0.00187,0.1115,936.26
2026-07-25,gmacro,buy,0.00126,0.15443,632.4
2026-07-25,bab,buy,0.00107,0.17046,533.6
2026-07-26,xs_momentum,sell,-0.00405,0.18719,2023.37
2026-07-26,breakout,buy,0.00431,0.35928,2153.82
2026-07-26,crisis,sell,-0.00064,0.11086,318.71
2026-07-26,gmacro,buy,0.0017,0.15613,851.7
2026-07-26,bab,sell,-1e-05,0.17045,7.23
2026-07-27,volprem,sell,-0.00123,0.24262,613.29
2026-07-27,xs_momentum,sell,-0.00071,0.18648,356.96
2026-07-27,breakout,sell,-0.00793,0.35135,3966.7
2026-07-27,crisis,sell,-0.00133,0.10953,667.37
2026-07-27,gmacro,sell,-0.00028,0.15586,137.8
2026-07-27,bab,buy,0.00016,0.17061,81.46
2026-07-28,volprem,buy,0.00059,0.24321,297.24
2026-07-28,xs_momentum,sell,-0.00274,0.18374,1371.35
2026-07-28,breakout,sell,-0.02023,0.33112,10115.84
2026-07-28,crisis,sell,-0.00334,0.10619,1669.29
2026-07-28,gmacro,sell,-0.00969,0.14617,4846.07
2026-07-28,bab,sell,-0.00016,0.17045,80.36
2026-07-29,volprem,buy,0.00092,0.24413,457.81
2026-07-29,xs_momentum,buy,0.00031,0.18405,157.32
2026-07-29,breakout,sell,-0.00032,0.3308,160.4
2026-07-29,crisis,sell,-0.00446,0.10173,2231.97
2026-07-29,gmacro,buy,0.00129,0.14745,643.73
2026-07-29,bab,buy,0.00042,0.17087,212.02
2026-07-30,volprem,sell,-0.0107,0.23343,5350.14
2026-07-30,xs_momentum,sell,-0.0066,0.17745,3300.72
2026-07-30,breakout,sell,-0.0122,0.3186,6099.33
2026-07-30,crisis,buy,0.04435,0.14608,22174.85
2026-07-30,gmacro,sell,-0.00816,0.13929,4081.8
2026-07-30,bab,sell,-0.00582,0.16506,2909.11
2026-07-31,volprem,buy,0.01084,0.24427,5422.34
2026-07-31,xs_momentum,buy,0.00494,0.18239,2468.69
2026-07-31,breakout,buy,0.01497,0.33357,7482.73
2026-07-31,crisis,sell,-0.05314,0.09293,26570.9
2026-07-31,gmacro,buy,0.00658,0.14587,3287.52
2026-07-31,bab,buy,0.00789,0.17295,3946.5
2026-08-01,volprem,buy,0.0033,0.24757,1649.65
2026-08-01,xs_momentum,buy,0.00246,0.18485,1231.72
2026-08-01,breakout,buy,0.00451,0.33807,2252.68
2026-08-01,crisis,sell,-0.01295,0.07998,6475.13
2026-08-01,gmacro,buy,0.00187,0.14773,933.77
2026-08-01,bab,buy,0.00234,0.17528,1167.98
2026-08-02,crisis,buy,0.00218,0.08217,1092.45
2026-08-02,gmacro,buy,0.00011,0.14784,53.87
2026-08-03,volprem,buy,0.0005,0.24807,247.92
2026-08-03,xs_momentum,buy,0.00108,0.18593,539.01
2026-08-03,crisis,sell,-1e-05,0.08216,6.41
2026-08-03,gmacro,sell,-0.00024,0.1476,118.73
2026-08-04,volprem,buy,0.00687,0.25494,3437.22
2026-08-04,xs_momentum,buy,0.01583,0.20176,7913.81
2026-08-04,breakout,buy,0.00935,0.34742,4674.87
2026-08-04,crisis,sell,-0.02711,0.05505,13554.14
2026-08-04,gmacro,buy,0.00476,0.15237,2381.19
2026-08-04,bab,buy,0.00485,0.18013,2423.84
2026-08-05,volprem,buy,0.00157,0.25651,786.49
2026-08-05,xs_momentum,buy,0.001,0.20276,500.68
2026-08-05,breakout,buy,0.00172,0.34915,862.16
2026-08-05,crisis,sell,-0.00479,0.05026,2395.19
2026-08-05,gmacro,buy,0.00087,0.15324,437.01
2026-08-05,bab,buy,0.00089,0.18103,447.02
2026-08-06,gmacro,buy,0.00039,0.15363,194.74
