date,sleeve,side,delta_weight,weight_after,notional_usd
2024-07-02,trend_momentum,buy,0.00046,0.27107,230.17
2024-07-02,carry,buy,0.00012,0.09932,59.31
2024-07-02,volprem,buy,0.00018,0.06625,91.53
2024-07-02,xs_momentum,buy,8e-05,0.12788,37.71
2024-07-02,breakout,sell,-0.00109,0.15263,544.86
2024-07-02,crisis,buy,0.00076,0.08747,378.57
2024-07-02,gmacro,sell,-0.00032,0.0888,160.97
2024-07-02,bab,sell,-0.00018,0.10658,91.47
2024-07-03,trend_momentum,sell,-1e-05,0.27106,3.59
2024-07-03,carry,sell,-0.00144,0.09788,717.98
2024-07-03,volprem,sell,-0.00013,0.06612,64.87
2024-07-03,xs_momentum,buy,0.00022,0.12811,112.01
2024-07-03,breakout,buy,0.00033,0.15297,165.52
2024-07-03,crisis,buy,0.00096,0.08842,477.64
2024-07-03,gmacro,sell,-1e-05,0.08878,6.37
2024-07-03,bab,buy,8e-05,0.10665,37.63
2024-07-04,trend_momentum,buy,0.02026,0.29133,10132.5
2024-07-04,carry,buy,0.00718,0.10506,3590.42
2024-07-04,volprem,sell,-0.06612,0.0,33060.72
2024-07-04,xs_momentum,buy,0.00864,0.13675,4319.8
2024-07-04,breakout,buy,0.01151,0.16448,5755.05
2024-07-04,crisis,buy,0.0039,0.09232,1950.66
2024-07-04,gmacro,buy,0.00689,0.09568,3445.65
2024-07-04,bab,buy,0.00773,0.11439,3866.64
2024-07-05,trend_momentum,sell,-0.0175,0.27383,8750.31
2024-07-05,carry,sell,-0.00631,0.09875,3156.04
2024-07-05,volprem,buy,0.06719,0.06719,33594.4
2024-07-05,xs_momentum,sell,-0.00889,0.12786,4443.93
2024-07-05,breakout,sell,-0.00987,0.1546,4936.03
2024-07-05,crisis,sell,-0.01143,0.08089,5713.98
2024-07-05,gmacro,sell,-0.00482,0.09086,2410.08
2024-07-05,bab,sell,-0.00837,0.10602,4184.03
2024-07-06,trend_momentum,buy,0.05353,0.32736,26766.28
2024-07-06,carry,buy,0.01869,0.11744,9344.92
2024-07-06,volprem,sell,-0.06719,0.0,33594.4
2024-07-06,xs_momentum,buy,0.02614,0.154,13071.0
2024-07-06,breakout,buy,0.02718,0.18178,13590.34
2024-07-06,crisis,buy,0.01467,0.09556,7335.16
2024-07-06,gmacro,sell,-0.09086,0.0,45427.87
2024-07-06,bab,buy,0.01783,0.12385,8914.57
2024-07-07,trend_momentum,sell,-0.02569,0.30167,12843.5
2024-07-07,carry,sell,-0.00927,0.10816,4637.34
2024-07-07,xs_momentum,sell,-0.01559,0.13841,7794.27
2024-07-07,breakout,sell,-0.02717,0.15461,13585.21
2024-07-07,crisis,sell,-0.01275,0.08281,6377.15
2024-07-07,gmacro,buy,0.10018,0.10018,50088.1
2024-07-07,bab,sell,-0.0097,0.11415,4850.64
2024-07-08,trend_momentum,sell,-0.01986,0.28181,9932.33
2024-07-08,carry,sell,-0.00809,0.10007,4045.42
2024-07-08,volprem,buy,0.06912,0.06912,34557.85
2024-07-08,xs_momentum,sell,-0.00913,0.12929,4563.7
2024-07-08,breakout,sell,-0.01059,0.14403,5293.99
2024-07-08,crisis,sell,-0.00721,0.0756,3605.38
2024-07-08,gmacro,sell,-0.0066,0.09357,3301.72
2024-07-08,bab,sell,-0.00763,0.10652,3815.31
2024-07-09,trend_momentum,sell,-0.00011,0.2817,54.89
2024-07-09,carry,sell,-0.00048,0.09959,241.49
2024-07-09,volprem,buy,0.00145,0.07057,727.27
2024-07-09,xs_momentum,sell,-3e-05,0.12926,15.31
2024-07-09,breakout,sell,-0.00064,0.14339,318.76
2024-07-09,crisis,sell,-0.00041,0.07519,206.14
2024-07-09,gmacro,sell,-2e-05,0.09355,10.67
2024-07-09,bab,buy,0.00024,0.10676,119.99
2024-07-10,trend_momentum,buy,0.00129,0.28299,643.27
2024-07-10,carry,sell,-0.00091,0.09868,453.71
2024-07-10,volprem,buy,0.00013,0.0707,63.17
2024-07-10,xs_momentum,sell,-3e-05,0.12923,15.2
2024-07-10,breakout,sell,-0.00179,0.1416,896.49
2024-07-10,crisis,buy,0.00043,0.07562,216.09
2024-07-10,gmacro,sell,-0.00014,0.09341,71.0
2024-07-10,bab,buy,0.00103,0.10778,513.87
2024-07-11,trend_momentum,sell,-5e-05,0.28294,23.04
2024-07-11,carry,buy,0.00019,0.09887,92.5
2024-07-11,volprem,buy,0.00251,0.07321,1254.88
2024-07-11,xs_momentum,sell,-0.00075,0.12848,373.6
2024-07-11,breakout,sell,-0.00016,0.14144,77.75
2024-07-11,crisis,sell,-0.00056,0.07506,281.25
2024-07-11,gmacro,sell,-0.00107,0.09234,532.55
2024-07-11,bab,sell,-0.00012,0.10767,59.19
2024-07-12,trend_momentum,buy,0.00091,0.28385,455.28
2024-07-12,carry,sell,-0.00035,0.09852,175.1
2024-07-12,volprem,buy,0.00302,0.07622,1507.67
2024-07-12,xs_momentum,buy,0.00035,0.12883,175.62
2024-07-12,breakout,buy,0.00033,0.14177,163.51
2024-07-12,crisis,buy,0.00021,0.07526,103.55
2024-07-12,gmacro,buy,2e-05,0.09236,9.78
2024-07-12,bab,sell,-0.00448,0.10318,2240.3
2024-07-13,trend_momentum,buy,0.05873,0.34258,29364.89
2024-07-13,carry,buy,0.02034,0.11886,10170.11
2024-07-13,volprem,sell,-0.07622,0.0,38110.83
2024-07-13,xs_momentum,buy,0.02662,0.15544,13307.53
2024-07-13,breakout,buy,0.03019,0.17196,15095.38
2024-07-13,crisis,buy,0.01508,0.09034,7539.23
2024-07-13,gmacro,sell,-0.09236,0.0,46181.93
2024-07-13,bab,buy,0.01763,0.12082,8815.61
2024-07-14,trend_momentum,sell,-0.03363,0.30895,16817.38
2024-07-14,carry,sell,-0.01169,0.10717,5846.29
2024-07-14,xs_momentum,sell,-0.01572,0.13973,7859.55
2024-07-14,breakout,sell,-0.01445,0.15751,7223.56
2024-07-14,crisis,sell,-0.00843,0.08191,4216.7
2024-07-14,gmacro,buy,0.10033,0.10033,50167.48
2024-07-14,bab,sell,-0.01641,0.10441,8204.0
2024-07-15,trend_momentum,sell,-0.02424,0.2847,12121.6
2024-07-15,carry,sell,-0.00856,0.09861,4277.56
2024-07-15,volprem,buy,0.07642,0.07642,38210.75
2024-07-15,xs_momentum,sell,-0.01034,0.12938,5170.62
2024-07-15,breakout,sell,-0.01002,0.14749,5011.36
2024-07-15,crisis,sell,-0.00608,0.07582,3042.32
2024-07-15,gmacro,sell,-0.00787,0.09246,3937.49
2024-07-15,bab,sell,-0.0093,0.09511,4649.8
2024-07-16,trend_momentum,buy,0.00552,0.29022,2760.98
2024-07-16,carry,buy,0.00026,0.09888,132.42
2024-07-16,volprem,buy,0.00159,0.07802,796.9
2024-07-16,xs_momentum,sell,-0.00166,0.12772,830.9
2024-07-16,breakout,sell,-0.00884,0.13864,4421.39
2024-07-16,crisis,buy,0.00144,0.07726,719.14
2024-07-16,gmacro,buy,0.00029,0.09275,146.37
2024-07-16,bab,buy,0.00139,0.0965,696.47
2024-07-17,trend_momentum,buy,0.00152,0.29174,758.76
2024-07-17,carry,sell,-0.00275,0.09613,1373.78
2024-07-17,volprem,buy,0.0007,0.07872,351.21
2024-07-17,xs_momentum,buy,0.00035,0.12808,176.77
2024-07-17,breakout,buy,0.00023,0.13887,115.1
2024-07-17,crisis,sell,-0.0017,0.07557,847.96
2024-07-17,gmacro,buy,0.00046,0.09321,229.38
2024-07-17,bab,buy,0.00118,0.09768,590.51
2024-07-18,trend_momentum,buy,0.00305,0.29479,1524.74
2024-07-18,carry,buy,0.00085,0.09698,424.23
2024-07-18,volprem,buy,0.00145,0.08017,726.16
2024-07-18,xs_momentum,sell,-0.00558,0.12249,2791.09
2024-07-18,breakout,buy,0.00118,0.14006,591.76
2024-07-18,crisis,buy,7e-05,0.07563,33.05
2024-07-18,gmacro,sell,-0.0003,0.09291,150.14
2024-07-18,bab,sell,-0.00072,0.09697,358.7
2024-07-19,trend_momentum,buy,0.00049,0.29528,244.81
2024-07-19,carry,buy,0.00014,0.09712,71.58
2024-07-19,volprem,buy,0.00039,0.08056,197.1
2024-07-19,xs_momentum,buy,0.00138,0.12387,687.88
2024-07-19,breakout,buy,0.00176,0.14181,877.95
2024-07-19,crisis,buy,0.00035,0.07598,173.5
2024-07-19,gmacro,sell,-0.00228,0.09063,1141.82
2024-07-19,bab,sell,-0.00222,0.09474,1111.0
2024-07-20,trend_momentum,buy,0.05939,0.35467,29695.5
2024-07-20,carry,buy,0.01952,0.11664,9759.61
2024-07-20,volprem,sell,-0.08056,0.0,40282.12
2024-07-20,xs_momentum,buy,0.02592,0.14979,12958.78
2024-07-20,breakout,buy,0.02801,0.16982,14003.91
2024-07-20,crisis,buy,0.01658,0.09256,8291.62
2024-07-20,gmacro,sell,-0.09063,0.0,45313.79
2024-07-20,bab,buy,0.02177,0.11652,10886.49
2024-07-21,trend_momentum,sell,-0.03506,0.31961,17529.94
2024-07-21,carry,sell,-0.01204,0.1046,6017.75
2024-07-21,xs_momentum,sell,-0.01302,0.13677,6508.76
2024-07-21,breakout,sell,-0.01706,0.15276,8530.35
2024-07-21,crisis,sell,-0.00911,0.08345,4557.46
2024-07-21,gmacro,buy,0.09827,0.09827,49136.45
2024-07-21,bab,sell,-0.01198,0.10453,5992.2
2024-07-22,trend_momentum,sell,-0.02652,0.2931,13257.85
2024-07-22,carry,sell,-0.00776,0.09684,3882.16
2024-07-22,volprem,buy,0.08076,0.08076,40381.19
2024-07-22,xs_momentum,sell,-0.01127,0.1255,5634.12
2024-07-22,breakout,sell,-0.01266,0.1401,6329.68
2024-07-22,crisis,sell,-0.00638,0.07707,3191.47
2024-07-22,gmacro,sell,-0.00815,0.09012,4077.34
2024-07-22,bab,sell,-0.00802,0.09651,4008.57
2024-07-23,trend_momentum,sell,-0.00031,0.29279,154.16
2024-07-23,carry,buy,0.00063,0.09747,316.86
2024-07-23,volprem,buy,0.00128,0.08205,642.07
2024-07-23,xs_momentum,sell,-0.00106,0.12444,529.06
2024-07-23,breakout,buy,0.00103,0.14113,516.21
2024-07-23,crisis,buy,0.00053,0.0776,265.88
2024-07-23,gmacro,sell,-0.00096,0.08915,481.62
2024-07-23,bab,sell,-0.00115,0.09536,576.17
2024-07-24,trend_momentum,sell,-0.01318,0.27961,6588.09
2024-07-24,carry,sell,-0.00442,0.09305,2210.33
2024-07-24,volprem,buy,0.04254,0.12458,21268.84
2024-07-24,xs_momentum,sell,-0.00519,0.11925,2595.41
2024-07-24,breakout,sell,-0.00751,0.13362,3754.94
2024-07-24,crisis,sell,-0.00332,0.07428,1660.59
2024-07-24,gmacro,sell,-0.00441,0.08475,2203.32
2024-07-24,bab,sell,-0.00451,0.09085,2256.16
2024-07-25,trend_momentum,sell,-0.00022,0.2794,107.98
2024-07-25,carry,sell,-0.00052,0.09253,259.01
2024-07-25,volprem,buy,0.00186,0.12645,931.87
2024-07-25,xs_momentum,sell,-0.00085,0.1184,427.05
2024-07-25,breakout,sell,-0.00013,0.13349,66.91
2024-07-25,crisis,buy,0.00066,0.07494,331.34
2024-07-25,gmacro,buy,0.00025,0.085,126.94
2024-07-25,bab,sell,-0.00106,0.08979,529.2
2024-07-26,trend_momentum,buy,0.00404,0.28343,2018.8
2024-07-26,carry,buy,0.00199,0.09453,995.92
2024-07-26,volprem,sell,-0.01092,0.11553,5459.75
2024-07-26,xs_momentum,buy,0.00173,0.12013,865.46
2024-07-26,breakout,buy,0.00183,0.13532,914.95
2024-07-26,crisis,buy,0.00247,0.07741,1235.74
2024-07-26,gmacro,sell,-0.00147,0.08353,733.65
2024-07-26,bab,buy,0.00033,0.09012,162.54
2024-07-27,trend_momentum,buy,0.06375,0.34718,31874.54
2024-07-27,carry,buy,0.02551,0.12004,12755.76
2024-07-27,volprem,sell,-0.11553,0.0,57764.23
2024-07-27,xs_momentum,buy,0.03251,0.15264,16253.94
2024-07-27,breakout,buy,0.03324,0.16856,16621.82
2024-07-27,crisis,buy,0.0201,0.09751,10050.09
2024-07-27,gmacro,sell,-0.08353,0.0,41767.46
2024-07-27,bab,buy,0.02395,0.11407,11975.53
2024-07-28,trend_momentum,sell,-0.0346,0.31258,17299.29
2024-07-28,carry,sell,-0.01173,0.10831,5862.87
2024-07-28,xs_momentum,sell,-0.0142,0.13844,7099.39
2024-07-28,breakout,sell,-0.01661,0.15195,8304.98
2024-07-28,crisis,sell,-0.00971,0.0878,4856.45
2024-07-28,gmacro,buy,0.09773,0.09773,48866.96
2024-07-28,bab,sell,-0.01089,0.10318,5443.98
2024-07-29,trend_momentum,sell,-0.03482,0.27777,17409.47
2024-07-29,carry,sell,-0.01223,0.09608,6115.33
2024-07-29,volprem,buy,0.11589,0.11589,57942.93
2024-07-29,xs_momentum,sell,-0.01645,0.12199,8222.82
2024-07-29,breakout,sell,-0.01717,0.13478,8585.49
2024-07-29,crisis,sell,-0.01012,0.07767,5062.18
2024-07-29,gmacro,sell,-0.01276,0.08498,6379.29
2024-07-29,bab,sell,-0.01234,0.09084,6168.36
2024-07-30,trend_momentum,sell,-0.00088,0.27689,439.09
2024-07-30,carry,sell,-0.00045,0.09563,224.17
2024-07-30,volprem,sell,-0.00157,0.11431,785.97
2024-07-30,xs_momentum,buy,0.00338,0.12537,1687.92
2024-07-30,breakout,buy,0.00084,0.13562,417.73
2024-07-30,crisis,buy,0.00031,0.07799,156.31
2024-07-30,gmacro,sell,-0.00096,0.08402,479.04
2024-07-30,bab,sell,-0.00067,0.09018,333.69
2024-07-31,trend_momentum,buy,0.00084,0.27773,422.26
2024-07-31,carry,buy,0.00113,0.09676,564.87
2024-07-31,volprem,sell,-0.0006,0.11372,298.72
2024-07-31,xs_momentum,sell,-0.00196,0.12341,979.6
2024-07-31,breakout,buy,0.00165,0.13727,825.15
2024-07-31,crisis,buy,6e-05,0.07805,30.64
2024-07-31,gmacro,sell,-0.00124,0.08278,620.7
2024-07-31,bab,buy,0.00011,0.09029,56.08
2024-08-01,trend_momentum,sell,-0.00085,0.27688,427.01
2024-08-01,carry,sell,-0.0008,0.09596,402.16
2024-08-01,volprem,buy,0.00826,0.12198,4131.36
2024-08-01,xs_momentum,sell,-0.004,0.11941,1998.8
2024-08-01,breakout,buy,4e-05,0.13731,20.93
2024-08-01,crisis,buy,6e-05,0.0781,28.91
2024-08-01,gmacro,sell,-0.00296,0.07981,1480.9
2024-08-01,bab,buy,0.00026,0.09054,127.67
2024-08-02,trend_momentum,sell,-0.00198,0.2749,991.22
2024-08-02,carry,buy,0.0008,0.09676,398.97
2024-08-02,volprem,sell,-0.00329,0.11869,1646.55
2024-08-02,xs_momentum,buy,0.00118,0.1206,592.17
2024-08-02,breakout,buy,0.00162,0.13893,811.54
2024-08-02,crisis,buy,0.00084,0.07894,419.3
2024-08-02,gmacro,sell,-0.00022,0.07959,111.88
2024-08-02,bab,buy,0.00106,0.0916,527.67
2024-08-03,trend_momentum,buy,0.03919,0.31409,19596.16
2024-08-03,carry,buy,0.03346,0.13021,16727.95
2024-08-03,volprem,sell,-0.11869,0.0,59343.06
2024-08-03,xs_momentum,buy,0.03803,0.15862,19013.65
2024-08-03,breakout,buy,0.04312,0.18205,21559.13
2024-08-03,crisis,buy,0.02052,0.09946,10258.65
2024-08-03,gmacro,sell,-0.07959,0.0,39795.14
2024-08-03,bab,buy,0.02397,0.11556,11982.64
2024-08-04,trend_momentum,sell,-0.02607,0.28801,13036.58
2024-08-04,carry,sell,-0.01346,0.11675,6730.2
2024-08-04,xs_momentum,sell,-0.01443,0.14419,7216.03
2024-08-04,breakout,sell,-0.01962,0.16243,9811.98
2024-08-04,crisis,sell,-0.00905,0.09041,4526.22
2024-08-04,gmacro,buy,0.09277,0.09277,46386.74
2024-08-04,bab,sell,-0.01013,0.10543,5065.72
2024-08-05,trend_momentum,sell,-0.01217,0.27585,6084.47
2024-08-05,carry,sell,-0.00716,0.1096,3577.75
2024-08-05,volprem,buy,0.05247,0.05247,26236.82
2024-08-05,xs_momentum,sell,-0.00584,0.13835,2919.33
2024-08-05,breakout,sell,-0.00885,0.15357,4427.31
2024-08-05,crisis,sell,-0.0053,0.08511,2647.74
2024-08-05,gmacro,sell,-0.00517,0.0876,2584.42
2024-08-05,bab,sell,-0.00799,0.09744,3995.8
2024-08-06,trend_momentum,sell,-0.01271,0.26313,6356.67
2024-08-06,carry,buy,0.0066,0.11619,3299.08
2024-08-06,volprem,sell,-0.01788,0.03459,8940.0
2024-08-06,xs_momentum,buy,0.00429,0.14265,2146.21
2024-08-06,breakout,buy,0.0097,0.16327,4849.47
2024-08-06,crisis,buy,0.00499,0.0901,2494.01
2024-08-06,gmacro,buy,0.00388,0.09148,1939.19
2024-08-06,bab,buy,0.00114,0.09858,568.72
2024-08-07,trend_momentum,buy,0.00085,0.26398,425.66
2024-08-07,carry,sell,-0.00352,0.11268,1759.24
2024-08-07,volprem,buy,0.0003,0.0349,152.22
2024-08-07,xs_momentum,buy,0.00126,0.1439,627.56
2024-08-07,breakout,sell,-0.00152,0.16175,759.93
2024-08-07,crisis,buy,0.00144,0.09154,719.72
2024-08-07,gmacro,buy,0.00074,0.09223,371.7
2024-08-07,bab,buy,0.00044,0.09902,222.3
2024-08-08,trend_momentum,buy,0.00215,0.26614,1076.74
2024-08-08,carry,buy,0.00089,0.11356,444.17
2024-08-08,volprem,buy,0.00032,0.03522,158.72
2024-08-08,xs_momentum,buy,0.00112,0.14502,558.35
2024-08-08,breakout,buy,0.00055,0.1623,272.52
2024-08-08,crisis,buy,0.00171,0.09325,853.94
2024-08-08,gmacro,sell,-0.00477,0.08746,2385.16
2024-08-08,bab,sell,-0.00196,0.09706,979.28
2024-08-09,trend_momentum,sell,-0.00948,0.25666,4738.6
2024-08-09,carry,buy,0.00298,0.11655,1491.58
2024-08-09,volprem,buy,0.00097,0.03619,486.63
2024-08-09,xs_momentum,buy,0.00379,0.14881,1894.25
2024-08-09,breakout,sell,-0.00353,0.15877,1763.75
2024-08-09,crisis,buy,0.00232,0.09557,1160.28
2024-08-09,gmacro,buy,0.00296,0.09042,1482.09
2024-08-09,bab,sell,-2e-05,0.09704,12.49
2024-08-10,trend_momentum,buy,0.03667,0.29333,18332.74
2024-08-10,carry,buy,0.01772,0.13427,8858.92
2024-08-10,volprem,sell,-0.03619,0.0,18094.39
2024-08-10,xs_momentum,buy,0.0226,0.17141,11300.3
2024-08-10,breakout,buy,0.02261,0.18138,11306.82
2024-08-10,crisis,buy,0.01362,0.10919,6811.46
2024-08-10,gmacro,sell,-0.09042,0.0,45210.13
2024-08-10,bab,buy,0.01339,0.11043,6694.28
2024-08-11,trend_momentum,sell,-0.02748,0.26584,13742.02
2024-08-11,carry,sell,-0.01206,0.1222,6030.35
2024-08-11,xs_momentum,sell,-0.01663,0.15477,8316.41
2024-08-11,breakout,sell,-0.01656,0.16483,8277.68
2024-08-11,crisis,sell,-0.0106,0.09859,5302.3
2024-08-11,gmacro,buy,0.09316,0.09316,46579.61
2024-08-11,bab,sell,-0.00982,0.10061,4910.85
2024-08-12,trend_momentum,sell,-0.00761,0.25823,3805.18
2024-08-12,carry,sell,-0.00481,0.11739,2406.55
2024-08-12,volprem,buy,0.03573,0.03573,17864.37
2024-08-12,xs_momentum,sell,-0.00651,0.14827,3252.59
2024-08-12,breakout,sell,-0.00555,0.15928,2773.14
2024-08-12,crisis,sell,-0.00432,0.09427,2158.32
2024-08-12,gmacro,sell,-0.00405,0.08911,2022.59
2024-08-12,bab,sell,-0.00289,0.09771,1446.0
2024-08-13,trend_momentum,sell,-0.0003,0.25793,148.13
2024-08-13,carry,sell,-0.00082,0.11657,409.28
2024-08-13,volprem,sell,-6e-05,0.03567,28.28
2024-08-13,xs_momentum,buy,0.0036,0.15187,1800.57
2024-08-13,breakout,sell,-0.00211,0.15718,1053.49
2024-08-13,crisis,sell,-2e-05,0.09425,8.75
2024-08-13,gmacro,sell,-0.00019,0.08892,96.38
2024-08-13,bab,sell,-0.00011,0.0976,56.26
2024-08-14,trend_momentum,sell,-0.0036,0.25434,1799.34
2024-08-14,carry,buy,0.0016,0.11818,802.45
2024-08-14,volprem,buy,6e-05,0.03573,30.42
2024-08-14,xs_momentum,buy,0.00166,0.15353,829.29
2024-08-14,breakout,buy,0.00274,0.15991,1369.21
2024-08-14,crisis,buy,0.00035,0.0946,172.51
2024-08-14,gmacro,sell,-0.00265,0.08627,1326.7
2024-08-14,bab,sell,-0.00016,0.09745,77.83
2024-08-15,trend_momentum,buy,0.00012,0.25446,62.31
2024-08-15,carry,sell,-0.0001,0.11808,48.44
2024-08-15,volprem,buy,2e-05,0.03575,7.97
2024-08-15,xs_momentum,buy,0.0001,0.15363,49.63
2024-08-15,breakout,sell,-0.00094,0.15897,470.38
2024-08-15,crisis,buy,0.00031,0.09491,156.8
2024-08-15,gmacro,buy,0.00042,0.08669,211.61
2024-08-15,bab,buy,6e-05,0.09751,30.51
2024-08-16,trend_momentum,sell,-0.00162,0.25284,809.4
2024-08-16,carry,buy,0.00042,0.1185,209.82
2024-08-16,volprem,buy,0.00013,0.03588,67.14
2024-08-16,xs_momentum,buy,0.00044,0.15407,218.91
2024-08-16,breakout,sell,-0.00011,0.15886,55.89
2024-08-16,crisis,sell,-0.00027,0.09464,135.61
2024-08-16,gmacro,buy,0.00049,0.08718,245.03
2024-08-16,bab,buy,0.00052,0.09803,260.0
2024-08-17,trend_momentum,buy,0.03016,0.28301,15082.37
2024-08-17,carry,buy,0.02,0.1385,9997.99
2024-08-17,volprem,sell,-0.03588,0.0,17941.61
2024-08-17,xs_momentum,buy,0.02162,0.17568,10808.62
2024-08-17,breakout,buy,0.02409,0.18295,12046.48
2024-08-17,crisis,buy,0.01135,0.10599,5676.81
2024-08-17,gmacro,sell,-0.08718,0.0,43590.58
2024-08-17,bab,buy,0.01584,0.11387,7919.91
2024-08-18,trend_momentum,sell,-0.00694,0.27607,3469.17
2024-08-18,carry,sell,-0.00583,0.13267,2914.87
2024-08-18,xs_momentum,buy,0.00391,0.1796,1957.28
2024-08-18,breakout,buy,0.01323,0.19618,6614.56
2024-08-18,crisis,sell,-0.00137,0.10462,686.06
2024-08-18,bab,sell,-0.003,0.11086,1501.74
2024-08-19,trend_momentum,sell,-0.0329,0.24317,16450.56
2024-08-19,carry,sell,-0.01458,0.11809,7287.7
2024-08-19,volprem,buy,0.03449,0.03449,17242.7
2024-08-19,xs_momentum,sell,-0.02096,0.15864,10479.46
2024-08-19,breakout,sell,-0.02301,0.17317,11504.98
2024-08-19,crisis,sell,-0.0122,0.09243,6097.96
2024-08-19,gmacro,buy,0.08225,0.08225,41123.65
2024-08-19,bab,sell,-0.01309,0.09777,6545.69
2024-08-20,trend_momentum,sell,-0.002,0.24117,999.62
2024-08-20,carry,buy,0.00017,0.11826,84.66
2024-08-20,volprem,buy,4e-05,0.03453,19.94
2024-08-20,xs_momentum,buy,0.00113,0.15977,565.49
2024-08-20,breakout,buy,0.00095,0.17413,475.78
2024-08-20,crisis,buy,0.00038,0.0928,188.83
2024-08-20,gmacro,buy,2e-05,0.08227,11.88
2024-08-20,bab,sell,-0.00069,0.09708,346.97
2024-08-21,trend_momentum,sell,-0.00042,0.24075,209.95
2024-08-21,carry,sell,-0.00016,0.1181,80.72
2024-08-21,volprem,sell,-6e-05,0.03447,29.06
2024-08-21,xs_momentum,buy,0.00206,0.16183,1030.86
2024-08-21,breakout,sell,-0.00036,0.17377,179.37
2024-08-21,crisis,sell,-0.0001,0.09271,48.37
2024-08-21,gmacro,sell,-9e-05,0.08218,45.59
2024-08-21,bab,sell,-0.00088,0.0962,437.8
2024-08-22,trend_momentum,sell,-0.00022,0.24053,111.06
2024-08-22,carry,sell,-0.00124,0.11686,619.8
2024-08-22,volprem,buy,4e-05,0.03451,20.24
2024-08-22,xs_momentum,buy,0.00011,0.16194,53.91
2024-08-22,breakout,buy,0.00048,0.17425,241.07
2024-08-22,crisis,buy,0.00073,0.09343,363.0
2024-08-22,gmacro,buy,8e-05,0.08226,40.4
2024-08-22,bab,buy,2e-05,0.09623,12.23
2024-08-23,trend_momentum,sell,-3e-05,0.2405,13.33
2024-08-23,carry,buy,0.00015,0.11701,76.36
2024-08-23,volprem,buy,6e-05,0.03457,29.96
2024-08-23,xs_momentum,buy,4e-05,0.16198,18.48
2024-08-23,breakout,sell,-0.00023,0.17402,115.17
2024-08-23,crisis,buy,0.00102,0.09446,511.18
2024-08-23,gmacro,sell,-0.00121,0.08105,607.15
2024-08-23,bab,buy,0.0002,0.09643,99.67
2024-08-24,trend_momentum,buy,0.02429,0.26478,12142.74
2024-08-24,carry,buy,0.02305,0.14006,11524.43
2024-08-24,volprem,sell,-0.03457,0.0,17283.79
2024-08-24,xs_momentum,buy,0.02475,0.18672,12372.84
2024-08-24,breakout,buy,0.01581,0.18983,7907.24
2024-08-24,crisis,buy,0.01055,0.105,5274.16
2024-08-24,gmacro,sell,-0.08105,0.0,40523.2
2024-08-24,bab,buy,0.01717,0.1136,8585.58
2024-08-25,trend_momentum,buy,0.00141,0.26619,703.35
2024-08-25,carry,buy,0.00043,0.1405,216.93
2024-08-25,xs_momentum,buy,0.00115,0.18787,576.18
2024-08-25,breakout,sell,-0.00124,0.18859,619.46
2024-08-25,crisis,buy,0.00014,0.10514,68.97
2024-08-25,bab,sell,-0.00189,0.11171,945.97
2024-08-26,trend_momentum,sell,-0.02957,0.23662,14786.33
2024-08-26,carry,sell,-0.01575,0.12475,7874.94
2024-08-26,volprem,buy,0.03402,0.03402,17009.88
2024-08-26,xs_momentum,sell,-0.02163,0.16624,10814.48
2024-08-26,breakout,sell,-0.02137,0.16722,10686.71
2024-08-26,crisis,sell,-0.01166,0.09348,5830.77
2024-08-26,gmacro,buy,0.07847,0.07847,39232.98
2024-08-26,bab,sell,-0.0125,0.09921,6249.63
2024-08-27,trend_momentum,sell,-0.00018,0.23644,89.99
2024-08-27,carry,sell,-0.00085,0.12389,427.02
2024-08-27,volprem,buy,1e-05,0.03403,6.08
2024-08-27,xs_momentum,buy,0.00092,0.16716,459.75
2024-08-27,breakout,buy,4e-05,0.16726,21.48
2024-08-27,crisis,buy,0.00016,0.09364,78.34
2024-08-27,gmacro,sell,-9e-05,0.07838,42.52
2024-08-27,bab,sell,-1e-05,0.09919,6.11
2024-08-28,trend_momentum,sell,-0.0011,0.23534,550.33
2024-08-28,carry,buy,1e-05,0.1239,6.86
2024-08-28,volprem,sell,-2e-05,0.03402,8.15
2024-08-28,xs_momentum,buy,0.00256,0.16972,1277.58
2024-08-28,breakout,sell,-0.001,0.16627,498.43
2024-08-28,crisis,sell,-6e-05,0.09357,31.21
2024-08-28,gmacro,sell,-3e-05,0.07835,13.42
2024-08-28,bab,sell,-0.00037,0.09883,182.91
2024-08-29,trend_momentum,sell,-0.00018,0.23516,89.75
2024-08-29,carry,buy,8e-05,0.12399,40.65
2024-08-29,volprem,buy,2e-05,0.03404,10.02
2024-08-29,xs_momentum,buy,0.00053,0.17025,264.1
2024-08-29,breakout,buy,0.00021,0.16648,104.67
2024-08-29,crisis,sell,-5e-05,0.09353,22.64
2024-08-29,gmacro,sell,-0.00022,0.07813,111.14
2024-08-29,bab,sell,-0.00039,0.09844,195.91
2024-08-30,trend_momentum,sell,-0.00138,0.23378,690.21
2024-08-30,carry,sell,-0.00051,0.12347,256.1
2024-08-30,volprem,sell,-0.00025,0.03378,126.36
2024-08-30,xs_momentum,sell,-0.00119,0.16905,596.36
2024-08-30,breakout,sell,-0.00174,0.16474,867.82
2024-08-30,crisis,buy,0.0068,0.10033,3402.15
2024-08-30,gmacro,sell,-0.00101,0.07712,506.62
2024-08-30,bab,sell,-0.00072,0.09772,358.69
2024-08-31,trend_momentum,buy,0.02789,0.26167,13944.33
2024-08-31,carry,buy,0.01435,0.13783,7176.68
2024-08-31,volprem,sell,-0.03378,0.0,16891.47
2024-08-31,xs_momentum,buy,0.02229,0.19134,11142.61
2024-08-31,breakout,buy,0.02251,0.18725,11255.07
2024-08-31,crisis,buy,0.0121,0.11243,6048.9
2024-08-31,gmacro,sell,-0.07712,0.0,38559.28
2024-08-31,bab,buy,0.01177,0.10949,5883.18
2024-09-01,trend_momentum,sell,-0.02022,0.24145,10109.51
2024-09-01,carry,sell,-0.00998,0.12785,4987.82
2024-09-01,xs_momentum,sell,-0.0156,0.17574,7801.11
2024-09-01,breakout,sell,-0.01542,0.17183,7711.43
2024-09-01,crisis,sell,-0.00914,0.1033,4567.76
2024-09-01,gmacro,buy,0.07933,0.07933,39664.68
2024-09-01,bab,sell,-0.00897,0.10051,4487.06
2024-09-02,trend_momentum,sell,-0.00097,0.24047,487.04
2024-09-02,carry,sell,-0.00049,0.12736,243.93
2024-09-02,xs_momentum,buy,0.00153,0.17726,762.76
2024-09-02,breakout,sell,-0.0013,0.17053,650.65
2024-09-02,crisis,buy,0.00187,0.10516,932.73
2024-09-02,gmacro,buy,0.00016,0.07949,79.41
2024-09-02,bab,sell,-0.00079,0.09972,393.27
2024-09-03,trend_momentum,sell,-0.00961,0.23086,4804.41
2024-09-03,carry,sell,-0.0055,0.12186,2751.18
2024-09-03,volprem,buy,0.03314,0.03314,16569.52
2024-09-03,xs_momentum,sell,-0.00581,0.17145,2904.28
2024-09-03,breakout,sell,-0.00696,0.16356,3480.63
2024-09-03,crisis,buy,0.00253,0.10769,1266.09
2024-09-03,gmacro,sell,-0.00374,0.07575,1871.53
2024-09-03,bab,sell,-0.00405,0.09568,2023.58
2024-09-04,trend_momentum,sell,-0.00408,0.22678,2040.7
2024-09-04,carry,buy,0.00032,0.12218,160.43
2024-09-04,volprem,buy,9e-05,0.03322,42.62
2024-09-04,xs_momentum,buy,0.00098,0.17243,488.79
2024-09-04,breakout,buy,0.00281,0.16637,1403.51
2024-09-04,crisis,buy,0.0018,0.10949,899.86
2024-09-04,gmacro,sell,-0.00017,0.07557,85.13
2024-09-04,bab,sell,-0.00174,0.09394,869.36
2024-09-05,trend_momentum,sell,-0.00476,0.22203,2378.68
2024-09-05,carry,sell,-0.00297,0.11921,1485.87
2024-09-05,volprem,sell,-0.00081,0.03242,403.33
2024-09-05,xs_momentum,sell,-0.0001,0.17234,48.27
2024-09-05,breakout,buy,0.00566,0.17203,2827.51
2024-09-05,crisis,buy,0.00726,0.11676,3631.14
2024-09-05,gmacro,sell,-0.00177,0.07381,883.21
2024-09-05,bab,sell,-0.00252,0.09142,1259.28
2024-09-06,trend_momentum,sell,-0.00206,0.21996,1031.99
2024-09-06,carry,sell,-0.00087,0.11835,432.59
2024-09-06,volprem,sell,-0.00034,0.03207,171.62
2024-09-06,xs_momentum,sell,-0.00198,0.17036,988.43
2024-09-06,breakout,sell,-0.00176,0.17027,880.01
2024-09-06,crisis,buy,0.00344,0.12019,1719.18
2024-09-06,gmacro,buy,0.00454,0.07835,2271.47
2024-09-06,bab,sell,-0.00097,0.09045,486.01
2024-09-07,trend_momentum,buy,0.02444,0.2444,12218.43
2024-09-07,carry,buy,0.01634,0.13468,8168.76
2024-09-07,volprem,sell,-0.03207,0.0,16037.19
2024-09-07,xs_momentum,buy,0.02195,0.19231,10973.71
2024-09-07,breakout,buy,0.0218,0.19207,10899.56
2024-09-07,crisis,buy,0.0156,0.13579,7797.66
2024-09-07,gmacro,sell,-0.07835,0.0,39175.68
2024-09-07,bab,buy,0.01031,0.10076,5154.77
2024-09-08,trend_momentum,sell,-0.0203,0.2241,10151.1
2024-09-08,carry,sell,-0.00946,0.12522,4729.02
2024-09-08,xs_momentum,sell,-0.0156,0.1767,7800.76
2024-09-08,breakout,sell,-0.01337,0.17869,6686.49
2024-09-08,crisis,sell,-0.01415,0.12163,7077.08
2024-09-08,gmacro,buy,0.08164,0.08164,40821.39
2024-09-08,bab,sell,-0.00875,0.092,4376.93
2024-09-09,trend_momentum,sell,-0.00638,0.21771,3190.87
2024-09-09,carry,sell,-0.00425,0.12098,2122.88
2024-09-09,volprem,buy,0.03208,0.03208,16038.84
2024-09-09,xs_momentum,sell,-0.00502,0.17168,2511.01
2024-09-09,breakout,sell,-0.00757,0.17112,3785.59
2024-09-09,crisis,sell,-0.00409,0.11755,2042.54
2024-09-09,gmacro,sell,-0.00162,0.08003,808.64
2024-09-09,bab,sell,-0.00315,0.08885,1577.31
2024-09-10,trend_momentum,buy,0.00244,0.22016,1222.33
2024-09-10,carry,sell,-0.00497,0.11601,2485.65
2024-09-10,volprem,buy,0.00041,0.03249,207.44
2024-09-10,xs_momentum,buy,0.00125,0.17293,625.92
2024-09-10,breakout,sell,-0.00105,0.17007,527.03
2024-09-10,crisis,buy,0.0003,0.11785,150.09
2024-09-10,gmacro,buy,0.00101,0.08104,505.65
2024-09-10,bab,buy,0.0006,0.08945,301.26
2024-09-11,trend_momentum,buy,0.00029,0.22045,147.37
2024-09-11,carry,sell,-0.00017,0.11583,86.63
2024-09-11,volprem,buy,3e-05,0.03253,17.26
2024-09-11,xs_momentum,buy,0.00011,0.17304,54.79
2024-09-11,breakout,buy,0.00169,0.17176,846.9
2024-09-11,crisis,sell,-0.0001,0.11774,52.4
2024-09-11,gmacro,sell,-0.00171,0.07933,853.34
2024-09-11,bab,sell,-0.00015,0.0893,73.94
2024-09-12,trend_momentum,sell,-0.00083,0.21962,417.0
2024-09-12,carry,sell,-0.00073,0.1151,365.13
2024-09-12,volprem,buy,0.00016,0.03268,78.18
2024-09-12,xs_momentum,buy,0.00057,0.17362,286.43
2024-09-12,breakout,sell,-0.00343,0.16834,1712.73
2024-09-12,crisis,buy,0.00101,0.11875,504.91
2024-09-12,gmacro,sell,-0.00028,0.07905,139.12
2024-09-12,bab,buy,0.00353,0.09283,1764.46
2024-09-13,trend_momentum,sell,-0.00062,0.219,310.56
2024-09-13,carry,buy,0.00063,0.11573,315.26
2024-09-13,volprem,buy,0.00011,0.0328,56.62
2024-09-13,xs_momentum,buy,0.00163,0.17525,816.12
2024-09-13,breakout,buy,0.0005,0.16883,248.96
2024-09-13,crisis,sell,-0.00073,0.11802,365.09
2024-09-13,gmacro,sell,-0.00262,0.07643,1311.95
2024-09-13,bab,buy,0.0011,0.09393,550.63
2024-09-14,trend_momentum,buy,0.02193,0.24093,10964.02
2024-09-14,carry,buy,0.01214,0.12787,6068.23
2024-09-14,volprem,sell,-0.0328,0.0,16398.34
2024-09-14,xs_momentum,buy,0.02456,0.19981,12278.31
2024-09-14,breakout,buy,0.03162,0.20045,15809.95
2024-09-14,crisis,buy,0.01053,0.12856,5266.8
2024-09-14,gmacro,sell,-0.07643,0.0,38213.99
2024-09-14,bab,buy,0.00845,0.10238,4225.02
2024-09-15,trend_momentum,sell,-0.02214,0.21878,11072.46
2024-09-15,carry,sell,-0.00763,0.12024,3817.14
2024-09-15,xs_momentum,sell,-0.01461,0.1852,7304.9
2024-09-15,breakout,sell,-0.01672,0.18373,8359.56
2024-09-15,crisis,sell,-0.00496,0.1236,2477.53
2024-09-15,gmacro,buy,0.0755,0.0755,37752.4
2024-09-15,bab,sell,-0.00944,0.09294,4720.8
2024-09-16,trend_momentum,sell,-0.00924,0.20954,4622.08
2024-09-16,carry,sell,-0.01048,0.10975,5241.34
2024-09-16,volprem,buy,0.03065,0.03065,15325.76
2024-09-16,xs_momentum,buy,0.01061,0.19581,5307.25
2024-09-16,breakout,sell,-0.00967,0.17406,4835.48
2024-09-16,crisis,sell,-0.00412,0.11949,2058.36
2024-09-16,gmacro,sell,-0.00411,0.0714,2053.74
2024-09-16,bab,sell,-0.00364,0.0893,1822.0
2024-09-17,trend_momentum,buy,0.00037,0.2099,182.88
2024-09-17,carry,sell,-0.00164,0.10811,822.21
2024-09-17,volprem,sell,-5e-05,0.0306,23.9
2024-09-17,xs_momentum,sell,-0.00099,0.19482,496.78
2024-09-17,breakout,sell,-0.00069,0.17337,346.26
2024-09-17,crisis,buy,0.00174,0.12122,868.4
2024-09-17,gmacro,sell,-0.00028,0.07111,141.63
2024-09-17,bab,buy,0.00156,0.09086,779.51
2024-09-18,trend_momentum,sell,-0.00075,0.20915,377.29
2024-09-18,carry,buy,0.00103,0.10914,513.53
2024-09-18,volprem,sell,-6e-05,0.03055,28.28
2024-09-18,xs_momentum,buy,0.00117,0.19598,583.98
2024-09-18,breakout,sell,-0.00124,0.17213,619.18
2024-09-18,crisis,buy,0.00017,0.1214,86.17
2024-09-18,gmacro,sell,-0.00033,0.07078,164.78
2024-09-18,bab,buy,1e-05,0.09087,5.85
2024-09-19,trend_momentum,sell,-1e-05,0.20913,7.39
2024-09-19,carry,buy,0.00077,0.1099,383.47
2024-09-19,volprem,buy,2e-05,0.03056,8.33
2024-09-19,xs_momentum,sell,-0.00012,0.19586,60.33
2024-09-19,breakout,sell,-0.00036,0.17177,181.23
2024-09-19,crisis,sell,-0.00071,0.12069,353.87
2024-09-19,gmacro,buy,3e-05,0.07081,14.35
2024-09-19,bab,buy,0.00039,0.09126,196.67
2024-09-20,trend_momentum,sell,-0.00325,0.20589,1622.68
2024-09-20,carry,buy,0.00028,0.11019,141.41
2024-09-20,volprem,buy,0.00024,0.0308,119.52
2024-09-20,xs_momentum,buy,0.00111,0.19698,556.72
2024-09-20,breakout,sell,-0.0006,0.17117,299.21
2024-09-20,crisis,buy,0.00078,0.12146,387.91
2024-09-20,gmacro,buy,0.00083,0.07164,415.06
2024-09-20,bab,buy,0.0006,0.09186,301.27
2024-09-21,trend_momentum,buy,0.02147,0.22736,10735.38
2024-09-21,carry,buy,0.00885,0.11904,4427.4
2024-09-21,volprem,sell,-0.0308,0.0,15401.43
2024-09-21,xs_momentum,buy,0.02733,0.22431,13666.78
2024-09-21,breakout,buy,0.02124,0.19241,10620.79
2024-09-21,crisis,buy,0.01281,0.13427,6403.41
2024-09-21,gmacro,sell,-0.07164,0.0,35821.66
2024-09-21,bab,buy,0.01074,0.1026,5369.33
2024-09-22,trend_momentum,sell,-0.01685,0.21051,8425.57
2024-09-22,carry,sell,-0.00857,0.11047,4286.09
2024-09-22,xs_momentum,sell,-0.01671,0.2076,8353.35
2024-09-22,breakout,sell,-0.01141,0.181,5705.72
2024-09-22,crisis,sell,-0.01269,0.12158,6343.78
2024-09-22,gmacro,buy,0.0735,0.0735,36749.24
2024-09-22,bab,sell,-0.00727,0.09533,3634.73
2024-09-23,trend_momentum,buy,0.00205,0.21256,1025.1
2024-09-23,carry,sell,-0.00746,0.10301,3728.77
2024-09-23,volprem,buy,0.03034,0.03034,15168.93
2024-09-23,xs_momentum,sell,-0.0041,0.20351,2048.91
2024-09-23,breakout,sell,-0.01173,0.16927,5864.59
2024-09-23,crisis,sell,-0.00384,0.11774,1919.48
2024-09-23,gmacro,sell,-0.00271,0.07079,1353.84
2024-09-23,bab,sell,-0.00256,0.09278,1278.43
2024-09-24,trend_momentum,buy,0.00336,0.21592,1681.08
2024-09-24,carry,sell,-0.00387,0.09914,1935.19
2024-09-24,volprem,buy,0.00014,0.03048,69.29
2024-09-24,xs_momentum,sell,-0.00014,0.20336,71.8
2024-09-24,breakout,sell,-0.00173,0.16754,865.98
2024-09-24,crisis,buy,0.00077,0.11852,386.58
2024-09-24,gmacro,buy,0.00028,0.07107,142.07
2024-09-24,bab,buy,0.00119,0.09397,593.95
2024-09-25,trend_momentum,buy,0.00277,0.21869,1383.54
2024-09-25,carry,sell,-0.00148,0.09766,740.93
2024-09-25,volprem,sell,-0.00028,0.0302,138.35
2024-09-25,xs_momentum,buy,0.00116,0.20453,581.61
2024-09-25,breakout,buy,0.0032,0.17074,1598.12
2024-09-25,crisis,sell,-0.00019,0.11832,97.43
2024-09-25,gmacro,sell,-0.0041,0.06697,2050.58
2024-09-25,bab,sell,-0.00107,0.09289,535.99
2024-09-26,trend_momentum,buy,0.00014,0.21883,72.42
2024-09-26,carry,buy,0.00068,0.09834,340.48
2024-09-26,volprem,buy,0.00019,0.03038,92.61
2024-09-26,xs_momentum,sell,-0.0001,0.20443,48.6
2024-09-26,breakout,sell,-0.00199,0.16875,995.76
2024-09-26,crisis,sell,-0.00026,0.11806,130.81
2024-09-26,gmacro,buy,0.00091,0.06789,455.72
2024-09-26,bab,buy,0.00043,0.09332,213.93
2024-09-27,trend_momentum,sell,-0.00156,0.21727,780.17
2024-09-27,carry,sell,-0.00026,0.09808,131.33
2024-09-27,volprem,buy,0.00036,0.03074,178.08
2024-09-27,xs_momentum,buy,0.00161,0.20604,806.55
2024-09-27,breakout,buy,0.00133,0.17008,666.27
2024-09-27,crisis,sell,-0.00151,0.11655,757.21
2024-09-27,gmacro,sell,-0.00103,0.06686,513.76
2024-09-27,bab,buy,0.00106,0.09438,531.57
2024-09-28,trend_momentum,buy,0.02408,0.24135,12039.36
2024-09-28,carry,buy,0.01085,0.10892,5422.86
2024-09-28,volprem,sell,-0.03074,0.0,15370.56
2024-09-28,xs_momentum,buy,0.02141,0.22746,10707.29
2024-09-28,breakout,buy,0.01763,0.18771,8817.3
2024-09-28,crisis,buy,0.01317,0.12972,6586.51
2024-09-28,gmacro,sell,-0.06686,0.0,33428.85
2024-09-28,bab,buy,0.01045,0.10484,5226.09
2024-09-29,trend_momentum,sell,-0.02067,0.22068,10334.18
2024-09-29,carry,sell,-0.00972,0.0992,4860.09
2024-09-29,xs_momentum,sell,-0.00301,0.22444,1507.0
2024-09-29,breakout,sell,-0.01591,0.1718,7956.87
2024-09-29,crisis,sell,-0.01008,0.11964,5039.54
2024-09-29,gmacro,buy,0.06789,0.06789,33944.92
2024-09-29,bab,sell,-0.00849,0.09634,4247.24
2024-09-30,trend_momentum,sell,-0.01169,0.20899,5846.21
2024-09-30,carry,sell,-0.00493,0.09428,2462.79
2024-09-30,volprem,buy,0.02953,0.02953,14763.79
2024-09-30,xs_momentum,buy,0.0109,0.23535,5451.49
2024-09-30,breakout,sell,-0.00889,0.16291,4443.42
2024-09-30,crisis,sell,-0.00686,0.11278,3430.33
2024-09-30,gmacro,sell,-0.00301,0.06488,1506.02
2024-09-30,bab,sell,-0.00505,0.09129,2526.51
2024-10-01,trend_momentum,sell,-4e-05,0.20895,19.15
2024-10-01,carry,buy,0.00246,0.09674,1228.91
2024-10-01,volprem,buy,8e-05,0.02961,40.68
2024-10-01,xs_momentum,buy,0.00159,0.23693,794.08
2024-10-01,breakout,buy,0.00035,0.16326,174.11
2024-10-01,crisis,sell,-0.00318,0.1096,1591.72
2024-10-01,gmacro,sell,-0.00044,0.06444,220.55
2024-10-01,bab,sell,-0.00081,0.09048,406.36
2024-10-02,trend_momentum,buy,0.00642,0.21537,3210.26
2024-10-02,carry,sell,-0.0055,0.09123,2751.39
2024-10-02,volprem,sell,-0.0005,0.02911,249.81
2024-10-02,xs_momentum,sell,-0.00347,0.23346,1734.57
2024-10-02,breakout,sell,-0.00409,0.15917,2046.07
2024-10-02,crisis,buy,0.00682,0.11641,3408.36
2024-10-02,gmacro,sell,-0.00146,0.06298,728.68
2024-10-02,bab,buy,0.00178,0.09226,891.89
2024-10-03,trend_momentum,sell,-0.00228,0.21309,1139.82
2024-10-03,carry,buy,0.0006,0.09183,298.01
2024-10-03,volprem,sell,-7e-05,0.02904,36.07
2024-10-03,xs_momentum,sell,-0.00204,0.23142,1021.08
2024-10-03,breakout,buy,0.00385,0.16302,1924.33
2024-10-03,crisis,sell,-0.00047,0.11594,235.79
2024-10-03,gmacro,buy,0.00014,0.06312,69.19
2024-10-03,bab,buy,0.00028,0.09254,141.24
2024-10-04,trend_momentum,buy,0.00299,0.21608,1494.63
2024-10-04,carry,sell,-0.0009,0.09093,448.35
2024-10-04,volprem,buy,0.00025,0.02929,124.41
2024-10-04,xs_momentum,sell,-0.00617,0.22525,3087.16
2024-10-04,breakout,buy,0.00065,0.16366,323.51
2024-10-04,crisis,buy,0.00195,0.11789,976.29
2024-10-04,gmacro,sell,-0.00087,0.06225,433.8
2024-10-04,bab,buy,0.0021,0.09464,1050.47
2024-10-05,trend_momentum,buy,0.03412,0.2502,17060.13
2024-10-05,carry,buy,0.00347,0.0944,1735.51
2024-10-05,volprem,sell,-0.02929,0.0,14643.0
2024-10-05,xs_momentum,buy,0.0271,0.25235,13548.87
2024-10-05,breakout,buy,0.00782,0.17149,3912.1
2024-10-05,crisis,buy,0.00742,0.12532,3710.79
2024-10-05,gmacro,sell,-0.06225,0.0,31125.06
2024-10-05,bab,buy,0.0116,0.10624,5800.66
2024-10-06,trend_momentum,sell,-0.01382,0.23639,6907.73
2024-10-06,carry,sell,-0.00145,0.09295,727.4
2024-10-06,xs_momentum,sell,-0.02145,0.23089,10727.04
2024-10-06,breakout,sell,-0.00866,0.16283,4327.72
2024-10-06,crisis,sell,-0.00825,0.11706,4125.65
2024-10-06,gmacro,buy,0.06065,0.06065,30324.76
2024-10-06,bab,sell,-0.00702,0.09923,3509.22
2024-10-07,trend_momentum,sell,-0.00723,0.22916,3615.01
2024-10-07,carry,sell,-0.00457,0.08838,2283.42
2024-10-07,volprem,buy,0.0277,0.0277,13847.7
2024-10-07,xs_momentum,sell,-0.01592,0.21497,7962.05
2024-10-07,breakout,sell,-0.00308,0.15975,1541.2
2024-10-07,crisis,buy,0.00377,0.12083,1885.1
2024-10-07,gmacro,sell,-0.00081,0.05984,406.43
2024-10-07,bab,buy,0.00015,0.09938,75.32
2024-10-08,trend_momentum,buy,0.00503,0.23419,2516.47
2024-10-08,carry,sell,-0.00304,0.08534,1518.74
2024-10-08,volprem,sell,-0.00097,0.02673,483.49
2024-10-08,xs_momentum,sell,-0.00711,0.20786,3554.06
2024-10-08,breakout,buy,0.00729,0.16704,3646.27
2024-10-08,crisis,buy,0.00029,0.12112,143.46
2024-10-08,gmacro,sell,-0.00212,0.05771,1061.85
2024-10-08,bab,buy,0.00062,0.1,311.94
2024-10-09,trend_momentum,buy,0.00053,0.23472,264.93
2024-10-09,carry,buy,0.00052,0.08587,261.25
2024-10-09,volprem,buy,0.00028,0.02701,141.68
2024-10-09,xs_momentum,buy,0.00167,0.20953,836.18
2024-10-09,breakout,sell,-0.00067,0.16638,333.76
2024-10-09,crisis,sell,-0.00219,0.11893,1095.84
2024-10-09,gmacro,sell,-0.00033,0.05738,165.27
2024-10-09,bab,buy,0.00018,0.10018,90.84
2024-10-10,trend_momentum,buy,0.00117,0.23589,585.83
2024-10-10,carry,buy,0.00028,0.08614,138.18
2024-10-10,volprem,buy,0.00017,0.02718,85.01
2024-10-10,xs_momentum,sell,-0.00378,0.20576,1888.14
2024-10-10,breakout,sell,-0.00018,0.1662,87.88
2024-10-10,crisis,buy,0.00066,0.11959,328.54
2024-10-10,gmacro,buy,0.00033,0.05771,164.86
2024-10-10,bab,buy,0.00135,0.10153,673.61
2024-10-11,trend_momentum,sell,-0.00019,0.23571,92.96
2024-10-11,carry,sell,-0.00161,0.08453,804.76
2024-10-11,volprem,sell,-0.00013,0.02706,63.35
2024-10-11,xs_momentum,sell,-0.0,0.20575,2.21
2024-10-11,breakout,buy,0.00253,0.16873,1266.23
2024-10-11,crisis,sell,-0.00026,0.11933,130.23
2024-10-11,gmacro,buy,0.00014,0.05785,70.44
2024-10-11,bab,sell,-0.00049,0.10104,243.16
2024-10-12,trend_momentum,buy,0.00872,0.24443,4359.69
2024-10-12,carry,buy,0.00507,0.0896,2534.82
2024-10-12,volprem,sell,-0.02706,0.0,13527.54
2024-10-12,xs_momentum,sell,-0.01641,0.18934,8207.3
2024-10-12,breakout,buy,0.01565,0.18439,7826.67
2024-10-12,crisis,buy,0.00406,0.12339,2031.84
2024-10-12,gmacro,buy,0.00499,0.06284,2495.0
2024-10-12,bab,buy,0.00497,0.10602,2486.82
2024-10-13,trend_momentum,buy,0.00625,0.25068,3127.0
2024-10-13,carry,buy,5e-05,0.08965,23.61
2024-10-13,xs_momentum,sell,-0.00379,0.18555,1892.84
2024-10-13,breakout,buy,0.00108,0.18546,539.42
2024-10-13,crisis,sell,-0.00405,0.11934,2024.52
2024-10-13,gmacro,buy,0.00136,0.0642,679.29
2024-10-13,bab,sell,-0.0009,0.10511,451.96
2024-10-14,trend_momentum,sell,-0.00763,0.24305,3813.33
2024-10-14,carry,sell,-0.00309,0.08656,1547.09
2024-10-14,volprem,buy,0.02781,0.02781,13904.26
2024-10-14,xs_momentum,sell,-0.00553,0.18003,2762.63
2024-10-14,breakout,sell,-0.00336,0.18211,1678.64
2024-10-14,crisis,sell,-0.00382,0.11553,1907.77
2024-10-14,gmacro,sell,-0.00098,0.06322,492.2
2024-10-14,bab,sell,-0.00341,0.10171,1702.59
2024-10-15,trend_momentum,sell,-0.00168,0.24138,837.7
2024-10-15,carry,sell,-0.00087,0.08569,434.48
2024-10-15,volprem,buy,2e-05,0.02783,12.26
2024-10-15,xs_momentum,sell,-0.00078,0.17924,390.45
2024-10-15,breakout,buy,0.00162,0.18373,810.2
2024-10-15,crisis,buy,0.00152,0.11705,759.93
2024-10-15,gmacro,buy,2e-05,0.06323,7.74
2024-10-15,bab,buy,0.00014,0.10185,72.49
2024-10-16,trend_momentum,buy,0.00247,0.24385,1235.79
2024-10-16,carry,buy,0.0009,0.08658,448.58
2024-10-16,volprem,buy,0.0003,0.02813,150.15
2024-10-16,xs_momentum,buy,0.00189,0.18113,943.69
2024-10-16,breakout,sell,-0.00779,0.17593,3897.04
2024-10-16,crisis,sell,-0.00265,0.11439,1325.62
2024-10-16,gmacro,buy,0.00164,0.06488,821.35
2024-10-16,bab,buy,0.00325,0.1051,1623.1
2024-10-17,trend_momentum,sell,-0.00048,0.24337,240.28
2024-10-17,carry,buy,0.00319,0.08977,1592.71
2024-10-17,volprem,sell,-1e-05,0.02812,5.27
2024-10-17,xs_momentum,buy,0.00032,0.18146,161.67
2024-10-17,breakout,buy,0.00031,0.17624,155.64
2024-10-17,crisis,sell,-0.00115,0.11324,576.97
2024-10-17,gmacro,sell,-0.00015,0.06472,75.78
2024-10-17,bab,sell,-0.00202,0.10308,1011.73
2024-10-18,trend_momentum,buy,0.0002,0.24357,99.26
2024-10-18,carry,buy,1e-05,0.08978,3.35
2024-10-18,volprem,buy,2e-05,0.02814,10.91
2024-10-18,xs_momentum,sell,-0.0043,0.17715,2151.0
2024-10-18,breakout,sell,-0.00016,0.17608,79.88
2024-10-18,crisis,sell,-0.00013,0.11311,67.02
2024-10-18,gmacro,buy,0.00411,0.06884,2056.2
2024-10-18,bab,buy,0.00026,0.10333,128.18
2024-10-19,trend_momentum,buy,0.01008,0.25364,5039.14
2024-10-19,carry,buy,0.00161,0.09138,803.17
2024-10-19,volprem,sell,-0.02814,0.0,14072.31
2024-10-19,xs_momentum,sell,-0.00258,0.17457,1292.16
2024-10-19,breakout,buy,0.00588,0.18197,2940.6
2024-10-19,crisis,buy,0.00247,0.11558,1236.99
2024-10-19,gmacro,buy,0.00426,0.07309,2128.14
2024-10-19,bab,buy,0.00643,0.10976,3216.42
2024-10-20,trend_momentum,sell,-0.00093,0.25272,462.51
2024-10-20,carry,sell,-0.00038,0.09101,187.53
2024-10-20,xs_momentum,buy,0.00043,0.175,216.73
2024-10-20,breakout,buy,2e-05,0.18199,10.63
2024-10-20,crisis,sell,-6e-05,0.11552,30.72
2024-10-20,gmacro,sell,-2e-05,0.07307,9.73
2024-10-20,bab,buy,0.00093,0.11069,463.13
2024-10-21,trend_momentum,sell,-0.00294,0.24978,1469.81
2024-10-21,carry,buy,0.00036,0.09137,180.91
2024-10-21,volprem,buy,0.02888,0.02888,14439.48
2024-10-21,xs_momentum,sell,-0.00183,0.17318,912.91
2024-10-21,breakout,sell,-0.00153,0.18045,767.18
2024-10-21,crisis,sell,-0.02145,0.09407,10724.14
2024-10-21,gmacro,sell,-0.00063,0.07244,317.33
2024-10-21,bab,sell,-0.00086,0.10983,429.01
2024-10-22,trend_momentum,sell,-0.00085,0.24893,423.73
2024-10-22,carry,sell,-0.00036,0.09101,179.05
2024-10-22,volprem,buy,2e-05,0.02889,7.92
2024-10-22,xs_momentum,buy,0.00067,0.17384,333.85
2024-10-22,breakout,buy,0.00074,0.1812,372.42
2024-10-22,crisis,buy,4e-05,0.09411,17.89
2024-10-22,gmacro,buy,0.00013,0.07256,62.74
2024-10-22,bab,sell,-0.00038,0.10945,192.02
2024-10-23,trend_momentum,sell,-0.00083,0.2481,415.89
2024-10-23,carry,sell,-0.00393,0.08708,1964.69
2024-10-23,volprem,sell,-0.00038,0.02852,188.97
2024-10-23,xs_momentum,buy,0.00425,0.1781,2126.94
2024-10-23,breakout,buy,0.00338,0.18458,1690.85
2024-10-23,crisis,sell,-0.00151,0.0926,752.95
2024-10-23,gmacro,buy,0.00069,0.07325,345.13
2024-10-23,bab,sell,-0.00168,0.10777,840.42
2024-10-24,trend_momentum,sell,-0.00457,0.24353,2287.2
2024-10-24,carry,sell,-0.00054,0.08655,268.14
2024-10-24,volprem,buy,0.0004,0.02891,198.96
2024-10-24,xs_momentum,buy,0.00231,0.18041,1154.58
2024-10-24,breakout,sell,-0.00154,0.18304,770.27
2024-10-24,crisis,sell,-0.00105,0.09155,522.86
2024-10-24,gmacro,buy,0.00101,0.07427,506.31
2024-10-24,bab,buy,0.00398,0.11175,1988.63
2024-10-25,trend_momentum,sell,-0.00148,0.24204,741.83
2024-10-25,carry,buy,6e-05,0.08661,29.74
2024-10-25,volprem,buy,7e-05,0.02898,35.05
2024-10-25,xs_momentum,sell,-0.00025,0.18016,126.07
2024-10-25,breakout,buy,0.00049,0.18353,245.16
2024-10-25,crisis,sell,-0.00012,0.09144,57.75
2024-10-25,gmacro,buy,0.00148,0.07575,739.29
2024-10-25,bab,sell,-0.00025,0.1115,123.6
2024-10-26,trend_momentum,buy,0.00667,0.24871,3332.65
2024-10-26,carry,buy,0.00275,0.08936,1376.95
2024-10-26,volprem,sell,-0.02898,0.0,14492.44
2024-10-26,xs_momentum,buy,0.00326,0.18342,1631.84
2024-10-26,breakout,buy,0.00456,0.18809,2279.95
2024-10-26,crisis,buy,0.00304,0.09448,1520.02
2024-10-26,gmacro,buy,0.0049,0.08065,2451.03
2024-10-26,bab,buy,0.0038,0.1153,1900.0
2024-10-27,trend_momentum,buy,0.00317,0.25187,1583.02
2024-10-27,carry,sell,-0.00078,0.08858,391.98
2024-10-27,xs_momentum,buy,0.0011,0.18451,547.79
2024-10-27,breakout,buy,0.00053,0.18862,264.58
2024-10-27,crisis,sell,-0.00012,0.09436,59.64
2024-10-27,gmacro,sell,-6e-05,0.08059,28.25
2024-10-27,bab,sell,-0.00383,0.11147,1915.52
2024-10-28,trend_momentum,sell,-0.0074,0.24447,3700.61
2024-10-28,carry,sell,-0.00294,0.08563,1471.39
2024-10-28,volprem,buy,0.02922,0.02922,14608.79
2024-10-28,xs_momentum,sell,-0.00514,0.17937,2572.47
2024-10-28,breakout,sell,-0.00584,0.18278,2920.8
2024-10-28,crisis,sell,-0.0039,0.09046,1948.87
2024-10-28,gmacro,sell,-0.00153,0.07906,766.51
2024-10-28,bab,sell,-0.00246,0.10901,1228.13
2024-10-29,trend_momentum,sell,-0.00302,0.24146,1508.65
2024-10-29,carry,buy,2e-05,0.08565,7.77
2024-10-29,volprem,buy,0.00643,0.03565,3216.2
2024-10-29,xs_momentum,sell,-0.00087,0.1785,433.48
2024-10-29,breakout,sell,-0.00083,0.18194,416.69
2024-10-29,crisis,sell,-0.00058,0.08988,291.03
2024-10-29,gmacro,buy,0.0002,0.07925,98.1
2024-10-29,bab,sell,-0.00134,0.10767,672.22
2024-10-30,trend_momentum,sell,-0.0491,0.19236,24548.48
2024-10-30,carry,sell,-0.01643,0.06922,8213.3
2024-10-30,volprem,buy,0.18988,0.22553,94937.65
2024-10-30,xs_momentum,sell,-0.03471,0.1438,17353.5
2024-10-30,breakout,sell,-0.03665,0.14529,18325.55
2024-10-30,crisis,sell,-0.01803,0.07185,9014.46
2024-10-30,gmacro,sell,-0.01406,0.06519,7030.88
2024-10-30,bab,sell,-0.0209,0.08676,10451.49
2024-10-31,trend_momentum,sell,-0.00017,0.19219,83.64
2024-10-31,carry,sell,-0.00071,0.06851,356.77
2024-10-31,volprem,buy,0.00035,0.22587,174.03
2024-10-31,xs_momentum,sell,-0.00125,0.14254,625.95
2024-10-31,breakout,buy,0.00062,0.14591,310.79
2024-10-31,crisis,sell,-0.00028,0.07157,138.07
2024-10-31,gmacro,buy,0.00164,0.06683,819.16
2024-10-31,bab,sell,-0.0002,0.08656,99.54
2024-11-01,trend_momentum,sell,-0.00872,0.18348,4357.8
2024-11-01,carry,buy,0.00227,0.07078,1137.28
2024-11-01,volprem,sell,-0.00886,0.21701,4431.2
2024-11-01,xs_momentum,buy,0.00639,0.14893,3194.33
2024-11-01,breakout,buy,0.00698,0.1529,3491.86
2024-11-01,crisis,sell,-0.00364,0.06793,1822.39
2024-11-01,gmacro,buy,0.00181,0.06864,904.26
2024-11-01,bab,buy,0.00377,0.09033,1883.67
2024-11-02,trend_momentum,buy,0.05131,0.23478,25653.0
2024-11-02,carry,buy,0.01964,0.09042,9819.22
2024-11-02,volprem,sell,-0.21701,0.0,108505.47
2024-11-02,xs_momentum,buy,0.03987,0.1888,19934.02
2024-11-02,breakout,buy,0.04442,0.19732,22209.98
2024-11-02,crisis,buy,0.01674,0.08467,8369.25
2024-11-02,gmacro,buy,0.01877,0.08741,9384.02
2024-11-02,bab,buy,0.02627,0.1166,13135.97
2024-11-03,trend_momentum,buy,0.00405,0.23884,2027.02
2024-11-03,carry,sell,-0.00211,0.08831,1055.69
2024-11-03,xs_momentum,sell,-0.00248,0.18632,1242.49
2024-11-03,breakout,sell,-0.00151,0.19581,752.92
2024-11-03,crisis,sell,-0.0014,0.08327,698.66
2024-11-03,gmacro,sell,-0.00118,0.08622,592.32
2024-11-03,bab,buy,0.00463,0.12123,2315.05
2024-11-04,trend_momentum,sell,-0.05141,0.18743,25704.38
2024-11-04,carry,sell,-0.01859,0.06972,9296.57
2024-11-04,volprem,buy,0.21173,0.21173,105864.31
2024-11-04,xs_momentum,sell,-0.03909,0.14723,19545.02
2024-11-04,breakout,sell,-0.04281,0.153,21405.05
2024-11-04,crisis,sell,-0.01741,0.06586,8705.49
2024-11-04,gmacro,sell,-0.01736,0.06886,8681.77
2024-11-04,bab,sell,-0.02505,0.09618,12526.03
2024-11-05,trend_momentum,buy,0.00447,0.1919,2237.34
2024-11-05,carry,buy,0.00311,0.07283,1556.14
2024-11-05,volprem,sell,-0.02166,0.19007,10831.69
2024-11-05,xs_momentum,buy,0.00299,0.15021,1493.99
2024-11-05,breakout,buy,0.00608,0.15908,3040.7
2024-11-05,crisis,buy,0.00095,0.06681,474.87
2024-11-05,gmacro,buy,0.00136,0.07022,681.46
2024-11-05,bab,buy,0.00269,0.09888,1347.2
2024-11-06,trend_momentum,buy,0.01539,0.20729,7694.72
2024-11-06,carry,buy,0.00486,0.07769,2430.45
2024-11-06,volprem,sell,-0.05858,0.13148,29291.47
2024-11-06,xs_momentum,buy,0.00983,0.16004,4913.17
2024-11-06,breakout,buy,0.01051,0.16959,5253.84
2024-11-06,crisis,buy,0.00488,0.07169,2438.34
2024-11-06,gmacro,buy,0.00477,0.075,2387.35
2024-11-06,bab,buy,0.00835,0.10722,4173.6
2024-11-07,trend_momentum,buy,0.00089,0.20818,444.44
2024-11-07,carry,buy,0.00727,0.08496,3637.31
2024-11-07,volprem,sell,-0.09158,0.0399,45789.45
2024-11-07,xs_momentum,buy,0.02361,0.18365,11802.94
2024-11-07,breakout,buy,0.02564,0.19523,12818.89
2024-11-07,crisis,buy,0.00829,0.07998,4146.25
2024-11-07,gmacro,buy,0.00954,0.08453,4768.24
2024-11-07,bab,buy,0.01634,0.12357,8171.38
2024-11-08,trend_momentum,buy,0.00016,0.20834,80.22
2024-11-08,carry,sell,-0.00087,0.08409,435.23
2024-11-08,volprem,buy,0.00015,0.04006,76.06
2024-11-08,xs_momentum,buy,0.00078,0.18442,389.49
2024-11-08,breakout,buy,0.00307,0.1983,1535.28
2024-11-08,crisis,sell,-0.00014,0.07984,70.88
2024-11-08,gmacro,buy,0.00059,0.08512,293.48
2024-11-08,bab,sell,-0.00374,0.11983,1868.42
2024-11-09,trend_momentum,buy,0.0081,0.21644,4050.97
2024-11-09,carry,buy,0.00577,0.08986,2884.72
2024-11-09,volprem,sell,-0.04006,0.0,20027.75
2024-11-09,xs_momentum,sell,-0.00104,0.18339,519.09
2024-11-09,breakout,buy,0.00889,0.20719,4443.41
2024-11-09,crisis,buy,0.0034,0.08324,1700.27
2024-11-09,gmacro,buy,0.0041,0.08922,2052.39
2024-11-09,bab,buy,0.01083,0.13066,5415.07
2024-11-10,trend_momentum,sell,-0.00095,0.21549,477.13
2024-11-10,carry,sell,-0.00663,0.08323,3314.51
2024-11-10,xs_momentum,buy,0.00023,0.18362,116.94
2024-11-10,breakout,buy,0.00018,0.20737,91.82
2024-11-10,crisis,sell,-0.00078,0.08245,392.09
2024-11-10,gmacro,buy,0.00038,0.0896,188.36
2024-11-10,bab,buy,0.00757,0.13823,3786.61
2024-11-11,trend_momentum,sell,-0.00374,0.21175,1867.93
2024-11-11,carry,sell,-0.00729,0.07594,3646.59
2024-11-11,volprem,buy,0.04148,0.04148,20739.38
2024-11-11,xs_momentum,buy,0.00115,0.18477,576.73
2024-11-11,breakout,sell,-0.0134,0.19397,6698.72
2024-11-11,crisis,sell,-0.01434,0.06811,7170.23
2024-11-11,gmacro,buy,0.00037,0.08998,187.35
2024-11-11,bab,sell,-0.00424,0.13399,2119.99
2024-11-12,trend_momentum,buy,0.00262,0.21438,1311.63
2024-11-12,carry,buy,0.00336,0.0793,1679.77
2024-11-12,volprem,buy,0.00183,0.04331,913.47
2024-11-12,xs_momentum,buy,0.00637,0.19114,3182.87
2024-11-12,breakout,sell,-0.00902,0.18495,4510.28
2024-11-12,crisis,buy,0.00318,0.0713,1592.33
2024-11-12,gmacro,buy,0.00333,0.0933,1664.33
2024-11-12,bab,sell,-0.01167,0.12232,5834.12
2024-11-13,trend_momentum,buy,0.00398,0.21836,1991.22
2024-11-13,carry,buy,0.00156,0.08086,780.88
2024-11-13,volprem,buy,0.00087,0.04417,432.88
2024-11-13,xs_momentum,sell,-0.00447,0.18667,2236.11
2024-11-13,breakout,sell,-0.00072,0.18423,358.75
2024-11-13,crisis,buy,0.00144,0.07274,719.76
2024-11-13,gmacro,sell,-0.00016,0.09315,79.77
2024-11-13,bab,sell,-0.0025,0.11982,1250.1
2024-11-14,trend_momentum,buy,0.00167,0.22003,836.94
2024-11-14,carry,sell,-0.00198,0.07888,991.15
2024-11-14,volprem,buy,0.00033,0.0445,164.47
2024-11-14,xs_momentum,buy,0.00076,0.18743,381.43
2024-11-14,breakout,sell,-0.00459,0.17964,2295.44
2024-11-14,crisis,buy,0.00055,0.07329,275.52
2024-11-14,gmacro,buy,0.00321,0.09635,1602.72
2024-11-14,bab,buy,5e-05,0.11988,25.52
2024-11-15,trend_momentum,buy,0.00174,0.22177,868.87
2024-11-15,carry,buy,0.00145,0.08033,724.19
2024-11-15,volprem,buy,0.00029,0.04479,144.23
2024-11-15,xs_momentum,buy,0.0007,0.18813,348.92
2024-11-15,breakout,buy,0.00085,0.18049,424.79
2024-11-15,crisis,buy,0.00049,0.07378,244.02
2024-11-15,gmacro,buy,0.00172,0.09807,861.52
2024-11-15,bab,sell,-0.00723,0.11264,3616.54
2024-11-16,trend_momentum,buy,0.0146,0.23637,7302.39
2024-11-16,carry,buy,0.00572,0.08605,2859.07
2024-11-16,volprem,sell,-0.04479,0.0,22394.44
2024-11-16,xs_momentum,buy,0.00201,0.19014,1007.17
2024-11-16,breakout,buy,0.00122,0.18171,610.77
2024-11-16,crisis,buy,0.00479,0.07856,2392.94
2024-11-16,gmacro,buy,0.01252,0.11059,6259.79
2024-11-16,bab,buy,0.00392,0.11657,1962.31
2024-11-17,trend_momentum,buy,0.00349,0.23987,1746.26
2024-11-17,carry,sell,-0.00137,0.08467,687.31
2024-11-17,xs_momentum,buy,0.00265,0.19279,1324.47
2024-11-17,breakout,buy,0.00215,0.18386,1073.61
2024-11-17,crisis,buy,0.00189,0.08045,944.67
2024-11-17,gmacro,buy,0.00313,0.11373,1567.39
2024-11-17,bab,sell,-0.01194,0.10463,5969.1
2024-11-18,trend_momentum,sell,-0.01009,0.22978,5045.78
2024-11-18,carry,sell,-0.00338,0.08129,1691.81
2024-11-18,volprem,buy,0.04677,0.04677,23386.11
2024-11-18,xs_momentum,sell,-0.01408,0.17871,7040.26
2024-11-18,breakout,sell,-0.00614,0.17772,3070.03
2024-11-18,crisis,sell,-0.00314,0.07731,1570.16
2024-11-18,gmacro,sell,-0.00455,0.10917,2276.87
2024-11-18,bab,sell,-0.00538,0.09925,2691.2
2024-11-19,trend_momentum,buy,0.00225,0.23203,1126.7
2024-11-19,carry,sell,-0.0013,0.07999,650.23
2024-11-19,volprem,sell,-0.00011,0.04666,56.7
2024-11-19,xs_momentum,sell,-0.00025,0.17846,126.76
2024-11-19,breakout,buy,0.00182,0.17954,910.61
2024-11-19,crisis,sell,-0.00037,0.07694,184.4
2024-11-19,gmacro,sell,-0.00113,0.10804,567.18
2024-11-19,bab,sell,-0.0009,0.09834,452.04
2024-11-20,trend_momentum,buy,0.00536,0.23738,2678.05
2024-11-20,carry,buy,0.00233,0.08232,1166.79
2024-11-20,volprem,buy,0.00106,0.04772,528.29
2024-11-20,xs_momentum,sell,-0.01898,0.15948,9489.7
2024-11-20,breakout,buy,0.00401,0.18355,2002.54
2024-11-20,crisis,buy,0.00166,0.0786,828.92
2024-11-20,gmacro,buy,0.0018,0.10984,900.95
2024-11-20,bab,buy,0.00277,0.10111,1384.16
2024-11-21,trend_momentum,buy,0.00024,0.23763,120.74
2024-11-21,carry,sell,-0.00016,0.08216,81.12
2024-11-21,volprem,buy,9e-05,0.04781,46.58
2024-11-21,xs_momentum,buy,0.00031,0.15979,156.96
2024-11-21,breakout,sell,-0.0004,0.18315,199.51
2024-11-21,crisis,buy,0.00058,0.07918,290.96
2024-11-21,gmacro,sell,-7e-05,0.10977,34.74
2024-11-21,bab,sell,-0.0006,0.10051,299.86
2024-11-22,trend_momentum,sell,-0.00168,0.23595,840.25
2024-11-22,carry,buy,0.00171,0.08387,857.36
2024-11-22,volprem,buy,0.00022,0.04802,108.06
2024-11-22,xs_momentum,buy,0.00054,0.16033,269.06
2024-11-22,breakout,buy,0.00066,0.18381,330.63
2024-11-22,crisis,buy,0.00048,0.07966,239.78
2024-11-22,gmacro,sell,-0.00043,0.10934,217.48
2024-11-22,bab,sell,-0.00149,0.09902,747.17
2024-11-23,trend_momentum,buy,0.0092,0.24515,4600.74
2024-11-23,carry,buy,0.00507,0.08895,2535.7
2024-11-23,volprem,sell,-0.04802,0.0,24012.34
2024-11-23,xs_momentum,buy,0.01063,0.17096,5313.45
2024-11-23,breakout,buy,0.00675,0.19056,3373.99
2024-11-23,crisis,buy,0.00516,0.08482,2580.91
2024-11-23,gmacro,buy,0.00777,0.11711,3886.98
2024-11-23,bab,buy,0.00344,0.10246,1720.55
2024-11-24,trend_momentum,buy,0.00114,0.24629,571.65
2024-11-24,carry,buy,0.00078,0.08973,391.21
2024-11-24,xs_momentum,sell,-0.00292,0.16804,1458.17
2024-11-24,breakout,sell,-0.0016,0.18896,798.33
2024-11-24,crisis,buy,0.00062,0.08544,309.01
2024-11-24,gmacro,buy,0.00024,0.11735,117.85
2024-11-24,bab,buy,0.00173,0.10419,866.78
2024-11-25,trend_momentum,sell,-0.0118,0.23449,5898.0
2024-11-25,carry,sell,-0.00512,0.08461,2559.49
2024-11-25,volprem,buy,0.04847,0.04847,24235.79
2024-11-25,xs_momentum,sell,-0.00929,0.15875,4643.13
2024-11-25,breakout,sell,-0.00621,0.18275,3104.11
2024-11-25,crisis,sell,-0.00433,0.08112,2163.32
2024-11-25,gmacro,sell,-0.00632,0.11102,3162.33
2024-11-25,bab,sell,-0.00541,0.09878,2705.41
2024-11-26,trend_momentum,buy,0.00047,0.23497,236.7
2024-11-26,carry,buy,0.00103,0.08563,512.79
2024-11-26,volprem,buy,0.00014,0.04861,70.9
2024-11-26,xs_momentum,sell,-0.01094,0.14782,5468.44
2024-11-26,breakout,sell,-0.00096,0.18179,479.25
2024-11-26,crisis,buy,4e-05,0.08116,20.28
2024-11-26,gmacro,buy,0.0095,0.12052,4750.81
2024-11-26,bab,buy,0.00071,0.09949,356.21
2024-11-27,trend_momentum,buy,0.00264,0.23761,1321.28
2024-11-27,carry,buy,0.00107,0.08671,537.43
2024-11-27,volprem,buy,0.00048,0.0491,242.2
2024-11-27,xs_momentum,sell,-0.00988,0.13794,4940.85
2024-11-27,breakout,buy,0.00463,0.18643,2317.03
2024-11-27,crisis,buy,0.00082,0.08198,410.92
2024-11-27,gmacro,sell,-0.00089,0.11963,445.03
2024-11-27,bab,buy,0.00111,0.10061,557.02
2024-11-28,trend_momentum,buy,0.00885,0.24646,4423.83
2024-11-28,carry,buy,0.00385,0.09056,1923.74
2024-11-28,volprem,sell,-0.0491,0.0,24548.89
2024-11-28,xs_momentum,buy,0.00496,0.1429,2481.12
2024-11-28,breakout,buy,0.00845,0.19488,4225.76
2024-11-28,crisis,buy,0.00394,0.08592,1969.08
2024-11-28,gmacro,buy,0.01488,0.13451,7439.12
2024-11-28,bab,buy,0.00417,0.10478,2086.25
2024-11-29,trend_momentum,sell,-0.01154,0.23492,5768.66
2024-11-29,carry,sell,-0.00425,0.08631,2124.84
2024-11-29,volprem,buy,0.04906,0.04906,24529.23
2024-11-29,xs_momentum,sell,-0.00808,0.13481,4042.22
2024-11-29,breakout,sell,-0.01054,0.18434,5270.73
2024-11-29,crisis,sell,-0.00415,0.08177,2072.65
2024-11-29,gmacro,sell,-0.00561,0.1289,2806.39
2024-11-29,bab,sell,-0.00489,0.09989,2443.73
2024-11-30,trend_momentum,buy,0.01261,0.24753,6304.4
2024-11-30,carry,buy,0.0038,0.0901,1898.38
2024-11-30,volprem,sell,-0.04906,0.0,24529.23
2024-11-30,xs_momentum,buy,0.00572,0.14053,2858.92
2024-11-30,breakout,buy,0.00987,0.19421,4935.86
2024-11-30,crisis,buy,0.00516,0.08693,2579.39
2024-11-30,gmacro,buy,0.00589,0.13479,2943.62
2024-11-30,bab,buy,0.00602,0.10591,3008.66
2024-12-01,trend_momentum,buy,0.00922,0.25674,4607.56
2024-12-01,carry,sell,-0.00039,0.08972,193.79
2024-12-01,xs_momentum,sell,-0.00213,0.1384,1065.64
2024-12-01,breakout,sell,-0.00403,0.19018,2013.11
2024-12-01,crisis,sell,-0.00082,0.08611,407.51
2024-12-01,gmacro,sell,-0.00034,0.13445,169.12
2024-12-01,bab,sell,-0.00152,0.10439,758.39
2024-12-02,trend_momentum,sell,-0.01055,0.24619,5276.98
2024-12-02,carry,sell,-0.00461,0.08511,2303.21
2024-12-02,volprem,buy,0.04799,0.04799,23996.62
2024-12-02,xs_momentum,sell,-0.00675,0.13165,3376.8
2024-12-02,breakout,sell,-0.00942,0.18077,4707.61
2024-12-02,crisis,sell,-0.00432,0.08179,2159.98
2024-12-02,gmacro,sell,-0.00551,0.12894,2754.24
2024-12-02,bab,sell,-0.00684,0.09756,3417.8
2024-12-03,trend_momentum,buy,0.00213,0.24832,1062.78
2024-12-03,carry,buy,0.00275,0.08786,1375.94
2024-12-03,volprem,buy,0.0014,0.0494,701.3
2024-12-03,xs_momentum,buy,0.00266,0.13431,1332.27
2024-12-03,breakout,sell,-0.00858,0.17219,4289.52
2024-12-03,crisis,buy,0.00274,0.08453,1367.56
2024-12-03,gmacro,sell,-0.00406,0.12488,2029.19
2024-12-03,bab,buy,0.00096,0.09851,478.85
2024-12-04,trend_momentum,buy,0.00488,0.2532,2441.07
2024-12-04,carry,buy,0.00034,0.0882,171.39
2024-12-04,volprem,buy,0.00043,0.04983,215.07
2024-12-04,xs_momentum,sell,-0.00472,0.12959,2360.69
2024-12-04,breakout,buy,0.00019,0.17238,93.76
2024-12-04,crisis,buy,0.00114,0.08567,570.49
2024-12-04,gmacro,sell,-0.00382,0.12107,1907.71
2024-12-04,bab,buy,0.00155,0.10007,776.63
2024-12-05,trend_momentum,buy,0.00031,0.25351,153.25
2024-12-05,carry,sell,-0.00016,0.08805,78.81
2024-12-05,volprem,buy,0.00017,0.04999,84.4
2024-12-05,xs_momentum,sell,-0.00348,0.12611,1738.44
2024-12-05,breakout,buy,0.00104,0.17342,520.74
2024-12-05,crisis,buy,0.00055,0.08622,274.26
2024-12-05,gmacro,buy,0.00078,0.12184,388.87
2024-12-05,bab,buy,0.00079,0.10086,395.72
2024-12-06,trend_momentum,sell,-0.00046,0.25304,230.33
2024-12-06,carry,buy,0.00104,0.08909,520.57
2024-12-06,volprem,buy,0.0003,0.0503,151.04
2024-12-06,xs_momentum,buy,0.00147,0.12758,735.21
2024-12-06,breakout,buy,0.0016,0.17502,799.19
2024-12-06,crisis,buy,0.00047,0.08668,233.07
2024-12-06,gmacro,sell,-0.00285,0.119,1423.51
2024-12-06,bab,sell,-0.00157,0.09929,785.25
2024-12-07,trend_momentum,buy,0.01685,0.26989,8423.34
2024-12-07,carry,buy,0.0045,0.09359,2249.95
2024-12-07,volprem,sell,-0.0503,0.0,25148.44
2024-12-07,xs_momentum,buy,0.00696,0.13455,3482.29
2024-12-07,breakout,buy,0.00984,0.18485,4918.59
2024-12-07,crisis,buy,0.00517,0.09186,2586.2
2024-12-07,gmacro,buy,0.00017,0.11916,83.61
2024-12-07,bab,buy,0.00681,0.1061,3404.46
2024-12-08,trend_momentum,buy,0.001,0.27089,498.51
2024-12-08,carry,sell,-0.00619,0.08739,3097.16
2024-12-08,xs_momentum,buy,0.00057,0.13512,285.08
2024-12-08,breakout,sell,-0.00347,0.18138,1736.97
2024-12-08,crisis,buy,0.00134,0.0932,669.34
2024-12-08,gmacro,buy,0.0063,0.12546,3149.98
2024-12-08,bab,buy,0.00046,0.10656,231.22
2024-12-09,trend_momentum,sell,-0.01342,0.25747,6709.93
2024-12-09,carry,sell,-0.00453,0.08287,2263.39
2024-12-09,volprem,buy,0.05053,0.05053,25263.01
2024-12-09,xs_momentum,sell,-0.00623,0.12889,3113.82
2024-12-09,breakout,sell,-0.00941,0.17197,4703.93
2024-12-09,crisis,sell,-0.00481,0.08838,2405.8
2024-12-09,gmacro,sell,-0.00649,0.11897,3245.41
2024-12-09,bab,sell,-0.00564,0.10092,2820.73
2024-12-10,trend_momentum,sell,-0.0194,0.23806,9701.96
2024-12-10,carry,buy,0.00412,0.08699,2061.27
2024-12-10,volprem,buy,0.00197,0.05249,982.83
2024-12-10,xs_momentum,sell,-0.00213,0.12676,1066.29
2024-12-10,breakout,buy,0.00343,0.1754,1714.74
2024-12-10,crisis,buy,0.00304,0.09142,1518.14
2024-12-10,gmacro,buy,0.0057,0.12467,2849.16
2024-12-10,bab,buy,0.00328,0.1042,1642.11
2024-12-11,trend_momentum,sell,-0.00056,0.2375,281.37
2024-12-11,carry,sell,-0.00048,0.08651,238.37
2024-12-11,volprem,sell,-0.00026,0.05223,129.47
2024-12-11,xs_momentum,buy,0.002,0.12876,1000.72
2024-12-11,breakout,sell,-0.00064,0.17476,319.23
2024-12-11,crisis,sell,-0.00028,0.09114,138.95
2024-12-11,gmacro,buy,0.00022,0.12489,111.45
2024-12-11,bab,sell,-1e-05,0.10419,4.77
2024-12-12,trend_momentum,sell,-0.00407,0.23343,2033.7
2024-12-12,carry,buy,0.00162,0.08813,809.12
2024-12-12,volprem,buy,0.00079,0.05303,396.81
2024-12-12,xs_momentum,buy,0.00185,0.13061,925.2
2024-12-12,breakout,buy,0.00223,0.17699,1115.02
2024-12-12,crisis,buy,0.00208,0.09322,1038.06
2024-12-12,gmacro,sell,-0.00618,0.11872,3089.53
2024-12-12,bab,buy,0.00168,0.10587,839.03
2024-12-13,trend_momentum,buy,7e-05,0.23351,37.07
2024-12-13,carry,sell,-0.00019,0.08794,93.78
2024-12-13,volprem,sell,-6e-05,0.05297,29.61
2024-12-13,xs_momentum,sell,-0.00047,0.13014,237.03
2024-12-13,breakout,buy,0.0007,0.17769,349.63
2024-12-13,crisis,sell,-0.00021,0.09301,106.39
2024-12-13,gmacro,sell,-0.00026,0.11846,130.01
2024-12-13,bab,buy,0.00042,0.10629,210.12
2024-12-14,trend_momentum,buy,0.01389,0.2474,6945.25
2024-12-14,carry,buy,0.00582,0.09377,2912.19
2024-12-14,volprem,sell,-0.05297,0.0,26483.56
2024-12-14,xs_momentum,buy,0.00723,0.13737,3616.17
2024-12-14,breakout,buy,0.00986,0.18756,4932.31
2024-12-14,crisis,buy,0.00516,0.09817,2582.33
2024-12-14,gmacro,buy,0.00494,0.1234,2471.89
2024-12-14,bab,buy,0.00605,0.11234,3023.42
2024-12-15,trend_momentum,sell,-0.0037,0.2437,1847.68
2024-12-15,carry,sell,-0.00084,0.09292,421.65
2024-12-15,xs_momentum,sell,-0.00125,0.13612,623.19
2024-12-15,breakout,buy,0.00736,0.19492,3682.04
2024-12-15,crisis,buy,0.00062,0.09879,310.49
2024-12-15,gmacro,sell,-0.00118,0.12222,589.07
2024-12-15,bab,sell,-0.00102,0.11132,510.94
2024-12-16,trend_momentum,sell,-0.01295,0.23075,6477.28
2024-12-16,carry,sell,-0.00494,0.08799,2467.79
2024-12-16,volprem,buy,0.05248,0.05248,26241.39
2024-12-16,xs_momentum,sell,-0.00719,0.12893,3596.92
2024-12-16,breakout,sell,-0.01026,0.18466,5128.9
2024-12-16,crisis,sell,-0.00513,0.09367,2562.72
2024-12-16,gmacro,sell,-0.0063,0.11592,3151.3
2024-12-16,bab,sell,-0.00571,0.1056,2856.49
2024-12-17,trend_momentum,buy,0.00011,0.23086,54.96
2024-12-17,carry,sell,-0.00015,0.08784,76.72
2024-12-17,volprem,sell,-7e-05,0.05241,34.13
2024-12-17,xs_momentum,buy,0.00081,0.12973,402.83
2024-12-17,breakout,sell,-0.00017,0.1845,84.2
2024-12-17,crisis,sell,-0.00011,0.09356,54.95
2024-12-17,gmacro,sell,-0.00057,0.11535,285.5
2024-12-17,bab,buy,0.00016,0.10576,77.7
2024-12-18,trend_momentum,sell,-0.0011,0.22976,549.12
2024-12-18,carry,buy,0.00085,0.08869,425.09
2024-12-18,volprem,sell,-0.00019,0.05223,92.81
2024-12-18,xs_momentum,buy,0.0011,0.13084,551.37
2024-12-18,breakout,buy,0.00068,0.18518,340.59
2024-12-18,crisis,buy,4e-05,0.0936,21.65
2024-12-18,gmacro,sell,-0.00125,0.11409,627.35
2024-12-18,bab,sell,-0.00014,0.10562,69.42
2024-12-19,trend_momentum,sell,-0.0138,0.21596,6901.87
2024-12-19,carry,buy,0.00552,0.0942,2757.81
2024-12-19,volprem,buy,0.00321,0.05544,1605.87
2024-12-19,xs_momentum,buy,0.00655,0.13739,3274.62
2024-12-19,breakout,buy,0.00887,0.19405,4435.04
2024-12-19,crisis,buy,0.00555,0.09915,2776.29
2024-12-19,gmacro,sell,-0.02132,0.09277,10661.5
2024-12-19,bab,buy,0.00543,0.11105,2713.76
2024-12-20,trend_momentum,sell,-0.00487,0.21108,2437.35
2024-12-20,carry,sell,-0.00044,0.09376,221.37
2024-12-20,volprem,sell,-0.00021,0.05523,106.34
2024-12-20,xs_momentum,sell,-0.00044,0.13695,218.09
2024-12-20,breakout,sell,-0.0005,0.19355,248.98
2024-12-20,crisis,buy,0.00795,0.1071,3973.34
2024-12-20,gmacro,sell,-0.00073,0.09204,365.6
2024-12-20,bab,sell,-0.00075,0.1103,375.59
2024-12-21,trend_momentum,buy,0.0136,0.22468,6800.25
2024-12-21,carry,buy,0.00556,0.09931,2777.68
2024-12-21,volprem,sell,-0.05523,0.0,27613.98
2024-12-21,xs_momentum,buy,0.00637,0.14332,3183.37
2024-12-21,breakout,buy,0.01132,0.20487,5658.24
2024-12-21,crisis,buy,0.00737,0.11447,3684.78
2024-12-21,gmacro,buy,0.00469,0.09673,2346.5
2024-12-21,bab,buy,0.00633,0.11662,3163.16
2024-12-22,trend_momentum,sell,-0.00173,0.22296,863.85
2024-12-22,carry,buy,0.00165,0.10096,825.3
2024-12-22,xs_momentum,sell,-0.00029,0.14303,143.33
2024-12-22,breakout,buy,0.00064,0.20551,321.45
2024-12-22,crisis,sell,-0.00034,0.11413,171.29
2024-12-22,gmacro,buy,0.00025,0.09699,126.82
2024-12-22,bab,sell,-0.00019,0.11643,95.09
2024-12-23,trend_momentum,sell,-0.01055,0.2124,5275.5
2024-12-23,carry,sell,-0.00618,0.09478,3090.25
2024-12-23,volprem,buy,0.0552,0.0552,27599.99
2024-12-23,xs_momentum,sell,-0.00819,0.13484,4096.36
2024-12-23,breakout,sell,-0.01214,0.19337,6068.62
2024-12-23,crisis,sell,-0.00478,0.10935,2389.79
2024-12-23,gmacro,sell,-0.00558,0.09141,2789.37
2024-12-23,bab,sell,-0.00778,0.10865,3890.08
2024-12-24,trend_momentum,sell,-0.00081,0.21159,406.35
2024-12-24,carry,buy,0.0002,0.09499,101.19
2024-12-24,volprem,buy,7e-05,0.05527,36.17
2024-12-24,xs_momentum,buy,0.00041,0.13525,206.31
2024-12-24,breakout,buy,0.00045,0.19382,226.11
2024-12-24,crisis,buy,0.0002,0.10955,100.85
2024-12-24,gmacro,sell,-0.00067,0.09074,333.65
2024-12-24,bab,buy,0.00014,0.10879,69.38
2024-12-25,trend_momentum,buy,0.01309,0.22468,6544.19
2024-12-25,carry,buy,0.0056,0.10058,2798.28
2024-12-25,volprem,sell,-0.05527,0.0,27636.16
2024-12-25,xs_momentum,buy,0.00749,0.14274,3743.69
2024-12-25,breakout,buy,0.01089,0.20471,5443.26
2024-12-25,crisis,buy,0.00652,0.11606,3257.96
2024-12-25,gmacro,buy,0.00482,0.09555,2407.85
2024-12-25,bab,buy,0.00688,0.11567,3440.92
2024-12-26,trend_momentum,sell,-0.01304,0.21164,6519.12
2024-12-26,carry,sell,-0.00503,0.09555,2514.24
2024-12-26,volprem,buy,0.05482,0.05482,27410.87
2024-12-26,xs_momentum,sell,-0.00815,0.13459,4073.63
2024-12-26,breakout,sell,-0.01028,0.19443,5140.45
2024-12-26,crisis,sell,-0.00676,0.10931,3378.15
2024-12-26,gmacro,sell,-0.00565,0.0899,2827.3
2024-12-26,bab,sell,-0.00592,0.10976,2957.99
2024-12-27,trend_momentum,sell,-0.00147,0.21017,734.8
2024-12-27,carry,buy,0.00111,0.09666,554.05
2024-12-27,volprem,buy,3e-05,0.05485,13.52
2024-12-27,xs_momentum,buy,0.00022,0.13481,111.04
2024-12-27,breakout,sell,-0.00041,0.19402,206.58
2024-12-27,crisis,buy,0.00089,0.1102,444.56
2024-12-27,gmacro,buy,0.0,0.0899,2.03
2024-12-27,bab,sell,-0.00037,0.10939,183.82
2024-12-28,trend_momentum,buy,0.01211,0.22228,6056.53
2024-12-28,carry,buy,0.0056,0.10226,2798.82
2024-12-28,volprem,sell,-0.05485,0.0,27424.4
2024-12-28,xs_momentum,buy,0.00687,0.14168,3435.31
2024-12-28,breakout,buy,0.01061,0.20463,5307.23
2024-12-28,crisis,buy,0.00757,0.11777,3785.29
2024-12-28,gmacro,buy,0.00557,0.09547,2784.54
2024-12-28,bab,buy,0.00651,0.1159,3256.67
2024-12-29,trend_momentum,buy,0.00017,0.22246,85.61
2024-12-29,carry,sell,-0.00027,0.10199,135.47
2024-12-29,xs_momentum,sell,-0.00034,0.14134,169.07
2024-12-29,breakout,sell,-0.0003,0.20433,151.12
2024-12-29,crisis,buy,0.00046,0.11823,231.03
2024-12-29,gmacro,sell,-0.00029,0.09519,143.83
2024-12-29,bab,buy,0.00057,0.11647,282.86
2024-12-30,trend_momentum,sell,-0.0132,0.20926,6598.9
2024-12-30,carry,sell,-0.00465,0.09734,2326.36
2024-12-30,volprem,buy,0.05478,0.05478,27387.92
2024-12-30,xs_momentum,sell,-0.00769,0.13366,3843.05
2024-12-30,breakout,sell,-0.01171,0.19262,5855.73
2024-12-30,crisis,sell,-0.00625,0.11198,3124.04
2024-12-30,gmacro,sell,-0.00428,0.09091,2137.82
2024-12-30,bab,sell,-0.007,0.10946,3502.03
2024-12-31,trend_momentum,buy,0.00356,0.21281,1778.19
2024-12-31,carry,sell,-0.00208,0.09525,1041.63
2024-12-31,volprem,sell,-0.00128,0.05349,640.65
2024-12-31,xs_momentum,sell,-0.00315,0.13051,1574.06
2024-12-31,breakout,sell,-0.00288,0.18973,1442.16
2024-12-31,crisis,buy,0.00825,0.12023,4126.25
2024-12-31,gmacro,sell,-0.00141,0.0895,703.2
2024-12-31,bab,sell,-0.00101,0.10846,502.75
2025-01-01,trend_momentum,buy,0.01105,0.22386,5523.25
2025-01-01,carry,buy,0.00476,0.10002,2382.42
2025-01-01,volprem,sell,-0.05349,0.0,26747.28
2025-01-01,xs_momentum,buy,0.0069,0.13741,3452.48
2025-01-01,breakout,buy,0.00976,0.19949,4877.66
2025-01-01,crisis,buy,0.01034,0.13058,5170.96
2025-01-01,gmacro,buy,0.00471,0.09421,2355.17
2025-01-01,bab,buy,0.00597,0.11443,2985.33
2025-01-02,trend_momentum,sell,-0.01093,0.21293,5465.18
2025-01-02,carry,sell,-0.00515,0.09486,2577.36
2025-01-02,volprem,buy,0.05359,0.05359,26796.71
2025-01-02,xs_momentum,sell,-0.00704,0.13037,3522.29
2025-01-02,breakout,sell,-0.01296,0.18653,6479.1
2025-01-02,crisis,sell,-0.00625,0.12433,3125.27
2025-01-02,gmacro,sell,-0.00463,0.08958,2314.97
2025-01-02,bab,sell,-0.00663,0.1078,3312.53
2025-01-03,trend_momentum,buy,0.00126,0.21419,629.32
2025-01-03,carry,sell,-9e-05,0.09477,45.23
2025-01-03,volprem,buy,4e-05,0.05363,19.08
2025-01-03,xs_momentum,sell,-0.00092,0.12945,461.84
2025-01-03,breakout,buy,1e-05,0.18654,4.21
2025-01-03,crisis,sell,-0.00026,0.12406,131.67
2025-01-03,gmacro,sell,-5e-05,0.08954,23.64
2025-01-03,bab,buy,2e-05,0.10782,9.76
2025-01-04,trend_momentum,buy,0.01134,0.22553,5668.78
2025-01-04,carry,buy,0.0048,0.09957,2399.53
2025-01-04,volprem,sell,-0.05363,0.0,26815.79
2025-01-04,xs_momentum,buy,0.00698,0.13642,3488.18
2025-01-04,breakout,buy,0.01041,0.19695,5206.56
2025-01-04,crisis,buy,0.01013,0.1342,5066.79
2025-01-04,gmacro,buy,0.00446,0.09399,2228.68
2025-01-04,bab,buy,0.00551,0.11334,2757.27
2025-01-05,trend_momentum,buy,0.00032,0.22585,162.47
2025-01-05,carry,sell,-0.00038,0.09919,188.4
2025-01-05,xs_momentum,sell,-0.00041,0.13601,206.53
2025-01-05,breakout,sell,-3e-05,0.19692,17.3
2025-01-05,crisis,sell,-0.00035,0.13385,173.26
2025-01-05,gmacro,sell,-0.00026,0.09373,130.79
2025-01-05,bab,buy,0.00111,0.11445,553.8
2025-01-06,trend_momentum,sell,-0.00305,0.2228,1526.32
2025-01-06,carry,sell,-0.00513,0.09407,2564.28
2025-01-06,volprem,buy,0.05222,0.05222,26110.22
2025-01-06,xs_momentum,sell,-0.0104,0.12561,5201.79
2025-01-06,breakout,sell,-0.01513,0.18179,7563.49
2025-01-06,crisis,sell,-0.00384,0.13001,1920.66
2025-01-06,gmacro,sell,-0.00547,0.08826,2736.88
2025-01-06,bab,sell,-0.00919,0.10525,4596.81
2025-01-07,trend_momentum,sell,-0.00146,0.22134,727.99
2025-01-07,carry,buy,0.00118,0.09525,590.61
2025-01-07,volprem,sell,-0.00016,0.05206,78.1
2025-01-07,xs_momentum,sell,-0.00047,0.12514,233.01
2025-01-07,breakout,sell,-0.00068,0.18111,341.55
2025-01-07,crisis,buy,0.00259,0.13259,1292.65
2025-01-07,gmacro,sell,-0.00118,0.08708,587.76
2025-01-07,bab,buy,0.00017,0.10542,85.14
2025-01-08,trend_momentum,sell,-0.01289,0.20846,6443.07
2025-01-08,carry,buy,0.0014,0.09665,698.98
2025-01-08,volprem,buy,0.00074,0.0528,368.9
2025-01-08,xs_momentum,buy,0.00318,0.12832,1592.19
2025-01-08,breakout,buy,0.00386,0.18497,1932.11
2025-01-08,crisis,buy,0.00187,0.13447,936.35
2025-01-08,gmacro,buy,0.00101,0.08809,505.64
2025-01-08,bab,buy,0.00082,0.10624,408.9
2025-01-09,trend_momentum,buy,0.00979,0.21824,4893.83
2025-01-09,carry,buy,0.01255,0.10919,6274.36
2025-01-09,volprem,sell,-0.0528,0.0,26401.03
2025-01-09,xs_momentum,buy,0.00567,0.13399,2834.26
2025-01-09,breakout,buy,0.00575,0.19072,2876.51
2025-01-09,crisis,buy,0.0097,0.14417,4850.9
2025-01-09,gmacro,buy,0.00417,0.09226,2083.16
2025-01-09,bab,buy,0.00518,0.11142,2588.0
2025-01-10,trend_momentum,sell,-0.0412,0.17704,20600.41
2025-01-10,carry,sell,-0.01311,0.09609,6553.4
2025-01-10,volprem,buy,0.04451,0.04451,22256.79
2025-01-10,xs_momentum,sell,-0.02608,0.10792,13038.52
2025-01-10,breakout,sell,-0.0314,0.15932,15699.79
2025-01-10,crisis,buy,0.10718,0.25135,53592.42
2025-01-10,gmacro,sell,-0.01796,0.0743,8979.87
2025-01-10,bab,sell,-0.02195,0.08946,10977.23
2025-01-11,trend_momentum,buy,0.01895,0.19599,9472.66
2025-01-11,carry,buy,0.00794,0.10403,3971.48
2025-01-11,volprem,sell,-0.04451,0.0,22256.79
2025-01-11,xs_momentum,buy,0.00924,0.11716,4620.7
2025-01-11,breakout,buy,0.02199,0.18131,10994.44
2025-01-11,crisis,sell,-0.03044,0.22091,15222.49
2025-01-11,gmacro,buy,0.00489,0.07919,2443.54
2025-01-11,bab,buy,0.01195,0.10141,5976.46
2025-01-12,trend_momentum,buy,0.01436,0.21035,7180.6
2025-01-12,carry,buy,0.00762,0.11165,3810.85
2025-01-12,xs_momentum,buy,0.01054,0.1277,5270.32
2025-01-12,breakout,buy,0.01903,0.20034,9515.37
2025-01-12,crisis,buy,0.01866,0.23957,9332.2
2025-01-12,gmacro,sell,-0.07919,0.0,39594.15
2025-01-12,bab,buy,0.00897,0.11038,4484.81
2025-01-13,trend_momentum,sell,-0.02744,0.18291,13719.09
2025-01-13,carry,sell,-0.00885,0.1028,4425.88
2025-01-13,volprem,buy,0.04499,0.04499,22495.69
2025-01-13,xs_momentum,sell,-0.01637,0.11132,8186.96
2025-01-13,breakout,sell,-0.02206,0.17828,11031.7
2025-01-13,crisis,sell,-0.03154,0.20803,15768.37
2025-01-13,gmacro,buy,0.07477,0.07477,37384.14
2025-01-13,bab,sell,-0.0135,0.09689,6747.83
2025-01-14,trend_momentum,sell,-3e-05,0.18288,15.8
2025-01-14,carry,buy,1e-05,0.10281,3.3
2025-01-14,volprem,buy,5e-05,0.04505,27.25
2025-01-14,xs_momentum,sell,-0.00047,0.11086,233.7
2025-01-14,breakout,sell,-0.00215,0.17613,1073.63
2025-01-14,crisis,sell,-0.00152,0.20651,761.4
2025-01-14,gmacro,buy,0.00022,0.07499,108.45
2025-01-14,bab,buy,0.00389,0.10078,1945.55
2025-01-15,trend_momentum,buy,0.00239,0.18527,1194.03
2025-01-15,carry,buy,0.00138,0.10418,687.65
2025-01-15,volprem,buy,0.00063,0.04568,317.36
2025-01-15,xs_momentum,buy,0.00316,0.11401,1578.54
2025-01-15,breakout,buy,0.01163,0.18777,5817.26
2025-01-15,crisis,sell,-0.02176,0.18475,10880.39
2025-01-15,gmacro,sell,-0.00062,0.07437,309.01
2025-01-15,bab,buy,0.00319,0.10397,1594.57
2025-01-16,trend_momentum,sell,-0.00462,0.18065,2308.39
2025-01-16,carry,buy,0.0073,0.11149,3651.48
2025-01-16,volprem,buy,0.00065,0.04633,323.29
2025-01-16,xs_momentum,buy,0.00076,0.11477,379.46
2025-01-16,breakout,buy,0.00672,0.19449,3360.77
2025-01-16,crisis,sell,-0.02834,0.15641,14170.7
2025-01-16,gmacro,buy,0.00047,0.07484,237.15
2025-01-16,bab,buy,0.01705,0.12102,8526.93
2025-01-17,trend_momentum,sell,-0.00049,0.18017,242.97
2025-01-17,carry,sell,-0.00018,0.1113,90.12
2025-01-17,volprem,sell,-0.0001,0.04623,50.6
2025-01-17,xs_momentum,buy,0.00102,0.11579,509.89
2025-01-17,breakout,sell,-0.00193,0.19256,962.82
2025-01-17,crisis,sell,-0.00011,0.1563,56.6
2025-01-17,gmacro,sell,-0.00027,0.07457,133.85
2025-01-17,bab,buy,0.00205,0.12308,1027.06
2025-01-18,trend_momentum,buy,0.00617,0.18634,3085.35
2025-01-18,carry,buy,0.00671,0.11802,3357.32
2025-01-18,volprem,sell,-0.04623,0.0,23113.0
2025-01-18,xs_momentum,buy,0.00557,0.12136,2784.45
2025-01-18,breakout,buy,0.00832,0.20088,4159.47
2025-01-18,crisis,buy,0.00836,0.16466,4179.22
2025-01-18,gmacro,buy,0.00368,0.07825,1840.36
2025-01-18,bab,buy,0.00741,0.13049,3706.83
2025-01-19,trend_momentum,buy,0.00167,0.18801,835.95
2025-01-19,carry,buy,3e-05,0.11805,16.38
2025-01-19,xs_momentum,buy,0.00868,0.13004,4341.26
2025-01-19,breakout,buy,0.0009,0.20178,448.25
2025-01-19,crisis,buy,0.00177,0.16642,883.09
2025-01-19,gmacro,buy,0.00151,0.07976,754.09
2025-01-19,bab,sell,-0.01456,0.11593,7279.02
2025-01-20,trend_momentum,buy,0.00304,0.19105,1522.27
2025-01-20,carry,buy,0.00468,0.12274,2342.17
2025-01-20,xs_momentum,buy,0.00388,0.13392,1939.46
2025-01-20,breakout,buy,0.00654,0.20832,3271.73
2025-01-20,crisis,sell,-0.02509,0.14133,12543.49
2025-01-20,gmacro,buy,0.00246,0.08223,1231.88
2025-01-20,bab,buy,0.00447,0.1204,2235.97
2025-01-21,trend_momentum,sell,-0.00599,0.18506,2995.61
2025-01-21,carry,sell,-0.00539,0.11735,2694.15
2025-01-21,volprem,buy,0.04839,0.04839,24194.47
2025-01-21,xs_momentum,sell,-0.00548,0.12845,2738.2
2025-01-21,breakout,sell,-0.00529,0.20303,2643.52
2025-01-21,crisis,sell,-0.01882,0.12251,9410.91
2025-01-21,gmacro,sell,-0.00506,0.07717,2530.58
2025-01-21,bab,sell,-0.00236,0.11804,1181.51
2025-01-22,trend_momentum,sell,-0.00277,0.18229,1385.24
2025-01-22,carry,buy,0.00304,0.12039,1520.03
2025-01-22,volprem,sell,-0.00138,0.04701,691.29
2025-01-22,xs_momentum,sell,-0.0035,0.12494,1751.47
2025-01-22,breakout,buy,0.00741,0.21044,3703.32
2025-01-22,crisis,sell,-0.00299,0.11953,1492.93
2025-01-22,gmacro,sell,-0.00192,0.07524,961.3
2025-01-22,bab,buy,0.00212,0.12016,1058.88
2025-01-23,trend_momentum,sell,-0.00086,0.18144,428.04
2025-01-23,carry,sell,-0.00031,0.12008,154.26
2025-01-23,volprem,sell,-0.00025,0.04676,123.54
2025-01-23,xs_momentum,buy,0.00054,0.12549,272.03
2025-01-23,breakout,buy,0.00206,0.2125,1028.51
2025-01-23,crisis,sell,-0.00063,0.11889,317.07
2025-01-23,gmacro,sell,-0.00042,0.07483,208.12
2025-01-23,bab,sell,-0.00014,0.12002,69.53
2025-01-24,trend_momentum,sell,-0.00028,0.18115,141.06
2025-01-24,carry,buy,0.00088,0.12096,439.86
2025-01-24,volprem,sell,-0.00011,0.04665,52.55
2025-01-24,xs_momentum,buy,0.0002,0.12569,101.88
2025-01-24,breakout,sell,-0.00041,0.21209,205.9
2025-01-24,crisis,sell,-0.00013,0.11876,64.05
2025-01-24,gmacro,sell,-0.00013,0.0747,63.25
2025-01-24,bab,sell,-3e-05,0.11999,14.92
2025-01-25,trend_momentum,buy,0.00744,0.1886,3721.98
2025-01-25,carry,buy,0.00218,0.12314,1090.38
2025-01-25,volprem,sell,-0.04665,0.0,23327.1
2025-01-25,xs_momentum,buy,0.01246,0.13815,6228.4
2025-01-25,breakout,buy,0.01192,0.22401,5961.63
2025-01-25,crisis,buy,0.00548,0.12424,2738.39
2025-01-25,gmacro,buy,0.00269,0.07739,1346.72
2025-01-25,bab,buy,0.00448,0.12447,2239.6
2025-01-26,trend_momentum,sell,-0.00247,0.18613,1233.75
2025-01-26,carry,sell,-0.00265,0.12049,1323.59
2025-01-26,xs_momentum,buy,0.00933,0.14748,4665.1
2025-01-26,breakout,sell,-0.00243,0.22158,1216.32
2025-01-26,crisis,sell,-0.00091,0.12333,455.63
2025-01-26,gmacro,sell,-1e-05,0.07738,6.0
2025-01-26,bab,sell,-0.00086,0.12361,429.82
2025-01-27,trend_momentum,sell,-0.00869,0.17744,4342.82
2025-01-27,carry,sell,-0.0049,0.1156,2448.12
2025-01-27,volprem,buy,0.04524,0.04524,22621.03
2025-01-27,xs_momentum,sell,-0.00517,0.14231,2582.94
2025-01-27,breakout,sell,-0.00884,0.21273,4421.9
2025-01-27,crisis,sell,-0.0082,0.11513,4101.81
2025-01-27,gmacro,sell,-0.00342,0.07396,1712.46
2025-01-27,bab,sell,-0.00602,0.11759,3010.97
2025-01-28,trend_momentum,buy,0.00178,0.17922,888.2
2025-01-28,carry,buy,0.0019,0.1175,950.24
2025-01-28,volprem,buy,0.00072,0.04596,358.48
2025-01-28,xs_momentum,sell,-0.01209,0.13022,6047.39
2025-01-28,breakout,buy,0.00461,0.21734,2303.3
2025-01-28,crisis,sell,-0.00035,0.11477,175.75
2025-01-28,gmacro,buy,0.00134,0.07529,669.07
2025-01-28,bab,buy,0.00211,0.1197,1053.85
2025-01-29,trend_momentum,buy,0.0041,0.18332,2049.79
2025-01-29,carry,sell,-0.00114,0.11636,568.68
2025-01-29,volprem,buy,0.00059,0.04655,295.01
2025-01-29,xs_momentum,sell,-0.00177,0.12844,886.36
2025-01-29,breakout,sell,-0.00591,0.21143,2956.57
2025-01-29,crisis,buy,0.00023,0.115,114.59
2025-01-29,gmacro,buy,0.00098,0.07628,492.27
2025-01-29,bab,buy,0.00292,0.12262,1459.95
2025-01-30,trend_momentum,buy,0.00049,0.18381,245.35
2025-01-30,carry,buy,0.0001,0.11646,49.6
2025-01-30,volprem,buy,0.00019,0.04673,92.73
2025-01-30,xs_momentum,buy,0.00018,0.12863,90.7
2025-01-30,breakout,sell,-0.00139,0.21004,695.18
2025-01-30,crisis,buy,0.0004,0.11541,201.1
2025-01-30,gmacro,buy,0.00037,0.07664,182.55
2025-01-30,bab,sell,-0.00033,0.12228,166.86
2025-01-31,trend_momentum,sell,-0.00067,0.18314,336.85
2025-01-31,carry,sell,-0.00148,0.11498,739.31
2025-01-31,volprem,sell,-0.0006,0.04613,299.79
2025-01-31,xs_momentum,sell,-0.00099,0.12764,495.1
2025-01-31,breakout,sell,-0.00129,0.20875,645.54
2025-01-31,crisis,sell,-0.00131,0.11409,656.2
2025-01-31,gmacro,sell,-0.00087,0.07578,433.84
2025-01-31,bab,buy,0.00721,0.1295,3606.63
2025-02-01,trend_momentum,buy,0.00476,0.1879,2381.0
2025-02-01,carry,buy,0.0008,0.11578,399.06
2025-02-01,volprem,sell,-0.04613,0.0,23067.46
2025-02-01,xs_momentum,buy,0.00303,0.13067,1515.67
2025-02-01,breakout,buy,0.03386,0.24261,16932.12
2025-02-01,crisis,buy,0.00072,0.11482,361.86
2025-02-01,gmacro,buy,0.00029,0.07607,144.84
2025-02-01,bab,buy,0.00267,0.13216,1332.9
2025-02-02,trend_momentum,sell,-0.003,0.1849,1500.72
2025-02-02,carry,buy,0.0021,0.11788,1051.71
2025-02-02,xs_momentum,buy,0.005,0.13567,2499.63
2025-02-02,breakout,sell,-0.00223,0.24038,1115.88
2025-02-02,crisis,sell,-0.00148,0.11334,739.3
2025-02-02,gmacro,buy,0.00084,0.07691,420.86
2025-02-02,bab,sell,-0.00123,0.13093,616.3
2025-02-03,trend_momentum,sell,-0.00221,0.18268,1106.64
2025-02-03,carry,buy,0.00025,0.11813,123.92
2025-02-03,volprem,buy,0.04553,0.04553,22766.63
2025-02-03,xs_momentum,buy,0.00386,0.13953,1929.73
2025-02-03,breakout,sell,-0.01113,0.22925,5565.39
2025-02-03,crisis,sell,-0.03818,0.07516,19088.99
2025-02-03,gmacro,buy,0.003,0.07991,1501.93
2025-02-03,bab,sell,-0.00112,0.12981,561.2
2025-02-04,trend_momentum,sell,-0.00144,0.18124,722.37
2025-02-04,carry,buy,8e-05,0.11821,37.84
2025-02-04,volprem,sell,-0.00029,0.04524,145.21
2025-02-04,xs_momentum,sell,-0.00111,0.13842,553.86
2025-02-04,breakout,sell,-0.00245,0.2268,1224.53
2025-02-04,crisis,sell,-0.00073,0.07443,363.24
2025-02-04,gmacro,sell,-0.00074,0.07918,367.98
2025-02-04,bab,buy,0.00668,0.13648,3339.35
2025-02-05,trend_momentum,buy,0.00113,0.18237,566.22
2025-02-05,carry,buy,0.00113,0.11934,564.81
2025-02-05,volprem,buy,0.00069,0.04593,343.5
2025-02-05,xs_momentum,sell,-0.00238,0.13604,1190.21
2025-02-05,breakout,buy,7e-05,0.22687,37.14
2025-02-05,crisis,sell,-0.00042,0.07401,212.28
2025-02-05,gmacro,buy,0.00054,0.07972,272.03
2025-02-05,bab,sell,-0.00076,0.13572,381.2
2025-02-06,trend_momentum,sell,-0.02651,0.15587,13252.7
2025-02-06,carry,buy,0.00305,0.12239,1527.03
2025-02-06,volprem,buy,0.10821,0.15414,54103.62
2025-02-06,xs_momentum,sell,-0.01934,0.1167,9668.23
2025-02-06,breakout,sell,-0.0259,0.20097,12950.59
2025-02-06,crisis,sell,-0.01082,0.06319,5409.09
2025-02-06,gmacro,sell,-0.00964,0.07008,4819.27
2025-02-06,bab,sell,-0.01906,0.11666,9530.78
2025-02-07,trend_momentum,buy,0.00286,0.15873,1430.71
2025-02-07,carry,sell,-0.00023,0.12216,113.83
2025-02-07,volprem,sell,-0.00052,0.15361,261.51
2025-02-07,xs_momentum,sell,-0.00297,0.11373,1485.99
2025-02-07,breakout,sell,-0.0014,0.19957,698.39
2025-02-07,crisis,buy,0.00112,0.06431,558.59
2025-02-07,gmacro,buy,0.00126,0.07134,629.27
2025-02-07,bab,sell,-0.00012,0.11654,58.85
2025-02-08,trend_momentum,buy,0.03472,0.19345,17360.08
2025-02-08,carry,buy,0.01766,0.13982,8829.93
2025-02-08,volprem,sell,-0.15361,0.0,76807.04
2025-02-08,xs_momentum,buy,0.028,0.14173,13998.99
2025-02-08,breakout,buy,0.03823,0.23781,19115.29
2025-02-08,crisis,buy,0.00931,0.07362,4654.1
2025-02-08,gmacro,buy,0.00761,0.07895,3802.87
2025-02-08,bab,buy,0.01809,0.13463,9045.77
2025-02-09,trend_momentum,buy,0.0215,0.21495,10749.2
2025-02-09,carry,buy,0.00026,0.14008,130.27
2025-02-09,xs_momentum,buy,0.01542,0.15715,7708.93
2025-02-09,breakout,buy,0.01631,0.25412,8156.84
2025-02-09,crisis,buy,0.00788,0.0815,3940.17
2025-02-09,gmacro,sell,-0.07895,0.0,39472.84
2025-02-09,bab,buy,0.01757,0.15221,8787.43
2025-02-10,trend_momentum,sell,-0.04106,0.17389,20527.84
2025-02-10,carry,sell,-0.03133,0.10875,15664.84
2025-02-10,volprem,buy,0.15043,0.15043,75215.9
2025-02-10,xs_momentum,sell,-0.03471,0.12244,17354.93
2025-02-10,breakout,sell,-0.05643,0.19769,28216.09
2025-02-10,crisis,sell,-0.0187,0.0628,9349.69
2025-02-10,gmacro,buy,0.06777,0.06777,33887.34
2025-02-10,bab,sell,-0.03598,0.11623,17989.85
2025-02-11,trend_momentum,sell,-0.00051,0.17338,255.02
2025-02-11,carry,buy,0.00054,0.10929,270.41
2025-02-11,volprem,sell,-0.00091,0.14952,453.98
2025-02-11,xs_momentum,buy,0.00013,0.12256,63.91
2025-02-11,breakout,buy,0.00068,0.19836,337.73
2025-02-11,crisis,buy,3e-05,0.06283,14.73
2025-02-11,gmacro,buy,0.00011,0.06789,56.41
2025-02-11,bab,sell,-7e-05,0.11616,34.18
2025-02-12,trend_momentum,buy,0.00085,0.17423,424.26
2025-02-12,carry,sell,-0.00106,0.10823,531.63
2025-02-12,volprem,sell,-0.00426,0.14526,2130.48
2025-02-12,xs_momentum,buy,0.00037,0.12293,183.19
2025-02-12,breakout,buy,0.00083,0.1992,417.02
2025-02-12,crisis,buy,0.00033,0.06316,164.89
2025-02-12,gmacro,buy,0.00322,0.0711,1608.74
2025-02-12,bab,sell,-0.00027,0.11589,135.99
2025-02-13,trend_momentum,buy,0.00062,0.17485,310.3
2025-02-13,carry,buy,0.00055,0.10878,273.23
2025-02-13,volprem,buy,0.00038,0.14565,191.63
2025-02-13,xs_momentum,sell,-0.00171,0.12122,854.29
2025-02-13,breakout,buy,0.00051,0.19971,257.04
2025-02-13,crisis,sell,-0.00033,0.06283,166.06
2025-02-13,gmacro,buy,0.00021,0.07132,105.34
2025-02-13,bab,sell,-0.00023,0.11566,117.2
2025-02-14,trend_momentum,buy,0.00118,0.17603,592.36
2025-02-14,carry,buy,0.00054,0.10932,271.55
2025-02-14,volprem,sell,-0.00283,0.14282,1414.08
2025-02-14,xs_momentum,buy,2e-05,0.12124,9.93
2025-02-14,breakout,buy,3e-05,0.19974,13.64
2025-02-14,crisis,buy,0.00023,0.06306,117.41
2025-02-14,gmacro,buy,0.001,0.07232,500.05
2025-02-14,bab,sell,-0.00018,0.11547,90.86
2025-02-15,trend_momentum,buy,0.03411,0.21014,17053.64
2025-02-15,carry,buy,0.02117,0.13049,10587.44
2025-02-15,volprem,sell,-0.14282,0.0,71408.99
2025-02-15,xs_momentum,buy,0.02351,0.14475,11755.2
2025-02-15,breakout,buy,0.02255,0.22229,11276.52
2025-02-15,crisis,buy,0.01202,0.07508,6011.76
2025-02-15,gmacro,buy,0.01358,0.0859,6789.77
2025-02-15,bab,buy,0.01587,0.13134,7934.66
2025-02-16,trend_momentum,buy,0.02049,0.23063,10244.07
2025-02-16,carry,buy,0.01343,0.14392,6714.21
2025-02-16,xs_momentum,buy,0.01458,0.15933,7289.0
2025-02-16,breakout,buy,0.01804,0.24033,9019.36
2025-02-16,crisis,buy,0.00718,0.08226,3589.84
2025-02-16,gmacro,sell,-0.0859,0.0,42947.65
2025-02-16,bab,buy,0.01218,0.14352,6091.18
2025-02-17,trend_momentum,buy,0.00185,0.23248,925.16
2025-02-17,carry,sell,-0.01729,0.12664,8643.76
2025-02-17,xs_momentum,sell,-0.01613,0.1432,8062.96
2025-02-17,breakout,sell,-0.02574,0.21459,12872.04
2025-02-17,crisis,sell,-0.0097,0.07256,4850.76
2025-02-17,gmacro,buy,0.08291,0.08291,41456.2
2025-02-17,bab,sell,-0.0159,0.12762,7951.84
2025-02-18,trend_momentum,sell,-0.0286,0.20388,14298.42
2025-02-18,carry,sell,-0.01663,0.11001,8314.57
2025-02-18,volprem,buy,0.13892,0.13892,69457.95
2025-02-18,xs_momentum,sell,-0.02089,0.12232,10443.17
2025-02-18,breakout,sell,-0.03129,0.1833,15644.55
2025-02-18,crisis,sell,-0.01057,0.06199,5284.69
2025-02-18,gmacro,sell,-0.01191,0.071,5955.11
2025-02-18,bab,sell,-0.01903,0.10859,9517.44
2025-02-19,trend_momentum,buy,0.00207,0.20595,1034.6
2025-02-19,carry,sell,-0.00152,0.10849,760.19
2025-02-19,volprem,sell,-0.00081,0.13811,404.69
2025-02-19,xs_momentum,buy,0.00257,0.12489,1285.36
2025-02-19,breakout,sell,-0.00133,0.18197,663.65
2025-02-19,crisis,sell,-0.0011,0.06089,552.03
2025-02-19,gmacro,buy,9e-05,0.07109,45.54
2025-02-19,bab,buy,3e-05,0.10862,15.07
2025-02-20,trend_momentum,sell,-0.00414,0.20181,2071.66
2025-02-20,carry,sell,-0.00261,0.10587,1307.15
2025-02-20,volprem,sell,-0.00636,0.13175,3179.91
2025-02-20,xs_momentum,sell,-0.00334,0.12154,1671.65
2025-02-20,breakout,sell,-0.00431,0.17766,2154.41
2025-02-20,crisis,sell,-0.00148,0.05941,737.57
2025-02-20,gmacro,buy,0.02537,0.09647,12686.92
2025-02-20,bab,sell,-0.00313,0.10549,1564.57
2025-02-21,trend_momentum,buy,0.00291,0.20472,1456.63
2025-02-21,carry,buy,0.00199,0.10786,993.87
2025-02-21,volprem,buy,0.00127,0.13301,633.11
2025-02-21,xs_momentum,sell,-0.00748,0.11407,3739.63
2025-02-21,breakout,sell,-0.00451,0.17315,2254.48
2025-02-21,crisis,buy,0.00076,0.06017,380.37
2025-02-21,gmacro,buy,0.00202,0.09848,1008.4
2025-02-21,bab,buy,0.00304,0.10853,1521.73
2025-02-22,trend_momentum,buy,0.03324,0.23796,16620.74
2025-02-22,carry,buy,0.01796,0.12582,8981.45
2025-02-22,volprem,sell,-0.13301,0.0,66506.47
2025-02-22,xs_momentum,buy,0.01823,0.13229,9114.39
2025-02-22,breakout,buy,0.02811,0.20126,14054.38
2025-02-22,crisis,buy,0.00936,0.06954,4681.55
2025-02-22,gmacro,buy,0.01351,0.112,6755.66
2025-02-22,bab,buy,0.0126,0.12113,6298.3
2025-02-23,trend_momentum,buy,0.03571,0.27367,17854.9
2025-02-23,carry,buy,0.01669,0.14251,8344.3
2025-02-23,xs_momentum,buy,0.01777,0.15006,8883.79
2025-02-23,breakout,buy,0.02273,0.22399,11366.68
2025-02-23,crisis,buy,0.00901,0.07854,4503.88
2025-02-23,gmacro,sell,-0.112,0.0,55997.61
2025-02-23,bab,buy,0.01009,0.13122,5044.06
2025-02-24,trend_momentum,sell,-0.0633,0.21037,31650.01
2025-02-24,carry,sell,-0.03292,0.10959,16461.2
2025-02-24,volprem,buy,0.13431,0.13431,67156.61
2025-02-24,xs_momentum,sell,-0.03473,0.11533,17365.86
2025-02-24,breakout,sell,-0.05239,0.1716,26194.26
2025-02-24,crisis,sell,-0.01822,0.06033,9109.42
2025-02-24,gmacro,buy,0.09766,0.09766,48830.9
2025-02-24,bab,sell,-0.03041,0.1008,15206.76
2025-02-25,trend_momentum,sell,-0.00228,0.2081,1139.51
2025-02-25,carry,buy,0.00123,0.11082,615.8
2025-02-25,volprem,buy,0.0017,0.13602,851.44
2025-02-25,xs_momentum,buy,0.00128,0.11661,641.89
2025-02-25,breakout,sell,-0.00307,0.16854,1533.14
2025-02-25,crisis,buy,0.00084,0.06117,420.15
2025-02-25,gmacro,buy,0.0015,0.09916,749.57
2025-02-25,bab,sell,-0.00121,0.09959,606.19
2025-02-26,trend_momentum,buy,0.00268,0.21077,1339.88
2025-02-26,carry,sell,-0.00209,0.10873,1047.43
2025-02-26,volprem,sell,-0.00282,0.1332,1408.22
2025-02-26,xs_momentum,buy,0.00248,0.1191,1242.44
2025-02-26,breakout,sell,-0.00101,0.16753,506.09
2025-02-26,crisis,buy,0.00053,0.06169,263.96
2025-02-26,gmacro,buy,0.00331,0.10247,1655.93
2025-02-26,bab,sell,-0.00308,0.09651,1540.46
2025-02-27,trend_momentum,buy,0.00492,0.21569,2458.83
2025-02-27,carry,sell,-0.00518,0.10354,2590.76
2025-02-27,volprem,buy,0.00303,0.13623,1514.29
2025-02-27,xs_momentum,buy,0.00231,0.1214,1153.18
2025-02-27,breakout,buy,0.00202,0.16954,1007.67
2025-02-27,crisis,buy,0.00111,0.0628,554.8
2025-02-27,gmacro,buy,0.00182,0.10429,909.07
2025-02-27,bab,sell,-0.01001,0.08649,5007.09
2025-02-28,trend_momentum,buy,0.0001,0.21579,48.27
2025-02-28,carry,buy,0.0007,0.10424,349.74
2025-02-28,volprem,buy,0.0013,0.13753,650.63
2025-02-28,xs_momentum,buy,0.00035,0.12176,177.16
2025-02-28,breakout,buy,0.00087,0.17041,434.34
2025-02-28,crisis,buy,0.00033,0.06314,165.69
2025-02-28,gmacro,sell,-0.00416,0.10013,2081.83
2025-02-28,bab,buy,0.00051,0.08701,256.01
2025-03-01,trend_momentum,buy,0.03395,0.24974,16974.59
2025-03-01,carry,buy,0.01625,0.12049,8122.84
2025-03-01,volprem,sell,-0.13753,0.0,68764.74
2025-03-01,xs_momentum,buy,0.02004,0.1418,10019.94
2025-03-01,breakout,buy,0.02728,0.19769,13639.59
2025-03-01,crisis,buy,0.01041,0.07355,5204.94
2025-03-01,gmacro,buy,0.01644,0.11657,8219.87
2025-03-01,bab,buy,0.01317,0.10017,6582.97
2025-03-02,trend_momentum,buy,0.03424,0.28398,17120.34
2025-03-02,carry,buy,0.01482,0.13531,7411.13
2025-03-02,xs_momentum,buy,0.02008,0.16188,10039.86
2025-03-02,breakout,buy,0.02524,0.22293,12619.71
2025-03-02,crisis,buy,0.00998,0.08352,4987.85
2025-03-02,gmacro,sell,-0.11657,0.0,58283.51
2025-03-02,bab,buy,0.01221,0.11238,6104.62
2025-03-03,trend_momentum,sell,-0.072,0.21198,36001.73
2025-03-03,carry,sell,-0.02889,0.10642,14446.3
2025-03-03,volprem,buy,0.1432,0.1432,71602.35
2025-03-03,xs_momentum,sell,-0.03961,0.12227,19803.0
2025-03-03,breakout,sell,-0.05439,0.16854,27195.77
2025-03-03,crisis,sell,-0.0223,0.06122,11150.78
2025-03-03,gmacro,buy,0.10384,0.10384,51922.23
2025-03-03,bab,sell,-0.02985,0.08253,14927.0
2025-03-04,trend_momentum,sell,-0.01111,0.20087,5553.65
2025-03-04,carry,buy,0.0039,0.11032,1950.53
2025-03-04,volprem,sell,-0.00311,0.1401,1553.88
2025-03-04,xs_momentum,buy,0.0043,0.12658,2151.19
2025-03-04,breakout,buy,0.00104,0.16958,520.58
2025-03-04,crisis,buy,0.00173,0.06295,865.1
2025-03-04,gmacro,buy,0.00284,0.10669,1422.17
2025-03-04,bab,buy,0.0004,0.08292,197.94
2025-03-05,trend_momentum,buy,0.0058,0.20667,2898.67
2025-03-05,carry,buy,0.00161,0.11193,804.9
2025-03-05,volprem,sell,-0.00988,0.13022,4939.02
2025-03-05,xs_momentum,buy,0.0023,0.12887,1147.52
2025-03-05,breakout,sell,-0.00125,0.16833,625.89
2025-03-05,crisis,buy,0.00046,0.06341,229.16
2025-03-05,gmacro,buy,0.00024,0.10693,122.36
2025-03-05,bab,buy,0.00072,0.08365,362.29
2025-03-06,trend_momentum,sell,-0.00107,0.2056,533.81
2025-03-06,carry,sell,-0.00073,0.1112,366.33
2025-03-06,volprem,buy,0.00091,0.13113,456.51
2025-03-06,xs_momentum,buy,0.00064,0.12951,320.67
2025-03-06,breakout,buy,0.00026,0.16859,131.79
2025-03-06,crisis,buy,0.00041,0.06381,202.68
2025-03-06,gmacro,sell,-0.00073,0.10621,362.51
2025-03-06,bab,buy,0.0003,0.08395,151.0
2025-03-07,trend_momentum,sell,-0.00069,0.20491,342.86
2025-03-07,carry,buy,0.00025,0.11145,126.75
2025-03-07,volprem,sell,-2e-05,0.13111,11.12
2025-03-07,xs_momentum,sell,-0.00287,0.12664,1433.44
2025-03-07,breakout,buy,0.001,0.16959,501.03
2025-03-07,crisis,buy,0.00023,0.06404,114.41
2025-03-07,gmacro,buy,0.00178,0.10799,889.6
2025-03-07,bab,buy,0.00031,0.08426,155.62
2025-03-08,trend_momentum,buy,0.03317,0.23808,16583.07
2025-03-08,carry,buy,0.01623,0.12768,8115.54
2025-03-08,volprem,sell,-0.13111,0.0,65554.84
2025-03-08,xs_momentum,buy,0.01875,0.1454,9376.68
2025-03-08,breakout,buy,0.02467,0.19426,12333.96
2025-03-08,crisis,buy,0.00941,0.07345,4704.59
2025-03-08,gmacro,buy,0.016,0.12399,8000.35
2025-03-08,bab,buy,0.01288,0.09714,6440.67
2025-03-09,trend_momentum,buy,0.05101,0.28909,25506.39
2025-03-09,carry,buy,0.01439,0.14207,7195.06
2025-03-09,xs_momentum,buy,0.01661,0.16201,8304.67
2025-03-09,breakout,buy,0.0225,0.21676,11250.91
2025-03-09,crisis,buy,0.00838,0.08183,4191.44
2025-03-09,gmacro,sell,-0.12399,0.0,61994.19
2025-03-09,bab,buy,0.01109,0.10823,5545.73
2025-03-10,trend_momentum,sell,-0.0682,0.22089,34100.09
2025-03-10,carry,sell,-0.03242,0.10965,16211.85
2025-03-10,volprem,buy,0.12813,0.12813,64066.75
2025-03-10,xs_momentum,sell,-0.03781,0.1242,18905.25
2025-03-10,breakout,sell,-0.04968,0.16708,24841.45
2025-03-10,crisis,sell,-0.01956,0.06227,9781.2
2025-03-10,gmacro,buy,0.1059,0.1059,52952.15
2025-03-10,bab,sell,-0.02636,0.08188,13179.05
2025-03-11,trend_momentum,sell,-0.00507,0.21582,2533.59
2025-03-11,carry,buy,0.00202,0.11166,1008.1
2025-03-11,volprem,sell,-0.00545,0.12269,2722.74
2025-03-11,xs_momentum,buy,0.00125,0.12544,622.88
2025-03-11,breakout,buy,0.00285,0.16992,1422.65
2025-03-11,crisis,buy,0.0008,0.06307,398.01
2025-03-11,gmacro,buy,0.00295,0.10885,1473.78
2025-03-11,bab,buy,0.00066,0.08254,330.91
2025-03-12,trend_momentum,buy,0.00025,0.21607,124.97
2025-03-12,carry,buy,0.00024,0.1119,120.57
2025-03-12,volprem,buy,7e-05,0.12276,36.79
2025-03-12,xs_momentum,buy,0.0007,0.12614,350.01
2025-03-12,breakout,sell,-0.00161,0.16831,806.3
2025-03-12,crisis,buy,0.00162,0.06468,807.9
2025-03-12,gmacro,sell,-0.0009,0.10795,450.82
2025-03-12,bab,sell,-0.00037,0.08217,183.12
2025-03-13,trend_momentum,buy,0.00059,0.21666,294.06
2025-03-13,carry,buy,0.00028,0.11219,141.06
2025-03-13,volprem,sell,-0.00011,0.12265,56.54
2025-03-13,xs_momentum,buy,0.00035,0.12649,175.83
2025-03-13,breakout,sell,-0.00191,0.1664,956.62
2025-03-13,crisis,buy,0.00022,0.0649,109.62
2025-03-13,gmacro,buy,0.00035,0.1083,172.82
2025-03-13,bab,buy,0.00024,0.08241,119.77
2025-03-14,trend_momentum,sell,-0.00122,0.21544,611.52
2025-03-14,carry,buy,0.0002,0.11239,100.37
2025-03-14,volprem,sell,-0.00296,0.11969,1481.73
2025-03-14,xs_momentum,buy,0.00016,0.12666,81.3
2025-03-14,breakout,buy,0.00057,0.16697,284.53
2025-03-14,crisis,sell,-1e-05,0.06489,6.05
2025-03-14,gmacro,buy,0.00298,0.11128,1491.7
2025-03-14,bab,buy,0.00028,0.08269,141.38
2025-03-15,trend_momentum,buy,0.02503,0.24046,12512.67
2025-03-15,carry,buy,0.0153,0.12769,7650.13
2025-03-15,volprem,sell,-0.11969,0.0,59842.53
2025-03-15,xs_momentum,buy,0.01866,0.14532,9332.27
2025-03-15,breakout,buy,0.0242,0.19117,12099.46
2025-03-15,crisis,buy,0.00871,0.0736,4352.92
2025-03-15,gmacro,buy,0.01655,0.12783,8273.4
2025-03-15,bab,buy,0.01124,0.09394,5621.67
2025-03-16,trend_momentum,buy,0.03528,0.27575,17641.81
2025-03-16,carry,buy,0.01826,0.14594,9128.26
2025-03-16,xs_momentum,buy,0.02167,0.16699,10836.35
2025-03-16,breakout,buy,0.02778,0.21894,13888.83
2025-03-16,crisis,buy,0.01158,0.08518,5791.01
2025-03-16,gmacro,sell,-0.12783,0.0,63913.03
2025-03-16,bab,buy,0.01325,0.10719,6626.77
2025-03-17,trend_momentum,sell,-0.05008,0.22567,25039.92
2025-03-17,carry,sell,-0.03529,0.11065,17645.43
2025-03-17,volprem,buy,0.1157,0.1157,57848.34
2025-03-17,xs_momentum,sell,-0.03957,0.12742,19786.37
2025-03-17,breakout,sell,-0.05466,0.16429,27328.81
2025-03-17,crisis,sell,-0.01929,0.06588,9647.22
2025-03-17,gmacro,buy,0.10974,0.10974,54868.07
2025-03-17,bab,sell,-0.02654,0.08065,13268.67
2025-03-18,trend_momentum,buy,0.00167,0.22734,833.93
2025-03-18,carry,buy,0.00066,0.11131,329.98
2025-03-18,volprem,sell,-0.00363,0.11207,1815.07
2025-03-18,xs_momentum,buy,4e-05,0.12746,19.9
2025-03-18,breakout,buy,0.00013,0.16442,65.17
2025-03-18,crisis,buy,0.00051,0.0664,256.28
2025-03-18,gmacro,buy,0.00017,0.10991,85.4
2025-03-18,bab,buy,0.00045,0.0811,224.42
2025-03-19,trend_momentum,buy,0.00707,0.23441,3536.84
2025-03-19,carry,sell,-0.00023,0.11108,115.32
2025-03-19,volprem,sell,-0.00288,0.10919,1440.37
2025-03-19,xs_momentum,sell,-0.00142,0.12604,711.82
2025-03-19,breakout,sell,-0.00141,0.16301,705.76
2025-03-19,crisis,sell,-0.00092,0.06548,459.93
2025-03-19,gmacro,buy,0.00082,0.11073,412.13
2025-03-19,bab,sell,-0.00103,0.08007,515.77
2025-03-20,trend_momentum,sell,-0.00237,0.23204,1184.38
2025-03-20,carry,buy,0.00073,0.11182,367.24
2025-03-20,volprem,sell,-0.0004,0.10878,200.52
2025-03-20,xs_momentum,buy,0.00184,0.12787,918.49
2025-03-20,breakout,sell,-0.00021,0.1628,104.05
2025-03-20,crisis,buy,8e-05,0.06556,40.5
2025-03-20,gmacro,sell,-0.00761,0.10312,3805.95
2025-03-20,bab,buy,0.00794,0.08801,3968.67
2025-03-21,trend_momentum,buy,0.00354,0.23558,1771.53
2025-03-21,carry,sell,-0.00012,0.1117,58.95
2025-03-21,volprem,buy,5e-05,0.10883,23.72
2025-03-21,xs_momentum,sell,-0.00095,0.12693,473.87
2025-03-21,breakout,sell,-0.00012,0.16268,58.49
2025-03-21,crisis,buy,0.00345,0.069,1722.99
2025-03-21,gmacro,sell,-0.0059,0.09722,2947.52
2025-03-21,bab,buy,4e-05,0.08805,20.58
2025-03-22,trend_momentum,buy,0.02696,0.26255,13481.82
2025-03-22,carry,buy,0.0139,0.1256,6951.78
2025-03-22,volprem,sell,-0.10883,0.0,54416.1
2025-03-22,xs_momentum,buy,0.01348,0.1404,6739.06
2025-03-22,breakout,buy,0.01929,0.18197,9647.01
2025-03-22,crisis,buy,0.01131,0.08031,5653.66
2025-03-22,gmacro,buy,0.01386,0.11108,6930.18
2025-03-22,bab,buy,0.01003,0.09807,5012.59
2025-03-23,trend_momentum,buy,0.03649,0.29904,18245.53
2025-03-23,carry,buy,0.01446,0.14007,7231.45
2025-03-23,xs_momentum,buy,0.017,0.15741,8500.86
2025-03-23,breakout,buy,0.02115,0.20312,10574.65
2025-03-23,crisis,buy,0.00997,0.09028,4984.24
2025-03-23,gmacro,sell,-0.11108,0.0,55542.31
2025-03-23,bab,buy,0.01201,0.11009,6005.59
2025-03-24,trend_momentum,sell,-0.06192,0.23712,30959.45
2025-03-24,carry,sell,-0.02946,0.1106,14732.37
2025-03-24,volprem,buy,0.10827,0.10827,54136.83
2025-03-24,xs_momentum,sell,-0.03241,0.125,16203.7
2025-03-24,breakout,sell,-0.04301,0.16012,21502.54
2025-03-24,crisis,sell,-0.01886,0.07142,9430.56
2025-03-24,gmacro,buy,0.1004,0.1004,50198.46
2025-03-24,bab,sell,-0.02301,0.08707,11506.67
2025-03-25,trend_momentum,sell,-0.00168,0.23544,840.41
2025-03-25,carry,buy,0.00115,0.11175,573.74
2025-03-25,volprem,sell,-0.00063,0.10765,314.28
2025-03-25,xs_momentum,buy,0.00124,0.12624,618.5
2025-03-25,breakout,sell,-0.00205,0.15807,1026.02
2025-03-25,crisis,buy,0.00043,0.07185,216.97
2025-03-25,gmacro,buy,0.00085,0.10124,422.67
2025-03-25,bab,buy,0.0007,0.08777,348.83
2025-03-26,trend_momentum,buy,0.0027,0.23814,1351.87
2025-03-26,carry,buy,0.00352,0.11527,1759.2
2025-03-26,volprem,sell,-0.00044,0.1072,222.48
2025-03-26,xs_momentum,buy,0.00261,0.12885,1304.79
2025-03-26,breakout,buy,0.00269,0.16075,1342.57
2025-03-26,crisis,buy,0.001,0.07285,497.63
2025-03-26,gmacro,sell,-0.01335,0.08789,6673.65
2025-03-26,bab,buy,0.00128,0.08905,640.07
2025-03-27,trend_momentum,sell,-0.00059,0.23756,293.12
2025-03-27,carry,buy,0.00198,0.11725,989.07
2025-03-27,volprem,sell,-0.00207,0.10513,1035.34
2025-03-27,xs_momentum,buy,0.00052,0.12936,257.95
2025-03-27,breakout,buy,0.00049,0.16124,246.46
2025-03-27,crisis,buy,0.00022,0.07307,109.36
2025-03-27,gmacro,sell,-0.00089,0.08701,444.3
2025-03-27,bab,buy,0.00034,0.08939,169.93
2025-03-28,trend_momentum,buy,0.0014,0.23895,698.0
2025-03-28,carry,buy,0.00029,0.11754,144.9
2025-03-28,volprem,sell,-0.00148,0.10365,741.28
2025-03-28,xs_momentum,buy,0.00031,0.12967,156.4
2025-03-28,breakout,buy,0.00042,0.16166,208.45
2025-03-28,crisis,buy,0.00045,0.07351,222.61
2025-03-28,gmacro,sell,-0.00174,0.08527,867.74
2025-03-28,bab,buy,0.00036,0.08975,178.66
2025-03-29,trend_momentum,buy,0.0211,0.26006,10551.95
2025-03-29,carry,buy,0.01206,0.1296,6030.78
2025-03-29,volprem,sell,-0.10365,0.0,51823.46
2025-03-29,xs_momentum,buy,0.03082,0.1605,15411.85
2025-03-29,breakout,buy,0.01176,0.17343,5882.25
2025-03-29,crisis,buy,0.00822,0.08174,4112.39
2025-03-29,gmacro,buy,0.01083,0.0961,5413.21
2025-03-29,bab,buy,0.00884,0.09859,4421.01
2025-03-30,trend_momentum,buy,0.02273,0.28278,11362.69
2025-03-30,carry,buy,0.01809,0.14768,9043.0
2025-03-30,xs_momentum,buy,0.02301,0.18351,11506.33
2025-03-30,breakout,buy,0.01626,0.18968,8128.92
2025-03-30,crisis,buy,0.00704,0.08878,3522.16
2025-03-30,gmacro,sell,-0.0961,0.0,48048.65
2025-03-30,bab,buy,0.00897,0.10756,4485.54
2025-03-31,trend_momentum,sell,-0.05222,0.23056,26109.15
2025-03-31,carry,sell,-0.02846,0.11922,14231.77
2025-03-31,volprem,buy,0.10028,0.10028,50140.59
2025-03-31,xs_momentum,sell,-0.03396,0.14956,16977.6
2025-03-31,breakout,sell,-0.03382,0.15587,16908.15
2025-03-31,crisis,sell,-0.01648,0.0723,8238.07
2025-03-31,gmacro,buy,0.08474,0.08474,42369.33
2025-03-31,bab,sell,-0.02009,0.08747,10045.18
2025-04-01,trend_momentum,buy,0.00172,0.23228,859.78
2025-04-01,carry,buy,0.00222,0.12144,1110.94
2025-04-01,volprem,sell,-0.00359,0.0967,1792.78
2025-04-01,xs_momentum,sell,-0.00031,0.14924,157.37
2025-04-01,breakout,sell,-0.00021,0.15566,105.61
2025-04-01,crisis,buy,0.00023,0.07254,115.83
2025-04-01,gmacro,sell,-1e-05,0.08473,5.75
2025-04-01,bab,sell,-5e-05,0.08742,25.04
2025-04-02,trend_momentum,buy,0.00296,0.23524,1479.33
2025-04-02,carry,sell,-0.01325,0.10819,6624.88
2025-04-02,volprem,buy,0.00151,0.0982,753.82
2025-04-02,xs_momentum,buy,0.00185,0.15109,925.24
2025-04-02,breakout,buy,0.00318,0.15884,1591.12
2025-04-02,crisis,buy,0.00119,0.07373,597.28
2025-04-02,gmacro,sell,-0.00034,0.08439,167.87
2025-04-02,bab,buy,0.00289,0.09031,1445.95
2025-04-03,trend_momentum,buy,0.00379,0.23903,1893.16
2025-04-03,carry,sell,-0.00432,0.10387,2160.38
2025-04-03,volprem,buy,0.00075,0.09896,376.69
2025-04-03,xs_momentum,buy,0.00265,0.15374,1326.08
2025-04-03,breakout,sell,-0.00456,0.15428,2280.17
2025-04-03,crisis,buy,0.00048,0.07421,242.06
2025-04-03,gmacro,buy,0.00061,0.085,306.57
2025-04-03,bab,buy,0.00059,0.0909,295.98
2025-04-04,trend_momentum,sell,-0.00203,0.237,1014.95
2025-04-04,carry,buy,0.00285,0.10672,1425.98
2025-04-04,volprem,sell,-0.05433,0.04463,27162.62
2025-04-04,xs_momentum,buy,0.00677,0.16052,3386.75
2025-04-04,breakout,buy,0.00808,0.16236,4041.93
2025-04-04,crisis,buy,0.04565,0.11987,22827.01
2025-04-04,gmacro,sell,-0.00977,0.07523,4886.49
2025-04-04,bab,buy,0.00276,0.09367,1382.39
2025-04-05,trend_momentum,buy,0.00533,0.24233,2665.43
2025-04-05,carry,buy,0.00679,0.11352,3396.99
2025-04-05,volprem,sell,-0.04463,0.0,22315.69
2025-04-05,xs_momentum,buy,0.00596,0.16648,2979.76
2025-04-05,breakout,buy,0.01008,0.17244,5039.7
2025-04-05,crisis,buy,0.00702,0.12689,3510.2
2025-04-05,gmacro,buy,0.00413,0.07937,2067.2
2025-04-05,bab,buy,0.00531,0.09898,2656.4
2025-04-06,trend_momentum,buy,0.01991,0.26224,9954.82
2025-04-06,carry,buy,0.00986,0.12337,4928.97
2025-04-06,xs_momentum,buy,0.01786,0.18434,8930.05
2025-04-06,breakout,buy,0.01456,0.187,7278.57
2025-04-06,crisis,buy,0.0105,0.13739,5249.88
2025-04-06,gmacro,sell,-0.07937,0.0,39682.99
2025-04-06,bab,buy,0.00668,0.10566,3340.7
2025-04-07,trend_momentum,sell,-0.0258,0.23643,12902.31
2025-04-07,carry,sell,-0.01149,0.11188,5746.63
2025-04-07,volprem,buy,0.04406,0.04406,22028.27
2025-04-07,xs_momentum,sell,-0.02006,0.16427,10031.54
2025-04-07,breakout,sell,-0.0334,0.1536,16700.58
2025-04-07,crisis,sell,-0.01904,0.11835,9518.7
2025-04-07,gmacro,buy,0.07746,0.07746,38732.04
2025-04-07,bab,sell,-0.01172,0.09394,5860.54
2025-04-08,trend_momentum,sell,-0.00305,0.23338,1527.42
2025-04-08,carry,buy,0.00039,0.11228,197.12
2025-04-08,volprem,sell,-0.00322,0.04084,1607.9
2025-04-08,xs_momentum,buy,0.01143,0.1757,5715.04
2025-04-08,breakout,sell,-0.00028,0.15332,140.88
2025-04-08,crisis,sell,-0.00137,0.11698,684.2
2025-04-08,gmacro,sell,-0.00256,0.0749,1281.22
2025-04-08,bab,sell,-0.00134,0.0926,670.54
2025-04-09,trend_momentum,buy,0.0028,0.23618,1398.16
2025-04-09,carry,buy,0.00114,0.11342,571.47
2025-04-09,volprem,buy,0.00043,0.04127,214.07
2025-04-09,xs_momentum,sell,-0.0042,0.1715,2100.22
2025-04-09,breakout,buy,0.00013,0.15345,65.13
2025-04-09,crisis,sell,-0.00047,0.11651,236.17
2025-04-09,gmacro,sell,-0.0009,0.074,452.43
2025-04-09,bab,buy,0.00108,0.09368,540.0
2025-04-10,trend_momentum,sell,-0.01967,0.2165,9836.76
2025-04-10,carry,buy,0.01338,0.12679,6687.87
2025-04-10,volprem,buy,0.0016,0.04287,799.5
2025-04-10,xs_momentum,buy,0.00677,0.17827,3383.06
2025-04-10,breakout,buy,0.00274,0.15619,1370.49
2025-04-10,crisis,sell,-0.0086,0.10791,4298.3
2025-04-10,gmacro,sell,-0.00039,0.0736,195.89
2025-04-10,bab,buy,0.00418,0.09786,2090.03
2025-04-11,trend_momentum,sell,-0.00076,0.21574,378.65
2025-04-11,carry,buy,0.00042,0.12721,209.34
2025-04-11,volprem,buy,0.00021,0.04308,105.12
2025-04-11,xs_momentum,sell,-0.00131,0.17696,656.58
2025-04-11,breakout,buy,0.00053,0.15671,263.97
2025-04-11,crisis,buy,0.00036,0.10827,179.51
2025-04-11,gmacro,sell,-0.00026,0.07334,131.69
2025-04-11,bab,buy,0.00082,0.09868,408.99
2025-04-12,trend_momentum,buy,0.01062,0.22637,5311.98
2025-04-12,carry,buy,0.00544,0.13265,2718.53
2025-04-12,volprem,sell,-0.04308,0.0,21539.06
2025-04-12,xs_momentum,buy,0.00843,0.18539,4216.95
2025-04-12,breakout,buy,0.00597,0.16268,2984.66
2025-04-12,crisis,buy,0.00515,0.11342,2573.89
2025-04-12,gmacro,buy,0.00348,0.07682,1737.79
2025-04-12,bab,buy,0.00399,0.10267,1995.26
2025-04-13,trend_momentum,buy,0.0184,0.24477,9199.26
2025-04-13,carry,buy,0.01246,0.14511,6232.01
2025-04-13,xs_momentum,buy,0.01529,0.20068,7643.44
2025-04-13,breakout,buy,0.01225,0.17493,6124.38
2025-04-13,crisis,buy,0.00914,0.12257,4572.48
2025-04-13,gmacro,sell,-0.07682,0.0,38408.59
2025-04-13,bab,buy,0.00927,0.11194,4637.01
2025-04-14,trend_momentum,sell,-0.02879,0.21598,14393.13
2025-04-14,carry,sell,-0.01737,0.12774,8686.95
2025-04-14,volprem,buy,0.04297,0.04297,21483.81
2025-04-14,xs_momentum,sell,-0.02144,0.17924,10718.14
2025-04-14,breakout,sell,-0.02294,0.15199,11470.06
2025-04-14,crisis,sell,-0.01292,0.10964,6460.68
2025-04-14,gmacro,buy,0.07308,0.07308,36542.08
2025-04-14,bab,sell,-0.01259,0.09935,6296.93
2025-04-15,trend_momentum,sell,-0.00017,0.21582,82.79
2025-04-15,carry,sell,-0.00051,0.12723,253.27
2025-04-15,volprem,sell,-0.00014,0.04283,69.01
2025-04-15,xs_momentum,buy,0.00142,0.18066,709.43
2025-04-15,breakout,buy,2e-05,0.15201,8.48
2025-04-15,crisis,sell,-1e-05,0.10963,4.86
2025-04-15,gmacro,sell,-0.00024,0.07284,122.35
2025-04-15,bab,sell,-0.00037,0.09898,185.64
2025-04-16,trend_momentum,buy,3e-05,0.21584,14.59
2025-04-16,carry,sell,-0.00068,0.12655,341.67
2025-04-16,volprem,sell,-9e-05,0.04274,47.25
2025-04-16,xs_momentum,sell,-0.00391,0.17675,1957.1
2025-04-16,breakout,buy,0.00281,0.15482,1404.86
2025-04-16,crisis,buy,0.00045,0.11009,225.52
2025-04-16,gmacro,buy,0.00015,0.07299,76.29
2025-04-16,bab,buy,0.00125,0.10023,624.75
2025-04-17,trend_momentum,sell,-0.00027,0.21557,137.1
2025-04-17,carry,sell,-0.00048,0.12607,238.78
2025-04-17,volprem,sell,-7e-05,0.04266,37.12
2025-04-17,xs_momentum,buy,0.00013,0.17688,65.68
2025-04-17,breakout,buy,0.00028,0.1551,140.65
2025-04-17,crisis,buy,6e-05,0.11015,32.18
2025-04-17,gmacro,sell,-0.00013,0.07286,64.28
2025-04-17,bab,buy,0.00048,0.10071,238.76
2025-04-18,trend_momentum,buy,0.00966,0.22523,4831.54
2025-04-18,carry,buy,0.00554,0.13161,2770.09
2025-04-18,volprem,sell,-0.04266,0.0,21330.43
2025-04-18,xs_momentum,buy,0.00789,0.18477,3947.5
2025-04-18,breakout,buy,0.00692,0.16202,3457.6
2025-04-18,crisis,buy,0.00516,0.11531,2580.12
2025-04-18,gmacro,buy,0.00333,0.0762,1666.26
2025-04-18,bab,buy,0.00415,0.10486,2077.33
2025-04-19,trend_momentum,buy,0.00017,0.2254,85.22
2025-04-19,carry,sell,-0.00075,0.13086,374.27
2025-04-19,xs_momentum,sell,-0.00063,0.18414,315.29
2025-04-19,breakout,sell,-0.00067,0.16135,333.16
2025-04-19,crisis,buy,0.00026,0.11557,131.85
2025-04-19,gmacro,buy,0.00153,0.07773,767.22
2025-04-19,bab,buy,8e-05,0.10494,38.43
2025-04-20,trend_momentum,sell,-0.00115,0.22426,573.95
2025-04-20,carry,buy,0.00058,0.13144,289.99
2025-04-20,xs_momentum,sell,-0.00128,0.18286,638.5
2025-04-20,breakout,sell,-0.00104,0.16031,519.39
2025-04-20,crisis,buy,0.00377,0.11934,1884.99
2025-04-20,gmacro,sell,-0.00037,0.07736,187.16
2025-04-20,bab,sell,-0.00051,0.10442,255.98
2025-04-21,trend_momentum,sell,-0.00948,0.21478,4739.51
2025-04-21,carry,sell,-0.00598,0.12546,2991.53
2025-04-21,volprem,buy,0.0425,0.0425,21249.82
2025-04-21,xs_momentum,sell,-0.00772,0.17514,3860.29
2025-04-21,breakout,sell,-0.00709,0.15322,3544.45
2025-04-21,crisis,sell,-0.00517,0.11418,2584.21
2025-04-21,gmacro,sell,-0.00336,0.07399,1682.39
2025-04-21,bab,sell,-0.00369,0.10073,1847.44
2025-04-22,trend_momentum,sell,-0.00494,0.20984,2468.19
2025-04-22,carry,sell,-0.00255,0.12291,1273.13
2025-04-22,volprem,sell,-0.00093,0.04157,467.03
2025-04-22,xs_momentum,buy,0.01599,0.19113,7993.47
2025-04-22,breakout,sell,-0.00062,0.1526,309.36
2025-04-22,crisis,sell,-0.00273,0.11144,1365.91
2025-04-22,gmacro,sell,-0.00175,0.07224,877.46
2025-04-22,bab,sell,-0.00246,0.09827,1232.39
2025-04-23,trend_momentum,buy,0.00284,0.21268,1418.06
2025-04-23,carry,sell,-0.00852,0.11439,4261.43
2025-04-23,volprem,buy,0.00034,0.0419,169.34
2025-04-23,xs_momentum,buy,0.00244,0.19357,1220.68
2025-04-23,breakout,sell,-0.00246,0.15014,1230.54
2025-04-23,crisis,buy,0.00267,0.11411,1335.25
2025-04-23,gmacro,buy,0.00042,0.07266,211.52
2025-04-23,bab,buy,0.00227,0.10054,1137.13
2025-04-24,trend_momentum,sell,-0.00044,0.21224,219.97
2025-04-24,carry,sell,-0.00117,0.11322,586.62
2025-04-24,volprem,sell,-3e-05,0.04187,17.43
2025-04-24,xs_momentum,buy,0.00111,0.19468,555.06
2025-04-24,breakout,sell,-0.00145,0.14869,726.26
2025-04-24,crisis,buy,0.00021,0.11432,104.85
2025-04-24,gmacro,sell,-0.00017,0.07249,82.7
2025-04-24,bab,buy,0.00195,0.10249,973.07
2025-04-25,trend_momentum,sell,-0.00041,0.21182,206.38
2025-04-25,carry,buy,0.00043,0.11365,216.49
2025-04-25,volprem,sell,-3e-05,0.04183,17.26
2025-04-25,xs_momentum,sell,-0.00116,0.19352,581.45
2025-04-25,breakout,buy,0.00016,0.14885,79.07
2025-04-25,crisis,buy,0.0001,0.11443,52.2
2025-04-25,gmacro,buy,0.00027,0.07277,135.75
2025-04-25,bab,buy,0.00064,0.10313,321.58
2025-04-26,trend_momentum,buy,0.01192,0.22375,5960.65
2025-04-26,carry,buy,0.00339,0.11704,1694.15
2025-04-26,volprem,sell,-0.04183,0.0,20917.44
2025-04-26,xs_momentum,buy,0.00824,0.20176,4121.15
2025-04-26,breakout,buy,0.00688,0.15572,3437.68
2025-04-26,crisis,buy,0.00433,0.11876,2164.22
2025-04-26,gmacro,buy,0.0022,0.07497,1101.61
2025-04-26,bab,buy,0.00488,0.108,2437.97
2025-04-27,trend_momentum,sell,-0.00137,0.22237,685.29
2025-04-27,carry,buy,0.00118,0.11822,592.45
2025-04-27,xs_momentum,buy,0.00065,0.20242,326.87
2025-04-27,breakout,sell,-0.00108,0.15464,539.2
2025-04-27,crisis,sell,-0.0009,0.11785,451.33
2025-04-27,gmacro,sell,-0.00055,0.07442,276.59
2025-04-27,bab,buy,0.00207,0.11007,1033.07
2025-04-28,trend_momentum,sell,-0.01355,0.20882,6775.97
2025-04-28,carry,sell,-0.00097,0.11726,483.04
2025-04-28,volprem,buy,0.04019,0.04019,20092.58
2025-04-28,xs_momentum,sell,-0.01329,0.18912,6645.77
2025-04-28,breakout,sell,-0.01058,0.14406,5292.04
2025-04-28,crisis,sell,-0.00676,0.1111,3379.29
2025-04-28,gmacro,sell,-0.00451,0.06991,2253.2
2025-04-28,bab,buy,0.00947,0.11954,4736.71
2025-04-29,trend_momentum,buy,0.00054,0.20937,271.54
2025-04-29,carry,sell,-0.00044,0.11682,217.87
2025-04-29,volprem,buy,8e-05,0.04026,39.39
2025-04-29,xs_momentum,buy,0.0006,0.18972,299.8
2025-04-29,breakout,sell,-0.00053,0.14353,264.18
2025-04-29,crisis,sell,-5e-05,0.11104,27.39
2025-04-29,gmacro,buy,5e-05,0.06996,26.52
2025-04-29,bab,sell,-0.00026,0.11929,127.81
2025-04-30,trend_momentum,buy,0.00048,0.20985,240.26
2025-04-30,carry,buy,0.00059,0.11741,292.56
2025-04-30,volprem,sell,-0.00018,0.04008,89.56
2025-04-30,xs_momentum,sell,-0.00106,0.18866,531.06
2025-04-30,breakout,sell,-0.00057,0.14296,283.92
2025-04-30,crisis,sell,-0.00048,0.11056,241.8
2025-04-30,gmacro,sell,-0.00033,0.06963,163.65
2025-04-30,bab,buy,0.00155,0.12084,777.17
2025-05-01,trend_momentum,sell,-0.00146,0.20839,728.11
2025-05-01,carry,buy,0.00162,0.11903,808.96
2025-05-01,volprem,sell,-0.00026,0.03983,129.21
2025-05-01,xs_momentum,sell,-0.00074,0.18793,367.77
2025-05-01,breakout,sell,-7e-05,0.1429,34.67
2025-05-01,crisis,sell,-0.00062,0.10993,311.56
2025-05-01,gmacro,buy,0.00077,0.07041,385.55
2025-05-01,bab,buy,0.00075,0.1216,376.8
2025-05-02,trend_momentum,sell,-0.00718,0.20121,3590.83
2025-05-02,carry,sell,-0.00888,0.11015,4439.35
2025-05-02,volprem,sell,-0.00301,0.03682,1504.46
2025-05-02,xs_momentum,buy,0.00386,0.19179,1932.05
2025-05-02,breakout,sell,-0.00694,0.13595,3471.22
2025-05-02,crisis,buy,0.02024,0.13018,10122.41
2025-05-02,gmacro,sell,-0.00533,0.06507,2667.09
2025-05-02,bab,buy,0.00724,0.12883,3618.49
2025-05-03,trend_momentum,buy,0.0207,0.2219,10347.95
2025-05-03,carry,sell,-1e-05,0.11014,6.1
2025-05-03,volprem,sell,-0.03682,0.0,18408.74
2025-05-03,xs_momentum,buy,0.00203,0.19382,1013.94
2025-05-03,breakout,buy,0.00327,0.13923,1636.3
2025-05-03,crisis,buy,0.00071,0.13089,354.36
2025-05-03,gmacro,buy,0.0003,0.06538,151.92
2025-05-03,bab,buy,0.00982,0.13865,4910.36
2025-05-04,trend_momentum,buy,2e-05,0.22193,11.43
2025-05-04,carry,sell,-1e-05,0.11013,3.24
2025-05-04,xs_momentum,sell,-0.001,0.19281,502.01
2025-05-04,breakout,buy,0.00016,0.13939,80.01
2025-05-04,gmacro,buy,0.00011,0.06548,53.24
2025-05-04,bab,buy,0.00072,0.13938,360.84
2025-05-05,trend_momentum,sell,-0.00674,0.21519,3370.95
2025-05-05,carry,sell,-0.00323,0.1069,1613.97
2025-05-05,volprem,buy,0.03543,0.03543,17715.22
2025-05-05,xs_momentum,sell,-0.00777,0.18504,3886.06
2025-05-05,breakout,sell,-0.0056,0.13379,2799.8
2025-05-05,crisis,sell,-0.00565,0.12524,2825.83
2025-05-05,gmacro,sell,-0.00264,0.06284,1320.73
2025-05-05,bab,sell,-0.0038,0.13558,1897.87
2025-05-06,trend_momentum,sell,-0.00157,0.21361,786.67
2025-05-06,carry,sell,-0.00252,0.10438,1262.01
2025-05-06,volprem,sell,-0.00058,0.03485,291.03
2025-05-06,xs_momentum,buy,0.01237,0.19741,6182.95
2025-05-06,breakout,sell,-0.00316,0.13063,1578.68
2025-05-06,crisis,sell,-0.00212,0.12311,1061.67
2025-05-06,gmacro,buy,0.00038,0.06322,187.88
2025-05-06,bab,sell,-0.00278,0.1328,1390.77
2025-05-07,trend_momentum,buy,0.00085,0.21446,423.7
2025-05-07,carry,sell,-0.00227,0.10211,1134.21
2025-05-07,volprem,buy,0.00026,0.03511,130.94
2025-05-07,xs_momentum,buy,0.00134,0.19875,671.17
2025-05-07,breakout,buy,0.00083,0.13146,416.14
2025-05-07,crisis,buy,0.00085,0.12396,425.0
2025-05-07,gmacro,buy,0.00041,0.06363,204.43
2025-05-07,bab,sell,-0.00227,0.13052,1137.17
2025-05-08,trend_momentum,buy,0.00045,0.21491,223.74
2025-05-08,carry,sell,-0.00018,0.10193,88.66
2025-05-08,volprem,buy,0.00011,0.03522,54.74
2025-05-08,xs_momentum,sell,-0.00252,0.19623,1262.18
2025-05-08,breakout,buy,0.00027,0.13173,133.99
2025-05-08,crisis,buy,0.00016,0.12412,78.45
2025-05-08,gmacro,buy,0.00017,0.0638,86.57
2025-05-08,bab,buy,0.00155,0.13207,773.36
2025-05-09,trend_momentum,sell,-0.0088,0.20611,4400.49
2025-05-09,carry,buy,0.00091,0.10284,454.46
2025-05-09,volprem,buy,0.00061,0.03583,304.39
2025-05-09,xs_momentum,buy,0.00322,0.19945,1609.81
2025-05-09,breakout,sell,-0.00128,0.13045,640.33
2025-05-09,crisis,buy,0.00506,0.12918,2532.28
2025-05-09,gmacro,buy,0.00026,0.06406,131.74
2025-05-09,bab,buy,2e-05,0.13209,8.14
2025-05-10,trend_momentum,buy,0.01859,0.2247,9297.44
2025-05-10,carry,sell,-0.0137,0.08914,6848.97
2025-05-10,volprem,sell,-0.03583,0.0,17914.26
2025-05-10,xs_momentum,buy,0.01061,0.21005,5302.77
2025-05-10,breakout,buy,0.00363,0.13408,1814.22
2025-05-10,crisis,buy,0.00592,0.1351,2958.05
2025-05-10,gmacro,buy,0.00248,0.06654,1239.02
2025-05-10,bab,buy,0.0083,0.14039,4151.73
2025-05-11,trend_momentum,buy,0.00099,0.22569,492.92
2025-05-11,carry,sell,-0.00034,0.0888,170.46
2025-05-11,xs_momentum,buy,0.00503,0.21508,2513.19
2025-05-11,breakout,buy,0.00354,0.13762,1771.18
2025-05-11,crisis,sell,-0.00656,0.12854,3280.09
2025-05-11,gmacro,buy,0.00254,0.06908,1272.16
2025-05-11,bab,sell,-0.0052,0.13519,2598.89
2025-05-12,trend_momentum,sell,-0.00766,0.21803,3827.86
2025-05-12,carry,sell,-0.00291,0.0859,1452.92
2025-05-12,volprem,buy,0.03695,0.03695,18476.35
2025-05-12,xs_momentum,sell,-0.00639,0.20869,3193.61
2025-05-12,breakout,sell,-0.00346,0.13415,1731.9
2025-05-12,crisis,sell,-0.00846,0.12008,4229.37
2025-05-12,gmacro,sell,-0.00213,0.06696,1063.15
2025-05-12,bab,sell,-0.00596,0.12924,2977.53
2025-05-13,trend_momentum,buy,0.00181,0.21984,904.05
2025-05-13,carry,sell,-0.00021,0.08569,104.16
2025-05-13,volprem,buy,2e-05,0.03698,11.64
2025-05-13,xs_momentum,sell,-0.00169,0.207,845.85
2025-05-13,breakout,sell,-0.00033,0.13383,164.84
2025-05-13,crisis,buy,0.00081,0.12089,404.37
2025-05-13,gmacro,sell,-8e-05,0.06688,39.02
2025-05-13,bab,sell,-0.00033,0.12891,166.19
2025-05-14,trend_momentum,buy,0.00484,0.22468,2419.97
2025-05-14,carry,buy,0.00048,0.08617,239.48
2025-05-14,volprem,buy,0.00036,0.03733,177.97
2025-05-14,xs_momentum,sell,-0.01055,0.19645,5273.57
2025-05-14,breakout,buy,0.00135,0.13518,676.87
2025-05-14,crisis,buy,0.00228,0.12317,1140.35
2025-05-14,gmacro,buy,0.0005,0.06738,250.45
2025-05-14,bab,buy,0.00074,0.12964,368.47
2025-05-15,trend_momentum,sell,-0.00025,0.22443,125.8
2025-05-15,carry,buy,4e-05,0.08621,21.35
2025-05-15,volprem,buy,6e-05,0.03739,31.38
2025-05-15,xs_momentum,sell,-0.00115,0.1953,575.22
2025-05-15,breakout,buy,0.0001,0.13528,49.96
2025-05-15,crisis,sell,-7e-05,0.1231,33.16
2025-05-15,gmacro,buy,0.00034,0.06772,168.28
2025-05-15,bab,buy,0.00093,0.13057,463.2
2025-05-16,trend_momentum,buy,0.00026,0.22469,129.62
2025-05-16,carry,buy,0.00051,0.08672,254.42
2025-05-16,volprem,buy,0.00035,0.03775,176.79
2025-05-16,xs_momentum,sell,-0.00414,0.19116,2070.53
2025-05-16,breakout,buy,0.0013,0.13657,647.72
2025-05-16,crisis,buy,0.00021,0.12332,106.6
2025-05-16,gmacro,buy,0.00071,0.06843,354.74
2025-05-16,bab,buy,0.0008,0.13137,400.64
2025-05-17,trend_momentum,buy,0.00691,0.23159,3452.94
2025-05-17,carry,buy,0.00246,0.08917,1227.56
2025-05-17,volprem,sell,-0.03775,0.0,18874.13
2025-05-17,xs_momentum,buy,0.01202,0.20318,6009.89
2025-05-17,breakout,buy,0.00521,0.14179,2605.72
2025-05-17,crisis,buy,0.00388,0.12719,1938.82
2025-05-17,gmacro,buy,0.00205,0.07048,1026.68
2025-05-17,bab,buy,0.00523,0.1366,2612.52
2025-05-18,trend_momentum,buy,0.00108,0.23267,538.17
2025-05-18,carry,buy,0.00035,0.08952,176.05
2025-05-18,xs_momentum,sell,-0.00208,0.20109,1042.09
2025-05-18,breakout,buy,0.0001,0.14189,51.59
2025-05-18,crisis,buy,0.00028,0.12748,141.97
2025-05-18,gmacro,buy,7e-05,0.07055,33.11
2025-05-18,bab,buy,0.0002,0.1368,101.21
2025-05-19,trend_momentum,sell,-0.00587,0.2268,2934.48
2025-05-19,carry,sell,-0.00196,0.08757,979.7
2025-05-19,volprem,buy,0.03794,0.03794,18972.2
2025-05-19,xs_momentum,sell,-0.01482,0.18627,7412.46
2025-05-19,breakout,sell,-0.00313,0.13876,1562.6
2025-05-19,crisis,sell,-0.00744,0.12004,3720.81
2025-05-19,gmacro,sell,-0.00183,0.06872,912.93
2025-05-19,bab,sell,-0.0029,0.1339,1449.22
2025-05-20,trend_momentum,sell,-0.00042,0.22638,208.79
2025-05-20,carry,sell,-0.00018,0.08739,89.06
2025-05-20,volprem,buy,5e-05,0.03799,23.55
2025-05-20,xs_momentum,buy,0.00147,0.18774,733.82
2025-05-20,breakout,buy,3e-05,0.13879,14.9
2025-05-20,crisis,buy,4e-05,0.12008,19.64
2025-05-20,gmacro,sell,-5e-05,0.06867,24.98
2025-05-20,bab,sell,-0.00094,0.13296,469.08
2025-05-21,trend_momentum,sell,-0.00072,0.22566,359.29
2025-05-21,carry,sell,-0.00051,0.08688,255.91
2025-05-21,volprem,sell,-7e-05,0.03792,36.73
2025-05-21,xs_momentum,buy,0.00262,0.19035,1308.11
2025-05-21,breakout,sell,-0.00031,0.13848,156.51
2025-05-21,crisis,sell,-0.00035,0.11972,175.88
2025-05-21,gmacro,sell,-0.00023,0.06844,113.36
2025-05-21,bab,sell,-0.00042,0.13254,210.42
2025-05-22,trend_momentum,buy,0.0007,0.22636,348.24
2025-05-22,carry,buy,0.00025,0.08712,122.91
2025-05-22,volprem,buy,0.00019,0.03811,96.81
2025-05-22,xs_momentum,sell,-0.00177,0.18859,882.74
2025-05-22,breakout,buy,0.00122,0.1397,610.42
2025-05-22,crisis,sell,-0.00071,0.11901,356.69
2025-05-22,gmacro,buy,0.0013,0.06974,648.53
2025-05-22,bab,sell,-0.00117,0.13137,587.49
2025-05-23,trend_momentum,sell,-0.00118,0.22518,592.39
2025-05-23,carry,buy,0.00041,0.08753,203.27
2025-05-23,volprem,buy,4e-05,0.03815,18.64
2025-05-23,xs_momentum,sell,-0.00182,0.18677,908.99
2025-05-23,breakout,buy,0.00024,0.13994,120.91
2025-05-23,crisis,buy,0.00011,0.11912,52.54
2025-05-23,gmacro,buy,0.00259,0.07233,1296.13
2025-05-23,bab,sell,-0.00038,0.13098,190.11
2025-05-24,trend_momentum,buy,0.00681,0.23198,3403.55
2025-05-24,carry,buy,0.00299,0.09052,1496.52
2025-05-24,volprem,sell,-0.03815,0.0,19074.46
2025-05-24,xs_momentum,buy,0.00705,0.19382,3525.36
2025-05-24,breakout,buy,0.00783,0.14777,3913.84
2025-05-24,crisis,buy,0.00587,0.12499,2937.34
2025-05-24,gmacro,buy,0.00429,0.07662,2145.33
2025-05-24,bab,buy,0.00331,0.13429,1652.53
2025-05-25,trend_momentum,sell,-5e-05,0.23193,25.83
2025-05-25,carry,buy,0.00043,0.09095,216.04
2025-05-25,xs_momentum,buy,0.00084,0.19466,421.1
2025-05-25,breakout,buy,1e-05,0.14778,6.32
2025-05-25,crisis,sell,-0.00016,0.12483,81.53
2025-05-25,gmacro,buy,0.00035,0.07697,174.37
2025-05-25,bab,sell,-0.00142,0.13287,710.46
2025-05-26,trend_momentum,buy,0.00163,0.23356,816.47
2025-05-26,carry,sell,-0.00016,0.09079,81.51
2025-05-26,xs_momentum,buy,0.00014,0.19481,72.27
2025-05-26,breakout,sell,-0.00038,0.1474,190.76
2025-05-26,crisis,sell,-0.00102,0.12381,510.88
2025-05-26,gmacro,buy,0.00029,0.07727,146.49
2025-05-26,bab,sell,-0.0005,0.13236,252.08
2025-05-27,trend_momentum,sell,-0.00937,0.2242,4683.58
2025-05-27,carry,sell,-0.00373,0.08706,1866.28
2025-05-27,volprem,buy,0.03794,0.03794,18969.79
2025-05-27,xs_momentum,sell,-0.00678,0.18803,3389.59
2025-05-27,breakout,sell,-0.00588,0.14152,2941.87
2025-05-27,crisis,sell,-0.00456,0.11925,2279.96
2025-05-27,gmacro,sell,-0.00303,0.07424,1514.24
2025-05-27,bab,sell,-0.00459,0.12778,2294.27
2025-05-28,trend_momentum,buy,0.00094,0.22513,468.81
2025-05-28,carry,sell,-0.00107,0.08598,537.3
2025-05-28,volprem,sell,-0.00064,0.0373,317.67
2025-05-28,xs_momentum,sell,-0.0027,0.18533,1351.13
2025-05-28,breakout,buy,0.0014,0.14292,698.55
2025-05-28,crisis,sell,-0.00371,0.11554,1855.07
2025-05-28,gmacro,buy,0.00793,0.08216,3962.52
2025-05-28,bab,sell,-0.00214,0.12564,1068.71
2025-05-29,trend_momentum,sell,-0.001,0.22414,498.23
2025-05-29,carry,sell,-0.00061,0.08537,303.94
2025-05-29,volprem,sell,-0.0001,0.03721,49.61
2025-05-29,xs_momentum,sell,-0.00045,0.18488,225.43
2025-05-29,breakout,buy,0.00261,0.14553,1307.23
2025-05-29,crisis,sell,-0.00045,0.11509,224.23
2025-05-29,gmacro,buy,0.0005,0.08266,251.24
2025-05-29,bab,sell,-0.00051,0.12512,257.03
2025-05-30,trend_momentum,sell,-0.00082,0.22332,410.48
2025-05-30,carry,buy,0.00052,0.08589,259.76
2025-05-30,volprem,buy,0.00016,0.03736,79.66
2025-05-30,xs_momentum,sell,-0.00194,0.18294,969.89
2025-05-30,breakout,sell,-4e-05,0.14549,18.91
2025-05-30,crisis,sell,-0.00014,0.11495,67.57
2025-05-30,gmacro,buy,0.00164,0.08431,821.94
2025-05-30,bab,buy,0.00061,0.12574,305.49
2025-05-31,trend_momentum,buy,0.00633,0.22964,3162.67
2025-05-31,carry,buy,0.00405,0.08994,2024.39
2025-05-31,volprem,sell,-0.03736,0.0,18682.17
2025-05-31,xs_momentum,buy,0.00877,0.1917,4382.81
2025-05-31,breakout,buy,0.00623,0.15172,3113.55
2025-05-31,crisis,buy,0.00501,0.11996,2505.99
2025-05-31,gmacro,buy,0.00305,0.08736,1525.49
2025-05-31,bab,buy,0.00393,0.12967,1967.26
2025-06-01,trend_momentum,sell,-0.00199,0.22765,994.59
2025-06-01,carry,buy,0.00872,0.09866,4359.16
2025-06-01,xs_momentum,sell,-0.00224,0.18946,1118.56
2025-06-01,breakout,sell,-0.00111,0.15061,555.82
2025-06-01,crisis,sell,-0.00111,0.11885,555.39
2025-06-01,gmacro,sell,-0.00092,0.08644,459.62
2025-06-01,bab,sell,-0.00135,0.12832,675.19
2025-06-02,trend_momentum,sell,-0.01206,0.21559,6031.9
2025-06-02,carry,buy,0.00125,0.09991,625.81
2025-06-02,volprem,buy,0.03663,0.03663,18313.38
2025-06-02,xs_momentum,sell,-0.00839,0.18108,4193.14
2025-06-02,breakout,sell,-0.0,0.1506,2.48
2025-06-02,crisis,sell,-0.00627,0.11258,3134.73
2025-06-02,gmacro,sell,-0.00436,0.08208,2181.17
2025-06-02,bab,sell,-0.00679,0.12153,3395.76
2025-06-03,trend_momentum,buy,0.01236,0.22795,6179.01
2025-06-03,carry,sell,-0.00152,0.09839,761.41
2025-06-03,volprem,sell,-0.00056,0.03607,279.9
2025-06-03,xs_momentum,sell,-0.0031,0.17798,1548.31
2025-06-03,breakout,sell,-0.0023,0.1483,1150.07
2025-06-03,crisis,sell,-0.00233,0.11026,1163.29
2025-06-03,gmacro,sell,-0.0002,0.08187,101.5
2025-06-03,bab,sell,-0.00235,0.11918,1174.52
2025-06-04,trend_momentum,buy,0.00904,0.23699,4519.91
2025-06-04,carry,sell,-0.00263,0.09577,1312.52
2025-06-04,volprem,sell,-0.00089,0.03517,447.34
2025-06-04,xs_momentum,buy,0.00434,0.18232,2170.42
2025-06-04,breakout,sell,-0.00352,0.14479,1758.17
2025-06-04,crisis,sell,-0.00259,0.10767,1292.61
2025-06-04,gmacro,sell,-0.0025,0.07937,1250.48
2025-06-04,bab,sell,-0.00126,0.11792,629.21
2025-06-05,trend_momentum,sell,-0.00556,0.23143,2779.56
2025-06-05,carry,sell,-0.00283,0.09293,1416.95
2025-06-05,volprem,sell,-0.00069,0.03448,344.01
2025-06-05,xs_momentum,sell,-0.00447,0.17785,2236.59
2025-06-05,breakout,sell,-0.00348,0.1413,1740.93
2025-06-05,crisis,sell,-0.00294,0.10473,1470.83
2025-06-05,gmacro,buy,0.02117,0.10054,10584.62
2025-06-05,bab,sell,-0.00119,0.11673,595.75
2025-06-06,trend_momentum,sell,-0.00654,0.22489,3270.65
2025-06-06,carry,sell,-0.0032,0.08973,1600.47
2025-06-06,volprem,sell,-0.00073,0.03375,364.77
2025-06-06,xs_momentum,sell,-0.00128,0.17657,638.78
2025-06-06,breakout,buy,0.01807,0.15938,9037.1
2025-06-06,crisis,buy,0.00381,0.10854,1907.03
2025-06-06,gmacro,sell,-0.0059,0.09464,2951.34
2025-06-06,bab,sell,-0.00424,0.11249,2118.11
2025-06-07,trend_momentum,buy,0.00823,0.23312,4114.83
2025-06-07,carry,buy,0.00301,0.09274,1505.79
2025-06-07,volprem,sell,-0.03375,0.0,16877.36
2025-06-07,xs_momentum,buy,0.00146,0.17803,729.23
2025-06-07,breakout,buy,0.0067,0.16608,3349.51
2025-06-07,crisis,buy,0.00454,0.11309,2270.43
2025-06-07,gmacro,buy,0.00367,0.09831,1835.09
2025-06-07,bab,buy,0.00614,0.11864,3072.48
2025-06-08,trend_momentum,sell,-0.00312,0.23,1558.27
2025-06-08,carry,sell,-0.00222,0.09052,1111.04
2025-06-08,xs_momentum,buy,0.00406,0.18209,2030.07
2025-06-08,breakout,buy,0.00086,0.16694,429.41
2025-06-08,crisis,buy,0.00032,0.1134,157.59
2025-06-08,gmacro,buy,0.00241,0.10072,1206.15
2025-06-08,bab,sell,-0.00231,0.11633,1153.91
2025-06-09,trend_momentum,buy,0.01173,0.24173,5866.94
2025-06-09,carry,sell,-0.01067,0.07985,5334.17
2025-06-09,volprem,buy,0.03031,0.03031,15155.87
2025-06-09,xs_momentum,sell,-0.01774,0.16435,8870.44
2025-06-09,breakout,sell,-0.01124,0.1557,5620.51
2025-06-09,crisis,buy,0.01709,0.13049,8544.99
2025-06-09,gmacro,sell,-0.00575,0.09497,2875.32
2025-06-09,bab,sell,-0.01373,0.1026,6867.36
2025-06-10,trend_momentum,sell,-0.00603,0.2357,3015.91
2025-06-10,carry,sell,-0.00202,0.07783,1011.72
2025-06-10,volprem,sell,-0.00061,0.02971,303.35
2025-06-10,xs_momentum,sell,-0.00509,0.15926,2547.05
2025-06-10,breakout,sell,-0.00212,0.15357,1061.31
2025-06-10,crisis,sell,-0.00102,0.12947,508.46
2025-06-10,gmacro,buy,0.01704,0.11201,8517.9
2025-06-10,bab,sell,-0.00014,0.10246,70.1
2025-06-11,trend_momentum,buy,0.00334,0.23904,1669.16
2025-06-11,carry,buy,0.00185,0.07968,925.65
2025-06-11,volprem,buy,0.00049,0.0302,245.11
2025-06-11,xs_momentum,sell,-0.00245,0.1568,1227.3
2025-06-11,breakout,buy,0.0044,0.15797,2199.72
2025-06-11,crisis,buy,0.0008,0.13028,401.5
2025-06-11,gmacro,sell,-0.01095,0.10105,5477.13
2025-06-11,bab,buy,0.00253,0.10498,1263.29
2025-06-12,trend_momentum,buy,0.00118,0.24022,588.35
2025-06-12,carry,buy,0.00057,0.08025,284.84
2025-06-12,volprem,buy,0.0004,0.03059,197.91
2025-06-12,xs_momentum,sell,-2e-05,0.15678,9.78
2025-06-12,breakout,buy,0.00258,0.16055,1290.44
2025-06-12,crisis,buy,0.00037,0.13064,182.63
2025-06-12,gmacro,sell,-0.00488,0.09617,2440.79
2025-06-12,bab,sell,-0.00019,0.10479,93.6
2025-06-13,trend_momentum,buy,0.00202,0.24223,1008.75
2025-06-13,carry,buy,0.00068,0.08093,339.51
2025-06-13,volprem,buy,0.0004,0.03099,198.39
2025-06-13,xs_momentum,buy,0.00072,0.1575,358.63
2025-06-13,breakout,buy,0.00763,0.16819,3817.44
2025-06-13,crisis,buy,0.00126,0.1319,628.96
2025-06-13,gmacro,sell,-0.01396,0.08221,6980.97
2025-06-13,bab,buy,0.00126,0.10605,629.29
2025-06-14,trend_momentum,buy,0.01053,0.25276,5262.52
2025-06-14,carry,buy,0.00338,0.08431,1690.98
2025-06-14,volprem,sell,-0.03099,0.0,15493.94
2025-06-14,xs_momentum,buy,0.00198,0.15948,991.05
2025-06-14,breakout,buy,0.00637,0.17456,3186.94
2025-06-14,crisis,buy,0.00541,0.13731,2706.3
2025-06-14,gmacro,sell,-0.00108,0.08113,541.63
2025-06-14,bab,buy,0.0044,0.11045,2197.77
2025-06-15,trend_momentum,sell,-0.00254,0.25022,1270.52
2025-06-15,carry,buy,5e-05,0.08436,23.0
2025-06-15,xs_momentum,buy,0.00204,0.16152,1020.56
2025-06-15,breakout,buy,0.00327,0.17784,1636.98
2025-06-15,crisis,sell,-0.00131,0.136,656.89
2025-06-15,gmacro,sell,-0.00063,0.0805,315.35
2025-06-15,bab,sell,-0.00088,0.10957,437.79
2025-06-16,trend_momentum,sell,-0.00929,0.24093,4644.24
2025-06-16,carry,sell,-0.00311,0.08125,1553.4
2025-06-16,volprem,buy,0.03094,0.03094,15470.27
2025-06-16,xs_momentum,sell,-0.00523,0.15629,2615.57
2025-06-16,breakout,sell,-0.00357,0.17427,1783.08
2025-06-16,crisis,sell,-0.0046,0.1314,2299.08
2025-06-16,gmacro,sell,-0.0029,0.0776,1448.68
2025-06-16,bab,sell,-0.00225,0.10732,1126.22
2025-06-17,trend_momentum,buy,0.0012,0.24212,597.7
2025-06-17,carry,buy,0.00017,0.08142,82.96
2025-06-17,volprem,buy,0.00016,0.0311,81.84
2025-06-17,xs_momentum,buy,0.00091,0.1572,454.45
2025-06-17,breakout,buy,5e-05,0.17432,27.33
2025-06-17,crisis,sell,-0.00114,0.13026,568.08
2025-06-17,gmacro,sell,-0.00073,0.07687,364.55
2025-06-17,bab,sell,-0.00062,0.1067,311.67
2025-06-18,trend_momentum,buy,0.00627,0.2484,3135.95
2025-06-18,carry,buy,0.00232,0.08373,1159.16
2025-06-18,volprem,buy,0.0009,0.032,447.96
2025-06-18,xs_momentum,sell,-0.00085,0.15635,424.64
2025-06-18,breakout,buy,0.00344,0.17777,1722.34
2025-06-18,crisis,sell,-0.00151,0.12876,754.58
2025-06-18,gmacro,sell,-0.01319,0.06368,6595.41
2025-06-18,bab,buy,0.00262,0.10932,1309.22
2025-06-19,trend_momentum,buy,0.00738,0.25577,3687.84
2025-06-19,carry,buy,0.00271,0.08644,1353.2
2025-06-19,volprem,sell,-0.032,0.0,16000.07
2025-06-19,xs_momentum,buy,0.0058,0.16215,2898.32
2025-06-19,breakout,buy,0.0073,0.18507,3649.6
2025-06-19,crisis,buy,0.00382,0.13258,1910.8
2025-06-19,gmacro,buy,0.00181,0.06549,905.47
2025-06-19,bab,buy,0.00319,0.11251,1594.84
2025-06-20,trend_momentum,sell,-0.00739,0.24839,3693.53
2025-06-20,carry,sell,-0.00294,0.0835,1470.44
2025-06-20,volprem,buy,0.03217,0.03217,16085.22
2025-06-20,xs_momentum,sell,-0.00491,0.15724,2454.48
2025-06-20,breakout,sell,-0.00602,0.17904,3011.55
2025-06-20,crisis,sell,-0.00431,0.12826,2156.18
2025-06-20,gmacro,sell,-0.00342,0.06208,1707.55
2025-06-20,bab,sell,-0.00318,0.10932,1591.48
2025-06-21,trend_momentum,buy,0.00876,0.25715,4380.33
2025-06-21,carry,buy,0.00313,0.08663,1564.3
2025-06-21,volprem,sell,-0.03217,0.0,16085.22
2025-06-21,xs_momentum,buy,0.00574,0.16297,2868.64
2025-06-21,breakout,buy,0.00597,0.18501,2983.49
2025-06-21,crisis,buy,0.00337,0.13164,1685.58
2025-06-21,gmacro,buy,0.0013,0.06337,648.75
2025-06-21,bab,buy,0.00391,0.11323,1954.13
2025-06-22,trend_momentum,sell,-0.00061,0.25653,306.24
2025-06-22,carry,buy,0.0057,0.09232,2847.77
2025-06-22,xs_momentum,sell,-0.00246,0.16052,1229.29
2025-06-22,breakout,buy,0.00963,0.19465,4816.64
2025-06-22,crisis,sell,-0.01222,0.11941,6110.85
2025-06-22,gmacro,buy,0.00025,0.06362,124.25
2025-06-22,bab,sell,-0.00028,0.11295,142.29
2025-06-23,trend_momentum,sell,-0.00386,0.25267,1929.58
2025-06-23,carry,sell,-0.00062,0.09171,307.69
2025-06-23,volprem,buy,0.03296,0.03296,16477.78
2025-06-23,xs_momentum,sell,-0.00242,0.15809,1211.65
2025-06-23,breakout,buy,0.00506,0.1997,2527.83
2025-06-23,crisis,sell,-0.02746,0.09196,13727.67
2025-06-23,gmacro,sell,-0.00078,0.06284,391.38
2025-06-23,bab,sell,-0.00288,0.11007,1437.63
2025-06-24,trend_momentum,buy,0.00811,0.26078,4054.61
2025-06-24,carry,buy,0.00159,0.0933,797.08
2025-06-24,volprem,buy,0.00136,0.03431,678.57
2025-06-24,xs_momentum,sell,-0.00243,0.15566,1216.2
2025-06-24,breakout,sell,-0.0124,0.18731,6197.54
2025-06-24,crisis,sell,-0.00152,0.09044,759.33
2025-06-24,gmacro,buy,0.00171,0.06454,853.32
2025-06-24,bab,buy,0.00358,0.11365,1789.49
2025-06-25,trend_momentum,sell,-0.00094,0.25984,472.05
2025-06-25,carry,sell,-0.00135,0.09196,673.19
2025-06-25,volprem,buy,0.00013,0.03444,65.08
2025-06-25,xs_momentum,sell,-0.00021,0.15545,103.18
2025-06-25,breakout,buy,0.00344,0.19074,1719.09
2025-06-25,crisis,sell,-0.00035,0.09009,177.36
2025-06-25,gmacro,sell,-0.00028,0.06427,137.81
2025-06-25,bab,sell,-0.00044,0.11321,220.59
2025-06-26,trend_momentum,buy,0.00111,0.26095,553.03
2025-06-26,carry,buy,0.00081,0.09277,405.39
2025-06-26,volprem,buy,0.00017,0.03461,82.94
2025-06-26,xs_momentum,buy,0.00054,0.156,270.9
2025-06-26,breakout,buy,0.00183,0.19258,916.94
2025-06-26,crisis,sell,-0.00034,0.08974,171.6
2025-06-26,gmacro,buy,0.00019,0.06446,95.24
2025-06-26,bab,sell,-0.00431,0.1089,2152.84
2025-06-27,trend_momentum,sell,-0.0,0.26094,1.32
2025-06-27,carry,buy,0.00087,0.09364,436.07
2025-06-27,volprem,buy,7e-05,0.03468,35.39
2025-06-27,xs_momentum,sell,-0.00295,0.15305,1472.77
2025-06-27,breakout,buy,0.00337,0.19595,1683.91
2025-06-27,crisis,sell,-0.00062,0.08913,308.04
2025-06-27,gmacro,sell,-0.0012,0.06326,600.89
2025-06-27,bab,buy,0.00046,0.10936,227.65
2025-06-28,trend_momentum,buy,0.01029,0.27123,5144.92
2025-06-28,carry,buy,0.00373,0.09737,1863.36
2025-06-28,volprem,sell,-0.03468,0.0,17339.76
2025-06-28,xs_momentum,buy,0.00322,0.15627,1607.83
2025-06-28,breakout,buy,0.00765,0.2036,3827.32
2025-06-28,crisis,buy,0.00335,0.09247,1672.66
2025-06-28,gmacro,buy,0.00213,0.06539,1066.12
2025-06-28,bab,buy,0.00432,0.11367,2157.56
2025-06-29,trend_momentum,buy,0.00178,0.27301,888.63
2025-06-29,carry,buy,0.00048,0.09785,240.77
2025-06-29,xs_momentum,sell,-0.00214,0.15413,1068.03
2025-06-29,breakout,sell,-0.00116,0.20244,579.83
2025-06-29,crisis,buy,0.0001,0.09257,49.44
2025-06-29,gmacro,buy,0.00043,0.06582,213.85
2025-06-29,bab,buy,0.00051,0.11418,255.18
2025-06-30,trend_momentum,sell,-0.00858,0.26443,4290.9
2025-06-30,carry,sell,-0.00312,0.09473,1557.95
2025-06-30,volprem,buy,0.03522,0.03522,17609.56
2025-06-30,xs_momentum,sell,-0.00709,0.14704,3547.19
2025-06-30,breakout,sell,-0.00851,0.19393,4254.85
2025-06-30,crisis,sell,-0.00392,0.08865,1959.8
2025-06-30,gmacro,sell,-0.00208,0.06373,1042.49
2025-06-30,bab,sell,-0.00191,0.11227,956.37
2025-07-01,trend_momentum,buy,0.00357,0.268,1786.58
2025-07-01,carry,buy,0.00121,0.09594,606.15
2025-07-01,volprem,buy,0.00048,0.0357,239.4
2025-07-01,xs_momentum,sell,-0.01066,0.13638,5328.24
2025-07-01,breakout,buy,0.00128,0.19521,640.26
2025-07-01,crisis,buy,5e-05,0.0887,26.81
2025-07-01,gmacro,buy,0.00045,0.06418,225.86
2025-07-01,bab,buy,0.00361,0.11588,1803.17
2025-07-02,trend_momentum,sell,-0.00818,0.25982,4090.93
2025-07-02,carry,sell,-0.00264,0.0933,1321.55
2025-07-02,volprem,buy,0.03303,0.06872,16513.44
2025-07-02,xs_momentum,sell,-0.00651,0.12987,3256.98
2025-07-02,breakout,sell,-0.00747,0.18775,3732.8
2025-07-02,crisis,sell,-0.00279,0.08591,1395.91
2025-07-02,gmacro,sell,-0.00194,0.06225,969.38
2025-07-02,bab,sell,-0.00349,0.11239,1745.88
2025-07-03,trend_momentum,buy,0.00035,0.26017,177.07
2025-07-03,carry,sell,-0.00223,0.09107,1115.44
2025-07-03,volprem,buy,0.01718,0.08591,8590.87
2025-07-03,xs_momentum,sell,-0.00388,0.12599,1937.7
2025-07-03,breakout,sell,-0.006,0.18175,2997.97
2025-07-03,crisis,sell,-0.00016,0.08575,80.17
2025-07-03,gmacro,buy,7e-05,0.06231,33.43
2025-07-03,bab,sell,-0.00534,0.10705,2670.11
2025-07-04,trend_momentum,buy,0.0244,0.28458,12201.0
2025-07-04,carry,buy,0.0087,0.09977,4350.53
2025-07-04,volprem,sell,-0.08591,0.0,42953.27
2025-07-04,xs_momentum,buy,0.01185,0.13784,5925.11
2025-07-04,breakout,buy,0.01704,0.19879,8522.44
2025-07-04,crisis,buy,0.00792,0.09367,3960.77
2025-07-04,gmacro,buy,0.00563,0.06795,2816.24
2025-07-04,bab,buy,0.01035,0.1174,5177.17
2025-07-05,trend_momentum,buy,0.00034,0.28492,172.4
2025-07-05,carry,buy,0.00077,0.10054,382.73
2025-07-05,xs_momentum,sell,-0.00051,0.13733,256.09
2025-07-05,breakout,buy,0.00077,0.19957,387.17
2025-07-05,crisis,sell,-0.00135,0.09232,675.68
2025-07-05,gmacro,sell,-7e-05,0.06787,36.87
2025-07-05,bab,buy,5e-05,0.11745,26.34
2025-07-06,trend_momentum,sell,-0.00137,0.28355,684.47
2025-07-06,carry,buy,0.00209,0.10263,1046.33
2025-07-06,xs_momentum,sell,-0.00066,0.13667,330.42
2025-07-06,breakout,sell,-0.00094,0.19863,471.68
2025-07-06,crisis,sell,-0.00045,0.09187,226.57
2025-07-06,gmacro,sell,-0.00021,0.06766,105.76
2025-07-06,bab,buy,0.00155,0.119,772.57
2025-07-07,trend_momentum,sell,-0.06277,0.22078,31383.44
2025-07-07,carry,sell,-0.02248,0.08015,11241.33
2025-07-07,volprem,buy,0.22078,0.22078,110392.37
2025-07-07,xs_momentum,sell,-0.02947,0.1072,14733.43
2025-07-07,breakout,sell,-0.04402,0.15461,22009.19
2025-07-07,crisis,sell,-0.02063,0.07123,10317.34
2025-07-07,gmacro,sell,-0.01491,0.05275,7452.65
2025-07-07,bab,sell,-0.02651,0.09249,13254.97
2025-07-08,trend_momentum,sell,-0.00328,0.21751,1637.93
2025-07-08,carry,sell,-0.00111,0.07904,554.27
2025-07-08,volprem,sell,-0.00328,0.21751,1637.93
2025-07-08,xs_momentum,sell,-0.00207,0.10513,1033.72
2025-07-08,breakout,buy,0.01307,0.16768,6533.88
2025-07-08,crisis,sell,-0.00272,0.06852,1358.65
2025-07-08,gmacro,sell,-0.00442,0.04833,2212.03
2025-07-08,bab,buy,0.0038,0.09629,1900.66
2025-07-09,trend_momentum,sell,-0.00652,0.21099,3259.48
2025-07-09,carry,buy,0.02381,0.10284,11903.35
2025-07-09,volprem,sell,-0.00652,0.21099,3259.48
2025-07-09,xs_momentum,sell,-0.00362,0.10151,1809.94
2025-07-09,breakout,buy,0.00116,0.16884,580.75
2025-07-09,crisis,sell,-0.00226,0.06626,1128.62
2025-07-09,gmacro,sell,-0.00167,0.04666,835.85
2025-07-09,bab,sell,-0.00438,0.09191,2190.74
2025-07-10,trend_momentum,sell,-0.00191,0.20908,956.45
2025-07-10,carry,buy,0.00848,0.11133,4242.13
2025-07-10,volprem,sell,-0.00494,0.20605,2471.46
2025-07-10,xs_momentum,sell,-0.00095,0.10056,475.7
2025-07-10,breakout,sell,-0.00664,0.1622,3319.32
2025-07-10,crisis,buy,0.00139,0.06765,696.46
2025-07-10,gmacro,sell,-0.00187,0.04478,937.46
2025-07-10,bab,buy,0.00644,0.09835,3221.79
2025-07-11,trend_momentum,buy,0.00787,0.21695,3935.84
2025-07-11,carry,buy,0.00389,0.11522,1946.49
2025-07-11,volprem,sell,-0.01144,0.1946,5722.27
2025-07-11,xs_momentum,buy,0.00032,0.10088,161.12
2025-07-11,breakout,sell,-0.01043,0.15176,5217.3
2025-07-11,crisis,buy,0.00304,0.0707,1522.25
2025-07-11,gmacro,buy,0.00169,0.04648,847.35
2025-07-11,bab,buy,0.00505,0.1034,2526.52
2025-07-12,trend_momentum,buy,0.05665,0.2736,28323.31
2025-07-12,carry,buy,0.03088,0.1461,15438.71
2025-07-12,volprem,sell,-0.1946,0.0,97301.23
2025-07-12,xs_momentum,buy,0.0269,0.12779,13452.47
2025-07-12,breakout,buy,0.03986,0.19162,19928.14
2025-07-12,crisis,buy,0.01818,0.08888,9089.87
2025-07-12,gmacro,buy,0.01217,0.05865,6084.97
2025-07-12,bab,buy,0.00997,0.11337,4983.77
2025-07-13,trend_momentum,sell,-0.00121,0.27239,604.59
2025-07-13,carry,buy,0.00113,0.14723,565.75
2025-07-13,xs_momentum,buy,0.00356,0.13134,1778.0
2025-07-13,breakout,sell,-0.00123,0.19039,615.95
2025-07-13,crisis,sell,-0.00034,0.08854,169.74
2025-07-13,gmacro,sell,-0.00025,0.0584,126.75
2025-07-13,bab,sell,-0.00165,0.11172,826.72
2025-07-14,trend_momentum,sell,-0.04465,0.22774,22324.44
2025-07-14,carry,sell,-0.0328,0.11443,16399.07
2025-07-14,volprem,buy,0.17401,0.17401,87004.03
2025-07-14,xs_momentum,sell,-0.02133,0.11002,10663.02
2025-07-14,breakout,sell,-0.03119,0.1592,15592.81
2025-07-14,crisis,sell,-0.01594,0.0726,7970.39
2025-07-14,gmacro,sell,-0.00952,0.04888,4757.51
2025-07-14,bab,sell,-0.01859,0.09313,9296.79
2025-07-15,trend_momentum,buy,0.00838,0.23611,4188.25
2025-07-15,carry,buy,0.00446,0.11889,2227.94
2025-07-15,volprem,sell,-0.02776,0.14625,13878.95
2025-07-15,xs_momentum,buy,0.0033,0.11332,1649.84
2025-07-15,breakout,buy,0.00446,0.16367,2232.33
2025-07-15,crisis,buy,0.00254,0.07514,1270.65
2025-07-15,gmacro,buy,0.00176,0.05064,879.88
2025-07-15,bab,buy,0.00286,0.09599,1430.07
2025-07-16,trend_momentum,buy,0.00535,0.24147,2675.84
2025-07-16,carry,buy,0.00048,0.11936,238.51
2025-07-16,volprem,sell,-0.0102,0.13605,5099.99
2025-07-16,xs_momentum,buy,0.00276,0.11607,1378.25
2025-07-16,breakout,buy,0.00292,0.16659,1462.39
2025-07-16,crisis,sell,-0.00084,0.0743,420.35
2025-07-16,gmacro,buy,0.00087,0.0515,432.54
2025-07-16,bab,sell,-0.00133,0.09465,667.18
2025-07-17,trend_momentum,buy,0.00203,0.24349,1014.12
2025-07-17,carry,sell,-0.00485,0.11451,2426.71
2025-07-17,volprem,sell,-0.00153,0.13453,762.51
2025-07-17,xs_momentum,buy,0.00147,0.11755,736.45
2025-07-17,breakout,buy,0.0005,0.16709,247.89
2025-07-17,crisis,buy,0.00074,0.07504,370.59
2025-07-17,gmacro,buy,0.00045,0.05195,224.01
2025-07-17,bab,buy,0.00119,0.09584,596.15
2025-07-18,trend_momentum,buy,0.01037,0.25386,5183.08
2025-07-18,carry,sell,-0.00757,0.10694,3785.5
2025-07-18,volprem,sell,-0.00899,0.12554,4494.46
2025-07-18,xs_momentum,buy,0.00716,0.1247,3578.12
2025-07-18,breakout,buy,0.00404,0.17112,2018.45
2025-07-18,crisis,buy,0.00138,0.07642,688.51
2025-07-18,gmacro,buy,0.00201,0.05396,1005.17
2025-07-18,bab,sell,-0.00839,0.08746,4193.36
2025-07-19,trend_momentum,buy,0.03684,0.2907,18418.69
2025-07-19,carry,buy,0.01553,0.12247,7766.18
2025-07-19,volprem,sell,-0.12554,0.0,62768.12
2025-07-19,xs_momentum,buy,0.01784,0.14254,8919.55
2025-07-19,breakout,buy,0.02409,0.19522,12046.53
2025-07-19,crisis,buy,0.01085,0.08727,5427.13
2025-07-19,gmacro,buy,0.00783,0.06179,3914.87
2025-07-19,bab,buy,0.01255,0.10001,6275.17
2025-07-20,trend_momentum,buy,0.00083,0.29153,415.03
2025-07-20,carry,sell,-0.00035,0.12212,175.23
2025-07-20,xs_momentum,buy,0.00023,0.14277,112.7
2025-07-20,breakout,sell,-0.00019,0.19503,96.11
2025-07-20,crisis,buy,0.00016,0.08743,81.07
2025-07-20,gmacro,buy,0.00017,0.06197,87.18
2025-07-20,bab,sell,-0.00085,0.09916,424.64
2025-07-21,trend_momentum,sell,-0.03408,0.25745,17039.45
2025-07-21,carry,sell,-0.01422,0.1079,7112.48
2025-07-21,volprem,buy,0.11765,0.11765,58823.45
2025-07-21,xs_momentum,sell,-0.01533,0.12744,7664.87
2025-07-21,breakout,sell,-0.02314,0.17189,11567.63
2025-07-21,crisis,sell,-0.01228,0.07515,6138.9
2025-07-21,gmacro,sell,-0.00726,0.05471,3628.57
2025-07-21,bab,sell,-0.01134,0.08781,5671.55
2025-07-22,trend_momentum,buy,0.0013,0.25875,648.98
2025-07-22,carry,sell,-0.00371,0.10418,1856.92
2025-07-22,volprem,sell,-0.00026,0.11739,128.35
2025-07-22,xs_momentum,buy,0.00236,0.1298,1182.08
2025-07-22,breakout,buy,0.00094,0.17283,468.57
2025-07-22,crisis,buy,0.0002,0.07535,98.25
2025-07-22,gmacro,buy,0.00016,0.05487,77.84
2025-07-22,bab,sell,-0.00098,0.08683,490.46
2025-07-23,trend_momentum,buy,0.00326,0.26201,1631.16
2025-07-23,carry,buy,0.00214,0.10632,1068.12
2025-07-23,volprem,sell,-0.00596,0.11143,2978.36
2025-07-23,xs_momentum,sell,-0.00558,0.12422,2791.97
2025-07-23,breakout,buy,0.00225,0.17508,1126.15
2025-07-23,crisis,buy,0.00039,0.07574,193.2
2025-07-23,gmacro,buy,0.00099,0.05585,493.39
2025-07-23,bab,buy,0.00252,0.08935,1258.29
2025-07-24,trend_momentum,buy,0.00569,0.2677,2845.26
2025-07-24,carry,sell,-0.01213,0.09418,6067.33
2025-07-24,volprem,sell,-0.00183,0.1096,915.57
2025-07-24,xs_momentum,buy,0.00098,0.1252,488.07
2025-07-24,breakout,buy,0.00343,0.17851,1713.72
2025-07-24,crisis,buy,0.00164,0.07738,819.54
2025-07-24,gmacro,buy,0.00121,0.05706,604.67
2025-07-24,bab,buy,0.00102,0.09037,511.63
2025-07-25,trend_momentum,buy,0.00582,0.27352,2911.26
2025-07-25,carry,buy,0.00205,0.09623,1023.57
2025-07-25,volprem,sell,-0.01696,0.09264,8479.4
2025-07-25,xs_momentum,buy,0.00193,0.12712,963.41
2025-07-25,breakout,buy,0.0038,0.18231,1900.1
2025-07-25,crisis,buy,0.00075,0.07813,374.45
2025-07-25,gmacro,buy,0.00122,0.05828,609.61
2025-07-25,bab,buy,0.00139,0.09177,697.0
2025-07-26,trend_momentum,buy,0.02827,0.30179,14135.1
2025-07-26,carry,buy,0.01003,0.10627,5017.25
2025-07-26,volprem,sell,-0.09264,0.0,46321.78
2025-07-26,xs_momentum,buy,0.01296,0.14008,6479.76
2025-07-26,breakout,buy,0.01874,0.20104,9368.5
2025-07-26,crisis,buy,0.00785,0.08597,3923.43
2025-07-26,gmacro,buy,0.00529,0.06357,2643.28
2025-07-26,bab,buy,0.00951,0.10128,4754.46
2025-07-27,trend_momentum,buy,0.02098,0.32277,10487.58
2025-07-27,carry,buy,0.00723,0.11349,3613.33
2025-07-27,xs_momentum,buy,0.0098,0.14989,4902.42
2025-07-27,breakout,buy,0.01164,0.21268,5820.11
2025-07-27,crisis,buy,0.00697,0.09294,3486.03
2025-07-27,gmacro,sell,-0.06357,0.0,31783.95
2025-07-27,bab,buy,0.00695,0.10823,3474.48
2025-07-28,trend_momentum,sell,-0.04653,0.27624,23264.24
2025-07-28,carry,sell,-0.01604,0.09745,8019.94
2025-07-28,volprem,buy,0.08943,0.08943,44712.71
2025-07-28,xs_momentum,sell,-0.0216,0.12829,10800.08
2025-07-28,breakout,sell,-0.03075,0.18194,15373.01
2025-07-28,crisis,sell,-0.01435,0.07859,7176.37
2025-07-28,gmacro,buy,0.05831,0.05831,29153.6
2025-07-28,bab,sell,-0.01847,0.08976,9232.67
2025-07-29,trend_momentum,buy,0.00103,0.27727,514.95
2025-07-29,carry,sell,-0.00057,0.09688,284.5
2025-07-29,volprem,sell,-0.00196,0.08747,980.16
2025-07-29,xs_momentum,buy,0.00051,0.12879,252.57
2025-07-29,breakout,buy,0.00076,0.1827,380.78
2025-07-29,crisis,sell,-0.00049,0.0781,244.76
2025-07-29,gmacro,buy,0.00026,0.05857,130.67
2025-07-29,bab,buy,0.00046,0.09022,230.45
2025-07-30,trend_momentum,buy,0.00051,0.27777,253.05
2025-07-30,carry,buy,0.00011,0.09699,53.38
2025-07-30,volprem,sell,-0.00381,0.08366,1904.34
2025-07-30,xs_momentum,buy,1e-05,0.1288,6.48
2025-07-30,breakout,buy,0.00188,0.18458,942.22
2025-07-30,crisis,buy,0.00041,0.07851,203.4
2025-07-30,gmacro,buy,0.0002,0.05877,99.54
2025-07-30,bab,buy,0.00069,0.09091,346.27
2025-07-31,trend_momentum,buy,0.00048,0.27826,242.38
2025-07-31,carry,buy,1e-05,0.097,3.76
2025-07-31,volprem,buy,0.00027,0.08393,135.28
2025-07-31,xs_momentum,sell,-1e-05,0.12879,5.47
2025-07-31,breakout,sell,-0.0004,0.18419,198.78
2025-07-31,crisis,sell,-0.00124,0.07727,621.76
2025-07-31,gmacro,buy,0.00062,0.05938,308.5
2025-07-31,bab,buy,0.00027,0.09119,136.1
2025-08-01,trend_momentum,buy,0.0013,0.27956,651.79
2025-08-01,carry,buy,0.00064,0.09764,321.7
2025-08-01,volprem,sell,-6e-05,0.08387,30.74
2025-08-01,xs_momentum,sell,-0.00282,0.12597,1410.89
2025-08-01,breakout,buy,0.00086,0.18505,430.78
2025-08-01,crisis,sell,-0.0001,0.07716,51.08
2025-08-01,gmacro,buy,0.00026,0.05965,130.53
2025-08-01,bab,sell,-8e-05,0.0911,42.08
2025-08-02,trend_momentum,buy,0.02802,0.30759,14012.33
2025-08-02,carry,buy,0.00924,0.10688,4620.31
2025-08-02,volprem,sell,-0.08387,0.0,41932.76
2025-08-02,xs_momentum,buy,0.01267,0.13864,6334.63
2025-08-02,breakout,buy,0.01771,0.20276,8857.21
2025-08-02,crisis,buy,0.00331,0.08047,1655.23
2025-08-02,gmacro,buy,0.00526,0.06491,2631.63
2025-08-02,bab,buy,0.00764,0.09874,3821.41
2025-08-03,trend_momentum,buy,0.02191,0.32949,10952.78
2025-08-03,carry,buy,0.00729,0.11417,3643.91
2025-08-03,xs_momentum,buy,0.00927,0.14791,4636.99
2025-08-03,breakout,buy,0.01421,0.21697,7105.91
2025-08-03,crisis,buy,0.00567,0.08614,2835.65
2025-08-03,gmacro,sell,-0.06491,0.0,32454.47
2025-08-03,bab,buy,0.00656,0.1053,3279.23
2025-08-04,trend_momentum,sell,-0.04708,0.28242,23538.31
2025-08-04,carry,sell,-0.01508,0.09909,7540.66
2025-08-04,volprem,buy,0.08172,0.08172,40860.1
2025-08-04,xs_momentum,sell,-0.0213,0.12662,10647.55
2025-08-04,breakout,sell,-0.03037,0.1866,15184.98
2025-08-04,crisis,sell,-0.01217,0.07398,6083.89
2025-08-04,gmacro,buy,0.05972,0.05972,29859.53
2025-08-04,bab,sell,-0.01545,0.08985,7724.25
2025-08-05,trend_momentum,sell,-0.00948,0.27293,4741.29
2025-08-05,carry,sell,-0.00535,0.09374,2672.74
2025-08-05,volprem,buy,0.0025,0.08422,1252.27
2025-08-05,xs_momentum,sell,-0.00031,0.12631,152.83
2025-08-05,breakout,buy,0.0046,0.19121,2301.38
2025-08-05,crisis,buy,0.00214,0.07612,1070.28
2025-08-05,gmacro,buy,0.00219,0.06191,1094.65
2025-08-05,bab,buy,0.0037,0.09355,1848.28
2025-08-06,trend_momentum,sell,-0.00397,0.26897,1984.22
2025-08-06,carry,sell,-0.0001,0.09364,49.52
2025-08-06,volprem,sell,-0.00097,0.08326,483.59
2025-08-06,xs_momentum,buy,0.00173,0.12805,867.01
2025-08-06,breakout,sell,-0.0,0.19121,0.63
2025-08-06,crisis,buy,0.00069,0.0768,343.42
2025-08-06,gmacro,buy,0.00061,0.06252,303.33
2025-08-06,bab,buy,0.00201,0.09556,1004.19
2025-08-07,trend_momentum,sell,-0.0008,0.26816,401.13
2025-08-07,carry,buy,0.00017,0.09382,85.77
2025-08-07,volprem,sell,-0.00049,0.08277,245.04
2025-08-07,xs_momentum,sell,-0.0006,0.12745,299.59
2025-08-07,breakout,buy,0.00134,0.19255,671.18
2025-08-07,crisis,buy,0.00017,0.07697,85.06
2025-08-07,gmacro,buy,0.00114,0.06365,567.79
2025-08-07,bab,sell,-0.00093,0.09463,464.05
2025-08-08,trend_momentum,sell,-0.00716,0.261,3582.45
2025-08-08,carry,buy,0.00108,0.09489,538.86
2025-08-08,volprem,buy,0.00188,0.08464,937.56
2025-08-08,xs_momentum,sell,-0.00015,0.1273,76.28
2025-08-08,breakout,buy,0.00222,0.19476,1107.61
2025-08-08,crisis,buy,0.00103,0.078,514.5
2025-08-08,gmacro,buy,0.00049,0.06414,246.1
2025-08-08,bab,buy,0.00063,0.09526,314.08
2025-08-09,trend_momentum,buy,0.02475,0.28575,12374.62
2025-08-09,carry,buy,0.0086,0.1035,4302.39
2025-08-09,volprem,sell,-0.08464,0.0,42321.3
2025-08-09,xs_momentum,buy,0.01321,0.1405,6602.73
2025-08-09,breakout,buy,0.01742,0.21219,8710.87
2025-08-09,crisis,buy,0.00738,0.08538,3689.46
2025-08-09,gmacro,buy,0.00605,0.0702,3026.2
2025-08-09,bab,buy,0.00723,0.10249,3615.02
2025-08-10,trend_momentum,buy,0.02284,0.30859,11420.34
2025-08-10,carry,buy,0.0079,0.1114,3949.36
2025-08-10,xs_momentum,buy,0.01406,0.15456,7029.8
2025-08-10,breakout,buy,0.01687,0.22906,8436.11
2025-08-10,crisis,buy,0.00726,0.09264,3629.64
2025-08-10,gmacro,sell,-0.0702,0.0,35097.61
2025-08-10,bab,buy,0.00126,0.10375,632.37
2025-08-11,trend_momentum,sell,-0.04422,0.26437,22108.5
2025-08-11,carry,sell,-0.01629,0.09511,8146.09
2025-08-11,volprem,buy,0.08168,0.08168,40837.89
2025-08-11,xs_momentum,sell,-0.02229,0.13228,11142.8
2025-08-11,breakout,sell,-0.0353,0.19376,17648.1
2025-08-11,crisis,sell,-0.01342,0.07922,6708.97
2025-08-11,gmacro,buy,0.0649,0.0649,32449.6
2025-08-11,bab,sell,-0.01507,0.08869,7533.02
2025-08-12,trend_momentum,buy,0.00064,0.26501,320.64
2025-08-12,carry,buy,0.00106,0.09616,527.72
2025-08-12,volprem,sell,-0.00149,0.08019,744.95
2025-08-12,xs_momentum,buy,0.00286,0.13514,1431.87
2025-08-12,breakout,sell,-0.00262,0.19114,1309.61
2025-08-12,crisis,buy,0.00128,0.08051,641.32
2025-08-12,gmacro,buy,0.00164,0.06654,818.33
2025-08-12,bab,sell,-0.00337,0.08532,1685.31
2025-08-13,trend_momentum,sell,-0.01724,0.24777,8620.38
2025-08-13,carry,sell,-0.0002,0.09596,99.65
2025-08-13,volprem,sell,-4e-05,0.08015,19.42
2025-08-13,xs_momentum,buy,0.00691,0.14205,3456.75
2025-08-13,breakout,buy,0.00484,0.19598,2420.11
2025-08-13,crisis,buy,0.00257,0.08307,1283.15
2025-08-13,gmacro,buy,0.00503,0.07156,2513.3
2025-08-13,bab,sell,-0.00187,0.08345,933.86
2025-08-14,trend_momentum,buy,0.00111,0.24889,557.15
2025-08-14,carry,buy,0.00111,0.09707,553.75
2025-08-14,volprem,buy,0.00062,0.08076,308.7
2025-08-14,xs_momentum,sell,-0.00754,0.13452,3767.86
2025-08-14,breakout,buy,0.00238,0.19836,1189.78
2025-08-14,crisis,sell,-0.00056,0.08251,281.49
2025-08-14,gmacro,buy,0.00193,0.0735,966.96
2025-08-14,bab,buy,0.00095,0.0844,473.01
2025-08-15,trend_momentum,sell,-0.00678,0.2421,3391.03
2025-08-15,carry,buy,0.00072,0.09778,358.08
2025-08-15,volprem,buy,0.00023,0.081,117.05
2025-08-15,xs_momentum,buy,0.00097,0.13549,486.82
2025-08-15,breakout,buy,0.00142,0.19978,709.56
2025-08-15,crisis,sell,-0.00112,0.08139,559.75
2025-08-15,gmacro,buy,0.0053,0.0788,2651.35
2025-08-15,bab,sell,-0.00074,0.08365,372.07
2025-08-16,trend_momentum,buy,0.02033,0.26244,10167.13
2025-08-16,carry,buy,0.00891,0.10669,4453.8
2025-08-16,volprem,sell,-0.081,0.0,40499.26
2025-08-16,xs_momentum,buy,0.01034,0.14583,5169.6
2025-08-16,breakout,buy,0.01726,0.21704,8629.36
2025-08-16,crisis,buy,0.00716,0.08855,3578.97
2025-08-16,gmacro,buy,0.00975,0.08855,4875.62
2025-08-16,bab,buy,0.00725,0.0909,3624.78
2025-08-17,trend_momentum,buy,0.02475,0.28719,12376.09
2025-08-17,carry,buy,0.00951,0.1162,4753.88
2025-08-17,xs_momentum,buy,0.01649,0.16232,8242.89
2025-08-17,breakout,buy,0.02077,0.23781,10382.77
2025-08-17,crisis,buy,0.00897,0.09751,4482.54
2025-08-17,gmacro,sell,-0.08855,0.0,44275.15
2025-08-17,bab,buy,0.00807,0.09897,4036.99
2025-08-18,trend_momentum,sell,-0.04624,0.24095,23118.46
2025-08-18,carry,sell,-0.0184,0.0978,9199.07
2025-08-18,volprem,buy,0.07859,0.07859,39292.79
2025-08-18,xs_momentum,sell,-0.02592,0.1364,12957.86
2025-08-18,breakout,sell,-0.03822,0.19959,19109.49
2025-08-18,crisis,sell,-0.01547,0.08204,7735.32
2025-08-18,gmacro,buy,0.0812,0.0812,40602.1
2025-08-18,bab,sell,-0.01555,0.08343,7774.68
2025-08-19,trend_momentum,sell,-0.00053,0.24042,266.3
2025-08-19,carry,buy,0.0003,0.0981,148.31
2025-08-19,volprem,sell,-0.00295,0.07564,1472.68
2025-08-19,xs_momentum,buy,0.00133,0.13773,666.41
2025-08-19,breakout,buy,0.00225,0.20184,1124.87
2025-08-19,crisis,buy,0.00085,0.0829,427.0
2025-08-19,gmacro,buy,0.00048,0.08169,240.69
2025-08-19,bab,sell,-0.00174,0.08169,868.3
2025-08-20,trend_momentum,sell,-0.009,0.23142,4498.94
2025-08-20,carry,buy,0.00158,0.09968,788.28
2025-08-20,volprem,buy,0.00147,0.07711,735.32
2025-08-20,xs_momentum,sell,-0.00086,0.13688,428.35
2025-08-20,breakout,buy,0.00334,0.20518,1672.29
2025-08-20,crisis,buy,0.00187,0.08477,934.96
2025-08-20,gmacro,buy,0.00211,0.0838,1055.29
2025-08-20,bab,sell,-0.00052,0.08117,258.85
2025-08-21,trend_momentum,sell,-0.00773,0.2237,3863.27
2025-08-21,carry,sell,-0.00141,0.09827,705.07
2025-08-21,volprem,sell,-0.00124,0.07587,618.52
2025-08-21,xs_momentum,sell,-0.00236,0.13452,1179.98
2025-08-21,breakout,sell,-0.00374,0.20144,1872.08
2025-08-21,crisis,buy,0.00087,0.08564,435.04
2025-08-21,gmacro,buy,0.01808,0.10187,9037.7
2025-08-21,bab,sell,-0.00247,0.0787,1233.82
2025-08-22,trend_momentum,sell,-0.00461,0.21908,2306.02
2025-08-22,carry,sell,-0.00087,0.09739,435.55
2025-08-22,volprem,sell,-0.00158,0.0743,788.14
2025-08-22,xs_momentum,sell,-0.00073,0.13379,362.72
2025-08-22,breakout,sell,-0.00072,0.20071,362.35
2025-08-22,crisis,buy,0.01036,0.096,5180.43
2025-08-22,gmacro,sell,-0.0005,0.10137,249.32
2025-08-22,bab,sell,-0.00135,0.07735,676.33
2025-08-23,trend_momentum,sell,-0.00487,0.21421,2435.22
2025-08-23,carry,buy,0.00764,0.10504,3821.88
2025-08-23,volprem,sell,-0.0743,0.0,37148.78
2025-08-23,xs_momentum,buy,0.01333,0.14712,6664.4
2025-08-23,breakout,buy,0.03216,0.23287,16077.85
2025-08-23,crisis,buy,0.00911,0.10511,4554.5
2025-08-23,gmacro,buy,0.01282,0.11419,6409.72
2025-08-23,bab,buy,0.00411,0.08146,2055.65
2025-08-24,trend_momentum,buy,0.02687,0.24108,13433.86
2025-08-24,carry,buy,0.0145,0.11954,7250.58
2025-08-24,xs_momentum,buy,0.01859,0.16571,9293.69
2025-08-24,breakout,buy,0.0306,0.26347,15299.58
2025-08-24,crisis,buy,0.01358,0.11869,6790.34
2025-08-24,gmacro,sell,-0.11419,0.0,57096.18
2025-08-24,bab,buy,0.01006,0.09152,5028.13
2025-08-25,trend_momentum,sell,-0.04478,0.1963,22391.36
2025-08-25,carry,sell,-0.02199,0.09754,10997.27
2025-08-25,volprem,buy,0.07398,0.07398,36988.0
2025-08-25,xs_momentum,sell,-0.03058,0.13512,15292.04
2025-08-25,breakout,sell,-0.04589,0.21758,22943.66
2025-08-25,crisis,sell,-0.0213,0.09739,10647.9
2025-08-25,gmacro,buy,0.10711,0.10711,53555.53
2025-08-25,bab,sell,-0.01654,0.07498,8271.3
2025-08-26,trend_momentum,sell,-0.00566,0.19063,2832.44
2025-08-26,carry,sell,-0.00121,0.09633,606.35
2025-08-26,volprem,sell,-0.00027,0.07371,133.53
2025-08-26,xs_momentum,buy,0.0034,0.13852,1699.84
2025-08-26,breakout,buy,0.00485,0.22243,2423.27
2025-08-26,crisis,buy,0.00026,0.09765,129.72
2025-08-26,gmacro,sell,-0.00138,0.10573,689.3
2025-08-26,bab,buy,2e-05,0.07499,8.78
2025-08-27,trend_momentum,sell,-0.00034,0.19029,170.87
2025-08-27,carry,sell,-0.00157,0.09477,783.08
2025-08-27,volprem,sell,-0.00091,0.0728,454.18
2025-08-27,xs_momentum,buy,0.00183,0.14035,912.52
2025-08-27,breakout,buy,0.0014,0.22383,700.79
2025-08-27,crisis,buy,0.00068,0.09833,338.99
2025-08-27,gmacro,sell,-0.00123,0.1045,614.34
2025-08-27,bab,buy,0.00014,0.07513,70.18
2025-08-28,trend_momentum,sell,-0.00124,0.18906,618.21
2025-08-28,carry,sell,-0.00049,0.09427,245.69
2025-08-28,volprem,sell,-0.00013,0.07267,63.72
2025-08-28,xs_momentum,buy,0.00018,0.14053,89.36
2025-08-28,breakout,buy,0.00178,0.22561,890.73
2025-08-28,crisis,sell,-0.00051,0.09782,253.49
2025-08-28,gmacro,buy,0.00072,0.10522,359.47
2025-08-28,bab,sell,-0.00032,0.07482,158.44
2025-08-29,trend_momentum,sell,-0.00096,0.18809,481.02
2025-08-29,carry,sell,-0.00043,0.09384,215.5
2025-08-29,volprem,sell,-0.00054,0.07214,268.45
2025-08-29,xs_momentum,buy,0.00019,0.14072,97.03
2025-08-29,breakout,buy,0.00302,0.22863,1509.43
2025-08-29,crisis,buy,0.00033,0.09816,167.17
2025-08-29,gmacro,sell,-0.00085,0.10438,423.65
2025-08-29,bab,sell,-0.00077,0.07405,385.01
2025-08-30,trend_momentum,buy,0.00994,0.19803,4969.65
2025-08-30,carry,buy,0.00659,0.10043,3295.62
2025-08-30,volprem,sell,-0.07214,0.0,36068.12
2025-08-30,xs_momentum,buy,0.01998,0.1607,9987.62
2025-08-30,breakout,buy,0.01746,0.24609,8730.6
2025-08-30,crisis,buy,0.00861,0.10677,4304.72
2025-08-30,gmacro,buy,0.0046,0.10898,2300.49
2025-08-30,bab,buy,0.00496,0.07901,2479.43
2025-08-31,trend_momentum,buy,0.02483,0.22287,12416.05
2025-08-31,carry,buy,0.00789,0.10833,3946.34
2025-08-31,xs_momentum,buy,0.02222,0.18292,11111.1
2025-08-31,breakout,buy,0.03109,0.27718,15543.32
2025-08-31,crisis,buy,0.01319,0.11996,6595.38
2025-08-31,gmacro,sell,-0.10898,0.0,54488.19
2025-08-31,bab,buy,0.00975,0.08876,4875.99
2025-09-01,trend_momentum,sell,-0.03131,0.19156,15654.96
2025-09-01,carry,sell,-0.01348,0.09484,6742.49
2025-09-01,xs_momentum,sell,-0.02146,0.16146,10730.41
2025-09-01,breakout,sell,-0.01571,0.26147,7854.22
2025-09-01,crisis,sell,-0.0166,0.10336,8298.21
2025-09-01,gmacro,buy,0.10966,0.10966,54829.75
2025-09-01,bab,sell,-0.0111,0.07766,5549.45
2025-09-02,trend_momentum,sell,-0.01304,0.17852,6517.9
2025-09-02,carry,sell,-0.00733,0.08751,3666.45
2025-09-02,volprem,buy,0.06892,0.06892,34459.72
2025-09-02,xs_momentum,sell,-0.01085,0.1506,5426.21
2025-09-02,breakout,sell,-0.01628,0.24519,8138.89
2025-09-02,crisis,sell,-0.00688,0.09648,3441.91
2025-09-02,gmacro,sell,-0.00932,0.10034,4659.73
2025-09-02,bab,sell,-0.00522,0.07244,2608.65
2025-09-03,trend_momentum,buy,0.00092,0.17944,462.48
2025-09-03,carry,buy,0.00035,0.08786,175.95
2025-09-03,volprem,sell,-0.00282,0.0661,1408.79
2025-09-03,xs_momentum,buy,0.00154,0.15214,767.76
2025-09-03,breakout,buy,0.00278,0.24797,1391.37
2025-09-03,crisis,sell,-0.00169,0.09478,847.23
2025-09-03,gmacro,sell,-0.00074,0.0996,368.13
2025-09-03,bab,sell,-0.00035,0.07209,173.42
2025-09-04,trend_momentum,buy,0.00014,0.17958,68.19
2025-09-04,carry,sell,-5e-05,0.08781,25.3
2025-09-04,volprem,sell,-0.00037,0.06573,185.38
2025-09-04,xs_momentum,sell,-0.00027,0.15187,136.76
2025-09-04,breakout,buy,0.00033,0.2483,165.55
2025-09-04,crisis,buy,0.00025,0.09503,124.36
2025-09-04,gmacro,sell,-0.00021,0.0994,103.96
2025-09-04,bab,buy,0.00019,0.07228,93.29
2025-09-05,trend_momentum,buy,0.00028,0.17986,139.03
2025-09-05,carry,buy,0.00037,0.08818,185.92
2025-09-05,volprem,buy,0.00041,0.06614,202.55
2025-09-05,xs_momentum,buy,0.00027,0.15214,134.15
2025-09-05,breakout,buy,0.00169,0.24999,844.06
2025-09-05,crisis,buy,0.00056,0.09559,277.51
2025-09-05,gmacro,sell,-0.00377,0.09563,1882.98
2025-09-05,bab,buy,0.0002,0.07248,99.76
2025-09-06,trend_momentum,buy,0.01513,0.19499,7564.56
2025-09-06,carry,buy,0.0076,0.09579,3801.92
2025-09-06,volprem,sell,-0.06614,0.0,33068.1
2025-09-06,xs_momentum,buy,0.01205,0.16418,6024.75
2025-09-06,breakout,buy,0.00689,0.25688,3446.36
2025-09-06,crisis,buy,0.01031,0.1059,5156.92
2025-09-06,gmacro,buy,0.00819,0.10382,4097.19
2025-09-06,bab,buy,0.00595,0.07843,2976.4
2025-09-07,trend_momentum,buy,0.0225,0.21749,11252.47
2025-09-07,carry,buy,0.01154,0.10733,5770.75
2025-09-07,xs_momentum,buy,0.01982,0.18401,9911.25
2025-09-07,breakout,buy,0.02811,0.285,14057.25
2025-09-07,crisis,buy,0.01274,0.11864,6369.8
2025-09-07,gmacro,sell,-0.10382,0.0,51912.15
2025-09-07,bab,buy,0.0091,0.08753,4550.63
2025-09-08,trend_momentum,sell,-0.03679,0.1807,18397.47
2025-09-08,carry,sell,-0.02065,0.08667,10326.72
2025-09-08,volprem,buy,0.06522,0.06522,32609.35
2025-09-08,xs_momentum,sell,-0.03142,0.15259,15710.93
2025-09-08,breakout,sell,-0.03827,0.24673,19136.58
2025-09-08,crisis,sell,-0.0195,0.09914,9748.49
2025-09-08,gmacro,buy,0.09646,0.09646,48228.17
2025-09-08,bab,sell,-0.01503,0.0725,7517.33
2025-09-09,trend_momentum,buy,0.0079,0.1886,3950.71
2025-09-09,carry,sell,-0.0172,0.06948,8597.53
2025-09-09,volprem,buy,0.00243,0.06765,1214.9
2025-09-09,xs_momentum,buy,0.00976,0.16235,4880.78
2025-09-09,breakout,sell,-0.01392,0.2328,6961.39
2025-09-09,crisis,buy,0.00476,0.1039,2380.42
2025-09-09,gmacro,buy,0.00451,0.10096,2252.62
2025-09-09,bab,buy,0.00176,0.07426,879.48
2025-09-10,trend_momentum,buy,0.00029,0.18889,143.78
2025-09-10,carry,sell,-0.00017,0.06931,83.58
2025-09-10,volprem,buy,0.00033,0.06798,163.54
2025-09-10,xs_momentum,sell,-0.0029,0.15945,1449.49
2025-09-10,breakout,buy,4e-05,0.23285,21.37
2025-09-10,crisis,sell,-5e-05,0.10385,26.88
2025-09-10,gmacro,sell,-7e-05,0.10089,34.29
2025-09-10,bab,buy,0.00253,0.07679,1265.55
2025-09-11,trend_momentum,buy,2e-05,0.1889,8.78
2025-09-11,carry,buy,0.00033,0.06964,163.29
2025-09-11,volprem,buy,0.00089,0.06886,444.28
2025-09-11,xs_momentum,sell,-0.00071,0.15874,353.53
2025-09-11,breakout,buy,0.00065,0.2335,327.24
2025-09-11,crisis,sell,-0.00022,0.10363,109.48
2025-09-11,gmacro,sell,-0.00053,0.10036,265.52
2025-09-11,bab,sell,-0.00043,0.07636,215.07
2025-09-12,trend_momentum,buy,0.00029,0.18919,145.1
2025-09-12,carry,buy,0.00135,0.07099,674.6
2025-09-12,volprem,buy,0.00042,0.06929,212.3
2025-09-12,xs_momentum,sell,-0.00056,0.15818,280.69
2025-09-12,breakout,buy,0.00021,0.23371,106.49
2025-09-12,crisis,buy,0.00087,0.1045,434.17
2025-09-12,gmacro,sell,-0.00293,0.09743,1464.34
2025-09-12,bab,buy,0.00034,0.0767,172.37
2025-09-13,trend_momentum,buy,0.00888,0.19808,4442.39
2025-09-13,carry,buy,0.00417,0.07516,2084.15
2025-09-13,volprem,sell,-0.06929,0.0,34644.37
2025-09-13,xs_momentum,buy,0.01214,0.17032,6070.4
2025-09-13,breakout,buy,0.01484,0.24855,7418.87
2025-09-13,crisis,buy,0.00684,0.11134,3420.08
2025-09-13,gmacro,buy,0.01792,0.11535,8958.79
2025-09-13,bab,buy,0.0045,0.0812,2249.69
2025-09-14,trend_momentum,buy,0.02393,0.22201,11965.65
2025-09-14,carry,buy,0.00936,0.08452,4679.83
2025-09-14,xs_momentum,buy,0.02071,0.19103,10353.89
2025-09-14,breakout,buy,0.03334,0.28189,16670.7
2025-09-14,crisis,buy,0.01759,0.12893,8795.37
2025-09-14,gmacro,sell,-0.11535,0.0,57675.44
2025-09-14,bab,buy,0.01042,0.09162,5209.99
2025-09-15,trend_momentum,sell,-0.03932,0.18269,19660.5
2025-09-15,carry,sell,-0.01422,0.0703,7109.98
2025-09-15,volprem,buy,0.06791,0.06791,33955.0
2025-09-15,xs_momentum,sell,-0.03323,0.15779,16616.69
2025-09-15,breakout,sell,-0.05065,0.23124,25323.97
2025-09-15,crisis,sell,-0.02344,0.10549,11721.04
2025-09-15,gmacro,buy,0.10885,0.10885,54423.43
2025-09-15,bab,sell,-0.01589,0.07573,7946.25
2025-09-16,trend_momentum,sell,-0.00175,0.18094,876.41
2025-09-16,carry,buy,0.00037,0.07067,186.25
2025-09-16,volprem,sell,-0.00135,0.06656,672.88
2025-09-16,xs_momentum,sell,-0.00122,0.15657,610.87
2025-09-16,breakout,sell,-0.00297,0.22828,1482.79
2025-09-16,crisis,buy,0.00286,0.10835,1430.27
2025-09-16,gmacro,buy,0.00219,0.11104,1096.53
2025-09-16,bab,buy,0.00186,0.07759,929.9
2025-09-17,trend_momentum,buy,0.00015,0.18109,74.31
2025-09-17,carry,buy,0.00031,0.07098,155.4
2025-09-17,volprem,buy,0.00034,0.0669,170.29
2025-09-17,xs_momentum,buy,0.00022,0.15679,109.91
2025-09-17,breakout,sell,-0.0006,0.22768,299.57
2025-09-17,crisis,sell,-0.00052,0.10783,260.02
2025-09-17,gmacro,buy,0.00025,0.11129,124.69
2025-09-17,bab,sell,-0.00015,0.07744,75.01
2025-09-18,trend_momentum,buy,0.00319,0.18427,1594.42
2025-09-18,carry,buy,0.00186,0.07283,927.6
2025-09-18,volprem,buy,0.00136,0.06826,679.41
2025-09-18,xs_momentum,buy,0.00334,0.16013,1669.63
2025-09-18,breakout,buy,0.00666,0.23434,3328.23
2025-09-18,crisis,buy,2e-05,0.10785,12.47
2025-09-18,gmacro,sell,-0.01892,0.09236,9462.16
2025-09-18,bab,buy,0.0025,0.07994,1250.41
2025-09-19,trend_momentum,sell,-0.0006,0.18368,298.87
2025-09-19,carry,buy,5e-05,0.07289,25.57
2025-09-19,volprem,buy,0.00053,0.06879,264.42
2025-09-19,xs_momentum,sell,-0.00023,0.1599,115.09
2025-09-19,breakout,sell,-0.00205,0.23229,1023.51
2025-09-19,crisis,buy,0.00492,0.11277,2459.21
2025-09-19,gmacro,sell,-0.00207,0.0903,1032.82
2025-09-19,bab,sell,-0.00056,0.07938,278.91
2025-09-20,trend_momentum,buy,0.0128,0.19648,6400.75
2025-09-20,carry,buy,0.0064,0.07929,3201.2
2025-09-20,volprem,sell,-0.06879,0.0,34396.25
2025-09-20,xs_momentum,buy,0.012,0.1719,5998.58
2025-09-20,breakout,buy,0.01804,0.25033,9020.32
2025-09-20,crisis,buy,0.0085,0.12127,4247.81
2025-09-20,gmacro,buy,0.00449,0.09479,2243.83
2025-09-20,bab,buy,0.00657,0.08595,3283.76
2025-09-21,trend_momentum,buy,0.01791,0.21439,8955.92
2025-09-21,carry,buy,0.00687,0.08616,3434.04
2025-09-21,xs_momentum,buy,0.02663,0.19853,13315.68
2025-09-21,breakout,buy,0.02213,0.27246,11067.1
2025-09-21,crisis,buy,0.01337,0.13464,6686.04
2025-09-21,gmacro,sell,-0.09479,0.0,47393.49
2025-09-21,bab,buy,0.00787,0.09382,3934.71
2025-09-22,trend_momentum,sell,-0.03276,0.18163,16378.45
2025-09-22,carry,sell,-0.0099,0.07626,4949.37
2025-09-22,volprem,buy,0.0676,0.0676,33799.26
2025-09-22,xs_momentum,sell,-0.02913,0.1694,14565.5
2025-09-22,breakout,sell,-0.04568,0.22679,22838.34
2025-09-22,crisis,sell,-0.02199,0.11265,10994.57
2025-09-22,gmacro,buy,0.08655,0.08655,43274.35
2025-09-22,bab,sell,-0.01469,0.07913,7347.39
2025-09-23,trend_momentum,sell,-0.00364,0.17799,1820.16
2025-09-23,carry,buy,0.00046,0.07672,231.1
2025-09-23,volprem,buy,0.00117,0.06877,585.05
2025-09-23,xs_momentum,buy,0.0036,0.17299,1797.57
2025-09-23,breakout,sell,-0.00337,0.22342,1683.58
2025-09-23,crisis,buy,0.00221,0.11486,1103.04
2025-09-23,gmacro,buy,0.00017,0.08672,83.75
2025-09-23,bab,sell,-0.00059,0.07853,296.77
2025-09-24,trend_momentum,buy,0.00091,0.1789,455.99
2025-09-24,carry,buy,0.00045,0.07717,227.06
2025-09-24,volprem,buy,0.00137,0.07014,684.03
2025-09-24,xs_momentum,buy,0.00139,0.17439,697.48
2025-09-24,breakout,buy,0.00149,0.22491,743.97
2025-09-24,crisis,buy,0.00101,0.11586,503.38
2025-09-24,gmacro,sell,-0.00731,0.07941,3655.04
2025-09-24,bab,buy,0.00069,0.07922,343.13
2025-09-25,trend_momentum,buy,0.00015,0.17905,73.16
2025-09-25,carry,sell,-2e-05,0.07715,12.31
2025-09-25,volprem,buy,0.00052,0.07066,261.17
2025-09-25,xs_momentum,buy,0.00025,0.17463,122.51
2025-09-25,breakout,buy,0.00136,0.22627,681.08
2025-09-25,crisis,buy,3e-05,0.1159,16.47
2025-09-25,gmacro,sell,-0.00223,0.07717,1117.25
2025-09-25,bab,sell,-5e-05,0.07917,24.83
2025-09-26,trend_momentum,sell,-0.00404,0.17501,2020.49
2025-09-26,carry,buy,0.00026,0.07741,128.92
2025-09-26,volprem,buy,0.00103,0.07169,515.02
2025-09-26,xs_momentum,sell,-0.00151,0.17312,756.64
2025-09-26,breakout,buy,0.00017,0.22644,85.85
2025-09-26,crisis,buy,0.0038,0.1197,1902.19
2025-09-26,gmacro,buy,9e-05,0.07726,43.14
2025-09-26,bab,buy,0.0002,0.07937,102.01
2025-09-27,trend_momentum,buy,0.01414,0.18915,7069.88
2025-09-27,carry,buy,0.00631,0.08371,3153.42
2025-09-27,volprem,sell,-0.07169,0.0,35844.54
2025-09-27,xs_momentum,buy,0.01284,0.18596,6419.39
2025-09-27,breakout,buy,0.01693,0.24338,8467.33
2025-09-27,crisis,buy,0.01057,0.13027,5283.2
2025-09-27,gmacro,buy,0.00461,0.08186,2302.89
2025-09-27,bab,buy,0.0063,0.08567,3148.42
2025-09-28,trend_momentum,buy,0.01706,0.20621,8530.84
2025-09-28,carry,buy,0.00731,0.09102,3654.5
2025-09-28,xs_momentum,buy,0.01713,0.20309,8562.63
2025-09-28,breakout,buy,0.02171,0.26509,10856.07
2025-09-28,crisis,buy,0.01108,0.14134,5537.57
2025-09-28,gmacro,sell,-0.08186,0.0,40931.85
2025-09-28,bab,buy,0.00758,0.09325,3790.24
2025-09-29,trend_momentum,sell,-0.03084,0.17538,15417.72
2025-09-29,carry,sell,-0.01343,0.07759,6717.21
2025-09-29,volprem,buy,0.07237,0.07237,36183.52
2025-09-29,xs_momentum,sell,-0.02958,0.1735,14790.25
2025-09-29,breakout,sell,-0.03883,0.22626,19414.77
2025-09-29,crisis,sell,-0.02086,0.12048,10430.0
2025-09-29,gmacro,buy,0.07588,0.07588,37938.04
2025-09-29,bab,sell,-0.0147,0.07855,7351.61
2025-09-30,trend_momentum,buy,0.00105,0.17643,526.96
2025-09-30,carry,buy,0.00034,0.07793,169.08
2025-09-30,volprem,buy,0.00081,0.07318,407.22
2025-09-30,xs_momentum,buy,0.00244,0.17594,1219.97
2025-09-30,breakout,sell,-0.0066,0.21966,3300.89
2025-09-30,crisis,buy,0.00102,0.1215,508.95
2025-09-30,gmacro,buy,0.00035,0.07622,173.53
2025-09-30,bab,buy,0.00059,0.07914,295.18
2025-10-01,trend_momentum,buy,0.00206,0.17849,1030.23
2025-10-01,carry,sell,-0.0015,0.07643,747.56
2025-10-01,volprem,sell,-0.00091,0.07227,454.15
2025-10-01,xs_momentum,sell,-0.00538,0.17056,2691.06
2025-10-01,breakout,sell,-0.00332,0.21634,1660.6
2025-10-01,crisis,buy,0.01054,0.13204,5271.91
2025-10-01,gmacro,sell,-0.0009,0.07533,448.07
2025-10-01,bab,sell,-0.0006,0.07854,300.71
2025-10-02,trend_momentum,buy,0.0011,0.17959,550.55
2025-10-02,carry,buy,0.00027,0.0767,136.77
2025-10-02,volprem,buy,2e-05,0.0723,11.15
2025-10-02,xs_momentum,sell,-0.00164,0.16892,821.6
2025-10-02,breakout,buy,0.00108,0.21741,539.09
2025-10-02,crisis,sell,-0.00024,0.1318,119.04
2025-10-02,gmacro,buy,0.00022,0.07555,110.76
2025-10-02,bab,sell,-0.00082,0.07772,407.68
2025-10-03,trend_momentum,buy,0.00048,0.18007,238.64
2025-10-03,carry,sell,-6e-05,0.07665,27.94
2025-10-03,volprem,sell,-0.00102,0.07127,510.62
2025-10-03,breakout,sell,-0.00048,0.21693,241.08
2025-10-03,crisis,buy,0.00072,0.13253,360.05
2025-10-03,gmacro,sell,-0.0001,0.07545,50.73
2025-10-03,bab,buy,0.00046,0.07818,231.45
2025-10-04,trend_momentum,buy,0.01664,0.19671,8319.15
2025-10-04,carry,buy,0.00994,0.08659,4968.17
2025-10-04,volprem,sell,-0.07127,0.0,35637.13
2025-10-04,xs_momentum,buy,0.01432,0.18324,7160.02
2025-10-04,breakout,buy,0.01096,0.22789,5478.53
2025-10-04,crisis,buy,0.00848,0.141,4237.57
2025-10-04,gmacro,buy,0.00487,0.08032,2435.87
2025-10-04,bab,buy,0.00608,0.08426,3037.81
2025-10-05,trend_momentum,buy,0.01742,0.21413,8708.91
2025-10-05,carry,buy,0.00733,0.09392,3666.88
2025-10-05,xs_momentum,buy,0.01771,0.20095,8854.27
2025-10-05,breakout,buy,0.0199,0.24779,9950.0
2025-10-05,crisis,buy,0.01136,0.15236,5680.59
2025-10-05,gmacro,sell,-0.08032,0.0,40159.41
2025-10-05,bab,buy,0.0066,0.09086,3298.75
2025-10-06,trend_momentum,sell,-0.03107,0.18305,15536.82
2025-10-06,carry,sell,-0.01392,0.08,6959.07
2025-10-06,volprem,buy,0.06985,0.06985,34926.68
2025-10-06,xs_momentum,sell,-0.02763,0.17332,13813.46
2025-10-06,breakout,sell,-0.03634,0.21145,18169.06
2025-10-06,crisis,sell,-0.02235,0.13002,11172.74
2025-10-06,gmacro,buy,0.07403,0.07403,37016.15
2025-10-06,bab,sell,-0.01258,0.07827,6291.68
2025-10-07,trend_momentum,buy,0.00134,0.18439,667.65
2025-10-07,carry,sell,-0.00017,0.07983,84.43
2025-10-07,volprem,buy,6e-05,0.06991,29.21
2025-10-07,xs_momentum,buy,0.00255,0.17587,1276.44
2025-10-07,breakout,sell,-0.00291,0.20854,1455.06
2025-10-07,crisis,sell,-0.00115,0.12887,572.86
2025-10-07,gmacro,buy,6e-05,0.07409,28.59
2025-10-07,bab,buy,0.00022,0.07849,110.45
2025-10-08,trend_momentum,buy,0.00097,0.18536,486.12
2025-10-08,carry,buy,0.00273,0.08256,1363.7
2025-10-08,volprem,buy,0.00183,0.07174,914.92
2025-10-08,xs_momentum,sell,-0.01124,0.16463,5619.88
2025-10-08,breakout,buy,0.00111,0.20965,556.76
2025-10-08,crisis,buy,0.00158,0.13045,791.97
2025-10-08,gmacro,buy,0.00113,0.07522,565.83
2025-10-08,bab,buy,0.00188,0.08038,940.57
2025-10-09,trend_momentum,sell,-0.00018,0.18518,88.77
2025-10-09,carry,buy,0.00091,0.08347,455.19
2025-10-09,volprem,buy,0.0003,0.07205,152.08
2025-10-09,xs_momentum,sell,-0.0002,0.16444,99.69
2025-10-09,breakout,buy,0.0025,0.21215,1248.89
2025-10-09,crisis,sell,-0.0048,0.12566,2397.51
2025-10-09,gmacro,sell,-0.00201,0.07321,1006.53
2025-10-09,bab,buy,0.00347,0.08385,1736.33
2025-10-10,trend_momentum,buy,0.00022,0.1854,111.67
2025-10-10,carry,buy,0.00019,0.08366,94.86
2025-10-10,volprem,sell,-0.00087,0.07117,436.16
2025-10-10,xs_momentum,buy,0.00053,0.16497,267.3
2025-10-10,breakout,buy,0.00084,0.21299,421.15
2025-10-10,crisis,sell,-0.00066,0.125,327.83
2025-10-10,gmacro,buy,0.00032,0.07353,158.64
2025-10-10,bab,sell,-0.00058,0.08327,289.63
2025-10-11,trend_momentum,sell,-0.00415,0.18125,2075.74
2025-10-11,carry,buy,0.02572,0.10938,12860.77
2025-10-11,volprem,sell,-0.07117,0.0,35586.75
2025-10-11,xs_momentum,sell,-0.01631,0.14866,8156.47
2025-10-11,breakout,sell,-0.01189,0.2011,5946.87
2025-10-11,crisis,buy,0.02981,0.15481,14904.06
2025-10-11,gmacro,buy,0.02182,0.09535,10910.69
2025-10-11,bab,buy,0.02618,0.10945,13090.29
2025-10-12,trend_momentum,buy,0.02225,0.2035,11124.95
2025-10-12,carry,buy,0.01182,0.1212,5911.85
2025-10-12,xs_momentum,buy,0.01155,0.1602,5772.57
2025-10-12,breakout,buy,0.01794,0.21904,8970.42
2025-10-12,crisis,buy,0.01479,0.16961,7397.19
2025-10-12,gmacro,sell,-0.09535,0.0,47673.37
2025-10-12,bab,buy,0.01699,0.12644,8496.38
2025-10-13,trend_momentum,sell,-0.02569,0.17781,12844.79
2025-10-13,carry,sell,-0.01579,0.10541,7896.21
2025-10-13,volprem,buy,0.08794,0.08794,43968.61
2025-10-13,xs_momentum,sell,-0.01357,0.14663,6785.08
2025-10-13,breakout,sell,-0.03162,0.18742,15808.87
2025-10-13,crisis,sell,-0.07611,0.0935,38054.93
2025-10-13,gmacro,buy,0.0916,0.0916,45797.68
2025-10-13,bab,sell,-0.01675,0.10969,8376.42
2025-10-14,trend_momentum,buy,0.00106,0.17888,531.34
2025-10-14,carry,buy,0.00081,0.10623,406.9
2025-10-14,volprem,sell,-0.00533,0.08261,2664.23
2025-10-14,xs_momentum,buy,0.0003,0.14693,149.72
2025-10-14,breakout,sell,-0.00099,0.18644,494.08
2025-10-14,crisis,buy,0.00179,0.09529,894.63
2025-10-14,gmacro,buy,0.00019,0.09178,94.15
2025-10-14,bab,buy,0.00216,0.11185,1081.56
2025-10-15,trend_momentum,sell,-0.0002,0.17868,100.49
2025-10-15,carry,buy,0.00067,0.10689,333.79
2025-10-15,volprem,sell,-0.00411,0.0785,2053.41
2025-10-15,xs_momentum,buy,0.00219,0.14912,1093.66
2025-10-15,breakout,buy,0.0008,0.18724,401.74
2025-10-15,crisis,buy,0.00036,0.09564,179.45
2025-10-15,gmacro,buy,0.0003,0.09208,149.69
2025-10-15,bab,sell,-1e-05,0.11184,4.42
2025-10-16,trend_momentum,buy,0.00036,0.17903,178.49
2025-10-16,carry,buy,0.00024,0.10714,122.28
2025-10-16,volprem,sell,-0.00028,0.07823,138.06
2025-10-16,xs_momentum,buy,6e-05,0.14917,27.69
2025-10-16,breakout,sell,-1e-05,0.18723,5.25
2025-10-16,crisis,sell,-6e-05,0.09558,30.57
2025-10-16,gmacro,buy,0.00017,0.09226,86.78
2025-10-16,bab,sell,-0.00048,0.11136,241.36
2025-10-17,trend_momentum,sell,-6e-05,0.17897,31.1
2025-10-17,carry,sell,-0.00056,0.10658,279.52
2025-10-17,volprem,buy,3e-05,0.07826,14.86
2025-10-17,xs_momentum,buy,0.00021,0.14939,107.3
2025-10-17,breakout,buy,0.0005,0.18772,247.62
2025-10-17,crisis,sell,-6e-05,0.09553,28.6
2025-10-17,gmacro,buy,0.00045,0.0927,222.67
2025-10-17,bab,sell,-0.00051,0.11086,253.23
2025-10-18,trend_momentum,buy,0.0153,0.19427,7648.45
2025-10-18,carry,buy,0.00922,0.1158,4608.17
2025-10-18,volprem,sell,-0.07826,0.0,39127.78
2025-10-18,xs_momentum,buy,0.01204,0.16142,6018.01
2025-10-18,breakout,buy,0.01557,0.2033,7785.99
2025-10-18,crisis,buy,0.00791,0.10344,3956.79
2025-10-18,gmacro,buy,0.00586,0.09856,2929.84
2025-10-18,bab,buy,0.01236,0.12322,6180.53
2025-10-19,trend_momentum,buy,0.02257,0.21684,11285.14
2025-10-19,carry,buy,0.01138,0.12717,5689.15
2025-10-19,xs_momentum,buy,0.02009,0.18151,10043.2
2025-10-19,breakout,buy,0.01999,0.22328,9992.81
2025-10-19,crisis,buy,0.00987,0.11331,4933.72
2025-10-19,gmacro,sell,-0.09856,0.0,49280.81
2025-10-19,bab,buy,0.01467,0.13789,7336.78
2025-10-20,trend_momentum,sell,-0.03658,0.18026,18287.89
2025-10-20,carry,sell,-0.0223,0.10487,11152.3
2025-10-20,volprem,buy,0.08347,0.08347,41735.62
2025-10-20,xs_momentum,sell,-0.03174,0.14977,15868.73
2025-10-20,breakout,sell,-0.03957,0.18371,19786.81
2025-10-20,crisis,sell,-0.02026,0.09305,10130.06
2025-10-20,gmacro,buy,0.08894,0.08894,44471.58
2025-10-20,bab,sell,-0.02196,0.11593,10981.41
2025-10-21,trend_momentum,sell,-0.00048,0.17979,237.71
2025-10-21,carry,sell,-0.00033,0.10454,165.69
2025-10-21,volprem,buy,2e-05,0.0835,11.92
2025-10-21,xs_momentum,sell,-0.00039,0.14938,194.81
2025-10-21,breakout,sell,-0.00096,0.18275,478.87
2025-10-21,crisis,sell,-0.00028,0.09277,138.54
2025-10-21,gmacro,sell,-0.00012,0.08882,60.44
2025-10-21,bab,buy,0.00253,0.11846,1264.14
2025-10-22,trend_momentum,buy,0.00877,0.18856,4386.8
2025-10-22,carry,sell,-0.00053,0.10401,263.53
2025-10-22,volprem,sell,-0.00218,0.08131,1091.45
2025-10-22,xs_momentum,sell,-0.00106,0.14833,528.41
2025-10-22,breakout,sell,-0.0007,0.18205,348.26
2025-10-22,crisis,buy,0.00057,0.09334,286.0
2025-10-22,gmacro,sell,-0.00805,0.08078,4023.24
2025-10-22,bab,buy,0.00316,0.12162,1582.09
2025-10-23,trend_momentum,sell,-0.00027,0.18829,134.31
2025-10-23,carry,buy,2e-05,0.10403,9.99
2025-10-23,volprem,buy,0.00045,0.08176,225.42
2025-10-23,xs_momentum,sell,-1e-05,0.14831,6.18
2025-10-23,breakout,sell,-0.00068,0.18137,340.01
2025-10-23,crisis,buy,2e-05,0.09336,7.51
2025-10-23,gmacro,sell,-6e-05,0.08072,28.31
2025-10-23,bab,buy,0.00053,0.12215,265.89
2025-10-24,trend_momentum,sell,-5e-05,0.18824,26.54
2025-10-24,carry,buy,0.00029,0.10432,144.72
2025-10-24,volprem,sell,-0.00152,0.08024,760.37
2025-10-24,xs_momentum,buy,0.00049,0.1488,244.16
2025-10-24,breakout,buy,0.00019,0.18156,93.31
2025-10-24,crisis,buy,0.00035,0.09371,175.06
2025-10-24,gmacro,buy,0.00044,0.08116,221.9
2025-10-24,bab,sell,-0.00018,0.12197,92.24
2025-10-25,trend_momentum,buy,0.01786,0.2061,8932.21
2025-10-25,carry,buy,0.01059,0.11491,5295.63
2025-10-25,volprem,sell,-0.08024,0.0,40121.13
2025-10-25,xs_momentum,buy,0.01157,0.16038,5787.24
2025-10-25,breakout,buy,0.01342,0.19498,6710.94
2025-10-25,crisis,buy,0.00809,0.1018,4045.55
2025-10-25,gmacro,buy,0.0063,0.08746,3150.78
2025-10-25,bab,buy,0.0124,0.13436,6198.78
2025-10-26,trend_momentum,buy,0.02046,0.22656,10231.08
2025-10-26,carry,buy,0.01144,0.12635,5719.71
2025-10-26,xs_momentum,buy,0.01467,0.17505,7336.41
2025-10-26,breakout,buy,0.018,0.21298,8998.99
2025-10-26,crisis,buy,0.00933,0.11113,4663.85
2025-10-26,gmacro,sell,-0.08746,0.0,43732.27
2025-10-26,bab,buy,0.01356,0.14793,6782.23
2025-10-27,trend_momentum,sell,-0.03585,0.19071,17926.9
2025-10-27,carry,sell,-0.02026,0.1061,10127.55
2025-10-27,volprem,buy,0.07948,0.07948,39742.1
2025-10-27,xs_momentum,sell,-0.02731,0.14774,13653.38
2025-10-27,breakout,sell,-0.03404,0.17894,17018.74
2025-10-27,crisis,sell,-0.01861,0.09252,9303.48
2025-10-27,gmacro,buy,0.08045,0.08045,40226.63
2025-10-27,bab,sell,-0.02388,0.12405,11938.67
2025-10-28,trend_momentum,sell,-0.00116,0.18955,579.38
2025-10-28,carry,sell,-0.00024,0.10585,121.23
2025-10-28,volprem,buy,0.00261,0.08209,1303.08
2025-10-28,xs_momentum,sell,-0.0012,0.14655,597.73
2025-10-28,breakout,sell,-0.00117,0.17778,583.53
2025-10-28,crisis,sell,-0.00039,0.09213,194.7
2025-10-28,gmacro,sell,-0.00023,0.08023,113.66
2025-10-28,bab,buy,0.00177,0.12583,887.15
2025-10-29,trend_momentum,buy,0.00136,0.19091,679.1
2025-10-29,carry,sell,-0.00012,0.10574,58.79
2025-10-29,volprem,sell,-4e-05,0.08205,20.64
2025-10-29,xs_momentum,sell,-0.00039,0.14616,194.88
2025-10-29,breakout,sell,-0.0005,0.17727,252.04
2025-10-29,crisis,sell,-0.0002,0.09193,100.52
2025-10-29,gmacro,sell,-1e-05,0.08022,4.24
2025-10-29,bab,sell,-0.0001,0.12573,48.0
2025-10-30,trend_momentum,sell,-0.0008,0.19011,401.34
2025-10-30,carry,buy,0.00394,0.10968,1971.07
2025-10-30,volprem,sell,-0.00033,0.08172,164.66
2025-10-30,xs_momentum,sell,-0.0008,0.14536,399.2
2025-10-30,breakout,sell,-0.00069,0.17658,346.3
2025-10-30,crisis,sell,-0.00037,0.09155,187.47
2025-10-30,gmacro,sell,-0.00035,0.07987,173.3
2025-10-30,bab,sell,-0.0006,0.12513,298.8
2025-10-31,trend_momentum,sell,-0.00084,0.18927,418.14
2025-10-31,carry,buy,0.00023,0.10991,114.5
2025-10-31,volprem,sell,-0.0001,0.08162,52.09
2025-10-31,xs_momentum,buy,0.00029,0.14565,143.28
2025-10-31,breakout,sell,-0.0014,0.17518,697.83
2025-10-31,crisis,buy,0.00048,0.09203,239.01
2025-10-31,gmacro,buy,0.00054,0.08041,267.62
2025-10-31,bab,buy,0.00081,0.12594,403.66
2025-11-01,trend_momentum,buy,0.01744,0.20672,8722.32
2025-11-01,carry,buy,0.00985,0.11976,4927.32
2025-11-01,volprem,sell,-0.08162,0.0,40807.8
2025-11-01,xs_momentum,buy,0.01273,0.15837,6363.54
2025-11-01,breakout,buy,0.01632,0.1915,8158.12
2025-11-01,crisis,buy,0.00874,0.10077,4368.18
2025-11-01,gmacro,buy,0.0075,0.0879,3747.57
2025-11-01,bab,buy,0.00904,0.13498,4520.74
2025-11-02,trend_momentum,buy,0.01985,0.22657,9925.82
2025-11-02,carry,buy,0.01088,0.13064,5438.71
2025-11-02,xs_momentum,buy,0.01259,0.17096,6293.05
2025-11-02,breakout,buy,0.0175,0.209,8748.49
2025-11-02,crisis,buy,0.01129,0.11206,5646.71
2025-11-02,gmacro,sell,-0.0879,0.0,43950.62
2025-11-02,bab,buy,0.0158,0.15078,7897.84
2025-11-03,trend_momentum,sell,-0.03509,0.19147,17546.32
2025-11-03,carry,sell,-0.0202,0.11044,10101.9
2025-11-03,volprem,buy,0.07489,0.07489,37444.39
2025-11-03,xs_momentum,sell,-0.02689,0.14407,13443.98
2025-11-03,breakout,sell,-0.03277,0.17622,16385.93
2025-11-03,crisis,sell,-0.01761,0.09445,8807.26
2025-11-03,gmacro,buy,0.08109,0.08109,40545.23
2025-11-03,bab,sell,-0.02341,0.12737,11704.23
2025-11-04,trend_momentum,buy,0.00209,0.19357,1047.5
2025-11-04,carry,buy,0.00162,0.11205,808.14
2025-11-04,volprem,buy,0.00178,0.07666,887.9
2025-11-04,xs_momentum,sell,-0.0053,0.13877,2651.51
2025-11-04,breakout,sell,-0.00525,0.17098,2624.5
2025-11-04,crisis,buy,0.00112,0.09557,561.88
2025-11-04,gmacro,buy,0.00219,0.08328,1096.02
2025-11-04,bab,buy,0.00175,0.12912,874.57
2025-11-05,trend_momentum,sell,-0.00219,0.19138,1094.99
2025-11-05,carry,buy,0.00011,0.11216,54.23
2025-11-05,volprem,sell,-4e-05,0.07662,21.21
2025-11-05,xs_momentum,sell,-0.00051,0.13826,252.62
2025-11-05,breakout,buy,0.00276,0.17373,1378.87
2025-11-05,crisis,sell,-1e-05,0.09556,6.04
2025-11-05,gmacro,buy,0.0,0.08328,0.56
2025-11-05,bab,sell,-0.00012,0.129,58.8
2025-11-06,trend_momentum,sell,-0.00025,0.19113,125.15
2025-11-06,carry,sell,-0.00081,0.11135,403.15
2025-11-06,volprem,buy,0.00085,0.07747,422.75
2025-11-06,xs_momentum,buy,0.00034,0.13861,171.88
2025-11-06,breakout,sell,-0.00029,0.17345,142.59
2025-11-06,crisis,buy,6e-05,0.09562,28.49
2025-11-06,gmacro,sell,-4e-05,0.08324,22.1
2025-11-06,bab,buy,0.00014,0.12914,69.88
2025-11-07,trend_momentum,sell,-0.00043,0.1907,215.67
2025-11-07,carry,sell,-0.00155,0.1098,774.64
2025-11-07,volprem,buy,0.00023,0.0777,114.06
2025-11-07,xs_momentum,buy,0.00045,0.13906,226.43
2025-11-07,breakout,buy,0.00077,0.17422,384.45
2025-11-07,crisis,buy,0.00025,0.09587,125.5
2025-11-07,gmacro,buy,0.00023,0.08347,117.33
2025-11-07,bab,buy,5e-05,0.12918,22.55
2025-11-08,trend_momentum,buy,0.00066,0.19136,330.16
2025-11-08,carry,buy,0.06416,0.17396,32079.44
2025-11-08,volprem,sell,-0.0777,0.0,38847.9
2025-11-08,xs_momentum,sell,-0.00457,0.13449,2283.4
2025-11-08,breakout,buy,0.01312,0.18734,6561.33
2025-11-08,crisis,buy,0.00086,0.09673,431.11
2025-11-08,gmacro,buy,0.00114,0.08462,572.46
2025-11-08,bab,buy,0.00231,0.1315,1156.79
2025-11-09,trend_momentum,buy,0.0174,0.20876,8700.08
2025-11-09,carry,buy,0.01655,0.19051,8275.44
2025-11-09,xs_momentum,buy,0.01289,0.14738,6442.96
2025-11-09,breakout,buy,0.01724,0.20458,8620.19
2025-11-09,crisis,buy,0.00882,0.10555,4409.59
2025-11-09,gmacro,sell,-0.08462,0.0,42309.49
2025-11-09,bab,buy,0.01172,0.14322,5861.23
2025-11-10,trend_momentum,sell,-0.03132,0.17744,15658.92
2025-11-10,carry,sell,-0.03031,0.16021,15152.6
2025-11-10,volprem,buy,0.07176,0.07176,35880.16
2025-11-10,xs_momentum,sell,-0.02235,0.12503,11173.13
2025-11-10,breakout,sell,-0.03182,0.17276,15908.85
2025-11-10,crisis,sell,-0.01576,0.08978,7881.62
2025-11-10,gmacro,buy,0.07803,0.07803,39012.71
2025-11-10,bab,sell,-0.01824,0.12498,9117.74
2025-11-11,trend_momentum,buy,0.00235,0.17979,1174.39
2025-11-11,carry,sell,-0.00994,0.15027,4969.13
2025-11-11,volprem,buy,0.00179,0.07355,896.73
2025-11-11,xs_momentum,buy,0.00231,0.12734,1154.28
2025-11-11,breakout,sell,-0.00071,0.17205,355.68
2025-11-11,crisis,buy,0.0028,0.09259,1400.89
2025-11-11,gmacro,buy,0.00193,0.07996,965.45
2025-11-11,bab,sell,-0.00053,0.12445,266.93
2025-11-12,trend_momentum,buy,0.00174,0.18152,867.57
2025-11-12,carry,sell,-8e-05,0.15019,39.07
2025-11-12,volprem,buy,0.00197,0.07553,986.92
2025-11-12,xs_momentum,sell,-0.00224,0.1251,1121.66
2025-11-12,breakout,sell,-0.00075,0.17131,372.59
2025-11-12,crisis,sell,-7e-05,0.09252,34.88
2025-11-12,gmacro,buy,0.0004,0.08035,199.02
2025-11-12,bab,sell,-0.00097,0.12348,485.31
2025-11-13,trend_momentum,sell,-0.00019,0.18134,93.09
2025-11-13,carry,sell,-0.0001,0.1501,47.63
2025-11-13,volprem,sell,-1e-05,0.07551,6.62
2025-11-13,xs_momentum,sell,-0.00056,0.12454,279.27
2025-11-13,breakout,sell,-0.00017,0.17113,87.0
2025-11-13,crisis,sell,-0.00016,0.09236,80.22
2025-11-13,gmacro,sell,-2e-05,0.08033,12.37
2025-11-13,bab,buy,0.00121,0.12469,606.19
2025-11-14,trend_momentum,sell,-0.00136,0.17998,679.24
2025-11-14,carry,buy,0.00019,0.15029,96.57
2025-11-14,volprem,buy,3e-05,0.07554,13.76
2025-11-14,xs_momentum,sell,-0.00151,0.12303,756.41
2025-11-14,breakout,sell,-0.0001,0.17103,51.26
2025-11-14,crisis,buy,0.00022,0.09258,109.94
2025-11-14,gmacro,buy,0.00244,0.08277,1221.81
2025-11-14,bab,buy,9e-05,0.12478,44.82
2025-11-15,trend_momentum,buy,0.01522,0.1952,7611.94
2025-11-15,carry,buy,0.013,0.1633,6502.45
2025-11-15,volprem,sell,-0.07554,0.0,37770.94
2025-11-15,xs_momentum,buy,0.00976,0.13279,4879.88
2025-11-15,breakout,buy,0.01221,0.18324,6106.22
2025-11-15,crisis,buy,0.00837,0.10095,4187.48
2025-11-15,gmacro,buy,0.0069,0.08967,3447.9
2025-11-15,bab,buy,0.01007,0.13485,5035.06
2025-11-16,trend_momentum,buy,0.00036,0.19556,177.65
2025-11-16,carry,sell,-0.0016,0.16169,800.8
2025-11-16,xs_momentum,buy,2e-05,0.13281,10.14
2025-11-16,breakout,buy,0.00072,0.18396,360.44
2025-11-16,crisis,buy,0.00073,0.10169,367.29
2025-11-16,gmacro,sell,-7e-05,0.0896,32.74
2025-11-16,bab,sell,-0.00016,0.13469,82.0
2025-11-17,trend_momentum,sell,-0.01403,0.18153,7013.55
2025-11-17,carry,sell,-0.01233,0.14936,6166.35
2025-11-17,volprem,buy,0.07551,0.07551,37754.44
2025-11-17,xs_momentum,sell,-0.0101,0.12271,5049.9
2025-11-17,breakout,sell,-0.01438,0.16959,7188.46
2025-11-17,crisis,sell,-0.0074,0.09428,3700.53
2025-11-17,gmacro,sell,-0.00691,0.08269,3454.68
2025-11-17,bab,sell,-0.01036,0.12433,5180.97
2025-11-18,trend_momentum,buy,0.00107,0.1826,536.22
2025-11-18,carry,sell,-0.00043,0.14894,212.53
2025-11-18,volprem,sell,-2e-05,0.07549,9.86
2025-11-18,xs_momentum,buy,0.00016,0.12287,81.62
2025-11-18,breakout,buy,5e-05,0.16964,26.99
2025-11-18,crisis,buy,0.00019,0.09448,96.4
2025-11-18,gmacro,sell,-8e-05,0.08262,39.55
2025-11-18,bab,sell,-0.00096,0.12337,479.3
2025-11-19,trend_momentum,buy,7e-05,0.18268,36.28
2025-11-19,carry,buy,0.00029,0.14923,144.56
2025-11-19,volprem,buy,0.00109,0.07658,545.12
2025-11-19,xs_momentum,sell,-0.00098,0.12189,490.81
2025-11-19,breakout,sell,-0.00136,0.16828,682.08
2025-11-19,crisis,buy,0.00016,0.09463,77.54
2025-11-19,gmacro,buy,0.0003,0.08292,151.77
2025-11-19,bab,buy,0.00044,0.1238,217.62
2025-11-20,trend_momentum,sell,-0.00056,0.18212,278.95
2025-11-20,carry,buy,0.00155,0.15077,772.62
2025-11-20,volprem,buy,0.00128,0.07786,641.47
2025-11-20,xs_momentum,sell,-0.00112,0.12077,558.36
2025-11-20,breakout,sell,-0.00067,0.1676,337.31
2025-11-20,crisis,sell,-0.00079,0.09385,393.42
2025-11-20,gmacro,buy,0.00077,0.08369,385.32
2025-11-20,bab,sell,-0.00046,0.12334,231.37
2025-11-21,trend_momentum,buy,0.0002,0.18232,102.43
2025-11-21,carry,sell,-0.00116,0.14961,579.51
2025-11-21,volprem,sell,-0.00072,0.07714,360.86
2025-11-21,xs_momentum,sell,-0.00165,0.11912,823.77
2025-11-21,breakout,buy,0.00111,0.16871,556.14
2025-11-21,crisis,buy,0.00045,0.0943,226.82
2025-11-21,gmacro,buy,0.00136,0.08505,680.56
2025-11-21,bab,buy,0.0004,0.12374,198.18
2025-11-22,trend_momentum,buy,0.01698,0.1993,8490.35
2025-11-22,carry,buy,0.01227,0.16188,6133.81
2025-11-22,volprem,sell,-0.07714,0.0,38570.31
2025-11-22,xs_momentum,buy,0.00889,0.12801,4443.73
2025-11-22,breakout,buy,0.01304,0.18175,6519.46
2025-11-22,crisis,buy,0.0075,0.1018,3749.19
2025-11-22,gmacro,buy,0.00651,0.09156,3256.45
2025-11-22,bab,buy,0.01195,0.13569,5977.32
2025-11-23,trend_momentum,sell,-0.00022,0.19909,109.37
2025-11-23,carry,buy,0.00071,0.16259,355.85
2025-11-23,xs_momentum,sell,-0.00034,0.12767,170.98
2025-11-23,breakout,sell,-0.00047,0.18128,234.68
2025-11-23,crisis,sell,-0.0001,0.1017,48.23
2025-11-23,gmacro,buy,0.00063,0.09219,312.62
2025-11-23,bab,sell,-0.00021,0.13548,105.21
2025-11-24,trend_momentum,sell,-0.0154,0.18368,7701.89
2025-11-24,carry,sell,-0.01156,0.15103,5781.52
2025-11-24,volprem,buy,0.0771,0.0771,38551.51
2025-11-24,xs_momentum,sell,-0.0099,0.11777,4949.15
2025-11-24,breakout,sell,-0.01392,0.16736,6961.33
2025-11-24,crisis,sell,-0.0079,0.09381,3947.79
2025-11-24,gmacro,sell,-0.00708,0.0851,3542.4
2025-11-24,bab,sell,-0.01133,0.12415,5667.44
2025-11-25,trend_momentum,buy,0.0006,0.18429,301.59
2025-11-25,carry,sell,-0.00105,0.14998,523.05
2025-11-25,volprem,buy,0.00065,0.07775,324.9
2025-11-25,xs_momentum,sell,-0.00109,0.11668,545.2
2025-11-25,breakout,sell,-0.00786,0.1595,3931.9
2025-11-25,crisis,sell,-0.0009,0.09291,448.67
2025-11-25,gmacro,buy,0.00977,0.09488,4886.43
2025-11-25,bab,sell,-0.00013,0.12402,64.1
2025-11-26,trend_momentum,buy,0.00015,0.18443,74.63
2025-11-26,carry,sell,-0.00263,0.14735,1313.46
2025-11-26,volprem,buy,0.00286,0.08062,1431.53
2025-11-26,xs_momentum,sell,-0.00035,0.11633,177.12
2025-11-26,breakout,sell,-0.00024,0.15925,120.95
2025-11-26,crisis,sell,-0.00018,0.09273,89.33
2025-11-26,gmacro,buy,0.00106,0.09594,530.73
2025-11-26,bab,sell,-0.00067,0.12335,336.03
2025-11-27,trend_momentum,buy,0.01574,0.20017,7868.16
2025-11-27,carry,buy,0.01279,0.16015,6395.45
2025-11-27,volprem,sell,-0.08062,0.0,40307.95
2025-11-27,xs_momentum,buy,0.0093,0.12563,4650.16
2025-11-27,breakout,buy,0.01324,0.17249,6619.92
2025-11-27,crisis,buy,0.00832,0.10105,4160.39
2025-11-27,gmacro,buy,0.01051,0.10645,5254.75
2025-11-27,bab,buy,0.01072,0.13406,5359.12
2025-11-28,trend_momentum,sell,-0.01637,0.1838,8185.81
2025-11-28,carry,sell,-0.01371,0.14643,6855.84
2025-11-28,volprem,buy,0.08101,0.08101,40502.58
2025-11-28,xs_momentum,sell,-0.01074,0.11489,5369.24
2025-11-28,breakout,sell,-0.01463,0.15786,7315.96
2025-11-28,crisis,sell,-0.00788,0.09317,3941.79
2025-11-28,gmacro,sell,-0.00897,0.09748,4484.8
2025-11-28,bab,sell,-0.0087,0.12537,4349.13
2025-11-29,trend_momentum,buy,0.01554,0.19934,7772.44
2025-11-29,carry,buy,0.01223,0.15866,6114.32
2025-11-29,volprem,sell,-0.08101,0.0,40502.58
2025-11-29,xs_momentum,buy,0.01067,0.12555,5332.74
2025-11-29,breakout,buy,0.01513,0.17299,7565.18
2025-11-29,crisis,buy,0.00789,0.10105,3944.22
2025-11-29,gmacro,buy,0.00938,0.10686,4689.79
2025-11-29,bab,buy,0.01017,0.13553,5083.89
2025-11-30,trend_momentum,sell,-0.00349,0.19586,1744.69
2025-11-30,carry,sell,-0.00035,0.15831,176.09
2025-11-30,xs_momentum,sell,-0.00127,0.12428,637.02
2025-11-30,breakout,sell,-0.00262,0.17038,1307.95
2025-11-30,crisis,sell,-0.00179,0.09927,893.39
2025-11-30,gmacro,buy,0.01189,0.11875,5946.03
2025-11-30,bab,sell,-0.00237,0.13316,1186.89
2025-12-01,trend_momentum,sell,-0.01676,0.1791,8378.51
2025-12-01,carry,sell,-0.01424,0.14407,7119.11
2025-12-01,volprem,buy,0.0784,0.0784,39199.43
2025-12-01,xs_momentum,sell,-0.01039,0.11389,5194.55
2025-12-01,breakout,sell,-0.01516,0.15522,7577.56
2025-12-01,crisis,sell,-0.00902,0.09025,4511.11
2025-12-01,gmacro,sell,-0.00504,0.11371,2521.08
2025-12-01,bab,sell,-0.00779,0.12537,3897.5
2025-12-02,trend_momentum,buy,0.00148,0.18058,739.9
2025-12-02,carry,buy,0.00127,0.14534,635.49
2025-12-02,volprem,buy,0.00158,0.07998,788.54
2025-12-02,xs_momentum,buy,0.00039,0.11428,195.24
2025-12-02,breakout,sell,-0.00086,0.15437,427.55
2025-12-02,crisis,sell,-0.0003,0.08995,147.62
2025-12-02,gmacro,buy,0.00078,0.11449,388.84
2025-12-02,bab,sell,-0.00435,0.12102,2172.85
2025-12-03,trend_momentum,buy,0.00028,0.18085,137.73
2025-12-03,carry,buy,0.00149,0.14683,742.64
2025-12-03,volprem,buy,0.00025,0.08023,126.59
2025-12-03,xs_momentum,sell,-0.0011,0.11318,550.27
2025-12-03,breakout,sell,-0.00633,0.14804,3165.45
2025-12-03,crisis,buy,0.00038,0.09033,189.08
2025-12-03,gmacro,buy,0.00455,0.11904,2275.45
2025-12-03,bab,buy,0.00049,0.12151,244.22
2025-12-04,trend_momentum,buy,0.00085,0.1817,423.39
2025-12-04,carry,buy,0.00011,0.14694,55.89
2025-12-04,volprem,buy,0.00033,0.08056,166.53
2025-12-04,xs_momentum,buy,0.00015,0.11333,75.58
2025-12-04,breakout,buy,0.00023,0.14826,113.02
2025-12-04,crisis,buy,0.00024,0.09057,120.55
2025-12-04,gmacro,sell,-0.00115,0.11789,572.89
2025-12-04,bab,sell,-0.00076,0.12074,382.08
2025-12-05,trend_momentum,buy,0.00014,0.18184,69.22
2025-12-05,carry,buy,0.00045,0.14739,225.49
2025-12-05,volprem,sell,-5e-05,0.08052,22.71
2025-12-05,xs_momentum,sell,-0.00022,0.11311,111.96
2025-12-05,breakout,buy,0.00011,0.14837,53.19
2025-12-05,crisis,buy,0.0001,0.09067,50.85
2025-12-05,gmacro,sell,-0.00051,0.11738,257.3
2025-12-05,bab,sell,-1e-05,0.12073,6.78
2025-12-06,trend_momentum,buy,0.01715,0.19899,8573.22
2025-12-06,carry,buy,0.01362,0.16101,6811.02
2025-12-06,volprem,sell,-0.08052,0.0,40258.38
2025-12-06,xs_momentum,buy,0.00976,0.12287,4881.37
2025-12-06,breakout,buy,0.01223,0.1606,6114.71
2025-12-06,crisis,buy,0.00781,0.09848,3904.09
2025-12-06,gmacro,buy,0.00993,0.1273,4962.79
2025-12-06,bab,buy,0.01002,0.13075,5011.19
2025-12-07,trend_momentum,buy,6e-05,0.19905,32.22
2025-12-07,carry,sell,-0.00221,0.1588,1104.67
2025-12-07,xs_momentum,buy,0.00233,0.1252,1166.32
2025-12-07,breakout,sell,-0.00062,0.15997,311.59
2025-12-07,crisis,sell,-0.00105,0.09743,523.88
2025-12-07,gmacro,sell,-0.00178,0.12552,888.77
2025-12-07,bab,buy,0.00326,0.13401,1630.36
2025-12-08,trend_momentum,sell,-0.0154,0.18365,7698.86
2025-12-08,carry,sell,-0.01363,0.14518,6814.36
2025-12-08,volprem,buy,0.07947,0.07947,39732.79
2025-12-08,xs_momentum,sell,-0.01038,0.11482,5192.15
2025-12-08,breakout,sell,-0.01339,0.14658,6697.06
2025-12-08,crisis,sell,-0.00629,0.09114,3144.66
2025-12-08,gmacro,sell,-0.01026,0.11526,5130.22
2025-12-08,bab,sell,-0.01011,0.1239,5055.47
2025-12-09,trend_momentum,sell,-0.00039,0.18326,195.19
2025-12-09,carry,sell,-0.00149,0.14369,743.8
2025-12-09,volprem,buy,0.00093,0.0804,464.82
2025-12-09,xs_momentum,sell,-0.00038,0.11444,188.36
2025-12-09,breakout,sell,-0.00144,0.14513,722.49
2025-12-09,crisis,sell,-0.00011,0.09104,52.97
2025-12-09,gmacro,buy,0.00179,0.11705,894.69
2025-12-09,bab,buy,0.00109,0.12499,543.3
2025-12-10,trend_momentum,buy,0.06988,0.25314,34940.05
2025-12-10,carry,sell,-0.02614,0.11755,13070.28
2025-12-10,volprem,sell,-0.0131,0.0673,6547.76
2025-12-10,xs_momentum,buy,0.01407,0.12852,7036.86
2025-12-10,breakout,buy,0.00595,0.15108,2972.68
2025-12-10,crisis,sell,-0.01442,0.07662,7210.57
2025-12-10,gmacro,sell,-0.02161,0.09544,10804.47
2025-12-10,bab,sell,-0.01463,0.11036,7316.51
2025-12-11,trend_momentum,buy,0.00044,0.25358,218.11
2025-12-11,carry,buy,0.00019,0.11774,94.61
2025-12-11,volprem,buy,0.00108,0.06838,540.77
2025-12-11,xs_momentum,sell,-0.00041,0.1281,207.1
2025-12-11,breakout,sell,-0.00092,0.15016,459.02
2025-12-11,crisis,buy,0.00024,0.07685,119.28
2025-12-11,gmacro,sell,-0.00062,0.09482,311.15
2025-12-11,bab,buy,1e-05,0.11036,4.51
2025-12-12,trend_momentum,sell,-0.01927,0.23431,9635.57
2025-12-12,carry,sell,-0.01092,0.10682,5457.7
2025-12-12,volprem,sell,-0.0089,0.05948,4449.06
2025-12-12,xs_momentum,sell,-0.01545,0.11265,7724.22
2025-12-12,breakout,sell,-0.01543,0.13474,7713.33
2025-12-12,crisis,buy,0.09545,0.17231,47726.97
2025-12-12,gmacro,sell,-0.01449,0.08033,7246.45
2025-12-12,bab,sell,-0.011,0.09936,5500.64
2025-12-13,trend_momentum,buy,0.0215,0.2558,10748.33
2025-12-13,carry,buy,0.00432,0.11114,2157.82
2025-12-13,volprem,sell,-0.05948,0.0,29741.56
2025-12-13,xs_momentum,buy,0.00392,0.11657,1959.01
2025-12-13,breakout,buy,0.00763,0.14237,3815.09
2025-12-13,crisis,buy,0.00813,0.18043,4063.12
2025-12-13,gmacro,buy,0.00936,0.08969,4681.75
2025-12-13,bab,buy,0.00463,0.104,2316.42
2025-12-14,trend_momentum,buy,0.00713,0.26293,3563.16
2025-12-14,carry,sell,-0.00873,0.10241,4364.68
2025-12-14,xs_momentum,buy,0.00034,0.11691,170.98
2025-12-14,breakout,buy,9e-05,0.14246,45.33
2025-12-14,crisis,buy,0.00029,0.18072,144.69
2025-12-14,gmacro,buy,0.00014,0.08983,69.65
2025-12-14,bab,buy,0.00074,0.10474,370.88
2025-12-15,trend_momentum,sell,-0.01553,0.2474,7764.13
2025-12-15,carry,sell,-0.00611,0.0963,3054.31
2025-12-15,volprem,buy,0.05837,0.05837,29184.64
2025-12-15,xs_momentum,sell,-0.00648,0.11044,3237.95
2025-12-15,breakout,sell,-0.00931,0.13315,4655.67
2025-12-15,crisis,sell,-0.01185,0.16887,5925.18
2025-12-15,gmacro,sell,-0.00268,0.08715,1342.0
2025-12-15,bab,sell,-0.00641,0.09833,3205.4
2025-12-16,trend_momentum,buy,0.00331,0.25071,1655.24
2025-12-16,carry,buy,0.0006,0.0969,302.14
2025-12-16,volprem,buy,0.00076,0.05913,378.66
2025-12-16,xs_momentum,sell,-0.00064,0.10979,322.31
2025-12-16,breakout,sell,-0.00157,0.13158,782.76
2025-12-16,crisis,buy,0.00205,0.17093,1026.49
2025-12-16,gmacro,sell,-0.00534,0.08181,2668.85
2025-12-16,bab,buy,0.00082,0.09915,411.4
2025-12-17,trend_momentum,buy,0.00311,0.25382,1555.86
2025-12-17,carry,sell,-0.00052,0.09638,261.21
2025-12-17,volprem,sell,-0.00071,0.05841,356.48
2025-12-17,xs_momentum,buy,0.00133,0.11113,666.91
2025-12-17,breakout,buy,0.00106,0.13263,527.64
2025-12-17,crisis,sell,-0.0017,0.16922,850.73
2025-12-17,gmacro,sell,-0.00414,0.07767,2068.3
2025-12-17,bab,buy,0.00157,0.10072,786.31
2025-12-18,trend_momentum,sell,-0.00081,0.25301,407.44
2025-12-18,carry,sell,-0.00271,0.09367,1354.95
2025-12-18,volprem,buy,0.00091,0.05932,453.61
2025-12-18,xs_momentum,buy,0.00032,0.11144,157.65
2025-12-18,breakout,sell,-0.0018,0.13084,899.78
2025-12-18,crisis,buy,0.00066,0.16989,330.05
2025-12-18,gmacro,buy,0.00045,0.07812,225.6
2025-12-18,bab,buy,0.00299,0.10371,1495.26
2025-12-19,trend_momentum,sell,-0.00044,0.25256,221.79
2025-12-19,carry,sell,-0.00138,0.09229,692.21
2025-12-19,volprem,buy,0.00109,0.06041,546.04
2025-12-19,xs_momentum,sell,-0.0033,0.10815,1647.71
2025-12-19,breakout,sell,-0.00211,0.12873,1053.79
2025-12-19,crisis,buy,0.0057,0.17559,2850.13
2025-12-19,gmacro,buy,0.00024,0.07837,121.39
2025-12-19,bab,buy,0.0002,0.10391,97.94
2025-12-20,trend_momentum,buy,0.02414,0.2767,12067.63
2025-12-20,carry,buy,0.00703,0.09932,3516.82
2025-12-20,volprem,sell,-0.06041,0.0,30206.47
2025-12-20,xs_momentum,buy,0.00804,0.11619,4019.09
2025-12-20,breakout,buy,0.0044,0.13313,2201.12
2025-12-20,crisis,buy,0.00483,0.18041,2414.63
2025-12-20,gmacro,buy,0.00598,0.08435,2991.4
2025-12-20,bab,buy,0.00599,0.1099,2995.79
2025-12-21,trend_momentum,buy,0.00096,0.27766,477.57
2025-12-21,carry,buy,0.00079,0.10011,396.76
2025-12-21,xs_momentum,sell,-0.0,0.11618,2.4
2025-12-21,breakout,buy,0.00048,0.13361,241.2
2025-12-21,crisis,sell,-0.00629,0.17412,3147.09
2025-12-21,gmacro,buy,0.00275,0.0871,1373.29
2025-12-21,bab,buy,0.00132,0.11122,660.68
2025-12-22,trend_momentum,sell,-0.01707,0.26059,8532.58
2025-12-22,carry,sell,-0.00621,0.0939,3106.76
2025-12-22,volprem,buy,0.06152,0.06152,30760.64
2025-12-22,xs_momentum,sell,-0.00738,0.1088,3688.72
2025-12-22,breakout,sell,-0.00768,0.12593,3840.8
2025-12-22,crisis,sell,-0.01101,0.16311,5506.61
2025-12-22,gmacro,sell,-0.00534,0.08175,2671.25
2025-12-22,bab,sell,-0.00683,0.10439,3413.92
2025-12-23,trend_momentum,buy,0.0046,0.26519,2299.06
2025-12-23,carry,buy,0.00056,0.09446,279.67
2025-12-23,volprem,buy,0.00186,0.06339,932.05
2025-12-23,xs_momentum,buy,0.00187,0.11067,935.66
2025-12-23,breakout,buy,0.00236,0.12829,1181.77
2025-12-23,crisis,sell,-0.01289,0.15022,6444.15
2025-12-23,gmacro,sell,-0.00303,0.07872,1516.01
2025-12-23,bab,buy,0.00466,0.10906,2331.94
2025-12-24,trend_momentum,sell,-0.00176,0.26343,881.51
2025-12-24,carry,sell,-0.00073,0.09373,362.98
2025-12-24,volprem,sell,-0.00038,0.063,191.0
2025-12-24,xs_momentum,sell,-0.00076,0.10991,380.47
2025-12-24,breakout,sell,-0.00042,0.12787,212.33
2025-12-24,crisis,sell,-0.01326,0.13696,6629.67
2025-12-24,gmacro,buy,0.01786,0.09658,8931.34
2025-12-24,bab,sell,-0.00055,0.10851,273.38
2025-12-25,trend_momentum,buy,0.01802,0.28144,9008.64
2025-12-25,carry,buy,0.00742,0.10115,3708.86
2025-12-25,volprem,sell,-0.063,0.0,31501.69
2025-12-25,xs_momentum,buy,0.00751,0.11743,3756.89
2025-12-25,breakout,buy,0.00875,0.13662,4376.53
2025-12-25,crisis,buy,0.00875,0.14571,4373.97
2025-12-25,gmacro,buy,0.00478,0.10137,2392.14
2025-12-25,bab,buy,0.00777,0.11628,3884.66
2025-12-26,trend_momentum,sell,-0.02184,0.2596,10920.63
2025-12-26,carry,sell,-0.00815,0.093,4076.0
2025-12-26,volprem,buy,0.06306,0.06306,31528.89
2025-12-26,xs_momentum,sell,-0.00893,0.1085,4463.59
2025-12-26,breakout,sell,-0.01022,0.1264,5110.98
2025-12-26,crisis,buy,0.00213,0.14783,1062.88
2025-12-26,gmacro,sell,-0.00815,0.09322,4076.31
2025-12-26,bab,sell,-0.00789,0.10839,3944.25
2025-12-27,trend_momentum,buy,0.02119,0.28079,10593.79
2025-12-27,carry,buy,0.00754,0.10054,3770.5
2025-12-27,volprem,sell,-0.06306,0.0,31528.89
2025-12-27,xs_momentum,buy,0.00925,0.11775,4624.5
2025-12-27,breakout,buy,0.00901,0.13541,4504.99
2025-12-27,crisis,buy,0.01197,0.1598,5982.99
2025-12-27,gmacro,sell,-0.00546,0.08776,2727.8
2025-12-27,bab,buy,0.00956,0.11795,4779.91
2025-12-28,trend_momentum,buy,0.00127,0.28206,635.45
2025-12-28,carry,sell,-9e-05,0.10045,42.66
2025-12-28,xs_momentum,buy,0.00028,0.11803,142.19
2025-12-28,breakout,sell,-0.00058,0.13483,290.31
2025-12-28,crisis,sell,-0.00072,0.15908,361.71
2025-12-28,gmacro,buy,0.00041,0.08817,204.63
2025-12-28,bab,sell,-0.00058,0.11738,287.58
2025-12-29,trend_momentum,sell,-0.01888,0.26318,9440.95
2025-12-29,carry,sell,-0.00649,0.09396,3245.28
2025-12-29,volprem,buy,0.06547,0.06547,32732.92
2025-12-29,xs_momentum,sell,-0.00708,0.11096,3538.52
2025-12-29,breakout,sell,-0.00894,0.12589,4471.41
2025-12-29,crisis,sell,-0.00985,0.14923,4924.28
2025-12-29,gmacro,sell,-0.00623,0.08194,3116.54
2025-12-29,bab,sell,-0.00799,0.10938,3995.94
2025-12-30,trend_momentum,buy,0.00886,0.27204,4430.12
2025-12-30,carry,buy,0.00504,0.099,2518.2
2025-12-30,volprem,buy,0.00171,0.06718,856.06
2025-12-30,xs_momentum,buy,0.00522,0.11617,2607.67
2025-12-30,breakout,buy,0.00616,0.13205,3082.47
2025-12-30,crisis,sell,-0.02823,0.12099,14116.54
2025-12-30,gmacro,sell,-0.00331,0.07863,1654.21
2025-12-30,bab,buy,0.00455,0.11394,2276.24
2025-12-31,trend_momentum,sell,-0.00235,0.26969,1174.46
2025-12-31,carry,sell,-9e-05,0.09891,45.27
2025-12-31,volprem,buy,0.00064,0.06781,318.18
2025-12-31,xs_momentum,buy,0.00044,0.11662,222.42
2025-12-31,breakout,sell,-0.0011,0.13095,551.92
2025-12-31,crisis,sell,-0.00104,0.11995,522.18
2025-12-31,gmacro,sell,-0.00124,0.07739,620.42
2025-12-31,bab,buy,0.00475,0.11868,2373.65
2026-01-01,trend_momentum,buy,0.01894,0.28863,9469.02
2026-01-01,carry,buy,0.00644,0.10535,3221.67
2026-01-01,volprem,sell,-0.06781,0.0,33907.15
2026-01-01,xs_momentum,buy,0.01027,0.12689,5137.36
2026-01-01,breakout,buy,0.00957,0.14052,4784.89
2026-01-01,crisis,buy,0.00856,0.12851,4281.02
2026-01-01,gmacro,buy,0.00546,0.08284,2728.17
2026-01-01,bab,buy,0.00857,0.12725,4285.02
2026-01-02,trend_momentum,sell,-0.01135,0.27728,5675.97
2026-01-02,carry,sell,-0.00438,0.10097,2190.3
2026-01-02,volprem,buy,0.07066,0.07066,35329.02
2026-01-02,xs_momentum,sell,-0.00658,0.12031,3288.5
2026-01-02,breakout,sell,-0.01963,0.12089,9816.41
2026-01-02,crisis,sell,-0.01526,0.11325,7630.56
2026-01-02,gmacro,sell,-0.00337,0.07947,1684.79
2026-01-02,bab,sell,-0.01008,0.11717,5042.48
2026-01-03,trend_momentum,buy,0.01738,0.29466,8690.72
2026-01-03,carry,buy,0.00633,0.1073,3165.9
2026-01-03,volprem,sell,-0.07066,0.0,35329.02
2026-01-03,xs_momentum,buy,0.01989,0.14021,9947.09
2026-01-03,breakout,buy,0.01247,0.13336,6237.17
2026-01-03,crisis,buy,0.00693,0.12018,3464.51
2026-01-03,gmacro,buy,0.0051,0.08458,2552.1
2026-01-03,bab,buy,0.00254,0.11971,1271.53
2026-01-04,trend_momentum,sell,-4e-05,0.29462,20.29
2026-01-04,carry,sell,-0.00119,0.10611,596.6
2026-01-04,xs_momentum,buy,0.00212,0.14232,1057.53
2026-01-04,breakout,buy,0.00032,0.13368,159.39
2026-01-04,crisis,sell,-0.00033,0.11985,165.11
2026-01-04,gmacro,sell,-4e-05,0.08454,19.24
2026-01-04,bab,sell,-0.00083,0.11888,415.67
2026-01-05,trend_momentum,sell,-0.0203,0.27432,10149.58
2026-01-05,carry,sell,-0.00729,0.09882,3645.98
2026-01-05,volprem,buy,0.07093,0.07093,35465.58
2026-01-05,xs_momentum,sell,-0.01133,0.13099,5666.79
2026-01-05,breakout,sell,-0.00913,0.12455,4566.58
2026-01-05,crisis,sell,-0.00861,0.11124,4306.51
2026-01-05,gmacro,sell,-0.0051,0.07944,2548.72
2026-01-05,bab,sell,-0.00916,0.10972,4581.42
2026-01-06,trend_momentum,sell,-0.00245,0.27187,1223.07
2026-01-06,carry,buy,0.00723,0.10605,3613.6
2026-01-06,volprem,buy,0.00037,0.0713,185.47
2026-01-06,xs_momentum,sell,-0.00126,0.12973,627.72
2026-01-06,breakout,sell,-0.00078,0.12376,391.77
2026-01-06,crisis,sell,-0.0021,0.10914,1047.75
2026-01-06,gmacro,sell,-0.00186,0.07758,930.96
2026-01-06,bab,buy,0.00084,0.11056,422.19
2026-01-07,trend_momentum,sell,-0.00227,0.2696,1135.85
2026-01-07,carry,sell,-0.0001,0.10595,50.24
2026-01-07,volprem,sell,-0.00041,0.07089,206.24
2026-01-07,xs_momentum,buy,0.00415,0.13389,2076.51
2026-01-07,breakout,sell,-8e-05,0.12368,42.13
2026-01-07,crisis,sell,-0.00072,0.10842,360.75
2026-01-07,gmacro,sell,-0.0004,0.07718,200.71
2026-01-07,bab,sell,-0.00016,0.1104,80.59
2026-01-08,trend_momentum,buy,0.00177,0.27137,887.2
2026-01-08,carry,buy,0.00124,0.10718,617.59
2026-01-08,volprem,buy,0.00064,0.07153,319.81
2026-01-08,xs_momentum,buy,0.00104,0.13493,519.18
2026-01-08,breakout,buy,0.00082,0.1245,408.78
2026-01-08,crisis,sell,-0.00386,0.10456,1928.09
2026-01-08,gmacro,sell,-0.00237,0.07481,1183.66
2026-01-08,bab,buy,0.00072,0.11112,359.19
2026-01-09,trend_momentum,buy,0.00056,0.27194,282.3
2026-01-09,carry,buy,0.00072,0.1079,359.72
2026-01-09,volprem,buy,0.00515,0.07668,2573.48
2026-01-09,xs_momentum,sell,-0.00144,0.13349,719.39
2026-01-09,breakout,buy,0.0003,0.1248,151.69
2026-01-09,crisis,sell,-0.0021,0.10246,1051.11
2026-01-09,gmacro,sell,-0.00348,0.07133,1740.74
2026-01-09,bab,buy,0.00029,0.11141,144.04
2026-01-10,trend_momentum,buy,0.01881,0.29075,9403.7
2026-01-10,carry,buy,0.01805,0.12595,9022.7
2026-01-10,volprem,sell,-0.07668,0.0,38338.1
2026-01-10,xs_momentum,buy,0.00855,0.14204,4277.47
2026-01-10,breakout,buy,0.0112,0.136,5602.01
2026-01-10,crisis,buy,0.00524,0.1077,2620.42
2026-01-10,gmacro,buy,0.00408,0.07541,2037.62
2026-01-10,bab,buy,0.01075,0.12216,5374.17
2026-01-11,trend_momentum,sell,-0.00185,0.28889,925.8
2026-01-11,carry,sell,-0.00195,0.12399,976.51
2026-01-11,xs_momentum,buy,0.00455,0.14659,2272.72
2026-01-11,breakout,buy,5e-05,0.13606,27.09
2026-01-11,crisis,sell,-0.00092,0.10678,460.4
2026-01-11,gmacro,sell,-0.00056,0.07485,278.31
2026-01-11,bab,buy,0.00068,0.12284,341.2
2026-01-12,trend_momentum,sell,-0.02281,0.26608,11404.52
2026-01-12,carry,sell,-0.01529,0.1087,7644.09
2026-01-12,volprem,buy,0.08,0.08,40002.41
2026-01-12,xs_momentum,sell,-0.01102,0.13557,5508.77
2026-01-12,breakout,sell,-0.01058,0.12548,5289.39
2026-01-12,crisis,sell,-0.00853,0.09825,4266.66
2026-01-12,gmacro,sell,-0.00593,0.06892,2962.73
2026-01-12,bab,sell,-0.00585,0.11699,2926.26
2026-01-13,trend_momentum,buy,0.00135,0.26744,676.05
2026-01-13,carry,buy,2e-05,0.10873,11.04
2026-01-13,volprem,buy,0.00054,0.08054,267.93
2026-01-13,xs_momentum,buy,0.00409,0.13966,2045.71
2026-01-13,breakout,buy,0.00115,0.12663,576.57
2026-01-13,crisis,sell,-0.00591,0.09234,2955.25
2026-01-13,gmacro,sell,-0.001,0.06792,500.22
2026-01-13,bab,sell,-0.00024,0.11674,121.83
2026-01-14,trend_momentum,buy,0.00357,0.27101,1786.18
2026-01-14,carry,sell,-0.01241,0.09632,6204.76
2026-01-14,volprem,buy,0.00091,0.08145,455.28
2026-01-14,xs_momentum,buy,0.00457,0.14423,2283.59
2026-01-14,breakout,sell,-0.00303,0.1236,1515.86
2026-01-14,crisis,buy,0.00038,0.09272,191.92
2026-01-14,gmacro,buy,0.00077,0.06869,385.08
2026-01-14,bab,buy,0.00524,0.12198,2618.58
2026-01-15,trend_momentum,buy,0.00076,0.27177,381.98
2026-01-15,carry,sell,-0.00029,0.09602,147.23
2026-01-15,volprem,buy,0.00037,0.08182,184.32
2026-01-15,xs_momentum,sell,-0.00116,0.14307,579.59
2026-01-15,breakout,buy,0.00036,0.12396,182.27
2026-01-15,crisis,buy,0.00019,0.09291,92.97
2026-01-15,gmacro,buy,1e-05,0.06871,6.42
2026-01-15,bab,sell,-0.00024,0.12174,121.13
2026-01-16,trend_momentum,buy,0.00039,0.27217,197.29
2026-01-16,carry,sell,-0.00119,0.09483,597.11
2026-01-16,volprem,buy,0.00125,0.08307,626.29
2026-01-16,xs_momentum,sell,-0.0019,0.14117,948.05
2026-01-16,breakout,buy,0.0001,0.12407,51.18
2026-01-16,crisis,buy,0.00054,0.09345,270.35
2026-01-16,gmacro,buy,0.0,0.06871,1.49
2026-01-16,bab,buy,0.0008,0.12253,398.56
2026-01-17,trend_momentum,buy,0.02363,0.29579,11812.52
2026-01-17,carry,buy,0.00866,0.10349,4331.75
2026-01-17,volprem,sell,-0.08307,0.0,41536.24
2026-01-17,xs_momentum,buy,0.01245,0.15362,6223.95
2026-01-17,breakout,buy,0.01182,0.13588,5908.13
2026-01-17,crisis,buy,0.00716,0.10061,3581.81
2026-01-17,gmacro,buy,0.00648,0.07519,3240.83
2026-01-17,bab,buy,0.01287,0.13541,6437.25
2026-01-18,trend_momentum,buy,0.00029,0.29609,147.33
2026-01-18,carry,sell,-0.00042,0.10307,211.84
2026-01-18,xs_momentum,buy,0.00271,0.15633,1355.34
2026-01-18,breakout,buy,0.00054,0.13642,268.62
2026-01-18,crisis,buy,8e-05,0.1007,42.03
2026-01-18,gmacro,sell,-3e-05,0.07516,13.71
2026-01-18,bab,sell,-0.00318,0.13223,1587.77
2026-01-19,trend_momentum,sell,-0.00103,0.29506,512.64
2026-01-19,carry,sell,-0.00075,0.10232,372.95
2026-01-19,xs_momentum,buy,0.00318,0.15951,1590.7
2026-01-19,breakout,sell,-0.00135,0.13507,673.38
2026-01-19,crisis,buy,6e-05,0.10075,28.55
2026-01-19,gmacro,buy,9e-05,0.07525,43.62
2026-01-19,bab,sell,-0.00021,0.13203,103.89
2026-01-20,trend_momentum,sell,-0.02662,0.26844,13310.2
2026-01-20,carry,sell,-0.00767,0.09465,3836.72
2026-01-20,volprem,buy,0.08324,0.08324,41617.9
2026-01-20,xs_momentum,sell,-0.00625,0.15327,3123.19
2026-01-20,breakout,sell,-0.01192,0.12315,5961.22
2026-01-20,crisis,sell,-0.01022,0.09054,5108.06
2026-01-20,gmacro,sell,-0.00703,0.06822,3514.36
2026-01-20,bab,sell,-0.01353,0.1185,6764.16
2026-01-21,trend_momentum,buy,0.00178,0.27022,890.86
2026-01-21,carry,buy,0.00161,0.09626,804.48
2026-01-21,volprem,sell,-0.00927,0.07396,4636.89
2026-01-21,xs_momentum,buy,0.00143,0.1547,715.0
2026-01-21,breakout,buy,0.00223,0.12539,1117.36
2026-01-21,crisis,buy,0.00068,0.09121,337.5
2026-01-21,gmacro,buy,0.00048,0.0687,237.85
2026-01-21,bab,buy,0.00107,0.11957,533.83
2026-01-22,trend_momentum,buy,0.00734,0.27756,3667.74
2026-01-22,carry,buy,0.0026,0.09886,1301.22
2026-01-22,volprem,buy,0.00312,0.07708,1559.01
2026-01-22,xs_momentum,buy,0.00434,0.15904,2170.88
2026-01-22,breakout,buy,0.00345,0.12884,1727.12
2026-01-22,crisis,buy,0.00085,0.09206,426.53
2026-01-22,gmacro,buy,6e-05,0.06876,30.49
2026-01-22,bab,sell,-0.02177,0.0978,10882.99
2026-01-23,trend_momentum,buy,0.00232,0.27987,1157.54
2026-01-23,carry,sell,-0.00035,0.09851,175.8
2026-01-23,volprem,buy,0.00128,0.07836,638.61
2026-01-23,xs_momentum,buy,0.00017,0.15921,85.38
2026-01-23,breakout,buy,0.00081,0.12965,407.39
2026-01-23,crisis,sell,-0.0045,0.08757,2248.91
2026-01-23,gmacro,sell,-0.00031,0.06845,154.26
2026-01-23,bab,buy,0.00058,0.09838,290.05
2026-01-24,trend_momentum,buy,0.02214,0.30201,11068.65
2026-01-24,carry,buy,0.00611,0.10462,3053.4
2026-01-24,volprem,sell,-0.07836,0.0,39178.63
2026-01-24,xs_momentum,buy,0.01405,0.17326,7025.54
2026-01-24,breakout,buy,0.01579,0.14544,7895.16
2026-01-24,crisis,buy,0.00583,0.09339,2914.06
2026-01-24,gmacro,buy,0.0051,0.07355,2550.36
2026-01-24,bab,buy,0.00934,0.10772,4671.47
2026-01-25,trend_momentum,sell,-0.00079,0.30122,396.34
2026-01-25,carry,buy,0.00019,0.10481,96.98
2026-01-25,xs_momentum,buy,0.0013,0.17456,648.11
2026-01-25,breakout,sell,-0.00038,0.14507,189.69
2026-01-25,crisis,sell,-2e-05,0.09338,9.39
2026-01-25,gmacro,sell,-1e-05,0.07354,3.17
2026-01-25,bab,sell,-0.00029,0.10743,146.5
2026-01-26,trend_momentum,sell,-0.02118,0.28004,10590.66
2026-01-26,carry,sell,-0.0077,0.09711,3849.03
2026-01-26,volprem,buy,0.07859,0.07859,39293.32
2026-01-26,xs_momentum,sell,-0.0073,0.16726,3649.1
2026-01-26,breakout,sell,-0.01045,0.13461,5226.05
2026-01-26,crisis,sell,-0.01207,0.08131,6034.1
2026-01-26,gmacro,sell,-0.00514,0.06841,2567.58
2026-01-26,bab,sell,-0.01475,0.09268,7376.8
2026-01-27,trend_momentum,sell,-8e-05,0.27996,39.87
2026-01-27,carry,sell,-0.00058,0.09653,291.53
2026-01-27,volprem,buy,0.00046,0.07904,229.12
2026-01-27,xs_momentum,buy,0.00036,0.16762,181.05
2026-01-27,breakout,sell,-0.00014,0.13447,71.18
2026-01-27,gmacro,sell,-0.0001,0.06831,50.39
2026-01-27,bab,buy,9e-05,0.09276,42.88
2026-01-28,trend_momentum,buy,0.01129,0.29125,5645.9
2026-01-28,carry,buy,0.00345,0.09997,1723.3
2026-01-28,volprem,buy,0.00329,0.08233,1643.81
2026-01-28,xs_momentum,sell,-0.00374,0.16388,1870.7
2026-01-28,breakout,buy,0.00517,0.13964,2584.56
2026-01-28,crisis,buy,0.00066,0.08197,330.94
2026-01-28,gmacro,sell,-0.00104,0.06727,518.47
2026-01-28,bab,sell,-0.01908,0.07368,9539.35
2026-01-29,trend_momentum,buy,0.00083,0.29208,413.54
2026-01-29,carry,sell,-0.0002,0.09978,97.61
2026-01-29,volprem,buy,0.00024,0.08258,121.79
2026-01-29,xs_momentum,buy,0.00042,0.1643,210.25
2026-01-29,breakout,sell,-0.00101,0.13863,506.48
2026-01-29,crisis,sell,-0.00019,0.08178,92.68
2026-01-29,gmacro,sell,-0.00031,0.06696,155.52
2026-01-29,bab,buy,0.00021,0.0739,106.72
2026-01-30,trend_momentum,buy,0.00785,0.29993,3924.59
2026-01-30,carry,buy,8e-05,0.09986,38.3
2026-01-30,volprem,sell,-0.01344,0.06914,6720.0
2026-01-30,xs_momentum,buy,0.00147,0.16577,737.09
2026-01-30,breakout,buy,0.00331,0.14194,1656.56
2026-01-30,crisis,buy,0.00113,0.08292,567.07
2026-01-30,gmacro,buy,0.00193,0.0689,967.31
2026-01-30,bab,sell,-0.00234,0.07155,1170.92
2026-01-31,trend_momentum,buy,0.02626,0.32618,13129.0
2026-01-31,carry,buy,0.00864,0.1085,4319.41
2026-01-31,volprem,sell,-0.06914,0.0,34568.04
2026-01-31,xs_momentum,buy,0.00668,0.17245,3339.0
2026-01-31,breakout,buy,0.01514,0.15708,7568.68
2026-01-31,crisis,buy,0.00586,0.08878,2932.46
2026-01-31,gmacro,sell,-0.00054,0.06836,268.69
2026-01-31,bab,buy,0.0071,0.07865,3548.18
2026-02-01,trend_momentum,sell,-0.00024,0.32595,117.81
2026-02-01,carry,sell,-0.00455,0.10395,2274.08
2026-02-01,xs_momentum,buy,0.00827,0.18072,4133.79
2026-02-01,breakout,buy,0.00472,0.1618,2359.26
2026-02-01,crisis,sell,-0.0062,0.08259,3098.88
2026-02-01,gmacro,sell,-0.0002,0.06816,99.97
2026-02-01,bab,sell,-0.0018,0.07685,902.3
2026-02-02,trend_momentum,sell,-0.0215,0.30445,10748.63
2026-02-02,carry,sell,-0.00687,0.09708,3432.87
2026-02-02,volprem,buy,0.0648,0.0648,32401.27
2026-02-02,xs_momentum,sell,-0.01087,0.16985,5436.65
2026-02-02,breakout,sell,-0.01072,0.15108,5359.41
2026-02-02,crisis,sell,-0.00565,0.07694,2823.84
2026-02-02,gmacro,sell,-0.00451,0.06364,2256.71
2026-02-02,bab,sell,-0.00469,0.07216,2343.15
2026-02-03,trend_momentum,sell,-0.00011,0.30434,54.83
2026-02-03,carry,buy,0.00021,0.09729,105.69
2026-02-03,volprem,buy,6e-05,0.06487,32.42
2026-02-03,xs_momentum,buy,0.00164,0.17149,821.51
2026-02-03,breakout,sell,-0.00164,0.14944,818.22
2026-02-03,crisis,sell,-0.00059,0.07634,297.34
2026-02-03,gmacro,buy,0.00042,0.06406,209.42
2026-02-03,bab,buy,0.0,0.07216,1.35
2026-02-04,trend_momentum,buy,0.00203,0.30637,1014.84
2026-02-04,carry,buy,0.00016,0.09745,78.92
2026-02-04,volprem,buy,6e-05,0.06492,27.94
2026-02-04,xs_momentum,sell,-0.00618,0.16531,3089.42
2026-02-04,breakout,buy,0.00256,0.152,1281.22
2026-02-04,crisis,buy,0.00046,0.0768,228.48
2026-02-04,gmacro,buy,0.00044,0.0645,219.39
2026-02-04,bab,buy,0.00048,0.07264,238.64
2026-02-05,trend_momentum,buy,0.00181,0.30818,904.23
2026-02-05,carry,buy,0.00033,0.09778,166.42
2026-02-05,volprem,buy,0.00038,0.0653,188.42
2026-02-05,xs_momentum,sell,-0.0039,0.16141,1949.56
2026-02-05,breakout,buy,0.00032,0.15232,158.34
2026-02-05,crisis,buy,0.00043,0.07723,213.0
2026-02-05,gmacro,buy,0.00033,0.06484,166.52
2026-02-05,bab,buy,0.00031,0.07295,152.63
2026-02-06,trend_momentum,buy,0.00799,0.31617,3995.17
2026-02-06,carry,buy,0.00249,0.10027,1244.76
2026-02-06,volprem,buy,0.0011,0.0664,551.23
2026-02-06,xs_momentum,buy,0.00205,0.16346,1024.75
2026-02-06,breakout,sell,-0.01615,0.13617,8072.56
2026-02-06,crisis,buy,0.00132,0.07855,662.03
2026-02-06,gmacro,buy,0.00118,0.06601,587.62
2026-02-06,bab,buy,1e-05,0.07296,6.99
2026-02-07,trend_momentum,buy,0.02885,0.34502,14426.86
2026-02-07,carry,buy,0.0001,0.10037,50.11
2026-02-07,volprem,sell,-0.0664,0.0,33201.28
2026-02-07,xs_momentum,buy,0.01493,0.17839,7463.27
2026-02-07,breakout,buy,0.00337,0.13954,1682.9
2026-02-07,crisis,buy,0.00727,0.08582,3635.48
2026-02-07,gmacro,buy,0.00677,0.07278,3384.15
2026-02-07,bab,buy,0.00512,0.07808,2558.52
2026-02-08,trend_momentum,sell,-0.0008,0.34422,401.96
2026-02-08,carry,buy,0.00012,0.10049,57.83
2026-02-08,xs_momentum,buy,0.00024,0.17863,119.83
2026-02-08,breakout,buy,0.00103,0.14057,516.85
2026-02-08,crisis,sell,-0.00017,0.08565,87.19
2026-02-08,gmacro,sell,-0.00022,0.07255,111.87
2026-02-08,bab,sell,-0.00019,0.07789,93.48
2026-02-09,trend_momentum,sell,-0.02312,0.3211,11558.48
2026-02-09,carry,sell,-0.00676,0.09373,3377.83
2026-02-09,volprem,buy,0.06612,0.06612,33058.97
2026-02-09,xs_momentum,sell,-0.01131,0.16732,5654.59
2026-02-09,breakout,sell,-0.0092,0.13137,4600.48
2026-02-09,crisis,sell,-0.00576,0.07989,2878.92
2026-02-09,gmacro,sell,-0.00476,0.0678,2377.59
2026-02-09,bab,sell,-0.00522,0.07267,2611.06
2026-02-10,trend_momentum,buy,0.00057,0.32167,285.39
2026-02-10,carry,sell,-0.0016,0.09213,799.06
2026-02-10,volprem,buy,0.00034,0.06645,167.97
2026-02-10,xs_momentum,sell,-0.00059,0.16672,297.11
2026-02-10,breakout,buy,0.00023,0.13161,116.04
2026-02-10,crisis,buy,7e-05,0.07995,32.81
2026-02-10,gmacro,buy,0.00073,0.06853,366.44
2026-02-10,bab,buy,0.00026,0.07292,127.52
2026-02-11,trend_momentum,sell,-0.00067,0.321,335.12
2026-02-11,carry,sell,-0.0005,0.09164,247.86
2026-02-11,volprem,sell,-0.00012,0.06634,59.42
2026-02-11,xs_momentum,buy,0.00408,0.17081,2041.55
2026-02-11,breakout,sell,-0.00204,0.12956,1020.9
2026-02-11,crisis,sell,-0.0004,0.07955,200.51
2026-02-11,gmacro,sell,-0.0002,0.06833,100.68
2026-02-11,bab,sell,-0.00015,0.07277,77.08
2026-02-12,trend_momentum,sell,-0.0001,0.3209,50.16
2026-02-12,carry,buy,0.00359,0.09523,1796.33
2026-02-12,volprem,buy,0.00017,0.0665,83.01
2026-02-12,xs_momentum,sell,-0.00334,0.16747,1669.28
2026-02-12,breakout,sell,-0.00049,0.12907,247.18
2026-02-12,crisis,buy,4e-05,0.07959,18.11
2026-02-12,gmacro,buy,8e-05,0.06841,38.97
2026-02-12,bab,buy,6e-05,0.07283,30.19
2026-02-13,trend_momentum,buy,0.00115,0.32206,576.41
2026-02-13,carry,sell,-0.00176,0.09347,879.25
2026-02-13,volprem,buy,0.00051,0.06701,253.75
2026-02-13,xs_momentum,sell,-0.00067,0.1668,335.32
2026-02-13,breakout,buy,0.00015,0.12922,77.26
2026-02-13,crisis,buy,0.0003,0.07989,151.73
2026-02-13,gmacro,sell,-7e-05,0.06834,35.24
2026-02-13,bab,buy,0.00038,0.07321,190.67
2026-02-14,trend_momentum,buy,0.02314,0.3452,11571.98
2026-02-14,carry,buy,0.00616,0.09963,3079.99
2026-02-14,volprem,sell,-0.06701,0.0,33504.28
2026-02-14,xs_momentum,buy,0.01142,0.17821,5707.74
2026-02-14,breakout,buy,0.00979,0.13902,4896.48
2026-02-14,crisis,buy,0.00574,0.08564,2872.08
2026-02-14,gmacro,buy,0.00587,0.07421,2934.49
2026-02-14,bab,buy,0.00488,0.07809,2441.51
2026-02-15,trend_momentum,buy,0.00148,0.34668,740.67
2026-02-15,carry,buy,3e-05,0.09966,13.03
2026-02-15,xs_momentum,sell,-0.00395,0.17426,1976.05
2026-02-15,breakout,sell,-0.0009,0.13812,449.98
2026-02-15,crisis,buy,0.00062,0.08625,308.29
2026-02-15,gmacro,buy,0.00249,0.0767,1244.91
2026-02-15,bab,buy,0.00024,0.07833,119.13
2026-02-16,trend_momentum,sell,-0.00055,0.34614,272.88
2026-02-16,carry,buy,0.00095,0.10061,474.7
2026-02-16,xs_momentum,sell,-0.0009,0.17336,450.18
2026-02-16,breakout,buy,0.00084,0.13896,421.63
2026-02-16,crisis,sell,-0.00014,0.08612,67.76
2026-02-16,gmacro,sell,-8e-05,0.07662,38.37
2026-02-16,bab,sell,-0.00013,0.0782,67.15
2026-02-17,trend_momentum,sell,-0.02652,0.31961,13260.48
2026-02-17,carry,sell,-0.00665,0.09396,3323.6
2026-02-17,volprem,buy,0.06649,0.06649,33242.68
2026-02-17,xs_momentum,sell,-0.00625,0.16711,3124.63
2026-02-17,breakout,sell,-0.00864,0.13032,4321.67
2026-02-17,crisis,sell,-0.00659,0.07953,3293.47
2026-02-17,gmacro,sell,-0.00586,0.07076,2931.87
2026-02-17,bab,sell,-0.00597,0.07222,2986.96
2026-02-18,trend_momentum,sell,-0.00134,0.31828,669.34
2026-02-18,carry,sell,-0.00114,0.09282,568.65
2026-02-18,volprem,sell,-0.00028,0.06621,139.22
2026-02-18,xs_momentum,sell,-0.00032,0.16679,161.54
2026-02-18,breakout,buy,0.00288,0.1332,1441.57
2026-02-18,crisis,sell,-6e-05,0.07947,31.02
2026-02-18,gmacro,buy,6e-05,0.07082,31.31
2026-02-18,bab,buy,0.00019,0.07242,96.88
2026-02-19,trend_momentum,buy,0.00066,0.31893,328.2
2026-02-19,carry,buy,0.00015,0.09297,74.99
2026-02-19,volprem,buy,6e-05,0.06626,28.46
2026-02-19,xs_momentum,sell,-0.00171,0.16508,855.68
2026-02-19,breakout,sell,-0.00062,0.13258,308.31
2026-02-19,crisis,buy,0.00094,0.08041,468.36
2026-02-19,gmacro,buy,0.00031,0.07113,155.95
2026-02-19,bab,buy,0.00022,0.07263,108.03
2026-02-20,trend_momentum,buy,0.00053,0.31946,262.64
2026-02-20,carry,buy,0.00021,0.09318,102.96
2026-02-20,volprem,buy,0.00068,0.06694,338.67
2026-02-20,xs_momentum,sell,-0.00149,0.16359,744.74
2026-02-20,breakout,sell,-0.0003,0.13228,152.49
2026-02-20,crisis,buy,0.00013,0.08054,65.64
2026-02-20,gmacro,buy,0.00018,0.07131,88.31
2026-02-20,bab,buy,8e-05,0.07271,39.01
2026-02-21,trend_momentum,buy,0.0222,0.34165,11098.76
2026-02-21,carry,buy,0.00707,0.10025,3533.87
2026-02-21,volprem,sell,-0.06694,0.0,33470.59
2026-02-21,xs_momentum,buy,0.01111,0.17469,5553.21
2026-02-21,breakout,buy,0.00801,0.14029,4005.58
2026-02-21,crisis,buy,0.00677,0.08731,3386.44
2026-02-21,gmacro,buy,0.0067,0.07801,3351.64
2026-02-21,bab,buy,0.00508,0.07779,2541.08
2026-02-22,trend_momentum,sell,-0.00051,0.34115,253.72
2026-02-22,carry,sell,-0.00045,0.0998,222.74
2026-02-22,xs_momentum,sell,-0.00015,0.17454,77.33
2026-02-22,breakout,sell,-0.00014,0.14014,72.19
2026-02-22,crisis,buy,0.00123,0.08854,613.64
2026-02-22,gmacro,buy,0.00013,0.07814,63.94
2026-02-22,bab,sell,-0.0001,0.07769,51.6
2026-02-23,trend_momentum,sell,-0.02225,0.3189,11123.92
2026-02-23,carry,sell,-0.00701,0.0928,3503.58
2026-02-23,volprem,buy,0.06675,0.06675,33377.17
2026-02-23,xs_momentum,sell,-0.01142,0.16312,5711.29
2026-02-23,breakout,sell,-0.01071,0.12944,5352.8
2026-02-23,crisis,sell,-0.0056,0.08294,2800.35
2026-02-23,gmacro,sell,-0.00467,0.07347,2333.66
2026-02-23,bab,sell,-0.0051,0.07259,2551.58
2026-02-24,trend_momentum,sell,-0.00029,0.31861,145.07
2026-02-24,carry,buy,0.00027,0.09306,133.19
2026-02-24,volprem,buy,0.0002,0.06696,101.86
2026-02-24,xs_momentum,sell,-0.00015,0.16297,72.79
2026-02-24,breakout,buy,5e-05,0.12949,26.89
2026-02-24,crisis,buy,0.0,0.08294,2.5
2026-02-24,gmacro,buy,9e-05,0.07356,44.87
2026-02-24,bab,sell,-0.00018,0.0724,91.46
2026-02-25,trend_momentum,sell,-0.00204,0.31657,1020.67
2026-02-25,carry,sell,-0.00081,0.09226,403.26
2026-02-25,volprem,sell,-0.00045,0.06651,225.34
2026-02-25,xs_momentum,sell,-0.00031,0.16266,154.58
2026-02-25,breakout,buy,1e-05,0.12951,6.17
2026-02-25,crisis,sell,-0.00054,0.0824,271.37
2026-02-25,gmacro,buy,0.00458,0.07814,2289.76
2026-02-25,bab,sell,-0.00044,0.07196,220.71
2026-02-26,trend_momentum,buy,0.00488,0.32145,2438.84
2026-02-26,carry,buy,0.00181,0.09406,904.28
2026-02-26,volprem,buy,0.00109,0.0676,545.72
2026-02-26,xs_momentum,buy,0.00228,0.16494,1140.62
2026-02-26,breakout,sell,-0.01402,0.11549,7008.18
2026-02-26,crisis,buy,0.00138,0.08378,689.2
2026-02-26,gmacro,buy,0.00117,0.07931,585.42
2026-02-26,bab,buy,0.00141,0.07337,704.1
2026-02-27,trend_momentum,buy,0.00237,0.32382,1186.15
2026-02-27,carry,sell,-0.00467,0.08939,2335.64
2026-02-27,volprem,buy,0.00141,0.06901,703.23
2026-02-27,xs_momentum,sell,-0.00203,0.16291,1016.05
2026-02-27,breakout,buy,0.00099,0.11648,494.62
2026-02-27,crisis,buy,0.00062,0.08439,308.67
2026-02-27,gmacro,buy,0.00071,0.08002,356.0
2026-02-27,bab,buy,0.00061,0.07398,303.02
2026-02-28,trend_momentum,buy,0.01989,0.34371,9943.46
2026-02-28,carry,buy,0.00509,0.09448,2543.79
2026-02-28,volprem,sell,-0.06901,0.0,34502.63
2026-02-28,xs_momentum,buy,0.00919,0.1721,4596.28
2026-02-28,breakout,buy,0.0075,0.12398,3748.7
2026-02-28,crisis,buy,0.01285,0.09724,6423.45
2026-02-28,gmacro,buy,0.00995,0.08997,4973.81
2026-02-28,bab,buy,0.00455,0.07852,2273.15
2026-03-01,trend_momentum,sell,-0.00011,0.3436,54.77
2026-03-01,carry,buy,8e-05,0.09456,38.77
2026-03-01,xs_momentum,sell,-5e-05,0.17205,27.15
2026-03-01,breakout,sell,-0.00014,0.12384,68.74
2026-03-01,crisis,sell,-7e-05,0.09717,36.23
2026-03-01,gmacro,buy,0.00032,0.09029,161.43
2026-03-01,bab,sell,-3e-05,0.0785,13.3
2026-03-02,trend_momentum,sell,-0.0232,0.32039,11602.4
2026-03-02,carry,sell,-0.00661,0.08795,3304.94
2026-03-02,volprem,buy,0.06779,0.06779,33893.76
2026-03-02,xs_momentum,sell,-0.01162,0.16043,5811.7
2026-03-02,breakout,sell,-0.00809,0.11575,4044.6
2026-03-02,crisis,sell,-0.00667,0.0905,3333.65
2026-03-02,gmacro,sell,-0.00629,0.08401,3144.61
2026-03-02,bab,sell,-0.0053,0.07319,2651.86
2026-03-03,trend_momentum,sell,-0.00272,0.31767,1360.09
2026-03-03,carry,sell,-0.00049,0.08746,243.08
2026-03-03,volprem,sell,-0.00143,0.06635,717.24
2026-03-03,xs_momentum,buy,0.00179,0.16222,896.56
2026-03-03,breakout,buy,0.00591,0.12166,2953.86
2026-03-03,crisis,sell,-0.00246,0.08805,1228.18
2026-03-03,gmacro,sell,-0.00085,0.08316,423.18
2026-03-03,bab,buy,0.00024,0.07344,121.34
2026-03-04,trend_momentum,buy,0.00642,0.32409,3211.83
2026-03-04,carry,buy,0.00166,0.08912,827.53
2026-03-04,volprem,sell,-0.00523,0.06112,2617.36
2026-03-04,xs_momentum,sell,-0.01201,0.15021,6004.12
2026-03-04,breakout,buy,0.00366,0.12532,1830.71
2026-03-04,crisis,buy,0.00126,0.08931,631.06
2026-03-04,gmacro,buy,0.00162,0.08478,809.74
2026-03-04,bab,buy,0.00262,0.07606,1310.61
2026-03-05,trend_momentum,buy,0.00036,0.32445,178.26
2026-03-05,carry,buy,0.00056,0.08968,280.87
2026-03-05,volprem,buy,0.00052,0.06164,261.46
2026-03-05,xs_momentum,sell,-0.00106,0.14915,532.11
2026-03-05,breakout,sell,-0.00048,0.12484,238.89
2026-03-05,crisis,sell,-0.00019,0.08912,95.13
2026-03-05,gmacro,buy,6e-05,0.08484,30.28
2026-03-05,bab,buy,0.00023,0.07629,115.26
2026-03-06,trend_momentum,sell,-0.00051,0.32394,253.0
2026-03-06,carry,buy,0.00039,0.09007,194.53
2026-03-06,volprem,buy,0.00024,0.06189,122.26
2026-03-06,xs_momentum,buy,0.001,0.15014,497.6
2026-03-06,breakout,buy,8e-05,0.12492,38.7
2026-03-06,crisis,buy,0.00027,0.08938,133.1
2026-03-06,gmacro,sell,-0.0017,0.08314,851.64
2026-03-06,bab,buy,0.00024,0.07652,118.45
2026-03-07,trend_momentum,buy,0.02197,0.34591,10984.96
2026-03-07,carry,buy,0.00639,0.09645,3192.58
2026-03-07,volprem,sell,-0.06189,0.0,30942.89
2026-03-07,xs_momentum,buy,0.00838,0.15852,4188.09
2026-03-07,breakout,buy,0.00706,0.13198,3531.0
2026-03-07,crisis,buy,0.00594,0.09533,2971.57
2026-03-07,gmacro,buy,0.00694,0.09008,3470.14
2026-03-07,bab,buy,0.00521,0.08173,2604.54
2026-03-08,trend_momentum,sell,-0.00077,0.34514,387.17
2026-03-08,carry,buy,0.00013,0.09658,64.91
2026-03-08,xs_momentum,buy,0.0019,0.16041,948.29
2026-03-08,breakout,sell,-0.00094,0.13104,468.15
2026-03-08,crisis,sell,-0.00015,0.09518,74.21
2026-03-08,gmacro,sell,-0.00012,0.08996,58.17
2026-03-08,bab,sell,-5e-05,0.08168,25.5
2026-03-09,trend_momentum,sell,-0.02303,0.32211,11515.45
2026-03-09,carry,sell,-0.00659,0.08999,3294.23
2026-03-09,volprem,buy,0.06152,0.06152,30762.15
2026-03-09,xs_momentum,sell,-0.01074,0.14968,5368.9
2026-03-09,breakout,sell,-0.00879,0.12226,4392.99
2026-03-09,crisis,sell,-0.00381,0.09137,1906.51
2026-03-09,gmacro,sell,-0.00311,0.08685,1554.65
2026-03-09,bab,sell,-0.00546,0.07622,2729.41
2026-03-10,trend_momentum,sell,-0.00161,0.3205,805.39
2026-03-10,carry,sell,-0.00059,0.08941,293.63
2026-03-10,volprem,sell,-0.0005,0.06103,249.54
2026-03-10,xs_momentum,buy,0.00051,0.15019,256.47
2026-03-10,breakout,sell,-0.00097,0.12128,486.99
2026-03-10,crisis,sell,-0.00012,0.09125,58.77
2026-03-10,gmacro,buy,0.00368,0.09053,1840.97
2026-03-10,bab,sell,-0.00041,0.07582,203.13
2026-03-11,trend_momentum,sell,-0.00065,0.31985,323.68
2026-03-11,carry,buy,3e-05,0.08943,13.78
2026-03-11,volprem,buy,8e-05,0.06111,41.15
2026-03-11,xs_momentum,sell,-0.00019,0.15,92.98
2026-03-11,breakout,sell,-0.00029,0.12099,146.17
2026-03-11,crisis,buy,0.0003,0.09155,152.1
2026-03-11,gmacro,buy,0.00079,0.09133,397.45
2026-03-11,bab,sell,-8e-05,0.07573,41.64
2026-03-12,trend_momentum,buy,0.0002,0.32005,97.5
2026-03-12,carry,buy,0.0003,0.08973,149.04
2026-03-12,volprem,sell,-3e-05,0.06108,14.43
2026-03-12,xs_momentum,buy,9e-05,0.15009,44.93
2026-03-12,breakout,buy,7e-05,0.12106,36.89
2026-03-12,crisis,sell,-0.00016,0.0914,78.18
2026-03-12,gmacro,sell,-0.00052,0.0908,261.82
2026-03-12,bab,buy,5e-05,0.07579,26.09
2026-03-13,trend_momentum,buy,0.00094,0.32099,472.11
2026-03-13,carry,buy,0.00193,0.09166,963.8
2026-03-13,volprem,buy,0.0001,0.06118,48.64
2026-03-13,xs_momentum,sell,-0.00211,0.14798,1057.09
2026-03-13,breakout,buy,0.00034,0.1214,168.47
2026-03-13,crisis,sell,-0.0011,0.0903,547.82
2026-03-13,gmacro,sell,-0.00031,0.09049,157.22
2026-03-13,bab,buy,0.00022,0.076,109.1
2026-03-14,trend_momentum,buy,0.01919,0.34018,9595.3
2026-03-14,carry,buy,0.00493,0.09659,2464.41
2026-03-14,volprem,sell,-0.06118,0.0,30587.97
2026-03-14,xs_momentum,buy,0.00902,0.157,4509.48
2026-03-14,breakout,buy,0.00726,0.12866,3627.74
2026-03-14,crisis,buy,0.00868,0.09898,4338.5
2026-03-14,gmacro,buy,0.00742,0.09791,3711.55
2026-03-14,bab,buy,0.00468,0.08069,2340.98
2026-03-15,trend_momentum,sell,-0.00515,0.33503,2573.83
2026-03-15,carry,buy,0.0065,0.10309,3250.23
2026-03-15,xs_momentum,sell,-0.00251,0.15448,1256.88
2026-03-15,breakout,buy,0.00395,0.13261,1976.37
2026-03-15,crisis,sell,-0.00061,0.09836,307.0
2026-03-15,gmacro,sell,-0.00107,0.09684,535.51
2026-03-15,bab,sell,-0.00111,0.07958,553.38
2026-03-16,trend_momentum,sell,-0.02094,0.31409,10469.49
2026-03-16,carry,sell,-0.00552,0.09757,2758.61
2026-03-16,volprem,buy,0.05983,0.05983,29913.58
2026-03-16,xs_momentum,sell,-0.00817,0.14631,4086.41
2026-03-16,breakout,sell,-0.00882,0.12379,4411.78
2026-03-16,crisis,sell,-0.00616,0.0922,3082.36
2026-03-16,gmacro,sell,-0.00567,0.09117,2837.26
2026-03-16,bab,sell,-0.00454,0.07504,2267.67
2026-03-17,trend_momentum,buy,0.00258,0.31667,1289.58
2026-03-17,carry,buy,0.00162,0.09919,809.91
2026-03-17,volprem,buy,0.00108,0.06091,542.34
2026-03-17,xs_momentum,buy,0.00224,0.14855,1119.26
2026-03-17,breakout,sell,-0.00594,0.11785,2968.63
2026-03-17,crisis,sell,-0.00173,0.09047,863.06
2026-03-17,gmacro,sell,-0.00035,0.09082,175.46
2026-03-17,bab,buy,0.00049,0.07554,246.05
2026-03-18,trend_momentum,buy,0.00107,0.31775,536.94
2026-03-18,carry,sell,-0.00192,0.09727,960.79
2026-03-18,volprem,buy,2e-05,0.06093,8.84
2026-03-18,xs_momentum,sell,-0.00119,0.14736,597.05
2026-03-18,breakout,buy,0.0003,0.11815,151.51
2026-03-18,crisis,buy,0.00102,0.0915,511.85
2026-03-18,gmacro,buy,0.00033,0.09114,162.76
2026-03-18,bab,buy,0.00037,0.07591,185.94
2026-03-19,trend_momentum,buy,0.00066,0.31841,329.72
2026-03-19,carry,buy,0.00103,0.0983,515.05
2026-03-19,volprem,sell,-1e-05,0.06092,5.7
2026-03-19,xs_momentum,sell,-0.00042,0.14694,208.16
2026-03-19,breakout,sell,-0.0,0.11815,0.54
2026-03-19,crisis,sell,-0.00025,0.09125,124.14
2026-03-19,gmacro,sell,-0.00161,0.08953,806.14
2026-03-19,bab,buy,0.0006,0.07651,299.92
2026-03-20,trend_momentum,buy,7e-05,0.31847,33.7
2026-03-20,carry,sell,-0.00058,0.09773,287.52
2026-03-20,volprem,buy,0.00019,0.06111,94.5
2026-03-20,xs_momentum,sell,-0.00019,0.14675,93.28
2026-03-20,breakout,buy,9e-05,0.11824,44.28
2026-03-20,crisis,buy,0.00036,0.09161,178.92
2026-03-20,gmacro,buy,8e-05,0.08961,38.71
2026-03-20,bab,sell,-2e-05,0.07649,9.32
2026-03-21,trend_momentum,buy,0.02113,0.3396,10563.98
2026-03-21,carry,buy,0.00665,0.10437,3323.28
2026-03-21,volprem,sell,-0.06111,0.0,30553.56
2026-03-21,xs_momentum,buy,0.00889,0.15564,4443.93
2026-03-21,breakout,buy,0.0078,0.12603,3897.61
2026-03-21,crisis,buy,0.0052,0.09681,2601.39
2026-03-21,gmacro,buy,0.00595,0.09556,2974.41
2026-03-21,bab,buy,0.0055,0.08199,2748.96
2026-03-22,trend_momentum,sell,-7e-05,0.33953,34.67
2026-03-22,carry,sell,-0.00026,0.10411,132.12
2026-03-22,xs_momentum,buy,0.00027,0.15591,135.38
2026-03-22,breakout,sell,-2e-05,0.12602,7.86
2026-03-22,crisis,buy,4e-05,0.09685,20.14
2026-03-22,gmacro,sell,-0.00025,0.09531,124.4
2026-03-22,bab,buy,0.00029,0.08227,143.54
2026-03-23,trend_momentum,sell,-0.02453,0.31501,12262.6
2026-03-23,carry,sell,-0.0075,0.0966,3751.98
2026-03-23,volprem,buy,0.06053,0.06053,30265.65
2026-03-23,xs_momentum,sell,-0.01128,0.14463,5639.0
2026-03-23,breakout,sell,-0.00919,0.11683,4593.58
2026-03-23,crisis,sell,-0.00626,0.09059,3128.06
2026-03-23,gmacro,sell,-0.00333,0.09198,1662.62
2026-03-23,bab,buy,0.00154,0.08382,772.18
2026-03-24,trend_momentum,sell,-0.00201,0.31299,1007.33
2026-03-24,carry,buy,0.00028,0.09688,138.46
2026-03-24,volprem,sell,-0.00016,0.06037,78.88
2026-03-24,xs_momentum,sell,-0.00014,0.14449,71.77
2026-03-24,breakout,sell,-0.0009,0.11593,451.17
2026-03-24,crisis,buy,0.00165,0.09225,826.31
2026-03-24,gmacro,buy,0.00093,0.09291,464.72
2026-03-24,bab,buy,0.00036,0.08418,179.65
2026-03-25,trend_momentum,sell,-0.00132,0.31167,661.43
2026-03-25,carry,buy,0.00159,0.09847,796.4
2026-03-25,volprem,buy,7e-05,0.06045,36.12
2026-03-25,xs_momentum,sell,-0.00128,0.14321,641.04
2026-03-25,breakout,sell,-0.00065,0.11528,325.94
2026-03-25,crisis,buy,0.00033,0.09258,165.81
2026-03-25,gmacro,buy,0.0016,0.09451,798.08
2026-03-25,bab,sell,-0.00034,0.08384,168.0
2026-03-26,trend_momentum,buy,0.00065,0.31232,322.93
2026-03-26,carry,sell,-0.00098,0.0975,488.51
2026-03-26,volprem,buy,0.0004,0.06084,198.17
2026-03-26,xs_momentum,sell,-6e-05,0.14315,27.92
2026-03-26,breakout,sell,-1e-05,0.11526,6.91
2026-03-26,crisis,sell,-9e-05,0.09249,44.58
2026-03-26,gmacro,sell,-0.00019,0.09432,94.1
2026-03-26,bab,buy,0.00028,0.08412,140.91
2026-03-27,trend_momentum,sell,-0.00054,0.31178,268.32
2026-03-27,carry,sell,-0.00078,0.09672,390.62
2026-03-27,volprem,sell,-2e-05,0.06083,8.28
2026-03-27,xs_momentum,sell,-0.00482,0.13833,2409.69
2026-03-27,breakout,sell,-4e-05,0.11522,19.98
2026-03-27,crisis,buy,0.00494,0.09743,2468.74
2026-03-27,gmacro,sell,-0.0027,0.09162,1348.42
2026-03-27,bab,buy,0.00395,0.08808,1976.58
2026-03-28,trend_momentum,buy,0.02129,0.33307,10643.07
2026-03-28,carry,buy,0.00533,0.10204,2663.4
2026-03-28,volprem,sell,-0.06083,0.0,30412.77
2026-03-28,xs_momentum,buy,0.00851,0.14684,4255.07
2026-03-28,breakout,buy,0.00684,0.12207,3422.32
2026-03-28,crisis,buy,0.00602,0.10345,3010.88
2026-03-28,gmacro,buy,0.00697,0.09859,3485.02
2026-03-28,bab,buy,0.00587,0.09394,2933.0
2026-03-29,trend_momentum,sell,-0.02054,0.31253,10268.84
2026-03-29,carry,sell,-0.0062,0.09584,3100.5
2026-03-29,xs_momentum,sell,-0.00427,0.14257,2135.71
2026-03-29,breakout,sell,-0.00749,0.11458,3746.82
2026-03-29,crisis,sell,-0.00241,0.10103,1206.37
2026-03-29,gmacro,buy,0.00557,0.10417,2786.66
2026-03-29,bab,buy,0.03534,0.12929,17671.59
2026-03-30,trend_momentum,sell,-0.01939,0.29313,9696.58
2026-03-30,carry,sell,-0.00578,0.09006,2889.65
2026-03-30,volprem,buy,0.0572,0.0572,28600.97
2026-03-30,xs_momentum,sell,-0.00887,0.13371,4432.99
2026-03-30,breakout,sell,-0.00623,0.10834,3115.41
2026-03-30,crisis,sell,-0.00548,0.09556,2737.61
2026-03-30,gmacro,sell,-0.00253,0.10164,1263.53
2026-03-30,bab,sell,-0.00893,0.12036,4465.2
2026-03-31,trend_momentum,sell,-0.00714,0.28599,3571.75
2026-03-31,carry,sell,-0.00049,0.08958,243.13
2026-03-31,volprem,sell,-0.00128,0.05592,641.98
2026-03-31,xs_momentum,sell,-0.00669,0.12701,3346.7
2026-03-31,breakout,sell,-0.00264,0.1057,1321.84
2026-03-31,crisis,sell,-0.00038,0.09518,187.57
2026-03-31,gmacro,sell,-0.00209,0.09955,1045.38
2026-03-31,bab,buy,0.02072,0.14107,10358.34
2026-04-01,trend_momentum,sell,-0.00363,0.28236,1815.92
2026-04-01,carry,sell,-0.00282,0.08676,1409.12
2026-04-01,volprem,sell,-0.00059,0.05533,295.41
2026-04-01,xs_momentum,buy,0.0008,0.12781,398.68
2026-04-01,breakout,sell,-0.00164,0.10406,820.44
2026-04-01,crisis,sell,-0.00209,0.0931,1042.84
2026-04-01,gmacro,buy,0.00532,0.10487,2662.18
2026-04-01,bab,buy,0.00465,0.14572,2322.89
2026-04-02,trend_momentum,sell,-0.00844,0.27392,4221.02
2026-04-02,carry,buy,7e-05,0.08682,33.01
2026-04-02,volprem,sell,-0.00187,0.05345,937.45
2026-04-02,xs_momentum,sell,-0.00388,0.12393,1940.94
2026-04-02,breakout,sell,-0.00167,0.10239,832.99
2026-04-02,crisis,buy,0.01107,0.10417,5535.32
2026-04-02,gmacro,sell,-0.01021,0.09466,5104.73
2026-04-02,bab,buy,0.01494,0.16066,7468.8
2026-04-03,trend_momentum,buy,0.01641,0.29032,8202.57
2026-04-03,carry,buy,0.00492,0.09174,2458.7
2026-04-03,volprem,sell,-0.05345,0.0,26726.13
2026-04-03,xs_momentum,buy,0.0075,0.13143,3751.74
2026-04-03,breakout,buy,0.00619,0.10859,3096.05
2026-04-03,crisis,buy,0.00652,0.11069,3259.63
2026-04-03,gmacro,buy,0.00272,0.09738,1359.0
2026-04-03,bab,buy,0.0092,0.16985,4598.45
2026-04-04,trend_momentum,sell,-0.00071,0.28961,354.25
2026-04-04,carry,sell,-0.00023,0.09151,115.38
2026-04-04,xs_momentum,sell,-0.00053,0.1309,264.61
2026-04-04,breakout,buy,0.00019,0.10878,97.4
2026-04-04,crisis,buy,0.00048,0.11117,241.94
2026-04-04,gmacro,buy,0.00055,0.09793,274.73
2026-04-04,bab,buy,0.00024,0.17009,120.17
2026-04-05,trend_momentum,buy,4e-05,0.28965,20.02
2026-04-05,carry,sell,-0.00632,0.08519,3162.04
2026-04-05,xs_momentum,buy,0.00417,0.13507,2086.0
2026-04-05,breakout,buy,4e-05,0.10882,18.98
2026-04-05,crisis,buy,0.00049,0.11167,247.21
2026-04-05,gmacro,buy,0.00103,0.09896,514.63
2026-04-05,bab,buy,0.00055,0.17064,275.21
2026-04-06,trend_momentum,sell,-0.01688,0.27278,8439.42
2026-04-06,carry,sell,-0.00551,0.07968,2753.93
2026-04-06,volprem,buy,0.05336,0.05336,26678.06
2026-04-06,xs_momentum,sell,-0.00508,0.12999,2542.31
2026-04-06,breakout,sell,-0.00617,0.10265,3086.05
2026-04-06,crisis,sell,-0.0061,0.10556,3051.97
2026-04-06,gmacro,sell,-0.00573,0.09323,2864.28
2026-04-06,bab,sell,-0.00788,0.16276,3940.1
2026-04-07,trend_momentum,sell,-0.01331,0.25946,6655.53
2026-04-07,carry,sell,-0.00379,0.07589,1894.41
2026-04-07,volprem,sell,-0.00289,0.05047,1445.49
2026-04-07,xs_momentum,sell,-0.0051,0.12489,2551.04
2026-04-07,breakout,buy,0.00577,0.10842,2885.71
2026-04-07,crisis,sell,-0.00409,0.10147,2044.13
2026-04-07,gmacro,sell,-0.00386,0.08937,1929.08
2026-04-07,bab,buy,0.02727,0.19003,13633.97
2026-04-08,trend_momentum,sell,-0.0072,0.25227,3598.0
2026-04-08,carry,buy,0.00442,0.08031,2212.38
2026-04-08,volprem,sell,-0.0014,0.04906,701.61
2026-04-08,xs_momentum,sell,-0.00367,0.12122,1835.17
2026-04-08,breakout,sell,-0.00027,0.10815,135.75
2026-04-08,crisis,sell,-0.01106,0.09042,5528.85
2026-04-08,gmacro,sell,-0.00411,0.08526,2054.17
2026-04-08,bab,buy,0.02328,0.21331,11641.18
2026-04-09,trend_momentum,buy,0.00593,0.2582,2965.32
2026-04-09,carry,buy,0.00184,0.08215,918.15
2026-04-09,volprem,buy,0.00071,0.04977,356.53
2026-04-09,xs_momentum,sell,-0.00379,0.11743,1892.96
2026-04-09,breakout,buy,0.00266,0.1108,1328.19
2026-04-09,crisis,sell,-0.00245,0.08797,1224.46
2026-04-09,gmacro,sell,-0.00949,0.07578,4742.93
2026-04-09,bab,buy,0.00458,0.2179,2292.16
2026-04-10,trend_momentum,buy,0.00125,0.25945,627.26
2026-04-10,carry,buy,0.00015,0.0823,73.53
2026-04-10,volprem,buy,0.00017,0.04995,85.73
2026-04-10,xs_momentum,buy,0.00041,0.11784,203.64
2026-04-10,breakout,buy,0.00109,0.1119,546.3
2026-04-10,crisis,buy,0.00036,0.08833,180.44
2026-04-10,gmacro,buy,0.00021,0.07599,107.08
2026-04-10,bab,sell,-0.00365,0.21425,1823.98
2026-04-11,trend_momentum,buy,0.0134,0.27285,6699.79
2026-04-11,carry,buy,0.00656,0.08886,3281.61
2026-04-11,volprem,sell,-0.04995,0.0,24973.22
2026-04-11,xs_momentum,buy,0.00605,0.12389,3026.85
2026-04-11,breakout,buy,0.00563,0.11753,2815.34
2026-04-11,crisis,buy,0.00497,0.0933,2484.38
2026-04-11,gmacro,buy,0.00378,0.07977,1888.31
2026-04-11,bab,buy,0.00955,0.2238,4776.94
2026-04-12,trend_momentum,buy,0.00209,0.27495,1046.35
2026-04-12,carry,buy,0.0011,0.08996,548.95
2026-04-12,xs_momentum,buy,0.00094,0.12484,471.68
2026-04-12,breakout,buy,0.00368,0.12121,1841.43
2026-04-12,crisis,buy,0.00096,0.09426,482.27
2026-04-12,gmacro,buy,0.00067,0.08044,334.47
2026-04-12,bab,sell,-0.00945,0.21435,4725.14
2026-04-13,trend_momentum,sell,-0.00953,0.26542,4764.19
2026-04-13,carry,sell,-0.00351,0.08645,1753.75
2026-04-13,volprem,buy,0.05128,0.05128,25639.55
2026-04-13,xs_momentum,sell,-0.00251,0.12233,1252.8
2026-04-13,breakout,sell,-0.00345,0.11776,1726.11
2026-04-13,crisis,sell,-0.0033,0.09096,1651.18
2026-04-13,gmacro,sell,-0.00289,0.07755,1442.56
2026-04-13,bab,sell,-0.0261,0.18826,13048.95
2026-04-14,trend_momentum,sell,-0.0004,0.26502,198.2
2026-04-14,carry,buy,0.00255,0.089,1272.99
2026-04-14,volprem,sell,-6e-05,0.05122,29.12
2026-04-14,xs_momentum,sell,-0.00251,0.11982,1254.22
2026-04-14,breakout,sell,-0.0007,0.11706,348.69
2026-04-14,crisis,sell,-0.00034,0.09062,169.74
2026-04-14,gmacro,sell,-0.00057,0.07699,282.73
2026-04-14,bab,buy,0.00202,0.19027,1009.72
2026-04-15,trend_momentum,buy,0.00098,0.266,491.93
2026-04-15,carry,buy,0.00155,0.09054,773.79
2026-04-15,volprem,buy,0.00027,0.05149,135.8
2026-04-15,xs_momentum,sell,-0.00013,0.11969,66.05
2026-04-15,breakout,buy,0.00041,0.11747,206.72
2026-04-15,crisis,buy,0.00063,0.09125,317.3
2026-04-15,gmacro,buy,0.00031,0.0773,156.57
2026-04-15,bab,sell,-0.00403,0.18624,2016.06
2026-04-16,trend_momentum,sell,-0.00137,0.26463,686.27
2026-04-16,carry,buy,0.00107,0.09161,535.37
2026-04-16,volprem,sell,-0.00011,0.05138,57.27
2026-04-16,xs_momentum,sell,-0.00062,0.11907,308.41
2026-04-16,breakout,buy,0.00037,0.11784,184.03
2026-04-16,crisis,sell,-0.00086,0.0904,428.57
2026-04-16,gmacro,sell,-0.0004,0.0769,201.05
2026-04-16,bab,buy,0.00192,0.18817,962.18
2026-04-17,trend_momentum,buy,0.0398,0.30443,19900.32
2026-04-17,carry,buy,0.01479,0.10641,7397.26
2026-04-17,volprem,buy,0.01035,0.06173,5174.05
2026-04-17,xs_momentum,buy,0.00861,0.12768,4304.69
2026-04-17,breakout,buy,0.01428,0.13212,7142.08
2026-04-17,crisis,buy,0.01363,0.10403,6815.18
2026-04-17,gmacro,buy,0.0115,0.0884,5749.32
2026-04-17,bab,sell,-0.11297,0.0752,56482.89
2026-04-18,trend_momentum,buy,0.02079,0.32522,10393.11
2026-04-18,carry,buy,0.0072,0.11361,3598.74
2026-04-18,volprem,sell,-0.06173,0.0,30863.01
2026-04-18,xs_momentum,buy,0.00875,0.13643,4374.22
2026-04-18,breakout,buy,0.00836,0.14048,4179.41
2026-04-18,crisis,buy,0.00681,0.11084,3403.79
2026-04-18,gmacro,buy,0.00586,0.09425,2928.24
2026-04-18,bab,buy,0.00397,0.07917,1985.49
2026-04-19,trend_momentum,buy,0.00101,0.32623,503.49
2026-04-19,carry,buy,0.00156,0.11517,782.06
2026-04-19,xs_momentum,buy,0.00042,0.13685,209.65
2026-04-19,breakout,buy,0.00035,0.14083,173.7
2026-04-19,crisis,sell,-0.00341,0.10742,1705.71
2026-04-19,gmacro,buy,0.00036,0.09461,180.42
2026-04-19,bab,sell,-0.00029,0.07888,143.62
2026-04-20,trend_momentum,sell,-0.01941,0.30682,9704.09
2026-04-20,carry,sell,-0.0069,0.10827,3449.98
2026-04-20,volprem,buy,0.06221,0.06221,31105.46
2026-04-20,xs_momentum,sell,-0.00641,0.13044,3203.8
2026-04-20,breakout,sell,-0.00718,0.13365,3588.58
2026-04-20,crisis,sell,-0.01099,0.09643,5496.3
2026-04-20,gmacro,sell,-0.00593,0.08869,2963.88
2026-04-20,bab,sell,-0.0054,0.07349,2698.82
2026-04-21,trend_momentum,sell,-0.00056,0.30626,278.7
2026-04-21,carry,sell,-0.0002,0.10807,99.92
2026-04-21,volprem,buy,1e-05,0.06223,7.14
2026-04-21,xs_momentum,buy,0.00155,0.13199,776.62
2026-04-21,breakout,buy,0.0008,0.13445,399.85
2026-04-21,crisis,sell,-0.00102,0.09542,507.72
2026-04-21,gmacro,sell,-0.00041,0.08827,206.09
2026-04-21,bab,sell,-0.00018,0.0733,91.18
2026-04-22,trend_momentum,buy,0.00223,0.30849,1116.12
2026-04-22,carry,sell,-0.00591,0.10216,2954.94
2026-04-22,volprem,buy,0.00068,0.06291,340.69
2026-04-22,xs_momentum,buy,0.0014,0.13339,698.67
2026-04-22,breakout,buy,0.00194,0.13639,970.42
2026-04-22,crisis,buy,0.00079,0.0962,393.17
2026-04-22,gmacro,sell,-0.00153,0.08675,763.28
2026-04-22,bab,buy,0.0004,0.0737,199.14
2026-04-23,trend_momentum,buy,5e-05,0.30854,24.99
2026-04-23,carry,buy,0.00048,0.10265,241.99
2026-04-23,volprem,buy,1e-05,0.06292,5.07
2026-04-23,xs_momentum,buy,0.00011,0.1335,54.26
2026-04-23,breakout,sell,-0.00033,0.13607,164.02
2026-04-23,crisis,sell,-2e-05,0.09618,8.84
2026-04-23,gmacro,sell,-0.00016,0.08659,78.99
2026-04-23,bab,sell,-0.00015,0.07355,74.47
2026-04-24,trend_momentum,buy,0.00016,0.30871,82.06
2026-04-24,carry,buy,4e-05,0.10268,17.78
2026-04-24,volprem,buy,0.00012,0.06304,60.09
2026-04-24,xs_momentum,sell,-0.00249,0.13101,1243.9
2026-04-24,breakout,buy,0.00247,0.13854,1235.19
2026-04-24,crisis,sell,-6e-05,0.09613,27.61
2026-04-24,gmacro,sell,-0.00033,0.08626,163.66
2026-04-24,bab,buy,8e-05,0.07363,40.06
2026-04-25,trend_momentum,buy,0.02094,0.32965,10469.68
2026-04-25,carry,buy,0.00682,0.10951,3412.13
2026-04-25,volprem,sell,-0.06304,0.0,31518.45
2026-04-25,xs_momentum,buy,0.00886,0.13987,4430.97
2026-04-25,breakout,buy,0.0099,0.14844,4950.65
2026-04-25,crisis,buy,0.00617,0.10229,3082.85
2026-04-25,gmacro,buy,0.00561,0.09188,2806.47
2026-04-25,bab,buy,0.00473,0.07837,2365.7
2026-04-26,trend_momentum,sell,-6e-05,0.32958,30.53
2026-04-26,carry,buy,0.00032,0.10983,160.51
2026-04-26,xs_momentum,buy,0.00015,0.14003,75.91
2026-04-26,breakout,buy,6e-05,0.1485,31.62
2026-04-26,crisis,buy,1e-05,0.1023,3.9
2026-04-26,gmacro,sell,-1e-05,0.09187,4.63
2026-04-26,bab,sell,-0.00047,0.07789,236.78
2026-04-27,trend_momentum,sell,-0.03107,0.29852,15534.78
2026-04-27,carry,sell,-0.01031,0.09952,5152.92
2026-04-27,volprem,buy,0.06112,0.06112,30559.09
2026-04-27,xs_momentum,sell,-0.01273,0.1273,6363.02
2026-04-27,breakout,buy,0.01848,0.16699,9242.21
2026-04-27,crisis,sell,-0.00971,0.0926,4852.57
2026-04-27,gmacro,sell,-0.00845,0.08341,4225.82
2026-04-27,bab,sell,-0.00734,0.07055,3672.18
2026-04-28,trend_momentum,sell,-0.00732,0.2912,3659.76
2026-04-28,carry,buy,0.00769,0.10721,3844.79
2026-04-28,volprem,buy,0.01317,0.07429,6585.22
2026-04-28,xs_momentum,sell,-0.00179,0.12551,895.86
2026-04-28,breakout,sell,-0.0044,0.16259,2198.3
2026-04-28,crisis,sell,-0.00279,0.08981,1395.09
2026-04-28,gmacro,sell,-0.00198,0.08143,992.21
2026-04-28,bab,sell,-0.00258,0.06797,1288.79
2026-04-29,trend_momentum,sell,-0.00099,0.29021,493.28
2026-04-29,carry,sell,-0.00044,0.10677,217.93
2026-04-29,volprem,buy,0.0077,0.08199,3848.34
2026-04-29,xs_momentum,sell,-0.00223,0.12328,1114.22
2026-04-29,breakout,sell,-0.00013,0.16246,64.7
2026-04-29,crisis,buy,0.00014,0.08995,72.32
2026-04-29,gmacro,sell,-0.00382,0.07761,1908.5
2026-04-29,bab,sell,-0.00024,0.06773,122.03
2026-04-30,trend_momentum,buy,0.001,0.29121,497.9
2026-04-30,carry,sell,-0.00169,0.10508,844.95
2026-04-30,volprem,buy,0.00024,0.08222,118.26
2026-04-30,xs_momentum,buy,0.00023,0.12351,113.14
2026-04-30,breakout,buy,0.0007,0.16316,350.2
2026-04-30,crisis,sell,-5e-05,0.08991,22.54
2026-04-30,gmacro,sell,-0.00066,0.07696,328.07
2026-04-30,bab,buy,0.00023,0.06796,116.06
2026-05-01,trend_momentum,buy,0.00114,0.29234,569.4
2026-05-01,carry,buy,0.00113,0.10622,566.46
2026-05-01,volprem,buy,0.00092,0.08314,458.54
2026-05-01,xs_momentum,sell,-0.00252,0.12098,1261.54
2026-05-01,breakout,buy,0.00069,0.16385,343.55
2026-05-01,crisis,sell,-0.00163,0.08828,815.77
2026-05-01,gmacro,buy,9e-05,0.07705,47.31
2026-05-01,bab,buy,0.00018,0.06814,92.05
2026-05-02,trend_momentum,buy,0.02574,0.31808,12869.11
2026-05-02,carry,buy,0.00475,0.11097,2377.11
2026-05-02,volprem,sell,-0.08314,0.0,41569.45
2026-05-02,xs_momentum,buy,0.00948,0.13046,4738.13
2026-05-02,breakout,buy,0.01675,0.1806,8377.03
2026-05-02,crisis,buy,0.01377,0.10205,6886.67
2026-05-02,gmacro,buy,0.00667,0.08372,3332.83
2026-05-02,bab,buy,0.00598,0.07412,2988.56
2026-05-03,trend_momentum,sell,-0.00316,0.31492,1582.18
2026-05-03,carry,sell,-0.00273,0.10824,1367.0
2026-05-03,xs_momentum,buy,0.00997,0.14043,4982.78
2026-05-03,breakout,sell,-0.00163,0.17897,814.71
2026-05-03,crisis,sell,-0.00077,0.10128,382.58
2026-05-03,gmacro,sell,-0.00086,0.08285,432.11
2026-05-03,bab,sell,-0.00081,0.07331,404.2
2026-05-04,trend_momentum,sell,-0.02558,0.28934,12789.88
2026-05-04,carry,sell,-0.00834,0.09989,4172.41
2026-05-04,volprem,buy,0.08239,0.08239,41193.43
2026-05-04,xs_momentum,sell,-0.01148,0.12895,5739.67
2026-05-04,breakout,sell,-0.01504,0.16394,7517.54
2026-05-04,crisis,sell,-0.00926,0.09202,4630.11
2026-05-04,gmacro,sell,-0.00679,0.07606,3395.57
2026-05-04,bab,sell,-0.0059,0.06741,2948.24
2026-05-05,trend_momentum,buy,0.00051,0.28985,257.44
2026-05-05,carry,sell,-0.00028,0.09961,140.75
2026-05-05,volprem,buy,0.00123,0.08361,613.55
2026-05-05,xs_momentum,sell,-0.00405,0.12489,2026.37
2026-05-05,breakout,buy,0.00058,0.16451,289.03
2026-05-05,crisis,sell,-5e-05,0.09197,25.56
2026-05-05,gmacro,buy,0.00194,0.078,970.17
2026-05-05,bab,buy,0.00012,0.06754,62.49
2026-05-06,trend_momentum,sell,-0.00266,0.28719,1330.21
2026-05-06,carry,sell,-0.00078,0.09883,388.46
2026-05-06,volprem,buy,0.00229,0.0859,1142.5
2026-05-06,xs_momentum,sell,-0.00054,0.12435,270.21
2026-05-06,breakout,buy,0.00298,0.16749,1488.34
2026-05-06,crisis,buy,5e-05,0.09202,24.24
2026-05-06,gmacro,sell,-0.00062,0.07738,310.75
2026-05-06,bab,sell,-0.00071,0.06683,355.45
2026-05-07,trend_momentum,buy,0.00107,0.28827,536.8
2026-05-07,carry,buy,0.00038,0.09921,188.36
2026-05-07,volprem,buy,0.00063,0.08653,317.43
2026-05-07,xs_momentum,buy,0.00076,0.12512,381.15
2026-05-07,breakout,buy,0.00349,0.17098,1745.24
2026-05-07,crisis,sell,-0.00012,0.0919,59.52
2026-05-07,gmacro,sell,-0.00603,0.07135,3015.83
2026-05-07,bab,sell,-0.00019,0.06664,93.63
2026-05-08,trend_momentum,buy,0.00033,0.28859,163.22
2026-05-08,carry,sell,-0.00122,0.09799,609.55
2026-05-08,volprem,buy,0.00082,0.08735,410.0
2026-05-08,xs_momentum,sell,-0.00016,0.12495,80.36
2026-05-08,breakout,buy,0.00057,0.17156,286.85
2026-05-08,crisis,sell,-0.00042,0.09148,209.65
2026-05-08,gmacro,buy,0.0001,0.07144,47.61
2026-05-08,bab,sell,-2e-05,0.06663,8.13
2026-05-09,trend_momentum,buy,0.03301,0.3216,16504.18
2026-05-09,carry,buy,0.01145,0.10945,5727.49
2026-05-09,volprem,sell,-0.08735,0.0,43676.91
2026-05-09,xs_momentum,sell,-0.00036,0.12459,182.35
2026-05-09,breakout,buy,0.01987,0.19143,9937.34
2026-05-09,crisis,buy,0.00882,0.1003,4409.04
2026-05-09,gmacro,buy,0.00759,0.07903,3792.95
2026-05-09,bab,buy,0.00698,0.0736,3488.26
2026-05-10,trend_momentum,buy,0.00037,0.32197,185.63
2026-05-10,carry,sell,-0.00016,0.10929,77.75
2026-05-10,xs_momentum,sell,-0.00135,0.12324,672.88
2026-05-10,breakout,buy,0.00085,0.19228,424.4
2026-05-10,crisis,buy,6e-05,0.10036,28.37
2026-05-10,gmacro,buy,0.00016,0.07919,79.6
2026-05-10,bab,buy,7e-05,0.07367,32.64
2026-05-11,trend_momentum,sell,-0.02503,0.29694,12515.87
2026-05-11,carry,sell,-0.00987,0.09942,4936.45
2026-05-11,volprem,buy,0.08982,0.08982,44908.51
2026-05-11,xs_momentum,sell,-0.01381,0.10944,6904.28
2026-05-11,breakout,sell,-0.01744,0.17484,8720.47
2026-05-11,crisis,sell,-0.01246,0.0879,6227.88
2026-05-11,gmacro,sell,-0.00546,0.07373,2731.72
2026-05-11,bab,sell,-0.00574,0.06792,2871.84
2026-05-12,trend_momentum,buy,0.00106,0.298,530.44
2026-05-12,carry,sell,-0.00229,0.09713,1144.36
2026-05-12,volprem,buy,0.00044,0.09026,219.61
2026-05-12,xs_momentum,sell,-0.00076,0.10868,379.36
2026-05-12,breakout,buy,0.00019,0.17503,96.0
2026-05-12,crisis,buy,0.00211,0.09001,1054.84
2026-05-12,gmacro,sell,-0.001,0.07273,498.26
2026-05-12,bab,buy,0.00024,0.06817,121.09
2026-05-13,trend_momentum,sell,-0.0004,0.2976,200.81
2026-05-13,carry,buy,0.00102,0.09815,509.98
2026-05-13,volprem,sell,-5e-05,0.0902,27.24
2026-05-13,xs_momentum,sell,-0.00014,0.10854,68.78
2026-05-13,breakout,sell,-0.00064,0.17439,321.11
2026-05-13,crisis,buy,0.00019,0.0902,93.9
2026-05-13,gmacro,buy,0.0001,0.07283,48.63
2026-05-13,bab,sell,-7e-05,0.0681,34.56
2026-05-14,trend_momentum,buy,0.00061,0.29821,304.86
2026-05-14,carry,sell,-0.00036,0.09779,178.92
2026-05-14,volprem,buy,0.00022,0.09042,108.99
2026-05-14,xs_momentum,buy,0.00026,0.1088,129.69
2026-05-14,breakout,buy,0.00036,0.17475,182.41
2026-05-14,crisis,buy,0.00019,0.09039,96.69
2026-05-14,gmacro,sell,-0.00137,0.07145,687.02
2026-05-14,bab,buy,9e-05,0.06818,43.3
2026-05-15,trend_momentum,buy,9e-05,0.2983,46.11
2026-05-15,carry,sell,-0.00016,0.09763,81.59
2026-05-15,volprem,buy,0.00042,0.09084,211.64
2026-05-15,xs_momentum,sell,-7e-05,0.10873,32.78
2026-05-15,breakout,buy,0.00032,0.17507,158.43
2026-05-15,crisis,sell,-3e-05,0.09037,13.41
2026-05-15,gmacro,sell,-5e-05,0.0714,25.74
2026-05-15,bab,sell,-0.00053,0.06766,262.67
2026-05-16,trend_momentum,buy,0.02344,0.32175,11722.27
2026-05-16,carry,buy,0.00732,0.10495,3660.69
2026-05-16,volprem,sell,-0.09084,0.0,45421.51
2026-05-16,xs_momentum,buy,0.00169,0.11042,845.73
2026-05-16,breakout,buy,0.04143,0.2165,20717.41
2026-05-16,crisis,buy,0.00736,0.09773,3681.19
2026-05-16,gmacro,buy,0.00451,0.07592,2257.16
2026-05-16,bab,buy,0.00507,0.07273,2537.05
2026-05-17,trend_momentum,sell,-0.00108,0.32066,540.71
2026-05-17,carry,buy,0.00199,0.10694,994.03
2026-05-17,xs_momentum,sell,-0.00082,0.10961,408.34
2026-05-17,breakout,buy,0.00037,0.21688,186.97
2026-05-17,crisis,sell,-0.00034,0.09739,169.89
2026-05-17,gmacro,buy,0.00024,0.07615,119.5
2026-05-17,bab,sell,-0.00036,0.07237,181.57
2026-05-18,trend_momentum,sell,-0.02972,0.29095,14858.31
2026-05-18,carry,sell,-0.00993,0.09701,4963.0
2026-05-18,volprem,buy,0.08864,0.08864,44318.73
2026-05-18,xs_momentum,sell,-0.00989,0.09972,4943.98
2026-05-18,breakout,sell,-0.01875,0.19813,9373.65
2026-05-18,crisis,sell,-0.00812,0.08927,4059.3
2026-05-18,gmacro,sell,-0.00547,0.07069,2733.98
2026-05-18,bab,sell,-0.00677,0.0656,3386.5
2026-05-19,trend_momentum,sell,-0.00095,0.29,473.01
2026-05-19,carry,buy,0.00071,0.09772,353.29
2026-05-19,volprem,buy,0.00018,0.08881,87.88
2026-05-19,xs_momentum,sell,-0.0007,0.09902,350.29
2026-05-19,breakout,buy,0.00283,0.20097,1416.99
2026-05-19,crisis,sell,-0.00054,0.08873,270.18
2026-05-19,gmacro,sell,-0.00116,0.06953,580.4
2026-05-19,bab,sell,-0.00037,0.06523,184.29
2026-05-20,trend_momentum,sell,-0.0007,0.2893,348.88
2026-05-20,carry,sell,-0.00022,0.0975,110.46
2026-05-20,volprem,sell,-0.0001,0.08871,49.24
2026-05-20,xs_momentum,buy,0.00018,0.0992,92.29
2026-05-20,breakout,sell,-0.00104,0.19992,521.17
2026-05-20,crisis,buy,0.00217,0.0909,1083.65
2026-05-20,gmacro,sell,-0.00014,0.06938,71.4
2026-05-20,bab,sell,-0.00015,0.06508,74.78
2026-05-21,trend_momentum,buy,0.00084,0.29014,419.13
2026-05-21,carry,buy,0.0007,0.0982,350.2
2026-05-21,volprem,buy,0.00056,0.08928,282.16
2026-05-21,xs_momentum,sell,-0.00063,0.09857,316.18
2026-05-21,breakout,sell,-0.00123,0.19869,615.92
2026-05-21,crisis,buy,1e-05,0.09091,4.67
2026-05-21,gmacro,sell,-0.00039,0.069,193.6
2026-05-21,bab,buy,0.00014,0.06522,69.54
2026-05-22,trend_momentum,buy,9e-05,0.29024,47.05
2026-05-22,carry,sell,-0.00128,0.09691,642.46
2026-05-22,volprem,buy,0.00098,0.09026,489.59
2026-05-22,xs_momentum,sell,-0.00083,0.09775,412.9
2026-05-22,breakout,buy,0.00136,0.20005,679.83
2026-05-22,crisis,buy,9e-05,0.091,47.32
2026-05-22,gmacro,sell,-0.00041,0.06858,205.82
2026-05-22,bab,sell,-1e-05,0.06521,2.61
2026-05-23,trend_momentum,buy,0.02839,0.31862,14193.21
2026-05-23,carry,buy,0.00983,0.10675,4917.4
2026-05-23,volprem,sell,-0.09026,0.0,45129.12
2026-05-23,xs_momentum,buy,0.00942,0.10717,4711.55
2026-05-23,breakout,buy,0.01933,0.21938,9666.72
2026-05-23,crisis,buy,0.01023,0.10124,5117.38
2026-05-23,gmacro,buy,0.00687,0.07546,3435.56
2026-05-23,bab,buy,0.00617,0.07139,3087.3
2026-05-24,trend_momentum,sell,-0.00027,0.31835,136.45
2026-05-24,carry,sell,-7e-05,0.10668,34.13
2026-05-24,xs_momentum,buy,0.00012,0.10729,62.5
2026-05-24,breakout,sell,-2e-05,0.21937,8.76
2026-05-24,crisis,buy,0.00021,0.10144,103.22
2026-05-24,gmacro,buy,0.00015,0.07561,75.99
2026-05-24,bab,sell,-0.00012,0.07126,62.37
2026-05-25,trend_momentum,buy,0.00045,0.3188,224.62
2026-05-25,carry,buy,0.0022,0.10887,1097.55
2026-05-25,xs_momentum,buy,0.0003,0.10759,149.96
2026-05-25,breakout,sell,-0.0033,0.21607,1648.17
2026-05-25,crisis,buy,8e-05,0.10152,41.28
2026-05-25,gmacro,buy,0.00017,0.07577,82.87
2026-05-25,bab,buy,0.0001,0.07136,51.89
2026-05-26,trend_momentum,sell,-0.02978,0.28902,14891.64
2026-05-26,carry,sell,-0.01091,0.09796,5455.52
2026-05-26,volprem,buy,0.08982,0.08982,44908.63
2026-05-26,xs_momentum,sell,-0.00915,0.09845,4573.94
2026-05-26,breakout,sell,-0.01977,0.1963,9886.15
2026-05-26,crisis,sell,-0.00773,0.09379,3865.37
2026-05-26,gmacro,sell,-0.0057,0.07007,2850.02
2026-05-26,bab,sell,-0.00677,0.06459,3385.99
2026-05-27,trend_momentum,sell,-0.00192,0.28709,961.02
2026-05-27,carry,buy,0.00083,0.0988,416.67
2026-05-27,volprem,buy,0.00074,0.09055,368.05
2026-05-27,xs_momentum,sell,-0.00083,0.09762,414.41
2026-05-27,breakout,buy,0.00235,0.19865,1174.48
2026-05-27,crisis,buy,0.00051,0.0943,255.57
2026-05-27,gmacro,sell,-0.00129,0.06878,644.29
2026-05-27,bab,sell,-0.00039,0.0642,195.05
2026-05-28,trend_momentum,sell,-0.00086,0.28623,432.1
2026-05-28,carry,sell,-0.00043,0.09836,216.47
2026-05-28,volprem,buy,0.00414,0.09469,2069.97
2026-05-28,xs_momentum,sell,-0.00067,0.09695,334.24
2026-05-28,breakout,sell,-0.00152,0.19712,761.93
2026-05-28,crisis,sell,-0.00023,0.09407,116.21
2026-05-28,gmacro,sell,-0.00022,0.06857,108.49
2026-05-28,bab,sell,-0.0002,0.064,100.54
2026-05-29,trend_momentum,sell,-0.01533,0.2709,7667.05
2026-05-29,carry,sell,-0.00611,0.09225,3056.8
2026-05-29,volprem,buy,0.06028,0.15498,30142.11
2026-05-29,xs_momentum,sell,-0.0083,0.08865,4151.71
2026-05-29,breakout,sell,-0.0184,0.17872,9201.1
2026-05-29,crisis,sell,-0.00501,0.08906,2505.63
2026-05-29,gmacro,sell,-0.00367,0.06489,1836.87
2026-05-29,bab,sell,-0.00345,0.06056,1722.96
2026-05-30,trend_momentum,buy,0.04964,0.32054,24820.1
2026-05-30,carry,buy,0.01646,0.10871,8229.79
2026-05-30,volprem,sell,-0.15498,0.0,77488.76
2026-05-30,xs_momentum,buy,0.01817,0.10681,9083.46
2026-05-30,breakout,buy,0.0317,0.21042,15851.79
2026-05-30,crisis,buy,0.01622,0.10528,8111.22
2026-05-30,gmacro,buy,0.0117,0.0766,5851.2
2026-05-30,bab,buy,0.01108,0.07164,5541.2
2026-05-31,trend_momentum,sell,-0.00366,0.31688,1828.76
2026-05-31,carry,buy,0.00153,0.11024,762.6
2026-05-31,xs_momentum,sell,-0.00051,0.1063,254.97
2026-05-31,breakout,sell,-0.00202,0.20841,1008.33
2026-05-31,crisis,buy,0.00268,0.10796,1339.82
2026-05-31,gmacro,buy,0.00307,0.07966,1534.23
2026-05-31,bab,sell,-0.00109,0.07055,544.59
2026-06-01,trend_momentum,sell,-0.04888,0.268,24439.09
2026-06-01,carry,sell,-0.01677,0.09347,8383.35
2026-06-01,volprem,buy,0.15211,0.15211,76055.07
2026-06-01,xs_momentum,sell,-0.01635,0.08995,8176.89
2026-06-01,breakout,sell,-0.03229,0.17611,16146.85
2026-06-01,crisis,sell,-0.0166,0.09136,8301.93
2026-06-01,gmacro,sell,-0.01037,0.0693,5183.25
2026-06-01,bab,sell,-0.01085,0.0597,5423.7
2026-06-02,trend_momentum,sell,-0.00011,0.26789,54.46
2026-06-02,carry,buy,0.00056,0.09402,277.73
2026-06-02,volprem,sell,-0.00239,0.14972,1194.34
2026-06-02,xs_momentum,sell,-5e-05,0.0899,23.79
2026-06-02,breakout,buy,0.0003,0.17642,152.42
2026-06-02,crisis,buy,0.00026,0.09162,129.18
2026-06-02,gmacro,buy,0.00147,0.07077,734.64
2026-06-02,bab,sell,-4e-05,0.05966,21.38
2026-06-03,trend_momentum,buy,0.00308,0.27097,1541.72
2026-06-03,carry,buy,0.00075,0.09478,377.35
2026-06-03,volprem,buy,0.0054,0.15512,2698.52
2026-06-03,xs_momentum,sell,-0.00205,0.08785,1027.28
2026-06-03,breakout,sell,-0.00663,0.16979,3313.1
2026-06-03,crisis,sell,-0.00106,0.09056,530.95
2026-06-03,gmacro,buy,0.00074,0.07151,369.93
2026-06-03,bab,sell,-0.00023,0.05943,116.19
2026-06-04,trend_momentum,sell,-0.00561,0.26537,2804.25
2026-06-04,carry,buy,0.0097,0.10448,4851.33
2026-06-04,volprem,buy,0.01232,0.16744,6161.88
2026-06-04,xs_momentum,sell,-0.00497,0.08287,2487.43
2026-06-04,breakout,sell,-0.00344,0.16636,1718.65
2026-06-04,crisis,sell,-0.00175,0.08881,872.95
2026-06-04,gmacro,sell,-0.00149,0.07001,746.63
2026-06-04,bab,sell,-0.00477,0.05466,2383.29
2026-06-05,trend_momentum,buy,0.00167,0.26703,833.58
2026-06-05,carry,sell,-0.00331,0.10118,1652.75
2026-06-05,volprem,buy,0.00125,0.1687,626.77
2026-06-05,xs_momentum,sell,-0.00161,0.08126,805.8
2026-06-05,breakout,buy,0.00097,0.16733,485.19
2026-06-05,crisis,buy,0.00053,0.08934,265.85
2026-06-05,gmacro,buy,0.00016,0.07017,79.64
2026-06-05,bab,buy,0.00034,0.05499,167.52
2026-06-06,trend_momentum,buy,0.06386,0.33089,31927.51
2026-06-06,carry,buy,0.0221,0.12327,11049.43
2026-06-06,volprem,sell,-0.1687,0.0,84347.91
2026-06-06,xs_momentum,buy,0.01847,0.09973,9237.04
2026-06-06,breakout,buy,0.0135,0.18082,6748.72
2026-06-06,crisis,buy,0.02099,0.11033,10494.64
2026-06-06,gmacro,buy,0.01678,0.08696,8391.28
2026-06-06,bab,buy,0.013,0.06799,6499.29
2026-06-07,trend_momentum,sell,-0.00736,0.32353,3680.23
2026-06-07,carry,sell,-0.00411,0.11917,2053.01
2026-06-07,xs_momentum,sell,-0.00219,0.09755,1093.56
2026-06-07,breakout,buy,0.01114,0.19196,5568.79
2026-06-07,crisis,buy,0.00585,0.11618,2926.03
2026-06-07,gmacro,sell,-0.00137,0.08559,682.66
2026-06-07,bab,sell,-0.00197,0.06602,985.35
2026-06-08,trend_momentum,sell,-0.05591,0.26762,27954.15
2026-06-08,carry,sell,-0.02085,0.09832,10425.69
2026-06-08,volprem,buy,0.1667,0.1667,83351.65
2026-06-08,xs_momentum,sell,-0.01499,0.08256,7494.65
2026-06-08,breakout,sell,-0.04051,0.15145,20253.07
2026-06-08,crisis,sell,-0.01615,0.10004,8073.54
2026-06-08,gmacro,sell,-0.0069,0.07869,3452.43
2026-06-08,bab,sell,-0.0114,0.05463,5698.13
2026-06-09,trend_momentum,buy,0.00048,0.2681,241.46
2026-06-09,carry,sell,-0.0005,0.09782,247.72
2026-06-09,volprem,sell,-0.00053,0.16617,265.67
2026-06-09,xs_momentum,buy,2e-05,0.08258,10.64
2026-06-09,breakout,buy,1e-05,0.15147,6.47
2026-06-09,crisis,buy,0.00017,0.1002,82.86
2026-06-09,gmacro,buy,0.00017,0.07886,85.58
2026-06-09,bab,buy,0.00017,0.0548,86.38
2026-06-10,trend_momentum,buy,0.01841,0.28651,9202.63
2026-06-10,carry,buy,0.00044,0.09826,221.01
2026-06-10,volprem,sell,-0.05033,0.11584,25166.14
2026-06-10,xs_momentum,buy,0.00565,0.08823,2823.9
2026-06-10,breakout,buy,0.01108,0.16255,5540.46
2026-06-10,crisis,buy,0.00703,0.10723,3513.26
2026-06-10,gmacro,buy,0.00396,0.08282,1979.81
2026-06-10,bab,buy,0.00377,0.05857,1885.07
2026-06-11,trend_momentum,buy,0.0011,0.28761,552.16
2026-06-11,carry,sell,-7e-05,0.0982,32.87
2026-06-11,volprem,buy,0.00048,0.11632,239.08
2026-06-11,xs_momentum,buy,0.00032,0.08855,160.16
2026-06-11,breakout,sell,-4e-05,0.16251,19.81
2026-06-11,crisis,sell,-0.00098,0.10625,489.25
2026-06-11,gmacro,sell,-0.00126,0.08156,627.9
2026-06-11,bab,buy,0.00044,0.05901,218.44
2026-06-12,trend_momentum,buy,0.00562,0.29323,2808.85
2026-06-12,carry,sell,-0.0025,0.09569,1252.44
2026-06-12,volprem,buy,0.00355,0.11986,1773.33
2026-06-12,xs_momentum,buy,0.00088,0.08943,440.31
2026-06-12,breakout,buy,0.00154,0.16405,770.87
2026-06-12,crisis,sell,-0.00602,0.10023,3008.46
2026-06-12,gmacro,sell,-0.00458,0.07698,2291.72
2026-06-12,bab,buy,0.00152,0.06052,759.26
2026-06-13,trend_momentum,buy,0.0385,0.33173,19250.7
2026-06-13,carry,buy,0.01248,0.10817,6240.68
2026-06-13,volprem,sell,-0.11986,0.0,59932.24
2026-06-13,xs_momentum,buy,0.01295,0.10238,6476.88
2026-06-13,breakout,buy,0.0239,0.18795,11948.3
2026-06-13,crisis,buy,0.01319,0.11343,6597.01
2026-06-13,gmacro,buy,0.01094,0.08792,5472.23
2026-06-13,bab,buy,0.00789,0.06842,3946.44
2026-06-14,trend_momentum,buy,0.00025,0.33199,127.04
2026-06-14,carry,sell,-3e-05,0.10815,14.79
2026-06-14,xs_momentum,buy,0.00032,0.10271,162.29
2026-06-14,breakout,sell,-0.00085,0.1871,425.83
2026-06-14,crisis,sell,-3e-05,0.11339,16.75
2026-06-14,gmacro,sell,-0.00015,0.08777,73.33
2026-06-14,bab,buy,0.00048,0.0689,241.37
2026-06-15,trend_momentum,sell,-0.04002,0.29197,20008.66
2026-06-15,carry,sell,-0.01249,0.09566,6244.63
2026-06-15,volprem,buy,0.11995,0.11995,59976.75
2026-06-15,xs_momentum,sell,-0.01153,0.09117,5766.06
2026-06-15,breakout,sell,-0.02311,0.16399,11553.15
2026-06-15,crisis,sell,-0.01328,0.10011,6641.74
2026-06-15,gmacro,sell,-0.01122,0.07655,5611.12
2026-06-15,bab,sell,-0.0083,0.0606,4151.4
2026-06-16,trend_momentum,sell,-0.01538,0.27659,7689.45
2026-06-16,carry,sell,-0.00438,0.09128,2187.52
2026-06-16,volprem,sell,-0.00731,0.11264,3655.18
2026-06-16,xs_momentum,sell,-0.00127,0.08991,632.83
2026-06-16,breakout,buy,0.00342,0.16741,1709.96
2026-06-16,crisis,sell,-0.00531,0.09479,2657.43
2026-06-16,gmacro,sell,-0.00405,0.0725,2025.54
2026-06-16,bab,buy,0.03428,0.09487,17137.98
2026-06-17,trend_momentum,buy,0.00013,0.27672,65.81
2026-06-17,carry,sell,-0.00042,0.09086,209.8
2026-06-17,volprem,sell,-0.00124,0.11141,618.53
2026-06-17,xs_momentum,sell,-0.00039,0.08951,196.78
2026-06-17,breakout,buy,0.00105,0.16846,523.36
2026-06-17,crisis,buy,0.00026,0.09506,132.02
2026-06-17,gmacro,buy,0.0002,0.0727,101.23
2026-06-17,bab,buy,0.00041,0.09528,202.7
2026-06-18,trend_momentum,sell,-0.00121,0.27551,606.19
2026-06-18,carry,buy,0.0001,0.09096,48.62
2026-06-18,volprem,buy,1e-05,0.11141,4.3
2026-06-18,xs_momentum,sell,-0.00037,0.08914,187.16
2026-06-18,breakout,sell,-0.00052,0.16793,260.75
2026-06-18,crisis,buy,0.00236,0.09741,1177.59
2026-06-18,gmacro,sell,-0.00069,0.07201,344.46
2026-06-18,bab,buy,0.00034,0.09562,168.04
2026-06-19,trend_momentum,buy,0.03634,0.31184,18168.04
2026-06-19,carry,buy,0.01165,0.10261,5824.95
2026-06-19,volprem,sell,-0.11141,0.0,55707.34
2026-06-19,xs_momentum,buy,0.01001,0.09915,5003.76
2026-06-19,breakout,buy,0.01735,0.18529,8677.42
2026-06-19,crisis,buy,0.0178,0.11521,8897.64
2026-06-19,gmacro,buy,0.00714,0.07915,3569.34
2026-06-19,bab,buy,0.01113,0.10675,5566.19
2026-06-20,trend_momentum,sell,-0.00029,0.31155,147.07
2026-06-20,carry,sell,-0.0002,0.10241,97.89
2026-06-20,xs_momentum,sell,-0.00022,0.09892,111.91
2026-06-20,breakout,sell,-0.00023,0.18506,115.04
2026-06-20,crisis,buy,0.00088,0.11609,438.65
2026-06-20,gmacro,buy,0.00022,0.07938,111.96
2026-06-20,bab,sell,-0.00016,0.10659,78.7
2026-06-21,trend_momentum,sell,-2e-05,0.31153,9.16
2026-06-21,carry,buy,0.00596,0.10837,2979.64
2026-06-21,xs_momentum,sell,-0.00021,0.09871,106.17
2026-06-21,breakout,sell,-0.00639,0.17867,3193.71
2026-06-21,crisis,sell,-8e-05,0.116,42.21
2026-06-21,gmacro,buy,0.0015,0.08088,751.96
2026-06-21,bab,sell,-0.00076,0.10583,380.35
2026-06-22,trend_momentum,sell,-0.03458,0.27696,17288.48
2026-06-22,carry,sell,-0.01226,0.09611,6130.48
2026-06-22,volprem,buy,0.11202,0.11202,56008.06
2026-06-22,xs_momentum,sell,-0.01091,0.0878,5455.47
2026-06-22,breakout,sell,-0.02073,0.15794,10364.74
2026-06-22,crisis,sell,-0.01352,0.10249,6757.99
2026-06-22,gmacro,sell,-0.00887,0.07201,4436.02
2026-06-22,bab,sell,-0.01115,0.09468,5574.87
2026-06-23,trend_momentum,buy,7e-05,0.27702,33.36
2026-06-23,carry,buy,0.00048,0.09659,239.89
2026-06-23,volprem,buy,1e-05,0.11202,2.71
2026-06-23,xs_momentum,buy,0.00045,0.08825,226.03
2026-06-23,breakout,sell,-0.00186,0.15608,930.43
2026-06-23,crisis,buy,0.00067,0.10315,333.71
2026-06-23,gmacro,buy,0.00024,0.07225,119.95
2026-06-23,bab,sell,-5e-05,0.09463,25.22
2026-06-24,trend_momentum,buy,0.00301,0.28003,1503.18
2026-06-24,carry,sell,-5e-05,0.09654,27.35
2026-06-24,volprem,sell,-0.00522,0.1068,2610.3
2026-06-24,xs_momentum,sell,-9e-05,0.08817,42.62
2026-06-24,breakout,buy,0.00226,0.15834,1131.43
2026-06-24,crisis,sell,-0.00043,0.10272,217.05
2026-06-24,gmacro,sell,-0.00245,0.0698,1223.44
2026-06-24,bab,buy,0.00297,0.0976,1486.16
2026-06-25,trend_momentum,buy,0.00141,0.28144,705.53
2026-06-25,carry,buy,0.00042,0.09696,212.19
2026-06-25,volprem,sell,-0.00081,0.10599,406.5
2026-06-25,xs_momentum,buy,0.00044,0.08861,220.89
2026-06-25,breakout,buy,0.0006,0.15894,300.03
2026-06-25,crisis,sell,-0.00127,0.10145,635.91
2026-06-25,gmacro,sell,-0.0025,0.06731,1248.27
2026-06-25,bab,buy,0.0017,0.09931,852.04
2026-06-26,trend_momentum,buy,0.00072,0.28216,361.81
2026-06-26,carry,buy,5e-05,0.09701,22.92
2026-06-26,volprem,sell,-0.00025,0.10573,127.05
2026-06-26,xs_momentum,sell,-0.00035,0.08826,175.25
2026-06-26,breakout,sell,-0.00013,0.15881,66.96
2026-06-26,crisis,buy,0.00025,0.1017,126.0
2026-06-26,gmacro,sell,-0.00035,0.06696,174.34
2026-06-26,bab,buy,7e-05,0.09937,32.88
2026-06-27,trend_momentum,buy,0.03405,0.31622,17026.19
2026-06-27,carry,buy,0.01171,0.10871,5853.01
2026-06-27,volprem,sell,-0.10573,0.0,52866.91
2026-06-27,xs_momentum,buy,0.00979,0.09805,4895.43
2026-06-27,breakout,buy,0.01704,0.17585,8517.71
2026-06-27,crisis,buy,0.01266,0.11436,6328.99
2026-06-27,gmacro,buy,0.00813,0.07508,4063.38
2026-06-27,bab,buy,0.01236,0.11174,6182.2
2026-06-28,trend_momentum,sell,-0.00126,0.31496,628.48
2026-06-28,carry,sell,-7e-05,0.10864,35.73
2026-06-28,xs_momentum,buy,0.00073,0.09878,365.92
2026-06-28,breakout,sell,-0.00085,0.175,422.64
2026-06-28,crisis,sell,-0.00034,0.11402,171.15
2026-06-28,gmacro,buy,0.00244,0.07752,1217.76
2026-06-28,bab,sell,-0.00065,0.11108,325.69
2026-06-29,trend_momentum,sell,-0.03416,0.2808,17078.27
2026-06-29,carry,sell,-0.00964,0.099,4819.06
2026-06-29,volprem,buy,0.10548,0.10548,52737.96
2026-06-29,xs_momentum,sell,-0.01049,0.08829,5244.98
2026-06-29,breakout,sell,-0.01936,0.15564,9679.34
2026-06-29,crisis,sell,-0.01219,0.10182,6095.15
2026-06-29,gmacro,sell,-0.00757,0.06995,3783.56
2026-06-29,bab,sell,-0.01208,0.09901,6037.59
2026-06-30,trend_momentum,buy,0.00013,0.28093,63.73
2026-06-30,carry,sell,-0.00021,0.0988,103.78
2026-06-30,volprem,buy,0.00134,0.10682,671.26
2026-06-30,xs_momentum,buy,0.00095,0.08924,472.99
2026-06-30,breakout,sell,-0.00672,0.14892,3360.45
2026-06-30,crisis,buy,0.0048,0.10663,2400.71
2026-06-30,gmacro,buy,0.0002,0.07016,101.65
2026-06-30,bab,sell,-0.00049,0.09852,246.11
2026-07-01,trend_momentum,sell,-0.00045,0.28048,226.19
2026-07-01,carry,buy,0.00315,0.10194,1572.95
2026-07-01,volprem,sell,-0.00134,0.10548,668.42
2026-07-01,xs_momentum,buy,0.0002,0.08944,101.14
2026-07-01,breakout,sell,-6e-05,0.14886,32.3
2026-07-01,crisis,sell,-0.00149,0.10514,743.3
2026-07-01,gmacro,sell,-1e-05,0.07014,6.1
2026-07-01,bab,buy,0.0,0.09852,2.21
2026-07-02,trend_momentum,buy,0.00031,0.28079,155.15
2026-07-02,carry,sell,-6e-05,0.10188,28.79
2026-07-02,volprem,buy,0.0019,0.10738,947.84
2026-07-02,xs_momentum,sell,-0.00087,0.08857,434.1
2026-07-02,breakout,buy,5e-05,0.14891,27.18
2026-07-02,crisis,buy,0.00014,0.10528,70.14
2026-07-02,gmacro,buy,4e-05,0.07018,18.55
2026-07-02,bab,sell,-0.00151,0.09701,755.98
2026-07-03,trend_momentum,buy,0.03739,0.31818,18696.19
2026-07-03,carry,buy,0.01257,0.11445,6285.46
2026-07-03,volprem,sell,-0.10738,0.0,53688.64
2026-07-03,xs_momentum,buy,0.01115,0.09972,5574.75
2026-07-03,breakout,buy,0.01337,0.16228,6683.6
2026-07-03,crisis,buy,0.01074,0.11602,5372.29
2026-07-03,gmacro,buy,0.00922,0.0794,4611.97
2026-07-03,bab,buy,0.01293,0.10994,6464.38
2026-07-04,trend_momentum,buy,0.00351,0.32169,1757.12
2026-07-04,carry,sell,-0.00046,0.114,227.89
2026-07-04,xs_momentum,buy,0.00313,0.10285,1565.19
2026-07-04,breakout,sell,-0.0089,0.15338,4448.18
2026-07-04,crisis,buy,0.00077,0.11679,383.74
2026-07-04,gmacro,buy,0.00095,0.08035,474.36
2026-07-04,bab,buy,0.00099,0.11093,495.67
2026-07-05,trend_momentum,buy,0.00026,0.32196,132.47
2026-07-05,carry,sell,-0.00086,0.11314,428.26
2026-07-05,xs_momentum,buy,0.00051,0.10336,255.86
2026-07-05,breakout,buy,1e-05,0.1534,7.18
2026-07-05,crisis,buy,7e-05,0.11686,36.09
2026-07-05,gmacro,buy,3e-05,0.08038,15.41
2026-07-05,bab,sell,-4e-05,0.11089,18.75
2026-07-06,trend_momentum,sell,-0.03759,0.28437,18793.84
2026-07-06,carry,sell,-0.01391,0.09923,6956.61
2026-07-06,volprem,buy,0.10898,0.10898,54489.79
2026-07-06,xs_momentum,sell,-0.01207,0.09129,6036.66
2026-07-06,breakout,sell,-0.01771,0.13569,8854.01
2026-07-06,crisis,sell,-0.01262,0.10424,6310.58
2026-07-06,gmacro,sell,-0.00323,0.07716,1614.16
2026-07-06,bab,sell,-0.01185,0.09904,5923.93
2026-07-07,trend_momentum,sell,-0.00231,0.28206,1155.01
2026-07-07,carry,buy,0.0014,0.10063,702.1
2026-07-07,volprem,buy,0.00405,0.11303,2023.9
2026-07-07,xs_momentum,sell,-0.00081,0.09048,405.56
2026-07-07,breakout,sell,-0.00163,0.13406,816.19
2026-07-07,crisis,buy,0.00054,0.10479,272.0
2026-07-07,gmacro,sell,-0.00065,0.07651,324.25
2026-07-07,bab,sell,-0.00059,0.09845,296.99
2026-07-08,trend_momentum,sell,-0.00238,0.27968,1188.99
2026-07-08,carry,sell,-0.00226,0.09838,1127.92
2026-07-08,volprem,sell,-0.00231,0.11072,1154.59
2026-07-08,xs_momentum,buy,0.00668,0.09716,3340.22
2026-07-08,breakout,sell,-0.00141,0.13265,703.16
2026-07-08,crisis,buy,0.0009,0.10569,449.84
2026-07-08,gmacro,buy,0.00044,0.07695,220.52
2026-07-08,bab,buy,0.00033,0.09878,164.08
2026-07-09,trend_momentum,sell,-0.00026,0.27942,129.43
2026-07-09,carry,buy,0.00014,0.09852,72.36
2026-07-09,volprem,buy,9e-05,0.11081,44.7
2026-07-09,xs_momentum,buy,0.00107,0.09823,535.14
2026-07-09,breakout,sell,-0.00049,0.13216,246.44
2026-07-09,crisis,sell,-9e-05,0.1056,44.85
2026-07-09,gmacro,sell,-0.00014,0.07681,70.71
2026-07-09,bab,sell,-0.00032,0.09846,160.77
2026-07-10,trend_momentum,sell,-0.00393,0.27549,1964.94
2026-07-10,carry,buy,0.00046,0.09898,229.39
2026-07-10,volprem,sell,-0.00335,0.10746,1673.53
2026-07-10,xs_momentum,buy,0.00168,0.09991,838.78
2026-07-10,breakout,sell,-0.0002,0.13196,98.3
2026-07-10,crisis,buy,0.00808,0.11367,4038.67
2026-07-10,gmacro,sell,-0.00132,0.07549,660.5
2026-07-10,bab,sell,-0.00142,0.09704,709.58
2026-07-11,trend_momentum,buy,0.02978,0.30527,14888.75
2026-07-11,carry,buy,0.01492,0.1139,7459.31
2026-07-11,volprem,sell,-0.10746,0.0,53730.27
2026-07-11,xs_momentum,buy,0.01344,0.11335,6721.5
2026-07-11,breakout,buy,0.01472,0.14668,7362.39
2026-07-11,crisis,buy,0.0133,0.12698,6650.68
2026-07-11,gmacro,buy,0.0111,0.08658,5549.51
2026-07-11,bab,buy,0.0102,0.10723,5098.12
2026-07-12,trend_momentum,buy,2e-05,0.3053,12.23
2026-07-12,carry,buy,0.00054,0.11444,270.36
2026-07-12,xs_momentum,sell,-0.0002,0.11315,99.32
2026-07-12,breakout,sell,-0.00043,0.14625,217.45
2026-07-12,crisis,buy,0.00013,0.12711,67.31
2026-07-12,gmacro,buy,0.00014,0.08672,67.75
2026-07-12,bab,sell,-0.0002,0.10703,100.88
2026-07-13,trend_momentum,sell,-0.03192,0.27337,15961.03
2026-07-13,carry,sell,-0.01247,0.10197,6235.15
2026-07-13,volprem,buy,0.10289,0.10289,51445.03
2026-07-13,xs_momentum,sell,-0.01169,0.10146,5844.25
2026-07-13,breakout,sell,-0.01527,0.13098,7634.73
2026-07-13,crisis,sell,-0.01329,0.11382,6645.36
2026-07-13,gmacro,sell,-0.00682,0.0799,3409.54
2026-07-13,bab,sell,-0.01143,0.0956,5714.96
2026-07-14,trend_momentum,buy,0.00063,0.27401,317.27
2026-07-14,carry,buy,0.00039,0.10236,194.07
2026-07-14,volprem,sell,-0.00068,0.10221,340.95
2026-07-14,xs_momentum,sell,-0.00016,0.1013,79.07
2026-07-14,breakout,buy,0.00028,0.13126,138.15
2026-07-14,crisis,sell,-0.00045,0.11337,226.07
2026-07-14,gmacro,sell,-0.00217,0.07773,1084.81
2026-07-14,bab,buy,0.00216,0.09777,1081.41
2026-07-15,trend_momentum,buy,0.0056,0.27961,2800.51
2026-07-15,carry,buy,0.00193,0.10429,963.72
2026-07-15,volprem,sell,-0.02504,0.07717,12519.49
2026-07-15,xs_momentum,buy,0.00905,0.11036,4525.55
2026-07-15,breakout,buy,0.00285,0.1341,1423.47
2026-07-15,crisis,sell,-0.00108,0.11229,539.77
2026-07-15,gmacro,buy,0.00357,0.0813,1783.55
2026-07-15,bab,buy,0.00312,0.10089,1562.45
2026-07-16,trend_momentum,buy,2e-05,0.27963,9.87
2026-07-16,carry,buy,0.00018,0.10446,88.82
2026-07-16,volprem,sell,-0.00047,0.0767,236.2
2026-07-16,xs_momentum,buy,0.00025,0.11061,124.83
2026-07-16,breakout,sell,-4e-05,0.13407,17.74
2026-07-16,crisis,buy,0.00011,0.1124,57.09
2026-07-16,gmacro,sell,-2e-05,0.08128,10.17
2026-07-16,bab,sell,-3e-05,0.10086,16.51
2026-07-17,trend_momentum,buy,0.00075,0.28038,373.41
2026-07-17,carry,buy,0.00027,0.10473,135.53
2026-07-17,volprem,sell,-3e-05,0.07667,15.86
2026-07-17,xs_momentum,sell,-0.00135,0.10926,674.8
2026-07-17,breakout,sell,-2e-05,0.13405,11.37
2026-07-17,crisis,buy,0.00034,0.11275,172.32
2026-07-17,gmacro,sell,-0.00069,0.08058,347.28
2026-07-17,bab,buy,0.00074,0.10159,368.05
2026-07-18,trend_momentum,buy,0.02275,0.30313,11376.49
2026-07-18,carry,buy,0.00837,0.1131,4185.4
2026-07-18,volprem,sell,-0.07667,0.0,38332.53
2026-07-18,xs_momentum,buy,0.00957,0.11883,4785.51
2026-07-18,breakout,buy,0.01082,0.14486,5409.2
2026-07-18,crisis,buy,0.00836,0.1211,4178.83
2026-07-18,gmacro,buy,0.00791,0.08849,3953.33
2026-07-18,bab,buy,0.00889,0.11048,4443.77
2026-07-19,trend_momentum,buy,0.00034,0.30347,170.83
2026-07-19,carry,buy,0.00027,0.11337,135.13
2026-07-19,xs_momentum,buy,0.00017,0.119,85.85
2026-07-19,breakout,buy,0.00027,0.14513,133.2
2026-07-19,crisis,buy,0.00014,0.12125,70.74
2026-07-19,gmacro,buy,0.00097,0.08946,483.24
2026-07-19,bab,sell,-0.00216,0.10832,1078.99
2026-07-20,trend_momentum,sell,-0.02413,0.27934,12064.82
2026-07-20,carry,sell,-0.00903,0.10434,4515.86
2026-07-20,volprem,buy,0.07619,0.07619,38096.45
2026-07-20,xs_momentum,sell,-0.00807,0.11092,4037.05
2026-07-20,breakout,sell,-0.01107,0.13406,5533.53
2026-07-20,crisis,sell,-0.00888,0.11237,4438.91
2026-07-20,gmacro,sell,-0.00629,0.08317,3145.76
2026-07-20,bab,sell,-0.00872,0.0996,4360.5
2026-07-21,trend_momentum,sell,-0.00097,0.27837,483.47
2026-07-21,carry,buy,0.00149,0.10584,746.8
2026-07-21,volprem,sell,-0.00075,0.07545,372.76
2026-07-21,xs_momentum,buy,0.001,0.11192,498.19
2026-07-21,breakout,sell,-0.00087,0.1332,433.2
2026-07-21,crisis,sell,-0.00039,0.11198,194.45
2026-07-21,gmacro,buy,0.0009,0.08406,447.75
2026-07-21,bab,sell,-0.00042,0.09918,208.86
2026-07-22,trend_momentum,buy,0.00045,0.27882,224.46
2026-07-22,carry,buy,0.00027,0.10611,134.31
2026-07-22,volprem,sell,-0.00033,0.07512,165.03
2026-07-22,xs_momentum,buy,0.00013,0.11205,63.87
2026-07-22,breakout,buy,0.00045,0.13365,226.64
2026-07-22,crisis,sell,-0.00013,0.11185,64.6
2026-07-22,gmacro,sell,-0.00162,0.08244,811.28
2026-07-22,bab,buy,0.00078,0.09997,391.64
2026-07-23,trend_momentum,buy,1e-05,0.27884,6.97
2026-07-23,carry,buy,2e-05,0.10613,11.22
2026-07-23,volprem,sell,-0.00073,0.07438,367.1
2026-07-23,xs_momentum,buy,0.00064,0.11269,318.66
2026-07-23,breakout,buy,9e-05,0.13374,44.67
2026-07-23,crisis,sell,-0.00026,0.11159,130.14
2026-07-23,gmacro,buy,2e-05,0.08246,9.28
2026-07-23,bab,buy,0.00021,0.10018,106.43
2026-07-24,trend_momentum,buy,0.00209,0.28093,1045.15
2026-07-24,carry,buy,0.00067,0.1068,335.54
2026-07-24,volprem,sell,-2e-05,0.07437,7.53
2026-07-24,xs_momentum,buy,0.00089,0.11358,447.04
2026-07-24,breakout,buy,0.00232,0.13606,1160.86
2026-07-24,crisis,sell,-0.00328,0.10831,1637.61
2026-07-24,gmacro,sell,-0.00295,0.07951,1474.65
2026-07-24,bab,buy,0.00026,0.10044,131.18
2026-07-25,trend_momentum,buy,0.02157,0.3025,10785.75
2026-07-25,carry,buy,0.0107,0.1175,5351.25
2026-07-25,volprem,sell,-0.07437,0.0,37184.03
2026-07-25,xs_momentum,buy,0.00875,0.12233,4376.78
2026-07-25,breakout,buy,0.01004,0.1461,5020.7
2026-07-25,crisis,buy,0.00839,0.1167,4193.56
2026-07-25,gmacro,buy,0.00665,0.08616,3325.97
2026-07-25,bab,buy,0.00826,0.1087,4130.03
2026-07-26,trend_momentum,sell,-0.00035,0.30215,174.73
2026-07-26,carry,buy,0.0006,0.1181,299.65
2026-07-26,xs_momentum,buy,0.00078,0.12311,387.96
2026-07-26,breakout,sell,-0.00086,0.14524,429.06
2026-07-26,crisis,sell,-0.0008,0.1159,400.6
2026-07-26,gmacro,buy,0.00085,0.08701,424.86
2026-07-26,bab,sell,-0.00022,0.10849,108.09
2026-07-27,trend_momentum,sell,-0.02142,0.28073,10709.48
2026-07-27,carry,sell,-0.00781,0.11029,3904.29
2026-07-27,volprem,buy,0.07333,0.07333,36663.13
2026-07-27,xs_momentum,sell,-0.00905,0.11406,4525.21
2026-07-27,breakout,sell,-0.01168,0.13356,5840.54
2026-07-27,crisis,sell,-0.00951,0.10639,4756.24
2026-07-27,gmacro,sell,-0.00631,0.0807,3155.33
2026-07-27,bab,sell,-0.00754,0.10094,3772.06
2026-07-28,trend_momentum,buy,0.00132,0.28205,659.58
2026-07-28,carry,buy,0.00169,0.11198,842.66
2026-07-28,volprem,buy,0.00036,0.07369,180.73
2026-07-28,xs_momentum,buy,0.00647,0.12053,3233.16
2026-07-28,breakout,sell,-0.00379,0.12977,1896.11
2026-07-28,crisis,sell,-0.00237,0.10402,1185.49
2026-07-28,gmacro,sell,-0.00469,0.07601,2346.4
2026-07-28,bab,buy,0.00102,0.10197,511.87
2026-07-29,trend_momentum,buy,0.00037,0.28242,186.05
2026-07-29,carry,buy,0.0006,0.11258,301.16
2026-07-29,volprem,buy,5e-05,0.07374,24.66
2026-07-29,xs_momentum,sell,-0.00141,0.11911,707.36
2026-07-29,breakout,buy,0.00016,0.12993,82.06
2026-07-29,crisis,buy,8e-05,0.1041,40.39
2026-07-29,gmacro,buy,0.00043,0.07644,216.84
2026-07-29,bab,sell,-0.00029,0.10168,143.8
2026-07-30,trend_momentum,sell,-5e-05,0.28237,26.17
2026-07-30,carry,sell,-0.00043,0.11214,217.47
2026-07-30,volprem,sell,-2e-05,0.07372,7.84
2026-07-30,xs_momentum,sell,-0.00026,0.11885,131.43
2026-07-30,breakout,buy,0.00028,0.13021,138.91
2026-07-30,crisis,buy,0.00038,0.10447,187.54
2026-07-30,gmacro,sell,-0.00095,0.07549,476.22
2026-07-30,bab,buy,0.00107,0.10274,532.69
2026-07-31,trend_momentum,buy,0.0041,0.28647,2048.42
2026-07-31,carry,buy,0.00166,0.11381,830.74
2026-07-31,volprem,buy,0.00112,0.07484,558.71
2026-07-31,xs_momentum,sell,-0.00526,0.11358,2631.76
2026-07-31,breakout,buy,0.00188,0.13209,938.58
2026-07-31,crisis,sell,-0.006,0.09848,2998.44
2026-07-31,gmacro,buy,0.00105,0.07654,526.64
2026-07-31,bab,buy,0.00145,0.1042,727.11
2026-08-01,trend_momentum,buy,0.33481,0.62128,167406.83
2026-08-01,carry,sell,-0.11381,0.0,56903.19
2026-08-01,volprem,sell,-0.07484,0.0,37419.39
2026-08-01,xs_momentum,sell,-0.11358,0.0,56792.06
2026-08-01,breakout,sell,-0.13209,0.0,66044.98
2026-08-01,crisis,buy,0.11436,0.21284,57180.27
2026-08-01,gmacro,buy,0.08934,0.16588,44671.48
2026-08-01,bab,sell,-0.1042,0.0,52098.96
2026-08-02,trend_momentum,sell,-0.00367,0.61761,1832.76
2026-08-02,crisis,buy,0.00452,0.21736,2261.98
2026-08-02,gmacro,sell,-0.00086,0.16502,429.22
2026-08-03,trend_momentum,sell,-0.16515,0.45246,82577.4
2026-08-03,volprem,buy,0.08914,0.08914,44567.87
2026-08-03,xs_momentum,buy,0.17849,0.17849,89245.4
2026-08-03,crisis,sell,-0.05815,0.15921,29074.33
2026-08-03,gmacro,sell,-0.04432,0.1207,22161.54
2026-08-04,trend_momentum,sell,-0.00467,0.44779,2337.01
2026-08-04,volprem,sell,-0.00108,0.08805,541.57
2026-08-04,xs_momentum,buy,0.00864,0.18713,4321.08
2026-08-04,crisis,sell,-0.00217,0.15704,1086.91
2026-08-04,gmacro,sell,-0.00071,0.11999,355.59
2026-08-05,trend_momentum,sell,-0.44779,0.0,223892.89
2026-08-05,volprem,buy,0.15274,0.2408,76372.24
2026-08-05,xs_momentum,sell,-0.18713,0.0,93566.48
2026-08-05,crisis,buy,0.27377,0.43081,136886.09
2026-08-05,gmacro,buy,0.2084,0.32839,104201.05
