asset_class,symbol,tf,group,spec,entry,direction,exit,gate,sharpe,sortino,max_dd,months_in_profit,ann_turnover,total_return,n_obs
crypto,BTCUSDT,1d,entry,"ema|fast20,slow100|reversal|ls",ema,ls,reversal,-,0.481,0.623,-0.3285,0.5,2.5,0.7598,3271
crypto,BTCUSDT,1d,entry,"ema|fast50,slow200|reversal|ls",ema,ls,reversal,-,0.552,0.74,-0.3636,0.528,1.6,0.9452,3271
crypto,BTCUSDT,1d,entry,"ema|fast100,slow300|reversal|ls",ema,ls,reversal,-,0.386,0.507,-0.3831,0.5,1.3,0.5395,3271
crypto,BTCUSDT,1d,entry,"sma|fast50,slow200|reversal|ls",sma,ls,reversal,-,0.33,0.429,-0.2776,0.463,1.8,0.4159,3271
crypto,BTCUSDT,1d,entry,tsmom|lookback30|reversal|ls,tsmom,ls,reversal,-,0.812,1.185,-0.2446,0.537,16.5,1.8038,3271
crypto,BTCUSDT,1d,entry,tsmom|lookback90|reversal|ls,tsmom,ls,reversal,-,0.414,0.544,-0.3037,0.472,7.7,0.6035,3271
crypto,BTCUSDT,1d,entry,"macd|fast12,slow26|reversal|ls",macd,ls,reversal,-,0.517,0.754,-0.3042,0.62,14.3,0.8533,3271
crypto,BTCUSDT,1d,entry,donchian|lookback55|reversal|ls,donchian,ls,reversal,-,0.363,0.504,-0.2419,0.463,2.5,0.493,3271
crypto,BTCUSDT,1d,entry,blend|ls,blend,ls,-,-,0.666,0.867,-0.1249,0.454,2.1,0.6164,3271
crypto,BTCUSDT,1d,entry,strength|ls,strength,ls,-,-,0.727,0.97,-0.1485,0.435,6.1,0.9629,3271
crypto,BTCUSDT,1d,direction,"ema|fast50,slow200|reversal|long_only",ema,long_only,reversal,-,0.659,0.689,-0.2433,0.352,0.9,0.9738,3271
crypto,BTCUSDT,1d,direction,"ema|fast50,slow200|reversal|short_only",ema,short_only,reversal,-,0.028,0.024,-0.3455,0.213,0.7,-0.0144,3271
crypto,BTCUSDT,1d,direction,"ema|fast50,slow200|reversal|asym",ema,asym,reversal,-,0.65,0.814,-0.2771,0.528,1.1,0.9807,3271
crypto,BTCUSDT,1d,exit,"ema|fast50,slow200|atr_trailing|ls",ema,ls,atr_trailing,-,0.491,0.648,-0.3462,0.528,5.4,0.7754,3271
crypto,BTCUSDT,1d,exit,"ema|fast50,slow200|channel|ls",ema,ls,channel,-,0.628,0.834,-0.3121,0.528,6.3,1.1424,3271
crypto,BTCUSDT,1d,gate,"ema|fast50,slow200|g:adx|reversal|ls",ema,ls,reversal,adx,0.588,0.789,-0.3636,0.537,1.4,1.0466,3271
crypto,BTCUSDT,1d,gate,"ema|fast50,slow200|g:ltf|reversal|ls",ema,ls,reversal,ltf,0.552,0.74,-0.3636,0.528,1.6,0.9452,3271
crypto,BTCUSDT,1d,gate,"ema|fast50,slow200|g:vol|reversal|ls",ema,ls,reversal,vol,0.692,0.85,-0.3001,0.444,1.4,1.2338,3271
crypto,BTCUSDT,1d,headline,blend|long_only,blend,long_only,-,-,0.858,0.875,-0.0817,0.306,1.1,0.6273,3271
crypto,BTCUSDT,1d,headline,blend|asym,blend,asym,-,-,0.835,1.074,-0.0893,0.435,1.4,0.6288,3271
crypto,BTCUSDT,4h,entry,"ema|fast20,slow100|reversal|ls",ema,ls,reversal,-,0.795,1.263,-0.2167,0.602,21.8,2.0788,3271
crypto,BTCUSDT,4h,entry,"ema|fast50,slow200|reversal|ls",ema,ls,reversal,-,1.019,1.569,-0.2854,0.565,12.7,3.3979,3271
crypto,BTCUSDT,4h,entry,"ema|fast100,slow300|reversal|ls",ema,ls,reversal,-,0.736,1.088,-0.3837,0.537,10.3,1.7854,3271
crypto,BTCUSDT,4h,entry,"sma|fast50,slow200|reversal|ls",sma,ls,reversal,-,0.917,1.415,-0.272,0.556,14.2,2.7272,3271
crypto,BTCUSDT,4h,entry,tsmom|lookback30|reversal|ls,tsmom,ls,reversal,-,0.549,0.91,-0.3197,0.509,118.5,1.0673,3271
crypto,BTCUSDT,4h,entry,tsmom|lookback90|reversal|ls,tsmom,ls,reversal,-,0.796,1.212,-0.2656,0.556,68.1,2.0946,3271
crypto,BTCUSDT,4h,entry,"macd|fast12,slow26|reversal|ls",macd,ls,reversal,-,0.268,0.428,-0.4529,0.509,104.4,0.3224,3271
crypto,BTCUSDT,4h,entry,donchian|lookback55|reversal|ls,donchian,ls,reversal,-,0.482,0.706,-0.2961,0.509,17.8,0.8699,3271
crypto,BTCUSDT,4h,entry,blend|ls,blend,ls,-,-,0.917,1.43,-0.11,0.472,14.9,1.2196,3271
crypto,BTCUSDT,4h,entry,strength|ls,strength,ls,-,-,0.903,1.452,-0.1737,0.537,47.2,1.531,3271
crypto,BTCUSDT,4h,direction,"ema|fast50,slow200|reversal|long_only",ema,long_only,reversal,-,1.124,1.259,-0.2496,0.426,6.4,2.3929,3271
crypto,BTCUSDT,4h,direction,"ema|fast50,slow200|reversal|short_only",ema,short_only,reversal,-,0.298,0.321,-0.222,0.37,6.3,0.2971,3271
crypto,BTCUSDT,4h,direction,"ema|fast50,slow200|reversal|asym",ema,asym,reversal,-,1.162,1.653,-0.2397,0.556,8.3,2.7145,3271
crypto,BTCUSDT,4h,exit,"ema|fast50,slow200|atr_trailing|ls",ema,ls,atr_trailing,-,0.494,0.759,-0.3507,0.491,38.3,0.8995,3271
crypto,BTCUSDT,4h,exit,"ema|fast50,slow200|channel|ls",ema,ls,channel,-,0.569,0.902,-0.3019,0.481,46.3,1.1314,3271
crypto,BTCUSDT,4h,gate,"ema|fast50,slow200|g:adx|reversal|ls",ema,ls,reversal,adx,0.933,1.442,-0.2832,0.556,12.6,2.828,3271
crypto,BTCUSDT,4h,gate,"ema|fast50,slow200|g:ltf|reversal|ls",ema,ls,reversal,ltf,1.019,1.569,-0.2854,0.565,12.7,3.3979,3271
crypto,BTCUSDT,4h,gate,"ema|fast50,slow200|g:vol|reversal|ls",ema,ls,reversal,vol,0.928,1.408,-0.2854,0.556,12.6,2.7491,3271
crypto,BTCUSDT,4h,headline,blend|long_only,blend,long_only,-,-,1.217,1.495,-0.1042,0.343,7.6,1.2092,3271
crypto,BTCUSDT,4h,headline,blend|asym,blend,asym,-,-,1.183,1.859,-0.1018,0.472,9.8,1.2211,3271
crypto,BTCUSDT,1h,entry,"ema|fast20,slow100|reversal|ls",ema,ls,reversal,-,0.365,0.601,-0.2582,0.544,107.4,0.38,2404
crypto,BTCUSDT,1h,entry,"ema|fast50,slow200|reversal|ls",ema,ls,reversal,-,0.142,0.223,-0.2747,0.532,65.1,0.0644,2404
crypto,BTCUSDT,1h,entry,"ema|fast100,slow300|reversal|ls",ema,ls,reversal,-,0.68,1.055,-0.1877,0.57,46.9,0.9914,2404
crypto,BTCUSDT,1h,entry,"sma|fast50,slow200|reversal|ls",sma,ls,reversal,-,0.227,0.35,-0.243,0.506,69.6,0.1749,2404
crypto,BTCUSDT,1h,entry,tsmom|lookback30|reversal|ls,tsmom,ls,reversal,-,-1.464,-2.497,-0.8596,0.342,589.6,-0.844,2404
crypto,BTCUSDT,1h,entry,tsmom|lookback90|reversal|ls,tsmom,ls,reversal,-,-0.639,-1.037,-0.6821,0.468,339.0,-0.5802,2404
crypto,BTCUSDT,1h,entry,"macd|fast12,slow26|reversal|ls",macd,ls,reversal,-,-1.035,-1.663,-0.7867,0.443,490.1,-0.7197,2404
crypto,BTCUSDT,1h,entry,donchian|lookback55|reversal|ls,donchian,ls,reversal,-,0.087,0.138,-0.4106,0.519,83.1,-0.0029,2404
crypto,BTCUSDT,1h,entry,blend|ls,blend,ls,-,-,0.47,0.973,-0.1263,0.494,67.2,0.3041,2404
crypto,BTCUSDT,1h,entry,strength|ls,strength,ls,-,-,-0.219,-0.441,-0.3316,0.468,227.3,-0.1949,2404
crypto,BTCUSDT,1h,direction,"ema|fast50,slow200|reversal|long_only",ema,long_only,reversal,-,0.539,0.685,-0.2515,0.443,33.9,0.4978,2404
crypto,BTCUSDT,1h,direction,"ema|fast50,slow200|reversal|short_only",ema,short_only,reversal,-,-0.366,-0.421,-0.4035,0.342,31.1,-0.2885,2404
crypto,BTCUSDT,1h,direction,"ema|fast50,slow200|reversal|asym",ema,asym,reversal,-,0.419,0.618,-0.2566,0.519,43.3,0.3646,2404
crypto,BTCUSDT,1h,exit,"ema|fast50,slow200|atr_trailing|ls",ema,ls,atr_trailing,-,-0.199,-0.309,-0.4565,0.481,171.4,-0.2844,2404
crypto,BTCUSDT,1h,exit,"ema|fast50,slow200|channel|ls",ema,ls,channel,-,-0.291,-0.46,-0.4749,0.43,196.6,-0.3591,2404
crypto,BTCUSDT,1h,gate,"ema|fast50,slow200|g:adx|reversal|ls",ema,ls,reversal,adx,0.223,0.348,-0.2539,0.519,59.2,0.1699,2404
crypto,BTCUSDT,1h,gate,"ema|fast50,slow200|g:ltf|reversal|ls",ema,ls,reversal,ltf,0.142,0.223,-0.2747,0.532,65.1,0.0644,2404
crypto,BTCUSDT,1h,gate,"ema|fast50,slow200|g:vol|reversal|ls",ema,ls,reversal,vol,0.001,0.001,-0.4034,0.494,64.1,-0.0963,2404
crypto,BTCUSDT,1h,headline,blend|long_only,blend,long_only,-,-,0.773,1.209,-0.1124,0.443,34.8,0.4094,2404
crypto,BTCUSDT,1h,headline,blend|asym,blend,asym,-,-,0.706,1.331,-0.1082,0.43,44.5,0.3806,2404
crypto,BTCUSDT,15m,entry,"ema|fast20,slow100|reversal|ls",ema,ls,reversal,-,-0.706,-1.17,-0.6992,0.468,525.4,-0.6113,2404
crypto,BTCUSDT,15m,entry,"ema|fast50,slow200|reversal|ls",ema,ls,reversal,-,-0.289,-0.463,-0.5464,0.481,289.8,-0.3662,2404
crypto,BTCUSDT,15m,entry,"ema|fast100,slow300|reversal|ls",ema,ls,reversal,-,-0.021,-0.035,-0.4382,0.506,215.6,-0.1222,2404
crypto,BTCUSDT,15m,entry,"sma|fast50,slow200|reversal|ls",sma,ls,reversal,-,-0.12,-0.199,-0.4791,0.481,302.5,-0.2175,2404
crypto,BTCUSDT,15m,entry,tsmom|lookback30|reversal|ls,tsmom,ls,reversal,-,-7.943,-11.923,-1.0,0.013,2774.6,-1.0,2404
crypto,BTCUSDT,15m,entry,tsmom|lookback90|reversal|ls,tsmom,ls,reversal,-,-3.973,-6.094,-0.9952,0.165,1714.6,-0.9949,2404
crypto,BTCUSDT,15m,entry,"macd|fast12,slow26|reversal|ls",macd,ls,reversal,-,-7.057,-10.506,-0.9999,0.013,2252.5,-0.9998,2404
crypto,BTCUSDT,15m,entry,donchian|lookback55|reversal|ls,donchian,ls,reversal,-,-1.006,-1.677,-0.7454,0.38,370.5,-0.7349,2404
crypto,BTCUSDT,15m,entry,blend|ls,blend,ls,-,-,-0.785,-2.159,-0.475,0.38,296.1,-0.3816,2404
crypto,BTCUSDT,15m,entry,strength|ls,strength,ls,-,-,-4.386,-9.463,-0.9722,0.139,1095.4,-0.9697,2404
crypto,BTCUSDT,15m,direction,"ema|fast50,slow200|reversal|long_only",ema,long_only,reversal,-,0.232,0.378,-0.3344,0.456,148.0,0.1561,2404
crypto,BTCUSDT,15m,direction,"ema|fast50,slow200|reversal|short_only",ema,short_only,reversal,-,-0.681,-1.045,-0.5243,0.38,141.8,-0.4486,2404
crypto,BTCUSDT,15m,direction,"ema|fast50,slow200|reversal|asym",ema,asym,reversal,-,0.042,0.067,-0.3713,0.481,190.5,-0.0249,2404
crypto,BTCUSDT,15m,exit,"ema|fast50,slow200|atr_trailing|ls",ema,ls,atr_trailing,-,-1.771,-2.877,-0.8984,0.329,797.6,-0.8924,2404
crypto,BTCUSDT,15m,exit,"ema|fast50,slow200|channel|ls",ema,ls,channel,-,-2.701,-4.374,-0.9679,0.228,933.4,-0.9662,2404
crypto,BTCUSDT,15m,gate,"ema|fast50,slow200|g:adx|reversal|ls",ema,ls,reversal,adx,-0.178,-0.283,-0.5378,0.481,256.9,-0.273,2404
crypto,BTCUSDT,15m,gate,"ema|fast50,slow200|g:ltf|reversal|ls",ema,ls,reversal,ltf,-0.289,-0.463,-0.5464,0.481,289.8,-0.3662,2404
crypto,BTCUSDT,15m,gate,"ema|fast50,slow200|g:vol|reversal|ls",ema,ls,reversal,vol,-0.209,-0.339,-0.4819,0.494,286.0,-0.2996,2404
crypto,BTCUSDT,15m,headline,blend|long_only,blend,long_only,-,-,-0.207,-0.511,-0.2734,0.405,155.5,-0.098,2404
crypto,BTCUSDT,15m,headline,blend|asym,blend,asym,-,-,-0.445,-1.153,-0.3349,0.418,197.6,-0.1924,2404
crypto,BTCUSDT,5m,entry,"ema|fast20,slow100|reversal|ls",ema,ls,reversal,-,-4.72,-7.537,-0.9974,0.089,1704.1,-0.9973,2404
crypto,BTCUSDT,5m,entry,"ema|fast50,slow200|reversal|ls",ema,ls,reversal,-,-2.299,-3.804,-0.948,0.241,962.8,-0.9396,2404
crypto,BTCUSDT,5m,entry,"ema|fast100,slow300|reversal|ls",ema,ls,reversal,-,-1.572,-2.622,-0.8808,0.367,701.8,-0.8522,2404
crypto,BTCUSDT,5m,entry,"sma|fast50,slow200|reversal|ls",sma,ls,reversal,-,-2.377,-3.824,-0.9483,0.228,984.6,-0.944,2404
crypto,BTCUSDT,5m,entry,tsmom|lookback30|reversal|ls,tsmom,ls,reversal,-,-18.411,-20.881,-1.0,0.0,8590.3,-1.0,2404
crypto,BTCUSDT,5m,entry,tsmom|lookback90|reversal|ls,tsmom,ls,reversal,-,-13.113,-15.971,-1.0,0.013,5680.8,-1.0,2404
crypto,BTCUSDT,5m,entry,"macd|fast12,slow26|reversal|ls",macd,ls,reversal,-,-19.414,-22.173,-1.0,0.0,7494.9,-1.0,2404
crypto,BTCUSDT,5m,entry,donchian|lookback55|reversal|ls,donchian,ls,reversal,-,-4.074,-6.612,-0.9927,0.101,1218.3,-0.9925,2404
crypto,BTCUSDT,5m,entry,blend|ls,blend,ls,-,-,-5.811,-12.396,-0.9675,0.051,966.6,-0.9667,2404
crypto,BTCUSDT,5m,entry,strength|ls,strength,ls,-,-,-15.089,-20.928,-1.0,0.0,3641.9,-1.0,2404
crypto,BTCUSDT,5m,direction,"ema|fast50,slow200|reversal|long_only",ema,long_only,reversal,-,-1.21,-2.543,-0.737,0.329,495.6,-0.6647,2404
crypto,BTCUSDT,5m,direction,"ema|fast50,slow200|reversal|short_only",ema,short_only,reversal,-,-2.135,-4.316,-0.8251,0.291,467.2,-0.816,2404
crypto,BTCUSDT,5m,direction,"ema|fast50,slow200|reversal|asym",ema,asym,reversal,-,-1.711,-3.153,-0.8244,0.278,635.7,-0.7971,2404
crypto,BTCUSDT,5m,exit,"ema|fast50,slow200|atr_trailing|ls",ema,ls,atr_trailing,-,-8.116,-11.228,-1.0,0.038,2944.8,-1.0,2404
crypto,BTCUSDT,5m,exit,"ema|fast50,slow200|channel|ls",ema,ls,channel,-,-9.69,-13.442,-1.0,0.0,3396.4,-1.0,2404
crypto,BTCUSDT,5m,gate,"ema|fast50,slow200|g:adx|reversal|ls",ema,ls,reversal,adx,-1.992,-3.29,-0.9242,0.253,841.6,-0.9116,2404
crypto,BTCUSDT,5m,gate,"ema|fast50,slow200|g:ltf|reversal|ls",ema,ls,reversal,ltf,-2.299,-3.804,-0.948,0.241,962.8,-0.9396,2404
crypto,BTCUSDT,5m,gate,"ema|fast50,slow200|g:vol|reversal|ls",ema,ls,reversal,vol,-2.333,-3.796,-0.9498,0.215,943.2,-0.942,2404
crypto,BTCUSDT,5m,headline,blend|long_only,blend,long_only,-,-,-3.814,-8.524,-0.805,0.139,502.9,-0.7974,2404
crypto,BTCUSDT,5m,headline,blend|asym,blend,asym,-,-,-4.83,-10.448,-0.8854,0.076,642.0,-0.8818,2404
crypto,ETHUSDT,1d,entry,"ema|fast20,slow100|reversal|ls",ema,ls,reversal,-,0.412,0.55,-0.3366,0.491,2.0,0.59,3271
crypto,ETHUSDT,1d,entry,"ema|fast50,slow200|reversal|ls",ema,ls,reversal,-,0.06,0.079,-0.4089,0.491,1.4,-0.0245,3271
crypto,ETHUSDT,1d,entry,"ema|fast100,slow300|reversal|ls",ema,ls,reversal,-,-0.049,-0.064,-0.4523,0.472,1.3,-0.1612,3271
crypto,ETHUSDT,1d,entry,"sma|fast50,slow200|reversal|ls",sma,ls,reversal,-,0.149,0.193,-0.3344,0.481,1.3,0.1039,3271
crypto,ETHUSDT,1d,entry,tsmom|lookback30|reversal|ls,tsmom,ls,reversal,-,0.843,1.221,-0.1615,0.546,11.1,1.8916,3271
crypto,ETHUSDT,1d,entry,tsmom|lookback90|reversal|ls,tsmom,ls,reversal,-,0.578,0.794,-0.2492,0.537,5.4,1.0032,3271
crypto,ETHUSDT,1d,entry,"macd|fast12,slow26|reversal|ls",macd,ls,reversal,-,0.239,0.343,-0.3039,0.519,11.2,0.2518,3271
crypto,ETHUSDT,1d,entry,donchian|lookback55|reversal|ls,donchian,ls,reversal,-,0.347,0.469,-0.2939,0.472,1.8,0.4542,3271
crypto,ETHUSDT,1d,entry,blend|ls,blend,ls,-,-,0.464,0.568,-0.1468,0.444,1.6,0.3844,3271
crypto,ETHUSDT,1d,entry,strength|ls,strength,ls,-,-,0.479,0.6,-0.1851,0.472,4.5,0.5366,3271
crypto,ETHUSDT,1d,direction,"ema|fast50,slow200|reversal|long_only",ema,long_only,reversal,-,0.342,0.33,-0.2879,0.296,0.7,0.3392,3271
crypto,ETHUSDT,1d,direction,"ema|fast50,slow200|reversal|short_only",ema,short_only,reversal,-,-0.287,-0.256,-0.4588,0.269,0.7,-0.2714,3271
crypto,ETHUSDT,1d,direction,"ema|fast50,slow200|reversal|asym",ema,asym,reversal,-,0.254,0.312,-0.3159,0.491,0.9,0.2303,3271
crypto,ETHUSDT,1d,exit,"ema|fast50,slow200|atr_trailing|ls",ema,ls,atr_trailing,-,-0.034,-0.044,-0.4657,0.481,4.6,-0.1398,3271
crypto,ETHUSDT,1d,exit,"ema|fast50,slow200|channel|ls",ema,ls,channel,-,0.066,0.086,-0.4455,0.481,5.3,-0.0136,3271
crypto,ETHUSDT,1d,gate,"ema|fast50,slow200|g:adx|reversal|ls",ema,ls,reversal,adx,0.081,0.107,-0.3995,0.491,1.4,0.0052,3271
crypto,ETHUSDT,1d,gate,"ema|fast50,slow200|g:ltf|reversal|ls",ema,ls,reversal,ltf,0.06,0.079,-0.4089,0.491,1.4,-0.0245,3271
crypto,ETHUSDT,1d,gate,"ema|fast50,slow200|g:vol|reversal|ls",ema,ls,reversal,vol,0.091,0.109,-0.3238,0.417,1.2,0.0253,3271
crypto,ETHUSDT,1d,headline,blend|long_only,blend,long_only,-,-,0.657,0.594,-0.0831,0.287,0.7,0.4102,3271
crypto,ETHUSDT,1d,headline,blend|asym,blend,asym,-,-,0.628,0.748,-0.0909,0.417,1.0,0.4073,3271
crypto,ETHUSDT,4h,entry,"ema|fast20,slow100|reversal|ls",ema,ls,reversal,-,0.77,1.205,-0.2148,0.602,17.6,1.8913,3271
crypto,ETHUSDT,4h,entry,"ema|fast50,slow200|reversal|ls",ema,ls,reversal,-,0.724,1.067,-0.39,0.546,10.1,1.69,3271
crypto,ETHUSDT,4h,entry,"ema|fast100,slow300|reversal|ls",ema,ls,reversal,-,0.514,0.713,-0.3397,0.5,7.9,0.9441,3271
crypto,ETHUSDT,4h,entry,"sma|fast50,slow200|reversal|ls",sma,ls,reversal,-,0.964,1.424,-0.2439,0.546,10.3,2.9069,3271
crypto,ETHUSDT,4h,entry,tsmom|lookback30|reversal|ls,tsmom,ls,reversal,-,0.602,1.053,-0.2958,0.537,84.2,1.1877,3271
crypto,ETHUSDT,4h,entry,tsmom|lookback90|reversal|ls,tsmom,ls,reversal,-,0.467,0.711,-0.2643,0.574,49.7,0.8034,3271
crypto,ETHUSDT,4h,entry,"macd|fast12,slow26|reversal|ls",macd,ls,reversal,-,0.338,0.552,-0.3129,0.556,79.8,0.4644,3271
crypto,ETHUSDT,4h,entry,donchian|lookback55|reversal|ls,donchian,ls,reversal,-,0.735,1.162,-0.2325,0.556,13.2,1.6981,3271
crypto,ETHUSDT,4h,entry,blend|ls,blend,ls,-,-,0.954,1.438,-0.0874,0.565,11.2,1.1616,3271
crypto,ETHUSDT,4h,entry,strength|ls,strength,ls,-,-,0.812,1.264,-0.1334,0.528,35.4,1.2143,3271
crypto,ETHUSDT,4h,direction,"ema|fast50,slow200|reversal|long_only",ema,long_only,reversal,-,0.807,0.864,-0.2021,0.398,5.0,1.2891,3271
crypto,ETHUSDT,4h,direction,"ema|fast50,slow200|reversal|short_only",ema,short_only,reversal,-,0.21,0.218,-0.3699,0.306,5.1,0.1768,3271
crypto,ETHUSDT,4h,direction,"ema|fast50,slow200|reversal|asym",ema,asym,reversal,-,0.833,1.126,-0.2148,0.546,6.5,1.4325,3271
crypto,ETHUSDT,4h,exit,"ema|fast50,slow200|atr_trailing|ls",ema,ls,atr_trailing,-,0.581,0.869,-0.4265,0.5,29.3,1.1305,3271
crypto,ETHUSDT,4h,exit,"ema|fast50,slow200|channel|ls",ema,ls,channel,-,0.627,0.969,-0.3849,0.574,33.5,1.2859,3271
crypto,ETHUSDT,4h,gate,"ema|fast50,slow200|g:adx|reversal|ls",ema,ls,reversal,adx,0.635,0.919,-0.4074,0.537,9.6,1.3466,3271
crypto,ETHUSDT,4h,gate,"ema|fast50,slow200|g:ltf|reversal|ls",ema,ls,reversal,ltf,0.724,1.067,-0.39,0.546,10.1,1.69,3271
crypto,ETHUSDT,4h,gate,"ema|fast50,slow200|g:vol|reversal|ls",ema,ls,reversal,vol,0.664,0.936,-0.4016,0.528,9.8,1.4306,3271
crypto,ETHUSDT,4h,headline,blend|long_only,blend,long_only,-,-,1.001,1.079,-0.08,0.343,5.4,0.7321,3271
crypto,ETHUSDT,4h,headline,blend|asym,blend,asym,-,-,1.071,1.518,-0.072,0.556,7.1,0.8591,3271
crypto,ETHUSDT,1h,entry,"ema|fast20,slow100|reversal|ls",ema,ls,reversal,-,0.192,0.346,-0.2477,0.519,84.2,0.1281,2404
crypto,ETHUSDT,1h,entry,"ema|fast50,slow200|reversal|ls",ema,ls,reversal,-,0.227,0.384,-0.2956,0.532,50.7,0.1748,2404
crypto,ETHUSDT,1h,entry,"ema|fast100,slow300|reversal|ls",ema,ls,reversal,-,0.454,0.731,-0.2798,0.544,35.3,0.5249,2404
crypto,ETHUSDT,1h,entry,"sma|fast50,slow200|reversal|ls",sma,ls,reversal,-,-0.035,-0.058,-0.4018,0.43,51.1,-0.1309,2404
crypto,ETHUSDT,1h,entry,tsmom|lookback30|reversal|ls,tsmom,ls,reversal,-,-1.376,-2.4,-0.8436,0.329,447.2,-0.8213,2404
crypto,ETHUSDT,1h,entry,tsmom|lookback90|reversal|ls,tsmom,ls,reversal,-,-0.179,-0.318,-0.4319,0.532,247.0,-0.2609,2404
crypto,ETHUSDT,1h,entry,"macd|fast12,slow26|reversal|ls",macd,ls,reversal,-,-0.682,-1.107,-0.6565,0.405,374.6,-0.5836,2404
crypto,ETHUSDT,1h,entry,donchian|lookback55|reversal|ls,donchian,ls,reversal,-,0.333,0.578,-0.2602,0.557,59.7,0.3279,2404
crypto,ETHUSDT,1h,entry,blend|ls,blend,ls,-,-,0.57,1.237,-0.0973,0.519,50.8,0.3664,2404
crypto,ETHUSDT,1h,entry,strength|ls,strength,ls,-,-,0.114,0.238,-0.2137,0.506,169.8,0.0444,2404
crypto,ETHUSDT,1h,direction,"ema|fast50,slow200|reversal|long_only",ema,long_only,reversal,-,0.585,0.783,-0.2056,0.443,26.0,0.5689,2404
crypto,ETHUSDT,1h,direction,"ema|fast50,slow200|reversal|short_only",ema,short_only,reversal,-,-0.319,-0.392,-0.352,0.405,24.7,-0.2498,2404
crypto,ETHUSDT,1h,direction,"ema|fast50,slow200|reversal|asym",ema,asym,reversal,-,0.485,0.749,-0.209,0.456,33.4,0.4515,2404
crypto,ETHUSDT,1h,exit,"ema|fast50,slow200|atr_trailing|ls",ema,ls,atr_trailing,-,0.092,0.151,-0.3374,0.544,127.2,0.0065,2404
crypto,ETHUSDT,1h,exit,"ema|fast50,slow200|channel|ls",ema,ls,channel,-,-0.268,-0.433,-0.4706,0.481,142.8,-0.3396,2404
crypto,ETHUSDT,1h,gate,"ema|fast50,slow200|g:adx|reversal|ls",ema,ls,reversal,adx,0.505,0.858,-0.2253,0.519,45.4,0.6105,2404
crypto,ETHUSDT,1h,gate,"ema|fast50,slow200|g:ltf|reversal|ls",ema,ls,reversal,ltf,0.227,0.384,-0.2956,0.532,50.7,0.1748,2404
crypto,ETHUSDT,1h,gate,"ema|fast50,slow200|g:vol|reversal|ls",ema,ls,reversal,vol,0.052,0.087,-0.3505,0.506,50.1,-0.0378,2404
crypto,ETHUSDT,1h,headline,blend|long_only,blend,long_only,-,-,0.772,1.285,-0.0821,0.456,26.3,0.3789,2404
crypto,ETHUSDT,1h,headline,blend|asym,blend,asym,-,-,0.747,1.481,-0.078,0.494,33.7,0.3789,2404
crypto,ETHUSDT,15m,entry,"ema|fast20,slow100|reversal|ls",ema,ls,reversal,-,-0.45,-0.764,-0.7042,0.456,389.2,-0.4705,2404
crypto,ETHUSDT,15m,entry,"ema|fast50,slow200|reversal|ls",ema,ls,reversal,-,0.453,0.765,-0.2655,0.57,211.6,0.5318,2404
crypto,ETHUSDT,15m,entry,"ema|fast100,slow300|reversal|ls",ema,ls,reversal,-,0.101,0.179,-0.3344,0.519,157.9,0.015,2404
crypto,ETHUSDT,15m,entry,"sma|fast50,slow200|reversal|ls",sma,ls,reversal,-,0.201,0.348,-0.4387,0.557,222.3,0.1413,2404
crypto,ETHUSDT,15m,entry,tsmom|lookback30|reversal|ls,tsmom,ls,reversal,-,-5.761,-8.873,-0.9993,0.051,1978.7,-0.9992,2404
crypto,ETHUSDT,15m,entry,tsmom|lookback90|reversal|ls,tsmom,ls,reversal,-,-2.611,-4.369,-0.969,0.291,1165.8,-0.9644,2404
crypto,ETHUSDT,15m,entry,"macd|fast12,slow26|reversal|ls",macd,ls,reversal,-,-5.661,-8.591,-0.9988,0.038,1690.1,-0.9988,2404
crypto,ETHUSDT,15m,entry,donchian|lookback55|reversal|ls,donchian,ls,reversal,-,-0.583,-0.964,-0.6696,0.367,267.3,-0.5467,2404
crypto,ETHUSDT,15m,entry,blend|ls,blend,ls,-,-,-0.111,-0.309,-0.2628,0.405,219.0,-0.0864,2404
crypto,ETHUSDT,15m,entry,strength|ls,strength,ls,-,-,-2.846,-6.561,-0.9021,0.241,789.4,-0.8928,2404
crypto,ETHUSDT,15m,direction,"ema|fast50,slow200|reversal|long_only",ema,long_only,reversal,-,0.687,1.176,-0.2292,0.494,107.9,0.7097,2404
crypto,ETHUSDT,15m,direction,"ema|fast50,slow200|reversal|short_only",ema,short_only,reversal,-,-0.067,-0.108,-0.2315,0.494,103.7,-0.0971,2404
crypto,ETHUSDT,15m,direction,"ema|fast50,slow200|reversal|asym",ema,asym,reversal,-,0.643,1.087,-0.2361,0.557,139.0,0.6714,2404
crypto,ETHUSDT,15m,exit,"ema|fast50,slow200|atr_trailing|ls",ema,ls,atr_trailing,-,-0.896,-1.525,-0.7142,0.367,564.9,-0.6902,2404
crypto,ETHUSDT,15m,exit,"ema|fast50,slow200|channel|ls",ema,ls,channel,-,-1.363,-2.329,-0.8422,0.342,656.5,-0.8274,2404
crypto,ETHUSDT,15m,gate,"ema|fast50,slow200|g:adx|reversal|ls",ema,ls,reversal,adx,0.593,1.018,-0.2706,0.544,187.8,0.7996,2404
crypto,ETHUSDT,15m,gate,"ema|fast50,slow200|g:ltf|reversal|ls",ema,ls,reversal,ltf,0.453,0.765,-0.2655,0.57,211.6,0.5318,2404
crypto,ETHUSDT,15m,gate,"ema|fast50,slow200|g:vol|reversal|ls",ema,ls,reversal,vol,0.476,0.799,-0.2455,0.57,209.8,0.5753,2404
crypto,ETHUSDT,15m,headline,blend|long_only,blend,long_only,-,-,0.171,0.434,-0.1843,0.456,114.4,0.0612,2404
crypto,ETHUSDT,15m,headline,blend|asym,blend,asym,-,-,0.073,0.192,-0.2042,0.468,145.8,0.0176,2404
crypto,ETHUSDT,5m,entry,"ema|fast20,slow100|reversal|ls",ema,ls,reversal,-,-2.845,-4.476,-0.9716,0.203,1253.4,-0.9712,2404
crypto,ETHUSDT,5m,entry,"ema|fast50,slow200|reversal|ls",ema,ls,reversal,-,-1.36,-2.24,-0.8366,0.38,712.8,-0.8234,2404
crypto,ETHUSDT,5m,entry,"ema|fast100,slow300|reversal|ls",ema,ls,reversal,-,-0.96,-1.605,-0.8032,0.392,517.0,-0.7109,2404
crypto,ETHUSDT,5m,entry,"sma|fast50,slow200|reversal|ls",sma,ls,reversal,-,-1.12,-1.858,-0.7855,0.342,719.7,-0.7593,2404
crypto,ETHUSDT,5m,entry,tsmom|lookback30|reversal|ls,tsmom,ls,reversal,-,-15.586,-18.768,-1.0,0.0,6315.7,-1.0,2404
crypto,ETHUSDT,5m,entry,tsmom|lookback90|reversal|ls,tsmom,ls,reversal,-,-10.297,-13.132,-1.0,0.013,4002.3,-1.0,2404
crypto,ETHUSDT,5m,entry,"macd|fast12,slow26|reversal|ls",macd,ls,reversal,-,-16.271,-19.646,-1.0,0.0,5474.6,-1.0,2404
crypto,ETHUSDT,5m,entry,donchian|lookback55|reversal|ls,donchian,ls,reversal,-,-2.842,-4.508,-0.9684,0.19,889.0,-0.9686,2404
crypto,ETHUSDT,5m,entry,blend|ls,blend,ls,-,-,-3.523,-7.999,-0.8699,0.152,711.7,-0.8698,2404
crypto,ETHUSDT,5m,entry,strength|ls,strength,ls,-,-,-11.493,-17.431,-0.9999,0.013,2621.9,-0.9999,2404
crypto,ETHUSDT,5m,direction,"ema|fast50,slow200|reversal|long_only",ema,long_only,reversal,-,-0.671,-1.431,-0.6305,0.418,365.2,-0.4653,2404
crypto,ETHUSDT,5m,direction,"ema|fast50,slow200|reversal|short_only",ema,short_only,reversal,-,-1.259,-2.519,-0.6743,0.329,347.7,-0.6606,2404
crypto,ETHUSDT,5m,direction,"ema|fast50,slow200|reversal|asym",ema,asym,reversal,-,-0.993,-1.831,-0.6979,0.43,469.5,-0.6116,2404
crypto,ETHUSDT,5m,exit,"ema|fast50,slow200|atr_trailing|ls",ema,ls,atr_trailing,-,-6.008,-9.011,-0.9996,0.063,2078.5,-0.9995,2404
crypto,ETHUSDT,5m,exit,"ema|fast50,slow200|channel|ls",ema,ls,channel,-,-6.986,-10.223,-0.9999,0.063,2435.8,-0.9999,2404
crypto,ETHUSDT,5m,gate,"ema|fast50,slow200|g:adx|reversal|ls",ema,ls,reversal,adx,-1.056,-1.739,-0.7747,0.367,623.5,-0.7385,2404
crypto,ETHUSDT,5m,gate,"ema|fast50,slow200|g:ltf|reversal|ls",ema,ls,reversal,ltf,-1.36,-2.24,-0.8366,0.38,712.8,-0.8234,2404
crypto,ETHUSDT,5m,gate,"ema|fast50,slow200|g:vol|reversal|ls",ema,ls,reversal,vol,-1.498,-2.497,-0.8566,0.342,701.6,-0.8489,2404
crypto,ETHUSDT,5m,headline,blend|long_only,blend,long_only,-,-,-2.359,-5.982,-0.6388,0.253,368.6,-0.6193,2404
crypto,ETHUSDT,5m,headline,blend|asym,blend,asym,-,-,-2.981,-6.998,-0.7299,0.203,471.5,-0.7231,2404
crypto,BNBUSDT,1d,entry,"ema|fast20,slow100|reversal|ls",ema,ls,reversal,-,0.494,0.626,-0.3152,0.486,2.3,0.7995,3190
crypto,BNBUSDT,1d,entry,"ema|fast50,slow200|reversal|ls",ema,ls,reversal,-,0.47,0.585,-0.2997,0.495,1.5,0.7398,3190
crypto,BNBUSDT,1d,entry,"ema|fast100,slow300|reversal|ls",ema,ls,reversal,-,0.109,0.132,-0.4416,0.457,1.2,0.0392,3190
crypto,BNBUSDT,1d,entry,"sma|fast50,slow200|reversal|ls",sma,ls,reversal,-,0.719,0.916,-0.2179,0.476,1.8,1.469,3190
crypto,BNBUSDT,1d,entry,tsmom|lookback30|reversal|ls,tsmom,ls,reversal,-,0.64,0.806,-0.3371,0.524,15.3,1.2169,3190
crypto,BNBUSDT,1d,entry,tsmom|lookback90|reversal|ls,tsmom,ls,reversal,-,0.595,0.753,-0.2749,0.486,6.9,1.078,3190
crypto,BNBUSDT,1d,entry,"macd|fast12,slow26|reversal|ls",macd,ls,reversal,-,0.208,0.315,-0.3394,0.457,11.5,0.1997,3190
crypto,BNBUSDT,1d,entry,donchian|lookback55|reversal|ls,donchian,ls,reversal,-,0.665,0.822,-0.2925,0.543,1.7,1.2977,3190
crypto,BNBUSDT,1d,entry,blend|ls,blend,ls,-,-,0.56,0.619,-0.1657,0.419,1.7,0.5133,3190
crypto,BNBUSDT,1d,entry,strength|ls,strength,ls,-,-,0.893,1.241,-0.2116,0.448,5.6,1.2992,3190
crypto,BNBUSDT,1d,direction,"ema|fast50,slow200|reversal|long_only",ema,long_only,reversal,-,0.925,1.065,-0.1558,0.371,0.8,1.5279,3190
crypto,BNBUSDT,1d,direction,"ema|fast50,slow200|reversal|short_only",ema,short_only,reversal,-,-0.342,-0.232,-0.4463,0.171,0.7,-0.3116,3190
crypto,BNBUSDT,1d,direction,"ema|fast50,slow200|reversal|asym",ema,asym,reversal,-,0.808,1.094,-0.1964,0.505,1.0,1.285,3190
crypto,BNBUSDT,1d,exit,"ema|fast50,slow200|atr_trailing|ls",ema,ls,atr_trailing,-,0.345,0.424,-0.3448,0.486,4.5,0.4513,3190
crypto,BNBUSDT,1d,exit,"ema|fast50,slow200|channel|ls",ema,ls,channel,-,0.181,0.222,-0.3794,0.486,5.1,0.151,3190
crypto,BNBUSDT,1d,gate,"ema|fast50,slow200|g:adx|reversal|ls",ema,ls,reversal,adx,0.359,0.444,-0.3371,0.467,1.4,0.4837,3190
crypto,BNBUSDT,1d,gate,"ema|fast50,slow200|g:ltf|reversal|ls",ema,ls,reversal,ltf,0.47,0.585,-0.2997,0.495,1.5,0.7398,3190
crypto,BNBUSDT,1d,gate,"ema|fast50,slow200|g:vol|reversal|ls",ema,ls,reversal,vol,0.357,0.395,-0.2997,0.4,1.3,0.4546,3190
crypto,BNBUSDT,1d,headline,blend|long_only,blend,long_only,-,-,1.097,1.2,-0.0632,0.295,0.9,0.8814,3190
crypto,BNBUSDT,1d,headline,blend|asym,blend,asym,-,-,0.96,1.283,-0.076,0.419,1.1,0.7691,3190
crypto,BNBUSDT,4h,entry,"ema|fast20,slow100|reversal|ls",ema,ls,reversal,-,0.801,1.338,-0.2685,0.552,20.2,2.0161,3190
crypto,BNBUSDT,4h,entry,"ema|fast50,slow200|reversal|ls",ema,ls,reversal,-,1.008,1.272,-0.2685,0.533,11.2,3.1544,3190
crypto,BNBUSDT,4h,entry,"ema|fast100,slow300|reversal|ls",ema,ls,reversal,-,0.757,0.951,-0.3609,0.552,8.3,1.7984,3190
crypto,BNBUSDT,4h,entry,"sma|fast50,slow200|reversal|ls",sma,ls,reversal,-,0.611,0.773,-0.3505,0.571,12.6,1.2535,3190
crypto,BNBUSDT,4h,entry,tsmom|lookback30|reversal|ls,tsmom,ls,reversal,-,0.354,0.648,-0.3744,0.495,95.7,0.5149,3190
crypto,BNBUSDT,4h,entry,tsmom|lookback90|reversal|ls,tsmom,ls,reversal,-,0.712,1.223,-0.2368,0.495,56.4,1.6435,3190
crypto,BNBUSDT,4h,entry,"macd|fast12,slow26|reversal|ls",macd,ls,reversal,-,-0.071,-0.09,-0.5361,0.514,92.4,-0.2202,3190
crypto,BNBUSDT,4h,entry,donchian|lookback55|reversal|ls,donchian,ls,reversal,-,0.293,0.484,-0.4188,0.467,15.3,0.3789,3190
crypto,BNBUSDT,4h,entry,blend|ls,blend,ls,-,-,0.805,1.247,-0.1346,0.476,12.3,0.8499,3190
crypto,BNBUSDT,4h,entry,strength|ls,strength,ls,-,-,0.75,1.233,-0.1683,0.505,41.9,0.9924,3190
crypto,BNBUSDT,4h,direction,"ema|fast50,slow200|reversal|long_only",ema,long_only,reversal,-,1.364,1.555,-0.1407,0.438,5.6,2.9268,3190
crypto,BNBUSDT,4h,direction,"ema|fast50,slow200|reversal|short_only",ema,short_only,reversal,-,0.119,0.094,-0.3056,0.324,5.6,0.0604,3190
crypto,BNBUSDT,4h,direction,"ema|fast50,slow200|reversal|asym",ema,asym,reversal,-,1.333,1.823,-0.1567,0.571,7.3,3.0589,3190
crypto,BNBUSDT,4h,exit,"ema|fast50,slow200|atr_trailing|ls",ema,ls,atr_trailing,-,0.801,1.021,-0.3748,0.524,31.7,1.9663,3190
crypto,BNBUSDT,4h,exit,"ema|fast50,slow200|channel|ls",ema,ls,channel,-,0.695,0.902,-0.3244,0.486,38.4,1.5412,3190
crypto,BNBUSDT,4h,gate,"ema|fast50,slow200|g:adx|reversal|ls",ema,ls,reversal,adx,0.978,1.238,-0.2685,0.533,10.4,2.982,3190
crypto,BNBUSDT,4h,gate,"ema|fast50,slow200|g:ltf|reversal|ls",ema,ls,reversal,ltf,1.008,1.272,-0.2685,0.533,11.2,3.1544,3190
crypto,BNBUSDT,4h,gate,"ema|fast50,slow200|g:vol|reversal|ls",ema,ls,reversal,vol,0.965,1.196,-0.2496,0.514,10.9,2.8416,3190
crypto,BNBUSDT,4h,headline,blend|long_only,blend,long_only,-,-,1.014,1.14,-0.0929,0.333,6.1,0.717,3190
crypto,BNBUSDT,4h,headline,blend|asym,blend,asym,-,-,1.014,1.47,-0.0929,0.467,8.0,0.7629,3190
crypto,BNBUSDT,1h,entry,"ema|fast20,slow100|reversal|ls",ema,ls,reversal,-,0.583,1.032,-0.162,0.551,95.4,0.6989,2364
crypto,BNBUSDT,1h,entry,"ema|fast50,slow200|reversal|ls",ema,ls,reversal,-,0.413,0.701,-0.2175,0.487,55.3,0.4259,2364
crypto,BNBUSDT,1h,entry,"ema|fast100,slow300|reversal|ls",ema,ls,reversal,-,0.337,0.539,-0.2422,0.5,44.5,0.3169,2364
crypto,BNBUSDT,1h,entry,"sma|fast50,slow200|reversal|ls",sma,ls,reversal,-,0.711,1.202,-0.2361,0.59,56.7,0.9572,2364
crypto,BNBUSDT,1h,entry,tsmom|lookback30|reversal|ls,tsmom,ls,reversal,-,-2.104,-3.529,-0.9234,0.269,498.2,-0.9171,2364
crypto,BNBUSDT,1h,entry,tsmom|lookback90|reversal|ls,tsmom,ls,reversal,-,-0.426,-0.692,-0.5855,0.462,301.2,-0.4245,2364
crypto,BNBUSDT,1h,entry,"macd|fast12,slow26|reversal|ls",macd,ls,reversal,-,-1.124,-1.773,-0.7499,0.372,435.7,-0.7293,2364
crypto,BNBUSDT,1h,entry,donchian|lookback55|reversal|ls,donchian,ls,reversal,-,0.39,0.64,-0.2568,0.538,69.1,0.3941,2364
crypto,BNBUSDT,1h,entry,blend|ls,blend,ls,-,-,0.244,0.532,-0.1419,0.462,59.7,0.1191,2364
crypto,BNBUSDT,1h,entry,strength|ls,strength,ls,-,-,-0.513,-1.058,-0.4197,0.346,207.4,-0.3252,2364
crypto,BNBUSDT,1h,direction,"ema|fast50,slow200|reversal|long_only",ema,long_only,reversal,-,0.82,1.047,-0.1726,0.487,28.2,0.8207,2364
crypto,BNBUSDT,1h,direction,"ema|fast50,slow200|reversal|short_only",ema,short_only,reversal,-,-0.27,-0.356,-0.2917,0.397,27.1,-0.2115,2364
crypto,BNBUSDT,1h,direction,"ema|fast50,slow200|reversal|asym",ema,asym,reversal,-,0.717,1.074,-0.1812,0.462,36.3,0.7084,2364
crypto,BNBUSDT,1h,exit,"ema|fast50,slow200|atr_trailing|ls",ema,ls,atr_trailing,-,-0.252,-0.406,-0.3974,0.449,156.3,-0.3107,2364
crypto,BNBUSDT,1h,exit,"ema|fast50,slow200|channel|ls",ema,ls,channel,-,-0.549,-0.888,-0.5359,0.423,186.8,-0.5042,2364
crypto,BNBUSDT,1h,gate,"ema|fast50,slow200|g:adx|reversal|ls",ema,ls,reversal,adx,0.248,0.415,-0.2254,0.538,50.8,0.1956,2364
crypto,BNBUSDT,1h,gate,"ema|fast50,slow200|g:ltf|reversal|ls",ema,ls,reversal,ltf,0.413,0.701,-0.2175,0.487,55.3,0.4259,2364
crypto,BNBUSDT,1h,gate,"ema|fast50,slow200|g:vol|reversal|ls",ema,ls,reversal,vol,0.331,0.556,-0.2384,0.487,54.8,0.3044,2364
crypto,BNBUSDT,1h,headline,blend|long_only,blend,long_only,-,-,0.552,0.892,-0.0987,0.385,31.4,0.2317,2364
crypto,BNBUSDT,1h,headline,blend|asym,blend,asym,-,-,0.471,0.913,-0.099,0.462,39.9,0.2005,2364
crypto,BNBUSDT,15m,entry,"ema|fast20,slow100|reversal|ls",ema,ls,reversal,-,-0.891,-1.45,-0.753,0.397,433.1,-0.674,2364
crypto,BNBUSDT,15m,entry,"ema|fast50,slow200|reversal|ls",ema,ls,reversal,-,0.087,0.151,-0.3799,0.526,245.8,0.0018,2364
crypto,BNBUSDT,15m,entry,"ema|fast100,slow300|reversal|ls",ema,ls,reversal,-,0.572,1.018,-0.1959,0.615,174.5,0.6881,2364
crypto,BNBUSDT,15m,entry,"sma|fast50,slow200|reversal|ls",sma,ls,reversal,-,-0.027,-0.046,-0.5632,0.5,245.4,-0.1166,2364
crypto,BNBUSDT,15m,entry,tsmom|lookback30|reversal|ls,tsmom,ls,reversal,-,-6.898,-10.501,-0.9998,0.064,2095.8,-0.9998,2364
crypto,BNBUSDT,15m,entry,tsmom|lookback90|reversal|ls,tsmom,ls,reversal,-,-3.917,-6.064,-0.9929,0.179,1311.4,-0.9923,2364
crypto,BNBUSDT,15m,entry,"macd|fast12,slow26|reversal|ls",macd,ls,reversal,-,-7.482,-10.621,-0.9998,0.051,1898.3,-0.9998,2364
crypto,BNBUSDT,15m,entry,donchian|lookback55|reversal|ls,donchian,ls,reversal,-,-0.923,-1.498,-0.7265,0.321,311.3,-0.6739,2364
crypto,BNBUSDT,15m,entry,blend|ls,blend,ls,-,-,-0.801,-2.138,-0.4443,0.385,251.9,-0.3691,2364
crypto,BNBUSDT,15m,entry,strength|ls,strength,ls,-,-,-4.201,-9.031,-0.9573,0.141,895.2,-0.9545,2364
crypto,BNBUSDT,15m,direction,"ema|fast50,slow200|reversal|long_only",ema,long_only,reversal,-,0.508,0.876,-0.239,0.462,126.2,0.4254,2364
crypto,BNBUSDT,15m,direction,"ema|fast50,slow200|reversal|short_only",ema,short_only,reversal,-,-0.366,-0.657,-0.363,0.423,119.6,-0.2748,2364
crypto,BNBUSDT,15m,direction,"ema|fast50,slow200|reversal|asym",ema,asym,reversal,-,0.378,0.637,-0.2607,0.487,162.1,0.298,2364
crypto,BNBUSDT,15m,exit,"ema|fast50,slow200|atr_trailing|ls",ema,ls,atr_trailing,-,-1.407,-2.434,-0.8171,0.333,685.7,-0.8092,2364
crypto,BNBUSDT,15m,exit,"ema|fast50,slow200|channel|ls",ema,ls,channel,-,-2.532,-4.287,-0.951,0.154,874.9,-0.9504,2364
crypto,BNBUSDT,15m,gate,"ema|fast50,slow200|g:adx|reversal|ls",ema,ls,reversal,adx,0.145,0.256,-0.2721,0.526,218.2,0.0684,2364
crypto,BNBUSDT,15m,gate,"ema|fast50,slow200|g:ltf|reversal|ls",ema,ls,reversal,ltf,0.087,0.151,-0.3799,0.526,245.8,0.0018,2364
crypto,BNBUSDT,15m,gate,"ema|fast50,slow200|g:vol|reversal|ls",ema,ls,reversal,vol,0.221,0.382,-0.3217,0.526,243.3,0.1623,2364
crypto,BNBUSDT,15m,headline,blend|long_only,blend,long_only,-,-,-0.369,-0.877,-0.2527,0.385,134.0,-0.1416,2364
crypto,BNBUSDT,15m,headline,blend|asym,blend,asym,-,-,-0.569,-1.423,-0.3142,0.372,169.3,-0.2143,2364
crypto,BNBUSDT,5m,entry,"ema|fast20,slow100|reversal|ls",ema,ls,reversal,-,-4.117,-6.211,-0.9937,0.154,1361.3,-0.9933,2364
crypto,BNBUSDT,5m,entry,"ema|fast50,slow200|reversal|ls",ema,ls,reversal,-,-1.891,-3.073,-0.9096,0.269,769.1,-0.8965,2364
crypto,BNBUSDT,5m,entry,"ema|fast100,slow300|reversal|ls",ema,ls,reversal,-,-1.588,-2.6,-0.8687,0.321,582.0,-0.8526,2364
crypto,BNBUSDT,5m,entry,"sma|fast50,slow200|reversal|ls",sma,ls,reversal,-,-1.797,-2.869,-0.8915,0.295,763.2,-0.8796,2364
crypto,BNBUSDT,5m,entry,tsmom|lookback30|reversal|ls,tsmom,ls,reversal,-,-17.595,-20.855,-1.0,0.013,6662.5,-1.0,2364
crypto,BNBUSDT,5m,entry,tsmom|lookback90|reversal|ls,tsmom,ls,reversal,-,-11.622,-14.826,-1.0,0.026,4071.9,-1.0,2364
crypto,BNBUSDT,5m,entry,"macd|fast12,slow26|reversal|ls",macd,ls,reversal,-,-18.837,-22.167,-1.0,0.0,6052.1,-1.0,2364
crypto,BNBUSDT,5m,entry,donchian|lookback55|reversal|ls,donchian,ls,reversal,-,-3.451,-5.372,-0.9831,0.167,994.7,-0.9819,2364
crypto,BNBUSDT,5m,entry,blend|ls,blend,ls,-,-,-4.89,-10.655,-0.9388,0.141,815.7,-0.9362,2364
crypto,BNBUSDT,5m,entry,strength|ls,strength,ls,-,-,-13.078,-19.697,-1.0,0.013,2845.6,-1.0,2364
crypto,BNBUSDT,5m,direction,"ema|fast50,slow200|reversal|long_only",ema,long_only,reversal,-,-0.894,-1.836,-0.6677,0.423,396.9,-0.5368,2364
crypto,BNBUSDT,5m,direction,"ema|fast50,slow200|reversal|short_only",ema,short_only,reversal,-,-1.774,-3.505,-0.7693,0.321,372.2,-0.7533,2364
crypto,BNBUSDT,5m,direction,"ema|fast50,slow200|reversal|asym",ema,asym,reversal,-,-1.344,-2.42,-0.7702,0.321,508.6,-0.6986,2364
crypto,BNBUSDT,5m,exit,"ema|fast50,slow200|atr_trailing|ls",ema,ls,atr_trailing,-,-8.153,-12.029,-1.0,0.013,2439.2,-1.0,2364
crypto,BNBUSDT,5m,exit,"ema|fast50,slow200|channel|ls",ema,ls,channel,-,-9.582,-13.677,-1.0,0.013,3066.3,-1.0,2364
crypto,BNBUSDT,5m,gate,"ema|fast50,slow200|g:adx|reversal|ls",ema,ls,reversal,adx,-1.842,-3.014,-0.8993,0.269,664.6,-0.8882,2364
crypto,BNBUSDT,5m,gate,"ema|fast50,slow200|g:ltf|reversal|ls",ema,ls,reversal,ltf,-1.891,-3.073,-0.9096,0.269,769.1,-0.8965,2364
crypto,BNBUSDT,5m,gate,"ema|fast50,slow200|g:vol|reversal|ls",ema,ls,reversal,vol,-1.901,-3.141,-0.9102,0.308,757.8,-0.8959,2364
crypto,BNBUSDT,5m,headline,blend|long_only,blend,long_only,-,-,-3.264,-7.807,-0.7216,0.218,433.9,-0.7198,2364
crypto,BNBUSDT,5m,headline,blend|asym,blend,asym,-,-,-4.129,-9.388,-0.822,0.192,548.4,-0.8189,2364
crypto,XRPUSDT,1d,entry,"ema|fast20,slow100|reversal|ls",ema,ls,reversal,-,-0.127,-0.179,-0.5076,0.374,2.7,-0.2773,3011
crypto,XRPUSDT,1d,entry,"ema|fast50,slow200|reversal|ls",ema,ls,reversal,-,0.128,0.184,-0.3334,0.495,1.5,0.0617,3011
crypto,XRPUSDT,1d,entry,"ema|fast100,slow300|reversal|ls",ema,ls,reversal,-,0.266,0.379,-0.2515,0.525,1.1,0.3057,3011
crypto,XRPUSDT,1d,entry,"sma|fast50,slow200|reversal|ls",sma,ls,reversal,-,-0.107,-0.146,-0.5127,0.404,1.6,-0.2485,3011
crypto,XRPUSDT,1d,entry,tsmom|lookback30|reversal|ls,tsmom,ls,reversal,-,0.094,0.104,-0.3272,0.515,13.2,0.0002,3011
crypto,XRPUSDT,1d,entry,tsmom|lookback90|reversal|ls,tsmom,ls,reversal,-,-0.286,-0.318,-0.6395,0.424,7.9,-0.4356,3011
crypto,XRPUSDT,1d,entry,"macd|fast12,slow26|reversal|ls",macd,ls,reversal,-,0.559,0.657,-0.2924,0.545,9.5,1.0145,3011
crypto,XRPUSDT,1d,entry,donchian|lookback55|reversal|ls,donchian,ls,reversal,-,0.383,0.606,-0.2969,0.485,1.4,0.5585,3011
crypto,XRPUSDT,1d,entry,blend|ls,blend,ls,-,-,-0.167,-0.187,-0.2705,0.354,1.6,-0.1257,3011
crypto,XRPUSDT,1d,entry,strength|ls,strength,ls,-,-,-0.221,-0.268,-0.3968,0.354,5.3,-0.201,3011
crypto,XRPUSDT,1d,direction,"ema|fast50,slow200|reversal|long_only",ema,long_only,reversal,-,0.49,0.662,-0.1584,0.222,0.7,0.6254,3011
crypto,XRPUSDT,1d,direction,"ema|fast50,slow200|reversal|short_only",ema,short_only,reversal,-,-0.375,-0.307,-0.4545,0.323,0.8,-0.3467,3011
crypto,XRPUSDT,1d,direction,"ema|fast50,slow200|reversal|asym",ema,asym,reversal,-,0.381,0.659,-0.1926,0.485,0.9,0.4482,3011
crypto,XRPUSDT,1d,exit,"ema|fast50,slow200|atr_trailing|ls",ema,ls,atr_trailing,-,0.206,0.298,-0.3272,0.455,3.7,0.1933,3011
crypto,XRPUSDT,1d,exit,"ema|fast50,slow200|channel|ls",ema,ls,channel,-,0.042,0.061,-0.3465,0.505,3.9,-0.0654,3011
crypto,XRPUSDT,1d,gate,"ema|fast50,slow200|g:adx|reversal|ls",ema,ls,reversal,adx,0.255,0.363,-0.3334,0.495,1.2,0.2854,3011
crypto,XRPUSDT,1d,gate,"ema|fast50,slow200|g:ltf|reversal|ls",ema,ls,reversal,ltf,0.128,0.184,-0.3334,0.495,1.5,0.0617,3011
crypto,XRPUSDT,1d,gate,"ema|fast50,slow200|g:vol|reversal|ls",ema,ls,reversal,vol,0.246,0.347,-0.3172,0.424,1.3,0.2584,3011
crypto,XRPUSDT,1d,headline,blend|long_only,blend,long_only,-,-,0.367,0.369,-0.0682,0.222,0.6,0.1449,3011
crypto,XRPUSDT,1d,headline,blend|asym,blend,asym,-,-,0.162,0.22,-0.1002,0.343,0.9,0.0596,3011
crypto,XRPUSDT,4h,entry,"ema|fast20,slow100|reversal|ls",ema,ls,reversal,-,0.242,0.307,-0.4749,0.495,17.2,0.2544,3011
crypto,XRPUSDT,4h,entry,"ema|fast50,slow200|reversal|ls",ema,ls,reversal,-,-0.223,-0.261,-0.5956,0.465,11.1,-0.385,3011
crypto,XRPUSDT,4h,entry,"ema|fast100,slow300|reversal|ls",ema,ls,reversal,-,-0.302,-0.347,-0.6452,0.414,8.0,-0.4572,3011
crypto,XRPUSDT,4h,entry,"sma|fast50,slow200|reversal|ls",sma,ls,reversal,-,-0.032,-0.037,-0.4334,0.475,11.3,-0.1749,3011
crypto,XRPUSDT,4h,entry,tsmom|lookback30|reversal|ls,tsmom,ls,reversal,-,0.702,1.331,-0.2313,0.515,90.4,1.5769,3011
crypto,XRPUSDT,4h,entry,tsmom|lookback90|reversal|ls,tsmom,ls,reversal,-,0.104,0.131,-0.3256,0.475,53.7,0.017,3011
crypto,XRPUSDT,4h,entry,"macd|fast12,slow26|reversal|ls",macd,ls,reversal,-,-0.293,-0.377,-0.5555,0.434,80.2,-0.4483,3011
crypto,XRPUSDT,4h,entry,donchian|lookback55|reversal|ls,donchian,ls,reversal,-,-0.234,-0.294,-0.5199,0.424,13.1,-0.3947,3011
crypto,XRPUSDT,4h,entry,blend|ls,blend,ls,-,-,0.305,0.428,-0.2233,0.414,10.8,0.2251,3011
crypto,XRPUSDT,4h,entry,strength|ls,strength,ls,-,-,0.399,0.627,-0.218,0.455,36.9,0.3904,3011
crypto,XRPUSDT,4h,direction,"ema|fast50,slow200|reversal|long_only",ema,long_only,reversal,-,0.026,0.026,-0.2964,0.283,5.0,-0.0253,3011
crypto,XRPUSDT,4h,direction,"ema|fast50,slow200|reversal|short_only",ema,short_only,reversal,-,-0.292,-0.238,-0.5436,0.384,6.1,-0.3675,3011
crypto,XRPUSDT,4h,direction,"ema|fast50,slow200|reversal|asym",ema,asym,reversal,-,-0.092,-0.118,-0.353,0.434,6.9,-0.1367,3011
crypto,XRPUSDT,4h,exit,"ema|fast50,slow200|atr_trailing|ls",ema,ls,atr_trailing,-,-0.165,-0.193,-0.5493,0.465,26.9,-0.3286,3011
crypto,XRPUSDT,4h,exit,"ema|fast50,slow200|channel|ls",ema,ls,channel,-,-0.284,-0.335,-0.647,0.455,30.7,-0.4417,3011
crypto,XRPUSDT,4h,gate,"ema|fast50,slow200|g:adx|reversal|ls",ema,ls,reversal,adx,-0.131,-0.153,-0.532,0.495,9.9,-0.2901,3011
crypto,XRPUSDT,4h,gate,"ema|fast50,slow200|g:ltf|reversal|ls",ema,ls,reversal,ltf,-0.223,-0.261,-0.5956,0.465,11.1,-0.385,3011
crypto,XRPUSDT,4h,gate,"ema|fast50,slow200|g:vol|reversal|ls",ema,ls,reversal,vol,-0.366,-0.418,-0.6112,0.414,10.9,-0.501,3011
crypto,XRPUSDT,4h,headline,blend|long_only,blend,long_only,-,-,0.584,0.648,-0.1134,0.263,4.1,0.3124,3011
crypto,XRPUSDT,4h,headline,blend|asym,blend,asym,-,-,0.519,0.788,-0.1373,0.414,6.1,0.2912,3011
crypto,XRPUSDT,1h,entry,"ema|fast20,slow100|reversal|ls",ema,ls,reversal,-,0.106,0.171,-0.5027,0.468,77.3,0.0249,2399
crypto,XRPUSDT,1h,entry,"ema|fast50,slow200|reversal|ls",ema,ls,reversal,-,0.296,0.455,-0.3748,0.443,44.7,0.265,2399
crypto,XRPUSDT,1h,entry,"ema|fast100,slow300|reversal|ls",ema,ls,reversal,-,0.153,0.173,-0.4612,0.506,34.6,0.067,2399
crypto,XRPUSDT,1h,entry,"sma|fast50,slow200|reversal|ls",sma,ls,reversal,-,0.611,1.182,-0.2707,0.532,47.1,1.0147,2399
crypto,XRPUSDT,1h,entry,tsmom|lookback30|reversal|ls,tsmom,ls,reversal,-,-1.417,-2.311,-0.8264,0.329,389.1,-0.8129,2399
crypto,XRPUSDT,1h,entry,tsmom|lookback90|reversal|ls,tsmom,ls,reversal,-,-0.055,-0.116,-0.5117,0.443,241.2,-0.1907,2399
crypto,XRPUSDT,1h,entry,"macd|fast12,slow26|reversal|ls",macd,ls,reversal,-,-0.358,-0.651,-0.5197,0.443,349.7,-0.4661,2399
crypto,XRPUSDT,1h,entry,donchian|lookback55|reversal|ls,donchian,ls,reversal,-,0.31,0.608,-0.3102,0.456,54.4,0.3392,2399
crypto,XRPUSDT,1h,entry,blend|ls,blend,ls,-,-,0.455,0.993,-0.2194,0.456,46.0,0.2667,2399
crypto,XRPUSDT,1h,entry,strength|ls,strength,ls,-,-,-0.056,-0.133,-0.2878,0.405,166.1,-0.0906,2399
crypto,XRPUSDT,1h,direction,"ema|fast50,slow200|reversal|long_only",ema,long_only,reversal,-,0.507,0.664,-0.1899,0.456,21.0,0.436,2399
crypto,XRPUSDT,1h,direction,"ema|fast50,slow200|reversal|short_only",ema,short_only,reversal,-,-0.063,-0.06,-0.39,0.392,23.7,-0.1144,2399
crypto,XRPUSDT,1h,direction,"ema|fast50,slow200|reversal|asym",ema,asym,reversal,-,0.48,0.724,-0.2057,0.468,28.1,0.4014,2399
crypto,XRPUSDT,1h,exit,"ema|fast50,slow200|atr_trailing|ls",ema,ls,atr_trailing,-,-0.166,-0.255,-0.4606,0.405,116.5,-0.2446,2399
crypto,XRPUSDT,1h,exit,"ema|fast50,slow200|channel|ls",ema,ls,channel,-,-0.272,-0.41,-0.5748,0.43,131.6,-0.3368,2399
crypto,XRPUSDT,1h,gate,"ema|fast50,slow200|g:adx|reversal|ls",ema,ls,reversal,adx,0.297,0.456,-0.3818,0.468,40.8,0.2667,2399
crypto,XRPUSDT,1h,gate,"ema|fast50,slow200|g:ltf|reversal|ls",ema,ls,reversal,ltf,0.296,0.455,-0.3748,0.443,44.7,0.265,2399
crypto,XRPUSDT,1h,gate,"ema|fast50,slow200|g:vol|reversal|ls",ema,ls,reversal,vol,0.032,0.036,-0.5364,0.443,44.1,-0.0876,2399
crypto,XRPUSDT,1h,headline,blend|long_only,blend,long_only,-,-,0.67,1.127,-0.1208,0.367,20.0,0.2849,2399
crypto,XRPUSDT,1h,headline,blend|asym,blend,asym,-,-,0.639,1.33,-0.1436,0.405,27.8,0.2837,2399
crypto,XRPUSDT,15m,entry,"ema|fast20,slow100|reversal|ls",ema,ls,reversal,-,-0.407,-0.699,-0.5925,0.494,342.3,-0.4412,2399
crypto,XRPUSDT,15m,entry,"ema|fast50,slow200|reversal|ls",ema,ls,reversal,-,0.199,0.352,-0.3378,0.481,192.3,0.1384,2399
crypto,XRPUSDT,15m,entry,"ema|fast100,slow300|reversal|ls",ema,ls,reversal,-,-0.202,-0.282,-0.5738,0.468,144.9,-0.2909,2399
crypto,XRPUSDT,15m,entry,"sma|fast50,slow200|reversal|ls",sma,ls,reversal,-,-0.041,-0.057,-0.5,0.481,198.7,-0.1406,2399
crypto,XRPUSDT,15m,entry,tsmom|lookback30|reversal|ls,tsmom,ls,reversal,-,-5.982,-9.545,-0.9996,0.063,1694.6,-0.9996,2399
crypto,XRPUSDT,15m,entry,tsmom|lookback90|reversal|ls,tsmom,ls,reversal,-,-2.651,-4.599,-0.9658,0.203,1041.9,-0.9652,2399
crypto,XRPUSDT,15m,entry,"macd|fast12,slow26|reversal|ls",macd,ls,reversal,-,-6.216,-8.096,-0.9996,0.038,1537.0,-0.9996,2399
crypto,XRPUSDT,15m,entry,donchian|lookback55|reversal|ls,donchian,ls,reversal,-,-0.574,-0.95,-0.6181,0.43,235.5,-0.547,2399
crypto,XRPUSDT,15m,entry,blend|ls,blend,ls,-,-,-0.704,-1.926,-0.3755,0.367,197.7,-0.3284,2399
crypto,XRPUSDT,15m,entry,strength|ls,strength,ls,-,-,-3.137,-7.373,-0.9063,0.203,726.1,-0.904,2399
crypto,XRPUSDT,15m,direction,"ema|fast50,slow200|reversal|long_only",ema,long_only,reversal,-,0.243,0.468,-0.2601,0.456,93.9,0.1673,2399
crypto,XRPUSDT,15m,direction,"ema|fast50,slow200|reversal|short_only",ema,short_only,reversal,-,0.057,0.092,-0.244,0.481,98.5,-0.0015,2399
crypto,XRPUSDT,15m,direction,"ema|fast50,slow200|reversal|asym",ema,asym,reversal,-,0.246,0.465,-0.2654,0.532,123.4,0.1747,2399
crypto,XRPUSDT,15m,exit,"ema|fast50,slow200|atr_trailing|ls",ema,ls,atr_trailing,-,-1.79,-2.511,-0.8977,0.316,519.3,-0.8977,2399
crypto,XRPUSDT,15m,exit,"ema|fast50,slow200|channel|ls",ema,ls,channel,-,-1.746,-2.979,-0.8923,0.278,616.3,-0.8923,2399
crypto,XRPUSDT,15m,gate,"ema|fast50,slow200|g:adx|reversal|ls",ema,ls,reversal,adx,0.037,0.054,-0.4026,0.506,169.4,-0.0576,2399
crypto,XRPUSDT,15m,gate,"ema|fast50,slow200|g:ltf|reversal|ls",ema,ls,reversal,ltf,0.199,0.352,-0.3378,0.481,192.3,0.1384,2399
crypto,XRPUSDT,15m,gate,"ema|fast50,slow200|g:vol|reversal|ls",ema,ls,reversal,vol,0.275,0.495,-0.3125,0.494,190.5,0.2425,2399
crypto,XRPUSDT,15m,headline,blend|long_only,blend,long_only,-,-,-0.273,-0.711,-0.2196,0.278,93.5,-0.1088,2399
crypto,XRPUSDT,15m,headline,blend|asym,blend,asym,-,-,-0.462,-1.253,-0.2543,0.329,124.8,-0.1778,2399
crypto,XRPUSDT,5m,entry,"ema|fast20,slow100|reversal|ls",ema,ls,reversal,-,-3.361,-5.512,-0.9838,0.127,1085.7,-0.9837,2399
crypto,XRPUSDT,5m,entry,"ema|fast50,slow200|reversal|ls",ema,ls,reversal,-,-1.605,-2.616,-0.8782,0.342,624.1,-0.8668,2399
crypto,XRPUSDT,5m,entry,"ema|fast100,slow300|reversal|ls",ema,ls,reversal,-,-0.916,-1.525,-0.6964,0.367,451.9,-0.6833,2399
crypto,XRPUSDT,5m,entry,"sma|fast50,slow200|reversal|ls",sma,ls,reversal,-,-1.6,-2.681,-0.8715,0.291,619.8,-0.8607,2399
crypto,XRPUSDT,5m,entry,tsmom|lookback30|reversal|ls,tsmom,ls,reversal,-,-15.721,-19.417,-1.0,0.0,5090.6,-1.0,2399
crypto,XRPUSDT,5m,entry,tsmom|lookback90|reversal|ls,tsmom,ls,reversal,-,-10.18,-13.957,-1.0,0.025,3224.2,-1.0,2399
crypto,XRPUSDT,5m,entry,"macd|fast12,slow26|reversal|ls",macd,ls,reversal,-,-16.461,-20.689,-1.0,0.0,4799.4,-1.0,2399
crypto,XRPUSDT,5m,entry,donchian|lookback55|reversal|ls,donchian,ls,reversal,-,-3.281,-5.319,-0.9803,0.101,750.4,-0.9802,2399
crypto,XRPUSDT,5m,entry,blend|ls,blend,ls,-,-,-4.554,-10.381,-0.9111,0.114,629.3,-0.911,2399
crypto,XRPUSDT,5m,entry,strength|ls,strength,ls,-,-,-12.228,-19.872,-0.9999,0.013,2290.9,-0.9999,2399
crypto,XRPUSDT,5m,direction,"ema|fast50,slow200|reversal|long_only",ema,long_only,reversal,-,-1.041,-2.179,-0.6331,0.329,311.2,-0.6117,2399
crypto,XRPUSDT,5m,direction,"ema|fast50,slow200|reversal|short_only",ema,short_only,reversal,-,-1.214,-2.324,-0.6542,0.38,312.8,-0.6265,2399
crypto,XRPUSDT,5m,direction,"ema|fast50,slow200|reversal|asym",ema,asym,reversal,-,-1.317,-2.405,-0.7316,0.291,405.1,-0.7128,2399
crypto,XRPUSDT,5m,exit,"ema|fast50,slow200|atr_trailing|ls",ema,ls,atr_trailing,-,-5.652,-8.572,-0.9991,0.051,1728.6,-0.9991,2399
crypto,XRPUSDT,5m,exit,"ema|fast50,slow200|channel|ls",ema,ls,channel,-,-6.84,-10.739,-0.9998,0.013,2082.6,-0.9998,2399
crypto,XRPUSDT,5m,gate,"ema|fast50,slow200|g:adx|reversal|ls",ema,ls,reversal,adx,-1.21,-1.963,-0.7996,0.43,525.7,-0.78,2399
crypto,XRPUSDT,5m,gate,"ema|fast50,slow200|g:ltf|reversal|ls",ema,ls,reversal,ltf,-1.605,-2.616,-0.8782,0.342,624.1,-0.8668,2399
crypto,XRPUSDT,5m,gate,"ema|fast50,slow200|g:vol|reversal|ls",ema,ls,reversal,vol,-1.518,-2.518,-0.8673,0.367,614.4,-0.8501,2399
crypto,XRPUSDT,5m,headline,blend|long_only,blend,long_only,-,-,-3.031,-7.595,-0.6773,0.165,307.7,-0.6766,2399
crypto,XRPUSDT,5m,headline,blend|asym,blend,asym,-,-,-3.836,-9.192,-0.779,0.152,404.2,-0.7789,2399
crypto,SOLUSDT,1d,entry,"ema|fast20,slow100|reversal|ls",ema,ls,reversal,-,0.56,0.738,-0.3555,0.507,1.6,0.5717,2147
crypto,SOLUSDT,1d,entry,"ema|fast50,slow200|reversal|ls",ema,ls,reversal,-,0.549,0.703,-0.2933,0.535,0.9,0.5544,2147
crypto,SOLUSDT,1d,entry,"ema|fast100,slow300|reversal|ls",ema,ls,reversal,-,0.21,0.269,-0.3132,0.521,0.8,0.1297,2147
crypto,SOLUSDT,1d,entry,"sma|fast50,slow200|reversal|ls",sma,ls,reversal,-,0.24,0.301,-0.4,0.451,1.1,0.1593,2147
crypto,SOLUSDT,1d,entry,tsmom|lookback30|reversal|ls,tsmom,ls,reversal,-,0.644,0.849,-0.1724,0.535,7.3,0.6998,2147
crypto,SOLUSDT,1d,entry,tsmom|lookback90|reversal|ls,tsmom,ls,reversal,-,0.412,0.535,-0.3568,0.507,6.2,0.3668,2147
crypto,SOLUSDT,1d,entry,"macd|fast12,slow26|reversal|ls",macd,ls,reversal,-,0.293,0.362,-0.3291,0.521,8.0,0.2207,2147
crypto,SOLUSDT,1d,entry,donchian|lookback55|reversal|ls,donchian,ls,reversal,-,0.07,0.091,-0.3432,0.479,1.4,-0.0097,2147
crypto,SOLUSDT,1d,entry,blend|ls,blend,ls,-,-,0.515,0.615,-0.1596,0.408,1.3,0.2715,2147
crypto,SOLUSDT,1d,entry,strength|ls,strength,ls,-,-,0.582,0.719,-0.2053,0.451,3.8,0.4098,2147
crypto,SOLUSDT,1d,direction,"ema|fast50,slow200|reversal|long_only",ema,long_only,reversal,-,0.991,1.132,-0.139,0.352,0.4,0.8193,2147
crypto,SOLUSDT,1d,direction,"ema|fast50,slow200|reversal|short_only",ema,short_only,reversal,-,-0.167,-0.133,-0.3321,0.268,0.5,-0.1456,2147
crypto,SOLUSDT,1d,direction,"ema|fast50,slow200|reversal|asym",ema,asym,reversal,-,0.891,1.229,-0.1521,0.577,0.6,0.7506,2147
crypto,SOLUSDT,1d,exit,"ema|fast50,slow200|atr_trailing|ls",ema,ls,atr_trailing,-,0.372,0.477,-0.2905,0.507,3.0,0.3138,2147
crypto,SOLUSDT,1d,exit,"ema|fast50,slow200|channel|ls",ema,ls,channel,-,0.443,0.563,-0.269,0.507,3.7,0.3999,2147
crypto,SOLUSDT,1d,gate,"ema|fast50,slow200|g:adx|reversal|ls",ema,ls,reversal,adx,0.621,0.794,-0.2439,0.549,0.9,0.6631,2147
crypto,SOLUSDT,1d,gate,"ema|fast50,slow200|g:ltf|reversal|ls",ema,ls,reversal,ltf,0.549,0.703,-0.2933,0.535,0.9,0.5544,2147
crypto,SOLUSDT,1d,gate,"ema|fast50,slow200|g:vol|reversal|ls",ema,ls,reversal,vol,0.248,0.269,-0.2933,0.366,0.8,0.1586,2147
crypto,SOLUSDT,1d,headline,blend|long_only,blend,long_only,-,-,1.081,1.168,-0.0849,0.254,0.5,0.4021,2147
crypto,SOLUSDT,1d,headline,blend|asym,blend,asym,-,-,0.94,1.293,-0.0927,0.394,0.8,0.3654,2147
crypto,SOLUSDT,4h,entry,"ema|fast20,slow100|reversal|ls",ema,ls,reversal,-,0.571,0.917,-0.2058,0.493,13.8,0.5841,2147
crypto,SOLUSDT,4h,entry,"ema|fast50,slow200|reversal|ls",ema,ls,reversal,-,0.399,0.605,-0.2719,0.507,7.9,0.3532,2147
crypto,SOLUSDT,4h,entry,"ema|fast100,slow300|reversal|ls",ema,ls,reversal,-,0.343,0.527,-0.3279,0.507,6.0,0.2836,2147
crypto,SOLUSDT,4h,entry,"sma|fast50,slow200|reversal|ls",sma,ls,reversal,-,0.929,1.347,-0.2899,0.606,8.1,1.2308,2147
crypto,SOLUSDT,4h,entry,tsmom|lookback30|reversal|ls,tsmom,ls,reversal,-,0.638,1.037,-0.2672,0.549,58.9,0.6833,2147
crypto,SOLUSDT,4h,entry,tsmom|lookback90|reversal|ls,tsmom,ls,reversal,-,0.566,0.895,-0.1993,0.521,34.2,0.5852,2147
crypto,SOLUSDT,4h,entry,"macd|fast12,slow26|reversal|ls",macd,ls,reversal,-,0.487,0.787,-0.202,0.563,60.4,0.4675,2147
crypto,SOLUSDT,4h,entry,donchian|lookback55|reversal|ls,donchian,ls,reversal,-,0.628,1.013,-0.2296,0.479,9.8,0.6749,2147
crypto,SOLUSDT,4h,entry,blend|ls,blend,ls,-,-,0.811,1.167,-0.0923,0.465,8.7,0.4821,2147
crypto,SOLUSDT,4h,entry,strength|ls,strength,ls,-,-,0.658,1.029,-0.173,0.465,27.5,0.4636,2147
crypto,SOLUSDT,4h,direction,"ema|fast50,slow200|reversal|long_only",ema,long_only,reversal,-,0.763,0.853,-0.1875,0.352,3.8,0.5819,2147
crypto,SOLUSDT,4h,direction,"ema|fast50,slow200|reversal|short_only",ema,short_only,reversal,-,-0.165,-0.177,-0.3416,0.324,4.1,-0.1441,2147
crypto,SOLUSDT,4h,direction,"ema|fast50,slow200|reversal|asym",ema,asym,reversal,-,0.676,0.955,-0.2087,0.521,5.0,0.522,2147
crypto,SOLUSDT,4h,exit,"ema|fast50,slow200|atr_trailing|ls",ema,ls,atr_trailing,-,0.4,0.619,-0.28,0.479,21.7,0.3451,2147
crypto,SOLUSDT,4h,exit,"ema|fast50,slow200|channel|ls",ema,ls,channel,-,0.242,0.381,-0.3061,0.437,29.8,0.164,2147
crypto,SOLUSDT,4h,gate,"ema|fast50,slow200|g:adx|reversal|ls",ema,ls,reversal,adx,0.573,0.872,-0.2494,0.521,7.3,0.5934,2147
crypto,SOLUSDT,4h,gate,"ema|fast50,slow200|g:ltf|reversal|ls",ema,ls,reversal,ltf,0.399,0.605,-0.2719,0.507,7.9,0.3532,2147
crypto,SOLUSDT,4h,gate,"ema|fast50,slow200|g:vol|reversal|ls",ema,ls,reversal,vol,0.409,0.604,-0.2715,0.479,7.7,0.3611,2147
crypto,SOLUSDT,4h,headline,blend|long_only,blend,long_only,-,-,1.285,1.509,-0.0641,0.394,3.8,0.5032,2147
crypto,SOLUSDT,4h,headline,blend|asym,blend,asym,-,-,1.205,1.837,-0.0589,0.507,5.3,0.5009,2147
crypto,SOLUSDT,1h,entry,"ema|fast20,slow100|reversal|ls",ema,ls,reversal,-,0.827,1.414,-0.2803,0.62,54.1,1.0347,2147
crypto,SOLUSDT,1h,entry,"ema|fast50,slow200|reversal|ls",ema,ls,reversal,-,1.03,1.759,-0.1519,0.563,31.5,1.4419,2147
crypto,SOLUSDT,1h,entry,"ema|fast100,slow300|reversal|ls",ema,ls,reversal,-,0.566,0.952,-0.1937,0.493,25.2,0.5778,2147
crypto,SOLUSDT,1h,entry,"sma|fast50,slow200|reversal|ls",sma,ls,reversal,-,0.963,1.587,-0.188,0.648,32.9,1.3048,2147
crypto,SOLUSDT,1h,entry,tsmom|lookback30|reversal|ls,tsmom,ls,reversal,-,-0.825,-1.353,-0.605,0.451,273.9,-0.5828,2147
crypto,SOLUSDT,1h,entry,tsmom|lookback90|reversal|ls,tsmom,ls,reversal,-,0.302,0.507,-0.3509,0.606,168.8,0.2343,2147
crypto,SOLUSDT,1h,entry,"macd|fast12,slow26|reversal|ls",macd,ls,reversal,-,-0.829,-1.227,-0.5989,0.366,254.4,-0.5842,2147
crypto,SOLUSDT,1h,entry,donchian|lookback55|reversal|ls,donchian,ls,reversal,-,0.345,0.596,-0.2099,0.493,41.7,0.2837,2147
crypto,SOLUSDT,1h,entry,blend|ls,blend,ls,-,-,0.824,1.702,-0.1013,0.606,35.9,0.4552,2147
crypto,SOLUSDT,1h,entry,strength|ls,strength,ls,-,-,0.406,0.804,-0.2043,0.563,118.2,0.2406,2147
crypto,SOLUSDT,1h,direction,"ema|fast50,slow200|reversal|long_only",ema,long_only,reversal,-,1.15,1.513,-0.1294,0.451,15.2,1.0314,2147
crypto,SOLUSDT,1h,direction,"ema|fast50,slow200|reversal|short_only",ema,short_only,reversal,-,0.33,0.409,-0.1676,0.437,16.3,0.205,2147
crypto,SOLUSDT,1h,direction,"ema|fast50,slow200|reversal|asym",ema,asym,reversal,-,1.199,1.867,-0.1156,0.549,20.1,1.1658,2147
crypto,SOLUSDT,1h,exit,"ema|fast50,slow200|atr_trailing|ls",ema,ls,atr_trailing,-,0.36,0.609,-0.2277,0.493,91.0,0.3016,2147
crypto,SOLUSDT,1h,exit,"ema|fast50,slow200|channel|ls",ema,ls,channel,-,0.15,0.253,-0.2826,0.437,113.1,0.0678,2147
crypto,SOLUSDT,1h,gate,"ema|fast50,slow200|g:adx|reversal|ls",ema,ls,reversal,adx,1.09,1.841,-0.165,0.606,29.3,1.6018,2147
crypto,SOLUSDT,1h,gate,"ema|fast50,slow200|g:ltf|reversal|ls",ema,ls,reversal,ltf,1.03,1.759,-0.1519,0.563,31.5,1.4419,2147
crypto,SOLUSDT,1h,gate,"ema|fast50,slow200|g:vol|reversal|ls",ema,ls,reversal,vol,0.742,1.237,-0.2134,0.521,31.0,0.863,2147
crypto,SOLUSDT,1h,headline,blend|long_only,blend,long_only,-,-,1.1,1.785,-0.0726,0.493,16.4,0.4078,2147
crypto,SOLUSDT,1h,headline,blend|asym,blend,asym,-,-,1.084,2.163,-0.0766,0.549,22.2,0.4258,2147
crypto,SOLUSDT,15m,entry,"ema|fast20,slow100|reversal|ls",ema,ls,reversal,-,0.375,0.636,-0.281,0.577,241.6,0.3236,2147
crypto,SOLUSDT,15m,entry,"ema|fast50,slow200|reversal|ls",ema,ls,reversal,-,0.869,1.507,-0.2749,0.69,134.0,1.1338,2147
crypto,SOLUSDT,15m,entry,"ema|fast100,slow300|reversal|ls",ema,ls,reversal,-,0.674,1.169,-0.2846,0.662,102.6,0.7812,2147
crypto,SOLUSDT,15m,entry,"sma|fast50,slow200|reversal|ls",sma,ls,reversal,-,0.325,0.53,-0.2534,0.563,141.1,0.2641,2147
crypto,SOLUSDT,15m,entry,tsmom|lookback30|reversal|ls,tsmom,ls,reversal,-,-4.038,-6.036,-0.9836,0.085,1209.6,-0.9833,2147
crypto,SOLUSDT,15m,entry,tsmom|lookback90|reversal|ls,tsmom,ls,reversal,-,-1.0,-1.622,-0.7554,0.465,712.5,-0.6533,2147
crypto,SOLUSDT,15m,entry,"macd|fast12,slow26|reversal|ls",macd,ls,reversal,-,-4.166,-6.498,-0.9857,0.141,1128.3,-0.985,2147
crypto,SOLUSDT,15m,entry,donchian|lookback55|reversal|ls,donchian,ls,reversal,-,0.02,0.033,-0.3678,0.535,181.1,-0.0583,2147
crypto,SOLUSDT,15m,entry,blend|ls,blend,ls,-,-,0.05,0.129,-0.1587,0.563,152.2,0.0054,2147
crypto,SOLUSDT,15m,entry,strength|ls,strength,ls,-,-,-1.617,-3.464,-0.6501,0.394,516.4,-0.631,2147
crypto,SOLUSDT,15m,direction,"ema|fast50,slow200|reversal|long_only",ema,long_only,reversal,-,0.786,1.33,-0.2192,0.592,65.5,0.6459,2147
crypto,SOLUSDT,15m,direction,"ema|fast50,slow200|reversal|short_only",ema,short_only,reversal,-,0.453,0.785,-0.1668,0.521,68.5,0.3106,2147
crypto,SOLUSDT,15m,direction,"ema|fast50,slow200|reversal|asym",ema,asym,reversal,-,0.883,1.475,-0.2318,0.62,86.1,0.7967,2147
crypto,SOLUSDT,15m,exit,"ema|fast50,slow200|atr_trailing|ls",ema,ls,atr_trailing,-,-0.842,-1.412,-0.6152,0.394,403.4,-0.5971,2147
crypto,SOLUSDT,15m,exit,"ema|fast50,slow200|channel|ls",ema,ls,channel,-,-1.176,-2.015,-0.7141,0.366,510.6,-0.7076,2147
crypto,SOLUSDT,15m,gate,"ema|fast50,slow200|g:adx|reversal|ls",ema,ls,reversal,adx,1.033,1.803,-0.1762,0.69,119.5,1.4716,2147
crypto,SOLUSDT,15m,gate,"ema|fast50,slow200|g:ltf|reversal|ls",ema,ls,reversal,ltf,0.869,1.507,-0.2749,0.69,134.0,1.1338,2147
crypto,SOLUSDT,15m,gate,"ema|fast50,slow200|g:vol|reversal|ls",ema,ls,reversal,vol,0.602,1.013,-0.3169,0.662,133.4,0.6563,2147
crypto,SOLUSDT,15m,headline,blend|long_only,blend,long_only,-,-,0.293,0.703,-0.1242,0.577,72.4,0.0873,2147
crypto,SOLUSDT,15m,headline,blend|asym,blend,asym,-,-,0.221,0.56,-0.1303,0.535,96.4,0.0655,2147
crypto,SOLUSDT,5m,entry,"ema|fast20,slow100|reversal|ls",ema,ls,reversal,-,-1.946,-3.11,-0.8715,0.282,793.7,-0.8526,2147
crypto,SOLUSDT,5m,entry,"ema|fast50,slow200|reversal|ls",ema,ls,reversal,-,-0.276,-0.46,-0.4243,0.451,441.1,-0.2877,2147
crypto,SOLUSDT,5m,entry,"ema|fast100,slow300|reversal|ls",ema,ls,reversal,-,0.076,0.13,-0.3055,0.549,326.1,-0.0046,2147
crypto,SOLUSDT,5m,entry,"sma|fast50,slow200|reversal|ls",sma,ls,reversal,-,-0.856,-1.357,-0.6182,0.352,446.6,-0.5983,2147
crypto,SOLUSDT,5m,entry,tsmom|lookback30|reversal|ls,tsmom,ls,reversal,-,-12.674,-16.512,-1.0,0.014,3886.8,-1.0,2147
crypto,SOLUSDT,5m,entry,tsmom|lookback90|reversal|ls,tsmom,ls,reversal,-,-7.468,-10.424,-0.9998,0.042,2351.8,-0.9998,2147
crypto,SOLUSDT,5m,entry,"macd|fast12,slow26|reversal|ls",macd,ls,reversal,-,-13.398,-18.313,-1.0,0.028,3610.1,-1.0,2147
crypto,SOLUSDT,5m,entry,donchian|lookback55|reversal|ls,donchian,ls,reversal,-,-1.962,-3.116,-0.8704,0.254,584.9,-0.8555,2147
crypto,SOLUSDT,5m,entry,blend|ls,blend,ls,-,-,-2.544,-5.667,-0.7185,0.183,482.8,-0.6859,2147
crypto,SOLUSDT,5m,entry,strength|ls,strength,ls,-,-,-9.004,-15.142,-0.9968,0.028,1683.0,-0.9968,2147
crypto,SOLUSDT,5m,direction,"ema|fast50,slow200|reversal|long_only",ema,long_only,reversal,-,-0.083,-0.18,-0.2953,0.465,218.3,-0.0907,2147
crypto,SOLUSDT,5m,direction,"ema|fast50,slow200|reversal|short_only",ema,short_only,reversal,-,-0.243,-0.495,-0.3343,0.465,222.8,-0.1842,2147
crypto,SOLUSDT,5m,direction,"ema|fast50,slow200|reversal|asym",ema,asym,reversal,-,-0.161,-0.304,-0.3277,0.451,285.1,-0.1438,2147
crypto,SOLUSDT,5m,exit,"ema|fast50,slow200|atr_trailing|ls",ema,ls,atr_trailing,-,-4.043,-6.27,-0.9846,0.099,1333.4,-0.9841,2147
crypto,SOLUSDT,5m,exit,"ema|fast50,slow200|channel|ls",ema,ls,channel,-,-5.69,-8.748,-0.9971,0.07,1719.6,-0.9971,2147
crypto,SOLUSDT,5m,gate,"ema|fast50,slow200|g:adx|reversal|ls",ema,ls,reversal,adx,-0.336,-0.556,-0.424,0.493,385.3,-0.3312,2147
crypto,SOLUSDT,5m,gate,"ema|fast50,slow200|g:ltf|reversal|ls",ema,ls,reversal,ltf,-0.276,-0.46,-0.4243,0.451,441.1,-0.2877,2147
crypto,SOLUSDT,5m,gate,"ema|fast50,slow200|g:vol|reversal|ls",ema,ls,reversal,vol,-0.312,-0.508,-0.459,0.479,431.0,-0.3145,2147
crypto,SOLUSDT,5m,headline,blend|long_only,blend,long_only,-,-,-1.487,-3.795,-0.455,0.282,235.3,-0.3825,2147
crypto,SOLUSDT,5m,headline,blend|asym,blend,asym,-,-,-2.015,-4.79,-0.5457,0.254,309.5,-0.4934,2147
crypto,TRXUSDT,1d,entry,"ema|fast20,slow100|reversal|ls",ema,ls,reversal,-,0.367,0.607,-0.328,0.531,3.6,0.547,2973
crypto,TRXUSDT,1d,entry,"ema|fast50,slow200|reversal|ls",ema,ls,reversal,-,0.42,0.694,-0.3024,0.52,2.0,0.6818,2973
crypto,TRXUSDT,1d,entry,"ema|fast100,slow300|reversal|ls",ema,ls,reversal,-,0.508,0.824,-0.3104,0.551,1.1,0.9326,2973
crypto,TRXUSDT,1d,entry,"sma|fast50,slow200|reversal|ls",sma,ls,reversal,-,0.287,0.461,-0.3849,0.48,1.8,0.3614,2973
crypto,TRXUSDT,1d,entry,tsmom|lookback30|reversal|ls,tsmom,ls,reversal,-,0.09,0.152,-0.4262,0.459,15.8,-0.0001,2973
crypto,TRXUSDT,1d,entry,tsmom|lookback90|reversal|ls,tsmom,ls,reversal,-,0.374,0.625,-0.4187,0.541,10.5,0.5637,2973
crypto,TRXUSDT,1d,entry,"macd|fast12,slow26|reversal|ls",macd,ls,reversal,-,-0.14,-0.133,-0.5996,0.48,16.3,-0.324,2973
crypto,TRXUSDT,1d,entry,donchian|lookback55|reversal|ls,donchian,ls,reversal,-,0.415,0.686,-0.3006,0.5,2.3,0.6689,2973
crypto,TRXUSDT,1d,entry,blend|ls,blend,ls,-,-,0.398,0.691,-0.153,0.459,2.1,0.3935,2973
crypto,TRXUSDT,1d,entry,strength|ls,strength,ls,-,-,0.426,0.707,-0.1529,0.418,7.0,0.5393,2973
crypto,TRXUSDT,1d,direction,"ema|fast50,slow200|reversal|long_only",ema,long_only,reversal,-,0.773,1.107,-0.168,0.439,1.2,1.6383,2973
crypto,TRXUSDT,1d,direction,"ema|fast50,slow200|reversal|short_only",ema,short_only,reversal,-,-0.572,-0.453,-0.4143,0.143,0.8,-0.3621,2973
crypto,TRXUSDT,1d,direction,"ema|fast50,slow200|reversal|asym",ema,asym,reversal,-,0.675,1.149,-0.2087,0.551,1.4,1.3209,2973
crypto,TRXUSDT,1d,exit,"ema|fast50,slow200|atr_trailing|ls",ema,ls,atr_trailing,-,0.462,0.766,-0.2768,0.51,5.9,0.7925,2973
crypto,TRXUSDT,1d,exit,"ema|fast50,slow200|channel|ls",ema,ls,channel,-,0.424,0.7,-0.2637,0.561,6.3,0.6854,2973
crypto,TRXUSDT,1d,gate,"ema|fast50,slow200|g:adx|reversal|ls",ema,ls,reversal,adx,0.324,0.519,-0.4283,0.51,1.8,0.4454,2973
crypto,TRXUSDT,1d,gate,"ema|fast50,slow200|g:ltf|reversal|ls",ema,ls,reversal,ltf,0.42,0.694,-0.3024,0.52,2.0,0.6818,2973
crypto,TRXUSDT,1d,gate,"ema|fast50,slow200|g:vol|reversal|ls",ema,ls,reversal,vol,0.562,0.887,-0.3024,0.439,1.7,1.0362,2973
crypto,TRXUSDT,1d,headline,blend|long_only,blend,long_only,-,-,0.605,0.916,-0.0856,0.398,1.4,0.663,2973
crypto,TRXUSDT,1d,headline,blend|asym,blend,asym,-,-,0.547,1.002,-0.0875,0.459,1.6,0.579,2973
crypto,TRXUSDT,4h,entry,"ema|fast20,slow100|reversal|ls",ema,ls,reversal,-,0.386,0.616,-0.342,0.551,25.8,0.5436,2973
crypto,TRXUSDT,4h,entry,"ema|fast50,slow200|reversal|ls",ema,ls,reversal,-,0.363,0.546,-0.4739,0.571,15.5,0.4934,2973
crypto,TRXUSDT,4h,entry,"ema|fast100,slow300|reversal|ls",ema,ls,reversal,-,0.307,0.455,-0.3667,0.541,11.1,0.3744,2973
crypto,TRXUSDT,4h,entry,"sma|fast50,slow200|reversal|ls",sma,ls,reversal,-,0.383,0.587,-0.3369,0.51,14.2,0.5326,2973
crypto,TRXUSDT,4h,entry,tsmom|lookback30|reversal|ls,tsmom,ls,reversal,-,-0.287,-0.452,-0.5676,0.398,113.5,-0.4265,2973
crypto,TRXUSDT,4h,entry,tsmom|lookback90|reversal|ls,tsmom,ls,reversal,-,0.453,0.713,-0.2662,0.592,74.2,0.6995,2973
crypto,TRXUSDT,4h,entry,"macd|fast12,slow26|reversal|ls",macd,ls,reversal,-,-0.423,-0.664,-0.649,0.418,117.5,-0.5196,2973
crypto,TRXUSDT,4h,entry,donchian|lookback55|reversal|ls,donchian,ls,reversal,-,0.21,0.327,-0.3689,0.531,18.6,0.1929,2973
crypto,TRXUSDT,4h,entry,blend|ls,blend,ls,-,-,0.424,0.66,-0.1719,0.48,15.9,0.3452,2973
crypto,TRXUSDT,4h,entry,strength|ls,strength,ls,-,-,0.326,0.525,-0.2289,0.469,51.3,0.2992,2973
crypto,TRXUSDT,4h,direction,"ema|fast50,slow200|reversal|long_only",ema,long_only,reversal,-,0.841,1.007,-0.2883,0.48,8.6,1.4399,2973
crypto,TRXUSDT,4h,direction,"ema|fast50,slow200|reversal|short_only",ema,short_only,reversal,-,-0.498,-0.494,-0.4773,0.276,6.9,-0.3848,2973
crypto,TRXUSDT,4h,direction,"ema|fast50,slow200|reversal|asym",ema,asym,reversal,-,0.707,1.022,-0.3343,0.622,10.7,1.128,2973
crypto,TRXUSDT,4h,exit,"ema|fast50,slow200|atr_trailing|ls",ema,ls,atr_trailing,-,0.133,0.2,-0.4343,0.49,44.7,0.0673,2973
crypto,TRXUSDT,4h,exit,"ema|fast50,slow200|channel|ls",ema,ls,channel,-,0.238,0.368,-0.4447,0.49,51.0,0.2431,2973
crypto,TRXUSDT,4h,gate,"ema|fast50,slow200|g:adx|reversal|ls",ema,ls,reversal,adx,0.43,0.647,-0.2727,0.561,13.3,0.6444,2973
crypto,TRXUSDT,4h,gate,"ema|fast50,slow200|g:ltf|reversal|ls",ema,ls,reversal,ltf,0.363,0.546,-0.4739,0.571,15.5,0.4934,2973
crypto,TRXUSDT,4h,gate,"ema|fast50,slow200|g:vol|reversal|ls",ema,ls,reversal,vol,0.358,0.531,-0.4423,0.541,15.3,0.4782,2973
crypto,TRXUSDT,4h,headline,blend|long_only,blend,long_only,-,-,0.746,0.913,-0.1037,0.418,9.6,0.559,2973
crypto,TRXUSDT,4h,headline,blend|asym,blend,asym,-,-,0.665,1.018,-0.1243,0.449,11.5,0.4959,2973
crypto,TRXUSDT,1h,entry,"ema|fast20,slow100|reversal|ls",ema,ls,reversal,-,0.158,0.268,-0.4249,0.557,122.7,0.0845,2390
crypto,TRXUSDT,1h,entry,"ema|fast50,slow200|reversal|ls",ema,ls,reversal,-,-0.262,-0.421,-0.523,0.468,78.1,-0.3443,2390
crypto,TRXUSDT,1h,entry,"ema|fast100,slow300|reversal|ls",ema,ls,reversal,-,0.261,0.417,-0.3261,0.57,57.3,0.2243,2390
crypto,TRXUSDT,1h,entry,"sma|fast50,slow200|reversal|ls",sma,ls,reversal,-,0.163,0.27,-0.4127,0.557,74.2,0.091,2390
crypto,TRXUSDT,1h,entry,tsmom|lookback30|reversal|ls,tsmom,ls,reversal,-,-2.003,-3.38,-0.9287,0.329,588.2,-0.9201,2390
crypto,TRXUSDT,1h,entry,tsmom|lookback90|reversal|ls,tsmom,ls,reversal,-,-0.594,-1.008,-0.6616,0.443,338.9,-0.5581,2390
crypto,TRXUSDT,1h,entry,"macd|fast12,slow26|reversal|ls",macd,ls,reversal,-,-1.444,-2.249,-0.8442,0.304,554.6,-0.8367,2390
crypto,TRXUSDT,1h,entry,donchian|lookback55|reversal|ls,donchian,ls,reversal,-,0.153,0.247,-0.4494,0.519,92.0,0.0776,2390
crypto,TRXUSDT,1h,entry,blend|ls,blend,ls,-,-,0.055,0.118,-0.2423,0.456,81.1,0.0046,2390
crypto,TRXUSDT,1h,entry,strength|ls,strength,ls,-,-,-0.865,-1.73,-0.5502,0.43,254.1,-0.5172,2390
crypto,TRXUSDT,1h,direction,"ema|fast50,slow200|reversal|long_only",ema,long_only,reversal,-,0.6,0.802,-0.27,0.506,43.1,0.6283,2390
crypto,TRXUSDT,1h,direction,"ema|fast50,slow200|reversal|short_only",ema,short_only,reversal,-,-1.141,-1.362,-0.6274,0.354,35.0,-0.5907,2390
crypto,TRXUSDT,1h,direction,"ema|fast50,slow200|reversal|asym",ema,asym,reversal,-,0.308,0.466,-0.3177,0.481,53.6,0.2515,2390
crypto,TRXUSDT,1h,exit,"ema|fast50,slow200|atr_trailing|ls",ema,ls,atr_trailing,-,-0.396,-0.608,-0.5478,0.468,214.3,-0.4463,2390
crypto,TRXUSDT,1h,exit,"ema|fast50,slow200|channel|ls",ema,ls,channel,-,-0.717,-1.068,-0.7021,0.468,278.7,-0.6294,2390
crypto,TRXUSDT,1h,gate,"ema|fast50,slow200|g:adx|reversal|ls",ema,ls,reversal,adx,-0.048,-0.077,-0.4251,0.494,69.1,-0.151,2390
crypto,TRXUSDT,1h,gate,"ema|fast50,slow200|g:ltf|reversal|ls",ema,ls,reversal,ltf,-0.262,-0.421,-0.523,0.468,78.1,-0.3443,2390
crypto,TRXUSDT,1h,gate,"ema|fast50,slow200|g:vol|reversal|ls",ema,ls,reversal,vol,-0.158,-0.254,-0.4525,0.443,76.6,-0.2544,2390
crypto,TRXUSDT,1h,headline,blend|long_only,blend,long_only,-,-,0.49,0.825,-0.1467,0.418,49.1,0.2553,2390
crypto,TRXUSDT,1h,headline,blend|asym,blend,asym,-,-,0.356,0.705,-0.1741,0.456,58.7,0.1777,2390
crypto,TRXUSDT,15m,entry,"ema|fast20,slow100|reversal|ls",ema,ls,reversal,-,-1.373,-2.235,-0.8563,0.38,539.2,-0.8315,2390
crypto,TRXUSDT,15m,entry,"ema|fast50,slow200|reversal|ls",ema,ls,reversal,-,-0.514,-0.854,-0.6579,0.468,306.1,-0.5191,2390
crypto,TRXUSDT,15m,entry,"ema|fast100,slow300|reversal|ls",ema,ls,reversal,-,-0.118,-0.201,-0.4211,0.506,226.7,-0.2193,2390
crypto,TRXUSDT,15m,entry,"sma|fast50,slow200|reversal|ls",sma,ls,reversal,-,-0.437,-0.736,-0.5836,0.43,320.6,-0.4639,2390
crypto,TRXUSDT,15m,entry,tsmom|lookback30|reversal|ls,tsmom,ls,reversal,-,-8.012,-11.481,-1.0,0.038,2502.1,-1.0,2390
crypto,TRXUSDT,15m,entry,tsmom|lookback90|reversal|ls,tsmom,ls,reversal,-,-4.362,-6.465,-0.9978,0.177,1474.0,-0.9977,2390
crypto,TRXUSDT,15m,entry,"macd|fast12,slow26|reversal|ls",macd,ls,reversal,-,-8.884,-12.438,-1.0,0.013,2507.7,-1.0,2390
crypto,TRXUSDT,15m,entry,donchian|lookback55|reversal|ls,donchian,ls,reversal,-,-0.838,-1.306,-0.7394,0.405,395.9,-0.6771,2390
crypto,TRXUSDT,15m,entry,blend|ls,blend,ls,-,-,-1.009,-2.547,-0.5012,0.38,338.3,-0.4759,2390
crypto,TRXUSDT,15m,entry,strength|ls,strength,ls,-,-,-4.144,-8.489,-0.9697,0.177,1083.4,-0.9685,2390
crypto,TRXUSDT,15m,direction,"ema|fast50,slow200|reversal|long_only",ema,long_only,reversal,-,0.425,0.684,-0.2765,0.494,163.0,0.3782,2390
crypto,TRXUSDT,15m,direction,"ema|fast50,slow200|reversal|short_only",ema,short_only,reversal,-,-1.211,-2.115,-0.656,0.329,143.1,-0.6274,2390
crypto,TRXUSDT,15m,direction,"ema|fast50,slow200|reversal|asym",ema,asym,reversal,-,0.093,0.149,-0.3283,0.494,205.9,0.0202,2390
crypto,TRXUSDT,15m,exit,"ema|fast50,slow200|atr_trailing|ls",ema,ls,atr_trailing,-,-2.5,-4.081,-0.961,0.291,933.4,-0.9588,2390
crypto,TRXUSDT,15m,exit,"ema|fast50,slow200|channel|ls",ema,ls,channel,-,-3.398,-5.428,-0.9885,0.203,1183.3,-0.988,2390
crypto,TRXUSDT,15m,gate,"ema|fast50,slow200|g:adx|reversal|ls",ema,ls,reversal,adx,-0.355,-0.577,-0.5643,0.494,269.9,-0.4151,2390
crypto,TRXUSDT,15m,gate,"ema|fast50,slow200|g:ltf|reversal|ls",ema,ls,reversal,ltf,-0.514,-0.854,-0.6579,0.468,306.1,-0.5191,2390
crypto,TRXUSDT,15m,gate,"ema|fast50,slow200|g:vol|reversal|ls",ema,ls,reversal,vol,-0.416,-0.718,-0.6192,0.494,300.6,-0.4541,2390
crypto,TRXUSDT,15m,headline,blend|long_only,blend,long_only,-,-,-0.353,-0.823,-0.2093,0.38,192.3,-0.1552,2390
crypto,TRXUSDT,15m,headline,blend|asym,blend,asym,-,-,-0.636,-1.555,-0.2826,0.367,236.1,-0.2637,2390
crypto,TRXUSDT,5m,entry,"ema|fast20,slow100|reversal|ls",ema,ls,reversal,-,-4.766,-7.24,-0.9982,0.089,1639.1,-0.9982,2390
crypto,TRXUSDT,5m,entry,"ema|fast50,slow200|reversal|ls",ema,ls,reversal,-,-2.845,-4.566,-0.9751,0.228,967.4,-0.974,2390
crypto,TRXUSDT,5m,entry,"ema|fast100,slow300|reversal|ls",ema,ls,reversal,-,-2.688,-4.329,-0.9666,0.253,742.1,-0.966,2390
crypto,TRXUSDT,5m,entry,"sma|fast50,slow200|reversal|ls",sma,ls,reversal,-,-2.983,-4.83,-0.978,0.203,970.8,-0.9766,2390
crypto,TRXUSDT,5m,entry,tsmom|lookback30|reversal|ls,tsmom,ls,reversal,-,-19.078,-21.831,-1.0,0.0,8039.5,-1.0,2390
crypto,TRXUSDT,5m,entry,tsmom|lookback90|reversal|ls,tsmom,ls,reversal,-,-12.271,-15.283,-1.0,0.038,4690.6,-1.0,2390
crypto,TRXUSDT,5m,entry,"macd|fast12,slow26|reversal|ls",macd,ls,reversal,-,-20.16,-22.891,-1.0,0.0,7911.0,-1.0,2390
crypto,TRXUSDT,5m,entry,donchian|lookback55|reversal|ls,donchian,ls,reversal,-,-3.427,-5.247,-0.9857,0.152,1226.2,-0.9856,2390
crypto,TRXUSDT,5m,entry,blend|ls,blend,ls,-,-,-5.157,-10.596,-0.9621,0.127,1062.1,-0.9622,2390
crypto,TRXUSDT,5m,entry,strength|ls,strength,ls,-,-,-13.849,-20.259,-1.0,0.013,3469.9,-1.0,2390
crypto,TRXUSDT,5m,direction,"ema|fast50,slow200|reversal|long_only",ema,long_only,reversal,-,-1.311,-2.601,-0.7213,0.291,510.1,-0.6943,2390
crypto,TRXUSDT,5m,direction,"ema|fast50,slow200|reversal|short_only",ema,short_only,reversal,-,-2.665,-5.059,-0.8999,0.278,457.3,-0.8934,2390
crypto,TRXUSDT,5m,direction,"ema|fast50,slow200|reversal|asym",ema,asym,reversal,-,-1.999,-3.515,-0.8523,0.278,647.3,-0.8493,2390
crypto,TRXUSDT,5m,exit,"ema|fast50,slow200|atr_trailing|ls",ema,ls,atr_trailing,-,-10.488,-14.447,-1.0,0.025,3210.1,-1.0,2390
crypto,TRXUSDT,5m,exit,"ema|fast50,slow200|channel|ls",ema,ls,channel,-,-11.368,-15.277,-1.0,0.013,3753.0,-1.0,2390
crypto,TRXUSDT,5m,gate,"ema|fast50,slow200|g:adx|reversal|ls",ema,ls,reversal,adx,-2.486,-3.993,-0.9581,0.215,852.1,-0.9581,2390
crypto,TRXUSDT,5m,gate,"ema|fast50,slow200|g:ltf|reversal|ls",ema,ls,reversal,ltf,-2.845,-4.566,-0.9751,0.228,967.4,-0.974,2390
crypto,TRXUSDT,5m,gate,"ema|fast50,slow200|g:vol|reversal|ls",ema,ls,reversal,vol,-2.835,-4.533,-0.9746,0.253,948.5,-0.9736,2390
crypto,TRXUSDT,5m,headline,blend|long_only,blend,long_only,-,-,-4.435,-9.135,-0.8447,0.127,592.9,-0.8447,2390
crypto,TRXUSDT,5m,headline,blend|asym,blend,asym,-,-,-5.039,-10.072,-0.8969,0.114,733.6,-0.8969,2390
crypto,DOGEUSDT,1d,entry,"ema|fast20,slow100|reversal|ls",ema,ls,reversal,-,0.244,0.292,-0.3635,0.435,2.0,0.2323,2584
crypto,DOGEUSDT,1d,entry,"ema|fast50,slow200|reversal|ls",ema,ls,reversal,-,0.199,0.232,-0.3688,0.447,1.3,0.1526,2584
crypto,DOGEUSDT,1d,entry,"ema|fast100,slow300|reversal|ls",ema,ls,reversal,-,0.206,0.245,-0.3454,0.482,1.0,0.1643,2584
crypto,DOGEUSDT,1d,entry,"sma|fast50,slow200|reversal|ls",sma,ls,reversal,-,0.416,0.614,-0.2735,0.447,1.1,0.5468,2584
crypto,DOGEUSDT,1d,entry,tsmom|lookback30|reversal|ls,tsmom,ls,reversal,-,0.683,0.857,-0.2868,0.482,8.4,1.3585,2584
crypto,DOGEUSDT,1d,entry,tsmom|lookback90|reversal|ls,tsmom,ls,reversal,-,0.31,0.381,-0.4193,0.459,6.4,0.3592,2584
crypto,DOGEUSDT,1d,entry,"macd|fast12,slow26|reversal|ls",macd,ls,reversal,-,0.288,0.311,-0.3356,0.541,7.8,0.304,2584
crypto,DOGEUSDT,1d,entry,donchian|lookback55|reversal|ls,donchian,ls,reversal,-,0.085,0.105,-0.3564,0.447,1.7,-0.0253,2584
crypto,DOGEUSDT,1d,entry,blend|ls,blend,ls,-,-,0.096,0.089,-0.2206,0.4,1.3,0.0307,2584
crypto,DOGEUSDT,1d,entry,strength|ls,strength,ls,-,-,0.283,0.402,-0.2717,0.459,4.2,0.2612,2584
crypto,DOGEUSDT,1d,direction,"ema|fast50,slow200|reversal|long_only",ema,long_only,reversal,-,0.613,0.922,-0.1502,0.212,0.5,0.7937,2584
crypto,DOGEUSDT,1d,direction,"ema|fast50,slow200|reversal|short_only",ema,short_only,reversal,-,-0.36,-0.238,-0.5097,0.318,0.8,-0.3571,2584
crypto,DOGEUSDT,1d,direction,"ema|fast50,slow200|reversal|asym",ema,asym,reversal,-,0.492,0.898,-0.1819,0.471,0.8,0.5979,2584
crypto,DOGEUSDT,1d,exit,"ema|fast50,slow200|atr_trailing|ls",ema,ls,atr_trailing,-,0.246,0.291,-0.3477,0.506,2.8,0.2343,2584
crypto,DOGEUSDT,1d,exit,"ema|fast50,slow200|channel|ls",ema,ls,channel,-,0.214,0.255,-0.3423,0.494,3.4,0.1794,2584
crypto,DOGEUSDT,1d,gate,"ema|fast50,slow200|g:adx|reversal|ls",ema,ls,reversal,adx,0.18,0.21,-0.3688,0.435,1.2,0.1208,2584
crypto,DOGEUSDT,1d,gate,"ema|fast50,slow200|g:ltf|reversal|ls",ema,ls,reversal,ltf,0.199,0.232,-0.3688,0.447,1.3,0.1526,2584
crypto,DOGEUSDT,1d,gate,"ema|fast50,slow200|g:vol|reversal|ls",ema,ls,reversal,vol,0.06,0.065,-0.309,0.329,1.0,-0.0056,2584
crypto,DOGEUSDT,1d,headline,blend|long_only,blend,long_only,-,-,0.677,0.946,-0.0707,0.224,0.4,0.3531,2584
crypto,DOGEUSDT,1d,headline,blend|asym,blend,asym,-,-,0.486,0.737,-0.0833,0.412,0.7,0.2556,2584
crypto,DOGEUSDT,4h,entry,"ema|fast20,slow100|reversal|ls",ema,ls,reversal,-,0.299,0.272,-0.462,0.612,12.7,0.3048,2584
crypto,DOGEUSDT,4h,entry,"ema|fast50,slow200|reversal|ls",ema,ls,reversal,-,0.502,0.505,-0.3418,0.553,7.4,0.7894,2584
crypto,DOGEUSDT,4h,entry,"ema|fast100,slow300|reversal|ls",ema,ls,reversal,-,0.312,0.309,-0.4327,0.541,6.0,0.3426,2584
crypto,DOGEUSDT,4h,entry,"sma|fast50,slow200|reversal|ls",sma,ls,reversal,-,0.363,0.365,-0.3842,0.553,8.4,0.4515,2584
crypto,DOGEUSDT,4h,entry,tsmom|lookback30|reversal|ls,tsmom,ls,reversal,-,0.074,0.07,-0.5073,0.541,74.1,-0.0823,2584
crypto,DOGEUSDT,4h,entry,tsmom|lookback90|reversal|ls,tsmom,ls,reversal,-,0.299,0.273,-0.5508,0.588,44.1,0.3064,2584
crypto,DOGEUSDT,4h,entry,"macd|fast12,slow26|reversal|ls",macd,ls,reversal,-,-0.01,-0.009,-0.5047,0.424,68.5,-0.2003,2584
crypto,DOGEUSDT,4h,entry,donchian|lookback55|reversal|ls,donchian,ls,reversal,-,0.198,0.187,-0.5589,0.541,10.0,0.1111,2584
crypto,DOGEUSDT,4h,entry,blend|ls,blend,ls,-,-,0.399,0.4,-0.1914,0.494,8.9,0.3016,2584
crypto,DOGEUSDT,4h,entry,strength|ls,strength,ls,-,-,0.46,0.475,-0.2619,0.518,31.0,0.4676,2584
crypto,DOGEUSDT,4h,direction,"ema|fast50,slow200|reversal|long_only",ema,long_only,reversal,-,0.911,1.126,-0.1708,0.318,3.1,1.1449,2584
crypto,DOGEUSDT,4h,direction,"ema|fast50,slow200|reversal|short_only",ema,short_only,reversal,-,-0.048,-0.032,-0.3746,0.424,4.3,-0.1622,2584
crypto,DOGEUSDT,4h,direction,"ema|fast50,slow200|reversal|asym",ema,asym,reversal,-,0.828,1.18,-0.1697,0.588,4.4,1.0907,2584
crypto,DOGEUSDT,4h,exit,"ema|fast50,slow200|atr_trailing|ls",ema,ls,atr_trailing,-,0.32,0.319,-0.4082,0.494,22.1,0.357,2584
crypto,DOGEUSDT,4h,exit,"ema|fast50,slow200|channel|ls",ema,ls,channel,-,0.261,0.262,-0.4129,0.494,23.8,0.2416,2584
crypto,DOGEUSDT,4h,gate,"ema|fast50,slow200|g:adx|reversal|ls",ema,ls,reversal,adx,0.369,0.372,-0.3451,0.529,7.1,0.4631,2584
crypto,DOGEUSDT,4h,gate,"ema|fast50,slow200|g:ltf|reversal|ls",ema,ls,reversal,ltf,0.502,0.505,-0.3418,0.553,7.4,0.7894,2584
crypto,DOGEUSDT,4h,gate,"ema|fast50,slow200|g:vol|reversal|ls",ema,ls,reversal,vol,0.517,0.513,-0.3346,0.518,7.2,0.8238,2584
crypto,DOGEUSDT,4h,headline,blend|long_only,blend,long_only,-,-,1.022,1.228,-0.07,0.271,3.1,0.5164,2584
crypto,DOGEUSDT,4h,headline,blend|asym,blend,asym,-,-,0.849,1.18,-0.0777,0.494,4.9,0.4591,2584
crypto,DOGEUSDT,1h,entry,"ema|fast20,slow100|reversal|ls",ema,ls,reversal,-,0.741,1.163,-0.2865,0.616,69.0,1.0047,2213
crypto,DOGEUSDT,1h,entry,"ema|fast50,slow200|reversal|ls",ema,ls,reversal,-,0.943,1.522,-0.194,0.658,38.8,1.4263,2213
crypto,DOGEUSDT,1h,entry,"ema|fast100,slow300|reversal|ls",ema,ls,reversal,-,0.762,1.137,-0.1879,0.589,28.7,1.0267,2213
crypto,DOGEUSDT,1h,entry,"sma|fast50,slow200|reversal|ls",sma,ls,reversal,-,1.109,1.75,-0.1897,0.616,40.7,1.8884,2213
crypto,DOGEUSDT,1h,entry,tsmom|lookback30|reversal|ls,tsmom,ls,reversal,-,-0.9,-1.424,-0.6763,0.37,341.8,-0.6604,2213
crypto,DOGEUSDT,1h,entry,tsmom|lookback90|reversal|ls,tsmom,ls,reversal,-,-0.213,-0.34,-0.4099,0.493,215.1,-0.2763,2213
crypto,DOGEUSDT,1h,entry,"macd|fast12,slow26|reversal|ls",macd,ls,reversal,-,-0.563,-0.865,-0.6607,0.411,304.1,-0.5056,2213
crypto,DOGEUSDT,1h,entry,donchian|lookback55|reversal|ls,donchian,ls,reversal,-,0.269,0.392,-0.3412,0.548,47.4,0.2136,2213
crypto,DOGEUSDT,1h,entry,blend|ls,blend,ls,-,-,0.789,1.405,-0.1053,0.548,40.0,0.5132,2213
crypto,DOGEUSDT,1h,entry,strength|ls,strength,ls,-,-,0.176,0.339,-0.2101,0.534,146.6,0.0858,2213
crypto,DOGEUSDT,1h,direction,"ema|fast50,slow200|reversal|long_only",ema,long_only,reversal,-,0.991,1.464,-0.1425,0.534,17.1,0.884,2213
crypto,DOGEUSDT,1h,direction,"ema|fast50,slow200|reversal|short_only",ema,short_only,reversal,-,0.389,0.428,-0.1791,0.534,21.7,0.2971,2213
crypto,DOGEUSDT,1h,direction,"ema|fast50,slow200|reversal|asym",ema,asym,reversal,-,1.076,1.838,-0.1349,0.63,23.6,1.0582,2213
crypto,DOGEUSDT,1h,exit,"ema|fast50,slow200|atr_trailing|ls",ema,ls,atr_trailing,-,0.368,0.54,-0.2479,0.575,100.4,0.3433,2213
crypto,DOGEUSDT,1h,exit,"ema|fast50,slow200|channel|ls",ema,ls,channel,-,0.395,0.573,-0.2967,0.562,114.6,0.387,2213
crypto,DOGEUSDT,1h,gate,"ema|fast50,slow200|g:adx|reversal|ls",ema,ls,reversal,adx,0.994,1.592,-0.2064,0.644,33.7,1.574,2213
crypto,DOGEUSDT,1h,gate,"ema|fast50,slow200|g:ltf|reversal|ls",ema,ls,reversal,ltf,0.943,1.522,-0.194,0.658,38.8,1.4263,2213
crypto,DOGEUSDT,1h,gate,"ema|fast50,slow200|g:vol|reversal|ls",ema,ls,reversal,vol,1.025,1.539,-0.194,0.658,38.2,1.6813,2213
crypto,DOGEUSDT,1h,headline,blend|long_only,blend,long_only,-,-,1.201,2.295,-0.0882,0.425,16.0,0.5491,2213
crypto,DOGEUSDT,1h,headline,blend|asym,blend,asym,-,-,1.144,2.621,-0.0823,0.521,23.2,0.544,2213
crypto,DOGEUSDT,15m,entry,"ema|fast20,slow100|reversal|ls",ema,ls,reversal,-,-0.253,-0.422,-0.4341,0.452,298.9,-0.3046,2213
crypto,DOGEUSDT,15m,entry,"ema|fast50,slow200|reversal|ls",ema,ls,reversal,-,0.345,0.582,-0.3976,0.575,170.8,0.313,2213
crypto,DOGEUSDT,15m,entry,"ema|fast100,slow300|reversal|ls",ema,ls,reversal,-,0.709,1.17,-0.3217,0.63,123.9,0.9082,2213
crypto,DOGEUSDT,15m,entry,"sma|fast50,slow200|reversal|ls",sma,ls,reversal,-,0.411,0.704,-0.3265,0.479,174.0,0.404,2213
crypto,DOGEUSDT,15m,entry,tsmom|lookback30|reversal|ls,tsmom,ls,reversal,-,-6.352,-9.466,-0.9995,0.082,1533.0,-0.9995,2213
crypto,DOGEUSDT,15m,entry,tsmom|lookback90|reversal|ls,tsmom,ls,reversal,-,-2.699,-4.224,-0.9604,0.288,906.5,-0.9591,2213
crypto,DOGEUSDT,15m,entry,"macd|fast12,slow26|reversal|ls",macd,ls,reversal,-,-7.085,-10.059,-0.9996,0.055,1352.9,-0.9996,2213
crypto,DOGEUSDT,15m,entry,donchian|lookback55|reversal|ls,donchian,ls,reversal,-,-0.013,-0.022,-0.3834,0.493,203.2,-0.0992,2213
crypto,DOGEUSDT,15m,entry,blend|ls,blend,ls,-,-,-0.341,-0.896,-0.2552,0.438,169.2,-0.1769,2213
crypto,DOGEUSDT,15m,entry,strength|ls,strength,ls,-,-,-2.789,-6.052,-0.8545,0.219,626.5,-0.8532,2213
crypto,DOGEUSDT,15m,direction,"ema|fast50,slow200|reversal|long_only",ema,long_only,reversal,-,0.216,0.398,-0.2679,0.452,81.5,0.1184,2213
crypto,DOGEUSDT,15m,direction,"ema|fast50,slow200|reversal|short_only",ema,short_only,reversal,-,0.318,0.492,-0.2903,0.507,89.2,0.216,2213
crypto,DOGEUSDT,15m,direction,"ema|fast50,slow200|reversal|asym",ema,asym,reversal,-,0.294,0.514,-0.2601,0.466,108.3,0.1903,2213
crypto,DOGEUSDT,15m,exit,"ema|fast50,slow200|atr_trailing|ls",ema,ls,atr_trailing,-,-1.111,-1.83,-0.7295,0.384,449.6,-0.721,2213
crypto,DOGEUSDT,15m,exit,"ema|fast50,slow200|channel|ls",ema,ls,channel,-,-1.814,-2.918,-0.8782,0.274,536.3,-0.8742,2213
crypto,DOGEUSDT,15m,gate,"ema|fast50,slow200|g:adx|reversal|ls",ema,ls,reversal,adx,0.372,0.605,-0.4021,0.521,149.9,0.349,2213
crypto,DOGEUSDT,15m,gate,"ema|fast50,slow200|g:ltf|reversal|ls",ema,ls,reversal,ltf,0.345,0.582,-0.3976,0.575,170.8,0.313,2213
crypto,DOGEUSDT,15m,gate,"ema|fast50,slow200|g:vol|reversal|ls",ema,ls,reversal,vol,0.309,0.499,-0.3818,0.534,169.5,0.2653,2213
crypto,DOGEUSDT,15m,headline,blend|long_only,blend,long_only,-,-,-0.075,-0.202,-0.1636,0.37,77.4,-0.0344,2213
crypto,DOGEUSDT,15m,headline,blend|asym,blend,asym,-,-,-0.189,-0.527,-0.1893,0.397,104.9,-0.0755,2213
crypto,DOGEUSDT,5m,entry,"ema|fast20,slow100|reversal|ls",ema,ls,reversal,-,-4.091,-6.247,-0.9917,0.137,981.5,-0.9914,2213
crypto,DOGEUSDT,5m,entry,"ema|fast50,slow200|reversal|ls",ema,ls,reversal,-,-1.429,-2.308,-0.8171,0.315,554.1,-0.8092,2213
crypto,DOGEUSDT,5m,entry,"ema|fast100,slow300|reversal|ls",ema,ls,reversal,-,-0.791,-1.348,-0.6248,0.356,401.3,-0.6047,2213
crypto,DOGEUSDT,5m,entry,"sma|fast50,slow200|reversal|ls",sma,ls,reversal,-,-1.299,-2.064,-0.7875,0.342,540.8,-0.7765,2213
crypto,DOGEUSDT,5m,entry,tsmom|lookback30|reversal|ls,tsmom,ls,reversal,-,-14.874,-17.365,-1.0,0.0,4639.1,-1.0,2213
crypto,DOGEUSDT,5m,entry,tsmom|lookback90|reversal|ls,tsmom,ls,reversal,-,-10.066,-12.632,-1.0,0.014,2936.7,-1.0,2213
crypto,DOGEUSDT,5m,entry,"macd|fast12,slow26|reversal|ls",macd,ls,reversal,-,-15.151,-17.954,-1.0,0.0,4273.5,-1.0,2213
crypto,DOGEUSDT,5m,entry,donchian|lookback55|reversal|ls,donchian,ls,reversal,-,-3.179,-5.147,-0.9702,0.178,669.9,-0.9691,2213
crypto,DOGEUSDT,5m,entry,blend|ls,blend,ls,-,-,-4.28,-9.848,-0.8863,0.123,552.2,-0.8858,2213
crypto,DOGEUSDT,5m,entry,strength|ls,strength,ls,-,-,-11.509,-18.194,-0.9998,0.0,2022.5,-0.9998,2213
crypto,DOGEUSDT,5m,direction,"ema|fast50,slow200|reversal|long_only",ema,long_only,reversal,-,-1.06,-2.233,-0.5873,0.37,274.0,-0.5635,2213
crypto,DOGEUSDT,5m,direction,"ema|fast50,slow200|reversal|short_only",ema,short_only,reversal,-,-0.87,-1.642,-0.5584,0.411,280.2,-0.5022,2213
crypto,DOGEUSDT,5m,direction,"ema|fast50,slow200|reversal|asym",ema,asym,reversal,-,-1.273,-2.31,-0.6588,0.342,358.0,-0.6514,2213
crypto,DOGEUSDT,5m,exit,"ema|fast50,slow200|atr_trailing|ls",ema,ls,atr_trailing,-,-5.751,-8.928,-0.9986,0.082,1552.2,-0.9986,2213
crypto,DOGEUSDT,5m,exit,"ema|fast50,slow200|channel|ls",ema,ls,channel,-,-6.654,-10.349,-0.9996,0.055,1856.3,-0.9995,2213
crypto,DOGEUSDT,5m,gate,"ema|fast50,slow200|g:adx|reversal|ls",ema,ls,reversal,adx,-0.88,-1.457,-0.6589,0.37,456.6,-0.6442,2213
crypto,DOGEUSDT,5m,gate,"ema|fast50,slow200|g:ltf|reversal|ls",ema,ls,reversal,ltf,-1.429,-2.308,-0.8171,0.315,554.1,-0.8092,2213
crypto,DOGEUSDT,5m,gate,"ema|fast50,slow200|g:vol|reversal|ls",ema,ls,reversal,vol,-1.362,-2.213,-0.8007,0.301,545.4,-0.7908,2213
crypto,DOGEUSDT,5m,headline,blend|long_only,blend,long_only,-,-,-3.222,-8.245,-0.6683,0.178,269.6,-0.6678,2213
crypto,DOGEUSDT,5m,headline,blend|asym,blend,asym,-,-,-3.884,-9.433,-0.7569,0.151,354.4,-0.7567,2213
crypto,ZECUSDT,1d,entry,"ema|fast20,slow100|reversal|ls",ema,ls,reversal,-,-0.228,-0.232,-0.5869,0.427,2.0,-0.3668,2690
crypto,ZECUSDT,1d,entry,"ema|fast50,slow200|reversal|ls",ema,ls,reversal,-,-0.272,-0.279,-0.5491,0.404,1.2,-0.4043,2690
crypto,ZECUSDT,1d,entry,"ema|fast100,slow300|reversal|ls",ema,ls,reversal,-,0.107,0.108,-0.3783,0.494,0.8,0.007,2690
crypto,ZECUSDT,1d,entry,"sma|fast50,slow200|reversal|ls",sma,ls,reversal,-,-0.138,-0.137,-0.4654,0.416,1.1,-0.2783,2690
crypto,ZECUSDT,1d,entry,tsmom|lookback30|reversal|ls,tsmom,ls,reversal,-,0.407,0.422,-0.324,0.584,7.8,0.5263,2690
crypto,ZECUSDT,1d,entry,tsmom|lookback90|reversal|ls,tsmom,ls,reversal,-,-0.294,-0.298,-0.5724,0.449,5.5,-0.422,2690
crypto,ZECUSDT,1d,entry,"macd|fast12,slow26|reversal|ls",macd,ls,reversal,-,0.323,0.59,-0.2705,0.483,8.3,0.3842,2690
crypto,ZECUSDT,1d,entry,donchian|lookback55|reversal|ls,donchian,ls,reversal,-,-0.317,-0.321,-0.6284,0.348,1.6,-0.4398,2690
crypto,ZECUSDT,1d,entry,blend|ls,blend,ls,-,-,-0.312,-0.269,-0.3758,0.348,1.4,-0.244,2690
crypto,ZECUSDT,1d,entry,strength|ls,strength,ls,-,-,-0.213,-0.216,-0.4142,0.36,4.1,-0.2199,2690
crypto,ZECUSDT,1d,direction,"ema|fast50,slow200|reversal|long_only",ema,long_only,reversal,-,0.285,0.321,-0.2712,0.247,0.6,0.2137,2690
crypto,ZECUSDT,1d,direction,"ema|fast50,slow200|reversal|short_only",ema,short_only,reversal,-,-0.566,-0.362,-0.5604,0.258,0.7,-0.5088,2690
crypto,ZECUSDT,1d,direction,"ema|fast50,slow200|reversal|asym",ema,asym,reversal,-,0.062,0.081,-0.3048,0.427,0.8,0.0005,2690
crypto,ZECUSDT,1d,exit,"ema|fast50,slow200|atr_trailing|ls",ema,ls,atr_trailing,-,-0.036,-0.037,-0.4268,0.449,3.1,-0.1724,2690
crypto,ZECUSDT,1d,exit,"ema|fast50,slow200|channel|ls",ema,ls,channel,-,-0.238,-0.244,-0.533,0.416,4.6,-0.3712,2690
crypto,ZECUSDT,1d,gate,"ema|fast50,slow200|g:adx|reversal|ls",ema,ls,reversal,adx,-0.007,-0.007,-0.4795,0.438,1.1,-0.139,2690
crypto,ZECUSDT,1d,gate,"ema|fast50,slow200|g:ltf|reversal|ls",ema,ls,reversal,ltf,-0.272,-0.279,-0.5491,0.404,1.2,-0.4043,2690
crypto,ZECUSDT,1d,gate,"ema|fast50,slow200|g:vol|reversal|ls",ema,ls,reversal,vol,0.119,0.163,-0.3449,0.36,0.9,0.0518,2690
crypto,ZECUSDT,1d,headline,blend|long_only,blend,long_only,-,-,0.364,0.344,-0.1009,0.247,0.5,0.1287,2690
crypto,ZECUSDT,1d,headline,blend|asym,blend,asym,-,-,0.048,0.053,-0.152,0.348,0.8,0.0084,2690
crypto,ZECUSDT,4h,entry,"ema|fast20,slow100|reversal|ls",ema,ls,reversal,-,0.337,0.333,-0.3962,0.562,11.6,0.3999,2690
crypto,ZECUSDT,4h,entry,"ema|fast50,slow200|reversal|ls",ema,ls,reversal,-,0.275,0.273,-0.4022,0.551,7.3,0.2736,2690
crypto,ZECUSDT,4h,entry,"ema|fast100,slow300|reversal|ls",ema,ls,reversal,-,-0.229,-0.227,-0.5649,0.461,5.9,-0.4047,2690
crypto,ZECUSDT,4h,entry,"sma|fast50,slow200|reversal|ls",sma,ls,reversal,-,0.386,0.382,-0.422,0.596,7.3,0.5088,2690
crypto,ZECUSDT,4h,entry,tsmom|lookback30|reversal|ls,tsmom,ls,reversal,-,-0.048,-0.048,-0.5172,0.483,63.3,-0.221,2690
crypto,ZECUSDT,4h,entry,tsmom|lookback90|reversal|ls,tsmom,ls,reversal,-,0.39,0.386,-0.3984,0.584,32.3,0.515,2690
crypto,ZECUSDT,4h,entry,"macd|fast12,slow26|reversal|ls",macd,ls,reversal,-,0.032,0.031,-0.4747,0.506,58.8,-0.1224,2690
crypto,ZECUSDT,4h,entry,donchian|lookback55|reversal|ls,donchian,ls,reversal,-,0.163,0.162,-0.3886,0.539,9.5,0.0728,2690
crypto,ZECUSDT,4h,entry,blend|ls,blend,ls,-,-,0.227,0.248,-0.172,0.472,8.3,0.1356,2690
crypto,ZECUSDT,4h,entry,strength|ls,strength,ls,-,-,0.357,0.378,-0.2357,0.472,26.5,0.315,2690
crypto,ZECUSDT,4h,direction,"ema|fast50,slow200|reversal|long_only",ema,long_only,reversal,-,0.717,0.755,-0.217,0.393,3.3,0.7011,2690
crypto,ZECUSDT,4h,direction,"ema|fast50,slow200|reversal|short_only",ema,short_only,reversal,-,-0.121,-0.081,-0.4305,0.404,4.0,-0.2475,2690
crypto,ZECUSDT,4h,direction,"ema|fast50,slow200|reversal|asym",ema,asym,reversal,-,0.594,0.73,-0.1839,0.551,4.5,0.6055,2690
crypto,ZECUSDT,4h,exit,"ema|fast50,slow200|atr_trailing|ls",ema,ls,atr_trailing,-,-0.154,-0.154,-0.527,0.472,21.3,-0.3298,2690
crypto,ZECUSDT,4h,exit,"ema|fast50,slow200|channel|ls",ema,ls,channel,-,0.085,0.085,-0.3735,0.494,26.6,-0.0408,2690
crypto,ZECUSDT,4h,gate,"ema|fast50,slow200|g:adx|reversal|ls",ema,ls,reversal,adx,0.226,0.223,-0.4086,0.562,6.7,0.1832,2690
crypto,ZECUSDT,4h,gate,"ema|fast50,slow200|g:ltf|reversal|ls",ema,ls,reversal,ltf,0.275,0.273,-0.4022,0.551,7.3,0.2736,2690
crypto,ZECUSDT,4h,gate,"ema|fast50,slow200|g:vol|reversal|ls",ema,ls,reversal,vol,0.313,0.303,-0.4174,0.551,6.9,0.3468,2690
crypto,ZECUSDT,4h,headline,blend|long_only,blend,long_only,-,-,0.609,0.618,-0.0912,0.348,3.4,0.2581,2690
crypto,ZECUSDT,4h,headline,blend|asym,blend,asym,-,-,0.502,0.643,-0.0822,0.483,4.9,0.2274,2690
crypto,ZECUSDT,1h,entry,"ema|fast20,slow100|reversal|ls",ema,ls,reversal,-,0.424,0.714,-0.3151,0.59,54.1,0.4469,2369
crypto,ZECUSDT,1h,entry,"ema|fast50,slow200|reversal|ls",ema,ls,reversal,-,0.449,0.78,-0.2762,0.551,31.8,0.4757,2369
crypto,ZECUSDT,1h,entry,"ema|fast100,slow300|reversal|ls",ema,ls,reversal,-,0.593,0.99,-0.2207,0.59,22.9,0.7422,2369
crypto,ZECUSDT,1h,entry,"sma|fast50,slow200|reversal|ls",sma,ls,reversal,-,0.513,0.854,-0.2931,0.564,32.3,0.5841,2369
crypto,ZECUSDT,1h,entry,tsmom|lookback30|reversal|ls,tsmom,ls,reversal,-,-1.305,-2.164,-0.8784,0.333,271.7,-0.7909,2369
crypto,ZECUSDT,1h,entry,tsmom|lookback90|reversal|ls,tsmom,ls,reversal,-,-0.139,-0.231,-0.6212,0.513,160.8,-0.2183,2369
crypto,ZECUSDT,1h,entry,"macd|fast12,slow26|reversal|ls",macd,ls,reversal,-,-1.075,-1.685,-0.802,0.346,255.3,-0.7136,2369
crypto,ZECUSDT,1h,entry,donchian|lookback55|reversal|ls,donchian,ls,reversal,-,0.341,0.566,-0.2821,0.538,40.0,0.3219,2369
crypto,ZECUSDT,1h,entry,blend|ls,blend,ls,-,-,0.646,1.383,-0.1048,0.577,34.5,0.3975,2369
crypto,ZECUSDT,1h,entry,strength|ls,strength,ls,-,-,0.141,0.288,-0.3486,0.513,116.5,0.0634,2369
crypto,ZECUSDT,1h,direction,"ema|fast50,slow200|reversal|long_only",ema,long_only,reversal,-,0.62,0.801,-0.2958,0.487,15.8,0.5248,2369
crypto,ZECUSDT,1h,direction,"ema|fast50,slow200|reversal|short_only",ema,short_only,reversal,-,0.036,0.047,-0.2332,0.487,16.1,-0.017,2369
crypto,ZECUSDT,1h,direction,"ema|fast50,slow200|reversal|asym",ema,asym,reversal,-,0.603,0.936,-0.2775,0.474,20.6,0.5267,2369
crypto,ZECUSDT,1h,exit,"ema|fast50,slow200|atr_trailing|ls",ema,ls,atr_trailing,-,-0.042,-0.071,-0.3519,0.41,88.4,-0.1265,2369
crypto,ZECUSDT,1h,exit,"ema|fast50,slow200|channel|ls",ema,ls,channel,-,-0.354,-0.578,-0.5465,0.41,110.4,-0.3845,2369
crypto,ZECUSDT,1h,gate,"ema|fast50,slow200|g:adx|reversal|ls",ema,ls,reversal,adx,0.439,0.752,-0.3063,0.59,29.0,0.4648,2369
crypto,ZECUSDT,1h,gate,"ema|fast50,slow200|g:ltf|reversal|ls",ema,ls,reversal,ltf,0.449,0.78,-0.2762,0.551,31.8,0.4757,2369
crypto,ZECUSDT,1h,gate,"ema|fast50,slow200|g:vol|reversal|ls",ema,ls,reversal,vol,0.337,0.575,-0.3203,0.551,31.4,0.3105,2369
crypto,ZECUSDT,1h,headline,blend|long_only,blend,long_only,-,-,0.632,1.003,-0.1818,0.449,16.5,0.254,2369
crypto,ZECUSDT,1h,headline,blend|asym,blend,asym,-,-,0.697,1.359,-0.1528,0.5,21.9,0.3004,2369
crypto,ZECUSDT,15m,entry,"ema|fast20,slow100|reversal|ls",ema,ls,reversal,-,-0.989,-1.592,-0.8161,0.385,231.2,-0.6927,2369
crypto,ZECUSDT,15m,entry,"ema|fast50,slow200|reversal|ls",ema,ls,reversal,-,0.336,0.55,-0.3085,0.526,128.7,0.3072,2369
crypto,ZECUSDT,15m,entry,"ema|fast100,slow300|reversal|ls",ema,ls,reversal,-,0.175,0.297,-0.3992,0.5,96.1,0.1043,2369
crypto,ZECUSDT,15m,entry,"sma|fast50,slow200|reversal|ls",sma,ls,reversal,-,0.211,0.359,-0.4097,0.5,130.9,0.1461,2369
crypto,ZECUSDT,15m,entry,tsmom|lookback30|reversal|ls,tsmom,ls,reversal,-,-6.957,-10.374,-0.9997,0.038,1175.9,-0.9997,2369
crypto,ZECUSDT,15m,entry,tsmom|lookback90|reversal|ls,tsmom,ls,reversal,-,-3.224,-5.121,-0.9855,0.205,677.2,-0.9788,2369
crypto,ZECUSDT,15m,entry,"macd|fast12,slow26|reversal|ls",macd,ls,reversal,-,-6.728,-9.956,-0.9995,0.064,1067.4,-0.9995,2369
crypto,ZECUSDT,15m,entry,donchian|lookback55|reversal|ls,donchian,ls,reversal,-,-0.476,-0.777,-0.7042,0.436,164.4,-0.447,2369
crypto,ZECUSDT,15m,entry,blend|ls,blend,ls,-,-,-0.563,-1.518,-0.4404,0.372,140.4,-0.262,2369
crypto,ZECUSDT,15m,entry,strength|ls,strength,ls,-,-,-2.977,-6.557,-0.8998,0.218,491.7,-0.8679,2369
crypto,ZECUSDT,15m,direction,"ema|fast50,slow200|reversal|long_only",ema,long_only,reversal,-,0.462,0.761,-0.3294,0.526,64.1,0.3492,2369
crypto,ZECUSDT,15m,direction,"ema|fast50,slow200|reversal|short_only",ema,short_only,reversal,-,0.108,0.185,-0.2669,0.5,64.6,0.0388,2369
crypto,ZECUSDT,15m,direction,"ema|fast50,slow200|reversal|asym",ema,asym,reversal,-,0.457,0.734,-0.3019,0.526,83.5,0.3595,2369
crypto,ZECUSDT,15m,exit,"ema|fast50,slow200|atr_trailing|ls",ema,ls,atr_trailing,-,-1.522,-2.485,-0.8515,0.308,376.5,-0.8175,2369
crypto,ZECUSDT,15m,exit,"ema|fast50,slow200|channel|ls",ema,ls,channel,-,-2.03,-3.277,-0.9091,0.244,471.9,-0.8992,2369
crypto,ZECUSDT,15m,gate,"ema|fast50,slow200|g:adx|reversal|ls",ema,ls,reversal,adx,0.292,0.476,-0.2626,0.5,112.6,0.2464,2369
crypto,ZECUSDT,15m,gate,"ema|fast50,slow200|g:ltf|reversal|ls",ema,ls,reversal,ltf,0.336,0.55,-0.3085,0.526,128.7,0.3072,2369
crypto,ZECUSDT,15m,gate,"ema|fast50,slow200|g:vol|reversal|ls",ema,ls,reversal,vol,0.384,0.636,-0.2887,0.59,126.3,0.3739,2369
crypto,ZECUSDT,15m,headline,blend|long_only,blend,long_only,-,-,-0.23,-0.572,-0.2845,0.385,69.7,-0.0866,2369
crypto,ZECUSDT,15m,headline,blend|asym,blend,asym,-,-,-0.372,-0.968,-0.323,0.423,90.9,-0.1376,2369
crypto,ZECUSDT,5m,entry,"ema|fast20,slow100|reversal|ls",ema,ls,reversal,-,-4.157,-6.616,-0.9922,0.103,725.9,-0.9918,2369
crypto,ZECUSDT,5m,entry,"ema|fast50,slow200|reversal|ls",ema,ls,reversal,-,-1.774,-2.92,-0.9116,0.282,406.9,-0.8689,2369
crypto,ZECUSDT,5m,entry,"ema|fast100,slow300|reversal|ls",ema,ls,reversal,-,-1.143,-1.876,-0.8291,0.321,299.5,-0.7336,2369
crypto,ZECUSDT,5m,entry,"sma|fast50,slow200|reversal|ls",sma,ls,reversal,-,-2.219,-3.525,-0.9352,0.192,417.3,-0.9186,2369
crypto,ZECUSDT,5m,entry,tsmom|lookback30|reversal|ls,tsmom,ls,reversal,-,-17.23,-21.154,-1.0,0.0,3492.9,-1.0,2369
crypto,ZECUSDT,5m,entry,tsmom|lookback90|reversal|ls,tsmom,ls,reversal,-,-10.91,-14.638,-1.0,0.013,2172.0,-1.0,2369
crypto,ZECUSDT,5m,entry,"macd|fast12,slow26|reversal|ls",macd,ls,reversal,-,-17.808,-21.838,-1.0,0.0,3367.3,-1.0,2369
crypto,ZECUSDT,5m,entry,donchian|lookback55|reversal|ls,donchian,ls,reversal,-,-3.49,-5.628,-0.9788,0.154,522.7,-0.9786,2369
crypto,ZECUSDT,5m,entry,blend|ls,blend,ls,-,-,-3.972,-9.096,-0.8734,0.167,440.7,-0.8687,2369
crypto,ZECUSDT,5m,entry,strength|ls,strength,ls,-,-,-10.796,-18.337,-0.9996,0.026,1543.6,-0.9996,2369
crypto,ZECUSDT,5m,direction,"ema|fast50,slow200|reversal|long_only",ema,long_only,reversal,-,-1.076,-2.258,-0.6992,0.333,204.8,-0.57,2369
crypto,ZECUSDT,5m,direction,"ema|fast50,slow200|reversal|short_only",ema,short_only,reversal,-,-1.204,-2.503,-0.6877,0.423,202.0,-0.6157,2369
crypto,ZECUSDT,5m,direction,"ema|fast50,slow200|reversal|asym",ema,asym,reversal,-,-1.416,-2.55,-0.7838,0.269,265.4,-0.6885,2369
crypto,ZECUSDT,5m,exit,"ema|fast50,slow200|atr_trailing|ls",ema,ls,atr_trailing,-,-6.437,-9.775,-0.9995,0.09,1264.9,-0.9994,2369
crypto,ZECUSDT,5m,exit,"ema|fast50,slow200|channel|ls",ema,ls,channel,-,-7.625,-11.428,-0.9999,0.064,1518.1,-0.9999,2369
crypto,ZECUSDT,5m,gate,"ema|fast50,slow200|g:adx|reversal|ls",ema,ls,reversal,adx,-1.493,-2.393,-0.8824,0.308,353.4,-0.8187,2369
crypto,ZECUSDT,5m,gate,"ema|fast50,slow200|g:ltf|reversal|ls",ema,ls,reversal,ltf,-1.774,-2.92,-0.9116,0.282,406.9,-0.8689,2369
crypto,ZECUSDT,5m,gate,"ema|fast50,slow200|g:vol|reversal|ls",ema,ls,reversal,vol,-1.633,-2.662,-0.8981,0.269,400.3,-0.8458,2369
crypto,ZECUSDT,5m,headline,blend|long_only,blend,long_only,-,-,-2.999,-7.243,-0.6866,0.218,221.4,-0.6437,2369
crypto,ZECUSDT,5m,headline,blend|asym,blend,asym,-,-,-3.608,-8.455,-0.7574,0.154,287.2,-0.7318,2369
crypto,ADAUSDT,1d,entry,"ema|fast20,slow100|reversal|ls",ema,ls,reversal,-,0.554,0.67,-0.2533,0.54,1.6,0.8796,3028
crypto,ADAUSDT,1d,entry,"ema|fast50,slow200|reversal|ls",ema,ls,reversal,-,0.314,0.4,-0.3759,0.52,1.1,0.3655,3028
crypto,ADAUSDT,1d,entry,"ema|fast100,slow300|reversal|ls",ema,ls,reversal,-,-0.019,-0.024,-0.5437,0.53,0.9,-0.1256,3028
crypto,ADAUSDT,1d,entry,"sma|fast50,slow200|reversal|ls",sma,ls,reversal,-,0.041,0.052,-0.3972,0.45,1.2,-0.0497,3028
crypto,ADAUSDT,1d,entry,tsmom|lookback30|reversal|ls,tsmom,ls,reversal,-,0.541,0.691,-0.2561,0.51,9.4,0.848,3028
crypto,ADAUSDT,1d,entry,tsmom|lookback90|reversal|ls,tsmom,ls,reversal,-,0.64,0.782,-0.2272,0.55,4.3,1.1087,3028
crypto,ADAUSDT,1d,entry,"macd|fast12,slow26|reversal|ls",macd,ls,reversal,-,0.71,1.035,-0.3391,0.56,8.6,1.3199,3028
crypto,ADAUSDT,1d,entry,donchian|lookback55|reversal|ls,donchian,ls,reversal,-,0.728,0.969,-0.2816,0.5,1.3,1.3728,3028
crypto,ADAUSDT,1d,entry,blend|ls,blend,ls,-,-,0.41,0.453,-0.1803,0.45,1.4,0.3188,3028
crypto,ADAUSDT,1d,entry,strength|ls,strength,ls,-,-,0.713,0.902,-0.1554,0.51,3.7,0.8501,3028
crypto,ADAUSDT,1d,direction,"ema|fast50,slow200|reversal|long_only",ema,long_only,reversal,-,0.534,0.556,-0.1404,0.18,0.5,0.5035,3028
crypto,ADAUSDT,1d,direction,"ema|fast50,slow200|reversal|short_only",ema,short_only,reversal,-,-0.029,-0.026,-0.4215,0.38,0.7,-0.0914,3028
crypto,ADAUSDT,1d,direction,"ema|fast50,slow200|reversal|asym",ema,asym,reversal,-,0.491,0.686,-0.1998,0.54,0.7,0.4812,3028
crypto,ADAUSDT,1d,exit,"ema|fast50,slow200|atr_trailing|ls",ema,ls,atr_trailing,-,0.236,0.299,-0.3364,0.54,3.3,0.2291,3028
crypto,ADAUSDT,1d,exit,"ema|fast50,slow200|channel|ls",ema,ls,channel,-,0.221,0.28,-0.3308,0.54,4.0,0.2048,3028
crypto,ADAUSDT,1d,gate,"ema|fast50,slow200|g:adx|reversal|ls",ema,ls,reversal,adx,0.229,0.292,-0.4007,0.51,1.2,0.2185,3028
crypto,ADAUSDT,1d,gate,"ema|fast50,slow200|g:ltf|reversal|ls",ema,ls,reversal,ltf,0.314,0.4,-0.3759,0.52,1.1,0.3655,3028
crypto,ADAUSDT,1d,gate,"ema|fast50,slow200|g:vol|reversal|ls",ema,ls,reversal,vol,0.445,0.51,-0.2331,0.46,0.9,0.5832,3028
crypto,ADAUSDT,1d,headline,blend|long_only,blend,long_only,-,-,0.781,0.757,-0.066,0.17,0.4,0.359,3028
crypto,ADAUSDT,1d,headline,blend|asym,blend,asym,-,-,0.702,0.931,-0.0778,0.45,0.7,0.3541,3028
crypto,ADAUSDT,4h,entry,"ema|fast20,slow100|reversal|ls",ema,ls,reversal,-,0.744,0.968,-0.2851,0.56,13.4,1.583,3028
crypto,ADAUSDT,4h,entry,"ema|fast50,slow200|reversal|ls",ema,ls,reversal,-,0.729,0.941,-0.2566,0.53,7.5,1.5242,3028
crypto,ADAUSDT,4h,entry,"ema|fast100,slow300|reversal|ls",ema,ls,reversal,-,0.624,0.8,-0.2554,0.58,5.9,1.176,3028
crypto,ADAUSDT,4h,entry,"sma|fast50,slow200|reversal|ls",sma,ls,reversal,-,0.544,0.703,-0.2546,0.55,8.4,0.9294,3028
crypto,ADAUSDT,4h,entry,tsmom|lookback30|reversal|ls,tsmom,ls,reversal,-,0.781,1.158,-0.2976,0.59,68.0,1.6931,3028
crypto,ADAUSDT,4h,entry,tsmom|lookback90|reversal|ls,tsmom,ls,reversal,-,0.367,0.49,-0.2416,0.48,40.0,0.4872,3028
crypto,ADAUSDT,4h,entry,"macd|fast12,slow26|reversal|ls",macd,ls,reversal,-,0.375,0.534,-0.3128,0.53,64.4,0.5188,3028
crypto,ADAUSDT,4h,entry,donchian|lookback55|reversal|ls,donchian,ls,reversal,-,0.411,0.545,-0.2245,0.56,11.2,0.5886,3028
crypto,ADAUSDT,4h,entry,blend|ls,blend,ls,-,-,0.736,0.997,-0.1156,0.47,9.3,0.7124,3028
crypto,ADAUSDT,4h,entry,strength|ls,strength,ls,-,-,0.577,0.857,-0.1857,0.47,30.2,0.6202,3028
crypto,ADAUSDT,4h,direction,"ema|fast50,slow200|reversal|long_only",ema,long_only,reversal,-,0.776,0.829,-0.1732,0.28,3.1,0.7984,3028
crypto,ADAUSDT,4h,direction,"ema|fast50,slow200|reversal|short_only",ema,short_only,reversal,-,0.358,0.335,-0.21,0.45,4.4,0.4067,3028
crypto,ADAUSDT,4h,direction,"ema|fast50,slow200|reversal|asym",ema,asym,reversal,-,0.853,1.19,-0.1528,0.52,4.4,1.0262,3028
crypto,ADAUSDT,4h,exit,"ema|fast50,slow200|atr_trailing|ls",ema,ls,atr_trailing,-,0.73,0.944,-0.2995,0.57,22.3,1.5099,3028
crypto,ADAUSDT,4h,exit,"ema|fast50,slow200|channel|ls",ema,ls,channel,-,0.877,1.166,-0.2045,0.56,29.5,2.054,3028
crypto,ADAUSDT,4h,gate,"ema|fast50,slow200|g:adx|reversal|ls",ema,ls,reversal,adx,0.595,0.767,-0.2879,0.51,6.9,1.0813,3028
crypto,ADAUSDT,4h,gate,"ema|fast50,slow200|g:ltf|reversal|ls",ema,ls,reversal,ltf,0.729,0.941,-0.2566,0.53,7.5,1.5242,3028
crypto,ADAUSDT,4h,gate,"ema|fast50,slow200|g:vol|reversal|ls",ema,ls,reversal,vol,0.798,1.011,-0.2541,0.53,7.2,1.7648,3028
crypto,ADAUSDT,4h,headline,blend|long_only,blend,long_only,-,-,0.997,1.106,-0.0639,0.24,3.3,0.5303,3028
crypto,ADAUSDT,4h,headline,blend|asym,blend,asym,-,-,0.998,1.505,-0.0643,0.4,5.1,0.5913,3028
crypto,ADAUSDT,1h,entry,"ema|fast20,slow100|reversal|ls",ema,ls,reversal,-,0.781,1.406,-0.2497,0.57,64.7,1.1049,2374
crypto,ADAUSDT,1h,entry,"ema|fast50,slow200|reversal|ls",ema,ls,reversal,-,0.704,1.133,-0.2853,0.544,38.1,0.9706,2374
crypto,ADAUSDT,1h,entry,"ema|fast100,slow300|reversal|ls",ema,ls,reversal,-,0.775,1.214,-0.348,0.557,26.6,1.1224,2374
crypto,ADAUSDT,1h,entry,"sma|fast50,slow200|reversal|ls",sma,ls,reversal,-,0.795,1.33,-0.1685,0.608,38.9,1.1636,2374
crypto,ADAUSDT,1h,entry,tsmom|lookback30|reversal|ls,tsmom,ls,reversal,-,-0.831,-1.387,-0.7083,0.43,316.5,-0.6369,2374
crypto,ADAUSDT,1h,entry,tsmom|lookback90|reversal|ls,tsmom,ls,reversal,-,0.332,0.568,-0.2427,0.532,188.1,0.3129,2374
crypto,ADAUSDT,1h,entry,"macd|fast12,slow26|reversal|ls",macd,ls,reversal,-,-0.777,-1.163,-0.7176,0.392,287.7,-0.5996,2374
crypto,ADAUSDT,1h,entry,donchian|lookback55|reversal|ls,donchian,ls,reversal,-,0.59,1.008,-0.2225,0.582,45.9,0.7374,2374
crypto,ADAUSDT,1h,entry,blend|ls,blend,ls,-,-,0.749,1.61,-0.1146,0.494,40.1,0.4777,2374
crypto,ADAUSDT,1h,entry,strength|ls,strength,ls,-,-,0.376,0.787,-0.1754,0.494,136.4,0.2573,2374
crypto,ADAUSDT,1h,direction,"ema|fast50,slow200|reversal|long_only",ema,long_only,reversal,-,0.629,0.815,-0.2293,0.443,17.7,0.5271,2374
crypto,ADAUSDT,1h,direction,"ema|fast50,slow200|reversal|short_only",ema,short_only,reversal,-,0.387,0.466,-0.18,0.443,20.4,0.299,2374
crypto,ADAUSDT,1h,direction,"ema|fast50,slow200|reversal|asym",ema,asym,reversal,-,0.717,1.094,-0.2336,0.532,23.8,0.6669,2374
crypto,ADAUSDT,1h,exit,"ema|fast50,slow200|atr_trailing|ls",ema,ls,atr_trailing,-,0.272,0.429,-0.3828,0.481,100.2,0.2284,2374
crypto,ADAUSDT,1h,exit,"ema|fast50,slow200|channel|ls",ema,ls,channel,-,0.049,0.08,-0.4593,0.43,121.1,-0.037,2374
crypto,ADAUSDT,1h,gate,"ema|fast50,slow200|g:adx|reversal|ls",ema,ls,reversal,adx,0.676,1.057,-0.2864,0.57,34.1,0.9164,2374
crypto,ADAUSDT,1h,gate,"ema|fast50,slow200|g:ltf|reversal|ls",ema,ls,reversal,ltf,0.704,1.133,-0.2853,0.544,38.1,0.9706,2374
crypto,ADAUSDT,1h,gate,"ema|fast50,slow200|g:vol|reversal|ls",ema,ls,reversal,vol,0.773,1.23,-0.2761,0.57,37.4,1.1174,2374
crypto,ADAUSDT,1h,headline,blend|long_only,blend,long_only,-,-,0.932,1.527,-0.0889,0.418,17.0,0.3906,2374
crypto,ADAUSDT,1h,headline,blend|asym,blend,asym,-,-,0.942,1.931,-0.0902,0.506,24.0,0.4209,2374
crypto,ADAUSDT,15m,entry,"ema|fast20,slow100|reversal|ls",ema,ls,reversal,-,-0.034,-0.059,-0.4261,0.481,277.5,-0.1225,2374
crypto,ADAUSDT,15m,entry,"ema|fast50,slow200|reversal|ls",ema,ls,reversal,-,0.32,0.546,-0.2328,0.481,153.6,0.2983,2374
crypto,ADAUSDT,15m,entry,"ema|fast100,slow300|reversal|ls",ema,ls,reversal,-,0.676,1.195,-0.2309,0.544,114.9,0.8939,2374
crypto,ADAUSDT,15m,entry,"sma|fast50,slow200|reversal|ls",sma,ls,reversal,-,0.442,0.792,-0.2587,0.532,155.1,0.4803,2374
crypto,ADAUSDT,15m,entry,tsmom|lookback30|reversal|ls,tsmom,ls,reversal,-,-5.279,-8.448,-0.9976,0.076,1365.7,-0.9976,2374
crypto,ADAUSDT,15m,entry,tsmom|lookback90|reversal|ls,tsmom,ls,reversal,-,-2.629,-4.35,-0.9576,0.228,821.8,-0.9552,2374
crypto,ADAUSDT,15m,entry,"macd|fast12,slow26|reversal|ls",macd,ls,reversal,-,-5.548,-8.452,-0.9983,0.051,1269.2,-0.9982,2374
crypto,ADAUSDT,15m,entry,donchian|lookback55|reversal|ls,donchian,ls,reversal,-,-0.771,-1.278,-0.6782,0.456,203.1,-0.6127,2374
crypto,ADAUSDT,15m,entry,blend|ls,blend,ls,-,-,-0.102,-0.286,-0.2535,0.468,167.5,-0.0732,2374
crypto,ADAUSDT,15m,entry,strength|ls,strength,ls,-,-,-2.818,-6.267,-0.8737,0.228,591.2,-0.8648,2374
crypto,ADAUSDT,15m,direction,"ema|fast50,slow200|reversal|long_only",ema,long_only,reversal,-,0.139,0.253,-0.2373,0.456,74.4,0.0637,2374
crypto,ADAUSDT,15m,direction,"ema|fast50,slow200|reversal|short_only",ema,short_only,reversal,-,0.345,0.572,-0.1882,0.532,79.2,0.2564,2374
crypto,ADAUSDT,15m,direction,"ema|fast50,slow200|reversal|asym",ema,asym,reversal,-,0.231,0.398,-0.2264,0.456,98.1,0.1447,2374
crypto,ADAUSDT,15m,exit,"ema|fast50,slow200|atr_trailing|ls",ema,ls,atr_trailing,-,-0.987,-1.707,-0.7029,0.38,434.8,-0.6981,2374
crypto,ADAUSDT,15m,exit,"ema|fast50,slow200|channel|ls",ema,ls,channel,-,-1.501,-2.579,-0.8418,0.266,538.1,-0.8394,2374
crypto,ADAUSDT,15m,gate,"ema|fast50,slow200|g:adx|reversal|ls",ema,ls,reversal,adx,0.403,0.698,-0.2104,0.519,137.6,0.4209,2374
crypto,ADAUSDT,15m,gate,"ema|fast50,slow200|g:ltf|reversal|ls",ema,ls,reversal,ltf,0.32,0.546,-0.2328,0.481,153.6,0.2983,2374
crypto,ADAUSDT,15m,gate,"ema|fast50,slow200|g:vol|reversal|ls",ema,ls,reversal,vol,0.279,0.469,-0.2512,0.456,152.1,0.2419,2374
crypto,ADAUSDT,15m,headline,blend|long_only,blend,long_only,-,-,0.181,0.478,-0.122,0.43,77.3,0.0586,2374
crypto,ADAUSDT,15m,headline,blend|asym,blend,asym,-,-,0.085,0.234,-0.1564,0.456,104.3,0.0218,2374
crypto,ADAUSDT,5m,entry,"ema|fast20,slow100|reversal|ls",ema,ls,reversal,-,-2.621,-4.179,-0.9532,0.241,879.1,-0.9514,2374
crypto,ADAUSDT,5m,entry,"ema|fast50,slow200|reversal|ls",ema,ls,reversal,-,-1.033,-1.716,-0.7618,0.316,493.4,-0.7069,2374
crypto,ADAUSDT,5m,entry,"ema|fast100,slow300|reversal|ls",ema,ls,reversal,-,-0.633,-1.079,-0.6193,0.392,361.3,-0.5448,2374
crypto,ADAUSDT,5m,entry,"sma|fast50,slow200|reversal|ls",sma,ls,reversal,-,-1.14,-1.801,-0.817,0.354,496.2,-0.736,2374
crypto,ADAUSDT,5m,entry,tsmom|lookback30|reversal|ls,tsmom,ls,reversal,-,-14.962,-19.479,-1.0,0.0,4161.4,-1.0,2374
crypto,ADAUSDT,5m,entry,tsmom|lookback90|reversal|ls,tsmom,ls,reversal,-,-9.036,-12.773,-1.0,0.025,2566.4,-1.0,2374
crypto,ADAUSDT,5m,entry,"macd|fast12,slow26|reversal|ls",macd,ls,reversal,-,-16.684,-21.093,-1.0,0.0,4018.0,-1.0,2374
crypto,ADAUSDT,5m,entry,donchian|lookback55|reversal|ls,donchian,ls,reversal,-,-2.186,-3.547,-0.9128,0.203,622.7,-0.9108,2374
crypto,ADAUSDT,5m,entry,blend|ls,blend,ls,-,-,-3.104,-7.302,-0.8232,0.177,526.8,-0.8106,2374
crypto,ADAUSDT,5m,entry,strength|ls,strength,ls,-,-,-10.238,-17.619,-0.9995,0.013,1864.6,-0.9995,2374
crypto,ADAUSDT,5m,direction,"ema|fast50,slow200|reversal|long_only",ema,long_only,reversal,-,-0.927,-2.012,-0.6478,0.354,243.4,-0.5273,2374
crypto,ADAUSDT,5m,direction,"ema|fast50,slow200|reversal|short_only",ema,short_only,reversal,-,-0.442,-0.881,-0.4086,0.418,250.0,-0.3212,2374
crypto,ADAUSDT,5m,direction,"ema|fast50,slow200|reversal|asym",ema,asym,reversal,-,-1.029,-1.913,-0.6814,0.342,318.4,-0.5821,2374
crypto,ADAUSDT,5m,exit,"ema|fast50,slow200|atr_trailing|ls",ema,ls,atr_trailing,-,-5.467,-8.374,-0.9982,0.076,1442.9,-0.9982,2374
crypto,ADAUSDT,5m,exit,"ema|fast50,slow200|channel|ls",ema,ls,channel,-,-6.618,-10.219,-0.9996,0.051,1766.8,-0.9996,2374
crypto,ADAUSDT,5m,gate,"ema|fast50,slow200|g:adx|reversal|ls",ema,ls,reversal,adx,-0.669,-1.113,-0.6606,0.405,424.6,-0.5605,2374
crypto,ADAUSDT,5m,gate,"ema|fast50,slow200|g:ltf|reversal|ls",ema,ls,reversal,ltf,-1.033,-1.716,-0.7618,0.316,493.4,-0.7069,2374
crypto,ADAUSDT,5m,gate,"ema|fast50,slow200|g:vol|reversal|ls",ema,ls,reversal,vol,-1.121,-1.84,-0.7793,0.316,485.3,-0.7346,2374
crypto,ADAUSDT,5m,headline,blend|long_only,blend,long_only,-,-,-2.043,-5.427,-0.5746,0.253,253.8,-0.531,2374
crypto,ADAUSDT,5m,headline,blend|asym,blend,asym,-,-,-2.621,-6.614,-0.6703,0.228,335.7,-0.6398,2374
crypto,XMRUSDT,1d,entry,"ema|fast20,slow100|reversal|ls",ema,ls,reversal,-,-0.121,-0.146,-0.3894,0.416,3.7,-0.2284,2696
crypto,XMRUSDT,1d,entry,"ema|fast50,slow200|reversal|ls",ema,ls,reversal,-,-0.507,-0.553,-0.6114,0.371,2.0,-0.5254,2696
crypto,XMRUSDT,1d,entry,"ema|fast100,slow300|reversal|ls",ema,ls,reversal,-,0.007,0.007,-0.3662,0.472,1.7,-0.0956,2696
crypto,XMRUSDT,1d,entry,"sma|fast50,slow200|reversal|ls",sma,ls,reversal,-,-0.354,-0.375,-0.572,0.371,2.0,-0.4199,2696
crypto,XMRUSDT,1d,entry,tsmom|lookback30|reversal|ls,tsmom,ls,reversal,-,0.001,0.001,-0.4379,0.461,14.3,-0.1017,2696
crypto,XMRUSDT,1d,entry,tsmom|lookback90|reversal|ls,tsmom,ls,reversal,-,-0.731,-0.771,-0.702,0.416,11.9,-0.6425,2696
crypto,XMRUSDT,1d,entry,"macd|fast12,slow26|reversal|ls",macd,ls,reversal,-,0.45,0.62,-0.2949,0.551,10.5,0.582,2696
crypto,XMRUSDT,1d,entry,donchian|lookback55|reversal|ls,donchian,ls,reversal,-,-0.264,-0.304,-0.4199,0.427,2.3,-0.3555,2696
crypto,XMRUSDT,1d,entry,blend|ls,blend,ls,-,-,-0.533,-0.482,-0.3046,0.292,1.7,-0.2828,2696
crypto,XMRUSDT,1d,entry,strength|ls,strength,ls,-,-,-0.432,-0.47,-0.3923,0.36,6.6,-0.2798,2696
crypto,XMRUSDT,1d,direction,"ema|fast50,slow200|reversal|long_only",ema,long_only,reversal,-,0.009,0.009,-0.3922,0.292,1.1,-0.0607,2696
crypto,XMRUSDT,1d,direction,"ema|fast50,slow200|reversal|short_only",ema,short_only,reversal,-,-0.898,-0.55,-0.5219,0.135,0.8,-0.4942,2696
crypto,XMRUSDT,1d,direction,"ema|fast50,slow200|reversal|asym",ema,asym,reversal,-,-0.175,-0.193,-0.4634,0.393,1.4,-0.2286,2696
crypto,XMRUSDT,1d,exit,"ema|fast50,slow200|atr_trailing|ls",ema,ls,atr_trailing,-,-0.073,-0.081,-0.4545,0.449,4.0,-0.1777,2696
crypto,XMRUSDT,1d,exit,"ema|fast50,slow200|channel|ls",ema,ls,channel,-,-0.114,-0.128,-0.4667,0.438,5.8,-0.2166,2696
crypto,XMRUSDT,1d,gate,"ema|fast50,slow200|g:adx|reversal|ls",ema,ls,reversal,adx,-0.453,-0.499,-0.6122,0.416,1.8,-0.4922,2696
crypto,XMRUSDT,1d,gate,"ema|fast50,slow200|g:ltf|reversal|ls",ema,ls,reversal,ltf,-0.507,-0.553,-0.6114,0.371,2.0,-0.5254,2696
crypto,XMRUSDT,1d,gate,"ema|fast50,slow200|g:vol|reversal|ls",ema,ls,reversal,vol,-0.448,-0.483,-0.6005,0.258,1.7,-0.4336,2696
crypto,XMRUSDT,1d,headline,blend|long_only,blend,long_only,-,-,0.076,0.066,-0.1374,0.258,1.0,0.0201,2696
crypto,XMRUSDT,1d,headline,blend|asym,blend,asym,-,-,-0.165,-0.174,-0.1854,0.292,1.2,-0.0797,2696
crypto,XMRUSDT,4h,entry,"ema|fast20,slow100|reversal|ls",ema,ls,reversal,-,-0.19,-0.228,-0.4389,0.438,18.9,-0.3014,2696
crypto,XMRUSDT,4h,entry,"ema|fast50,slow200|reversal|ls",ema,ls,reversal,-,-0.161,-0.186,-0.5608,0.449,11.3,-0.2771,2696
crypto,XMRUSDT,4h,entry,"ema|fast100,slow300|reversal|ls",ema,ls,reversal,-,-0.215,-0.243,-0.5198,0.449,8.9,-0.3298,2696
crypto,XMRUSDT,4h,entry,"sma|fast50,slow200|reversal|ls",sma,ls,reversal,-,-0.041,-0.048,-0.4375,0.517,10.3,-0.1549,2696
crypto,XMRUSDT,4h,entry,tsmom|lookback30|reversal|ls,tsmom,ls,reversal,-,-0.843,-1.077,-0.7525,0.371,104.4,-0.7022,2696
crypto,XMRUSDT,4h,entry,tsmom|lookback90|reversal|ls,tsmom,ls,reversal,-,-0.268,-0.332,-0.4292,0.461,55.9,-0.3699,2696
crypto,XMRUSDT,4h,entry,"macd|fast12,slow26|reversal|ls",macd,ls,reversal,-,-1.168,-1.383,-0.8471,0.348,89.0,-0.8218,2696
crypto,XMRUSDT,4h,entry,donchian|lookback55|reversal|ls,donchian,ls,reversal,-,-0.065,-0.079,-0.4249,0.551,13.4,-0.1815,2696
crypto,XMRUSDT,4h,entry,blend|ls,blend,ls,-,-,-0.169,-0.207,-0.2628,0.371,11.1,-0.1304,2696
crypto,XMRUSDT,4h,entry,strength|ls,strength,ls,-,-,-0.184,-0.229,-0.292,0.427,40.9,-0.1784,2696
crypto,XMRUSDT,4h,direction,"ema|fast50,slow200|reversal|long_only",ema,long_only,reversal,-,0.298,0.277,-0.3178,0.427,6.0,0.2398,2696
crypto,XMRUSDT,4h,direction,"ema|fast50,slow200|reversal|short_only",ema,short_only,reversal,-,-0.513,-0.391,-0.4657,0.236,5.4,-0.4127,2696
crypto,XMRUSDT,4h,direction,"ema|fast50,slow200|reversal|asym",ema,asym,reversal,-,0.135,0.157,-0.3791,0.494,7.6,0.0692,2696
crypto,XMRUSDT,4h,exit,"ema|fast50,slow200|atr_trailing|ls",ema,ls,atr_trailing,-,-0.038,-0.045,-0.4378,0.517,26.1,-0.1457,2696
crypto,XMRUSDT,4h,exit,"ema|fast50,slow200|channel|ls",ema,ls,channel,-,0.004,0.005,-0.4095,0.461,35.7,-0.1044,2696
crypto,XMRUSDT,4h,gate,"ema|fast50,slow200|g:adx|reversal|ls",ema,ls,reversal,adx,-0.28,-0.324,-0.5825,0.427,9.3,-0.3783,2696
crypto,XMRUSDT,4h,gate,"ema|fast50,slow200|g:ltf|reversal|ls",ema,ls,reversal,ltf,-0.161,-0.186,-0.5608,0.449,11.3,-0.2771,2696
crypto,XMRUSDT,4h,gate,"ema|fast50,slow200|g:vol|reversal|ls",ema,ls,reversal,vol,-0.245,-0.278,-0.5304,0.427,10.9,-0.347,2696
crypto,XMRUSDT,4h,headline,blend|long_only,blend,long_only,-,-,0.326,0.356,-0.1084,0.303,5.9,0.1357,2696
crypto,XMRUSDT,4h,headline,blend|asym,blend,asym,-,-,0.143,0.191,-0.142,0.371,7.5,0.0521,2696
crypto,XMRUSDT,1h,entry,"ema|fast20,slow100|reversal|ls",ema,ls,reversal,-,-1.031,-1.667,-0.7294,0.321,80.2,-0.6808,2371
crypto,XMRUSDT,1h,entry,"ema|fast50,slow200|reversal|ls",ema,ls,reversal,-,-0.384,-0.608,-0.522,0.397,43.6,-0.3667,2371
crypto,XMRUSDT,1h,entry,"ema|fast100,slow300|reversal|ls",ema,ls,reversal,-,0.083,0.127,-0.3883,0.538,31.2,0.0077,2371
crypto,XMRUSDT,1h,entry,"sma|fast50,slow200|reversal|ls",sma,ls,reversal,-,-0.181,-0.291,-0.3766,0.41,44.6,-0.2232,2371
crypto,XMRUSDT,1h,entry,tsmom|lookback30|reversal|ls,tsmom,ls,reversal,-,-3.778,-6.039,-0.9824,0.128,425.5,-0.9813,2371
crypto,XMRUSDT,1h,entry,tsmom|lookback90|reversal|ls,tsmom,ls,reversal,-,-2.442,-3.862,-0.9401,0.256,265.1,-0.9343,2371
crypto,XMRUSDT,1h,entry,"macd|fast12,slow26|reversal|ls",macd,ls,reversal,-,-3.3,-5.011,-0.9729,0.205,378.7,-0.9702,2371
crypto,XMRUSDT,1h,entry,donchian|lookback55|reversal|ls,donchian,ls,reversal,-,-0.745,-1.252,-0.6315,0.397,54.4,-0.5657,2371
crypto,XMRUSDT,1h,entry,blend|ls,blend,ls,-,-,-1.351,-2.57,-0.524,0.282,47.5,-0.4829,2371
crypto,XMRUSDT,1h,entry,strength|ls,strength,ls,-,-,-2.198,-4.303,-0.7701,0.231,175.4,-0.7523,2371
crypto,XMRUSDT,1h,direction,"ema|fast50,slow200|reversal|long_only",ema,long_only,reversal,-,0.206,0.238,-0.2706,0.423,23.3,0.118,2371
crypto,XMRUSDT,1h,direction,"ema|fast50,slow200|reversal|short_only",ema,short_only,reversal,-,-0.797,-1.006,-0.4919,0.321,20.3,-0.4229,2371
crypto,XMRUSDT,1h,direction,"ema|fast50,slow200|reversal|asym",ema,asym,reversal,-,-0.004,-0.005,-0.3345,0.41,29.4,-0.0483,2371
crypto,XMRUSDT,1h,exit,"ema|fast50,slow200|atr_trailing|ls",ema,ls,atr_trailing,-,-0.629,-0.974,-0.6348,0.449,113.0,-0.5063,2371
crypto,XMRUSDT,1h,exit,"ema|fast50,slow200|channel|ls",ema,ls,channel,-,-1.021,-1.599,-0.7462,0.397,152.9,-0.6659,2371
crypto,XMRUSDT,1h,gate,"ema|fast50,slow200|g:adx|reversal|ls",ema,ls,reversal,adx,-0.259,-0.401,-0.4567,0.462,36.3,-0.2828,2371
crypto,XMRUSDT,1h,gate,"ema|fast50,slow200|g:ltf|reversal|ls",ema,ls,reversal,ltf,-0.384,-0.608,-0.522,0.397,43.6,-0.3667,2371
crypto,XMRUSDT,1h,gate,"ema|fast50,slow200|g:vol|reversal|ls",ema,ls,reversal,vol,-0.379,-0.562,-0.5036,0.385,42.9,-0.368,2371
crypto,XMRUSDT,1h,headline,blend|long_only,blend,long_only,-,-,-0.765,-1.083,-0.3015,0.308,27.2,-0.2384,2371
crypto,XMRUSDT,1h,headline,blend|asym,blend,asym,-,-,-1.051,-1.758,-0.3707,0.282,33.3,-0.3201,2371
crypto,XMRUSDT,15m,entry,"ema|fast20,slow100|reversal|ls",ema,ls,reversal,-,-3.514,-5.644,-0.9764,0.154,339.1,-0.975,2371
crypto,XMRUSDT,15m,entry,"ema|fast50,slow200|reversal|ls",ema,ls,reversal,-,-2.107,-3.508,-0.8933,0.218,183.4,-0.8877,2371
crypto,XMRUSDT,15m,entry,"ema|fast100,slow300|reversal|ls",ema,ls,reversal,-,-1.156,-1.897,-0.744,0.308,131.8,-0.7035,2371
crypto,XMRUSDT,15m,entry,"sma|fast50,slow200|reversal|ls",sma,ls,reversal,-,-1.843,-3.091,-0.8586,0.244,183.3,-0.8514,2371
crypto,XMRUSDT,15m,entry,tsmom|lookback30|reversal|ls,tsmom,ls,reversal,-,-10.52,-14.727,-1.0,0.026,1660.5,-1.0,2371
crypto,XMRUSDT,15m,entry,tsmom|lookback90|reversal|ls,tsmom,ls,reversal,-,-6.893,-10.01,-0.9998,0.077,1058.6,-0.9997,2371
crypto,XMRUSDT,15m,entry,"macd|fast12,slow26|reversal|ls",macd,ls,reversal,-,-9.0,-13.12,-1.0,0.013,1486.1,-1.0,2371
crypto,XMRUSDT,15m,entry,donchian|lookback55|reversal|ls,donchian,ls,reversal,-,-2.727,-4.48,-0.9456,0.192,227.0,-0.9411,2371
crypto,XMRUSDT,15m,entry,blend|ls,blend,ls,-,-,-3.926,-9.456,-0.8408,0.179,195.4,-0.8331,2371
crypto,XMRUSDT,15m,entry,strength|ls,strength,ls,-,-,-7.164,-14.447,-0.9882,0.064,693.3,-0.9878,2371
crypto,XMRUSDT,15m,direction,"ema|fast50,slow200|reversal|long_only",ema,long_only,reversal,-,-0.937,-1.55,-0.5375,0.423,97.3,-0.5068,2371
crypto,XMRUSDT,15m,direction,"ema|fast50,slow200|reversal|short_only",ema,short_only,reversal,-,-2.026,-3.568,-0.7623,0.218,86.1,-0.7525,2371
crypto,XMRUSDT,15m,direction,"ema|fast50,slow200|reversal|asym",ema,asym,reversal,-,-1.458,-2.364,-0.6947,0.308,123.1,-0.6785,2371
crypto,XMRUSDT,15m,exit,"ema|fast50,slow200|atr_trailing|ls",ema,ls,atr_trailing,-,-3.494,-5.541,-0.9747,0.154,513.3,-0.9741,2371
crypto,XMRUSDT,15m,exit,"ema|fast50,slow200|channel|ls",ema,ls,channel,-,-4.485,-7.278,-0.9912,0.103,690.0,-0.9909,2371
crypto,XMRUSDT,15m,gate,"ema|fast50,slow200|g:adx|reversal|ls",ema,ls,reversal,adx,-1.712,-2.946,-0.836,0.218,153.1,-0.8292,2371
crypto,XMRUSDT,15m,gate,"ema|fast50,slow200|g:ltf|reversal|ls",ema,ls,reversal,ltf,-2.107,-3.508,-0.8933,0.218,183.4,-0.8877,2371
crypto,XMRUSDT,15m,gate,"ema|fast50,slow200|g:vol|reversal|ls",ema,ls,reversal,vol,-1.996,-3.283,-0.8782,0.231,179.7,-0.8745,2371
crypto,XMRUSDT,15m,headline,blend|long_only,blend,long_only,-,-,-3.05,-6.234,-0.6395,0.205,111.0,-0.6294,2371
crypto,XMRUSDT,15m,headline,blend|asym,blend,asym,-,-,-3.611,-7.816,-0.7162,0.192,136.3,-0.7066,2371
crypto,XMRUSDT,5m,entry,"ema|fast20,slow100|reversal|ls",ema,ls,reversal,-,-7.891,-11.603,-0.9999,0.077,1010.5,-0.9999,2371
crypto,XMRUSDT,5m,entry,"ema|fast50,slow200|reversal|ls",ema,ls,reversal,-,-5.032,-7.759,-0.9955,0.141,568.3,-0.9952,2371
crypto,XMRUSDT,5m,entry,"ema|fast100,slow300|reversal|ls",ema,ls,reversal,-,-3.554,-5.679,-0.9749,0.141,410.3,-0.9734,2371
crypto,XMRUSDT,5m,entry,"sma|fast50,slow200|reversal|ls",sma,ls,reversal,-,-4.673,-7.39,-0.9926,0.154,562.2,-0.9921,2371
crypto,XMRUSDT,5m,entry,tsmom|lookback30|reversal|ls,tsmom,ls,reversal,-,-21.191,-24.679,-1.0,0.0,4823.3,-1.0,2371
crypto,XMRUSDT,5m,entry,tsmom|lookback90|reversal|ls,tsmom,ls,reversal,-,-14.844,-18.173,-1.0,0.0,3066.5,-1.0,2371
crypto,XMRUSDT,5m,entry,"macd|fast12,slow26|reversal|ls",macd,ls,reversal,-,-22.126,-25.889,-1.0,0.0,4436.5,-1.0,2371
crypto,XMRUSDT,5m,entry,donchian|lookback55|reversal|ls,donchian,ls,reversal,-,-6.255,-9.682,-0.9986,0.064,704.9,-0.9985,2371
crypto,XMRUSDT,5m,entry,blend|ls,blend,ls,-,-,-8.46,-17.228,-0.9834,0.038,600.3,-0.9832,2371
crypto,XMRUSDT,5m,entry,strength|ls,strength,ls,-,-,-15.813,-24.204,-1.0,0.0,2050.6,-1.0,2371
crypto,XMRUSDT,5m,direction,"ema|fast50,slow200|reversal|long_only",ema,long_only,reversal,-,-3.072,-5.636,-0.893,0.244,296.0,-0.8875,2371
crypto,XMRUSDT,5m,direction,"ema|fast50,slow200|reversal|short_only",ema,short_only,reversal,-,-4.067,-8.127,-0.9468,0.128,272.3,-0.9434,2371
crypto,XMRUSDT,5m,direction,"ema|fast50,slow200|reversal|asym",ema,asym,reversal,-,-4.062,-6.681,-0.957,0.154,377.7,-0.9548,2371
crypto,XMRUSDT,5m,exit,"ema|fast50,slow200|atr_trailing|ls",ema,ls,atr_trailing,-,-11.026,-15.892,-1.0,0.013,1720.8,-1.0,2371
crypto,XMRUSDT,5m,exit,"ema|fast50,slow200|channel|ls",ema,ls,channel,-,-12.575,-17.272,-1.0,0.013,2219.8,-1.0,2371
crypto,XMRUSDT,5m,gate,"ema|fast50,slow200|g:adx|reversal|ls",ema,ls,reversal,adx,-4.373,-7.061,-0.9898,0.128,480.8,-0.9891,2371
crypto,XMRUSDT,5m,gate,"ema|fast50,slow200|g:ltf|reversal|ls",ema,ls,reversal,ltf,-5.032,-7.759,-0.9955,0.141,568.3,-0.9952,2371
crypto,XMRUSDT,5m,gate,"ema|fast50,slow200|g:vol|reversal|ls",ema,ls,reversal,vol,-4.843,-7.392,-0.9944,0.128,554.3,-0.994,2371
crypto,XMRUSDT,5m,headline,blend|long_only,blend,long_only,-,-,-6.83,-13.843,-0.8852,0.077,328.0,-0.8833,2371
crypto,XMRUSDT,5m,headline,blend|asym,blend,asym,-,-,-8.003,-15.877,-0.9347,0.051,409.7,-0.9337,2371
crypto,LINKUSDT,1d,entry,"ema|fast20,slow100|reversal|ls",ema,ls,reversal,-,0.38,0.542,-0.2181,0.495,2.0,0.4318,2754
crypto,LINKUSDT,1d,entry,"ema|fast50,slow200|reversal|ls",ema,ls,reversal,-,0.689,1.085,-0.2148,0.538,0.9,1.0734,2754
crypto,LINKUSDT,1d,entry,"ema|fast100,slow300|reversal|ls",ema,ls,reversal,-,0.395,0.606,-0.4083,0.516,0.9,0.4598,2754
crypto,LINKUSDT,1d,entry,"sma|fast50,slow200|reversal|ls",sma,ls,reversal,-,0.027,0.035,-0.3597,0.451,1.1,-0.0546,2754
crypto,LINKUSDT,1d,entry,tsmom|lookback30|reversal|ls,tsmom,ls,reversal,-,0.558,0.823,-0.3285,0.571,9.8,0.7723,2754
crypto,LINKUSDT,1d,entry,tsmom|lookback90|reversal|ls,tsmom,ls,reversal,-,0.26,0.362,-0.3319,0.484,6.1,0.2406,2754
crypto,LINKUSDT,1d,entry,"macd|fast12,slow26|reversal|ls",macd,ls,reversal,-,0.535,0.813,-0.2177,0.516,8.5,0.7248,2754
crypto,LINKUSDT,1d,entry,donchian|lookback55|reversal|ls,donchian,ls,reversal,-,0.095,0.137,-0.3646,0.451,1.7,0.0191,2754
crypto,LINKUSDT,1d,entry,blend|ls,blend,ls,-,-,0.284,0.377,-0.1361,0.396,1.3,0.154,2754
crypto,LINKUSDT,1d,entry,strength|ls,strength,ls,-,-,0.434,0.637,-0.1809,0.44,4.3,0.3535,2754
crypto,LINKUSDT,1d,direction,"ema|fast50,slow200|reversal|long_only",ema,long_only,reversal,-,0.915,1.128,-0.1515,0.33,0.5,1.2307,2754
crypto,LINKUSDT,1d,direction,"ema|fast50,slow200|reversal|short_only",ema,short_only,reversal,-,-0.051,-0.049,-0.2599,0.242,0.5,-0.0704,2754
crypto,LINKUSDT,1d,direction,"ema|fast50,slow200|reversal|asym",ema,asym,reversal,-,0.879,1.332,-0.1564,0.527,0.6,1.1988,2754
crypto,LINKUSDT,1d,exit,"ema|fast50,slow200|atr_trailing|ls",ema,ls,atr_trailing,-,0.425,0.647,-0.4006,0.462,3.2,0.5059,2754
crypto,LINKUSDT,1d,exit,"ema|fast50,slow200|channel|ls",ema,ls,channel,-,0.447,0.684,-0.3729,0.495,4.4,0.545,2754
crypto,LINKUSDT,1d,gate,"ema|fast50,slow200|g:adx|reversal|ls",ema,ls,reversal,adx,0.646,1.02,-0.2414,0.538,1.0,0.9691,2754
crypto,LINKUSDT,1d,gate,"ema|fast50,slow200|g:ltf|reversal|ls",ema,ls,reversal,ltf,0.689,1.085,-0.2148,0.538,0.9,1.0734,2754
crypto,LINKUSDT,1d,gate,"ema|fast50,slow200|g:vol|reversal|ls",ema,ls,reversal,vol,0.189,0.255,-0.2261,0.418,0.8,0.1322,2754
crypto,LINKUSDT,1d,headline,blend|long_only,blend,long_only,-,-,0.753,0.787,-0.0758,0.319,0.5,0.3622,2754
crypto,LINKUSDT,1d,headline,blend|asym,blend,asym,-,-,0.62,0.855,-0.0924,0.396,0.8,0.299,2754
crypto,LINKUSDT,4h,entry,"ema|fast20,slow100|reversal|ls",ema,ls,reversal,-,0.209,0.323,-0.2733,0.527,13.7,0.1721,2754
crypto,LINKUSDT,4h,entry,"ema|fast50,slow200|reversal|ls",ema,ls,reversal,-,0.285,0.427,-0.3364,0.527,7.6,0.2878,2754
crypto,LINKUSDT,4h,entry,"ema|fast100,slow300|reversal|ls",ema,ls,reversal,-,-0.013,-0.019,-0.4058,0.56,6.3,-0.1146,2754
crypto,LINKUSDT,4h,entry,"sma|fast50,slow200|reversal|ls",sma,ls,reversal,-,0.328,0.489,-0.3061,0.495,8.0,0.359,2754
crypto,LINKUSDT,4h,entry,tsmom|lookback30|reversal|ls,tsmom,ls,reversal,-,-0.184,-0.282,-0.4302,0.495,64.6,-0.2842,2754
crypto,LINKUSDT,4h,entry,tsmom|lookback90|reversal|ls,tsmom,ls,reversal,-,-0.038,-0.054,-0.3477,0.473,40.3,-0.1436,2754
crypto,LINKUSDT,4h,entry,"macd|fast12,slow26|reversal|ls",macd,ls,reversal,-,-0.221,-0.305,-0.4054,0.44,62.5,-0.3128,2754
crypto,LINKUSDT,4h,entry,donchian|lookback55|reversal|ls,donchian,ls,reversal,-,-0.257,-0.364,-0.4964,0.495,10.6,-0.3502,2754
crypto,LINKUSDT,4h,entry,blend|ls,blend,ls,-,-,0.182,0.248,-0.1697,0.473,8.9,0.0937,2754
crypto,LINKUSDT,4h,entry,strength|ls,strength,ls,-,-,-0.008,-0.011,-0.2298,0.44,29.0,-0.0474,2754
crypto,LINKUSDT,4h,direction,"ema|fast50,slow200|reversal|long_only",ema,long_only,reversal,-,0.688,0.828,-0.2087,0.418,3.8,0.7612,2754
crypto,LINKUSDT,4h,direction,"ema|fast50,slow200|reversal|short_only",ema,short_only,reversal,-,-0.298,-0.29,-0.3807,0.374,3.8,-0.2666,2754
crypto,LINKUSDT,4h,direction,"ema|fast50,slow200|reversal|asym",ema,asym,reversal,-,0.578,0.848,-0.2284,0.527,4.9,0.6215,2754
crypto,LINKUSDT,4h,exit,"ema|fast50,slow200|atr_trailing|ls",ema,ls,atr_trailing,-,0.108,0.162,-0.2983,0.473,22.2,0.0325,2754
crypto,LINKUSDT,4h,exit,"ema|fast50,slow200|channel|ls",ema,ls,channel,-,-0.039,-0.059,-0.4311,0.451,28.5,-0.1407,2754
crypto,LINKUSDT,4h,gate,"ema|fast50,slow200|g:adx|reversal|ls",ema,ls,reversal,adx,0.267,0.402,-0.3602,0.516,7.1,0.2587,2754
crypto,LINKUSDT,4h,gate,"ema|fast50,slow200|g:ltf|reversal|ls",ema,ls,reversal,ltf,0.285,0.427,-0.3364,0.527,7.6,0.2878,2754
crypto,LINKUSDT,4h,gate,"ema|fast50,slow200|g:vol|reversal|ls",ema,ls,reversal,vol,0.279,0.412,-0.3624,0.516,7.3,0.2769,2754
crypto,LINKUSDT,4h,headline,blend|long_only,blend,long_only,-,-,0.724,0.855,-0.0967,0.352,4.1,0.3495,2754
crypto,LINKUSDT,4h,headline,blend|asym,blend,asym,-,-,0.559,0.833,-0.1103,0.429,5.6,0.2713,2754
crypto,LINKUSDT,1h,entry,"ema|fast20,slow100|reversal|ls",ema,ls,reversal,-,-0.078,-0.133,-0.5065,0.582,61.8,-0.1589,2388
crypto,LINKUSDT,1h,entry,"ema|fast50,slow200|reversal|ls",ema,ls,reversal,-,0.487,0.861,-0.2953,0.557,35.7,0.5437,2388
crypto,LINKUSDT,1h,entry,"ema|fast100,slow300|reversal|ls",ema,ls,reversal,-,0.103,0.177,-0.3454,0.532,27.3,0.0228,2388
crypto,LINKUSDT,1h,entry,"sma|fast50,slow200|reversal|ls",sma,ls,reversal,-,0.324,0.566,-0.3298,0.557,35.9,0.2963,2388
crypto,LINKUSDT,1h,entry,tsmom|lookback30|reversal|ls,tsmom,ls,reversal,-,-1.563,-2.565,-0.8477,0.354,284.3,-0.8342,2388
crypto,LINKUSDT,1h,entry,tsmom|lookback90|reversal|ls,tsmom,ls,reversal,-,0.174,0.297,-0.4105,0.582,170.8,0.1043,2388
crypto,LINKUSDT,1h,entry,"macd|fast12,slow26|reversal|ls",macd,ls,reversal,-,-0.951,-1.472,-0.7229,0.392,274.2,-0.6678,2388
crypto,LINKUSDT,1h,entry,donchian|lookback55|reversal|ls,donchian,ls,reversal,-,-0.032,-0.05,-0.4419,0.532,44.9,-0.1194,2388
crypto,LINKUSDT,1h,entry,blend|ls,blend,ls,-,-,0.166,0.34,-0.1629,0.456,38.1,0.0684,2388
crypto,LINKUSDT,1h,entry,strength|ls,strength,ls,-,-,-0.183,-0.363,-0.3294,0.506,124.4,-0.1479,2388
crypto,LINKUSDT,1h,direction,"ema|fast50,slow200|reversal|long_only",ema,long_only,reversal,-,0.676,0.898,-0.2182,0.532,17.7,0.6011,2388
crypto,LINKUSDT,1h,direction,"ema|fast50,slow200|reversal|short_only",ema,short_only,reversal,-,0.018,0.023,-0.2094,0.418,18.0,-0.0301,2388
crypto,LINKUSDT,1h,direction,"ema|fast50,slow200|reversal|asym",ema,asym,reversal,-,0.653,1.015,-0.2377,0.57,23.1,0.599,2388
crypto,LINKUSDT,1h,exit,"ema|fast50,slow200|atr_trailing|ls",ema,ls,atr_trailing,-,-0.218,-0.382,-0.4527,0.519,97.9,-0.2736,2388
crypto,LINKUSDT,1h,exit,"ema|fast50,slow200|channel|ls",ema,ls,channel,-,-0.411,-0.704,-0.5214,0.43,124.3,-0.42,2388
crypto,LINKUSDT,1h,gate,"ema|fast50,slow200|g:adx|reversal|ls",ema,ls,reversal,adx,0.615,1.086,-0.3016,0.582,31.9,0.767,2388
crypto,LINKUSDT,1h,gate,"ema|fast50,slow200|g:ltf|reversal|ls",ema,ls,reversal,ltf,0.487,0.861,-0.2953,0.557,35.7,0.5437,2388
crypto,LINKUSDT,1h,gate,"ema|fast50,slow200|g:vol|reversal|ls",ema,ls,reversal,vol,0.385,0.662,-0.3125,0.532,35.1,0.3845,2388
crypto,LINKUSDT,1h,headline,blend|long_only,blend,long_only,-,-,0.448,0.72,-0.1228,0.456,18.3,0.1649,2388
crypto,LINKUSDT,1h,headline,blend|asym,blend,asym,-,-,0.369,0.718,-0.1345,0.544,24.2,0.1384,2388
crypto,LINKUSDT,15m,entry,"ema|fast20,slow100|reversal|ls",ema,ls,reversal,-,-0.426,-0.67,-0.5615,0.43,243.0,-0.4296,2388
crypto,LINKUSDT,15m,entry,"ema|fast50,slow200|reversal|ls",ema,ls,reversal,-,0.017,0.028,-0.4448,0.544,142.6,-0.0673,2388
crypto,LINKUSDT,15m,entry,"ema|fast100,slow300|reversal|ls",ema,ls,reversal,-,0.1,0.169,-0.4578,0.544,106.4,0.019,2388
crypto,LINKUSDT,15m,entry,"sma|fast50,slow200|reversal|ls",sma,ls,reversal,-,-0.217,-0.352,-0.5771,0.481,146.2,-0.2744,2388
crypto,LINKUSDT,15m,entry,tsmom|lookback30|reversal|ls,tsmom,ls,reversal,-,-5.397,-8.18,-0.9981,0.063,1277.6,-0.9981,2388
crypto,LINKUSDT,15m,entry,tsmom|lookback90|reversal|ls,tsmom,ls,reversal,-,-2.353,-3.671,-0.9389,0.266,724.3,-0.9362,2388
crypto,LINKUSDT,15m,entry,"macd|fast12,slow26|reversal|ls",macd,ls,reversal,-,-5.376,-8.297,-0.9976,0.063,1176.5,-0.9975,2388
crypto,LINKUSDT,15m,entry,donchian|lookback55|reversal|ls,donchian,ls,reversal,-,-0.882,-1.349,-0.6778,0.405,187.2,-0.6498,2388
crypto,LINKUSDT,15m,entry,blend|ls,blend,ls,-,-,-0.43,-1.105,-0.3086,0.43,155.8,-0.214,2388
crypto,LINKUSDT,15m,entry,strength|ls,strength,ls,-,-,-2.502,-5.356,-0.8251,0.241,532.4,-0.819,2388
crypto,LINKUSDT,15m,direction,"ema|fast50,slow200|reversal|long_only",ema,long_only,reversal,-,0.213,0.363,-0.3031,0.519,70.4,0.1256,2388
crypto,LINKUSDT,15m,direction,"ema|fast50,slow200|reversal|short_only",ema,short_only,reversal,-,-0.158,-0.268,-0.2425,0.494,72.2,-0.1514,2388
crypto,LINKUSDT,15m,direction,"ema|fast50,slow200|reversal|asym",ema,asym,reversal,-,0.154,0.256,-0.3441,0.532,92.1,0.0773,2388
crypto,LINKUSDT,15m,exit,"ema|fast50,slow200|atr_trailing|ls",ema,ls,atr_trailing,-,-1.183,-1.985,-0.7858,0.278,411.8,-0.7435,2388
crypto,LINKUSDT,15m,exit,"ema|fast50,slow200|channel|ls",ema,ls,channel,-,-1.971,-3.257,-0.9027,0.278,537.5,-0.8919,2388
crypto,LINKUSDT,15m,gate,"ema|fast50,slow200|g:adx|reversal|ls",ema,ls,reversal,adx,0.24,0.407,-0.3924,0.506,128.1,0.184,2388
crypto,LINKUSDT,15m,gate,"ema|fast50,slow200|g:ltf|reversal|ls",ema,ls,reversal,ltf,0.017,0.028,-0.4448,0.544,142.6,-0.0673,2388
crypto,LINKUSDT,15m,gate,"ema|fast50,slow200|g:vol|reversal|ls",ema,ls,reversal,vol,-0.142,-0.229,-0.4691,0.494,141.0,-0.2159,2388
crypto,LINKUSDT,15m,headline,blend|long_only,blend,long_only,-,-,-0.093,-0.219,-0.1724,0.43,76.3,-0.0424,2388
crypto,LINKUSDT,15m,headline,blend|asym,blend,asym,-,-,-0.233,-0.572,-0.2107,0.43,100.1,-0.0937,2388
crypto,LINKUSDT,5m,entry,"ema|fast20,slow100|reversal|ls",ema,ls,reversal,-,-2.358,-3.868,-0.9323,0.165,790.6,-0.9309,2388
crypto,LINKUSDT,5m,entry,"ema|fast50,slow200|reversal|ls",ema,ls,reversal,-,-0.992,-1.592,-0.7425,0.392,444.0,-0.684,2388
crypto,LINKUSDT,5m,entry,"ema|fast100,slow300|reversal|ls",ema,ls,reversal,-,-0.54,-0.884,-0.6136,0.481,327.3,-0.4879,2388
crypto,LINKUSDT,5m,entry,"sma|fast50,slow200|reversal|ls",sma,ls,reversal,-,-1.558,-2.496,-0.8729,0.304,456.0,-0.8315,2388
crypto,LINKUSDT,5m,entry,tsmom|lookback30|reversal|ls,tsmom,ls,reversal,-,-14.875,-19.025,-1.0,0.0,3989.1,-1.0,2388
crypto,LINKUSDT,5m,entry,tsmom|lookback90|reversal|ls,tsmom,ls,reversal,-,-8.816,-12.183,-1.0,0.025,2416.0,-1.0,2388
crypto,LINKUSDT,5m,entry,"macd|fast12,slow26|reversal|ls",macd,ls,reversal,-,-15.44,-20.182,-1.0,0.0,3700.9,-1.0,2388
crypto,LINKUSDT,5m,entry,donchian|lookback55|reversal|ls,donchian,ls,reversal,-,-2.59,-4.198,-0.9432,0.228,592.2,-0.9429,2388
crypto,LINKUSDT,5m,entry,blend|ls,blend,ls,-,-,-3.319,-7.601,-0.8215,0.114,493.8,-0.821,2388
crypto,LINKUSDT,5m,entry,strength|ls,strength,ls,-,-,-9.887,-16.517,-0.9992,0.0,1714.2,-0.9992,2388
crypto,LINKUSDT,5m,direction,"ema|fast50,slow200|reversal|long_only",ema,long_only,reversal,-,-0.647,-1.297,-0.54,0.392,221.6,-0.4134,2388
crypto,LINKUSDT,5m,direction,"ema|fast50,slow200|reversal|short_only",ema,short_only,reversal,-,-0.655,-1.392,-0.4463,0.43,222.4,-0.4168,2388
crypto,LINKUSDT,5m,direction,"ema|fast50,slow200|reversal|asym",ema,asym,reversal,-,-0.826,-1.438,-0.6028,0.38,288.3,-0.5039,2388
crypto,LINKUSDT,5m,exit,"ema|fast50,slow200|atr_trailing|ls",ema,ls,atr_trailing,-,-5.27,-8.185,-0.9972,0.089,1389.3,-0.9972,2388
crypto,LINKUSDT,5m,exit,"ema|fast50,slow200|channel|ls",ema,ls,channel,-,-6.924,-10.291,-0.9997,0.051,1779.0,-0.9997,2388
crypto,LINKUSDT,5m,gate,"ema|fast50,slow200|g:adx|reversal|ls",ema,ls,reversal,adx,-0.608,-1.011,-0.6067,0.468,388.4,-0.5174,2388
crypto,LINKUSDT,5m,gate,"ema|fast50,slow200|g:ltf|reversal|ls",ema,ls,reversal,ltf,-0.992,-1.592,-0.7425,0.392,444.0,-0.684,2388
crypto,LINKUSDT,5m,gate,"ema|fast50,slow200|g:vol|reversal|ls",ema,ls,reversal,vol,-1.142,-1.804,-0.7723,0.405,434.3,-0.7321,2388
crypto,LINKUSDT,5m,headline,blend|long_only,blend,long_only,-,-,-2.342,-5.764,-0.5847,0.203,245.1,-0.5645,2388
crypto,LINKUSDT,5m,headline,blend|asym,blend,asym,-,-,-2.921,-6.829,-0.6723,0.101,319.7,-0.664,2388
crypto,XLMUSDT,1d,entry,"ema|fast20,slow100|reversal|ls",ema,ls,reversal,-,-0.192,-0.27,-0.3678,0.404,2.6,-0.3403,2984
crypto,XLMUSDT,1d,entry,"ema|fast50,slow200|reversal|ls",ema,ls,reversal,-,-0.264,-0.274,-0.6275,0.495,1.3,-0.4109,2984
crypto,XLMUSDT,1d,entry,"ema|fast100,slow300|reversal|ls",ema,ls,reversal,-,-0.026,-0.027,-0.4612,0.505,0.9,-0.1611,2984
crypto,XLMUSDT,1d,entry,"sma|fast50,slow200|reversal|ls",sma,ls,reversal,-,-0.659,-0.741,-0.693,0.414,1.6,-0.6649,2984
crypto,XLMUSDT,1d,entry,tsmom|lookback30|reversal|ls,tsmom,ls,reversal,-,0.059,0.084,-0.3016,0.495,11.3,-0.0435,2984
crypto,XLMUSDT,1d,entry,tsmom|lookback90|reversal|ls,tsmom,ls,reversal,-,0.173,0.209,-0.4298,0.465,8.8,0.1283,2984
crypto,XLMUSDT,1d,entry,"macd|fast12,slow26|reversal|ls",macd,ls,reversal,-,0.515,0.65,-0.3372,0.525,9.7,0.8727,2984
crypto,XLMUSDT,1d,entry,donchian|lookback55|reversal|ls,donchian,ls,reversal,-,-0.091,-0.128,-0.4101,0.414,1.7,-0.2337,2984
crypto,XLMUSDT,1d,entry,blend|ls,blend,ls,-,-,-0.322,-0.345,-0.252,0.323,1.6,-0.2128,2984
crypto,XLMUSDT,1d,entry,strength|ls,strength,ls,-,-,0.102,0.141,-0.2534,0.364,5.1,0.0442,2984
crypto,XLMUSDT,1d,direction,"ema|fast50,slow200|reversal|long_only",ema,long_only,reversal,-,0.191,0.184,-0.2093,0.162,0.6,0.1193,2984
crypto,XLMUSDT,1d,direction,"ema|fast50,slow200|reversal|short_only",ema,short_only,reversal,-,-0.431,-0.325,-0.5838,0.384,0.7,-0.4733,2984
crypto,XLMUSDT,1d,direction,"ema|fast50,slow200|reversal|asym",ema,asym,reversal,-,-0.014,-0.018,-0.3431,0.495,0.8,-0.0567,2984
crypto,XLMUSDT,1d,exit,"ema|fast50,slow200|atr_trailing|ls",ema,ls,atr_trailing,-,-0.304,-0.317,-0.5902,0.465,3.7,-0.4399,2984
crypto,XLMUSDT,1d,exit,"ema|fast50,slow200|channel|ls",ema,ls,channel,-,-0.235,-0.246,-0.5744,0.485,4.6,-0.3776,2984
crypto,XLMUSDT,1d,gate,"ema|fast50,slow200|g:adx|reversal|ls",ema,ls,reversal,adx,-0.295,-0.307,-0.6177,0.475,1.3,-0.437,2984
crypto,XLMUSDT,1d,gate,"ema|fast50,slow200|g:ltf|reversal|ls",ema,ls,reversal,ltf,-0.264,-0.274,-0.6275,0.495,1.3,-0.4109,2984
crypto,XLMUSDT,1d,gate,"ema|fast50,slow200|g:vol|reversal|ls",ema,ls,reversal,vol,-0.265,-0.247,-0.6054,0.414,1.2,-0.3836,2984
crypto,XLMUSDT,1d,headline,blend|long_only,blend,long_only,-,-,0.172,0.171,-0.0602,0.152,0.4,0.0542,2984
crypto,XLMUSDT,1d,headline,blend|asym,blend,asym,-,-,-0.055,-0.076,-0.0894,0.323,0.8,-0.0301,2984
crypto,XLMUSDT,4h,entry,"ema|fast20,slow100|reversal|ls",ema,ls,reversal,-,0.249,0.334,-0.2247,0.525,14.8,0.2595,2984
crypto,XLMUSDT,4h,entry,"ema|fast50,slow200|reversal|ls",ema,ls,reversal,-,-0.104,-0.147,-0.3439,0.505,10.4,-0.2412,2984
crypto,XLMUSDT,4h,entry,"ema|fast100,slow300|reversal|ls",ema,ls,reversal,-,-0.306,-0.415,-0.4684,0.404,8.1,-0.4329,2984
crypto,XLMUSDT,4h,entry,"sma|fast50,slow200|reversal|ls",sma,ls,reversal,-,-0.237,-0.321,-0.4053,0.475,10.3,-0.3741,2984
crypto,XLMUSDT,4h,entry,tsmom|lookback30|reversal|ls,tsmom,ls,reversal,-,0.462,0.715,-0.3978,0.535,81.4,0.72,2984
crypto,XLMUSDT,4h,entry,tsmom|lookback90|reversal|ls,tsmom,ls,reversal,-,0.027,0.036,-0.365,0.545,42.1,-0.087,2984
crypto,XLMUSDT,4h,entry,"macd|fast12,slow26|reversal|ls",macd,ls,reversal,-,-0.361,-0.483,-0.6465,0.404,75.9,-0.4839,2984
crypto,XLMUSDT,4h,entry,donchian|lookback55|reversal|ls,donchian,ls,reversal,-,-0.299,-0.431,-0.5024,0.434,12.5,-0.4355,2984
crypto,XLMUSDT,4h,entry,blend|ls,blend,ls,-,-,0.213,0.297,-0.1609,0.434,10.6,0.1327,2984
crypto,XLMUSDT,4h,entry,strength|ls,strength,ls,-,-,0.058,0.086,-0.2757,0.455,34.4,0.001,2984
crypto,XLMUSDT,4h,direction,"ema|fast50,slow200|reversal|long_only",ema,long_only,reversal,-,0.109,0.123,-0.2012,0.273,4.6,0.0501,2984
crypto,XLMUSDT,4h,direction,"ema|fast50,slow200|reversal|short_only",ema,short_only,reversal,-,-0.229,-0.224,-0.319,0.444,5.7,-0.2735,2984
crypto,XLMUSDT,4h,direction,"ema|fast50,slow200|reversal|asym",ema,asym,reversal,-,0.028,0.041,-0.2293,0.505,6.3,-0.0329,2984
crypto,XLMUSDT,4h,exit,"ema|fast50,slow200|atr_trailing|ls",ema,ls,atr_trailing,-,-0.361,-0.5,-0.5028,0.455,27.7,-0.4713,2984
crypto,XLMUSDT,4h,exit,"ema|fast50,slow200|channel|ls",ema,ls,channel,-,-0.452,-0.631,-0.5643,0.424,35.1,-0.5388,2984
crypto,XLMUSDT,4h,gate,"ema|fast50,slow200|g:adx|reversal|ls",ema,ls,reversal,adx,-0.101,-0.142,-0.3235,0.475,9.7,-0.2386,2984
crypto,XLMUSDT,4h,gate,"ema|fast50,slow200|g:ltf|reversal|ls",ema,ls,reversal,ltf,-0.104,-0.147,-0.3439,0.505,10.4,-0.2412,2984
crypto,XLMUSDT,4h,gate,"ema|fast50,slow200|g:vol|reversal|ls",ema,ls,reversal,vol,-0.115,-0.157,-0.3233,0.475,10.2,-0.2513,2984
crypto,XLMUSDT,4h,headline,blend|long_only,blend,long_only,-,-,0.53,0.588,-0.1273,0.263,4.0,0.2743,2984
crypto,XLMUSDT,4h,headline,blend|asym,blend,asym,-,-,0.444,0.681,-0.1359,0.424,5.9,0.2357,2984
crypto,XLMUSDT,1h,entry,"ema|fast20,slow100|reversal|ls",ema,ls,reversal,-,0.482,0.755,-0.2582,0.532,68.7,0.5367,2385
crypto,XLMUSDT,1h,entry,"ema|fast50,slow200|reversal|ls",ema,ls,reversal,-,0.234,0.322,-0.2532,0.506,39.2,0.1801,2385
crypto,XLMUSDT,1h,entry,"ema|fast100,slow300|reversal|ls",ema,ls,reversal,-,0.356,0.488,-0.2622,0.557,29.4,0.3502,2385
crypto,XLMUSDT,1h,entry,"sma|fast50,slow200|reversal|ls",sma,ls,reversal,-,0.396,0.551,-0.2307,0.494,40.3,0.4108,2385
crypto,XLMUSDT,1h,entry,tsmom|lookback30|reversal|ls,tsmom,ls,reversal,-,-1.599,-2.714,-0.8565,0.266,360.0,-0.8396,2385
crypto,XLMUSDT,1h,entry,tsmom|lookback90|reversal|ls,tsmom,ls,reversal,-,-0.223,-0.378,-0.4495,0.418,213.6,-0.2787,2385
crypto,XLMUSDT,1h,entry,"macd|fast12,slow26|reversal|ls",macd,ls,reversal,-,-1.396,-2.277,-0.8288,0.329,341.4,-0.8127,2385
crypto,XLMUSDT,1h,entry,donchian|lookback55|reversal|ls,donchian,ls,reversal,-,0.345,0.574,-0.3011,0.481,51.0,0.321,2385
crypto,XLMUSDT,1h,entry,blend|ls,blend,ls,-,-,0.196,0.388,-0.1783,0.468,44.9,0.0871,2385
crypto,XLMUSDT,1h,entry,strength|ls,strength,ls,-,-,-0.23,-0.458,-0.3249,0.38,154.4,-0.1755,2385
crypto,XLMUSDT,1h,direction,"ema|fast50,slow200|reversal|long_only",ema,long_only,reversal,-,0.273,0.327,-0.2059,0.38,18.0,0.1677,2385
crypto,XLMUSDT,1h,direction,"ema|fast50,slow200|reversal|short_only",ema,short_only,reversal,-,0.095,0.097,-0.2184,0.443,21.2,0.0242,2385
crypto,XLMUSDT,1h,direction,"ema|fast50,slow200|reversal|asym",ema,asym,reversal,-,0.284,0.402,-0.1975,0.43,24.3,0.1867,2385
crypto,XLMUSDT,1h,exit,"ema|fast50,slow200|atr_trailing|ls",ema,ls,atr_trailing,-,-0.142,-0.231,-0.3469,0.519,114.1,-0.2118,2385
crypto,XLMUSDT,1h,exit,"ema|fast50,slow200|channel|ls",ema,ls,channel,-,-0.436,-0.701,-0.5188,0.405,146.7,-0.428,2385
crypto,XLMUSDT,1h,gate,"ema|fast50,slow200|g:adx|reversal|ls",ema,ls,reversal,adx,0.267,0.368,-0.299,0.519,35.7,0.2247,2385
crypto,XLMUSDT,1h,gate,"ema|fast50,slow200|g:ltf|reversal|ls",ema,ls,reversal,ltf,0.234,0.322,-0.2532,0.506,39.2,0.1801,2385
crypto,XLMUSDT,1h,gate,"ema|fast50,slow200|g:vol|reversal|ls",ema,ls,reversal,vol,0.078,0.106,-0.3209,0.506,38.4,-0.0091,2385
crypto,XLMUSDT,1h,headline,blend|long_only,blend,long_only,-,-,0.767,1.236,-0.0645,0.38,18.6,0.3178,2385
crypto,XLMUSDT,1h,headline,blend|asym,blend,asym,-,-,0.598,1.211,-0.081,0.418,26.5,0.2488,2385
crypto,XLMUSDT,15m,entry,"ema|fast20,slow100|reversal|ls",ema,ls,reversal,-,-1.093,-1.789,-0.7358,0.329,298.3,-0.7252,2385
crypto,XLMUSDT,15m,entry,"ema|fast50,slow200|reversal|ls",ema,ls,reversal,-,-0.162,-0.265,-0.5421,0.456,173.0,-0.2293,2385
crypto,XLMUSDT,15m,entry,"ema|fast100,slow300|reversal|ls",ema,ls,reversal,-,0.303,0.508,-0.3462,0.519,127.0,0.2676,2385
crypto,XLMUSDT,15m,entry,"sma|fast50,slow200|reversal|ls",sma,ls,reversal,-,-0.495,-0.806,-0.6205,0.468,173.7,-0.4531,2385
crypto,XLMUSDT,15m,entry,tsmom|lookback30|reversal|ls,tsmom,ls,reversal,-,-7.583,-11.078,-0.9999,0.051,1535.3,-0.9999,2385
crypto,XLMUSDT,15m,entry,tsmom|lookback90|reversal|ls,tsmom,ls,reversal,-,-3.955,-6.0,-0.9927,0.127,902.3,-0.9921,2385
crypto,XLMUSDT,15m,entry,"macd|fast12,slow26|reversal|ls",macd,ls,reversal,-,-7.992,-11.692,-0.9999,0.013,1418.2,-0.9999,2385
crypto,XLMUSDT,15m,entry,donchian|lookback55|reversal|ls,donchian,ls,reversal,-,-0.645,-1.058,-0.5897,0.392,215.6,-0.5461,2385
crypto,XLMUSDT,15m,entry,blend|ls,blend,ls,-,-,-1.115,-2.887,-0.4751,0.329,189.2,-0.452,2385
crypto,XLMUSDT,15m,entry,strength|ls,strength,ls,-,-,-3.99,-8.427,-0.9398,0.152,654.1,-0.9374,2385
crypto,XLMUSDT,15m,direction,"ema|fast50,slow200|reversal|long_only",ema,long_only,reversal,-,-0.262,-0.42,-0.42,0.43,83.2,-0.2081,2385
crypto,XLMUSDT,15m,direction,"ema|fast50,slow200|reversal|short_only",ema,short_only,reversal,-,0.103,0.166,-0.244,0.43,89.8,0.035,2385
crypto,XLMUSDT,15m,direction,"ema|fast50,slow200|reversal|asym",ema,asym,reversal,-,-0.232,-0.367,-0.4475,0.418,110.1,-0.2006,2385
crypto,XLMUSDT,15m,exit,"ema|fast50,slow200|atr_trailing|ls",ema,ls,atr_trailing,-,-1.886,-3.153,-0.8844,0.241,500.8,-0.8785,2385
crypto,XLMUSDT,15m,exit,"ema|fast50,slow200|channel|ls",ema,ls,channel,-,-2.437,-3.992,-0.9391,0.228,636.3,-0.9375,2385
crypto,XLMUSDT,15m,gate,"ema|fast50,slow200|g:adx|reversal|ls",ema,ls,reversal,adx,-0.187,-0.305,-0.5037,0.418,152.2,-0.2511,2385
crypto,XLMUSDT,15m,gate,"ema|fast50,slow200|g:ltf|reversal|ls",ema,ls,reversal,ltf,-0.162,-0.265,-0.5421,0.456,173.0,-0.2293,2385
crypto,XLMUSDT,15m,gate,"ema|fast50,slow200|g:vol|reversal|ls",ema,ls,reversal,vol,-0.521,-0.786,-0.5791,0.43,170.5,-0.4848,2385
crypto,XLMUSDT,15m,headline,blend|long_only,blend,long_only,-,-,-0.474,-1.13,-0.2764,0.342,87.8,-0.1694,2385
crypto,XLMUSDT,15m,headline,blend|asym,blend,asym,-,-,-0.757,-1.914,-0.3293,0.316,118.2,-0.2618,2385
crypto,XLMUSDT,5m,entry,"ema|fast20,slow100|reversal|ls",ema,ls,reversal,-,-5.201,-8.115,-0.998,0.101,989.4,-0.998,2385
crypto,XLMUSDT,5m,entry,"ema|fast50,slow200|reversal|ls",ema,ls,reversal,-,-2.239,-3.555,-0.9313,0.241,551.6,-0.9276,2385
crypto,XLMUSDT,5m,entry,"ema|fast100,slow300|reversal|ls",ema,ls,reversal,-,-1.526,-2.472,-0.8451,0.253,410.3,-0.8299,2385
crypto,XLMUSDT,5m,entry,"sma|fast50,slow200|reversal|ls",sma,ls,reversal,-,-2.085,-3.372,-0.9141,0.253,552.7,-0.9122,2385
crypto,XLMUSDT,5m,entry,tsmom|lookback30|reversal|ls,tsmom,ls,reversal,-,-18.068,-21.839,-1.0,0.0,4654.6,-1.0,2385
crypto,XLMUSDT,5m,entry,tsmom|lookback90|reversal|ls,tsmom,ls,reversal,-,-11.891,-15.775,-1.0,0.013,2869.3,-1.0,2385
crypto,XLMUSDT,5m,entry,"macd|fast12,slow26|reversal|ls",macd,ls,reversal,-,-18.795,-22.994,-1.0,0.0,4378.7,-1.0,2385
crypto,XLMUSDT,5m,entry,donchian|lookback55|reversal|ls,donchian,ls,reversal,-,-4.099,-6.686,-0.9907,0.165,722.5,-0.9906,2385
crypto,XLMUSDT,5m,entry,blend|ls,blend,ls,-,-,-4.98,-11.506,-0.9362,0.114,601.6,-0.9357,2385
crypto,XLMUSDT,5m,entry,strength|ls,strength,ls,-,-,-12.188,-20.066,-0.9999,0.013,2050.8,-0.9999,2385
crypto,XLMUSDT,5m,direction,"ema|fast50,slow200|reversal|long_only",ema,long_only,reversal,-,-1.817,-3.629,-0.7748,0.291,273.8,-0.7645,2385
crypto,XLMUSDT,5m,direction,"ema|fast50,slow200|reversal|short_only",ema,short_only,reversal,-,-1.194,-2.387,-0.6529,0.38,277.8,-0.6188,2385
crypto,XLMUSDT,5m,direction,"ema|fast50,slow200|reversal|asym",ema,asym,reversal,-,-2.093,-3.664,-0.8343,0.266,357.2,-0.8291,2385
crypto,XLMUSDT,5m,exit,"ema|fast50,slow200|atr_trailing|ls",ema,ls,atr_trailing,-,-7.584,-11.087,-0.9999,0.038,1728.6,-0.9999,2385
crypto,XLMUSDT,5m,exit,"ema|fast50,slow200|channel|ls",ema,ls,channel,-,-8.947,-12.94,-1.0,0.013,2138.6,-1.0,2385
crypto,XLMUSDT,5m,gate,"ema|fast50,slow200|g:adx|reversal|ls",ema,ls,reversal,adx,-1.862,-2.959,-0.8912,0.278,476.3,-0.8874,2385
crypto,XLMUSDT,5m,gate,"ema|fast50,slow200|g:ltf|reversal|ls",ema,ls,reversal,ltf,-2.239,-3.555,-0.9313,0.241,551.6,-0.9276,2385
crypto,XLMUSDT,5m,gate,"ema|fast50,slow200|g:vol|reversal|ls",ema,ls,reversal,vol,-2.029,-3.223,-0.913,0.278,540.9,-0.907,2385
crypto,XLMUSDT,5m,headline,blend|long_only,blend,long_only,-,-,-3.625,-8.914,-0.7442,0.165,294.2,-0.7443,2385
crypto,XLMUSDT,5m,headline,blend|asym,blend,asym,-,-,-4.419,-10.51,-0.8283,0.165,386.4,-0.8284,2385
crypto,BCHUSDT,1d,entry,"ema|fast20,slow100|reversal|ls",ema,ls,reversal,-,0.204,0.265,-0.271,0.444,2.0,0.1436,2438
crypto,BCHUSDT,1d,entry,"ema|fast50,slow200|reversal|ls",ema,ls,reversal,-,0.126,0.164,-0.3001,0.432,1.4,0.049,2438
crypto,BCHUSDT,1d,entry,"ema|fast100,slow300|reversal|ls",ema,ls,reversal,-,0.153,0.197,-0.3196,0.481,1.3,0.0813,2438
crypto,BCHUSDT,1d,entry,"sma|fast50,slow200|reversal|ls",sma,ls,reversal,-,0.16,0.21,-0.3061,0.407,1.5,0.0896,2438
crypto,BCHUSDT,1d,entry,tsmom|lookback30|reversal|ls,tsmom,ls,reversal,-,0.245,0.372,-0.3086,0.494,13.5,0.1974,2438
crypto,BCHUSDT,1d,entry,tsmom|lookback90|reversal|ls,tsmom,ls,reversal,-,-0.008,-0.012,-0.2919,0.383,7.1,-0.0949,2438
crypto,BCHUSDT,1d,entry,"macd|fast12,slow26|reversal|ls",macd,ls,reversal,-,0.293,0.459,-0.3591,0.494,11.4,0.2631,2438
crypto,BCHUSDT,1d,entry,donchian|lookback55|reversal|ls,donchian,ls,reversal,-,0.049,0.07,-0.3854,0.407,1.8,-0.0351,2438
crypto,BCHUSDT,1d,entry,blend|ls,blend,ls,-,-,0.189,0.256,-0.1752,0.358,1.5,0.0793,2438
crypto,BCHUSDT,1d,entry,strength|ls,strength,ls,-,-,0.198,0.272,-0.1431,0.42,5.1,0.1064,2438
crypto,BCHUSDT,1d,direction,"ema|fast50,slow200|reversal|long_only",ema,long_only,reversal,-,0.342,0.368,-0.151,0.259,0.7,0.2603,2438
crypto,BCHUSDT,1d,direction,"ema|fast50,slow200|reversal|short_only",ema,short_only,reversal,-,-0.192,-0.155,-0.3829,0.247,0.7,-0.1674,2438
crypto,BCHUSDT,1d,direction,"ema|fast50,slow200|reversal|asym",ema,asym,reversal,-,0.28,0.382,-0.1777,0.457,0.9,0.2033,2438
crypto,BCHUSDT,1d,exit,"ema|fast50,slow200|atr_trailing|ls",ema,ls,atr_trailing,-,0.017,0.025,-0.371,0.444,3.9,-0.0631,2438
crypto,BCHUSDT,1d,exit,"ema|fast50,slow200|channel|ls",ema,ls,channel,-,0.065,0.09,-0.356,0.444,4.1,-0.0149,2438
crypto,BCHUSDT,1d,gate,"ema|fast50,slow200|g:adx|reversal|ls",ema,ls,reversal,adx,-0.031,-0.041,-0.3049,0.407,1.3,-0.118,2438
crypto,BCHUSDT,1d,gate,"ema|fast50,slow200|g:ltf|reversal|ls",ema,ls,reversal,ltf,0.126,0.164,-0.3001,0.432,1.4,0.049,2438
crypto,BCHUSDT,1d,gate,"ema|fast50,slow200|g:vol|reversal|ls",ema,ls,reversal,vol,0.013,0.015,-0.3308,0.333,1.0,-0.0558,2438
crypto,BCHUSDT,1d,headline,blend|long_only,blend,long_only,-,-,0.24,0.26,-0.0706,0.235,0.6,0.0701,2438
crypto,BCHUSDT,1d,headline,blend|asym,blend,asym,-,-,0.243,0.353,-0.0722,0.37,0.9,0.0755,2438
crypto,BCHUSDT,4h,entry,"ema|fast20,slow100|reversal|ls",ema,ls,reversal,-,0.216,0.339,-0.4498,0.481,16.1,0.161,2438
crypto,BCHUSDT,4h,entry,"ema|fast50,slow200|reversal|ls",ema,ls,reversal,-,0.014,0.021,-0.4165,0.469,10.3,-0.0773,2438
crypto,BCHUSDT,4h,entry,"ema|fast100,slow300|reversal|ls",ema,ls,reversal,-,-0.006,-0.008,-0.5481,0.469,7.8,-0.0966,2438
crypto,BCHUSDT,4h,entry,"sma|fast50,slow200|reversal|ls",sma,ls,reversal,-,-0.154,-0.226,-0.453,0.407,10.7,-0.2391,2438
crypto,BCHUSDT,4h,entry,tsmom|lookback30|reversal|ls,tsmom,ls,reversal,-,0.098,0.167,-0.432,0.481,83.5,0.0163,2438
crypto,BCHUSDT,4h,entry,tsmom|lookback90|reversal|ls,tsmom,ls,reversal,-,0.014,0.023,-0.4875,0.469,46.9,-0.0756,2438
crypto,BCHUSDT,4h,entry,"macd|fast12,slow26|reversal|ls",macd,ls,reversal,-,-0.243,-0.359,-0.4006,0.469,73.0,-0.296,2438
crypto,BCHUSDT,4h,entry,donchian|lookback55|reversal|ls,donchian,ls,reversal,-,-0.236,-0.382,-0.6149,0.395,12.7,-0.3039,2438
crypto,BCHUSDT,4h,entry,blend|ls,blend,ls,-,-,0.113,0.177,-0.2761,0.358,10.4,0.0415,2438
crypto,BCHUSDT,4h,entry,strength|ls,strength,ls,-,-,-0.16,-0.257,-0.4123,0.358,35.2,-0.1453,2438
crypto,BCHUSDT,4h,direction,"ema|fast50,slow200|reversal|long_only",ema,long_only,reversal,-,0.232,0.256,-0.1922,0.296,4.8,0.1447,2438
crypto,BCHUSDT,4h,direction,"ema|fast50,slow200|reversal|short_only",ema,short_only,reversal,-,-0.193,-0.213,-0.4259,0.333,5.5,-0.1923,2438
crypto,BCHUSDT,4h,direction,"ema|fast50,slow200|reversal|asym",ema,asym,reversal,-,0.16,0.23,-0.1971,0.444,6.4,0.0841,2438
crypto,BCHUSDT,4h,exit,"ema|fast50,slow200|atr_trailing|ls",ema,ls,atr_trailing,-,-0.172,-0.255,-0.4754,0.444,27.8,-0.254,2438
crypto,BCHUSDT,4h,exit,"ema|fast50,slow200|channel|ls",ema,ls,channel,-,0.253,0.396,-0.406,0.481,32.1,0.2105,2438
crypto,BCHUSDT,4h,gate,"ema|fast50,slow200|g:adx|reversal|ls",ema,ls,reversal,adx,-0.041,-0.063,-0.4253,0.457,9.5,-0.1336,2438
crypto,BCHUSDT,4h,gate,"ema|fast50,slow200|g:ltf|reversal|ls",ema,ls,reversal,ltf,0.014,0.021,-0.4165,0.469,10.3,-0.0773,2438
crypto,BCHUSDT,4h,gate,"ema|fast50,slow200|g:vol|reversal|ls",ema,ls,reversal,vol,-0.173,-0.255,-0.4905,0.432,10.0,-0.2455,2438
crypto,BCHUSDT,4h,headline,blend|long_only,blend,long_only,-,-,0.299,0.333,-0.1073,0.235,4.3,0.1072,2438
crypto,BCHUSDT,4h,headline,blend|asym,blend,asym,-,-,0.247,0.373,-0.1429,0.358,6.1,0.0903,2438
crypto,BCHUSDT,1h,entry,"ema|fast20,slow100|reversal|ls",ema,ls,reversal,-,0.296,0.513,-0.4014,0.506,74.3,0.2686,2404
crypto,BCHUSDT,1h,entry,"ema|fast50,slow200|reversal|ls",ema,ls,reversal,-,0.156,0.251,-0.4148,0.519,43.3,0.0826,2404
crypto,BCHUSDT,1h,entry,"ema|fast100,slow300|reversal|ls",ema,ls,reversal,-,0.082,0.125,-0.4386,0.481,31.4,-0.0048,2404
crypto,BCHUSDT,1h,entry,"sma|fast50,slow200|reversal|ls",sma,ls,reversal,-,0.284,0.487,-0.3888,0.519,43.3,0.254,2404
crypto,BCHUSDT,1h,entry,tsmom|lookback30|reversal|ls,tsmom,ls,reversal,-,-1.755,-2.962,-0.8883,0.304,373.9,-0.8786,2404
crypto,BCHUSDT,1h,entry,tsmom|lookback90|reversal|ls,tsmom,ls,reversal,-,-0.22,-0.379,-0.5819,0.481,213.6,-0.2972,2404
crypto,BCHUSDT,1h,entry,"macd|fast12,slow26|reversal|ls",macd,ls,reversal,-,-1.041,-1.656,-0.801,0.354,318.4,-0.7333,2404
crypto,BCHUSDT,1h,entry,donchian|lookback55|reversal|ls,donchian,ls,reversal,-,0.204,0.351,-0.3959,0.519,52.5,0.145,2404
crypto,BCHUSDT,1h,entry,blend|ls,blend,ls,-,-,0.075,0.154,-0.2636,0.481,43.9,0.0183,2404
crypto,BCHUSDT,1h,entry,strength|ls,strength,ls,-,-,-0.179,-0.365,-0.3755,0.456,150.5,-0.1571,2404
crypto,BCHUSDT,1h,direction,"ema|fast50,slow200|reversal|long_only",ema,long_only,reversal,-,0.293,0.367,-0.212,0.468,20.5,0.2021,2404
crypto,BCHUSDT,1h,direction,"ema|fast50,slow200|reversal|short_only",ema,short_only,reversal,-,-0.052,-0.062,-0.3841,0.443,22.8,-0.0914,2404
crypto,BCHUSDT,1h,direction,"ema|fast50,slow200|reversal|asym",ema,asym,reversal,-,0.261,0.395,-0.2311,0.557,27.3,0.1784,2404
crypto,BCHUSDT,1h,exit,"ema|fast50,slow200|atr_trailing|ls",ema,ls,atr_trailing,-,-0.612,-0.985,-0.6657,0.456,114.7,-0.5528,2404
crypto,BCHUSDT,1h,exit,"ema|fast50,slow200|channel|ls",ema,ls,channel,-,-0.59,-0.95,-0.6581,0.418,137.5,-0.5364,2404
crypto,BCHUSDT,1h,gate,"ema|fast50,slow200|g:adx|reversal|ls",ema,ls,reversal,adx,0.108,0.173,-0.3628,0.519,40.1,0.0254,2404
crypto,BCHUSDT,1h,gate,"ema|fast50,slow200|g:ltf|reversal|ls",ema,ls,reversal,ltf,0.156,0.251,-0.4148,0.519,43.3,0.0826,2404
crypto,BCHUSDT,1h,gate,"ema|fast50,slow200|g:vol|reversal|ls",ema,ls,reversal,vol,0.089,0.141,-0.4335,0.506,42.7,0.0033,2404
crypto,BCHUSDT,1h,headline,blend|long_only,blend,long_only,-,-,0.072,0.107,-0.1542,0.354,19.7,0.0166,2404
crypto,BCHUSDT,1h,headline,blend|asym,blend,asym,-,-,0.081,0.151,-0.1786,0.443,27.0,0.0207,2404
crypto,BCHUSDT,15m,entry,"ema|fast20,slow100|reversal|ls",ema,ls,reversal,-,-1.158,-1.957,-0.8187,0.38,316.3,-0.7666,2404
crypto,BCHUSDT,15m,entry,"ema|fast50,slow200|reversal|ls",ema,ls,reversal,-,-0.328,-0.56,-0.5513,0.43,175.5,-0.3732,2404
crypto,BCHUSDT,15m,entry,"ema|fast100,slow300|reversal|ls",ema,ls,reversal,-,0.208,0.358,-0.3257,0.557,129.5,0.1483,2404
crypto,BCHUSDT,15m,entry,"sma|fast50,slow200|reversal|ls",sma,ls,reversal,-,-0.662,-1.058,-0.6588,0.38,184.7,-0.5721,2404
crypto,BCHUSDT,15m,entry,tsmom|lookback30|reversal|ls,tsmom,ls,reversal,-,-6.617,-10.157,-0.9998,0.051,1591.4,-0.9998,2404
crypto,BCHUSDT,15m,entry,tsmom|lookback90|reversal|ls,tsmom,ls,reversal,-,-3.706,-5.994,-0.9908,0.101,956.1,-0.9906,2404
crypto,BCHUSDT,15m,entry,"macd|fast12,slow26|reversal|ls",macd,ls,reversal,-,-6.644,-9.653,-0.9996,0.038,1426.9,-0.9996,2404
crypto,BCHUSDT,15m,entry,donchian|lookback55|reversal|ls,donchian,ls,reversal,-,-1.232,-2.147,-0.8167,0.329,224.9,-0.7823,2404
crypto,BCHUSDT,15m,entry,blend|ls,blend,ls,-,-,-0.903,-2.513,-0.4866,0.38,184.1,-0.4142,2404
crypto,BCHUSDT,15m,entry,strength|ls,strength,ls,-,-,-3.241,-7.509,-0.9206,0.19,652.6,-0.9133,2404
crypto,BCHUSDT,15m,direction,"ema|fast50,slow200|reversal|long_only",ema,long_only,reversal,-,-0.138,-0.232,-0.3592,0.43,85.3,-0.1467,2404
crypto,BCHUSDT,15m,direction,"ema|fast50,slow200|reversal|short_only",ema,short_only,reversal,-,-0.277,-0.471,-0.4011,0.418,90.2,-0.238,2404
crypto,BCHUSDT,15m,direction,"ema|fast50,slow200|reversal|asym",ema,asym,reversal,-,-0.221,-0.367,-0.401,0.405,112.3,-0.2104,2404
crypto,BCHUSDT,15m,exit,"ema|fast50,slow200|atr_trailing|ls",ema,ls,atr_trailing,-,-1.397,-2.418,-0.851,0.342,491.0,-0.8117,2404
crypto,BCHUSDT,15m,exit,"ema|fast50,slow200|channel|ls",ema,ls,channel,-,-1.984,-3.47,-0.911,0.177,604.1,-0.902,2404
crypto,BCHUSDT,15m,gate,"ema|fast50,slow200|g:adx|reversal|ls",ema,ls,reversal,adx,-0.165,-0.283,-0.4836,0.532,158.0,-0.2419,2404
crypto,BCHUSDT,15m,gate,"ema|fast50,slow200|g:ltf|reversal|ls",ema,ls,reversal,ltf,-0.328,-0.56,-0.5513,0.43,175.5,-0.3732,2404
crypto,BCHUSDT,15m,gate,"ema|fast50,slow200|g:vol|reversal|ls",ema,ls,reversal,vol,-0.33,-0.557,-0.5692,0.418,173.0,-0.3759,2404
crypto,BCHUSDT,15m,headline,blend|long_only,blend,long_only,-,-,-0.572,-1.369,-0.2544,0.392,86.1,-0.2048,2404
crypto,BCHUSDT,15m,headline,blend|asym,blend,asym,-,-,-0.754,-1.931,-0.3208,0.354,115.5,-0.2706,2404
crypto,BCHUSDT,5m,entry,"ema|fast20,slow100|reversal|ls",ema,ls,reversal,-,-3.975,-6.462,-0.9931,0.127,1001.6,-0.9928,2404
crypto,BCHUSDT,5m,entry,"ema|fast50,slow200|reversal|ls",ema,ls,reversal,-,-2.373,-3.883,-0.9495,0.241,570.4,-0.9458,2404
crypto,BCHUSDT,5m,entry,"ema|fast100,slow300|reversal|ls",ema,ls,reversal,-,-1.539,-2.546,-0.8781,0.342,416.7,-0.843,2404
crypto,BCHUSDT,5m,entry,"sma|fast50,slow200|reversal|ls",sma,ls,reversal,-,-2.208,-3.748,-0.9381,0.266,568.1,-0.9308,2404
crypto,BCHUSDT,5m,entry,tsmom|lookback30|reversal|ls,tsmom,ls,reversal,-,-17.577,-21.884,-1.0,0.0,5078.7,-1.0,2404
crypto,BCHUSDT,5m,entry,tsmom|lookback90|reversal|ls,tsmom,ls,reversal,-,-10.758,-14.83,-1.0,0.013,3097.7,-1.0,2404
crypto,BCHUSDT,5m,entry,"macd|fast12,slow26|reversal|ls",macd,ls,reversal,-,-16.818,-21.531,-1.0,0.0,4482.4,-1.0,2404
crypto,BCHUSDT,5m,entry,donchian|lookback55|reversal|ls,donchian,ls,reversal,-,-3.689,-5.897,-0.9885,0.165,728.3,-0.9877,2404
crypto,BCHUSDT,5m,entry,blend|ls,blend,ls,-,-,-4.416,-10.337,-0.9215,0.089,592.0,-0.9198,2404
crypto,BCHUSDT,5m,entry,strength|ls,strength,ls,-,-,-11.352,-19.158,-0.9999,0.013,2103.6,-0.9999,2404
crypto,BCHUSDT,5m,direction,"ema|fast50,slow200|reversal|long_only",ema,long_only,reversal,-,-1.714,-3.632,-0.7798,0.278,283.4,-0.7598,2404
crypto,BCHUSDT,5m,direction,"ema|fast50,slow200|reversal|short_only",ema,short_only,reversal,-,-1.59,-3.238,-0.7727,0.342,287.0,-0.7443,2404
crypto,BCHUSDT,5m,direction,"ema|fast50,slow200|reversal|asym",ema,asym,reversal,-,-2.103,-3.792,-0.8537,0.266,369.5,-0.8426,2404
crypto,BCHUSDT,5m,exit,"ema|fast50,slow200|atr_trailing|ls",ema,ls,atr_trailing,-,-6.681,-10.555,-0.9997,0.025,1691.1,-0.9997,2404
crypto,BCHUSDT,5m,exit,"ema|fast50,slow200|channel|ls",ema,ls,channel,-,-7.988,-12.396,-1.0,0.0,2065.1,-1.0,2404
crypto,BCHUSDT,5m,gate,"ema|fast50,slow200|g:adx|reversal|ls",ema,ls,reversal,adx,-1.823,-3.044,-0.8981,0.304,488.7,-0.8909,2404
crypto,BCHUSDT,5m,gate,"ema|fast50,slow200|g:ltf|reversal|ls",ema,ls,reversal,ltf,-2.373,-3.883,-0.9495,0.241,570.4,-0.9458,2404
crypto,BCHUSDT,5m,gate,"ema|fast50,slow200|g:vol|reversal|ls",ema,ls,reversal,vol,-2.331,-3.841,-0.9439,0.266,561.7,-0.941,2404
crypto,BCHUSDT,5m,headline,blend|long_only,blend,long_only,-,-,-3.315,-8.053,-0.7253,0.152,287.5,-0.7146,2404
crypto,BCHUSDT,5m,headline,blend|asym,blend,asym,-,-,-4.022,-9.496,-0.8084,0.114,378.9,-0.8031,2404
crypto,LTCUSDT,1d,entry,"ema|fast20,slow100|reversal|ls",ema,ls,reversal,-,0.22,0.299,-0.376,0.481,2.2,0.2102,3153
crypto,LTCUSDT,1d,entry,"ema|fast50,slow200|reversal|ls",ema,ls,reversal,-,-0.227,-0.302,-0.5761,0.452,1.4,-0.3329,3153
crypto,LTCUSDT,1d,entry,"ema|fast100,slow300|reversal|ls",ema,ls,reversal,-,-0.149,-0.198,-0.513,0.462,1.1,-0.2602,3153
crypto,LTCUSDT,1d,entry,"sma|fast50,slow200|reversal|ls",sma,ls,reversal,-,-0.218,-0.279,-0.5363,0.404,1.4,-0.3224,3153
crypto,LTCUSDT,1d,entry,tsmom|lookback30|reversal|ls,tsmom,ls,reversal,-,0.233,0.328,-0.3699,0.471,14.0,0.2305,3153
crypto,LTCUSDT,1d,entry,tsmom|lookback90|reversal|ls,tsmom,ls,reversal,-,0.181,0.238,-0.4097,0.5,6.2,0.1475,3153
crypto,LTCUSDT,1d,entry,"macd|fast12,slow26|reversal|ls",macd,ls,reversal,-,0.013,0.02,-0.3669,0.538,10.0,-0.081,3153
crypto,LTCUSDT,1d,entry,donchian|lookback55|reversal|ls,donchian,ls,reversal,-,0.051,0.068,-0.3638,0.519,1.7,-0.0331,3153
crypto,LTCUSDT,1d,entry,blend|ls,blend,ls,-,-,0.103,0.128,-0.2033,0.375,1.5,0.0438,3153
crypto,LTCUSDT,1d,entry,strength|ls,strength,ls,-,-,0.261,0.333,-0.2211,0.433,4.8,0.1949,3153
crypto,LTCUSDT,1d,direction,"ema|fast50,slow200|reversal|long_only",ema,long_only,reversal,-,-0.054,-0.045,-0.214,0.202,0.6,-0.089,3153
crypto,LTCUSDT,1d,direction,"ema|fast50,slow200|reversal|short_only",ema,short_only,reversal,-,-0.256,-0.267,-0.5345,0.308,0.8,-0.2675,3153
crypto,LTCUSDT,1d,direction,"ema|fast50,slow200|reversal|asym",ema,asym,reversal,-,-0.132,-0.158,-0.2906,0.481,0.9,-0.1603,3153
crypto,LTCUSDT,1d,exit,"ema|fast50,slow200|atr_trailing|ls",ema,ls,atr_trailing,-,-0.239,-0.321,-0.5615,0.442,4.1,-0.3393,3153
crypto,LTCUSDT,1d,exit,"ema|fast50,slow200|channel|ls",ema,ls,channel,-,-0.088,-0.12,-0.4628,0.471,5.3,-0.1923,3153
crypto,LTCUSDT,1d,gate,"ema|fast50,slow200|g:adx|reversal|ls",ema,ls,reversal,adx,-0.159,-0.212,-0.536,0.462,1.4,-0.2698,3153
crypto,LTCUSDT,1d,gate,"ema|fast50,slow200|g:ltf|reversal|ls",ema,ls,reversal,ltf,-0.227,-0.302,-0.5761,0.452,1.4,-0.3329,3153
crypto,LTCUSDT,1d,gate,"ema|fast50,slow200|g:vol|reversal|ls",ema,ls,reversal,vol,-0.372,-0.453,-0.5321,0.365,1.3,-0.4198,3153
crypto,LTCUSDT,1d,headline,blend|long_only,blend,long_only,-,-,0.051,0.038,-0.1227,0.192,0.5,0.0109,3153
crypto,LTCUSDT,1d,headline,blend|asym,blend,asym,-,-,0.082,0.093,-0.1379,0.385,0.8,0.0242,3153
crypto,LTCUSDT,4h,entry,"ema|fast20,slow100|reversal|ls",ema,ls,reversal,-,0.402,0.648,-0.4712,0.538,17.6,0.5763,3153
crypto,LTCUSDT,4h,entry,"ema|fast50,slow200|reversal|ls",ema,ls,reversal,-,0.324,0.501,-0.363,0.51,9.3,0.4122,3153
crypto,LTCUSDT,4h,entry,"ema|fast100,slow300|reversal|ls",ema,ls,reversal,-,0.3,0.434,-0.3508,0.51,7.3,0.3631,3153
crypto,LTCUSDT,4h,entry,"sma|fast50,slow200|reversal|ls",sma,ls,reversal,-,0.036,0.056,-0.4664,0.471,10.2,-0.0634,3153
crypto,LTCUSDT,4h,entry,tsmom|lookback30|reversal|ls,tsmom,ls,reversal,-,-0.313,-0.508,-0.6381,0.433,82.6,-0.4237,3153
crypto,LTCUSDT,4h,entry,tsmom|lookback90|reversal|ls,tsmom,ls,reversal,-,0.222,0.343,-0.4233,0.462,44.4,0.2205,3153
crypto,LTCUSDT,4h,entry,"macd|fast12,slow26|reversal|ls",macd,ls,reversal,-,-0.234,-0.365,-0.482,0.462,76.4,-0.3439,3153
crypto,LTCUSDT,4h,entry,donchian|lookback55|reversal|ls,donchian,ls,reversal,-,-0.12,-0.186,-0.6206,0.529,12.4,-0.2518,3153
crypto,LTCUSDT,4h,entry,blend|ls,blend,ls,-,-,0.147,0.216,-0.2634,0.442,10.3,0.0802,3153
crypto,LTCUSDT,4h,entry,strength|ls,strength,ls,-,-,0.022,0.034,-0.352,0.442,34.4,-0.027,3153
crypto,LTCUSDT,4h,direction,"ema|fast50,slow200|reversal|long_only",ema,long_only,reversal,-,0.232,0.235,-0.2346,0.308,4.3,0.1903,3153
crypto,LTCUSDT,4h,direction,"ema|fast50,slow200|reversal|short_only",ema,short_only,reversal,-,0.229,0.277,-0.3035,0.404,5.0,0.1895,3153
crypto,LTCUSDT,4h,direction,"ema|fast50,slow200|reversal|asym",ema,asym,reversal,-,0.288,0.39,-0.2341,0.471,5.8,0.2688,3153
crypto,LTCUSDT,4h,exit,"ema|fast50,slow200|atr_trailing|ls",ema,ls,atr_trailing,-,0.255,0.386,-0.3277,0.5,26.1,0.2761,3153
crypto,LTCUSDT,4h,exit,"ema|fast50,slow200|channel|ls",ema,ls,channel,-,0.364,0.562,-0.2864,0.519,30.8,0.4906,3153
crypto,LTCUSDT,4h,gate,"ema|fast50,slow200|g:adx|reversal|ls",ema,ls,reversal,adx,0.369,0.577,-0.3449,0.538,8.6,0.5069,3153
crypto,LTCUSDT,4h,gate,"ema|fast50,slow200|g:ltf|reversal|ls",ema,ls,reversal,ltf,0.324,0.501,-0.363,0.51,9.3,0.4122,3153
crypto,LTCUSDT,4h,gate,"ema|fast50,slow200|g:vol|reversal|ls",ema,ls,reversal,vol,0.336,0.51,-0.3271,0.5,9.2,0.434,3153
crypto,LTCUSDT,4h,headline,blend|long_only,blend,long_only,-,-,-0.08,-0.074,-0.1676,0.221,4.5,-0.0466,3153
crypto,LTCUSDT,4h,headline,blend|asym,blend,asym,-,-,0.015,0.02,-0.1763,0.394,6.3,-0.0061,3153
crypto,LTCUSDT,1h,entry,"ema|fast20,slow100|reversal|ls",ema,ls,reversal,-,-0.213,-0.352,-0.5721,0.418,78.9,-0.2699,2396
crypto,LTCUSDT,1h,entry,"ema|fast50,slow200|reversal|ls",ema,ls,reversal,-,-0.564,-0.907,-0.5881,0.392,46.9,-0.5012,2396
crypto,LTCUSDT,1h,entry,"ema|fast100,slow300|reversal|ls",ema,ls,reversal,-,-0.387,-0.61,-0.5763,0.43,35.2,-0.3952,2396
crypto,LTCUSDT,1h,entry,"sma|fast50,slow200|reversal|ls",sma,ls,reversal,-,-0.333,-0.523,-0.536,0.443,46.1,-0.361,2396
crypto,LTCUSDT,1h,entry,tsmom|lookback30|reversal|ls,tsmom,ls,reversal,-,-2.064,-3.408,-0.9153,0.278,376.6,-0.9029,2396
crypto,LTCUSDT,1h,entry,tsmom|lookback90|reversal|ls,tsmom,ls,reversal,-,-0.571,-0.941,-0.6274,0.481,217.5,-0.5063,2396
crypto,LTCUSDT,1h,entry,"macd|fast12,slow26|reversal|ls",macd,ls,reversal,-,-1.455,-2.268,-0.8279,0.304,339.1,-0.8184,2396
crypto,LTCUSDT,1h,entry,donchian|lookback55|reversal|ls,donchian,ls,reversal,-,-0.585,-0.954,-0.5982,0.43,54.7,-0.5107,2396
crypto,LTCUSDT,1h,entry,blend|ls,blend,ls,-,-,-0.487,-1.0,-0.3164,0.468,45.4,-0.2321,2396
crypto,LTCUSDT,1h,entry,strength|ls,strength,ls,-,-,-0.844,-1.687,-0.5141,0.443,157.3,-0.4441,2396
crypto,LTCUSDT,1h,direction,"ema|fast50,slow200|reversal|long_only",ema,long_only,reversal,-,-0.29,-0.34,-0.4116,0.38,23.1,-0.2297,2396
crypto,LTCUSDT,1h,direction,"ema|fast50,slow200|reversal|short_only",ema,short_only,reversal,-,-0.492,-0.641,-0.433,0.316,23.8,-0.3467,2396
crypto,LTCUSDT,1h,direction,"ema|fast50,slow200|reversal|asym",ema,asym,reversal,-,-0.424,-0.591,-0.4534,0.354,30.2,-0.3166,2396
crypto,LTCUSDT,1h,exit,"ema|fast50,slow200|atr_trailing|ls",ema,ls,atr_trailing,-,-0.659,-1.054,-0.5916,0.418,117.5,-0.5526,2396
crypto,LTCUSDT,1h,exit,"ema|fast50,slow200|channel|ls",ema,ls,channel,-,-1.017,-1.634,-0.7212,0.392,142.2,-0.6959,2396
crypto,LTCUSDT,1h,gate,"ema|fast50,slow200|g:adx|reversal|ls",ema,ls,reversal,adx,-0.644,-1.011,-0.6166,0.443,42.1,-0.546,2396
crypto,LTCUSDT,1h,gate,"ema|fast50,slow200|g:ltf|reversal|ls",ema,ls,reversal,ltf,-0.564,-0.907,-0.5881,0.392,46.9,-0.5012,2396
crypto,LTCUSDT,1h,gate,"ema|fast50,slow200|g:vol|reversal|ls",ema,ls,reversal,vol,-0.584,-0.946,-0.6053,0.43,46.1,-0.507,2396
crypto,LTCUSDT,1h,headline,blend|long_only,blend,long_only,-,-,-0.291,-0.395,-0.212,0.342,22.1,-0.0995,2396
crypto,LTCUSDT,1h,headline,blend|asym,blend,asym,-,-,-0.402,-0.681,-0.2357,0.405,29.1,-0.139,2396
crypto,LTCUSDT,15m,entry,"ema|fast20,slow100|reversal|ls",ema,ls,reversal,-,-1.583,-2.448,-0.8583,0.304,315.1,-0.8469,2396
crypto,LTCUSDT,15m,entry,"ema|fast50,slow200|reversal|ls",ema,ls,reversal,-,-0.932,-1.466,-0.7257,0.367,184.1,-0.6725,2396
crypto,LTCUSDT,15m,entry,"ema|fast100,slow300|reversal|ls",ema,ls,reversal,-,-0.359,-0.604,-0.542,0.481,134.6,-0.3758,2396
crypto,LTCUSDT,15m,entry,"sma|fast50,slow200|reversal|ls",sma,ls,reversal,-,-0.642,-1.021,-0.5941,0.392,188.0,-0.5419,2396
crypto,LTCUSDT,15m,entry,tsmom|lookback30|reversal|ls,tsmom,ls,reversal,-,-7.16,-10.796,-0.9998,0.025,1602.8,-0.9998,2396
crypto,LTCUSDT,15m,entry,tsmom|lookback90|reversal|ls,tsmom,ls,reversal,-,-3.981,-6.288,-0.9916,0.152,959.1,-0.9913,2396
crypto,LTCUSDT,15m,entry,"macd|fast12,slow26|reversal|ls",macd,ls,reversal,-,-7.439,-10.746,-0.9998,0.025,1454.9,-0.9998,2396
crypto,LTCUSDT,15m,entry,donchian|lookback55|reversal|ls,donchian,ls,reversal,-,-1.245,-1.932,-0.7926,0.354,228.4,-0.7754,2396
crypto,LTCUSDT,15m,entry,blend|ls,blend,ls,-,-,-1.732,-4.253,-0.6105,0.291,189.0,-0.588,2396
crypto,LTCUSDT,15m,entry,strength|ls,strength,ls,-,-,-4.188,-8.746,-0.9474,0.114,671.5,-0.9451,2396
crypto,LTCUSDT,15m,direction,"ema|fast50,slow200|reversal|long_only",ema,long_only,reversal,-,-0.515,-0.811,-0.4775,0.456,93.4,-0.3561,2396
crypto,LTCUSDT,15m,direction,"ema|fast50,slow200|reversal|short_only",ema,short_only,reversal,-,-0.766,-1.204,-0.5359,0.38,90.7,-0.4726,2396
crypto,LTCUSDT,15m,direction,"ema|fast50,slow200|reversal|asym",ema,asym,reversal,-,-0.72,-1.108,-0.5414,0.392,120.6,-0.467,2396
crypto,LTCUSDT,15m,exit,"ema|fast50,slow200|atr_trailing|ls",ema,ls,atr_trailing,-,-2.375,-3.762,-0.9409,0.253,510.5,-0.9367,2396
crypto,LTCUSDT,15m,exit,"ema|fast50,slow200|channel|ls",ema,ls,channel,-,-2.982,-4.835,-0.9686,0.177,625.5,-0.9669,2396
crypto,LTCUSDT,15m,gate,"ema|fast50,slow200|g:adx|reversal|ls",ema,ls,reversal,adx,-0.827,-1.317,-0.7056,0.443,161.5,-0.6275,2396
crypto,LTCUSDT,15m,gate,"ema|fast50,slow200|g:ltf|reversal|ls",ema,ls,reversal,ltf,-0.932,-1.466,-0.7257,0.367,184.1,-0.6725,2396
crypto,LTCUSDT,15m,gate,"ema|fast50,slow200|g:vol|reversal|ls",ema,ls,reversal,vol,-0.808,-1.293,-0.6847,0.405,181.5,-0.6215,2396
crypto,LTCUSDT,15m,headline,blend|long_only,blend,long_only,-,-,-1.509,-3.15,-0.4209,0.278,98.1,-0.4036,2396
crypto,LTCUSDT,15m,headline,blend|asym,blend,asym,-,-,-1.726,-3.784,-0.4791,0.215,125.4,-0.464,2396
crypto,LTCUSDT,5m,entry,"ema|fast20,slow100|reversal|ls",ema,ls,reversal,-,-4.699,-7.274,-0.9964,0.051,1030.3,-0.9963,2396
crypto,LTCUSDT,5m,entry,"ema|fast50,slow200|reversal|ls",ema,ls,reversal,-,-2.622,-4.164,-0.9535,0.19,565.6,-0.9506,2396
crypto,LTCUSDT,5m,entry,"ema|fast100,slow300|reversal|ls",ema,ls,reversal,-,-2.06,-3.404,-0.9074,0.203,422.9,-0.9042,2396
crypto,LTCUSDT,5m,entry,"sma|fast50,slow200|reversal|ls",sma,ls,reversal,-,-2.698,-4.328,-0.9562,0.19,571.8,-0.9552,2396
crypto,LTCUSDT,5m,entry,tsmom|lookback30|reversal|ls,tsmom,ls,reversal,-,-17.777,-21.766,-1.0,0.0,4933.3,-1.0,2396
crypto,LTCUSDT,5m,entry,tsmom|lookback90|reversal|ls,tsmom,ls,reversal,-,-11.569,-15.544,-1.0,0.013,3077.1,-1.0,2396
crypto,LTCUSDT,5m,entry,"macd|fast12,slow26|reversal|ls",macd,ls,reversal,-,-18.076,-22.117,-1.0,0.0,4589.9,-1.0,2396
crypto,LTCUSDT,5m,entry,donchian|lookback55|reversal|ls,donchian,ls,reversal,-,-4.328,-6.952,-0.9929,0.089,737.6,-0.9928,2396
crypto,LTCUSDT,5m,entry,blend|ls,blend,ls,-,-,-5.717,-12.626,-0.9499,0.025,604.6,-0.9495,2396
crypto,LTCUSDT,5m,entry,strength|ls,strength,ls,-,-,-13.057,-21.153,-0.9999,0.0,2153.2,-0.9999,2396
crypto,LTCUSDT,5m,direction,"ema|fast50,slow200|reversal|long_only",ema,long_only,reversal,-,-1.847,-3.71,-0.7712,0.304,288.4,-0.7601,2396
crypto,LTCUSDT,5m,direction,"ema|fast50,slow200|reversal|short_only",ema,short_only,reversal,-,-1.811,-3.577,-0.78,0.241,277.2,-0.7692,2396
crypto,LTCUSDT,5m,direction,"ema|fast50,slow200|reversal|asym",ema,asym,reversal,-,-2.301,-4.012,-0.8532,0.253,371.6,-0.8474,2396
crypto,LTCUSDT,5m,exit,"ema|fast50,slow200|atr_trailing|ls",ema,ls,atr_trailing,-,-7.328,-11.135,-0.9998,0.0,1716.5,-0.9998,2396
crypto,LTCUSDT,5m,exit,"ema|fast50,slow200|channel|ls",ema,ls,channel,-,-8.805,-13.11,-1.0,0.013,2108.9,-1.0,2396
crypto,LTCUSDT,5m,gate,"ema|fast50,slow200|g:adx|reversal|ls",ema,ls,reversal,adx,-2.296,-3.617,-0.9346,0.228,488.4,-0.9287,2396
crypto,LTCUSDT,5m,gate,"ema|fast50,slow200|g:ltf|reversal|ls",ema,ls,reversal,ltf,-2.622,-4.164,-0.9535,0.19,565.6,-0.9506,2396
crypto,LTCUSDT,5m,gate,"ema|fast50,slow200|g:vol|reversal|ls",ema,ls,reversal,vol,-2.619,-4.139,-0.9515,0.203,555.9,-0.9487,2396
crypto,LTCUSDT,5m,headline,blend|long_only,blend,long_only,-,-,-4.712,-10.502,-0.8033,0.051,312.9,-0.8001,2396
crypto,LTCUSDT,5m,headline,blend|asym,blend,asym,-,-,-5.493,-11.758,-0.8684,0.063,400.4,-0.8666,2396
crypto,HBARUSDT,1d,entry,"ema|fast20,slow100|reversal|ls",ema,ls,reversal,-,0.252,0.288,-0.3537,0.422,1.3,0.1925,2498
crypto,HBARUSDT,1d,entry,"ema|fast50,slow200|reversal|ls",ema,ls,reversal,-,0.074,0.082,-0.3973,0.398,0.9,0.0029,2498
crypto,HBARUSDT,1d,entry,"ema|fast100,slow300|reversal|ls",ema,ls,reversal,-,-0.022,-0.025,-0.4121,0.386,0.6,-0.0874,2498
crypto,HBARUSDT,1d,entry,"sma|fast50,slow200|reversal|ls",sma,ls,reversal,-,-0.034,-0.038,-0.4515,0.361,0.9,-0.0979,2498
crypto,HBARUSDT,1d,entry,tsmom|lookback30|reversal|ls,tsmom,ls,reversal,-,0.525,0.653,-0.1341,0.398,7.4,0.557,2498
crypto,HBARUSDT,1d,entry,tsmom|lookback90|reversal|ls,tsmom,ls,reversal,-,0.757,1.07,-0.2828,0.446,3.7,0.953,2498
crypto,HBARUSDT,1d,entry,"macd|fast12,slow26|reversal|ls",macd,ls,reversal,-,0.089,0.105,-0.2543,0.386,7.4,0.0174,2498
crypto,HBARUSDT,1d,entry,donchian|lookback55|reversal|ls,donchian,ls,reversal,-,0.626,0.885,-0.295,0.422,1.0,0.7184,2498
crypto,HBARUSDT,1d,entry,blend|ls,blend,ls,-,-,0.262,0.296,-0.1285,0.361,1.1,0.1132,2498
crypto,HBARUSDT,1d,entry,strength|ls,strength,ls,-,-,0.502,0.683,-0.161,0.361,3.2,0.3504,2498
crypto,HBARUSDT,1d,direction,"ema|fast50,slow200|reversal|long_only",ema,long_only,reversal,-,0.268,0.26,-0.1533,0.205,0.4,0.146,2498
crypto,HBARUSDT,1d,direction,"ema|fast50,slow200|reversal|short_only",ema,short_only,reversal,-,-0.118,-0.088,-0.4408,0.241,0.5,-0.1247,2498
crypto,HBARUSDT,1d,direction,"ema|fast50,slow200|reversal|asym",ema,asym,reversal,-,0.209,0.272,-0.2147,0.41,0.5,0.1112,2498
crypto,HBARUSDT,1d,exit,"ema|fast50,slow200|atr_trailing|ls",ema,ls,atr_trailing,-,0.165,0.184,-0.3532,0.434,2.6,0.0953,2498
crypto,HBARUSDT,1d,exit,"ema|fast50,slow200|channel|ls",ema,ls,channel,-,0.131,0.16,-0.3021,0.398,3.1,0.0605,2498
crypto,HBARUSDT,1d,gate,"ema|fast50,slow200|g:adx|reversal|ls",ema,ls,reversal,adx,-0.029,-0.032,-0.432,0.386,0.8,-0.0931,2498
crypto,HBARUSDT,1d,gate,"ema|fast50,slow200|g:ltf|reversal|ls",ema,ls,reversal,ltf,0.074,0.082,-0.3973,0.398,0.9,0.0029,2498
crypto,HBARUSDT,1d,gate,"ema|fast50,slow200|g:vol|reversal|ls",ema,ls,reversal,vol,-0.146,-0.136,-0.3973,0.277,0.8,-0.1718,2498
crypto,HBARUSDT,1d,headline,blend|long_only,blend,long_only,-,-,0.399,0.324,-0.047,0.157,0.3,0.097,2498
crypto,HBARUSDT,1d,headline,blend|asym,blend,asym,-,-,0.387,0.471,-0.0516,0.361,0.5,0.1046,2498
crypto,HBARUSDT,4h,entry,"ema|fast20,slow100|reversal|ls",ema,ls,reversal,-,-0.35,-0.229,-4.2918,0.41,11.5,-3.7569,2498
crypto,HBARUSDT,4h,entry,"ema|fast50,slow200|reversal|ls",ema,ls,reversal,-,-0.3,-0.193,-5.3445,0.482,6.5,-5.2712,2498
crypto,HBARUSDT,4h,entry,"ema|fast100,slow300|reversal|ls",ema,ls,reversal,-,-0.331,-0.214,-5.0714,0.446,5.1,-5.38,2498
crypto,HBARUSDT,4h,entry,"sma|fast50,slow200|reversal|ls",sma,ls,reversal,-,-0.328,-0.21,-5.4387,0.458,7.3,-5.5208,2498
crypto,HBARUSDT,4h,entry,tsmom|lookback30|reversal|ls,tsmom,ls,reversal,-,-0.356,-0.231,-4.2516,0.398,60.1,-3.6123,2498
crypto,HBARUSDT,4h,entry,tsmom|lookback90|reversal|ls,tsmom,ls,reversal,-,-0.387,-0.252,-3.5571,0.398,36.2,-2.9966,2498
crypto,HBARUSDT,4h,entry,"macd|fast12,slow26|reversal|ls",macd,ls,reversal,-,-0.43,-0.281,-3.0654,0.337,57.2,-2.385,2498
crypto,HBARUSDT,4h,entry,donchian|lookback55|reversal|ls,donchian,ls,reversal,-,-0.385,-0.252,-3.9726,0.373,9.2,-3.0338,2498
crypto,HBARUSDT,4h,entry,blend|ls,blend,ls,-,-,-0.352,-0.23,-4.497,0.373,7.8,-4.4412,2498
crypto,HBARUSDT,4h,entry,strength|ls,strength,ls,-,-,-0.367,-0.244,-4.1719,0.398,25.9,-3.7646,2498
crypto,HBARUSDT,4h,direction,"ema|fast50,slow200|reversal|long_only",ema,long_only,reversal,-,0.143,0.097,-0.2425,0.217,2.6,0.0649,2498
crypto,HBARUSDT,4h,direction,"ema|fast50,slow200|reversal|short_only",ema,short_only,reversal,-,-0.334,-0.173,-5.0413,0.398,3.8,-5.3502,2498
crypto,HBARUSDT,4h,direction,"ema|fast50,slow200|reversal|asym",ema,asym,reversal,-,-0.258,-0.168,-1.2652,0.422,3.8,-1.2497,2498
crypto,HBARUSDT,4h,exit,"ema|fast50,slow200|atr_trailing|ls",ema,ls,atr_trailing,-,-0.295,-0.19,-5.2171,0.482,19.0,-5.464,2498
crypto,HBARUSDT,4h,exit,"ema|fast50,slow200|channel|ls",ema,ls,channel,-,-0.321,-0.208,-4.7036,0.47,24.3,-4.5775,2498
crypto,HBARUSDT,4h,gate,"ema|fast50,slow200|g:adx|reversal|ls",ema,ls,reversal,adx,-0.28,-0.18,-6.3167,0.47,5.9,-6.0427,2498
crypto,HBARUSDT,4h,gate,"ema|fast50,slow200|g:ltf|reversal|ls",ema,ls,reversal,ltf,-0.3,-0.193,-5.3445,0.482,6.5,-5.2712,2498
crypto,HBARUSDT,4h,gate,"ema|fast50,slow200|g:vol|reversal|ls",ema,ls,reversal,vol,0.494,0.647,-0.1644,0.446,6.0,0.5026,2498
crypto,HBARUSDT,4h,headline,blend|long_only,blend,long_only,-,-,0.456,0.492,-0.075,0.181,2.5,0.1417,2498
crypto,HBARUSDT,4h,headline,blend|asym,blend,asym,-,-,-0.32,-0.209,-1.1838,0.325,4.1,-1.1745,2498
crypto,HBARUSDT,1h,entry,"ema|fast20,slow100|reversal|ls",ema,ls,reversal,-,-0.077,-0.127,-0.3033,0.492,62.3,-0.1285,1963
crypto,HBARUSDT,1h,entry,"ema|fast50,slow200|reversal|ls",ema,ls,reversal,-,0.36,0.634,-0.1829,0.508,37.0,0.2673,1963
crypto,HBARUSDT,1h,entry,"ema|fast100,slow300|reversal|ls",ema,ls,reversal,-,0.032,0.052,-0.286,0.462,26.7,-0.0368,1963
crypto,HBARUSDT,1h,entry,"sma|fast50,slow200|reversal|ls",sma,ls,reversal,-,0.352,0.599,-0.1734,0.477,36.9,0.2574,1963
crypto,HBARUSDT,1h,entry,tsmom|lookback30|reversal|ls,tsmom,ls,reversal,-,-2.021,-3.079,-0.8443,0.308,304.6,-0.8443,1963
crypto,HBARUSDT,1h,entry,tsmom|lookback90|reversal|ls,tsmom,ls,reversal,-,-1.011,-1.646,-0.6357,0.323,192.4,-0.6224,1963
crypto,HBARUSDT,1h,entry,"macd|fast12,slow26|reversal|ls",macd,ls,reversal,-,-1.686,-2.52,-0.7995,0.262,291.9,-0.787,1963
crypto,HBARUSDT,1h,entry,donchian|lookback55|reversal|ls,donchian,ls,reversal,-,-0.156,-0.26,-0.3641,0.431,46.3,-0.1811,1963
crypto,HBARUSDT,1h,entry,blend|ls,blend,ls,-,-,-0.101,-0.199,-0.1891,0.446,39.6,-0.056,1963
crypto,HBARUSDT,1h,entry,strength|ls,strength,ls,-,-,-0.837,-1.722,-0.4026,0.308,135.3,-0.3904,1963
crypto,HBARUSDT,1h,direction,"ema|fast50,slow200|reversal|long_only",ema,long_only,reversal,-,0.147,0.197,-0.179,0.385,16.7,0.0554,1963
crypto,HBARUSDT,1h,direction,"ema|fast50,slow200|reversal|short_only",ema,short_only,reversal,-,0.373,0.501,-0.1309,0.477,20.3,0.2148,1963
crypto,HBARUSDT,1h,direction,"ema|fast50,slow200|reversal|asym",ema,asym,reversal,-,0.254,0.409,-0.1754,0.431,22.8,0.1262,1963
crypto,HBARUSDT,1h,exit,"ema|fast50,slow200|atr_trailing|ls",ema,ls,atr_trailing,-,-0.505,-0.85,-0.3978,0.4,103.4,-0.3924,1963
crypto,HBARUSDT,1h,exit,"ema|fast50,slow200|channel|ls",ema,ls,channel,-,-0.408,-0.699,-0.3565,0.385,133.2,-0.3401,1963
crypto,HBARUSDT,1h,gate,"ema|fast50,slow200|g:adx|reversal|ls",ema,ls,reversal,adx,0.314,0.537,-0.204,0.477,33.5,0.2211,1963
crypto,HBARUSDT,1h,gate,"ema|fast50,slow200|g:ltf|reversal|ls",ema,ls,reversal,ltf,0.36,0.634,-0.1829,0.508,37.0,0.2673,1963
crypto,HBARUSDT,1h,gate,"ema|fast50,slow200|g:vol|reversal|ls",ema,ls,reversal,vol,0.271,0.464,-0.1994,0.462,36.6,0.1759,1963
crypto,HBARUSDT,1h,headline,blend|long_only,blend,long_only,-,-,0.189,0.298,-0.1228,0.354,15.4,0.0468,1963
crypto,HBARUSDT,1h,headline,blend|asym,blend,asym,-,-,0.088,0.176,-0.1421,0.369,22.7,0.0181,1963
crypto,HBARUSDT,15m,entry,"ema|fast20,slow100|reversal|ls",ema,ls,reversal,-,-1.028,-1.661,-0.6292,0.369,261.3,-0.624,1963
crypto,HBARUSDT,15m,entry,"ema|fast50,slow200|reversal|ls",ema,ls,reversal,-,-0.158,-0.263,-0.2868,0.462,144.4,-0.1888,1963
crypto,HBARUSDT,15m,entry,"ema|fast100,slow300|reversal|ls",ema,ls,reversal,-,-0.026,-0.046,-0.3133,0.446,110.4,-0.0867,1963
crypto,HBARUSDT,15m,entry,"sma|fast50,slow200|reversal|ls",sma,ls,reversal,-,-0.637,-1.066,-0.4775,0.431,148.4,-0.4597,1963
crypto,HBARUSDT,15m,entry,tsmom|lookback30|reversal|ls,tsmom,ls,reversal,-,-7.372,-10.98,-0.9992,0.046,1324.7,-0.9992,1963
crypto,HBARUSDT,15m,entry,tsmom|lookback90|reversal|ls,tsmom,ls,reversal,-,-3.252,-5.154,-0.9529,0.231,775.1,-0.9529,1963
crypto,HBARUSDT,15m,entry,"macd|fast12,slow26|reversal|ls",macd,ls,reversal,-,-7.808,-11.085,-0.9991,0.015,1244.8,-0.9991,1963
crypto,HBARUSDT,15m,entry,donchian|lookback55|reversal|ls,donchian,ls,reversal,-,-1.011,-1.637,-0.6008,0.354,191.2,-0.6003,1963
crypto,HBARUSDT,15m,entry,blend|ls,blend,ls,-,-,-1.292,-3.327,-0.4199,0.308,164.3,-0.4192,1963
crypto,HBARUSDT,15m,entry,strength|ls,strength,ls,-,-,-3.731,-7.704,-0.8679,0.185,562.2,-0.8679,1963
crypto,HBARUSDT,15m,direction,"ema|fast50,slow200|reversal|long_only",ema,long_only,reversal,-,-0.535,-0.872,-0.3033,0.308,68.2,-0.2865,1963
crypto,HBARUSDT,15m,direction,"ema|fast50,slow200|reversal|short_only",ema,short_only,reversal,-,0.337,0.588,-0.1361,0.477,76.2,0.1929,1963
crypto,HBARUSDT,15m,direction,"ema|fast50,slow200|reversal|asym",ema,asym,reversal,-,-0.409,-0.65,-0.2864,0.338,91.1,-0.2477,1963
crypto,HBARUSDT,15m,exit,"ema|fast50,slow200|atr_trailing|ls",ema,ls,atr_trailing,-,-1.565,-2.63,-0.7659,0.277,434.7,-0.7626,1963
crypto,HBARUSDT,15m,exit,"ema|fast50,slow200|channel|ls",ema,ls,channel,-,-2.351,-3.935,-0.8879,0.2,568.0,-0.8869,1963
crypto,HBARUSDT,15m,gate,"ema|fast50,slow200|g:adx|reversal|ls",ema,ls,reversal,adx,-0.221,-0.373,-0.3034,0.462,128.7,-0.2295,1963
crypto,HBARUSDT,15m,gate,"ema|fast50,slow200|g:ltf|reversal|ls",ema,ls,reversal,ltf,-0.158,-0.263,-0.2868,0.462,144.4,-0.1888,1963
crypto,HBARUSDT,15m,gate,"ema|fast50,slow200|g:vol|reversal|ls",ema,ls,reversal,vol,-0.039,-0.065,-0.2893,0.477,142.6,-0.0986,1963
crypto,HBARUSDT,15m,headline,blend|long_only,blend,long_only,-,-,-0.87,-1.977,-0.2199,0.292,72.9,-0.2123,1963
crypto,HBARUSDT,15m,headline,blend|asym,blend,asym,-,-,-1.117,-2.703,-0.2815,0.292,100.3,-0.2769,1963
crypto,HBARUSDT,5m,entry,"ema|fast20,slow100|reversal|ls",ema,ls,reversal,-,-4.559,-7.025,-0.986,0.138,837.8,-0.9859,1963
crypto,HBARUSDT,5m,entry,"ema|fast50,slow200|reversal|ls",ema,ls,reversal,-,-1.695,-2.693,-0.7939,0.323,464.2,-0.7903,1963
crypto,HBARUSDT,5m,entry,"ema|fast100,slow300|reversal|ls",ema,ls,reversal,-,-1.074,-1.738,-0.6322,0.369,345.8,-0.6333,1963
crypto,HBARUSDT,5m,entry,"sma|fast50,slow200|reversal|ls",sma,ls,reversal,-,-1.985,-3.325,-0.8364,0.277,479.4,-0.8349,1963
crypto,HBARUSDT,5m,entry,tsmom|lookback30|reversal|ls,tsmom,ls,reversal,-,-17.804,-21.4,-1.0,0.0,4013.7,-1.0,1963
crypto,HBARUSDT,5m,entry,tsmom|lookback90|reversal|ls,tsmom,ls,reversal,-,-11.22,-14.525,-1.0,0.015,2475.5,-1.0,1963
crypto,HBARUSDT,5m,entry,"macd|fast12,slow26|reversal|ls",macd,ls,reversal,-,-18.557,-22.944,-1.0,0.0,3815.7,-1.0,1963
crypto,HBARUSDT,5m,entry,donchian|lookback55|reversal|ls,donchian,ls,reversal,-,-4.107,-6.341,-0.976,0.092,618.7,-0.9756,1963
crypto,HBARUSDT,5m,entry,blend|ls,blend,ls,-,-,-4.976,-10.521,-0.8712,0.077,519.9,-0.871,1963
crypto,HBARUSDT,5m,entry,strength|ls,strength,ls,-,-,-11.854,-18.762,-0.9992,0.0,1770.6,-0.9992,1963
crypto,HBARUSDT,5m,direction,"ema|fast50,slow200|reversal|long_only",ema,long_only,reversal,-,-1.6,-3.31,-0.6335,0.277,226.8,-0.6276,1963
crypto,HBARUSDT,5m,direction,"ema|fast50,slow200|reversal|short_only",ema,short_only,reversal,-,-0.614,-1.179,-0.4073,0.4,237.4,-0.3353,1963
crypto,HBARUSDT,5m,direction,"ema|fast50,slow200|reversal|asym",ema,asym,reversal,-,-1.731,-3.074,-0.6831,0.308,298.0,-0.6785,1963
crypto,HBARUSDT,5m,exit,"ema|fast50,slow200|atr_trailing|ls",ema,ls,atr_trailing,-,-6.766,-10.064,-0.9981,0.046,1472.1,-0.9981,1963
crypto,HBARUSDT,5m,exit,"ema|fast50,slow200|channel|ls",ema,ls,channel,-,-8.763,-12.566,-0.9998,0.031,1864.0,-0.9998,1963
crypto,HBARUSDT,5m,gate,"ema|fast50,slow200|g:adx|reversal|ls",ema,ls,reversal,adx,-1.42,-2.212,-0.7332,0.338,401.1,-0.7331,1963
crypto,HBARUSDT,5m,gate,"ema|fast50,slow200|g:ltf|reversal|ls",ema,ls,reversal,ltf,-1.695,-2.693,-0.7939,0.323,464.2,-0.7903,1963
crypto,HBARUSDT,5m,gate,"ema|fast50,slow200|g:vol|reversal|ls",ema,ls,reversal,vol,-1.68,-2.713,-0.7884,0.323,454.0,-0.7845,1963
crypto,HBARUSDT,5m,headline,blend|long_only,blend,long_only,-,-,-3.661,-8.529,-0.6385,0.154,247.5,-0.6377,1963
crypto,HBARUSDT,5m,headline,blend|asym,blend,asym,-,-,-4.451,-9.893,-0.7315,0.108,329.2,-0.7309,1963
crypto,1000SHIBUSDT,1d,entry,"ema|fast20,slow100|reversal|ls",ema,ls,reversal,-,0.279,0.349,-0.2308,0.492,2.2,0.1845,1909
crypto,1000SHIBUSDT,1d,entry,"ema|fast50,slow200|reversal|ls",ema,ls,reversal,-,0.151,0.19,-0.3069,0.413,1.1,0.0611,1909
crypto,1000SHIBUSDT,1d,entry,"ema|fast100,slow300|reversal|ls",ema,ls,reversal,-,-0.041,-0.051,-0.3674,0.429,0.9,-0.1013,1909
crypto,1000SHIBUSDT,1d,entry,"sma|fast50,slow200|reversal|ls",sma,ls,reversal,-,0.199,0.263,-0.2357,0.381,1.2,0.1028,1909
crypto,1000SHIBUSDT,1d,entry,tsmom|lookback30|reversal|ls,tsmom,ls,reversal,-,0.374,0.574,-0.2614,0.524,9.5,0.2869,1909
crypto,1000SHIBUSDT,1d,entry,tsmom|lookback90|reversal|ls,tsmom,ls,reversal,-,0.332,0.449,-0.1868,0.413,7.6,0.2401,1909
crypto,1000SHIBUSDT,1d,entry,"macd|fast12,slow26|reversal|ls",macd,ls,reversal,-,0.769,1.257,-0.2112,0.492,9.1,0.807,1909
crypto,1000SHIBUSDT,1d,entry,donchian|lookback55|reversal|ls,donchian,ls,reversal,-,0.272,0.389,-0.2542,0.429,1.7,0.174,1909
crypto,1000SHIBUSDT,1d,entry,blend|ls,blend,ls,-,-,-0.071,-0.08,-0.1134,0.429,1.5,-0.0457,1909
crypto,1000SHIBUSDT,1d,entry,strength|ls,strength,ls,-,-,0.182,0.255,-0.1966,0.365,4.5,0.077,1909
crypto,1000SHIBUSDT,1d,direction,"ema|fast50,slow200|reversal|long_only",ema,long_only,reversal,-,0.455,0.471,-0.1302,0.111,0.4,0.2201,1909
crypto,1000SHIBUSDT,1d,direction,"ema|fast50,slow200|reversal|short_only",ema,short_only,reversal,-,-0.127,-0.122,-0.3062,0.381,0.7,-0.1302,1909
crypto,1000SHIBUSDT,1d,direction,"ema|fast50,slow200|reversal|asym",ema,asym,reversal,-,0.365,0.581,-0.1414,0.429,0.6,0.1821,1909
crypto,1000SHIBUSDT,1d,exit,"ema|fast50,slow200|atr_trailing|ls",ema,ls,atr_trailing,-,-0.084,-0.103,-0.2667,0.397,2.9,-0.1314,1909
crypto,1000SHIBUSDT,1d,exit,"ema|fast50,slow200|channel|ls",ema,ls,channel,-,-0.078,-0.098,-0.3209,0.397,3.8,-0.1219,1909
crypto,1000SHIBUSDT,1d,gate,"ema|fast50,slow200|g:adx|reversal|ls",ema,ls,reversal,adx,-0.065,-0.08,-0.3274,0.381,1.1,-0.1192,1909
crypto,1000SHIBUSDT,1d,gate,"ema|fast50,slow200|g:ltf|reversal|ls",ema,ls,reversal,ltf,0.151,0.19,-0.3069,0.413,1.1,0.0611,1909
crypto,1000SHIBUSDT,1d,gate,"ema|fast50,slow200|g:vol|reversal|ls",ema,ls,reversal,vol,0.342,0.425,-0.176,0.302,0.9,0.2204,1909
crypto,1000SHIBUSDT,1d,headline,blend|long_only,blend,long_only,-,-,0.415,0.385,-0.0399,0.095,0.3,0.0778,1909
crypto,1000SHIBUSDT,1d,headline,blend|asym,blend,asym,-,-,0.209,0.294,-0.0459,0.429,0.7,0.0422,1909
crypto,1000SHIBUSDT,4h,entry,"ema|fast20,slow100|reversal|ls",ema,ls,reversal,-,0.667,0.995,-0.147,0.603,14.0,0.6977,1909
crypto,1000SHIBUSDT,4h,entry,"ema|fast50,slow200|reversal|ls",ema,ls,reversal,-,0.606,0.92,-0.1858,0.508,7.5,0.5923,1909
crypto,1000SHIBUSDT,4h,entry,"ema|fast100,slow300|reversal|ls",ema,ls,reversal,-,0.36,0.527,-0.2522,0.476,6.9,0.2781,1909
crypto,1000SHIBUSDT,4h,entry,"sma|fast50,slow200|reversal|ls",sma,ls,reversal,-,0.558,0.861,-0.2538,0.571,8.7,0.5252,1909
crypto,1000SHIBUSDT,4h,entry,tsmom|lookback30|reversal|ls,tsmom,ls,reversal,-,0.455,0.84,-0.233,0.556,81.8,0.3889,1909
crypto,1000SHIBUSDT,4h,entry,tsmom|lookback90|reversal|ls,tsmom,ls,reversal,-,0.716,1.076,-0.2822,0.571,44.3,0.7634,1909
crypto,1000SHIBUSDT,4h,entry,"macd|fast12,slow26|reversal|ls",macd,ls,reversal,-,0.352,0.549,-0.4273,0.508,70.3,0.2748,1909
crypto,1000SHIBUSDT,4h,entry,donchian|lookback55|reversal|ls,donchian,ls,reversal,-,0.24,0.338,-0.3619,0.508,10.6,0.1476,1909
crypto,1000SHIBUSDT,4h,entry,blend|ls,blend,ls,-,-,0.615,0.931,-0.0993,0.444,9.6,0.3125,1909
crypto,1000SHIBUSDT,4h,entry,strength|ls,strength,ls,-,-,0.53,0.827,-0.1985,0.492,33.2,0.3272,1909
crypto,1000SHIBUSDT,4h,direction,"ema|fast50,slow200|reversal|long_only",ema,long_only,reversal,-,0.64,0.756,-0.1595,0.238,3.0,0.4002,1909
crypto,1000SHIBUSDT,4h,direction,"ema|fast50,slow200|reversal|short_only",ema,short_only,reversal,-,0.255,0.278,-0.1312,0.413,4.6,0.1383,1909
crypto,1000SHIBUSDT,4h,direction,"ema|fast50,slow200|reversal|asym",ema,asym,reversal,-,0.689,1.114,-0.1556,0.492,4.3,0.47,1909
crypto,1000SHIBUSDT,4h,exit,"ema|fast50,slow200|atr_trailing|ls",ema,ls,atr_trailing,-,0.244,0.357,-0.3134,0.524,24.5,0.153,1909
crypto,1000SHIBUSDT,4h,exit,"ema|fast50,slow200|channel|ls",ema,ls,channel,-,0.433,0.649,-0.2001,0.508,27.9,0.3647,1909
crypto,1000SHIBUSDT,4h,gate,"ema|fast50,slow200|g:adx|reversal|ls",ema,ls,reversal,adx,0.487,0.744,-0.2522,0.524,7.5,0.4329,1909
crypto,1000SHIBUSDT,4h,gate,"ema|fast50,slow200|g:ltf|reversal|ls",ema,ls,reversal,ltf,0.606,0.92,-0.1858,0.508,7.5,0.5923,1909
crypto,1000SHIBUSDT,4h,gate,"ema|fast50,slow200|g:vol|reversal|ls",ema,ls,reversal,vol,0.658,0.996,-0.1858,0.492,7.3,0.6588,1909
crypto,1000SHIBUSDT,4h,headline,blend|long_only,blend,long_only,-,-,0.89,1.237,-0.0639,0.238,3.2,0.3004,1909
crypto,1000SHIBUSDT,4h,headline,blend|asym,blend,asym,-,-,0.858,1.63,-0.0723,0.46,5.1,0.3078,1909
crypto,1000SHIBUSDT,1h,entry,"ema|fast20,slow100|reversal|ls",ema,ls,reversal,-,0.623,1.084,-0.2367,0.651,67.5,0.6172,1909
crypto,1000SHIBUSDT,1h,entry,"ema|fast50,slow200|reversal|ls",ema,ls,reversal,-,0.288,0.462,-0.2823,0.571,41.7,0.1987,1909
crypto,1000SHIBUSDT,1h,entry,"ema|fast100,slow300|reversal|ls",ema,ls,reversal,-,0.721,1.083,-0.1708,0.635,28.0,0.7622,1909
crypto,1000SHIBUSDT,1h,entry,"sma|fast50,slow200|reversal|ls",sma,ls,reversal,-,0.582,0.889,-0.2674,0.571,41.6,0.5684,1909
crypto,1000SHIBUSDT,1h,entry,tsmom|lookback30|reversal|ls,tsmom,ls,reversal,-,-0.87,-1.57,-0.6667,0.381,322.2,-0.5815,1909
crypto,1000SHIBUSDT,1h,entry,tsmom|lookback90|reversal|ls,tsmom,ls,reversal,-,-0.198,-0.346,-0.437,0.492,210.4,-0.2214,1909
crypto,1000SHIBUSDT,1h,entry,"macd|fast12,slow26|reversal|ls",macd,ls,reversal,-,-0.401,-0.614,-0.5693,0.413,306.4,-0.3478,1909
crypto,1000SHIBUSDT,1h,entry,donchian|lookback55|reversal|ls,donchian,ls,reversal,-,0.167,0.267,-0.3979,0.556,49.4,0.0757,1909
crypto,1000SHIBUSDT,1h,entry,blend|ls,blend,ls,-,-,0.51,1.035,-0.1194,0.492,41.0,0.2356,1909
crypto,1000SHIBUSDT,1h,entry,strength|ls,strength,ls,-,-,-0.11,-0.231,-0.2882,0.476,148.5,-0.09,1909
crypto,1000SHIBUSDT,1h,direction,"ema|fast50,slow200|reversal|long_only",ema,long_only,reversal,-,0.158,0.202,-0.2284,0.444,18.8,0.0611,1909
crypto,1000SHIBUSDT,1h,direction,"ema|fast50,slow200|reversal|short_only",ema,short_only,reversal,-,0.254,0.308,-0.1554,0.54,22.9,0.138,1909
crypto,1000SHIBUSDT,1h,direction,"ema|fast50,slow200|reversal|asym",ema,asym,reversal,-,0.233,0.36,-0.2281,0.476,25.7,0.1123,1909
crypto,1000SHIBUSDT,1h,exit,"ema|fast50,slow200|atr_trailing|ls",ema,ls,atr_trailing,-,0.374,0.659,-0.219,0.571,103.9,0.2941,1909
crypto,1000SHIBUSDT,1h,exit,"ema|fast50,slow200|channel|ls",ema,ls,channel,-,0.004,0.007,-0.364,0.508,122.6,-0.0708,1909
crypto,1000SHIBUSDT,1h,gate,"ema|fast50,slow200|g:adx|reversal|ls",ema,ls,reversal,adx,0.383,0.611,-0.2086,0.587,36.5,0.3038,1909
crypto,1000SHIBUSDT,1h,gate,"ema|fast50,slow200|g:ltf|reversal|ls",ema,ls,reversal,ltf,0.288,0.462,-0.2823,0.571,41.7,0.1987,1909
crypto,1000SHIBUSDT,1h,gate,"ema|fast50,slow200|g:vol|reversal|ls",ema,ls,reversal,vol,0.34,0.543,-0.2823,0.571,41.6,0.2547,1909
crypto,1000SHIBUSDT,1h,headline,blend|long_only,blend,long_only,-,-,0.676,1.256,-0.0941,0.397,16.0,0.207,1909
crypto,1000SHIBUSDT,1h,headline,blend|asym,blend,asym,-,-,0.672,1.542,-0.0946,0.476,23.5,0.2194,1909
crypto,1000SHIBUSDT,15m,entry,"ema|fast20,slow100|reversal|ls",ema,ls,reversal,-,-0.266,-0.473,-0.4656,0.46,286.4,-0.2646,1909
crypto,1000SHIBUSDT,15m,entry,"ema|fast50,slow200|reversal|ls",ema,ls,reversal,-,0.193,0.334,-0.3571,0.54,171.0,0.1015,1909
crypto,1000SHIBUSDT,15m,entry,"ema|fast100,slow300|reversal|ls",ema,ls,reversal,-,0.569,0.992,-0.2406,0.587,124.0,0.5239,1909
crypto,1000SHIBUSDT,15m,entry,"sma|fast50,slow200|reversal|ls",sma,ls,reversal,-,0.356,0.631,-0.286,0.524,168.0,0.2704,1909
crypto,1000SHIBUSDT,15m,entry,tsmom|lookback30|reversal|ls,tsmom,ls,reversal,-,-6.029,-9.338,-0.9968,0.063,1504.7,-0.9965,1909
crypto,1000SHIBUSDT,15m,entry,tsmom|lookback90|reversal|ls,tsmom,ls,reversal,-,-2.631,-4.157,-0.9398,0.206,854.4,-0.9215,1909
crypto,1000SHIBUSDT,15m,entry,"macd|fast12,slow26|reversal|ls",macd,ls,reversal,-,-6.097,-9.146,-0.9959,0.079,1307.6,-0.9956,1909
crypto,1000SHIBUSDT,15m,entry,donchian|lookback55|reversal|ls,donchian,ls,reversal,-,-0.32,-0.528,-0.5213,0.444,204.5,-0.2998,1909
crypto,1000SHIBUSDT,15m,entry,blend|ls,blend,ls,-,-,-0.444,-1.249,-0.3321,0.429,171.7,-0.1852,1909
crypto,1000SHIBUSDT,15m,entry,strength|ls,strength,ls,-,-,-2.977,-6.682,-0.8456,0.159,620.7,-0.8147,1909
crypto,1000SHIBUSDT,15m,direction,"ema|fast50,slow200|reversal|long_only",ema,long_only,reversal,-,-0.144,-0.259,-0.3051,0.397,81.2,-0.1125,1909
crypto,1000SHIBUSDT,15m,direction,"ema|fast50,slow200|reversal|short_only",ema,short_only,reversal,-,0.44,0.771,-0.2184,0.571,89.8,0.2779,1909
crypto,1000SHIBUSDT,15m,direction,"ema|fast50,slow200|reversal|asym",ema,asym,reversal,-,-0.007,-0.011,-0.3117,0.444,108.1,-0.0409,1909
crypto,1000SHIBUSDT,15m,exit,"ema|fast50,slow200|atr_trailing|ls",ema,ls,atr_trailing,-,-1.022,-1.805,-0.729,0.397,456.2,-0.624,1909
crypto,1000SHIBUSDT,15m,exit,"ema|fast50,slow200|channel|ls",ema,ls,channel,-,-1.239,-2.222,-0.7704,0.349,554.1,-0.6941,1909
crypto,1000SHIBUSDT,15m,gate,"ema|fast50,slow200|g:adx|reversal|ls",ema,ls,reversal,adx,0.182,0.317,-0.3466,0.587,151.1,0.0906,1909
crypto,1000SHIBUSDT,15m,gate,"ema|fast50,slow200|g:ltf|reversal|ls",ema,ls,reversal,ltf,0.193,0.334,-0.3571,0.54,171.0,0.1015,1909
crypto,1000SHIBUSDT,15m,gate,"ema|fast50,slow200|g:vol|reversal|ls",ema,ls,reversal,vol,0.21,0.358,-0.3338,0.54,170.1,0.1177,1909
crypto,1000SHIBUSDT,15m,headline,blend|long_only,blend,long_only,-,-,-0.228,-0.638,-0.1804,0.381,76.9,-0.0701,1909
crypto,1000SHIBUSDT,15m,headline,blend|asym,blend,asym,-,-,-0.33,-0.957,-0.2239,0.413,105.3,-0.1023,1909
crypto,1000SHIBUSDT,5m,entry,"ema|fast20,slow100|reversal|ls",ema,ls,reversal,-,-3.201,-5.244,-0.9512,0.159,944.7,-0.9462,1909
crypto,1000SHIBUSDT,5m,entry,"ema|fast50,slow200|reversal|ls",ema,ls,reversal,-,-1.518,-2.623,-0.8022,0.286,534.3,-0.756,1909
crypto,1000SHIBUSDT,5m,entry,"ema|fast100,slow300|reversal|ls",ema,ls,reversal,-,-0.606,-1.049,-0.6182,0.429,389.3,-0.4534,1909
crypto,1000SHIBUSDT,5m,entry,"sma|fast50,slow200|reversal|ls",sma,ls,reversal,-,-0.948,-1.598,-0.7133,0.317,531.3,-0.5943,1909
crypto,1000SHIBUSDT,5m,entry,tsmom|lookback30|reversal|ls,tsmom,ls,reversal,-,-15.914,-20.491,-1.0,0.016,4517.6,-1.0,1909
crypto,1000SHIBUSDT,5m,entry,tsmom|lookback90|reversal|ls,tsmom,ls,reversal,-,-10.64,-14.527,-1.0,0.016,2905.3,-1.0,1909
crypto,1000SHIBUSDT,5m,entry,"macd|fast12,slow26|reversal|ls",macd,ls,reversal,-,-16.632,-21.175,-1.0,0.016,4200.7,-1.0,1909
crypto,1000SHIBUSDT,5m,entry,donchian|lookback55|reversal|ls,donchian,ls,reversal,-,-2.507,-4.056,-0.8984,0.19,659.4,-0.8934,1909
crypto,1000SHIBUSDT,5m,entry,blend|ls,blend,ls,-,-,-3.818,-8.794,-0.8097,0.095,550.4,-0.7971,1909
crypto,1000SHIBUSDT,5m,entry,strength|ls,strength,ls,-,-,-11.354,-18.699,-0.999,0.016,1984.2,-0.999,1909
crypto,1000SHIBUSDT,5m,direction,"ema|fast50,slow200|reversal|long_only",ema,long_only,reversal,-,-1.364,-3.114,-0.6456,0.349,261.5,-0.578,1909
crypto,1000SHIBUSDT,5m,direction,"ema|fast50,slow200|reversal|short_only",ema,short_only,reversal,-,-0.671,-1.439,-0.4402,0.444,272.8,-0.3652,1909
crypto,1000SHIBUSDT,5m,direction,"ema|fast50,slow200|reversal|asym",ema,asym,reversal,-,-1.517,-2.928,-0.6973,0.302,343.4,-0.6352,1909
crypto,1000SHIBUSDT,5m,exit,"ema|fast50,slow200|atr_trailing|ls",ema,ls,atr_trailing,-,-5.865,-9.406,-0.9961,0.079,1560.4,-0.9958,1909
crypto,1000SHIBUSDT,5m,exit,"ema|fast50,slow200|channel|ls",ema,ls,channel,-,-7.065,-10.94,-0.9989,0.063,1890.7,-0.9988,1909
crypto,1000SHIBUSDT,5m,gate,"ema|fast50,slow200|g:adx|reversal|ls",ema,ls,reversal,adx,-0.972,-1.697,-0.688,0.317,453.1,-0.6005,1909
crypto,1000SHIBUSDT,5m,gate,"ema|fast50,slow200|g:ltf|reversal|ls",ema,ls,reversal,ltf,-1.518,-2.623,-0.8022,0.286,534.3,-0.756,1909
crypto,1000SHIBUSDT,5m,gate,"ema|fast50,slow200|g:vol|reversal|ls",ema,ls,reversal,vol,-1.389,-2.366,-0.7748,0.27,525.2,-0.7254,1909
crypto,1000SHIBUSDT,5m,headline,blend|long_only,blend,long_only,-,-,-2.536,-6.687,-0.549,0.206,262.7,-0.5202,1909
crypto,1000SHIBUSDT,5m,headline,blend|asym,blend,asym,-,-,-3.225,-7.933,-0.6453,0.143,349.0,-0.6266,1909
crypto,AVAXUSDT,1d,entry,"ema|fast20,slow100|reversal|ls",ema,ls,reversal,-,0.569,0.837,-0.2333,0.535,1.5,0.5627,2138
crypto,AVAXUSDT,1d,entry,"ema|fast50,slow200|reversal|ls",ema,ls,reversal,-,0.139,0.19,-0.3207,0.535,1.0,0.0575,2138
crypto,AVAXUSDT,1d,entry,"ema|fast100,slow300|reversal|ls",ema,ls,reversal,-,-0.364,-0.48,-0.562,0.493,1.0,-0.3309,2138
crypto,AVAXUSDT,1d,entry,"sma|fast50,slow200|reversal|ls",sma,ls,reversal,-,-0.159,-0.209,-0.3235,0.493,1.0,-0.1802,2138
crypto,AVAXUSDT,1d,entry,tsmom|lookback30|reversal|ls,tsmom,ls,reversal,-,0.969,1.499,-0.2578,0.521,10.0,1.2479,2138
crypto,AVAXUSDT,1d,entry,tsmom|lookback90|reversal|ls,tsmom,ls,reversal,-,0.763,1.154,-0.2024,0.535,5.0,0.8638,2138
crypto,AVAXUSDT,1d,entry,"macd|fast12,slow26|reversal|ls",macd,ls,reversal,-,0.847,1.39,-0.2377,0.493,6.7,1.0129,2138
crypto,AVAXUSDT,1d,entry,donchian|lookback55|reversal|ls,donchian,ls,reversal,-,0.836,1.293,-0.2639,0.521,1.3,0.9882,2138
crypto,AVAXUSDT,1d,entry,blend|ls,blend,ls,-,-,0.564,0.747,-0.1303,0.437,1.3,0.2864,2138
crypto,AVAXUSDT,1d,entry,strength|ls,strength,ls,-,-,0.558,0.771,-0.14,0.465,3.5,0.3762,2138
crypto,AVAXUSDT,1d,direction,"ema|fast50,slow200|reversal|long_only",ema,long_only,reversal,-,0.534,0.543,-0.1447,0.211,0.4,0.3139,2138
crypto,AVAXUSDT,1d,direction,"ema|fast50,slow200|reversal|short_only",ema,short_only,reversal,-,-0.242,-0.238,-0.3356,0.408,0.6,-0.195,2138
crypto,AVAXUSDT,1d,direction,"ema|fast50,slow200|reversal|asym",ema,asym,reversal,-,0.412,0.576,-0.1735,0.563,0.5,0.2425,2138
crypto,AVAXUSDT,1d,exit,"ema|fast50,slow200|atr_trailing|ls",ema,ls,atr_trailing,-,-0.232,-0.313,-0.5481,0.493,3.5,-0.2419,2138
crypto,AVAXUSDT,1d,exit,"ema|fast50,slow200|channel|ls",ema,ls,channel,-,-0.162,-0.223,-0.5174,0.479,4.3,-0.1913,2138
crypto,AVAXUSDT,1d,gate,"ema|fast50,slow200|g:adx|reversal|ls",ema,ls,reversal,adx,0.066,0.09,-0.3641,0.521,1.0,-0.0101,2138
crypto,AVAXUSDT,1d,gate,"ema|fast50,slow200|g:ltf|reversal|ls",ema,ls,reversal,ltf,0.139,0.19,-0.3207,0.535,1.0,0.0575,2138
crypto,AVAXUSDT,1d,gate,"ema|fast50,slow200|g:vol|reversal|ls",ema,ls,reversal,vol,0.005,0.006,-0.3275,0.437,0.7,-0.0458,2138
crypto,AVAXUSDT,1d,headline,blend|long_only,blend,long_only,-,-,0.799,0.736,-0.0566,0.211,0.4,0.2338,2138
crypto,AVAXUSDT,1d,headline,blend|asym,blend,asym,-,-,0.787,1.082,-0.0786,0.451,0.7,0.2529,2138
crypto,AVAXUSDT,4h,entry,"ema|fast20,slow100|reversal|ls",ema,ls,reversal,-,1.054,1.823,-0.1931,0.549,11.9,1.5018,2138
crypto,AVAXUSDT,4h,entry,"ema|fast50,slow200|reversal|ls",ema,ls,reversal,-,0.422,0.63,-0.2355,0.507,7.4,0.3805,2138
crypto,AVAXUSDT,4h,entry,"ema|fast100,slow300|reversal|ls",ema,ls,reversal,-,0.577,0.839,-0.2531,0.563,5.8,0.5947,2138
crypto,AVAXUSDT,4h,entry,"sma|fast50,slow200|reversal|ls",sma,ls,reversal,-,0.468,0.727,-0.2516,0.507,7.9,0.4401,2138
crypto,AVAXUSDT,4h,entry,tsmom|lookback30|reversal|ls,tsmom,ls,reversal,-,0.442,0.761,-0.3272,0.577,60.4,0.4094,2138
crypto,AVAXUSDT,4h,entry,tsmom|lookback90|reversal|ls,tsmom,ls,reversal,-,0.62,1.033,-0.2253,0.493,37.9,0.6693,2138
crypto,AVAXUSDT,4h,entry,"macd|fast12,slow26|reversal|ls",macd,ls,reversal,-,0.119,0.176,-0.3367,0.465,60.8,0.0369,2138
crypto,AVAXUSDT,4h,entry,donchian|lookback55|reversal|ls,donchian,ls,reversal,-,0.784,1.334,-0.2561,0.521,9.7,0.9562,2138
crypto,AVAXUSDT,4h,entry,blend|ls,blend,ls,-,-,0.857,1.319,-0.0918,0.451,8.7,0.5019,2138
crypto,AVAXUSDT,4h,entry,strength|ls,strength,ls,-,-,0.691,1.157,-0.1267,0.493,27.0,0.4943,2138
crypto,AVAXUSDT,4h,direction,"ema|fast50,slow200|reversal|long_only",ema,long_only,reversal,-,0.505,0.515,-0.216,0.282,3.2,0.3165,2138
crypto,AVAXUSDT,4h,direction,"ema|fast50,slow200|reversal|short_only",ema,short_only,reversal,-,0.129,0.143,-0.1728,0.408,4.2,0.0497,2138
crypto,AVAXUSDT,4h,direction,"ema|fast50,slow200|reversal|asym",ema,asym,reversal,-,0.518,0.708,-0.2063,0.535,4.5,0.3479,2138
crypto,AVAXUSDT,4h,exit,"ema|fast50,slow200|atr_trailing|ls",ema,ls,atr_trailing,-,0.23,0.346,-0.3217,0.563,21.2,0.1518,2138
crypto,AVAXUSDT,4h,exit,"ema|fast50,slow200|channel|ls",ema,ls,channel,-,0.313,0.478,-0.2675,0.563,28.9,0.2421,2138
crypto,AVAXUSDT,4h,gate,"ema|fast50,slow200|g:adx|reversal|ls",ema,ls,reversal,adx,0.485,0.726,-0.2577,0.535,6.9,0.4644,2138
crypto,AVAXUSDT,4h,gate,"ema|fast50,slow200|g:ltf|reversal|ls",ema,ls,reversal,ltf,0.422,0.63,-0.2355,0.507,7.4,0.3805,2138
crypto,AVAXUSDT,4h,gate,"ema|fast50,slow200|g:vol|reversal|ls",ema,ls,reversal,vol,0.275,0.4,-0.2211,0.479,7.0,0.201,2138
crypto,AVAXUSDT,4h,headline,blend|long_only,blend,long_only,-,-,1.078,1.25,-0.0512,0.239,3.2,0.3837,2138
crypto,AVAXUSDT,4h,headline,blend|asym,blend,asym,-,-,1.094,1.741,-0.056,0.465,4.8,0.4223,2138
crypto,AVAXUSDT,1h,entry,"ema|fast20,slow100|reversal|ls",ema,ls,reversal,-,0.502,0.83,-0.3669,0.563,54.1,0.486,2138
crypto,AVAXUSDT,1h,entry,"ema|fast50,slow200|reversal|ls",ema,ls,reversal,-,0.323,0.532,-0.4064,0.521,33.9,0.2591,2138
crypto,AVAXUSDT,1h,entry,"ema|fast100,slow300|reversal|ls",ema,ls,reversal,-,0.755,1.25,-0.2276,0.577,23.6,0.8977,2138
crypto,AVAXUSDT,1h,entry,"sma|fast50,slow200|reversal|ls",sma,ls,reversal,-,0.69,1.182,-0.2281,0.606,34.5,0.7733,2138
crypto,AVAXUSDT,1h,entry,tsmom|lookback30|reversal|ls,tsmom,ls,reversal,-,-0.82,-1.341,-0.6221,0.451,282.0,-0.5815,2138
crypto,AVAXUSDT,1h,entry,tsmom|lookback90|reversal|ls,tsmom,ls,reversal,-,-0.236,-0.397,-0.5085,0.465,165.7,-0.2594,2138
crypto,AVAXUSDT,1h,entry,"macd|fast12,slow26|reversal|ls",macd,ls,reversal,-,-0.948,-1.399,-0.6606,0.366,259.0,-0.6247,2138
crypto,AVAXUSDT,1h,entry,donchian|lookback55|reversal|ls,donchian,ls,reversal,-,0.455,0.755,-0.2312,0.451,41.8,0.4244,2138
crypto,AVAXUSDT,1h,entry,blend|ls,blend,ls,-,-,0.477,0.947,-0.1619,0.493,36.1,0.2259,2138
crypto,AVAXUSDT,1h,entry,strength|ls,strength,ls,-,-,-0.181,-0.348,-0.3232,0.493,119.5,-0.1323,2138
crypto,AVAXUSDT,1h,direction,"ema|fast50,slow200|reversal|long_only",ema,long_only,reversal,-,0.298,0.367,-0.319,0.366,15.6,0.1644,2138
crypto,AVAXUSDT,1h,direction,"ema|fast50,slow200|reversal|short_only",ema,short_only,reversal,-,0.178,0.234,-0.1794,0.451,18.4,0.0874,2138
crypto,AVAXUSDT,1h,direction,"ema|fast50,slow200|reversal|asym",ema,asym,reversal,-,0.338,0.498,-0.3445,0.408,21.1,0.2039,2138
crypto,AVAXUSDT,1h,exit,"ema|fast50,slow200|atr_trailing|ls",ema,ls,atr_trailing,-,0.678,1.156,-0.2253,0.535,92.8,0.762,2138
crypto,AVAXUSDT,1h,exit,"ema|fast50,slow200|channel|ls",ema,ls,channel,-,0.415,0.724,-0.2407,0.563,117.1,0.3748,2138
crypto,AVAXUSDT,1h,gate,"ema|fast50,slow200|g:adx|reversal|ls",ema,ls,reversal,adx,0.386,0.638,-0.3321,0.535,30.5,0.3382,2138
crypto,AVAXUSDT,1h,gate,"ema|fast50,slow200|g:ltf|reversal|ls",ema,ls,reversal,ltf,0.323,0.532,-0.4064,0.521,33.9,0.2591,2138
crypto,AVAXUSDT,1h,gate,"ema|fast50,slow200|g:vol|reversal|ls",ema,ls,reversal,vol,0.302,0.493,-0.3912,0.507,33.4,0.2335,2138
crypto,AVAXUSDT,1h,headline,blend|long_only,blend,long_only,-,-,0.426,0.609,-0.1231,0.38,15.0,0.1224,2138
crypto,AVAXUSDT,1h,headline,blend|asym,blend,asym,-,-,0.498,0.897,-0.1268,0.465,21.4,0.1561,2138
crypto,AVAXUSDT,15m,entry,"ema|fast20,slow100|reversal|ls",ema,ls,reversal,-,-0.161,-0.265,-0.3379,0.563,239.6,-0.2095,2138
crypto,AVAXUSDT,15m,entry,"ema|fast50,slow200|reversal|ls",ema,ls,reversal,-,0.582,0.997,-0.3895,0.634,139.4,0.6066,2138
crypto,AVAXUSDT,15m,entry,"ema|fast100,slow300|reversal|ls",ema,ls,reversal,-,0.755,1.275,-0.3111,0.634,99.2,0.8894,2138
crypto,AVAXUSDT,15m,entry,"sma|fast50,slow200|reversal|ls",sma,ls,reversal,-,0.461,0.776,-0.3464,0.606,141.7,0.4349,2138
crypto,AVAXUSDT,15m,entry,tsmom|lookback30|reversal|ls,tsmom,ls,reversal,-,-4.985,-7.714,-0.994,0.056,1250.7,-0.994,2138
crypto,AVAXUSDT,15m,entry,tsmom|lookback90|reversal|ls,tsmom,ls,reversal,-,-2.021,-3.239,-0.8847,0.296,728.0,-0.8845,2138
crypto,AVAXUSDT,15m,entry,"macd|fast12,slow26|reversal|ls",macd,ls,reversal,-,-5.017,-7.828,-0.9947,0.07,1137.0,-0.9947,2138
crypto,AVAXUSDT,15m,entry,donchian|lookback55|reversal|ls,donchian,ls,reversal,-,-0.507,-0.793,-0.4597,0.437,185.1,-0.4377,2138
crypto,AVAXUSDT,15m,entry,blend|ls,blend,ls,-,-,-0.042,-0.111,-0.1744,0.493,151.2,-0.0369,2138
crypto,AVAXUSDT,15m,entry,strength|ls,strength,ls,-,-,-1.916,-4.318,-0.7036,0.31,514.9,-0.7005,2138
crypto,AVAXUSDT,15m,direction,"ema|fast50,slow200|reversal|long_only",ema,long_only,reversal,-,0.2,0.319,-0.2714,0.451,66.8,0.0983,2138
crypto,AVAXUSDT,15m,direction,"ema|fast50,slow200|reversal|short_only",ema,short_only,reversal,-,0.637,1.148,-0.1967,0.563,72.6,0.4974,2138
crypto,AVAXUSDT,15m,direction,"ema|fast50,slow200|reversal|asym",ema,asym,reversal,-,0.383,0.6,-0.2965,0.507,88.6,0.2461,2138
crypto,AVAXUSDT,15m,exit,"ema|fast50,slow200|atr_trailing|ls",ema,ls,atr_trailing,-,-0.772,-1.282,-0.5595,0.408,406.0,-0.557,2138
crypto,AVAXUSDT,15m,exit,"ema|fast50,slow200|channel|ls",ema,ls,channel,-,-1.218,-2.013,-0.7154,0.366,517.4,-0.7139,2138
crypto,AVAXUSDT,15m,gate,"ema|fast50,slow200|g:adx|reversal|ls",ema,ls,reversal,adx,0.684,1.167,-0.3926,0.577,120.2,0.7687,2138
crypto,AVAXUSDT,15m,gate,"ema|fast50,slow200|g:ltf|reversal|ls",ema,ls,reversal,ltf,0.582,0.997,-0.3895,0.634,139.4,0.6066,2138
crypto,AVAXUSDT,15m,gate,"ema|fast50,slow200|g:vol|reversal|ls",ema,ls,reversal,vol,0.497,0.831,-0.3779,0.62,137.8,0.4857,2138
crypto,AVAXUSDT,15m,headline,blend|long_only,blend,long_only,-,-,-0.046,-0.107,-0.1322,0.423,69.0,-0.021,2138
crypto,AVAXUSDT,15m,headline,blend|asym,blend,asym,-,-,-0.042,-0.103,-0.1415,0.465,93.7,-0.0215,2138
crypto,AVAXUSDT,5m,entry,"ema|fast20,slow100|reversal|ls",ema,ls,reversal,-,-2.538,-4.048,-0.9308,0.282,793.1,-0.9304,2138
crypto,AVAXUSDT,5m,entry,"ema|fast50,slow200|reversal|ls",ema,ls,reversal,-,-0.963,-1.558,-0.6444,0.38,442.5,-0.6426,2138
crypto,AVAXUSDT,5m,entry,"ema|fast100,slow300|reversal|ls",ema,ls,reversal,-,-0.241,-0.403,-0.425,0.507,324.0,-0.2701,2138
crypto,AVAXUSDT,5m,entry,"sma|fast50,slow200|reversal|ls",sma,ls,reversal,-,-0.874,-1.427,-0.6088,0.366,445.2,-0.6082,2138
crypto,AVAXUSDT,5m,entry,tsmom|lookback30|reversal|ls,tsmom,ls,reversal,-,-13.843,-18.19,-1.0,0.0,3904.3,-1.0,2138
crypto,AVAXUSDT,5m,entry,tsmom|lookback90|reversal|ls,tsmom,ls,reversal,-,-8.446,-11.395,-1.0,0.028,2395.5,-1.0,2138
crypto,AVAXUSDT,5m,entry,"macd|fast12,slow26|reversal|ls",macd,ls,reversal,-,-13.896,-17.417,-1.0,0.0,3621.3,-1.0,2138
crypto,AVAXUSDT,5m,entry,donchian|lookback55|reversal|ls,donchian,ls,reversal,-,-2.001,-3.239,-0.8729,0.225,580.9,-0.8707,2138
crypto,AVAXUSDT,5m,entry,blend|ls,blend,ls,-,-,-2.826,-6.417,-0.7463,0.155,485.6,-0.7459,2138
crypto,AVAXUSDT,5m,entry,strength|ls,strength,ls,-,-,-9.125,-15.298,-0.9975,0.014,1672.3,-0.9975,2138
crypto,AVAXUSDT,5m,direction,"ema|fast50,slow200|reversal|long_only",ema,long_only,reversal,-,-0.951,-1.916,-0.5331,0.338,216.9,-0.4851,2138
crypto,AVAXUSDT,5m,direction,"ema|fast50,slow200|reversal|short_only",ema,short_only,reversal,-,-0.349,-0.736,-0.2891,0.465,225.6,-0.2513,2138
crypto,AVAXUSDT,5m,direction,"ema|fast50,slow200|reversal|asym",ema,asym,reversal,-,-1.022,-1.796,-0.5462,0.366,284.6,-0.5305,2138
crypto,AVAXUSDT,5m,exit,"ema|fast50,slow200|atr_trailing|ls",ema,ls,atr_trailing,-,-4.937,-7.728,-0.9935,0.099,1383.0,-0.9935,2138
crypto,AVAXUSDT,5m,exit,"ema|fast50,slow200|channel|ls",ema,ls,channel,-,-6.594,-9.872,-0.999,0.028,1769.1,-0.999,2138
crypto,AVAXUSDT,5m,gate,"ema|fast50,slow200|g:adx|reversal|ls",ema,ls,reversal,adx,-0.475,-0.778,-0.4206,0.465,380.8,-0.4177,2138
crypto,AVAXUSDT,5m,gate,"ema|fast50,slow200|g:ltf|reversal|ls",ema,ls,reversal,ltf,-0.963,-1.558,-0.6444,0.38,442.5,-0.6426,2138
crypto,AVAXUSDT,5m,gate,"ema|fast50,slow200|g:vol|reversal|ls",ema,ls,reversal,vol,-1.218,-1.951,-0.725,0.352,434.6,-0.7249,2138
crypto,AVAXUSDT,5m,headline,blend|long_only,blend,long_only,-,-,-2.122,-5.276,-0.5022,0.225,232.3,-0.5007,2138
crypto,AVAXUSDT,5m,headline,blend|asym,blend,asym,-,-,-2.567,-6.037,-0.5901,0.197,308.3,-0.5893,2138
crypto,SUIUSDT,1d,entry,"ema|fast20,slow100|reversal|ls",ema,ls,reversal,-,0.404,0.502,-0.2874,0.59,1.5,0.1727,1186
crypto,SUIUSDT,1d,entry,"ema|fast50,slow200|reversal|ls",ema,ls,reversal,-,0.101,0.126,-0.2092,0.564,1.0,0.0128,1186
crypto,SUIUSDT,1d,entry,"ema|fast100,slow300|reversal|ls",ema,ls,reversal,-,-0.331,-0.396,-0.3684,0.513,0.8,-0.1783,1186
crypto,SUIUSDT,1d,entry,"sma|fast50,slow200|reversal|ls",sma,ls,reversal,-,-0.01,-0.012,-0.3361,0.487,1.1,-0.0365,1186
crypto,SUIUSDT,1d,entry,tsmom|lookback30|reversal|ls,tsmom,ls,reversal,-,0.958,1.312,-0.1898,0.564,8.7,0.5325,1186
crypto,SUIUSDT,1d,entry,tsmom|lookback90|reversal|ls,tsmom,ls,reversal,-,0.448,0.585,-0.1686,0.641,4.0,0.1979,1186
crypto,SUIUSDT,1d,entry,"macd|fast12,slow26|reversal|ls",macd,ls,reversal,-,-0.661,-0.87,-0.4156,0.462,8.9,-0.2995,1186
crypto,SUIUSDT,1d,entry,donchian|lookback55|reversal|ls,donchian,ls,reversal,-,0.382,0.509,-0.1951,0.59,1.2,0.1597,1186
crypto,SUIUSDT,1d,entry,blend|ls,blend,ls,-,-,0.278,0.286,-0.0971,0.513,1.2,0.0662,1186
crypto,SUIUSDT,1d,entry,strength|ls,strength,ls,-,-,0.593,0.763,-0.1203,0.59,2.9,0.2027,1186
crypto,SUIUSDT,1d,direction,"ema|fast50,slow200|reversal|long_only",ema,long_only,reversal,-,0.357,0.397,-0.1229,0.256,0.4,0.1011,1186
crypto,SUIUSDT,1d,direction,"ema|fast50,slow200|reversal|short_only",ema,short_only,reversal,-,-0.168,-0.135,-0.2818,0.385,0.5,-0.0801,1186
crypto,SUIUSDT,1d,direction,"ema|fast50,slow200|reversal|asym",ema,asym,reversal,-,0.279,0.384,-0.1393,0.564,0.6,0.0786,1186
crypto,SUIUSDT,1d,exit,"ema|fast50,slow200|atr_trailing|ls",ema,ls,atr_trailing,-,-0.583,-0.688,-0.4288,0.41,3.2,-0.2697,1186
crypto,SUIUSDT,1d,exit,"ema|fast50,slow200|channel|ls",ema,ls,channel,-,-0.401,-0.471,-0.3413,0.436,4.4,-0.1981,1186
crypto,SUIUSDT,1d,gate,"ema|fast50,slow200|g:adx|reversal|ls",ema,ls,reversal,adx,0.072,0.09,-0.2203,0.564,1.0,-0.0014,1186
crypto,SUIUSDT,1d,gate,"ema|fast50,slow200|g:ltf|reversal|ls",ema,ls,reversal,ltf,0.101,0.126,-0.2092,0.564,1.0,0.0128,1186
crypto,SUIUSDT,1d,gate,"ema|fast50,slow200|g:vol|reversal|ls",ema,ls,reversal,vol,0.007,0.006,-0.1858,0.282,0.5,-0.0143,1186
crypto,SUIUSDT,1d,headline,blend|long_only,blend,long_only,-,-,0.662,0.754,-0.0463,0.231,0.3,0.0836,1186
crypto,SUIUSDT,1d,headline,blend|asym,blend,asym,-,-,0.558,0.75,-0.0581,0.487,0.6,0.0804,1186
crypto,SUIUSDT,4h,entry,"ema|fast20,slow100|reversal|ls",ema,ls,reversal,-,0.975,1.595,-0.1198,0.615,11.4,0.5876,1186
crypto,SUIUSDT,4h,entry,"ema|fast50,slow200|reversal|ls",ema,ls,reversal,-,1.035,1.621,-0.1583,0.692,6.9,0.6334,1186
crypto,SUIUSDT,4h,entry,"ema|fast100,slow300|reversal|ls",ema,ls,reversal,-,0.99,1.544,-0.2036,0.692,4.7,0.596,1186
crypto,SUIUSDT,4h,entry,"sma|fast50,slow200|reversal|ls",sma,ls,reversal,-,0.272,0.386,-0.2184,0.564,7.9,0.1035,1186
crypto,SUIUSDT,4h,entry,tsmom|lookback30|reversal|ls,tsmom,ls,reversal,-,0.321,0.546,-0.2732,0.487,58.6,0.1329,1186
crypto,SUIUSDT,4h,entry,tsmom|lookback90|reversal|ls,tsmom,ls,reversal,-,0.343,0.506,-0.1738,0.538,30.9,0.1464,1186
crypto,SUIUSDT,4h,entry,"macd|fast12,slow26|reversal|ls",macd,ls,reversal,-,-0.108,-0.163,-0.2178,0.385,57.7,-0.0906,1186
crypto,SUIUSDT,4h,entry,donchian|lookback55|reversal|ls,donchian,ls,reversal,-,0.15,0.223,-0.201,0.462,9.7,0.0372,1186
crypto,SUIUSDT,4h,entry,blend|ls,blend,ls,-,-,0.669,0.93,-0.0874,0.538,8.0,0.192,1186
crypto,SUIUSDT,4h,entry,strength|ls,strength,ls,-,-,0.508,0.797,-0.11,0.538,25.8,0.1691,1186
crypto,SUIUSDT,4h,direction,"ema|fast50,slow200|reversal|long_only",ema,long_only,reversal,-,0.765,1.015,-0.1359,0.333,2.9,0.2491,1186
crypto,SUIUSDT,4h,direction,"ema|fast50,slow200|reversal|short_only",ema,short_only,reversal,-,0.717,0.799,-0.1405,0.487,4.0,0.3082,1186
crypto,SUIUSDT,4h,direction,"ema|fast50,slow200|reversal|asym",ema,asym,reversal,-,0.977,1.6,-0.1203,0.615,4.1,0.3611,1186
crypto,SUIUSDT,4h,exit,"ema|fast50,slow200|atr_trailing|ls",ema,ls,atr_trailing,-,0.911,1.437,-0.2054,0.744,19.9,0.5365,1186
crypto,SUIUSDT,4h,exit,"ema|fast50,slow200|channel|ls",ema,ls,channel,-,0.804,1.275,-0.1639,0.692,24.4,0.4533,1186
crypto,SUIUSDT,4h,gate,"ema|fast50,slow200|g:adx|reversal|ls",ema,ls,reversal,adx,0.898,1.315,-0.2053,0.692,5.8,0.5304,1186
crypto,SUIUSDT,4h,gate,"ema|fast50,slow200|g:ltf|reversal|ls",ema,ls,reversal,ltf,1.035,1.621,-0.1583,0.692,6.9,0.6334,1186
crypto,SUIUSDT,4h,gate,"ema|fast50,slow200|g:vol|reversal|ls",ema,ls,reversal,vol,0.832,1.249,-0.1715,0.615,6.7,0.4591,1186
crypto,SUIUSDT,4h,headline,blend|long_only,blend,long_only,-,-,0.575,0.723,-0.0505,0.256,2.8,0.0845,1186
crypto,SUIUSDT,4h,headline,blend|asym,blend,asym,-,-,0.706,1.148,-0.0513,0.487,4.4,0.1177,1186
crypto,SUIUSDT,1h,entry,"ema|fast20,slow100|reversal|ls",ema,ls,reversal,-,0.335,0.605,-0.1531,0.487,58.1,0.1419,1186
crypto,SUIUSDT,1h,entry,"ema|fast50,slow200|reversal|ls",ema,ls,reversal,-,0.638,1.092,-0.2411,0.59,30.2,0.3381,1186
crypto,SUIUSDT,1h,entry,"ema|fast100,slow300|reversal|ls",ema,ls,reversal,-,0.925,1.577,-0.1025,0.615,22.0,0.5466,1186
crypto,SUIUSDT,1h,entry,"sma|fast50,slow200|reversal|ls",sma,ls,reversal,-,0.777,1.327,-0.18,0.564,30.9,0.4346,1186
crypto,SUIUSDT,1h,entry,tsmom|lookback30|reversal|ls,tsmom,ls,reversal,-,-1.198,-2.045,-0.5261,0.333,270.6,-0.4922,1186
crypto,SUIUSDT,1h,entry,tsmom|lookback90|reversal|ls,tsmom,ls,reversal,-,-0.337,-0.579,-0.3254,0.462,161.6,-0.2003,1186
crypto,SUIUSDT,1h,entry,"macd|fast12,slow26|reversal|ls",macd,ls,reversal,-,-1.106,-1.742,-0.4965,0.282,247.0,-0.4591,1186
crypto,SUIUSDT,1h,entry,donchian|lookback55|reversal|ls,donchian,ls,reversal,-,0.723,1.354,-0.135,0.538,38.9,0.3873,1186
crypto,SUIUSDT,1h,entry,blend|ls,blend,ls,-,-,0.556,1.168,-0.0886,0.462,33.9,0.1447,1186
crypto,SUIUSDT,1h,entry,strength|ls,strength,ls,-,-,-0.047,-0.099,-0.1504,0.41,112.6,-0.0328,1186
crypto,SUIUSDT,1h,direction,"ema|fast50,slow200|reversal|long_only",ema,long_only,reversal,-,0.243,0.355,-0.1629,0.436,13.7,0.0661,1186
crypto,SUIUSDT,1h,direction,"ema|fast50,slow200|reversal|short_only",ema,short_only,reversal,-,0.635,0.834,-0.2151,0.513,16.6,0.2576,1186
crypto,SUIUSDT,1h,direction,"ema|fast50,slow200|reversal|asym",ema,asym,reversal,-,0.442,0.722,-0.1749,0.538,18.6,0.1477,1186
crypto,SUIUSDT,1h,exit,"ema|fast50,slow200|atr_trailing|ls",ema,ls,atr_trailing,-,0.312,0.542,-0.2057,0.538,87.1,0.1289,1186
crypto,SUIUSDT,1h,exit,"ema|fast50,slow200|channel|ls",ema,ls,channel,-,0.366,0.68,-0.1949,0.538,107.5,0.1585,1186
crypto,SUIUSDT,1h,gate,"ema|fast50,slow200|g:adx|reversal|ls",ema,ls,reversal,adx,0.914,1.565,-0.2315,0.667,27.1,0.5446,1186
crypto,SUIUSDT,1h,gate,"ema|fast50,slow200|g:ltf|reversal|ls",ema,ls,reversal,ltf,0.638,1.092,-0.2411,0.59,30.2,0.3381,1186
crypto,SUIUSDT,1h,gate,"ema|fast50,slow200|g:vol|reversal|ls",ema,ls,reversal,vol,0.728,1.234,-0.2342,0.59,29.1,0.3989,1186
crypto,SUIUSDT,1h,headline,blend|long_only,blend,long_only,-,-,0.452,0.771,-0.0593,0.385,13.4,0.0728,1186
crypto,SUIUSDT,1h,headline,blend|asym,blend,asym,-,-,0.547,1.158,-0.0553,0.41,19.5,0.0958,1186
crypto,SUIUSDT,15m,entry,"ema|fast20,slow100|reversal|ls",ema,ls,reversal,-,-0.785,-1.402,-0.4094,0.41,233.6,-0.3748,1186
crypto,SUIUSDT,15m,entry,"ema|fast50,slow200|reversal|ls",ema,ls,reversal,-,0.163,0.294,-0.2809,0.487,133.8,0.0443,1186
crypto,SUIUSDT,15m,entry,"ema|fast100,slow300|reversal|ls",ema,ls,reversal,-,0.078,0.137,-0.2348,0.513,99.7,-0.0031,1186
crypto,SUIUSDT,15m,entry,"sma|fast50,slow200|reversal|ls",sma,ls,reversal,-,0.099,0.167,-0.2005,0.487,137.0,0.0099,1186
crypto,SUIUSDT,15m,entry,tsmom|lookback30|reversal|ls,tsmom,ls,reversal,-,-5.235,-8.375,-0.9512,0.077,1177.8,-0.9512,1186
crypto,SUIUSDT,15m,entry,tsmom|lookback90|reversal|ls,tsmom,ls,reversal,-,-2.228,-3.716,-0.7211,0.308,695.8,-0.7132,1186
crypto,SUIUSDT,15m,entry,"macd|fast12,slow26|reversal|ls",macd,ls,reversal,-,-5.009,-7.547,-0.9404,0.128,1075.3,-0.94,1186
crypto,SUIUSDT,15m,entry,donchian|lookback55|reversal|ls,donchian,ls,reversal,-,-0.909,-1.454,-0.4391,0.333,173.3,-0.4239,1186
crypto,SUIUSDT,15m,entry,blend|ls,blend,ls,-,-,-0.414,-1.214,-0.1549,0.487,143.8,-0.1162,1186
crypto,SUIUSDT,15m,entry,strength|ls,strength,ls,-,-,-2.405,-5.589,-0.5782,0.308,495.0,-0.5671,1186
crypto,SUIUSDT,15m,direction,"ema|fast50,slow200|reversal|long_only",ema,long_only,reversal,-,-0.162,-0.291,-0.1701,0.359,63.2,-0.0731,1186
crypto,SUIUSDT,15m,direction,"ema|fast50,slow200|reversal|short_only",ema,short_only,reversal,-,0.385,0.678,-0.2148,0.462,70.6,0.1391,1186
crypto,SUIUSDT,15m,direction,"ema|fast50,slow200|reversal|asym",ema,asym,reversal,-,-0.033,-0.057,-0.1878,0.436,84.4,-0.0328,1186
crypto,SUIUSDT,15m,exit,"ema|fast50,slow200|atr_trailing|ls",ema,ls,atr_trailing,-,-1.225,-2.186,-0.5566,0.333,384.4,-0.5081,1186
crypto,SUIUSDT,15m,exit,"ema|fast50,slow200|channel|ls",ema,ls,channel,-,-1.812,-3.264,-0.6626,0.308,507.2,-0.6436,1186
crypto,SUIUSDT,15m,gate,"ema|fast50,slow200|g:adx|reversal|ls",ema,ls,reversal,adx,0.334,0.605,-0.2412,0.538,117.4,0.1435,1186
crypto,SUIUSDT,15m,gate,"ema|fast50,slow200|g:ltf|reversal|ls",ema,ls,reversal,ltf,0.163,0.294,-0.2809,0.487,133.8,0.0443,1186
crypto,SUIUSDT,15m,gate,"ema|fast50,slow200|g:vol|reversal|ls",ema,ls,reversal,vol,0.207,0.37,-0.2544,0.513,131.9,0.069,1186
crypto,SUIUSDT,15m,headline,blend|long_only,blend,long_only,-,-,-0.321,-0.846,-0.1021,0.282,63.7,-0.0604,1186
crypto,SUIUSDT,15m,headline,blend|asym,blend,asym,-,-,-0.386,-1.072,-0.1126,0.308,87.7,-0.0755,1186
crypto,SUIUSDT,5m,entry,"ema|fast20,slow100|reversal|ls",ema,ls,reversal,-,-3.041,-4.705,-0.833,0.231,744.6,-0.8249,1186
crypto,SUIUSDT,5m,entry,"ema|fast50,slow200|reversal|ls",ema,ls,reversal,-,-1.849,-3.208,-0.6688,0.41,426.0,-0.6497,1186
crypto,SUIUSDT,5m,entry,"ema|fast100,slow300|reversal|ls",ema,ls,reversal,-,-1.094,-1.846,-0.4907,0.385,310.8,-0.4648,1186
crypto,SUIUSDT,5m,entry,"sma|fast50,slow200|reversal|ls",sma,ls,reversal,-,-1.357,-2.363,-0.5762,0.308,425.6,-0.5397,1186
crypto,SUIUSDT,5m,entry,tsmom|lookback30|reversal|ls,tsmom,ls,reversal,-,-13.92,-18.532,-0.9999,0.0,3664.1,-0.9999,1186
crypto,SUIUSDT,5m,entry,tsmom|lookback90|reversal|ls,tsmom,ls,reversal,-,-8.411,-12.045,-0.9951,0.026,2234.1,-0.9951,1186
crypto,SUIUSDT,5m,entry,"macd|fast12,slow26|reversal|ls",macd,ls,reversal,-,-13.877,-17.974,-0.9998,0.0,3405.9,-0.9998,1186
crypto,SUIUSDT,5m,entry,donchian|lookback55|reversal|ls,donchian,ls,reversal,-,-3.077,-4.783,-0.8253,0.179,558.8,-0.8213,1186
crypto,SUIUSDT,5m,entry,blend|ls,blend,ls,-,-,-3.533,-8.373,-0.6062,0.077,460.1,-0.606,1186
crypto,SUIUSDT,5m,entry,strength|ls,strength,ls,-,-,-9.452,-16.976,-0.967,0.0,1579.0,-0.967,1186
crypto,SUIUSDT,5m,direction,"ema|fast50,slow200|reversal|long_only",ema,long_only,reversal,-,-1.68,-3.622,-0.4745,0.282,205.3,-0.4744,1186
crypto,SUIUSDT,5m,direction,"ema|fast50,slow200|reversal|short_only",ema,short_only,reversal,-,-0.919,-2.041,-0.3766,0.487,220.7,-0.3089,1186
crypto,SUIUSDT,5m,direction,"ema|fast50,slow200|reversal|asym",ema,asym,reversal,-,-1.863,-3.498,-0.534,0.333,271.5,-0.5302,1186
crypto,SUIUSDT,5m,exit,"ema|fast50,slow200|atr_trailing|ls",ema,ls,atr_trailing,-,-5.981,-9.366,-0.9663,0.051,1312.0,-0.9656,1186
crypto,SUIUSDT,5m,exit,"ema|fast50,slow200|channel|ls",ema,ls,channel,-,-6.819,-10.472,-0.9809,0.026,1681.4,-0.9806,1186
crypto,SUIUSDT,5m,gate,"ema|fast50,slow200|g:adx|reversal|ls",ema,ls,reversal,adx,-1.524,-2.666,-0.6053,0.385,360.1,-0.5849,1186
crypto,SUIUSDT,5m,gate,"ema|fast50,slow200|g:ltf|reversal|ls",ema,ls,reversal,ltf,-1.849,-3.208,-0.6688,0.41,426.0,-0.6497,1186
crypto,SUIUSDT,5m,gate,"ema|fast50,slow200|g:vol|reversal|ls",ema,ls,reversal,vol,-2.072,-3.487,-0.708,0.333,417.0,-0.6937,1186
crypto,SUIUSDT,5m,headline,blend|long_only,blend,long_only,-,-,-2.426,-6.514,-0.3636,0.282,213.3,-0.3634,1186
crypto,SUIUSDT,5m,headline,blend|asym,blend,asym,-,-,-3.032,-7.635,-0.4467,0.179,287.3,-0.4467,1186
crypto,UNIUSDT,1d,entry,"ema|fast20,slow100|reversal|ls",ema,ls,reversal,-,0.081,0.113,-0.3321,0.479,1.6,0.0039,2143
crypto,UNIUSDT,1d,entry,"ema|fast50,slow200|reversal|ls",ema,ls,reversal,-,-0.261,-0.332,-0.3644,0.507,1.0,-0.2641,2143
crypto,UNIUSDT,1d,entry,"ema|fast100,slow300|reversal|ls",ema,ls,reversal,-,-0.445,-0.56,-0.418,0.465,0.8,-0.3774,2143
crypto,UNIUSDT,1d,entry,"sma|fast50,slow200|reversal|ls",sma,ls,reversal,-,-0.48,-0.577,-0.473,0.38,1.4,-0.3873,2143
crypto,UNIUSDT,1d,entry,tsmom|lookback30|reversal|ls,tsmom,ls,reversal,-,0.395,0.534,-0.2853,0.549,8.1,0.3343,2143
crypto,UNIUSDT,1d,entry,tsmom|lookback90|reversal|ls,tsmom,ls,reversal,-,0.09,0.125,-0.3719,0.521,5.2,0.0116,2143
crypto,UNIUSDT,1d,entry,"macd|fast12,slow26|reversal|ls",macd,ls,reversal,-,-0.166,-0.234,-0.4414,0.465,9.0,-0.1981,2143
crypto,UNIUSDT,1d,entry,donchian|lookback55|reversal|ls,donchian,ls,reversal,-,0.363,0.515,-0.3027,0.549,1.5,0.2953,2143
crypto,UNIUSDT,1d,entry,blend|ls,blend,ls,-,-,-0.132,-0.147,-0.19,0.408,1.3,-0.0746,2143
crypto,UNIUSDT,1d,entry,strength|ls,strength,ls,-,-,-0.12,-0.145,-0.2831,0.465,3.8,-0.0898,2143
crypto,UNIUSDT,1d,direction,"ema|fast50,slow200|reversal|long_only",ema,long_only,reversal,-,0.088,0.086,-0.1797,0.197,0.4,0.023,2143
crypto,UNIUSDT,1d,direction,"ema|fast50,slow200|reversal|short_only",ema,short_only,reversal,-,-0.393,-0.362,-0.3463,0.366,0.6,-0.2806,2143
crypto,UNIUSDT,1d,direction,"ema|fast50,slow200|reversal|asym",ema,asym,reversal,-,-0.063,-0.087,-0.2001,0.493,0.6,-0.0644,2143
crypto,UNIUSDT,1d,exit,"ema|fast50,slow200|atr_trailing|ls",ema,ls,atr_trailing,-,-0.486,-0.614,-0.4348,0.437,3.4,-0.394,2143
crypto,UNIUSDT,1d,exit,"ema|fast50,slow200|channel|ls",ema,ls,channel,-,-0.429,-0.539,-0.4443,0.437,4.1,-0.3627,2143
crypto,UNIUSDT,1d,gate,"ema|fast50,slow200|g:adx|reversal|ls",ema,ls,reversal,adx,-0.195,-0.248,-0.3644,0.535,1.1,-0.2188,2143
crypto,UNIUSDT,1d,gate,"ema|fast50,slow200|g:ltf|reversal|ls",ema,ls,reversal,ltf,-0.261,-0.332,-0.3644,0.507,1.0,-0.2641,2143
crypto,UNIUSDT,1d,gate,"ema|fast50,slow200|g:vol|reversal|ls",ema,ls,reversal,vol,-0.433,-0.45,-0.3644,0.366,0.8,-0.3286,2143
crypto,UNIUSDT,1d,headline,blend|long_only,blend,long_only,-,-,0.344,0.361,-0.0674,0.197,0.4,0.0752,2143
crypto,UNIUSDT,1d,headline,blend|asym,blend,asym,-,-,0.142,0.2,-0.0768,0.423,0.6,0.0309,2143
crypto,UNIUSDT,4h,entry,"ema|fast20,slow100|reversal|ls",ema,ls,reversal,-,0.063,0.108,-0.2983,0.451,13.0,-0.0242,2143
crypto,UNIUSDT,4h,entry,"ema|fast50,slow200|reversal|ls",ema,ls,reversal,-,0.53,0.813,-0.2295,0.606,6.9,0.5735,2143
crypto,UNIUSDT,4h,entry,"ema|fast100,slow300|reversal|ls",ema,ls,reversal,-,0.391,0.611,-0.2359,0.62,5.5,0.3676,2143
crypto,UNIUSDT,4h,entry,"sma|fast50,slow200|reversal|ls",sma,ls,reversal,-,0.442,0.665,-0.2807,0.577,8.2,0.4393,2143
crypto,UNIUSDT,4h,entry,tsmom|lookback30|reversal|ls,tsmom,ls,reversal,-,-0.263,-0.37,-0.4418,0.423,62.6,-0.2932,2143
crypto,UNIUSDT,4h,entry,tsmom|lookback90|reversal|ls,tsmom,ls,reversal,-,0.274,0.461,-0.3113,0.451,36.8,0.212,2143
crypto,UNIUSDT,4h,entry,"macd|fast12,slow26|reversal|ls",macd,ls,reversal,-,-0.289,-0.369,-0.4123,0.521,58.4,-0.3158,2143
crypto,UNIUSDT,4h,entry,donchian|lookback55|reversal|ls,donchian,ls,reversal,-,-0.064,-0.106,-0.469,0.465,10.1,-0.1448,2143
crypto,UNIUSDT,4h,entry,blend|ls,blend,ls,-,-,0.167,0.24,-0.1424,0.465,8.6,0.0642,2143
crypto,UNIUSDT,4h,entry,strength|ls,strength,ls,-,-,0.086,0.147,-0.216,0.423,27.6,0.0207,2143
crypto,UNIUSDT,4h,direction,"ema|fast50,slow200|reversal|long_only",ema,long_only,reversal,-,0.463,0.592,-0.1851,0.38,3.1,0.3266,2143
crypto,UNIUSDT,4h,direction,"ema|fast50,slow200|reversal|short_only",ema,short_only,reversal,-,0.293,0.301,-0.1629,0.437,3.8,0.1878,2143
crypto,UNIUSDT,4h,direction,"ema|fast50,slow200|reversal|asym",ema,asym,reversal,-,0.53,0.845,-0.1712,0.577,4.2,0.4099,2143
crypto,UNIUSDT,4h,exit,"ema|fast50,slow200|atr_trailing|ls",ema,ls,atr_trailing,-,0.305,0.486,-0.254,0.549,21.2,0.2506,2143
crypto,UNIUSDT,4h,exit,"ema|fast50,slow200|channel|ls",ema,ls,channel,-,0.285,0.466,-0.2329,0.577,26.9,0.2248,2143
crypto,UNIUSDT,4h,gate,"ema|fast50,slow200|g:adx|reversal|ls",ema,ls,reversal,adx,0.588,0.9,-0.2411,0.592,5.8,0.669,2143
crypto,UNIUSDT,4h,gate,"ema|fast50,slow200|g:ltf|reversal|ls",ema,ls,reversal,ltf,0.53,0.813,-0.2295,0.606,6.9,0.5735,2143
crypto,UNIUSDT,4h,gate,"ema|fast50,slow200|g:vol|reversal|ls",ema,ls,reversal,vol,0.642,0.968,-0.232,0.606,6.5,0.7532,2143
crypto,UNIUSDT,4h,headline,blend|long_only,blend,long_only,-,-,0.026,0.03,-0.1141,0.296,3.4,0.0008,2143
crypto,UNIUSDT,4h,headline,blend|asym,blend,asym,-,-,0.1,0.152,-0.1135,0.408,5.0,0.0228,2143
crypto,UNIUSDT,1h,entry,"ema|fast20,slow100|reversal|ls",ema,ls,reversal,-,-0.204,-0.302,-0.4273,0.493,56.7,-0.2429,2143
crypto,UNIUSDT,1h,entry,"ema|fast50,slow200|reversal|ls",ema,ls,reversal,-,-0.369,-0.528,-0.4945,0.493,33.5,-0.3641,2143
crypto,UNIUSDT,1h,entry,"ema|fast100,slow300|reversal|ls",ema,ls,reversal,-,-0.069,-0.114,-0.3372,0.408,25.3,-0.1425,2143
crypto,UNIUSDT,1h,entry,"sma|fast50,slow200|reversal|ls",sma,ls,reversal,-,-0.211,-0.297,-0.4282,0.451,33.3,-0.2544,2143
crypto,UNIUSDT,1h,entry,tsmom|lookback30|reversal|ls,tsmom,ls,reversal,-,-1.928,-2.863,-0.8823,0.197,282.0,-0.8722,2143
crypto,UNIUSDT,1h,entry,tsmom|lookback90|reversal|ls,tsmom,ls,reversal,-,-0.869,-1.308,-0.6739,0.408,161.0,-0.6151,2143
crypto,UNIUSDT,1h,entry,"macd|fast12,slow26|reversal|ls",macd,ls,reversal,-,-1.482,-2.067,-0.7986,0.324,255.8,-0.7966,2143
crypto,UNIUSDT,1h,entry,donchian|lookback55|reversal|ls,donchian,ls,reversal,-,-0.17,-0.255,-0.3777,0.507,43.0,-0.2189,2143
crypto,UNIUSDT,1h,entry,blend|ls,blend,ls,-,-,-0.577,-1.028,-0.317,0.352,36.0,-0.2524,2143
crypto,UNIUSDT,1h,entry,strength|ls,strength,ls,-,-,-0.883,-1.465,-0.4918,0.38,118.0,-0.4451,2143
crypto,UNIUSDT,1h,direction,"ema|fast50,slow200|reversal|long_only",ema,long_only,reversal,-,-0.216,-0.273,-0.342,0.366,15.8,-0.1551,2143
crypto,UNIUSDT,1h,direction,"ema|fast50,slow200|reversal|short_only",ema,short_only,reversal,-,-0.288,-0.302,-0.3244,0.423,17.7,-0.2409,2143
crypto,UNIUSDT,1h,direction,"ema|fast50,slow200|reversal|asym",ema,asym,reversal,-,-0.307,-0.447,-0.3803,0.493,21.1,-0.2154,2143
crypto,UNIUSDT,1h,exit,"ema|fast50,slow200|atr_trailing|ls",ema,ls,atr_trailing,-,-0.694,-1.154,-0.6196,0.366,95.6,-0.5455,2143
crypto,UNIUSDT,1h,exit,"ema|fast50,slow200|channel|ls",ema,ls,channel,-,-0.599,-1.016,-0.5711,0.394,116.4,-0.4909,2143
crypto,UNIUSDT,1h,gate,"ema|fast50,slow200|g:adx|reversal|ls",ema,ls,reversal,adx,-0.447,-0.64,-0.5289,0.465,29.9,-0.4138,2143
crypto,UNIUSDT,1h,gate,"ema|fast50,slow200|g:ltf|reversal|ls",ema,ls,reversal,ltf,-0.369,-0.528,-0.4945,0.493,33.5,-0.3641,2143
crypto,UNIUSDT,1h,gate,"ema|fast50,slow200|g:vol|reversal|ls",ema,ls,reversal,vol,-0.278,-0.447,-0.4365,0.465,33.1,-0.3011,2143
crypto,UNIUSDT,1h,headline,blend|long_only,blend,long_only,-,-,-0.533,-0.844,-0.236,0.324,16.2,-0.1484,2143
crypto,UNIUSDT,1h,headline,blend|asym,blend,asym,-,-,-0.61,-1.161,-0.2565,0.38,22.1,-0.1783,2143
crypto,UNIUSDT,15m,entry,"ema|fast20,slow100|reversal|ls",ema,ls,reversal,-,-1.124,-1.742,-0.7762,0.38,239.1,-0.7069,2143
crypto,UNIUSDT,15m,entry,"ema|fast50,slow200|reversal|ls",ema,ls,reversal,-,-0.478,-0.722,-0.5277,0.521,134.7,-0.4266,2143
crypto,UNIUSDT,15m,entry,"ema|fast100,slow300|reversal|ls",ema,ls,reversal,-,-0.219,-0.323,-0.3894,0.535,99.7,-0.2558,2143
crypto,UNIUSDT,15m,entry,"sma|fast50,slow200|reversal|ls",sma,ls,reversal,-,-1.008,-1.479,-0.7269,0.366,139.4,-0.6615,2143
crypto,UNIUSDT,15m,entry,tsmom|lookback30|reversal|ls,tsmom,ls,reversal,-,-5.068,-8.334,-0.9956,0.085,1208.6,-0.9956,2143
crypto,UNIUSDT,15m,entry,tsmom|lookback90|reversal|ls,tsmom,ls,reversal,-,-2.761,-4.127,-0.9544,0.169,704.6,-0.9507,2143
crypto,UNIUSDT,15m,entry,"macd|fast12,slow26|reversal|ls",macd,ls,reversal,-,-5.011,-8.049,-0.9952,0.113,1114.7,-0.9951,2143
crypto,UNIUSDT,15m,entry,donchian|lookback55|reversal|ls,donchian,ls,reversal,-,-0.942,-1.378,-0.6942,0.423,176.1,-0.6477,2143
crypto,UNIUSDT,15m,entry,blend|ls,blend,ls,-,-,-1.012,-2.1,-0.4105,0.296,147.9,-0.3949,2143
crypto,UNIUSDT,15m,entry,strength|ls,strength,ls,-,-,-2.874,-5.559,-0.8484,0.155,506.7,-0.8402,2143
crypto,UNIUSDT,15m,direction,"ema|fast50,slow200|reversal|long_only",ema,long_only,reversal,-,-0.398,-0.682,-0.3921,0.408,65.7,-0.2532,2143
crypto,UNIUSDT,15m,direction,"ema|fast50,slow200|reversal|short_only",ema,short_only,reversal,-,-0.243,-0.324,-0.2766,0.451,69.0,-0.206,2143
crypto,UNIUSDT,15m,direction,"ema|fast50,slow200|reversal|asym",ema,asym,reversal,-,-0.466,-0.76,-0.4293,0.394,86.4,-0.3006,2143
crypto,UNIUSDT,15m,exit,"ema|fast50,slow200|atr_trailing|ls",ema,ls,atr_trailing,-,-1.627,-2.617,-0.8431,0.296,395.9,-0.8115,2143
crypto,UNIUSDT,15m,exit,"ema|fast50,slow200|channel|ls",ema,ls,channel,-,-2.129,-3.35,-0.9029,0.239,514.4,-0.8879,2143
crypto,UNIUSDT,15m,gate,"ema|fast50,slow200|g:adx|reversal|ls",ema,ls,reversal,adx,-0.327,-0.495,-0.4731,0.535,117.9,-0.3334,2143
crypto,UNIUSDT,15m,gate,"ema|fast50,slow200|g:ltf|reversal|ls",ema,ls,reversal,ltf,-0.478,-0.722,-0.5277,0.521,134.7,-0.4266,2143
crypto,UNIUSDT,15m,gate,"ema|fast50,slow200|g:vol|reversal|ls",ema,ls,reversal,vol,-0.491,-0.74,-0.5375,0.493,132.3,-0.4357,2143
crypto,UNIUSDT,15m,headline,blend|long_only,blend,long_only,-,-,-1.055,-2.435,-0.3095,0.338,70.5,-0.2837,2143
crypto,UNIUSDT,15m,headline,blend|asym,blend,asym,-,-,-1.13,-2.636,-0.3344,0.225,93.7,-0.3157,2143
crypto,UNIUSDT,5m,entry,"ema|fast20,slow100|reversal|ls",ema,ls,reversal,-,-2.763,-4.658,-0.9505,0.183,760.3,-0.9476,2143
crypto,UNIUSDT,5m,entry,"ema|fast50,slow200|reversal|ls",ema,ls,reversal,-,-1.809,-2.825,-0.8657,0.296,423.1,-0.85,2143
crypto,UNIUSDT,5m,entry,"ema|fast100,slow300|reversal|ls",ema,ls,reversal,-,-1.568,-2.395,-0.8356,0.324,316.0,-0.8131,2143
crypto,UNIUSDT,5m,entry,"sma|fast50,slow200|reversal|ls",sma,ls,reversal,-,-2.193,-3.308,-0.9005,0.268,434.7,-0.8996,2143
crypto,UNIUSDT,5m,entry,tsmom|lookback30|reversal|ls,tsmom,ls,reversal,-,-14.428,-19.302,-1.0,0.0,3729.7,-1.0,2143
crypto,UNIUSDT,5m,entry,tsmom|lookback90|reversal|ls,tsmom,ls,reversal,-,-8.829,-13.247,-1.0,0.0,2245.6,-1.0,2143
crypto,UNIUSDT,5m,entry,"macd|fast12,slow26|reversal|ls",macd,ls,reversal,-,-15.07,-19.69,-1.0,0.0,3528.4,-1.0,2143
crypto,UNIUSDT,5m,entry,donchian|lookback55|reversal|ls,donchian,ls,reversal,-,-1.9,-3.36,-0.8696,0.239,557.9,-0.8673,2143
crypto,UNIUSDT,5m,entry,blend|ls,blend,ls,-,-,-3.324,-7.938,-0.8034,0.141,469.9,-0.8002,2143
crypto,UNIUSDT,5m,entry,strength|ls,strength,ls,-,-,-9.177,-16.366,-0.9981,0.028,1615.9,-0.9981,2143
crypto,UNIUSDT,5m,direction,"ema|fast50,slow200|reversal|long_only",ema,long_only,reversal,-,-1.464,-3.035,-0.6822,0.352,208.5,-0.6371,2143
crypto,UNIUSDT,5m,direction,"ema|fast50,slow200|reversal|short_only",ema,short_only,reversal,-,-0.999,-1.714,-0.5723,0.366,214.6,-0.5389,2143
crypto,UNIUSDT,5m,direction,"ema|fast50,slow200|reversal|asym",ema,asym,reversal,-,-1.72,-3.069,-0.7469,0.324,272.8,-0.7157,2143
crypto,UNIUSDT,5m,exit,"ema|fast50,slow200|atr_trailing|ls",ema,ls,atr_trailing,-,-5.954,-9.022,-0.9981,0.042,1341.1,-0.998,2143
crypto,UNIUSDT,5m,exit,"ema|fast50,slow200|channel|ls",ema,ls,channel,-,-7.426,-11.004,-0.9996,0.028,1701.1,-0.9996,2143
crypto,UNIUSDT,5m,gate,"ema|fast50,slow200|g:adx|reversal|ls",ema,ls,reversal,adx,-1.601,-2.473,-0.8416,0.31,367.6,-0.8157,2143
crypto,UNIUSDT,5m,gate,"ema|fast50,slow200|g:ltf|reversal|ls",ema,ls,reversal,ltf,-1.809,-2.825,-0.8657,0.296,423.1,-0.85,2143
crypto,UNIUSDT,5m,gate,"ema|fast50,slow200|g:vol|reversal|ls",ema,ls,reversal,vol,-1.614,-2.532,-0.8494,0.366,415.2,-0.8169,2143
crypto,UNIUSDT,5m,headline,blend|long_only,blend,long_only,-,-,-2.409,-6.136,-0.5516,0.225,226.0,-0.5445,2143
crypto,UNIUSDT,5m,headline,blend|asym,blend,asym,-,-,-2.961,-7.175,-0.6463,0.183,299.1,-0.6411,2143
crypto,NEARUSDT,1d,entry,"ema|fast20,slow100|reversal|ls",ema,ls,reversal,-,0.365,0.526,-0.2871,0.443,1.7,0.2886,2116
crypto,NEARUSDT,1d,entry,"ema|fast50,slow200|reversal|ls",ema,ls,reversal,-,0.011,0.015,-0.2586,0.429,0.8,-0.0554,2116
crypto,NEARUSDT,1d,entry,"ema|fast100,slow300|reversal|ls",ema,ls,reversal,-,-0.241,-0.327,-0.4153,0.443,0.7,-0.2424,2116
crypto,NEARUSDT,1d,entry,"sma|fast50,slow200|reversal|ls",sma,ls,reversal,-,-0.319,-0.421,-0.3102,0.4,0.9,-0.287,2116
crypto,NEARUSDT,1d,entry,tsmom|lookback30|reversal|ls,tsmom,ls,reversal,-,0.858,1.358,-0.265,0.571,7.2,0.985,2116
crypto,NEARUSDT,1d,entry,tsmom|lookback90|reversal|ls,tsmom,ls,reversal,-,0.375,0.545,-0.2661,0.429,4.2,0.3003,2116
crypto,NEARUSDT,1d,entry,"macd|fast12,slow26|reversal|ls",macd,ls,reversal,-,0.182,0.259,-0.2747,0.5,7.1,0.0977,2116
crypto,NEARUSDT,1d,entry,donchian|lookback55|reversal|ls,donchian,ls,reversal,-,0.254,0.391,-0.3703,0.4,1.5,0.1698,2116
crypto,NEARUSDT,1d,entry,blend|ls,blend,ls,-,-,0.14,0.177,-0.1709,0.4,1.2,0.0462,2116
crypto,NEARUSDT,1d,entry,strength|ls,strength,ls,-,-,0.392,0.554,-0.1487,0.4,3.1,0.2307,2116
crypto,NEARUSDT,1d,direction,"ema|fast50,slow200|reversal|long_only",ema,long_only,reversal,-,0.394,0.422,-0.1489,0.171,0.3,0.217,2116
crypto,NEARUSDT,1d,direction,"ema|fast50,slow200|reversal|short_only",ema,short_only,reversal,-,-0.322,-0.305,-0.3089,0.3,0.5,-0.2238,2116
crypto,NEARUSDT,1d,direction,"ema|fast50,slow200|reversal|asym",ema,asym,reversal,-,0.265,0.374,-0.1801,0.443,0.5,0.1372,2116
crypto,NEARUSDT,1d,exit,"ema|fast50,slow200|atr_trailing|ls",ema,ls,atr_trailing,-,-0.284,-0.39,-0.3781,0.457,3.2,-0.2624,2116
crypto,NEARUSDT,1d,exit,"ema|fast50,slow200|channel|ls",ema,ls,channel,-,-0.254,-0.343,-0.3625,0.471,4.4,-0.2439,2116
crypto,NEARUSDT,1d,gate,"ema|fast50,slow200|g:adx|reversal|ls",ema,ls,reversal,adx,-0.078,-0.107,-0.299,0.414,0.8,-0.1263,2116
crypto,NEARUSDT,1d,gate,"ema|fast50,slow200|g:ltf|reversal|ls",ema,ls,reversal,ltf,0.011,0.015,-0.2586,0.429,0.8,-0.0554,2116
crypto,NEARUSDT,1d,gate,"ema|fast50,slow200|g:vol|reversal|ls",ema,ls,reversal,vol,-0.028,-0.032,-0.2586,0.343,0.6,-0.0693,2116
crypto,NEARUSDT,1d,headline,blend|long_only,blend,long_only,-,-,0.606,0.598,-0.0555,0.214,0.4,0.1663,2116
crypto,NEARUSDT,1d,headline,blend|asym,blend,asym,-,-,0.458,0.639,-0.0907,0.414,0.6,0.1316,2116
crypto,NEARUSDT,4h,entry,"ema|fast20,slow100|reversal|ls",ema,ls,reversal,-,0.799,1.252,-0.18,0.586,10.5,0.9627,2116
crypto,NEARUSDT,4h,entry,"ema|fast50,slow200|reversal|ls",ema,ls,reversal,-,0.509,0.791,-0.3654,0.529,6.1,0.495,2116
crypto,NEARUSDT,4h,entry,"ema|fast100,slow300|reversal|ls",ema,ls,reversal,-,0.388,0.59,-0.2361,0.5,5.0,0.3345,2116
crypto,NEARUSDT,4h,entry,"sma|fast50,slow200|reversal|ls",sma,ls,reversal,-,0.538,0.838,-0.3422,0.571,6.6,0.5328,2116
crypto,NEARUSDT,4h,entry,tsmom|lookback30|reversal|ls,tsmom,ls,reversal,-,0.275,0.466,-0.2771,0.571,54.2,0.1978,2116
crypto,NEARUSDT,4h,entry,tsmom|lookback90|reversal|ls,tsmom,ls,reversal,-,0.734,1.151,-0.1991,0.643,33.8,0.8492,2116
crypto,NEARUSDT,4h,entry,"macd|fast12,slow26|reversal|ls",macd,ls,reversal,-,0.346,0.514,-0.2049,0.529,51.9,0.2834,2116
crypto,NEARUSDT,4h,entry,donchian|lookback55|reversal|ls,donchian,ls,reversal,-,0.379,0.594,-0.3402,0.5,8.5,0.3234,2116
crypto,NEARUSDT,4h,entry,blend|ls,blend,ls,-,-,0.649,0.979,-0.133,0.5,7.6,0.3518,2116
crypto,NEARUSDT,4h,entry,strength|ls,strength,ls,-,-,0.777,1.279,-0.1333,0.543,24.3,0.5643,2116
crypto,NEARUSDT,4h,direction,"ema|fast50,slow200|reversal|long_only",ema,long_only,reversal,-,0.752,0.938,-0.2335,0.357,2.7,0.5459,2116
crypto,NEARUSDT,4h,direction,"ema|fast50,slow200|reversal|short_only",ema,short_only,reversal,-,0.014,0.015,-0.2456,0.4,3.4,-0.0318,2116
crypto,NEARUSDT,4h,direction,"ema|fast50,slow200|reversal|asym",ema,asym,reversal,-,0.716,1.116,-0.2652,0.543,3.7,0.5434,2116
crypto,NEARUSDT,4h,exit,"ema|fast50,slow200|atr_trailing|ls",ema,ls,atr_trailing,-,0.44,0.703,-0.2964,0.486,18.7,0.3963,2116
crypto,NEARUSDT,4h,exit,"ema|fast50,slow200|channel|ls",ema,ls,channel,-,0.245,0.384,-0.3543,0.5,26.9,0.1649,2116
crypto,NEARUSDT,4h,gate,"ema|fast50,slow200|g:adx|reversal|ls",ema,ls,reversal,adx,0.357,0.551,-0.397,0.5,6.1,0.2956,2116
crypto,NEARUSDT,4h,gate,"ema|fast50,slow200|g:ltf|reversal|ls",ema,ls,reversal,ltf,0.509,0.791,-0.3654,0.529,6.1,0.495,2116
crypto,NEARUSDT,4h,gate,"ema|fast50,slow200|g:vol|reversal|ls",ema,ls,reversal,vol,0.569,0.867,-0.3154,0.514,5.8,0.5687,2116
crypto,NEARUSDT,4h,headline,blend|long_only,blend,long_only,-,-,0.914,1.139,-0.085,0.314,2.8,0.324,2116
crypto,NEARUSDT,4h,headline,blend|asym,blend,asym,-,-,0.889,1.45,-0.0929,0.486,4.3,0.3358,2116
crypto,NEARUSDT,1h,entry,"ema|fast20,slow100|reversal|ls",ema,ls,reversal,-,0.764,1.302,-0.1953,0.571,48.4,0.8727,2116
crypto,NEARUSDT,1h,entry,"ema|fast50,slow200|reversal|ls",ema,ls,reversal,-,0.507,0.815,-0.2302,0.557,29.2,0.4845,2116
crypto,NEARUSDT,1h,entry,"ema|fast100,slow300|reversal|ls",ema,ls,reversal,-,0.488,0.77,-0.2092,0.586,20.9,0.462,2116
crypto,NEARUSDT,1h,entry,"sma|fast50,slow200|reversal|ls",sma,ls,reversal,-,0.365,0.59,-0.2738,0.557,29.2,0.3019,2116
crypto,NEARUSDT,1h,entry,tsmom|lookback30|reversal|ls,tsmom,ls,reversal,-,-0.989,-1.508,-0.6813,0.371,240.4,-0.6341,2116
crypto,NEARUSDT,1h,entry,tsmom|lookback90|reversal|ls,tsmom,ls,reversal,-,-0.055,-0.091,-0.3334,0.529,139.4,-0.1189,2116
crypto,NEARUSDT,1h,entry,"macd|fast12,slow26|reversal|ls",macd,ls,reversal,-,-1.342,-2.066,-0.79,0.357,237.2,-0.7449,2116
crypto,NEARUSDT,1h,entry,donchian|lookback55|reversal|ls,donchian,ls,reversal,-,-0.28,-0.446,-0.3526,0.486,38.5,-0.2824,2116
crypto,NEARUSDT,1h,entry,blend|ls,blend,ls,-,-,0.533,1.071,-0.0783,0.571,31.5,0.2446,2116
crypto,NEARUSDT,1h,entry,strength|ls,strength,ls,-,-,-0.014,-0.026,-0.2117,0.471,103.9,-0.0366,2116
crypto,NEARUSDT,1h,direction,"ema|fast50,slow200|reversal|long_only",ema,long_only,reversal,-,0.647,0.83,-0.1628,0.471,13.6,0.4655,2116
crypto,NEARUSDT,1h,direction,"ema|fast50,slow200|reversal|short_only",ema,short_only,reversal,-,0.086,0.102,-0.1846,0.5,15.7,0.0191,2116
crypto,NEARUSDT,1h,direction,"ema|fast50,slow200|reversal|asym",ema,asym,reversal,-,0.642,0.974,-0.1552,0.5,18.2,0.4844,2116
crypto,NEARUSDT,1h,exit,"ema|fast50,slow200|atr_trailing|ls",ema,ls,atr_trailing,-,-0.035,-0.056,-0.3501,0.5,81.1,-0.1006,2116
crypto,NEARUSDT,1h,exit,"ema|fast50,slow200|channel|ls",ema,ls,channel,-,-0.361,-0.574,-0.4568,0.529,104.8,-0.3342,2116
crypto,NEARUSDT,1h,gate,"ema|fast50,slow200|g:adx|reversal|ls",ema,ls,reversal,adx,0.588,0.961,-0.1887,0.6,25.6,0.5936,2116
crypto,NEARUSDT,1h,gate,"ema|fast50,slow200|g:ltf|reversal|ls",ema,ls,reversal,ltf,0.507,0.815,-0.2302,0.557,29.2,0.4845,2116
crypto,NEARUSDT,1h,gate,"ema|fast50,slow200|g:vol|reversal|ls",ema,ls,reversal,vol,0.426,0.684,-0.2687,0.529,28.7,0.3768,2116
crypto,NEARUSDT,1h,headline,blend|long_only,blend,long_only,-,-,0.451,0.661,-0.0966,0.429,13.5,0.1354,2116
crypto,NEARUSDT,1h,headline,blend|asym,blend,asym,-,-,0.528,0.961,-0.0747,0.457,18.9,0.1703,2116
crypto,NEARUSDT,15m,entry,"ema|fast20,slow100|reversal|ls",ema,ls,reversal,-,-0.371,-0.589,-0.4061,0.486,208.8,-0.343,2116
crypto,NEARUSDT,15m,entry,"ema|fast50,slow200|reversal|ls",ema,ls,reversal,-,0.439,0.698,-0.2769,0.557,116.9,0.401,2116
crypto,NEARUSDT,15m,entry,"ema|fast100,slow300|reversal|ls",ema,ls,reversal,-,0.658,1.13,-0.2329,0.557,85.8,0.6993,2116
crypto,NEARUSDT,15m,entry,"sma|fast50,slow200|reversal|ls",sma,ls,reversal,-,0.746,1.262,-0.2357,0.629,115.3,0.8433,2116
crypto,NEARUSDT,15m,entry,tsmom|lookback30|reversal|ls,tsmom,ls,reversal,-,-5.305,-8.173,-0.9949,0.086,1017.6,-0.9948,2116
crypto,NEARUSDT,15m,entry,tsmom|lookback90|reversal|ls,tsmom,ls,reversal,-,-2.242,-3.539,-0.9046,0.229,593.2,-0.8977,2116
crypto,NEARUSDT,15m,entry,"macd|fast12,slow26|reversal|ls",macd,ls,reversal,-,-5.365,-8.021,-0.9953,0.1,996.5,-0.9953,2116
crypto,NEARUSDT,15m,entry,donchian|lookback55|reversal|ls,donchian,ls,reversal,-,-0.176,-0.287,-0.3402,0.486,150.3,-0.2149,2116
crypto,NEARUSDT,15m,entry,blend|ls,blend,ls,-,-,-0.503,-1.208,-0.2566,0.471,130.5,-0.2115,2116
crypto,NEARUSDT,15m,entry,strength|ls,strength,ls,-,-,-2.508,-5.286,-0.7862,0.2,448.3,-0.7742,2116
crypto,NEARUSDT,15m,direction,"ema|fast50,slow200|reversal|long_only",ema,long_only,reversal,-,0.494,0.828,-0.2415,0.471,56.5,0.3317,2116
crypto,NEARUSDT,15m,direction,"ema|fast50,slow200|reversal|short_only",ema,short_only,reversal,-,0.175,0.28,-0.1761,0.514,60.4,0.0817,2116
crypto,NEARUSDT,15m,direction,"ema|fast50,slow200|reversal|asym",ema,asym,reversal,-,0.515,0.831,-0.2311,0.571,74.6,0.3679,2116
crypto,NEARUSDT,15m,exit,"ema|fast50,slow200|atr_trailing|ls",ema,ls,atr_trailing,-,-0.572,-0.954,-0.5294,0.4,336.5,-0.4571,2116
crypto,NEARUSDT,15m,exit,"ema|fast50,slow200|channel|ls",ema,ls,channel,-,-1.225,-2.061,-0.7274,0.343,428.5,-0.7085,2116
crypto,NEARUSDT,15m,gate,"ema|fast50,slow200|g:adx|reversal|ls",ema,ls,reversal,adx,0.739,1.206,-0.2238,0.671,101.7,0.8497,2116
crypto,NEARUSDT,15m,gate,"ema|fast50,slow200|g:ltf|reversal|ls",ema,ls,reversal,ltf,0.439,0.698,-0.2769,0.557,116.9,0.401,2116
crypto,NEARUSDT,15m,gate,"ema|fast50,slow200|g:vol|reversal|ls",ema,ls,reversal,vol,0.433,0.7,-0.2685,0.557,115.4,0.3921,2116
crypto,NEARUSDT,15m,headline,blend|long_only,blend,long_only,-,-,-0.149,-0.352,-0.1577,0.4,60.1,-0.0527,2116
crypto,NEARUSDT,15m,headline,blend|asym,blend,asym,-,-,-0.298,-0.725,-0.1621,0.4,81.2,-0.0997,2116
crypto,NEARUSDT,5m,entry,"ema|fast20,slow100|reversal|ls",ema,ls,reversal,-,-3.255,-5.14,-0.9657,0.157,669.3,-0.9621,2116
crypto,NEARUSDT,5m,entry,"ema|fast50,slow200|reversal|ls",ema,ls,reversal,-,-1.452,-2.3,-0.7923,0.329,365.4,-0.769,2116
crypto,NEARUSDT,5m,entry,"ema|fast100,slow300|reversal|ls",ema,ls,reversal,-,-0.398,-0.627,-0.4324,0.471,266.3,-0.3611,2116
crypto,NEARUSDT,5m,entry,"sma|fast50,slow200|reversal|ls",sma,ls,reversal,-,-1.997,-3.159,-0.8728,0.286,373.6,-0.8618,2116
crypto,NEARUSDT,5m,entry,tsmom|lookback30|reversal|ls,tsmom,ls,reversal,-,-13.387,-18.274,-1.0,0.0,3063.9,-1.0,2116
crypto,NEARUSDT,5m,entry,tsmom|lookback90|reversal|ls,tsmom,ls,reversal,-,-8.31,-12.245,-0.9999,0.029,1865.1,-0.9999,2116
crypto,NEARUSDT,5m,entry,"macd|fast12,slow26|reversal|ls",macd,ls,reversal,-,-14.493,-18.982,-1.0,0.0,3063.8,-1.0,2116
crypto,NEARUSDT,5m,entry,donchian|lookback55|reversal|ls,donchian,ls,reversal,-,-3.14,-5.039,-0.9565,0.186,479.5,-0.9512,2116
crypto,NEARUSDT,5m,entry,blend|ls,blend,ls,-,-,-3.46,-7.782,-0.7986,0.157,403.8,-0.7871,2116
crypto,NEARUSDT,5m,entry,strength|ls,strength,ls,-,-,-9.371,-16.622,-0.9969,0.029,1416.4,-0.9968,2116
crypto,NEARUSDT,5m,direction,"ema|fast50,slow200|reversal|long_only",ema,long_only,reversal,-,-0.867,-1.797,-0.5084,0.4,177.6,-0.4513,2116
crypto,NEARUSDT,5m,direction,"ema|fast50,slow200|reversal|short_only",ema,short_only,reversal,-,-1.084,-2.036,-0.5701,0.371,187.8,-0.5373,2116
crypto,NEARUSDT,5m,direction,"ema|fast50,slow200|reversal|asym",ema,asym,reversal,-,-1.163,-2.055,-0.5977,0.314,233.9,-0.5686,2116
crypto,NEARUSDT,5m,exit,"ema|fast50,slow200|atr_trailing|ls",ema,ls,atr_trailing,-,-4.824,-7.534,-0.9908,0.029,1089.4,-0.9905,2116
crypto,NEARUSDT,5m,exit,"ema|fast50,slow200|channel|ls",ema,ls,channel,-,-5.946,-9.109,-0.9971,0.043,1363.2,-0.997,2116
crypto,NEARUSDT,5m,gate,"ema|fast50,slow200|g:adx|reversal|ls",ema,ls,reversal,adx,-1.114,-1.727,-0.7057,0.386,317.7,-0.6785,2116
crypto,NEARUSDT,5m,gate,"ema|fast50,slow200|g:ltf|reversal|ls",ema,ls,reversal,ltf,-1.452,-2.3,-0.7923,0.329,365.4,-0.769,2116
crypto,NEARUSDT,5m,gate,"ema|fast50,slow200|g:vol|reversal|ls",ema,ls,reversal,vol,-1.435,-2.291,-0.7798,0.314,357.0,-0.7611,2116
crypto,NEARUSDT,5m,headline,blend|long_only,blend,long_only,-,-,-1.978,-5.071,-0.4905,0.229,188.8,-0.4603,2116
crypto,NEARUSDT,5m,headline,blend|asym,blend,asym,-,-,-2.709,-6.493,-0.6105,0.157,253.3,-0.5885,2116
crypto,DOTUSDT,1d,entry,"ema|fast20,slow100|reversal|ls",ema,ls,reversal,-,0.622,0.86,-0.1912,0.528,1.6,0.6532,2170
crypto,DOTUSDT,1d,entry,"ema|fast50,slow200|reversal|ls",ema,ls,reversal,-,0.371,0.507,-0.2709,0.5,0.9,0.3111,2170
crypto,DOTUSDT,1d,entry,"ema|fast100,slow300|reversal|ls",ema,ls,reversal,-,0.136,0.181,-0.4805,0.5,0.8,0.0557,2170
crypto,DOTUSDT,1d,entry,"sma|fast50,slow200|reversal|ls",sma,ls,reversal,-,-0.068,-0.084,-0.3276,0.431,1.2,-0.1175,2170
crypto,DOTUSDT,1d,entry,tsmom|lookback30|reversal|ls,tsmom,ls,reversal,-,0.655,0.961,-0.2293,0.486,10.6,0.7041,2170
crypto,DOTUSDT,1d,entry,tsmom|lookback90|reversal|ls,tsmom,ls,reversal,-,0.429,0.595,-0.2329,0.5,4.2,0.3836,2170
crypto,DOTUSDT,1d,entry,"macd|fast12,slow26|reversal|ls",macd,ls,reversal,-,-0.034,-0.047,-0.2812,0.458,9.3,-0.0983,2170
crypto,DOTUSDT,1d,entry,donchian|lookback55|reversal|ls,donchian,ls,reversal,-,0.737,1.068,-0.2148,0.528,1.3,0.8377,2170
crypto,DOTUSDT,1d,entry,blend|ls,blend,ls,-,-,0.287,0.342,-0.1361,0.458,1.5,0.1301,2170
crypto,DOTUSDT,1d,entry,strength|ls,strength,ls,-,-,0.426,0.57,-0.1531,0.431,4.1,0.2587,2170
crypto,DOTUSDT,1d,direction,"ema|fast50,slow200|reversal|long_only",ema,long_only,reversal,-,0.362,0.315,-0.1582,0.153,0.3,0.1865,2170
crypto,DOTUSDT,1d,direction,"ema|fast50,slow200|reversal|short_only",ema,short_only,reversal,-,0.197,0.211,-0.2653,0.403,0.6,0.1052,2170
crypto,DOTUSDT,1d,direction,"ema|fast50,slow200|reversal|asym",ema,asym,reversal,-,0.41,0.549,-0.1832,0.5,0.5,0.2348,2170
crypto,DOTUSDT,1d,exit,"ema|fast50,slow200|atr_trailing|ls",ema,ls,atr_trailing,-,0.466,0.64,-0.2099,0.556,3.0,0.4284,2170
crypto,DOTUSDT,1d,exit,"ema|fast50,slow200|channel|ls",ema,ls,channel,-,0.178,0.242,-0.3363,0.472,4.5,0.097,2170
crypto,DOTUSDT,1d,gate,"ema|fast50,slow200|g:adx|reversal|ls",ema,ls,reversal,adx,0.061,0.083,-0.418,0.472,0.9,-0.0156,2170
crypto,DOTUSDT,1d,gate,"ema|fast50,slow200|g:ltf|reversal|ls",ema,ls,reversal,ltf,0.371,0.507,-0.2709,0.5,0.9,0.3111,2170
crypto,DOTUSDT,1d,gate,"ema|fast50,slow200|g:vol|reversal|ls",ema,ls,reversal,vol,0.42,0.476,-0.2169,0.458,0.6,0.3251,2170
crypto,DOTUSDT,1d,headline,blend|long_only,blend,long_only,-,-,0.456,0.348,-0.047,0.153,0.3,0.1151,2170
crypto,DOTUSDT,1d,headline,blend|asym,blend,asym,-,-,0.436,0.548,-0.0739,0.486,0.7,0.1233,2170
crypto,DOTUSDT,4h,entry,"ema|fast20,slow100|reversal|ls",ema,ls,reversal,-,0.915,1.466,-0.1625,0.556,13.0,1.227,2170
crypto,DOTUSDT,4h,entry,"ema|fast50,slow200|reversal|ls",ema,ls,reversal,-,0.481,0.702,-0.3287,0.542,8.4,0.4725,2170
crypto,DOTUSDT,4h,entry,"ema|fast100,slow300|reversal|ls",ema,ls,reversal,-,0.363,0.504,-0.3107,0.569,6.2,0.3137,2170
crypto,DOTUSDT,4h,entry,"sma|fast50,slow200|reversal|ls",sma,ls,reversal,-,0.52,0.751,-0.3207,0.556,8.7,0.5332,2170
crypto,DOTUSDT,4h,entry,tsmom|lookback30|reversal|ls,tsmom,ls,reversal,-,0.321,0.533,-0.2845,0.514,68.1,0.2553,2170
crypto,DOTUSDT,4h,entry,tsmom|lookback90|reversal|ls,tsmom,ls,reversal,-,0.594,0.911,-0.2953,0.569,41.0,0.6224,2170
crypto,DOTUSDT,4h,entry,"macd|fast12,slow26|reversal|ls",macd,ls,reversal,-,-0.192,-0.317,-0.3176,0.458,69.3,-0.2266,2170
crypto,DOTUSDT,4h,entry,donchian|lookback55|reversal|ls,donchian,ls,reversal,-,-0.265,-0.385,-0.5018,0.431,12.2,-0.2857,2170
crypto,DOTUSDT,4h,entry,blend|ls,blend,ls,-,-,0.328,0.453,-0.1374,0.458,10.0,0.1523,2170
crypto,DOTUSDT,4h,entry,strength|ls,strength,ls,-,-,0.343,0.532,-0.1567,0.528,31.6,0.1945,2170
crypto,DOTUSDT,4h,direction,"ema|fast50,slow200|reversal|long_only",ema,long_only,reversal,-,0.314,0.295,-0.2606,0.278,3.5,0.1782,2170
crypto,DOTUSDT,4h,direction,"ema|fast50,slow200|reversal|short_only",ema,short_only,reversal,-,0.366,0.41,-0.1637,0.458,4.9,0.2514,2170
crypto,DOTUSDT,4h,direction,"ema|fast50,slow200|reversal|asym",ema,asym,reversal,-,0.418,0.549,-0.2637,0.528,4.9,0.2721,2170
crypto,DOTUSDT,4h,exit,"ema|fast50,slow200|atr_trailing|ls",ema,ls,atr_trailing,-,0.168,0.245,-0.3495,0.528,24.1,0.0871,2170
crypto,DOTUSDT,4h,exit,"ema|fast50,slow200|channel|ls",ema,ls,channel,-,0.227,0.337,-0.2394,0.542,30.7,0.1501,2170
crypto,DOTUSDT,4h,gate,"ema|fast50,slow200|g:adx|reversal|ls",ema,ls,reversal,adx,0.481,0.698,-0.2683,0.528,7.8,0.4725,2170
crypto,DOTUSDT,4h,gate,"ema|fast50,slow200|g:ltf|reversal|ls",ema,ls,reversal,ltf,0.481,0.702,-0.3287,0.542,8.4,0.4725,2170
crypto,DOTUSDT,4h,gate,"ema|fast50,slow200|g:vol|reversal|ls",ema,ls,reversal,vol,0.258,0.364,-0.403,0.528,7.7,0.1842,2170
crypto,DOTUSDT,4h,headline,blend|long_only,blend,long_only,-,-,0.496,0.496,-0.0752,0.278,3.4,0.1457,2170
crypto,DOTUSDT,4h,headline,blend|asym,blend,asym,-,-,0.477,0.668,-0.0936,0.444,5.4,0.1512,2170
crypto,DOTUSDT,1h,entry,"ema|fast20,slow100|reversal|ls",ema,ls,reversal,-,0.329,0.55,-0.2349,0.5,63.5,0.2669,2170
crypto,DOTUSDT,1h,entry,"ema|fast50,slow200|reversal|ls",ema,ls,reversal,-,-0.095,-0.157,-0.3214,0.458,38.2,-0.1538,2170
crypto,DOTUSDT,1h,entry,"ema|fast100,slow300|reversal|ls",ema,ls,reversal,-,0.455,0.728,-0.2156,0.542,26.7,0.4297,2170
crypto,DOTUSDT,1h,entry,"sma|fast50,slow200|reversal|ls",sma,ls,reversal,-,0.175,0.283,-0.2233,0.542,38.4,0.0955,2170
crypto,DOTUSDT,1h,entry,tsmom|lookback30|reversal|ls,tsmom,ls,reversal,-,-1.328,-2.193,-0.7489,0.319,307.9,-0.747,2170
crypto,DOTUSDT,1h,entry,tsmom|lookback90|reversal|ls,tsmom,ls,reversal,-,0.133,0.222,-0.3449,0.5,186.5,0.0514,2170
crypto,DOTUSDT,1h,entry,"macd|fast12,slow26|reversal|ls",macd,ls,reversal,-,-0.649,-1.008,-0.5763,0.403,289.1,-0.5165,2170
crypto,DOTUSDT,1h,entry,donchian|lookback55|reversal|ls,donchian,ls,reversal,-,0.137,0.232,-0.2333,0.5,47.6,0.0561,2170
crypto,DOTUSDT,1h,entry,blend|ls,blend,ls,-,-,0.016,0.033,-0.1328,0.431,40.7,-0.0094,2170
crypto,DOTUSDT,1h,entry,strength|ls,strength,ls,-,-,-0.3,-0.621,-0.2856,0.417,136.3,-0.1845,2170
crypto,DOTUSDT,1h,direction,"ema|fast50,slow200|reversal|long_only",ema,long_only,reversal,-,-0.317,-0.387,-0.347,0.361,17.5,-0.2069,2170
crypto,DOTUSDT,1h,direction,"ema|fast50,slow200|reversal|short_only",ema,short_only,reversal,-,0.159,0.203,-0.1665,0.458,20.7,0.074,2170
crypto,DOTUSDT,1h,direction,"ema|fast50,slow200|reversal|asym",ema,asym,reversal,-,-0.25,-0.362,-0.3095,0.458,23.7,-0.1831,2170
crypto,DOTUSDT,1h,exit,"ema|fast50,slow200|atr_trailing|ls",ema,ls,atr_trailing,-,-0.484,-0.784,-0.4599,0.486,103.5,-0.4155,2170
crypto,DOTUSDT,1h,exit,"ema|fast50,slow200|channel|ls",ema,ls,channel,-,-0.456,-0.75,-0.4426,0.472,131.6,-0.3985,2170
crypto,DOTUSDT,1h,gate,"ema|fast50,slow200|g:adx|reversal|ls",ema,ls,reversal,adx,-0.095,-0.155,-0.3122,0.472,33.8,-0.1532,2170
crypto,DOTUSDT,1h,gate,"ema|fast50,slow200|g:ltf|reversal|ls",ema,ls,reversal,ltf,-0.095,-0.157,-0.3214,0.458,38.2,-0.1538,2170
crypto,DOTUSDT,1h,gate,"ema|fast50,slow200|g:vol|reversal|ls",ema,ls,reversal,vol,-0.103,-0.167,-0.2727,0.458,37.7,-0.159,2170
crypto,DOTUSDT,1h,headline,blend|long_only,blend,long_only,-,-,-0.167,-0.239,-0.1164,0.278,17.4,-0.054,2170
crypto,DOTUSDT,1h,headline,blend|asym,blend,asym,-,-,-0.1,-0.18,-0.1084,0.361,24.4,-0.0379,2170
crypto,DOTUSDT,15m,entry,"ema|fast20,slow100|reversal|ls",ema,ls,reversal,-,-0.605,-1.012,-0.5026,0.361,262.5,-0.4824,2170
crypto,DOTUSDT,15m,entry,"ema|fast50,slow200|reversal|ls",ema,ls,reversal,-,-0.208,-0.331,-0.4288,0.486,151.6,-0.2443,2170
crypto,DOTUSDT,15m,entry,"ema|fast100,slow300|reversal|ls",ema,ls,reversal,-,0.031,0.051,-0.2537,0.5,112.8,-0.0459,2170
crypto,DOTUSDT,15m,entry,"sma|fast50,slow200|reversal|ls",sma,ls,reversal,-,-0.332,-0.474,-0.4417,0.486,154.4,-0.34,2170
crypto,DOTUSDT,15m,entry,tsmom|lookback30|reversal|ls,tsmom,ls,reversal,-,-6.511,-9.81,-0.9989,0.028,1406.2,-0.9989,2170
crypto,DOTUSDT,15m,entry,tsmom|lookback90|reversal|ls,tsmom,ls,reversal,-,-2.666,-4.269,-0.942,0.25,784.9,-0.9401,2170
crypto,DOTUSDT,15m,entry,"macd|fast12,slow26|reversal|ls",macd,ls,reversal,-,-6.381,-9.733,-0.9985,0.028,1289.3,-0.9985,2170
crypto,DOTUSDT,15m,entry,donchian|lookback55|reversal|ls,donchian,ls,reversal,-,-0.616,-0.946,-0.5445,0.472,193.9,-0.4976,2170
crypto,DOTUSDT,15m,entry,blend|ls,blend,ls,-,-,-0.886,-2.283,-0.3506,0.347,168.0,-0.3417,2170
crypto,DOTUSDT,15m,entry,strength|ls,strength,ls,-,-,-3.067,-6.703,-0.8472,0.153,579.8,-0.8457,2170
crypto,DOTUSDT,15m,direction,"ema|fast50,slow200|reversal|long_only",ema,long_only,reversal,-,-0.438,-0.667,-0.4294,0.403,73.5,-0.281,2170
crypto,DOTUSDT,15m,direction,"ema|fast50,slow200|reversal|short_only",ema,short_only,reversal,-,0.169,0.289,-0.1957,0.5,78.2,0.0795,2170
crypto,DOTUSDT,15m,direction,"ema|fast50,slow200|reversal|asym",ema,asym,reversal,-,-0.371,-0.561,-0.4088,0.472,96.9,-0.2609,2170
crypto,DOTUSDT,15m,exit,"ema|fast50,slow200|atr_trailing|ls",ema,ls,atr_trailing,-,-2.001,-3.303,-0.8715,0.278,442.9,-0.8682,2170
crypto,DOTUSDT,15m,exit,"ema|fast50,slow200|channel|ls",ema,ls,channel,-,-2.537,-4.187,-0.9235,0.25,563.2,-0.9217,2170
crypto,DOTUSDT,15m,gate,"ema|fast50,slow200|g:adx|reversal|ls",ema,ls,reversal,adx,-0.315,-0.505,-0.4423,0.472,137.3,-0.3134,2170
crypto,DOTUSDT,15m,gate,"ema|fast50,slow200|g:ltf|reversal|ls",ema,ls,reversal,ltf,-0.208,-0.331,-0.4288,0.486,151.6,-0.2443,2170
crypto,DOTUSDT,15m,gate,"ema|fast50,slow200|g:vol|reversal|ls",ema,ls,reversal,vol,-0.217,-0.346,-0.4138,0.5,149.5,-0.2499,2170
crypto,DOTUSDT,15m,headline,blend|long_only,blend,long_only,-,-,-0.583,-1.298,-0.2098,0.333,78.9,-0.1753,2170
crypto,DOTUSDT,15m,headline,blend|asym,blend,asym,-,-,-0.747,-1.776,-0.2394,0.333,105.6,-0.2258,2170
crypto,DOTUSDT,5m,entry,"ema|fast20,slow100|reversal|ls",ema,ls,reversal,-,-3.852,-6.024,-0.981,0.097,876.2,-0.9809,2170
crypto,DOTUSDT,5m,entry,"ema|fast50,slow200|reversal|ls",ema,ls,reversal,-,-1.175,-1.932,-0.7068,0.333,465.3,-0.6993,2170
crypto,DOTUSDT,5m,entry,"ema|fast100,slow300|reversal|ls",ema,ls,reversal,-,-0.831,-1.386,-0.6024,0.375,349.1,-0.5812,2170
crypto,DOTUSDT,5m,entry,"sma|fast50,slow200|reversal|ls",sma,ls,reversal,-,-1.242,-2.003,-0.7284,0.306,483.7,-0.7174,2170
crypto,DOTUSDT,5m,entry,tsmom|lookback30|reversal|ls,tsmom,ls,reversal,-,-16.052,-20.269,-1.0,0.0,4175.2,-1.0,2170
crypto,DOTUSDT,5m,entry,tsmom|lookback90|reversal|ls,tsmom,ls,reversal,-,-10.044,-13.426,-1.0,0.0,2604.8,-1.0,2170
crypto,DOTUSDT,5m,entry,"macd|fast12,slow26|reversal|ls",macd,ls,reversal,-,-15.802,-19.796,-1.0,0.014,3994.2,-1.0,2170
crypto,DOTUSDT,5m,entry,donchian|lookback55|reversal|ls,donchian,ls,reversal,-,-3.15,-5.155,-0.9554,0.125,624.8,-0.955,2170
crypto,DOTUSDT,5m,entry,blend|ls,blend,ls,-,-,-4.132,-9.565,-0.8534,0.042,527.8,-0.853,2170
crypto,DOTUSDT,5m,entry,strength|ls,strength,ls,-,-,-11.239,-18.698,-0.9994,0.0,1859.8,-0.9994,2170
crypto,DOTUSDT,5m,direction,"ema|fast50,slow200|reversal|long_only",ema,long_only,reversal,-,-1.285,-2.66,-0.6294,0.319,231.0,-0.5896,2170
crypto,DOTUSDT,5m,direction,"ema|fast50,slow200|reversal|short_only",ema,short_only,reversal,-,-0.28,-0.606,-0.2808,0.444,234.3,-0.2019,2170
crypto,DOTUSDT,5m,direction,"ema|fast50,slow200|reversal|asym",ema,asym,reversal,-,-1.323,-2.375,-0.6461,0.361,301.3,-0.6192,2170
crypto,DOTUSDT,5m,exit,"ema|fast50,slow200|atr_trailing|ls",ema,ls,atr_trailing,-,-5.759,-8.857,-0.9972,0.056,1456.5,-0.9971,2170
crypto,DOTUSDT,5m,exit,"ema|fast50,slow200|channel|ls",ema,ls,channel,-,-7.337,-11.043,-0.9995,0.0,1804.8,-0.9995,2170
crypto,DOTUSDT,5m,gate,"ema|fast50,slow200|g:adx|reversal|ls",ema,ls,reversal,adx,-1.242,-2.058,-0.7219,0.306,410.7,-0.7151,2170
crypto,DOTUSDT,5m,gate,"ema|fast50,slow200|g:ltf|reversal|ls",ema,ls,reversal,ltf,-1.175,-1.932,-0.7068,0.333,465.3,-0.6993,2170
crypto,DOTUSDT,5m,gate,"ema|fast50,slow200|g:vol|reversal|ls",ema,ls,reversal,vol,-1.213,-1.943,-0.7265,0.333,455.0,-0.7107,2170
crypto,DOTUSDT,5m,headline,blend|long_only,blend,long_only,-,-,-3.21,-7.89,-0.6405,0.153,258.6,-0.6391,2170
crypto,DOTUSDT,5m,headline,blend|asym,blend,asym,-,-,-3.814,-8.965,-0.7231,0.097,339.3,-0.7222,2170
crypto,AAVEUSDT,1d,entry,"ema|fast20,slow100|reversal|ls",ema,ls,reversal,-,0.185,0.277,-0.319,0.529,2.0,0.1,2115
crypto,AAVEUSDT,1d,entry,"ema|fast50,slow200|reversal|ls",ema,ls,reversal,-,0.137,0.197,-0.2232,0.586,1.0,0.0555,2115
crypto,AAVEUSDT,1d,entry,"ema|fast100,slow300|reversal|ls",ema,ls,reversal,-,0.209,0.295,-0.2231,0.614,0.6,0.123,2115
crypto,AAVEUSDT,1d,entry,"sma|fast50,slow200|reversal|ls",sma,ls,reversal,-,-0.062,-0.085,-0.3194,0.486,1.0,-0.1091,2115
crypto,AAVEUSDT,1d,entry,tsmom|lookback30|reversal|ls,tsmom,ls,reversal,-,-0.17,-0.246,-0.3695,0.486,8.2,-0.1919,2115
crypto,AAVEUSDT,1d,entry,tsmom|lookback90|reversal|ls,tsmom,ls,reversal,-,-0.193,-0.282,-0.3831,0.543,6.5,-0.2076,2115
crypto,AAVEUSDT,1d,entry,"macd|fast12,slow26|reversal|ls",macd,ls,reversal,-,-0.226,-0.332,-0.3617,0.543,8.3,-0.2299,2115
crypto,AAVEUSDT,1d,entry,donchian|lookback55|reversal|ls,donchian,ls,reversal,-,-0.203,-0.28,-0.3957,0.471,1.4,-0.2143,2115
crypto,AAVEUSDT,1d,entry,blend|ls,blend,ls,-,-,-0.271,-0.331,-0.2039,0.414,1.3,-0.123,2115
crypto,AAVEUSDT,1d,entry,strength|ls,strength,ls,-,-,-0.215,-0.289,-0.241,0.429,4.1,-0.1249,2115
crypto,AAVEUSDT,1d,direction,"ema|fast50,slow200|reversal|long_only",ema,long_only,reversal,-,0.278,0.285,-0.1446,0.286,0.5,0.1414,2115
crypto,AAVEUSDT,1d,direction,"ema|fast50,slow200|reversal|short_only",ema,short_only,reversal,-,-0.065,-0.066,-0.2699,0.343,0.5,-0.0751,2115
crypto,AAVEUSDT,1d,direction,"ema|fast50,slow200|reversal|asym",ema,asym,reversal,-,0.243,0.329,-0.1687,0.6,0.6,0.1235,2115
crypto,AAVEUSDT,1d,exit,"ema|fast50,slow200|atr_trailing|ls",ema,ls,atr_trailing,-,-0.186,-0.26,-0.3113,0.5,3.2,-0.2009,2115
crypto,AAVEUSDT,1d,exit,"ema|fast50,slow200|channel|ls",ema,ls,channel,-,-0.151,-0.212,-0.3368,0.557,3.5,-0.1731,2115
crypto,AAVEUSDT,1d,gate,"ema|fast50,slow200|g:adx|reversal|ls",ema,ls,reversal,adx,0.059,0.084,-0.2493,0.571,1.0,-0.0138,2115
crypto,AAVEUSDT,1d,gate,"ema|fast50,slow200|g:ltf|reversal|ls",ema,ls,reversal,ltf,0.137,0.197,-0.2232,0.586,1.0,0.0555,2115
crypto,AAVEUSDT,1d,gate,"ema|fast50,slow200|g:vol|reversal|ls",ema,ls,reversal,vol,0.193,0.246,-0.157,0.443,0.7,0.1008,2115
crypto,AAVEUSDT,1d,headline,blend|long_only,blend,long_only,-,-,0.127,0.121,-0.0676,0.257,0.5,0.0266,2115
crypto,AAVEUSDT,1d,headline,blend|asym,blend,asym,-,-,-0.047,-0.061,-0.1051,0.414,0.7,-0.0186,2115
crypto,AAVEUSDT,4h,entry,"ema|fast20,slow100|reversal|ls",ema,ls,reversal,-,0.249,0.412,-0.2898,0.471,11.9,0.1669,2115
crypto,AAVEUSDT,4h,entry,"ema|fast50,slow200|reversal|ls",ema,ls,reversal,-,0.021,0.032,-0.3239,0.5,7.4,-0.051,2115
crypto,AAVEUSDT,4h,entry,"ema|fast100,slow300|reversal|ls",ema,ls,reversal,-,-0.007,-0.011,-0.392,0.557,5.4,-0.0756,2115
crypto,AAVEUSDT,4h,entry,"sma|fast50,slow200|reversal|ls",sma,ls,reversal,-,0.124,0.195,-0.2892,0.557,7.2,0.0432,2115
crypto,AAVEUSDT,4h,entry,tsmom|lookback30|reversal|ls,tsmom,ls,reversal,-,0.066,0.114,-0.2953,0.471,57.7,-0.0088,2115
crypto,AAVEUSDT,4h,entry,tsmom|lookback90|reversal|ls,tsmom,ls,reversal,-,-0.203,-0.326,-0.4231,0.443,38.9,-0.2236,2115
crypto,AAVEUSDT,4h,entry,"macd|fast12,slow26|reversal|ls",macd,ls,reversal,-,0.165,0.253,-0.2751,0.514,57.4,0.0824,2115
crypto,AAVEUSDT,4h,entry,donchian|lookback55|reversal|ls,donchian,ls,reversal,-,-0.175,-0.286,-0.43,0.429,10.0,-0.2083,2115
crypto,AAVEUSDT,4h,entry,blend|ls,blend,ls,-,-,-0.143,-0.214,-0.177,0.371,8.3,-0.0769,2115
crypto,AAVEUSDT,4h,entry,strength|ls,strength,ls,-,-,-0.181,-0.295,-0.2543,0.386,27.1,-0.1182,2115
crypto,AAVEUSDT,4h,direction,"ema|fast50,slow200|reversal|long_only",ema,long_only,reversal,-,0.275,0.314,-0.1481,0.386,3.5,0.1442,2115
crypto,AAVEUSDT,4h,direction,"ema|fast50,slow200|reversal|short_only",ema,short_only,reversal,-,-0.213,-0.236,-0.3216,0.386,3.9,-0.1694,2115
crypto,AAVEUSDT,4h,direction,"ema|fast50,slow200|reversal|asym",ema,asym,reversal,-,0.191,0.274,-0.1982,0.557,4.6,0.0905,2115
crypto,AAVEUSDT,4h,exit,"ema|fast50,slow200|atr_trailing|ls",ema,ls,atr_trailing,-,-0.004,-0.006,-0.3728,0.486,21.3,-0.0707,2115
crypto,AAVEUSDT,4h,exit,"ema|fast50,slow200|channel|ls",ema,ls,channel,-,-0.249,-0.387,-0.4789,0.486,28.2,-0.2578,2115
crypto,AAVEUSDT,4h,gate,"ema|fast50,slow200|g:adx|reversal|ls",ema,ls,reversal,adx,0.256,0.401,-0.2165,0.529,6.7,0.1751,2115
crypto,AAVEUSDT,4h,gate,"ema|fast50,slow200|g:ltf|reversal|ls",ema,ls,reversal,ltf,0.021,0.032,-0.3239,0.5,7.4,-0.051,2115
crypto,AAVEUSDT,4h,gate,"ema|fast50,slow200|g:vol|reversal|ls",ema,ls,reversal,vol,0.067,0.102,-0.3063,0.514,7.0,-0.0091,2115
crypto,AAVEUSDT,4h,headline,blend|long_only,blend,long_only,-,-,0.094,0.105,-0.0771,0.257,3.5,0.0187,2115
crypto,AAVEUSDT,4h,headline,blend|asym,blend,asym,-,-,-0.007,-0.01,-0.0939,0.386,4.9,-0.0086,2115
crypto,AAVEUSDT,1h,entry,"ema|fast20,slow100|reversal|ls",ema,ls,reversal,-,0.008,0.013,-0.337,0.557,54.9,-0.066,2115
crypto,AAVEUSDT,1h,entry,"ema|fast50,slow200|reversal|ls",ema,ls,reversal,-,-0.028,-0.047,-0.3549,0.457,32.2,-0.0938,2115
crypto,AAVEUSDT,1h,entry,"ema|fast100,slow300|reversal|ls",ema,ls,reversal,-,0.061,0.101,-0.3085,0.471,23.0,-0.0177,2115
crypto,AAVEUSDT,1h,entry,"sma|fast50,slow200|reversal|ls",sma,ls,reversal,-,0.248,0.404,-0.2437,0.5,32.5,0.1674,2115
crypto,AAVEUSDT,1h,entry,tsmom|lookback30|reversal|ls,tsmom,ls,reversal,-,-1.811,-2.945,-0.8592,0.3,275.2,-0.8411,2115
crypto,AAVEUSDT,1h,entry,tsmom|lookback90|reversal|ls,tsmom,ls,reversal,-,-0.49,-0.786,-0.4804,0.457,158.5,-0.4162,2115
crypto,AAVEUSDT,1h,entry,"macd|fast12,slow26|reversal|ls",macd,ls,reversal,-,-1.349,-2.054,-0.7752,0.343,247.1,-0.7493,2115
crypto,AAVEUSDT,1h,entry,donchian|lookback55|reversal|ls,donchian,ls,reversal,-,-0.028,-0.047,-0.2789,0.529,40.7,-0.0956,2115
crypto,AAVEUSDT,1h,entry,blend|ls,blend,ls,-,-,-0.208,-0.43,-0.2179,0.457,34.9,-0.1036,2115
crypto,AAVEUSDT,1h,entry,strength|ls,strength,ls,-,-,-0.501,-0.97,-0.3598,0.386,114.6,-0.2729,2115
crypto,AAVEUSDT,1h,direction,"ema|fast50,slow200|reversal|long_only",ema,long_only,reversal,-,0.216,0.28,-0.1788,0.429,15.6,0.1091,2115
crypto,AAVEUSDT,1h,direction,"ema|fast50,slow200|reversal|short_only",ema,short_only,reversal,-,-0.237,-0.301,-0.2906,0.471,16.6,-0.1765,2115
crypto,AAVEUSDT,1h,direction,"ema|fast50,slow200|reversal|asym",ema,asym,reversal,-,0.135,0.205,-0.2309,0.386,20.6,0.0533,2115
crypto,AAVEUSDT,1h,exit,"ema|fast50,slow200|atr_trailing|ls",ema,ls,atr_trailing,-,-0.511,-0.827,-0.528,0.314,92.1,-0.4254,2115
crypto,AAVEUSDT,1h,exit,"ema|fast50,slow200|channel|ls",ema,ls,channel,-,-0.716,-1.211,-0.5913,0.343,113.9,-0.528,2115
crypto,AAVEUSDT,1h,gate,"ema|fast50,slow200|g:adx|reversal|ls",ema,ls,reversal,adx,0.1,0.171,-0.3087,0.543,29.0,0.0193,2115
crypto,AAVEUSDT,1h,gate,"ema|fast50,slow200|g:ltf|reversal|ls",ema,ls,reversal,ltf,-0.028,-0.047,-0.3549,0.457,32.2,-0.0938,2115
crypto,AAVEUSDT,1h,gate,"ema|fast50,slow200|g:vol|reversal|ls",ema,ls,reversal,vol,-0.054,-0.09,-0.3515,0.429,31.5,-0.1151,2115
crypto,AAVEUSDT,1h,headline,blend|long_only,blend,long_only,-,-,0.093,0.148,-0.0962,0.357,15.9,0.0202,2115
crypto,AAVEUSDT,1h,headline,blend|asym,blend,asym,-,-,-0.025,-0.048,-0.1299,0.371,21.6,-0.0158,2115
crypto,AAVEUSDT,15m,entry,"ema|fast20,slow100|reversal|ls",ema,ls,reversal,-,-0.774,-1.275,-0.6944,0.4,230.0,-0.5701,2115
crypto,AAVEUSDT,15m,entry,"ema|fast50,slow200|reversal|ls",ema,ls,reversal,-,-0.235,-0.392,-0.4694,0.5,131.6,-0.2644,2115
crypto,AAVEUSDT,15m,entry,"ema|fast100,slow300|reversal|ls",ema,ls,reversal,-,-0.042,-0.071,-0.3334,0.529,99.9,-0.1126,2115
crypto,AAVEUSDT,15m,entry,"sma|fast50,slow200|reversal|ls",sma,ls,reversal,-,-0.524,-0.848,-0.5337,0.443,135.4,-0.4433,2115
crypto,AAVEUSDT,15m,entry,tsmom|lookback30|reversal|ls,tsmom,ls,reversal,-,-5.318,-8.167,-0.9963,0.1,1167.4,-0.9961,2115
crypto,AAVEUSDT,15m,entry,tsmom|lookback90|reversal|ls,tsmom,ls,reversal,-,-2.516,-3.983,-0.9358,0.243,686.2,-0.929,2115
crypto,AAVEUSDT,15m,entry,"macd|fast12,slow26|reversal|ls",macd,ls,reversal,-,-5.059,-7.753,-0.9943,0.086,1080.3,-0.9943,2115
crypto,AAVEUSDT,15m,entry,donchian|lookback55|reversal|ls,donchian,ls,reversal,-,-0.743,-1.164,-0.6577,0.414,173.3,-0.5547,2115
crypto,AAVEUSDT,15m,entry,blend|ls,blend,ls,-,-,-0.627,-1.631,-0.3665,0.414,144.8,-0.2692,2115
crypto,AAVEUSDT,15m,entry,strength|ls,strength,ls,-,-,-2.464,-5.438,-0.7924,0.2,489.2,-0.7839,2115
crypto,AAVEUSDT,15m,direction,"ema|fast50,slow200|reversal|long_only",ema,long_only,reversal,-,-0.087,-0.145,-0.2917,0.471,64.5,-0.0909,2115
crypto,AAVEUSDT,15m,direction,"ema|fast50,slow200|reversal|short_only",ema,short_only,reversal,-,-0.202,-0.353,-0.3128,0.429,67.1,-0.1642,2115
crypto,AAVEUSDT,15m,direction,"ema|fast50,slow200|reversal|asym",ema,asym,reversal,-,-0.149,-0.243,-0.3172,0.457,84.6,-0.136,2115
crypto,AAVEUSDT,15m,exit,"ema|fast50,slow200|atr_trailing|ls",ema,ls,atr_trailing,-,-1.271,-2.211,-0.7541,0.357,392.5,-0.7299,2115
crypto,AAVEUSDT,15m,exit,"ema|fast50,slow200|channel|ls",ema,ls,channel,-,-2.031,-3.417,-0.8827,0.229,513.3,-0.8754,2115
crypto,AAVEUSDT,15m,gate,"ema|fast50,slow200|g:adx|reversal|ls",ema,ls,reversal,adx,-0.268,-0.457,-0.4298,0.443,118.3,-0.2852,2115
crypto,AAVEUSDT,15m,gate,"ema|fast50,slow200|g:ltf|reversal|ls",ema,ls,reversal,ltf,-0.235,-0.392,-0.4694,0.5,131.6,-0.2644,2115
crypto,AAVEUSDT,15m,gate,"ema|fast50,slow200|g:vol|reversal|ls",ema,ls,reversal,vol,-0.324,-0.547,-0.4662,0.471,129.4,-0.3239,2115
crypto,AAVEUSDT,15m,headline,blend|long_only,blend,long_only,-,-,-0.36,-0.878,-0.1957,0.386,68.9,-0.1148,2115
crypto,AAVEUSDT,15m,headline,blend|asym,blend,asym,-,-,-0.496,-1.258,-0.245,0.443,91.7,-0.1604,2115
crypto,AAVEUSDT,5m,entry,"ema|fast20,slow100|reversal|ls",ema,ls,reversal,-,-2.914,-4.685,-0.9547,0.2,742.6,-0.9494,2115
crypto,AAVEUSDT,5m,entry,"ema|fast50,slow200|reversal|ls",ema,ls,reversal,-,-1.386,-2.22,-0.801,0.243,413.9,-0.7618,2115
crypto,AAVEUSDT,5m,entry,"ema|fast100,slow300|reversal|ls",ema,ls,reversal,-,-0.892,-1.478,-0.7136,0.371,302.0,-0.6116,2115
crypto,AAVEUSDT,5m,entry,"sma|fast50,slow200|reversal|ls",sma,ls,reversal,-,-1.385,-2.245,-0.8024,0.286,416.2,-0.7626,2115
crypto,AAVEUSDT,5m,entry,tsmom|lookback30|reversal|ls,tsmom,ls,reversal,-,-14.492,-18.698,-1.0,0.0,3613.8,-1.0,2115
crypto,AAVEUSDT,5m,entry,tsmom|lookback90|reversal|ls,tsmom,ls,reversal,-,-8.762,-12.332,-1.0,0.043,2223.5,-1.0,2115
crypto,AAVEUSDT,5m,entry,"macd|fast12,slow26|reversal|ls",macd,ls,reversal,-,-14.608,-18.646,-1.0,0.0,3394.6,-1.0,2115
crypto,AAVEUSDT,5m,entry,donchian|lookback55|reversal|ls,donchian,ls,reversal,-,-2.101,-3.384,-0.8911,0.243,549.6,-0.881,2115
crypto,AAVEUSDT,5m,entry,blend|ls,blend,ls,-,-,-3.183,-7.346,-0.7765,0.114,461.3,-0.7714,2115
crypto,AAVEUSDT,5m,entry,strength|ls,strength,ls,-,-,-9.09,-15.816,-0.9974,0.043,1569.0,-0.9973,2115
crypto,AAVEUSDT,5m,direction,"ema|fast50,slow200|reversal|long_only",ema,long_only,reversal,-,-1.072,-2.176,-0.5872,0.371,203.4,-0.5223,2115
crypto,AAVEUSDT,5m,direction,"ema|fast50,slow200|reversal|short_only",ema,short_only,reversal,-,-0.791,-1.574,-0.5006,0.371,210.5,-0.4449,2115
crypto,AAVEUSDT,5m,direction,"ema|fast50,slow200|reversal|asym",ema,asym,reversal,-,-1.272,-2.224,-0.6613,0.314,266.6,-0.6042,2115
crypto,AAVEUSDT,5m,exit,"ema|fast50,slow200|atr_trailing|ls",ema,ls,atr_trailing,-,-5.575,-8.527,-0.9969,0.114,1317.4,-0.9968,2115
crypto,AAVEUSDT,5m,exit,"ema|fast50,slow200|channel|ls",ema,ls,channel,-,-7.287,-10.901,-0.9995,0.043,1695.3,-0.9995,2115
crypto,AAVEUSDT,5m,gate,"ema|fast50,slow200|g:adx|reversal|ls",ema,ls,reversal,adx,-1.216,-1.958,-0.7804,0.3,359.4,-0.7218,2115
crypto,AAVEUSDT,5m,gate,"ema|fast50,slow200|g:ltf|reversal|ls",ema,ls,reversal,ltf,-1.386,-2.22,-0.801,0.243,413.9,-0.7618,2115
crypto,AAVEUSDT,5m,gate,"ema|fast50,slow200|g:vol|reversal|ls",ema,ls,reversal,vol,-1.38,-2.176,-0.8012,0.229,404.0,-0.7636,2115
crypto,AAVEUSDT,5m,headline,blend|long_only,blend,long_only,-,-,-2.228,-5.583,-0.5324,0.3,222.5,-0.4986,2115
crypto,AAVEUSDT,5m,headline,blend|asym,blend,asym,-,-,-2.784,-6.574,-0.6163,0.171,294.1,-0.6002,2115
crypto,1000PEPEUSDT,1d,entry,"ema|fast20,slow100|reversal|ls",ema,ls,reversal,-,0.17,0.225,-0.2169,0.436,1.6,0.0477,1184
crypto,1000PEPEUSDT,1d,entry,"ema|fast50,slow200|reversal|ls",ema,ls,reversal,-,-0.448,-0.512,-0.3852,0.41,1.0,-0.2292,1184
crypto,1000PEPEUSDT,1d,entry,"ema|fast100,slow300|reversal|ls",ema,ls,reversal,-,-0.53,-0.598,-0.4098,0.41,0.9,-0.26,1184
crypto,1000PEPEUSDT,1d,entry,"sma|fast50,slow200|reversal|ls",sma,ls,reversal,-,0.136,0.169,-0.334,0.385,0.8,0.0306,1184
crypto,1000PEPEUSDT,1d,entry,tsmom|lookback30|reversal|ls,tsmom,ls,reversal,-,0.843,1.36,-0.1352,0.564,6.0,0.4626,1184
crypto,1000PEPEUSDT,1d,entry,tsmom|lookback90|reversal|ls,tsmom,ls,reversal,-,0.325,0.427,-0.2063,0.41,3.4,0.1313,1184
crypto,1000PEPEUSDT,1d,entry,"macd|fast12,slow26|reversal|ls",macd,ls,reversal,-,0.513,0.765,-0.2686,0.436,6.5,0.2419,1184
crypto,1000PEPEUSDT,1d,entry,donchian|lookback55|reversal|ls,donchian,ls,reversal,-,-0.333,-0.419,-0.2373,0.41,1.4,-0.1831,1184
crypto,1000PEPEUSDT,1d,entry,blend|ls,blend,ls,-,-,-0.23,-0.233,-0.1408,0.282,1.0,-0.0635,1184
crypto,1000PEPEUSDT,1d,entry,strength|ls,strength,ls,-,-,0.189,0.236,-0.1459,0.385,2.8,0.0469,1184
crypto,1000PEPEUSDT,1d,direction,"ema|fast50,slow200|reversal|long_only",ema,long_only,reversal,-,0.21,0.26,-0.1497,0.103,0.4,0.0473,1184
crypto,1000PEPEUSDT,1d,direction,"ema|fast50,slow200|reversal|short_only",ema,short_only,reversal,-,-0.677,-0.529,-0.4129,0.359,0.6,-0.264,1184
crypto,1000PEPEUSDT,1d,direction,"ema|fast50,slow200|reversal|asym",ema,asym,reversal,-,-0.087,-0.126,-0.186,0.41,0.6,-0.0394,1184
crypto,1000PEPEUSDT,1d,exit,"ema|fast50,slow200|atr_trailing|ls",ema,ls,atr_trailing,-,-0.09,-0.105,-0.265,0.436,2.4,-0.0764,1184
crypto,1000PEPEUSDT,1d,exit,"ema|fast50,slow200|channel|ls",ema,ls,channel,-,-0.098,-0.115,-0.2505,0.41,3.0,-0.0776,1184
crypto,1000PEPEUSDT,1d,gate,"ema|fast50,slow200|g:adx|reversal|ls",ema,ls,reversal,adx,-0.062,-0.071,-0.2838,0.462,0.7,-0.0666,1184
crypto,1000PEPEUSDT,1d,gate,"ema|fast50,slow200|g:ltf|reversal|ls",ema,ls,reversal,ltf,-0.448,-0.512,-0.3852,0.41,1.0,-0.2292,1184
crypto,1000PEPEUSDT,1d,gate,"ema|fast50,slow200|g:vol|reversal|ls",ema,ls,reversal,vol,-0.331,-0.288,-0.2539,0.256,0.6,-0.1192,1184
crypto,1000PEPEUSDT,1d,headline,blend|long_only,blend,long_only,-,-,0.185,0.188,-0.0463,0.103,0.3,0.0162,1184
crypto,1000PEPEUSDT,1d,headline,blend|asym,blend,asym,-,-,-0.041,-0.051,-0.0614,0.282,0.5,-0.0068,1184
crypto,1000PEPEUSDT,4h,entry,"ema|fast20,slow100|reversal|ls",ema,ls,reversal,-,0.805,1.328,-0.1557,0.513,10.3,0.4916,1184
crypto,1000PEPEUSDT,4h,entry,"ema|fast50,slow200|reversal|ls",ema,ls,reversal,-,0.31,0.429,-0.2535,0.513,5.8,0.1345,1184
crypto,1000PEPEUSDT,4h,entry,"ema|fast100,slow300|reversal|ls",ema,ls,reversal,-,-0.137,-0.183,-0.279,0.462,5.4,-0.1185,1184
crypto,1000PEPEUSDT,4h,entry,"sma|fast50,slow200|reversal|ls",sma,ls,reversal,-,0.012,0.016,-0.249,0.436,5.7,-0.0411,1184
crypto,1000PEPEUSDT,4h,entry,tsmom|lookback30|reversal|ls,tsmom,ls,reversal,-,0.991,1.8,-0.1247,0.59,52.1,0.6494,1184
crypto,1000PEPEUSDT,4h,entry,tsmom|lookback90|reversal|ls,tsmom,ls,reversal,-,0.666,1.101,-0.2115,0.538,28.3,0.3823,1184
crypto,1000PEPEUSDT,4h,entry,"macd|fast12,slow26|reversal|ls",macd,ls,reversal,-,0.38,0.644,-0.2154,0.487,50.5,0.1769,1184
crypto,1000PEPEUSDT,4h,entry,donchian|lookback55|reversal|ls,donchian,ls,reversal,-,0.505,0.853,-0.1979,0.436,8.2,0.26,1184
crypto,1000PEPEUSDT,4h,entry,blend|ls,blend,ls,-,-,0.611,0.912,-0.0747,0.487,7.1,0.1716,1184
crypto,1000PEPEUSDT,4h,entry,strength|ls,strength,ls,-,-,0.442,0.709,-0.1247,0.513,21.4,0.1463,1184
crypto,1000PEPEUSDT,4h,direction,"ema|fast50,slow200|reversal|long_only",ema,long_only,reversal,-,0.654,0.834,-0.1696,0.308,2.4,0.2226,1184
crypto,1000PEPEUSDT,4h,direction,"ema|fast50,slow200|reversal|short_only",ema,short_only,reversal,-,-0.092,-0.089,-0.2781,0.385,3.4,-0.0718,1184
crypto,1000PEPEUSDT,4h,direction,"ema|fast50,slow200|reversal|asym",ema,asym,reversal,-,0.567,0.911,-0.1775,0.487,3.4,0.2026,1184
crypto,1000PEPEUSDT,4h,exit,"ema|fast50,slow200|atr_trailing|ls",ema,ls,atr_trailing,-,-0.259,-0.367,-0.2971,0.41,18.1,-0.1757,1184
crypto,1000PEPEUSDT,4h,exit,"ema|fast50,slow200|channel|ls",ema,ls,channel,-,-0.297,-0.422,-0.3123,0.385,22.7,-0.1907,1184
crypto,1000PEPEUSDT,4h,gate,"ema|fast50,slow200|g:adx|reversal|ls",ema,ls,reversal,adx,0.281,0.39,-0.2354,0.538,5.7,0.1162,1184
crypto,1000PEPEUSDT,4h,gate,"ema|fast50,slow200|g:ltf|reversal|ls",ema,ls,reversal,ltf,0.31,0.429,-0.2535,0.513,5.8,0.1345,1184
crypto,1000PEPEUSDT,4h,gate,"ema|fast50,slow200|g:vol|reversal|ls",ema,ls,reversal,vol,0.276,0.365,-0.2535,0.487,5.5,0.111,1184
crypto,1000PEPEUSDT,4h,headline,blend|long_only,blend,long_only,-,-,1.083,1.587,-0.043,0.385,2.4,0.1853,1184
crypto,1000PEPEUSDT,4h,headline,blend|asym,blend,asym,-,-,0.991,1.877,-0.0398,0.59,3.8,0.1831,1184
crypto,1000PEPEUSDT,1h,entry,"ema|fast20,slow100|reversal|ls",ema,ls,reversal,-,0.725,1.283,-0.2246,0.59,45.6,0.423,1184
crypto,1000PEPEUSDT,1h,entry,"ema|fast50,slow200|reversal|ls",ema,ls,reversal,-,1.16,2.003,-0.1693,0.615,24.6,0.7911,1184
crypto,1000PEPEUSDT,1h,entry,"ema|fast100,slow300|reversal|ls",ema,ls,reversal,-,0.601,0.951,-0.1544,0.564,19.8,0.3311,1184
crypto,1000PEPEUSDT,1h,entry,"sma|fast50,slow200|reversal|ls",sma,ls,reversal,-,1.123,1.864,-0.1534,0.641,27.5,0.7798,1184
crypto,1000PEPEUSDT,1h,entry,tsmom|lookback30|reversal|ls,tsmom,ls,reversal,-,-0.712,-1.295,-0.4325,0.41,238.3,-0.353,1184
crypto,1000PEPEUSDT,1h,entry,tsmom|lookback90|reversal|ls,tsmom,ls,reversal,-,0.067,0.124,-0.2191,0.462,146.5,-0.0095,1184
crypto,1000PEPEUSDT,1h,entry,"macd|fast12,slow26|reversal|ls",macd,ls,reversal,-,-0.929,-1.458,-0.5089,0.333,219.8,-0.4273,1184
crypto,1000PEPEUSDT,1h,entry,donchian|lookback55|reversal|ls,donchian,ls,reversal,-,0.128,0.232,-0.1875,0.538,35.2,0.0247,1184
crypto,1000PEPEUSDT,1h,entry,blend|ls,blend,ls,-,-,1.004,2.252,-0.0904,0.641,29.5,0.3041,1184
crypto,1000PEPEUSDT,1h,entry,strength|ls,strength,ls,-,-,0.276,0.623,-0.1155,0.538,100.1,0.0832,1184
crypto,1000PEPEUSDT,1h,direction,"ema|fast50,slow200|reversal|long_only",ema,long_only,reversal,-,1.019,1.507,-0.1108,0.564,11.0,0.4207,1184
crypto,1000PEPEUSDT,1h,direction,"ema|fast50,slow200|reversal|short_only",ema,short_only,reversal,-,0.63,0.771,-0.1575,0.513,13.6,0.2626,1184
crypto,1000PEPEUSDT,1h,direction,"ema|fast50,slow200|reversal|asym",ema,asym,reversal,-,1.176,2.052,-0.1237,0.615,15.1,0.5312,1184
crypto,1000PEPEUSDT,1h,exit,"ema|fast50,slow200|atr_trailing|ls",ema,ls,atr_trailing,-,0.661,1.109,-0.1461,0.667,76.2,0.3704,1184
crypto,1000PEPEUSDT,1h,exit,"ema|fast50,slow200|channel|ls",ema,ls,channel,-,0.809,1.442,-0.126,0.692,90.7,0.4793,1184
crypto,1000PEPEUSDT,1h,gate,"ema|fast50,slow200|g:adx|reversal|ls",ema,ls,reversal,adx,1.409,2.462,-0.1431,0.641,22.3,1.0475,1184
crypto,1000PEPEUSDT,1h,gate,"ema|fast50,slow200|g:ltf|reversal|ls",ema,ls,reversal,ltf,1.16,2.003,-0.1693,0.615,24.6,0.7911,1184
crypto,1000PEPEUSDT,1h,gate,"ema|fast50,slow200|g:vol|reversal|ls",ema,ls,reversal,vol,1.142,1.956,-0.1631,0.641,24.4,0.769,1184
crypto,1000PEPEUSDT,1h,headline,blend|long_only,blend,long_only,-,-,1.069,2.066,-0.0675,0.436,11.5,0.2159,1184
crypto,1000PEPEUSDT,1h,headline,blend|asym,blend,asym,-,-,1.137,2.727,-0.0703,0.487,16.9,0.2438,1184
crypto,1000PEPEUSDT,15m,entry,"ema|fast20,slow100|reversal|ls",ema,ls,reversal,-,-0.073,-0.125,-0.3254,0.41,208.5,-0.0869,1184
crypto,1000PEPEUSDT,15m,entry,"ema|fast50,slow200|reversal|ls",ema,ls,reversal,-,0.707,1.24,-0.1688,0.641,116.6,0.4056,1184
crypto,1000PEPEUSDT,15m,entry,"ema|fast100,slow300|reversal|ls",ema,ls,reversal,-,0.789,1.36,-0.1604,0.59,86.7,0.4775,1184
crypto,1000PEPEUSDT,15m,entry,"sma|fast50,slow200|reversal|ls",sma,ls,reversal,-,0.811,1.428,-0.202,0.59,121.3,0.4876,1184
crypto,1000PEPEUSDT,15m,entry,tsmom|lookback30|reversal|ls,tsmom,ls,reversal,-,-4.139,-6.528,-0.9191,0.179,1050.4,-0.9151,1184
crypto,1000PEPEUSDT,15m,entry,tsmom|lookback90|reversal|ls,tsmom,ls,reversal,-,-1.838,-3.167,-0.7026,0.282,616.6,-0.6657,1184
crypto,1000PEPEUSDT,15m,entry,"macd|fast12,slow26|reversal|ls",macd,ls,reversal,-,-4.234,-6.728,-0.9123,0.077,945.6,-0.9103,1184
crypto,1000PEPEUSDT,15m,entry,donchian|lookback55|reversal|ls,donchian,ls,reversal,-,-0.594,-0.992,-0.4059,0.359,155.1,-0.3169,1184
crypto,1000PEPEUSDT,15m,entry,blend|ls,blend,ls,-,-,0.21,0.609,-0.1195,0.513,126.1,0.0478,1184
crypto,1000PEPEUSDT,15m,entry,strength|ls,strength,ls,-,-,-1.837,-4.305,-0.5345,0.231,434.8,-0.4921,1184
crypto,1000PEPEUSDT,15m,direction,"ema|fast50,slow200|reversal|long_only",ema,long_only,reversal,-,0.532,0.966,-0.1143,0.59,54.2,0.2009,1184
crypto,1000PEPEUSDT,15m,direction,"ema|fast50,slow200|reversal|short_only",ema,short_only,reversal,-,0.478,0.813,-0.1288,0.564,62.4,0.1795,1184
crypto,1000PEPEUSDT,15m,direction,"ema|fast50,slow200|reversal|asym",ema,asym,reversal,-,0.651,1.147,-0.1034,0.615,72.9,0.2672,1184
crypto,1000PEPEUSDT,15m,exit,"ema|fast50,slow200|atr_trailing|ls",ema,ls,atr_trailing,-,-0.406,-0.746,-0.2904,0.436,328.5,-0.2311,1184
crypto,1000PEPEUSDT,15m,exit,"ema|fast50,slow200|channel|ls",ema,ls,channel,-,-0.616,-1.118,-0.3961,0.436,409.4,-0.3209,1184
crypto,1000PEPEUSDT,15m,gate,"ema|fast50,slow200|g:adx|reversal|ls",ema,ls,reversal,adx,0.807,1.396,-0.1478,0.59,100.8,0.4887,1184
crypto,1000PEPEUSDT,15m,gate,"ema|fast50,slow200|g:ltf|reversal|ls",ema,ls,reversal,ltf,0.707,1.24,-0.1688,0.641,116.6,0.4056,1184
crypto,1000PEPEUSDT,15m,gate,"ema|fast50,slow200|g:vol|reversal|ls",ema,ls,reversal,vol,0.482,0.829,-0.1615,0.59,116.1,0.2441,1184
crypto,1000PEPEUSDT,15m,headline,blend|long_only,blend,long_only,-,-,0.44,1.35,-0.0679,0.487,54.0,0.0864,1184
crypto,1000PEPEUSDT,15m,headline,blend|asym,blend,asym,-,-,0.385,1.206,-0.0791,0.513,75.6,0.0769,1184
crypto,1000PEPEUSDT,5m,entry,"ema|fast20,slow100|reversal|ls",ema,ls,reversal,-,-2.024,-3.293,-0.721,0.256,669.0,-0.6944,1184
crypto,1000PEPEUSDT,5m,entry,"ema|fast50,slow200|reversal|ls",ema,ls,reversal,-,-0.478,-0.814,-0.4243,0.385,374.0,-0.2747,1184
crypto,1000PEPEUSDT,5m,entry,"ema|fast100,slow300|reversal|ls",ema,ls,reversal,-,-0.275,-0.462,-0.3498,0.385,278.7,-0.1809,1184
crypto,1000PEPEUSDT,5m,entry,"sma|fast50,slow200|reversal|ls",sma,ls,reversal,-,-0.526,-0.909,-0.3738,0.333,380.9,-0.2852,1184
crypto,1000PEPEUSDT,5m,entry,tsmom|lookback30|reversal|ls,tsmom,ls,reversal,-,-11.577,-15.869,-0.9994,0.026,3401.1,-0.9994,1184
crypto,1000PEPEUSDT,5m,entry,tsmom|lookback90|reversal|ls,tsmom,ls,reversal,-,-7.303,-10.975,-0.9906,0.026,2035.8,-0.9905,1184
crypto,1000PEPEUSDT,5m,entry,"macd|fast12,slow26|reversal|ls",macd,ls,reversal,-,-12.223,-16.258,-0.9992,0.0,3022.6,-0.9992,1184
crypto,1000PEPEUSDT,5m,entry,donchian|lookback55|reversal|ls,donchian,ls,reversal,-,-1.913,-3.218,-0.717,0.308,487.8,-0.6757,1184
crypto,1000PEPEUSDT,5m,entry,blend|ls,blend,ls,-,-,-2.083,-5.18,-0.4798,0.179,406.1,-0.4403,1184
crypto,1000PEPEUSDT,5m,entry,strength|ls,strength,ls,-,-,-7.499,-14.057,-0.9379,0.0,1410.8,-0.937,1184
crypto,1000PEPEUSDT,5m,direction,"ema|fast50,slow200|reversal|long_only",ema,long_only,reversal,-,-0.547,-1.233,-0.3264,0.359,179.9,-0.2127,1184
crypto,1000PEPEUSDT,5m,direction,"ema|fast50,slow200|reversal|short_only",ema,short_only,reversal,-,-0.079,-0.173,-0.2082,0.436,194.2,-0.0547,1184
crypto,1000PEPEUSDT,5m,direction,"ema|fast50,slow200|reversal|asym",ema,asym,reversal,-,-0.553,-1.048,-0.3435,0.359,238.1,-0.2254,1184
crypto,1000PEPEUSDT,5m,exit,"ema|fast50,slow200|atr_trailing|ls",ema,ls,atr_trailing,-,-3.726,-5.874,-0.8985,0.154,1113.4,-0.8882,1184
crypto,1000PEPEUSDT,5m,exit,"ema|fast50,slow200|channel|ls",ema,ls,channel,-,-4.63,-7.277,-0.9401,0.179,1382.2,-0.9373,1184
crypto,1000PEPEUSDT,5m,gate,"ema|fast50,slow200|g:adx|reversal|ls",ema,ls,reversal,adx,-0.232,-0.399,-0.3638,0.41,328.8,-0.1644,1184
crypto,1000PEPEUSDT,5m,gate,"ema|fast50,slow200|g:ltf|reversal|ls",ema,ls,reversal,ltf,-0.478,-0.814,-0.4243,0.385,374.0,-0.2747,1184
crypto,1000PEPEUSDT,5m,gate,"ema|fast50,slow200|g:vol|reversal|ls",ema,ls,reversal,vol,-0.572,-0.96,-0.4601,0.41,367.9,-0.3151,1184
crypto,1000PEPEUSDT,5m,headline,blend|long_only,blend,long_only,-,-,-1.152,-3.42,-0.2324,0.308,185.4,-0.2074,1184
crypto,1000PEPEUSDT,5m,headline,blend|asym,blend,asym,-,-,-1.593,-4.315,-0.3131,0.308,251.6,-0.2838,1184
crypto,ICPUSDT,1d,entry,"ema|fast20,slow100|reversal|ls",ema,ls,reversal,-,0.166,0.226,-0.4041,0.492,1.9,0.0754,1908
crypto,ICPUSDT,1d,entry,"ema|fast50,slow200|reversal|ls",ema,ls,reversal,-,0.289,0.378,-0.3056,0.492,0.9,0.1935,1908
crypto,ICPUSDT,1d,entry,"ema|fast100,slow300|reversal|ls",ema,ls,reversal,-,-0.228,-0.276,-0.5209,0.492,0.9,-0.2315,1908
crypto,ICPUSDT,1d,entry,"sma|fast50,slow200|reversal|ls",sma,ls,reversal,-,0.045,0.057,-0.38,0.429,1.0,-0.0294,1908
crypto,ICPUSDT,1d,entry,tsmom|lookback30|reversal|ls,tsmom,ls,reversal,-,0.227,0.333,-0.321,0.476,8.3,0.1327,1908
crypto,ICPUSDT,1d,entry,tsmom|lookback90|reversal|ls,tsmom,ls,reversal,-,0.298,0.413,-0.3438,0.444,4.4,0.2026,1908
crypto,ICPUSDT,1d,entry,"macd|fast12,slow26|reversal|ls",macd,ls,reversal,-,-0.081,-0.105,-0.3982,0.46,9.2,-0.129,1908
crypto,ICPUSDT,1d,entry,donchian|lookback55|reversal|ls,donchian,ls,reversal,-,0.071,0.099,-0.3973,0.444,1.6,-0.0086,1908
crypto,ICPUSDT,1d,entry,blend|ls,blend,ls,-,-,0.173,0.209,-0.2225,0.429,1.5,0.0655,1908
crypto,ICPUSDT,1d,entry,strength|ls,strength,ls,-,-,0.338,0.459,-0.2092,0.413,3.9,0.1731,1908
crypto,ICPUSDT,1d,direction,"ema|fast50,slow200|reversal|long_only",ema,long_only,reversal,-,0.204,0.162,-0.1653,0.063,0.2,0.0617,1908
crypto,ICPUSDT,1d,direction,"ema|fast50,slow200|reversal|short_only",ema,short_only,reversal,-,0.225,0.256,-0.299,0.476,0.7,0.1244,1908
crypto,ICPUSDT,1d,direction,"ema|fast50,slow200|reversal|asym",ema,asym,reversal,-,0.295,0.426,-0.207,0.492,0.4,0.113,1908
crypto,ICPUSDT,1d,exit,"ema|fast50,slow200|atr_trailing|ls",ema,ls,atr_trailing,-,0.242,0.325,-0.3501,0.508,3.0,0.1455,1908
crypto,ICPUSDT,1d,exit,"ema|fast50,slow200|channel|ls",ema,ls,channel,-,0.222,0.295,-0.3361,0.508,4.3,0.1253,1908
crypto,ICPUSDT,1d,gate,"ema|fast50,slow200|g:adx|reversal|ls",ema,ls,reversal,adx,0.272,0.356,-0.3056,0.492,0.9,0.1762,1908
crypto,ICPUSDT,1d,gate,"ema|fast50,slow200|g:ltf|reversal|ls",ema,ls,reversal,ltf,0.289,0.378,-0.3056,0.492,0.9,0.1935,1908
crypto,ICPUSDT,1d,gate,"ema|fast50,slow200|g:vol|reversal|ls",ema,ls,reversal,vol,-0.049,-0.054,-0.3056,0.317,0.6,-0.0775,1908
crypto,ICPUSDT,1d,headline,blend|long_only,blend,long_only,-,-,0.375,0.309,-0.0629,0.111,0.2,0.0667,1908
crypto,ICPUSDT,1d,headline,blend|asym,blend,asym,-,-,0.321,0.455,-0.1118,0.429,0.6,0.0713,1908
crypto,ICPUSDT,4h,entry,"ema|fast20,slow100|reversal|ls",ema,ls,reversal,-,0.5,0.854,-0.2472,0.524,15.5,0.4537,1908
crypto,ICPUSDT,4h,entry,"ema|fast50,slow200|reversal|ls",ema,ls,reversal,-,0.416,0.653,-0.4072,0.524,7.6,0.3483,1908
crypto,ICPUSDT,4h,entry,"ema|fast100,slow300|reversal|ls",ema,ls,reversal,-,0.413,0.626,-0.3001,0.508,6.0,0.3478,1908
crypto,ICPUSDT,4h,entry,"sma|fast50,slow200|reversal|ls",sma,ls,reversal,-,-0.126,-0.197,-0.4633,0.492,13.5,-0.1764,1908
crypto,ICPUSDT,4h,entry,tsmom|lookback30|reversal|ls,tsmom,ls,reversal,-,0.738,1.329,-0.203,0.556,66.5,0.7931,1908
crypto,ICPUSDT,4h,entry,tsmom|lookback90|reversal|ls,tsmom,ls,reversal,-,0.241,0.354,-0.4258,0.524,41.6,0.1521,1908
crypto,ICPUSDT,4h,entry,"macd|fast12,slow26|reversal|ls",macd,ls,reversal,-,0.313,0.506,-0.1949,0.508,62.2,0.222,1908
crypto,ICPUSDT,4h,entry,donchian|lookback55|reversal|ls,donchian,ls,reversal,-,0.156,0.235,-0.3189,0.444,12.2,0.0661,1908
crypto,ICPUSDT,4h,entry,blend|ls,blend,ls,-,-,0.451,0.661,-0.1574,0.444,8.8,0.1925,1908
crypto,ICPUSDT,4h,entry,strength|ls,strength,ls,-,-,0.224,0.369,-0.272,0.46,29.2,0.0991,1908
crypto,ICPUSDT,4h,direction,"ema|fast50,slow200|reversal|long_only",ema,long_only,reversal,-,0.092,0.095,-0.2613,0.222,2.5,0.0224,1908
crypto,ICPUSDT,4h,direction,"ema|fast50,slow200|reversal|short_only",ema,short_only,reversal,-,0.43,0.544,-0.2461,0.444,5.1,0.3209,1908
crypto,ICPUSDT,4h,direction,"ema|fast50,slow200|reversal|asym",ema,asym,reversal,-,0.274,0.397,-0.3012,0.524,4.0,0.1228,1908
crypto,ICPUSDT,4h,exit,"ema|fast50,slow200|atr_trailing|ls",ema,ls,atr_trailing,-,0.199,0.327,-0.3777,0.556,20.7,0.1079,1908
crypto,ICPUSDT,4h,exit,"ema|fast50,slow200|channel|ls",ema,ls,channel,-,0.067,0.107,-0.4787,0.508,29.3,-0.0149,1908
crypto,ICPUSDT,4h,gate,"ema|fast50,slow200|g:adx|reversal|ls",ema,ls,reversal,adx,0.429,0.691,-0.4019,0.556,7.3,0.3654,1908
crypto,ICPUSDT,4h,gate,"ema|fast50,slow200|g:ltf|reversal|ls",ema,ls,reversal,ltf,0.416,0.653,-0.4072,0.524,7.6,0.3483,1908
crypto,ICPUSDT,4h,gate,"ema|fast50,slow200|g:vol|reversal|ls",ema,ls,reversal,vol,0.42,0.674,-0.4142,0.524,7.5,0.3457,1908
crypto,ICPUSDT,4h,headline,blend|long_only,blend,long_only,-,-,0.36,0.383,-0.081,0.206,2.7,0.0848,1908
crypto,ICPUSDT,4h,headline,blend|asym,blend,asym,-,-,0.452,0.696,-0.0965,0.429,4.5,0.1192,1908
crypto,ICPUSDT,1h,entry,"ema|fast20,slow100|reversal|ls",ema,ls,reversal,-,0.839,1.432,-0.1563,0.651,52.8,0.8559,1908
crypto,ICPUSDT,1h,entry,"ema|fast50,slow200|reversal|ls",ema,ls,reversal,-,0.607,0.994,-0.3074,0.571,31.3,0.5476,1908
crypto,ICPUSDT,1h,entry,"ema|fast100,slow300|reversal|ls",ema,ls,reversal,-,0.502,0.794,-0.2466,0.556,23.3,0.4173,1908
crypto,ICPUSDT,1h,entry,"sma|fast50,slow200|reversal|ls",sma,ls,reversal,-,0.835,1.414,-0.251,0.571,37.2,0.8579,1908
crypto,ICPUSDT,1h,entry,tsmom|lookback30|reversal|ls,tsmom,ls,reversal,-,-1.607,-2.595,-0.7839,0.286,271.8,-0.7637,1908
crypto,ICPUSDT,1h,entry,tsmom|lookback90|reversal|ls,tsmom,ls,reversal,-,-0.198,-0.336,-0.4613,0.444,160.2,-0.2095,1908
crypto,ICPUSDT,1h,entry,"macd|fast12,slow26|reversal|ls",macd,ls,reversal,-,-1.571,-2.337,-0.7661,0.349,250.9,-0.749,1908
crypto,ICPUSDT,1h,entry,donchian|lookback55|reversal|ls,donchian,ls,reversal,-,0.306,0.512,-0.1644,0.587,40.1,0.2027,1908
crypto,ICPUSDT,1h,entry,blend|ls,blend,ls,-,-,0.45,0.936,-0.0815,0.508,34.1,0.1823,1908
crypto,ICPUSDT,1h,entry,strength|ls,strength,ls,-,-,-0.048,-0.101,-0.2335,0.492,117.2,-0.0503,1908
crypto,ICPUSDT,1h,direction,"ema|fast50,slow200|reversal|long_only",ema,long_only,reversal,-,0.122,0.146,-0.2077,0.413,13.3,0.0386,1908
crypto,ICPUSDT,1h,direction,"ema|fast50,slow200|reversal|short_only",ema,short_only,reversal,-,0.696,0.914,-0.1693,0.556,18.0,0.5038,1908
crypto,ICPUSDT,1h,direction,"ema|fast50,slow200|reversal|asym",ema,asym,reversal,-,0.356,0.524,-0.2288,0.492,18.7,0.1825,1908
crypto,ICPUSDT,1h,exit,"ema|fast50,slow200|atr_trailing|ls",ema,ls,atr_trailing,-,0.252,0.428,-0.282,0.556,85.5,0.1536,1908
crypto,ICPUSDT,1h,exit,"ema|fast50,slow200|channel|ls",ema,ls,channel,-,0.016,0.026,-0.3363,0.571,109.4,-0.0495,1908
crypto,ICPUSDT,1h,gate,"ema|fast50,slow200|g:adx|reversal|ls",ema,ls,reversal,adx,0.798,1.305,-0.2581,0.571,27.9,0.813,1908
crypto,ICPUSDT,1h,gate,"ema|fast50,slow200|g:ltf|reversal|ls",ema,ls,reversal,ltf,0.607,0.994,-0.3074,0.571,31.3,0.5476,1908
crypto,ICPUSDT,1h,gate,"ema|fast50,slow200|g:vol|reversal|ls",ema,ls,reversal,vol,0.604,0.986,-0.2747,0.524,30.9,0.5404,1908
crypto,ICPUSDT,1h,headline,blend|long_only,blend,long_only,-,-,0.196,0.301,-0.0689,0.349,13.2,0.0451,1908
crypto,ICPUSDT,1h,headline,blend|asym,blend,asym,-,-,0.333,0.656,-0.0546,0.429,19.5,0.0878,1908
crypto,ICPUSDT,15m,entry,"ema|fast20,slow100|reversal|ls",ema,ls,reversal,-,-0.772,-1.239,-0.5493,0.349,215.7,-0.507,1908
crypto,ICPUSDT,15m,entry,"ema|fast50,slow200|reversal|ls",ema,ls,reversal,-,0.08,0.131,-0.2371,0.508,123.9,0.0005,1908
crypto,ICPUSDT,15m,entry,"ema|fast100,slow300|reversal|ls",ema,ls,reversal,-,0.59,0.999,-0.1543,0.587,92.5,0.5153,1908
crypto,ICPUSDT,15m,entry,"sma|fast50,slow200|reversal|ls",sma,ls,reversal,-,-0.082,-0.132,-0.3568,0.444,130.1,-0.1246,1908
crypto,ICPUSDT,15m,entry,tsmom|lookback30|reversal|ls,tsmom,ls,reversal,-,-6.817,-10.069,-0.9983,0.016,1124.3,-0.9982,1908
crypto,ICPUSDT,15m,entry,tsmom|lookback90|reversal|ls,tsmom,ls,reversal,-,-3.287,-4.949,-0.9554,0.206,658.9,-0.9521,1908
crypto,ICPUSDT,15m,entry,"macd|fast12,slow26|reversal|ls",macd,ls,reversal,-,-7.187,-10.287,-0.998,0.016,1032.2,-0.998,1908
crypto,ICPUSDT,15m,entry,donchian|lookback55|reversal|ls,donchian,ls,reversal,-,-0.933,-1.535,-0.6121,0.349,160.1,-0.5679,1908
crypto,ICPUSDT,15m,entry,blend|ls,blend,ls,-,-,-0.997,-2.478,-0.369,0.365,135.5,-0.334,1908
crypto,ICPUSDT,15m,entry,strength|ls,strength,ls,-,-,-3.098,-6.611,-0.8105,0.127,476.5,-0.8001,1908
crypto,ICPUSDT,15m,direction,"ema|fast50,slow200|reversal|long_only",ema,long_only,reversal,-,-0.409,-0.682,-0.2317,0.349,57.7,-0.2193,1908
crypto,ICPUSDT,15m,direction,"ema|fast50,slow200|reversal|short_only",ema,short_only,reversal,-,0.526,0.898,-0.19,0.54,66.1,0.3351,1908
crypto,ICPUSDT,15m,direction,"ema|fast50,slow200|reversal|asym",ema,asym,reversal,-,-0.224,-0.359,-0.1908,0.429,77.6,-0.1477,1908
crypto,ICPUSDT,15m,exit,"ema|fast50,slow200|atr_trailing|ls",ema,ls,atr_trailing,-,-1.226,-2.047,-0.691,0.333,354.3,-0.6605,1908
crypto,ICPUSDT,15m,exit,"ema|fast50,slow200|channel|ls",ema,ls,channel,-,-1.72,-2.724,-0.8043,0.302,456.0,-0.7842,1908
crypto,ICPUSDT,15m,gate,"ema|fast50,slow200|g:adx|reversal|ls",ema,ls,reversal,adx,0.13,0.218,-0.2112,0.524,110.9,0.0434,1908
crypto,ICPUSDT,15m,gate,"ema|fast50,slow200|g:ltf|reversal|ls",ema,ls,reversal,ltf,0.08,0.131,-0.2371,0.508,123.9,0.0005,1908
crypto,ICPUSDT,15m,gate,"ema|fast50,slow200|g:vol|reversal|ls",ema,ls,reversal,vol,0.09,0.151,-0.1858,0.492,121.7,0.0094,1908
crypto,ICPUSDT,15m,headline,blend|long_only,blend,long_only,-,-,-0.763,-1.642,-0.1931,0.365,59.6,-0.1812,1908
crypto,ICPUSDT,15m,headline,blend|asym,blend,asym,-,-,-0.924,-2.137,-0.2463,0.333,82.3,-0.2266,1908
crypto,ICPUSDT,5m,entry,"ema|fast20,slow100|reversal|ls",ema,ls,reversal,-,-4.465,-6.879,-0.98,0.127,706.3,-0.9798,1908
crypto,ICPUSDT,5m,entry,"ema|fast50,slow200|reversal|ls",ema,ls,reversal,-,-1.856,-3.075,-0.8075,0.27,390.1,-0.7983,1908
crypto,ICPUSDT,5m,entry,"ema|fast100,slow300|reversal|ls",ema,ls,reversal,-,-1.047,-1.737,-0.6343,0.286,283.9,-0.6028,1908
crypto,ICPUSDT,5m,entry,"sma|fast50,slow200|reversal|ls",sma,ls,reversal,-,-2.005,-3.091,-0.8341,0.254,392.4,-0.8243,1908
crypto,ICPUSDT,5m,entry,tsmom|lookback30|reversal|ls,tsmom,ls,reversal,-,-16.807,-21.116,-1.0,0.016,3386.2,-1.0,1908
crypto,ICPUSDT,5m,entry,tsmom|lookback90|reversal|ls,tsmom,ls,reversal,-,-10.663,-14.226,-1.0,0.016,2082.0,-1.0,1908
crypto,ICPUSDT,5m,entry,"macd|fast12,slow26|reversal|ls",macd,ls,reversal,-,-16.534,-20.193,-1.0,0.0,3202.1,-1.0,1908
crypto,ICPUSDT,5m,entry,donchian|lookback55|reversal|ls,donchian,ls,reversal,-,-3.873,-6.02,-0.9615,0.175,506.0,-0.9617,1908
crypto,ICPUSDT,5m,entry,blend|ls,blend,ls,-,-,-4.959,-10.636,-0.848,0.079,424.8,-0.8454,1908
crypto,ICPUSDT,5m,entry,strength|ls,strength,ls,-,-,-11.561,-19.069,-0.9982,0.016,1495.4,-0.9981,1908
crypto,ICPUSDT,5m,direction,"ema|fast50,slow200|reversal|long_only",ema,long_only,reversal,-,-1.749,-3.688,-0.6284,0.27,188.9,-0.6292,1908
crypto,ICPUSDT,5m,direction,"ema|fast50,slow200|reversal|short_only",ema,short_only,reversal,-,-0.737,-1.492,-0.4311,0.413,201.2,-0.3753,1908
crypto,ICPUSDT,5m,direction,"ema|fast50,slow200|reversal|asym",ema,asym,reversal,-,-1.912,-3.475,-0.6868,0.317,249.2,-0.6841,1908
crypto,ICPUSDT,5m,exit,"ema|fast50,slow200|atr_trailing|ls",ema,ls,atr_trailing,-,-6.33,-9.509,-0.9967,0.032,1198.6,-0.9965,1908
crypto,ICPUSDT,5m,exit,"ema|fast50,slow200|channel|ls",ema,ls,channel,-,-7.655,-11.469,-0.9991,0.032,1487.5,-0.999,1908
crypto,ICPUSDT,5m,gate,"ema|fast50,slow200|g:adx|reversal|ls",ema,ls,reversal,adx,-1.834,-2.972,-0.8144,0.19,331.2,-0.798,1908
crypto,ICPUSDT,5m,gate,"ema|fast50,slow200|g:ltf|reversal|ls",ema,ls,reversal,ltf,-1.856,-3.075,-0.8075,0.27,390.1,-0.7983,1908
crypto,ICPUSDT,5m,gate,"ema|fast50,slow200|g:vol|reversal|ls",ema,ls,reversal,vol,-1.909,-2.994,-0.8198,0.286,382.7,-0.8109,1908
crypto,ICPUSDT,5m,headline,blend|long_only,blend,long_only,-,-,-3.429,-8.206,-0.5871,0.175,199.8,-0.5874,1908
crypto,ICPUSDT,5m,headline,blend|asym,blend,asym,-,-,-4.289,-9.781,-0.691,0.127,267.3,-0.6896,1908
crypto,ETCUSDT,1d,entry,"ema|fast20,slow100|reversal|ls",ema,ls,reversal,-,-0.079,-0.092,-0.4792,0.48,1.9,-0.194,2972
crypto,ETCUSDT,1d,entry,"ema|fast50,slow200|reversal|ls",ema,ls,reversal,-,-0.224,-0.252,-0.555,0.469,1.4,-0.3355,2972
crypto,ETCUSDT,1d,entry,"ema|fast100,slow300|reversal|ls",ema,ls,reversal,-,-0.382,-0.429,-0.6432,0.5,1.1,-0.462,2972
crypto,ETCUSDT,1d,entry,"sma|fast50,slow200|reversal|ls",sma,ls,reversal,-,-0.117,-0.128,-0.4287,0.5,1.4,-0.2278,2972
crypto,ETCUSDT,1d,entry,tsmom|lookback30|reversal|ls,tsmom,ls,reversal,-,0.628,0.955,-0.282,0.541,10.5,1.0706,2972
crypto,ETCUSDT,1d,entry,tsmom|lookback90|reversal|ls,tsmom,ls,reversal,-,0.484,0.71,-0.3316,0.52,5.5,0.7098,2972
crypto,ETCUSDT,1d,entry,"macd|fast12,slow26|reversal|ls",macd,ls,reversal,-,0.365,0.57,-0.3594,0.52,9.5,0.4599,2972
crypto,ETCUSDT,1d,entry,donchian|lookback55|reversal|ls,donchian,ls,reversal,-,-0.038,-0.045,-0.4633,0.48,1.6,-0.1485,2972
crypto,ETCUSDT,1d,entry,blend|ls,blend,ls,-,-,-0.101,-0.116,-0.283,0.347,1.5,-0.083,2972
crypto,ETCUSDT,1d,entry,strength|ls,strength,ls,-,-,0.267,0.353,-0.2779,0.469,4.5,0.1946,2972
crypto,ETCUSDT,1d,direction,"ema|fast50,slow200|reversal|long_only",ema,long_only,reversal,-,0.086,0.073,-0.2483,0.194,0.6,0.0303,2972
crypto,ETCUSDT,1d,direction,"ema|fast50,slow200|reversal|short_only",ema,short_only,reversal,-,-0.328,-0.275,-0.5627,0.357,0.8,-0.3546,2972
crypto,ETCUSDT,1d,direction,"ema|fast50,slow200|reversal|asym",ema,asym,reversal,-,-0.054,-0.067,-0.3358,0.469,0.8,-0.0818,2972
crypto,ETCUSDT,1d,exit,"ema|fast50,slow200|atr_trailing|ls",ema,ls,atr_trailing,-,-0.265,-0.296,-0.5577,0.51,3.5,-0.3678,2972
crypto,ETCUSDT,1d,exit,"ema|fast50,slow200|channel|ls",ema,ls,channel,-,-0.575,-0.632,-0.7035,0.49,4.2,-0.5775,2972
crypto,ETCUSDT,1d,gate,"ema|fast50,slow200|g:adx|reversal|ls",ema,ls,reversal,adx,-0.276,-0.307,-0.5633,0.459,1.3,-0.3793,2972
crypto,ETCUSDT,1d,gate,"ema|fast50,slow200|g:ltf|reversal|ls",ema,ls,reversal,ltf,-0.224,-0.252,-0.555,0.469,1.4,-0.3355,2972
crypto,ETCUSDT,1d,gate,"ema|fast50,slow200|g:vol|reversal|ls",ema,ls,reversal,vol,-0.108,-0.126,-0.3206,0.408,1.2,-0.1804,2972
crypto,ETCUSDT,1d,headline,blend|long_only,blend,long_only,-,-,0.222,0.18,-0.0676,0.143,0.4,0.0655,2972
crypto,ETCUSDT,1d,headline,blend|asym,blend,asym,-,-,0.085,0.104,-0.1157,0.357,0.7,0.0225,2972
crypto,ETCUSDT,4h,entry,"ema|fast20,slow100|reversal|ls",ema,ls,reversal,-,0.239,0.36,-0.4606,0.52,16.6,0.2423,2972
crypto,ETCUSDT,4h,entry,"ema|fast50,slow200|reversal|ls",ema,ls,reversal,-,0.478,0.731,-0.2525,0.561,9.4,0.7426,2972
crypto,ETCUSDT,4h,entry,"ema|fast100,slow300|reversal|ls",ema,ls,reversal,-,0.638,0.988,-0.1959,0.52,6.7,1.1926,2972
crypto,ETCUSDT,4h,entry,"sma|fast50,slow200|reversal|ls",sma,ls,reversal,-,0.542,0.836,-0.3012,0.551,9.5,0.9138,2972
crypto,ETCUSDT,4h,entry,tsmom|lookback30|reversal|ls,tsmom,ls,reversal,-,-0.042,-0.063,-0.3778,0.449,81.7,-0.1627,2972
crypto,ETCUSDT,4h,entry,tsmom|lookback90|reversal|ls,tsmom,ls,reversal,-,0.352,0.552,-0.3424,0.571,51.3,0.4555,2972
crypto,ETCUSDT,4h,entry,"macd|fast12,slow26|reversal|ls",macd,ls,reversal,-,-0.222,-0.299,-0.4934,0.449,70.3,-0.3566,2972
crypto,ETCUSDT,4h,entry,donchian|lookback55|reversal|ls,donchian,ls,reversal,-,0.352,0.549,-0.3003,0.582,11.1,0.457,2972
crypto,ETCUSDT,4h,entry,blend|ls,blend,ls,-,-,0.53,0.84,-0.1267,0.48,10.0,0.441,2972
crypto,ETCUSDT,4h,entry,strength|ls,strength,ls,-,-,0.428,0.735,-0.2119,0.48,34.2,0.4184,2972
crypto,ETCUSDT,4h,direction,"ema|fast50,slow200|reversal|long_only",ema,long_only,reversal,-,0.39,0.424,-0.1758,0.316,4.1,0.3577,2972
crypto,ETCUSDT,4h,direction,"ema|fast50,slow200|reversal|short_only",ema,short_only,reversal,-,0.3,0.338,-0.221,0.439,5.3,0.2891,2972
crypto,ETCUSDT,4h,direction,"ema|fast50,slow200|reversal|asym",ema,asym,reversal,-,0.467,0.688,-0.1903,0.582,5.7,0.485,2972
crypto,ETCUSDT,4h,exit,"ema|fast50,slow200|atr_trailing|ls",ema,ls,atr_trailing,-,0.546,0.864,-0.2897,0.561,24.5,0.9094,2972
crypto,ETCUSDT,4h,exit,"ema|fast50,slow200|channel|ls",ema,ls,channel,-,0.574,0.915,-0.246,0.571,29.5,0.9842,2972
crypto,ETCUSDT,4h,gate,"ema|fast50,slow200|g:adx|reversal|ls",ema,ls,reversal,adx,0.514,0.794,-0.299,0.561,8.3,0.8345,2972
crypto,ETCUSDT,4h,gate,"ema|fast50,slow200|g:ltf|reversal|ls",ema,ls,reversal,ltf,0.478,0.731,-0.2525,0.561,9.4,0.7426,2972
crypto,ETCUSDT,4h,gate,"ema|fast50,slow200|g:vol|reversal|ls",ema,ls,reversal,vol,0.181,0.232,-0.3288,0.531,9.0,0.1416,2972
crypto,ETCUSDT,4h,headline,blend|long_only,blend,long_only,-,-,0.553,0.607,-0.0619,0.286,3.5,0.2878,2972
crypto,ETCUSDT,4h,headline,blend|asym,blend,asym,-,-,0.599,0.938,-0.0704,0.449,5.5,0.338,2972
crypto,ETCUSDT,1h,entry,"ema|fast20,slow100|reversal|ls",ema,ls,reversal,-,0.327,0.549,-0.5078,0.532,69.4,0.3082,2389
crypto,ETCUSDT,1h,entry,"ema|fast50,slow200|reversal|ls",ema,ls,reversal,-,-0.104,-0.166,-0.5988,0.532,41.9,-0.1859,2389
crypto,ETCUSDT,1h,entry,"ema|fast100,slow300|reversal|ls",ema,ls,reversal,-,-0.164,-0.241,-0.5286,0.506,31.7,-0.2403,2389
crypto,ETCUSDT,1h,entry,"sma|fast50,slow200|reversal|ls",sma,ls,reversal,-,0.198,0.312,-0.4552,0.557,42.4,0.1338,2389
crypto,ETCUSDT,1h,entry,tsmom|lookback30|reversal|ls,tsmom,ls,reversal,-,-1.622,-2.841,-0.8589,0.342,350.6,-0.8474,2389
crypto,ETCUSDT,1h,entry,tsmom|lookback90|reversal|ls,tsmom,ls,reversal,-,-0.177,-0.292,-0.5603,0.481,211.6,-0.2624,2389
crypto,ETCUSDT,1h,entry,"macd|fast12,slow26|reversal|ls",macd,ls,reversal,-,-1.459,-2.165,-0.8624,0.329,318.8,-0.8314,2389
crypto,ETCUSDT,1h,entry,donchian|lookback55|reversal|ls,donchian,ls,reversal,-,0.199,0.342,-0.4267,0.468,50.2,0.1347,2389
crypto,ETCUSDT,1h,entry,blend|ls,blend,ls,-,-,0.436,0.951,-0.2236,0.494,42.2,0.2445,2389
crypto,ETCUSDT,1h,entry,strength|ls,strength,ls,-,-,-0.054,-0.111,-0.437,0.43,148.3,-0.0739,2389
crypto,ETCUSDT,1h,direction,"ema|fast50,slow200|reversal|long_only",ema,long_only,reversal,-,-0.166,-0.191,-0.4347,0.405,18.8,-0.1516,2389
crypto,ETCUSDT,1h,direction,"ema|fast50,slow200|reversal|short_only",ema,short_only,reversal,-,0.026,0.034,-0.3328,0.418,23.1,-0.0291,2389
crypto,ETCUSDT,1h,direction,"ema|fast50,slow200|reversal|asym",ema,asym,reversal,-,-0.152,-0.215,-0.4856,0.494,25.8,-0.1515,2389
crypto,ETCUSDT,1h,exit,"ema|fast50,slow200|atr_trailing|ls",ema,ls,atr_trailing,-,-0.487,-0.747,-0.6157,0.443,109.1,-0.473,2389
crypto,ETCUSDT,1h,exit,"ema|fast50,slow200|channel|ls",ema,ls,channel,-,-0.557,-0.864,-0.6264,0.468,128.6,-0.5119,2389
crypto,ETCUSDT,1h,gate,"ema|fast50,slow200|g:adx|reversal|ls",ema,ls,reversal,adx,-0.025,-0.04,-0.5763,0.519,37.7,-0.1108,2389
crypto,ETCUSDT,1h,gate,"ema|fast50,slow200|g:ltf|reversal|ls",ema,ls,reversal,ltf,-0.104,-0.166,-0.5988,0.532,41.9,-0.1859,2389
crypto,ETCUSDT,1h,gate,"ema|fast50,slow200|g:vol|reversal|ls",ema,ls,reversal,vol,-0.058,-0.092,-0.5294,0.519,41.0,-0.1434,2389
crypto,ETCUSDT,1h,headline,blend|long_only,blend,long_only,-,-,0.555,0.888,-0.1172,0.354,17.0,0.2049,2389
crypto,ETCUSDT,1h,headline,blend|asym,blend,asym,-,-,0.562,1.138,-0.1397,0.456,24.6,0.2213,2389
crypto,ETCUSDT,15m,entry,"ema|fast20,slow100|reversal|ls",ema,ls,reversal,-,-0.849,-1.429,-0.6972,0.38,299.4,-0.6594,2389
crypto,ETCUSDT,15m,entry,"ema|fast50,slow200|reversal|ls",ema,ls,reversal,-,0.111,0.189,-0.3489,0.494,171.3,0.0302,2389
crypto,ETCUSDT,15m,entry,"ema|fast100,slow300|reversal|ls",ema,ls,reversal,-,0.466,0.82,-0.402,0.506,127.0,0.5165,2389
crypto,ETCUSDT,15m,entry,"sma|fast50,slow200|reversal|ls",sma,ls,reversal,-,0.015,0.024,-0.4749,0.506,175.5,-0.0751,2389
crypto,ETCUSDT,15m,entry,tsmom|lookback30|reversal|ls,tsmom,ls,reversal,-,-7.14,-11.048,-0.9999,0.051,1546.9,-0.9999,2389
crypto,ETCUSDT,15m,entry,tsmom|lookback90|reversal|ls,tsmom,ls,reversal,-,-3.487,-5.719,-0.9872,0.165,914.3,-0.9865,2389
crypto,ETCUSDT,15m,entry,"macd|fast12,slow26|reversal|ls",macd,ls,reversal,-,-6.895,-10.301,-0.9997,0.038,1379.2,-0.9997,2389
crypto,ETCUSDT,15m,entry,donchian|lookback55|reversal|ls,donchian,ls,reversal,-,-0.416,-0.665,-0.539,0.481,212.5,-0.4353,2389
crypto,ETCUSDT,15m,entry,blend|ls,blend,ls,-,-,-0.765,-2.111,-0.3941,0.367,178.2,-0.3558,2389
crypto,ETCUSDT,15m,entry,strength|ls,strength,ls,-,-,-3.076,-7.065,-0.901,0.177,635.4,-0.894,2389
crypto,ETCUSDT,15m,direction,"ema|fast50,slow200|reversal|long_only",ema,long_only,reversal,-,-0.222,-0.369,-0.3604,0.506,81.6,-0.1842,2389
crypto,ETCUSDT,15m,direction,"ema|fast50,slow200|reversal|short_only",ema,short_only,reversal,-,0.403,0.751,-0.234,0.532,89.7,0.324,2389
crypto,ETCUSDT,15m,direction,"ema|fast50,slow200|reversal|asym",ema,asym,reversal,-,-0.091,-0.148,-0.335,0.506,108.5,-0.11,2389
crypto,ETCUSDT,15m,exit,"ema|fast50,slow200|atr_trailing|ls",ema,ls,atr_trailing,-,-1.816,-3.071,-0.8907,0.316,478.1,-0.881,2389
crypto,ETCUSDT,15m,exit,"ema|fast50,slow200|channel|ls",ema,ls,channel,-,-2.113,-3.653,-0.9209,0.291,588.1,-0.9164,2389
crypto,ETCUSDT,15m,gate,"ema|fast50,slow200|g:adx|reversal|ls",ema,ls,reversal,adx,0.497,0.861,-0.2494,0.532,150.3,0.5706,2389
crypto,ETCUSDT,15m,gate,"ema|fast50,slow200|g:ltf|reversal|ls",ema,ls,reversal,ltf,0.111,0.189,-0.3489,0.494,171.3,0.0302,2389
crypto,ETCUSDT,15m,gate,"ema|fast50,slow200|g:vol|reversal|ls",ema,ls,reversal,vol,0.1,0.168,-0.3556,0.506,169.7,0.0166,2389
crypto,ETCUSDT,15m,headline,blend|long_only,blend,long_only,-,-,-0.651,-1.538,-0.2378,0.329,80.9,-0.2109,2389
crypto,ETCUSDT,15m,headline,blend|asym,blend,asym,-,-,-0.755,-1.886,-0.2808,0.342,110.0,-0.2528,2389
crypto,ETCUSDT,5m,entry,"ema|fast20,slow100|reversal|ls",ema,ls,reversal,-,-4.685,-7.728,-0.9966,0.114,994.5,-0.9964,2389
crypto,ETCUSDT,5m,entry,"ema|fast50,slow200|reversal|ls",ema,ls,reversal,-,-1.862,-3.146,-0.9059,0.278,543.0,-0.8941,2389
crypto,ETCUSDT,5m,entry,"ema|fast100,slow300|reversal|ls",ema,ls,reversal,-,-1.154,-1.981,-0.7849,0.354,397.6,-0.7523,2389
crypto,ETCUSDT,5m,entry,"sma|fast50,slow200|reversal|ls",sma,ls,reversal,-,-1.659,-2.709,-0.8782,0.278,543.6,-0.8613,2389
crypto,ETCUSDT,5m,entry,tsmom|lookback30|reversal|ls,tsmom,ls,reversal,-,-16.97,-21.275,-1.0,0.013,4804.8,-1.0,2389
crypto,ETCUSDT,5m,entry,tsmom|lookback90|reversal|ls,tsmom,ls,reversal,-,-10.891,-14.54,-1.0,0.025,2953.9,-1.0,2389
crypto,ETCUSDT,5m,entry,"macd|fast12,slow26|reversal|ls",macd,ls,reversal,-,-16.693,-21.123,-1.0,0.0,4310.8,-1.0,2389
crypto,ETCUSDT,5m,entry,donchian|lookback55|reversal|ls,donchian,ls,reversal,-,-3.508,-5.703,-0.9849,0.165,699.0,-0.9847,2389
crypto,ETCUSDT,5m,entry,blend|ls,blend,ls,-,-,-4.167,-9.893,-0.9077,0.127,569.9,-0.9058,2389
crypto,ETCUSDT,5m,entry,strength|ls,strength,ls,-,-,-11.593,-19.478,-0.9999,0.025,2048.3,-0.9999,2389
crypto,ETCUSDT,5m,direction,"ema|fast50,slow200|reversal|long_only",ema,long_only,reversal,-,-1.696,-3.588,-0.7576,0.253,267.8,-0.7406,2389
crypto,ETCUSDT,5m,direction,"ema|fast50,slow200|reversal|short_only",ema,short_only,reversal,-,-0.843,-1.77,-0.5699,0.418,275.3,-0.5218,2389
crypto,ETCUSDT,5m,direction,"ema|fast50,slow200|reversal|asym",ema,asym,reversal,-,-1.879,-3.461,-0.8104,0.241,350.3,-0.7961,2389
crypto,ETCUSDT,5m,exit,"ema|fast50,slow200|atr_trailing|ls",ema,ls,atr_trailing,-,-6.449,-9.969,-0.9996,0.038,1645.5,-0.9996,2389
crypto,ETCUSDT,5m,exit,"ema|fast50,slow200|channel|ls",ema,ls,channel,-,-7.809,-11.942,-0.9999,0.038,1997.3,-0.9999,2389
crypto,ETCUSDT,5m,gate,"ema|fast50,slow200|g:adx|reversal|ls",ema,ls,reversal,adx,-1.464,-2.483,-0.8502,0.316,468.4,-0.8327,2389
crypto,ETCUSDT,5m,gate,"ema|fast50,slow200|g:ltf|reversal|ls",ema,ls,reversal,ltf,-1.862,-3.146,-0.9059,0.278,543.0,-0.8941,2389
crypto,ETCUSDT,5m,gate,"ema|fast50,slow200|g:vol|reversal|ls",ema,ls,reversal,vol,-1.851,-3.099,-0.9008,0.278,533.2,-0.8912,2389
crypto,ETCUSDT,5m,headline,blend|long_only,blend,long_only,-,-,-3.631,-8.812,-0.7393,0.19,275.2,-0.7307,2389
crypto,ETCUSDT,5m,headline,blend|asym,blend,asym,-,-,-4.149,-9.659,-0.8068,0.177,363.6,-0.8011,2389
crypto,ALGOUSDT,1d,entry,"ema|fast20,slow100|reversal|ls",ema,ls,reversal,-,0.415,0.596,-0.1749,0.512,1.3,0.4337,2597
crypto,ALGOUSDT,1d,entry,"ema|fast50,slow200|reversal|ls",ema,ls,reversal,-,-0.038,-0.05,-0.374,0.488,0.8,-0.1117,2597
crypto,ALGOUSDT,1d,entry,"ema|fast100,slow300|reversal|ls",ema,ls,reversal,-,-0.576,-0.72,-0.5695,0.453,0.8,-0.4974,2597
crypto,ALGOUSDT,1d,entry,"sma|fast50,slow200|reversal|ls",sma,ls,reversal,-,-0.325,-0.402,-0.3753,0.442,1.0,-0.3403,2597
crypto,ALGOUSDT,1d,entry,tsmom|lookback30|reversal|ls,tsmom,ls,reversal,-,0.489,0.744,-0.2039,0.5,9.2,0.5519,2597
crypto,ALGOUSDT,1d,entry,tsmom|lookback90|reversal|ls,tsmom,ls,reversal,-,0.642,0.946,-0.2342,0.523,4.2,0.8234,2597
crypto,ALGOUSDT,1d,entry,"macd|fast12,slow26|reversal|ls",macd,ls,reversal,-,-0.122,-0.179,-0.3533,0.407,8.7,-0.1873,2597
crypto,ALGOUSDT,1d,entry,donchian|lookback55|reversal|ls,donchian,ls,reversal,-,0.454,0.671,-0.2077,0.488,1.2,0.4944,2597
crypto,ALGOUSDT,1d,entry,blend|ls,blend,ls,-,-,0.152,0.193,-0.1112,0.395,1.3,0.0622,2597
crypto,ALGOUSDT,1d,entry,strength|ls,strength,ls,-,-,0.58,0.827,-0.1272,0.5,3.4,0.456,2597
crypto,ALGOUSDT,1d,direction,"ema|fast50,slow200|reversal|long_only",ema,long_only,reversal,-,0.209,0.191,-0.1192,0.163,0.3,0.104,2597
crypto,ALGOUSDT,1d,direction,"ema|fast50,slow200|reversal|short_only",ema,short_only,reversal,-,-0.185,-0.192,-0.3704,0.407,0.5,-0.1952,2597
crypto,ALGOUSDT,1d,direction,"ema|fast50,slow200|reversal|asym",ema,asym,reversal,-,0.115,0.155,-0.1529,0.5,0.5,0.0463,2597
crypto,ALGOUSDT,1d,exit,"ema|fast50,slow200|atr_trailing|ls",ema,ls,atr_trailing,-,-0.152,-0.202,-0.4132,0.512,2.9,-0.2102,2597
crypto,ALGOUSDT,1d,exit,"ema|fast50,slow200|channel|ls",ema,ls,channel,-,-0.222,-0.294,-0.4174,0.5,3.8,-0.262,2597
crypto,ALGOUSDT,1d,gate,"ema|fast50,slow200|g:adx|reversal|ls",ema,ls,reversal,adx,-0.057,-0.076,-0.3928,0.488,0.8,-0.1295,2597
crypto,ALGOUSDT,1d,gate,"ema|fast50,slow200|g:ltf|reversal|ls",ema,ls,reversal,ltf,-0.038,-0.05,-0.374,0.488,0.8,-0.1117,2597
crypto,ALGOUSDT,1d,gate,"ema|fast50,slow200|g:vol|reversal|ls",ema,ls,reversal,vol,0.07,0.084,-0.374,0.419,0.7,0.0039,2597
crypto,ALGOUSDT,1d,headline,blend|long_only,blend,long_only,-,-,0.468,0.387,-0.0508,0.14,0.3,0.131,2597
crypto,ALGOUSDT,1d,headline,blend|asym,blend,asym,-,-,0.373,0.504,-0.0629,0.419,0.6,0.1133,2597
crypto,ALGOUSDT,4h,entry,"ema|fast20,slow100|reversal|ls",ema,ls,reversal,-,0.342,0.532,-0.2043,0.5,12.7,0.3339,2597
crypto,ALGOUSDT,4h,entry,"ema|fast50,slow200|reversal|ls",ema,ls,reversal,-,0.624,0.971,-0.1736,0.558,6.4,0.8095,2597
crypto,ALGOUSDT,4h,entry,"ema|fast100,slow300|reversal|ls",ema,ls,reversal,-,0.577,0.881,-0.2172,0.547,4.6,0.7176,2597
crypto,ALGOUSDT,4h,entry,"sma|fast50,slow200|reversal|ls",sma,ls,reversal,-,0.395,0.605,-0.1909,0.488,6.8,0.4121,2597
crypto,ALGOUSDT,4h,entry,tsmom|lookback30|reversal|ls,tsmom,ls,reversal,-,0.259,0.403,-0.2712,0.453,56.4,0.2175,2597
crypto,ALGOUSDT,4h,entry,tsmom|lookback90|reversal|ls,tsmom,ls,reversal,-,0.056,0.08,-0.3508,0.5,34.0,-0.0221,2597
crypto,ALGOUSDT,4h,entry,"macd|fast12,slow26|reversal|ls",macd,ls,reversal,-,-0.133,-0.19,-0.5312,0.442,54.4,-0.1989,2597
crypto,ALGOUSDT,4h,entry,donchian|lookback55|reversal|ls,donchian,ls,reversal,-,-0.179,-0.252,-0.4524,0.465,9.5,-0.2465,2597
crypto,ALGOUSDT,4h,entry,blend|ls,blend,ls,-,-,0.37,0.518,-0.1196,0.384,8.1,0.2049,2597
crypto,ALGOUSDT,4h,entry,strength|ls,strength,ls,-,-,0.141,0.21,-0.2201,0.384,26.1,0.0669,2597
crypto,ALGOUSDT,4h,direction,"ema|fast50,slow200|reversal|long_only",ema,long_only,reversal,-,0.502,0.516,-0.1459,0.302,2.6,0.3584,2597
crypto,ALGOUSDT,4h,direction,"ema|fast50,slow200|reversal|short_only",ema,short_only,reversal,-,0.401,0.478,-0.1499,0.442,3.7,0.3361,2597
crypto,ALGOUSDT,4h,direction,"ema|fast50,slow200|reversal|asym",ema,asym,reversal,-,0.612,0.856,-0.1254,0.581,3.7,0.4973,2597
crypto,ALGOUSDT,4h,exit,"ema|fast50,slow200|atr_trailing|ls",ema,ls,atr_trailing,-,-0.032,-0.049,-0.3447,0.477,20.4,-0.1093,2597
crypto,ALGOUSDT,4h,exit,"ema|fast50,slow200|channel|ls",ema,ls,channel,-,0.237,0.365,-0.2795,0.5,28.4,0.1897,2597
crypto,ALGOUSDT,4h,gate,"ema|fast50,slow200|g:adx|reversal|ls",ema,ls,reversal,adx,0.756,1.193,-0.174,0.558,5.8,1.0843,2597
crypto,ALGOUSDT,4h,gate,"ema|fast50,slow200|g:ltf|reversal|ls",ema,ls,reversal,ltf,0.624,0.971,-0.1736,0.558,6.4,0.8095,2597
crypto,ALGOUSDT,4h,gate,"ema|fast50,slow200|g:vol|reversal|ls",ema,ls,reversal,vol,0.472,0.733,-0.1749,0.512,6.3,0.523,2597
crypto,ALGOUSDT,4h,headline,blend|long_only,blend,long_only,-,-,0.618,0.634,-0.0746,0.233,2.7,0.2194,2597
crypto,ALGOUSDT,4h,headline,blend|asym,blend,asym,-,-,0.576,0.844,-0.0688,0.36,4.3,0.2195,2597
crypto,ALGOUSDT,1h,entry,"ema|fast20,slow100|reversal|ls",ema,ls,reversal,-,0.622,1.054,-0.2474,0.595,56.6,0.6669,2237
crypto,ALGOUSDT,1h,entry,"ema|fast50,slow200|reversal|ls",ema,ls,reversal,-,0.158,0.255,-0.1808,0.473,33.1,0.0797,2237
crypto,ALGOUSDT,1h,entry,"ema|fast100,slow300|reversal|ls",ema,ls,reversal,-,-0.381,-0.573,-0.4171,0.432,25.6,-0.3626,2237
crypto,ALGOUSDT,1h,entry,"sma|fast50,slow200|reversal|ls",sma,ls,reversal,-,0.293,0.477,-0.2527,0.446,32.2,0.228,2237
crypto,ALGOUSDT,1h,entry,tsmom|lookback30|reversal|ls,tsmom,ls,reversal,-,-1.21,-1.975,-0.744,0.324,262.1,-0.7199,2237
crypto,ALGOUSDT,1h,entry,tsmom|lookback90|reversal|ls,tsmom,ls,reversal,-,-0.669,-1.042,-0.5999,0.419,162.1,-0.5175,2237
crypto,ALGOUSDT,1h,entry,"macd|fast12,slow26|reversal|ls",macd,ls,reversal,-,-1.976,-2.986,-0.8753,0.27,261.1,-0.8704,2237
crypto,ALGOUSDT,1h,entry,donchian|lookback55|reversal|ls,donchian,ls,reversal,-,0.306,0.509,-0.1841,0.554,41.8,0.244,2237
crypto,ALGOUSDT,1h,entry,blend|ls,blend,ls,-,-,0.101,0.195,-0.1812,0.459,36.3,0.0296,2237
crypto,ALGOUSDT,1h,entry,strength|ls,strength,ls,-,-,-0.422,-0.789,-0.2887,0.392,120.4,-0.2462,2237
crypto,ALGOUSDT,1h,direction,"ema|fast50,slow200|reversal|long_only",ema,long_only,reversal,-,0.062,0.072,-0.2164,0.365,15.1,0.0065,2237
crypto,ALGOUSDT,1h,direction,"ema|fast50,slow200|reversal|short_only",ema,short_only,reversal,-,0.175,0.228,-0.1904,0.459,18.0,0.0866,2237
crypto,ALGOUSDT,1h,direction,"ema|fast50,slow200|reversal|asym",ema,asym,reversal,-,0.112,0.158,-0.1776,0.459,20.5,0.0391,2237
crypto,ALGOUSDT,1h,exit,"ema|fast50,slow200|atr_trailing|ls",ema,ls,atr_trailing,-,-0.157,-0.263,-0.3308,0.432,90.9,-0.2019,2237
crypto,ALGOUSDT,1h,exit,"ema|fast50,slow200|channel|ls",ema,ls,channel,-,-0.575,-0.926,-0.5345,0.419,115.3,-0.4692,2237
crypto,ALGOUSDT,1h,gate,"ema|fast50,slow200|g:adx|reversal|ls",ema,ls,reversal,adx,-0.104,-0.171,-0.2837,0.446,30.3,-0.1596,2237
crypto,ALGOUSDT,1h,gate,"ema|fast50,slow200|g:ltf|reversal|ls",ema,ls,reversal,ltf,0.158,0.255,-0.1808,0.473,33.1,0.0797,2237
crypto,ALGOUSDT,1h,gate,"ema|fast50,slow200|g:vol|reversal|ls",ema,ls,reversal,vol,0.062,0.098,-0.2317,0.446,32.3,-0.0143,2237
crypto,ALGOUSDT,1h,headline,blend|long_only,blend,long_only,-,-,0.223,0.309,-0.1596,0.392,14.9,0.0605,2237
crypto,ALGOUSDT,1h,headline,blend|asym,blend,asym,-,-,0.196,0.345,-0.1507,0.405,21.4,0.0548,2237
crypto,ALGOUSDT,15m,entry,"ema|fast20,slow100|reversal|ls",ema,ls,reversal,-,-1.069,-1.69,-0.6978,0.378,234.5,-0.6794,2237
crypto,ALGOUSDT,15m,entry,"ema|fast50,slow200|reversal|ls",ema,ls,reversal,-,0.097,0.159,-0.2611,0.541,130.2,0.018,2237
crypto,ALGOUSDT,15m,entry,"ema|fast100,slow300|reversal|ls",ema,ls,reversal,-,0.294,0.504,-0.3096,0.568,97.3,0.2261,2237
crypto,ALGOUSDT,15m,entry,"sma|fast50,slow200|reversal|ls",sma,ls,reversal,-,-0.168,-0.268,-0.4036,0.473,133.4,-0.2065,2237
crypto,ALGOUSDT,15m,entry,tsmom|lookback30|reversal|ls,tsmom,ls,reversal,-,-6.545,-9.494,-0.9991,0.068,1150.3,-0.999,2237
crypto,ALGOUSDT,15m,entry,tsmom|lookback90|reversal|ls,tsmom,ls,reversal,-,-2.963,-4.606,-0.9574,0.162,654.5,-0.9563,2237
crypto,ALGOUSDT,15m,entry,"macd|fast12,slow26|reversal|ls",macd,ls,reversal,-,-6.712,-9.679,-0.9991,0.041,1103.8,-0.9991,2237
crypto,ALGOUSDT,15m,entry,donchian|lookback55|reversal|ls,donchian,ls,reversal,-,-0.884,-1.358,-0.6578,0.378,167.2,-0.6173,2237
crypto,ALGOUSDT,15m,entry,blend|ls,blend,ls,-,-,-1.051,-2.562,-0.3912,0.27,147.0,-0.3825,2237
crypto,ALGOUSDT,15m,entry,strength|ls,strength,ls,-,-,-3.268,-6.774,-0.8577,0.203,502.8,-0.8569,2237
crypto,ALGOUSDT,15m,direction,"ema|fast50,slow200|reversal|long_only",ema,long_only,reversal,-,-0.182,-0.292,-0.2613,0.486,63.0,-0.1421,2237
crypto,ALGOUSDT,15m,direction,"ema|fast50,slow200|reversal|short_only",ema,short_only,reversal,-,0.378,0.641,-0.2246,0.527,67.2,0.2509,2237
crypto,ALGOUSDT,15m,direction,"ema|fast50,slow200|reversal|asym",ema,asym,reversal,-,-0.071,-0.111,-0.2178,0.5,83.2,-0.0831,2237
crypto,ALGOUSDT,15m,exit,"ema|fast50,slow200|atr_trailing|ls",ema,ls,atr_trailing,-,-1.483,-2.34,-0.7825,0.216,382.6,-0.7825,2237
crypto,ALGOUSDT,15m,exit,"ema|fast50,slow200|channel|ls",ema,ls,channel,-,-1.967,-3.136,-0.8615,0.189,482.5,-0.8615,2237
crypto,ALGOUSDT,15m,gate,"ema|fast50,slow200|g:adx|reversal|ls",ema,ls,reversal,adx,0.496,0.83,-0.2132,0.581,111.7,0.4857,2237
crypto,ALGOUSDT,15m,gate,"ema|fast50,slow200|g:ltf|reversal|ls",ema,ls,reversal,ltf,0.097,0.159,-0.2611,0.541,130.2,0.018,2237
crypto,ALGOUSDT,15m,gate,"ema|fast50,slow200|g:vol|reversal|ls",ema,ls,reversal,vol,0.036,0.057,-0.2846,0.541,128.6,-0.0405,2237
crypto,ALGOUSDT,15m,headline,blend|long_only,blend,long_only,-,-,-1.001,-2.129,-0.2688,0.311,68.6,-0.2607,2237
crypto,ALGOUSDT,15m,headline,blend|asym,blend,asym,-,-,-1.097,-2.47,-0.3027,0.284,92.1,-0.2954,2237
crypto,ALGOUSDT,5m,entry,"ema|fast20,slow100|reversal|ls",ema,ls,reversal,-,-3.706,-5.935,-0.9776,0.135,737.3,-0.9777,2237
crypto,ALGOUSDT,5m,entry,"ema|fast50,slow200|reversal|ls",ema,ls,reversal,-,-1.893,-3.033,-0.8661,0.257,408.7,-0.8601,2237
crypto,ALGOUSDT,5m,entry,"ema|fast100,slow300|reversal|ls",ema,ls,reversal,-,-1.133,-1.782,-0.7078,0.351,302.2,-0.6977,2237
crypto,ALGOUSDT,5m,entry,"sma|fast50,slow200|reversal|ls",sma,ls,reversal,-,-2.222,-3.542,-0.8978,0.243,415.4,-0.8936,2237
crypto,ALGOUSDT,5m,entry,tsmom|lookback30|reversal|ls,tsmom,ls,reversal,-,-16.422,-20.751,-1.0,0.0,3329.4,-1.0,2237
crypto,ALGOUSDT,5m,entry,tsmom|lookback90|reversal|ls,tsmom,ls,reversal,-,-10.749,-14.546,-1.0,0.0,2071.4,-1.0,2237
crypto,ALGOUSDT,5m,entry,"macd|fast12,slow26|reversal|ls",macd,ls,reversal,-,-18.157,-22.52,-1.0,0.0,3452.2,-1.0,2237
crypto,ALGOUSDT,5m,entry,donchian|lookback55|reversal|ls,donchian,ls,reversal,-,-3.652,-5.924,-0.9722,0.162,526.4,-0.972,2237
crypto,ALGOUSDT,5m,entry,blend|ls,blend,ls,-,-,-4.331,-9.418,-0.8564,0.095,450.3,-0.8564,2237
crypto,ALGOUSDT,5m,entry,strength|ls,strength,ls,-,-,-11.686,-19.379,-0.9993,0.0,1575.3,-0.9993,2237
crypto,ALGOUSDT,5m,direction,"ema|fast50,slow200|reversal|long_only",ema,long_only,reversal,-,-1.562,-3.186,-0.6747,0.284,201.7,-0.6646,2237
crypto,ALGOUSDT,5m,direction,"ema|fast50,slow200|reversal|short_only",ema,short_only,reversal,-,-0.948,-1.964,-0.5256,0.419,207.0,-0.501,2237
crypto,ALGOUSDT,5m,direction,"ema|fast50,slow200|reversal|asym",ema,asym,reversal,-,-1.791,-3.162,-0.7433,0.257,263.8,-0.7348,2237
crypto,ALGOUSDT,5m,exit,"ema|fast50,slow200|atr_trailing|ls",ema,ls,atr_trailing,-,-6.267,-9.14,-0.9985,0.041,1225.9,-0.9985,2237
crypto,ALGOUSDT,5m,exit,"ema|fast50,slow200|channel|ls",ema,ls,channel,-,-7.58,-11.249,-0.9997,0.0,1475.6,-0.9997,2237
crypto,ALGOUSDT,5m,gate,"ema|fast50,slow200|g:adx|reversal|ls",ema,ls,reversal,adx,-1.663,-2.701,-0.8292,0.338,356.1,-0.8211,2237
crypto,ALGOUSDT,5m,gate,"ema|fast50,slow200|g:ltf|reversal|ls",ema,ls,reversal,ltf,-1.893,-3.033,-0.8661,0.257,408.7,-0.8601,2237
crypto,ALGOUSDT,5m,gate,"ema|fast50,slow200|g:vol|reversal|ls",ema,ls,reversal,vol,-1.76,-2.796,-0.8469,0.284,400.4,-0.8388,2237
crypto,ALGOUSDT,5m,headline,blend|long_only,blend,long_only,-,-,-3.571,-8.196,-0.6577,0.108,218.9,-0.6577,2237
crypto,ALGOUSDT,5m,headline,blend|asym,blend,asym,-,-,-4.142,-9.02,-0.7327,0.095,288.3,-0.7328,2237
crypto,ATOMUSDT,1d,entry,"ema|fast20,slow100|reversal|ls",ema,ls,reversal,-,-0.075,-0.111,-0.3607,0.443,2.3,-0.1561,2651
crypto,ATOMUSDT,1d,entry,"ema|fast50,slow200|reversal|ls",ema,ls,reversal,-,-0.045,-0.064,-0.3443,0.477,1.0,-0.128,2651
crypto,ATOMUSDT,1d,entry,"ema|fast100,slow300|reversal|ls",ema,ls,reversal,-,0.064,0.088,-0.3242,0.5,0.8,-0.0142,2651
crypto,ATOMUSDT,1d,entry,"sma|fast50,slow200|reversal|ls",sma,ls,reversal,-,0.044,0.061,-0.3419,0.466,1.2,-0.0339,2651
crypto,ATOMUSDT,1d,entry,tsmom|lookback30|reversal|ls,tsmom,ls,reversal,-,0.226,0.36,-0.3487,0.455,8.9,0.182,2651
crypto,ATOMUSDT,1d,entry,tsmom|lookback90|reversal|ls,tsmom,ls,reversal,-,-0.111,-0.167,-0.4151,0.455,5.7,-0.1896,2651
crypto,ATOMUSDT,1d,entry,"macd|fast12,slow26|reversal|ls",macd,ls,reversal,-,0.114,0.168,-0.4006,0.455,10.3,0.042,2651
crypto,ATOMUSDT,1d,entry,donchian|lookback55|reversal|ls,donchian,ls,reversal,-,0.354,0.509,-0.3366,0.545,1.4,0.3637,2651
crypto,ATOMUSDT,1d,entry,blend|ls,blend,ls,-,-,0.118,0.149,-0.1551,0.386,1.4,0.0458,2651
crypto,ATOMUSDT,1d,entry,strength|ls,strength,ls,-,-,0.106,0.147,-0.2091,0.352,4.2,0.0418,2651
crypto,ATOMUSDT,1d,direction,"ema|fast50,slow200|reversal|long_only",ema,long_only,reversal,-,0.095,0.083,-0.1745,0.182,0.4,0.0331,2651
crypto,ATOMUSDT,1d,direction,"ema|fast50,slow200|reversal|short_only",ema,short_only,reversal,-,-0.141,-0.155,-0.3651,0.33,0.6,-0.1556,2651
crypto,ATOMUSDT,1d,direction,"ema|fast50,slow200|reversal|asym",ema,asym,reversal,-,0.043,0.055,-0.1943,0.466,0.6,-0.0078,2651
crypto,ATOMUSDT,1d,exit,"ema|fast50,slow200|atr_trailing|ls",ema,ls,atr_trailing,-,-0.144,-0.199,-0.4277,0.432,3.4,-0.216,2651
crypto,ATOMUSDT,1d,exit,"ema|fast50,slow200|channel|ls",ema,ls,channel,-,0.033,0.046,-0.3331,0.466,4.1,-0.0464,2651
crypto,ATOMUSDT,1d,gate,"ema|fast50,slow200|g:adx|reversal|ls",ema,ls,reversal,adx,0.129,0.189,-0.3388,0.489,1.0,0.0603,2651
crypto,ATOMUSDT,1d,gate,"ema|fast50,slow200|g:ltf|reversal|ls",ema,ls,reversal,ltf,-0.045,-0.064,-0.3443,0.477,1.0,-0.128,2651
crypto,ATOMUSDT,1d,gate,"ema|fast50,slow200|g:vol|reversal|ls",ema,ls,reversal,vol,0.315,0.409,-0.2422,0.432,0.7,0.2748,2651
crypto,ATOMUSDT,1d,headline,blend|long_only,blend,long_only,-,-,0.262,0.231,-0.0502,0.182,0.4,0.078,2651
crypto,ATOMUSDT,1d,headline,blend|asym,blend,asym,-,-,0.226,0.3,-0.0643,0.386,0.7,0.0717,2651
crypto,ATOMUSDT,4h,entry,"ema|fast20,slow100|reversal|ls",ema,ls,reversal,-,0.535,0.878,-0.2441,0.523,13.6,0.7034,2651
crypto,ATOMUSDT,4h,entry,"ema|fast50,slow200|reversal|ls",ema,ls,reversal,-,0.282,0.466,-0.3579,0.511,8.4,0.2666,2651
crypto,ATOMUSDT,4h,entry,"ema|fast100,slow300|reversal|ls",ema,ls,reversal,-,0.274,0.442,-0.2776,0.545,6.1,0.2555,2651
crypto,ATOMUSDT,4h,entry,"sma|fast50,slow200|reversal|ls",sma,ls,reversal,-,0.334,0.546,-0.2946,0.523,7.9,0.3449,2651
crypto,ATOMUSDT,4h,entry,tsmom|lookback30|reversal|ls,tsmom,ls,reversal,-,0.328,0.547,-0.3298,0.5,64.5,0.3387,2651
crypto,ATOMUSDT,4h,entry,tsmom|lookback90|reversal|ls,tsmom,ls,reversal,-,0.415,0.67,-0.227,0.511,37.9,0.4759,2651
crypto,ATOMUSDT,4h,entry,"macd|fast12,slow26|reversal|ls",macd,ls,reversal,-,-0.116,-0.174,-0.3644,0.42,64.0,-0.2064,2651
crypto,ATOMUSDT,4h,entry,donchian|lookback55|reversal|ls,donchian,ls,reversal,-,0.115,0.187,-0.4629,0.466,10.5,0.042,2651
crypto,ATOMUSDT,4h,entry,blend|ls,blend,ls,-,-,0.363,0.569,-0.1475,0.352,9.2,0.2102,2651
crypto,ATOMUSDT,4h,entry,strength|ls,strength,ls,-,-,0.353,0.563,-0.2004,0.386,29.6,0.2491,2651
crypto,ATOMUSDT,4h,direction,"ema|fast50,slow200|reversal|long_only",ema,long_only,reversal,-,0.194,0.211,-0.2392,0.307,3.7,0.1142,2651
crypto,ATOMUSDT,4h,direction,"ema|fast50,slow200|reversal|short_only",ema,short_only,reversal,-,0.21,0.262,-0.2976,0.409,4.7,0.1411,2651
crypto,ATOMUSDT,4h,direction,"ema|fast50,slow200|reversal|asym",ema,asym,reversal,-,0.251,0.353,-0.2583,0.545,5.1,0.1713,2651
crypto,ATOMUSDT,4h,exit,"ema|fast50,slow200|atr_trailing|ls",ema,ls,atr_trailing,-,0.131,0.217,-0.3888,0.545,22.6,0.062,2651
crypto,ATOMUSDT,4h,exit,"ema|fast50,slow200|channel|ls",ema,ls,channel,-,0.214,0.365,-0.3773,0.545,29.9,0.1678,2651
crypto,ATOMUSDT,4h,gate,"ema|fast50,slow200|g:adx|reversal|ls",ema,ls,reversal,adx,0.189,0.31,-0.324,0.511,7.5,0.1354,2651
crypto,ATOMUSDT,4h,gate,"ema|fast50,slow200|g:ltf|reversal|ls",ema,ls,reversal,ltf,0.282,0.466,-0.3579,0.511,8.4,0.2666,2651
crypto,ATOMUSDT,4h,gate,"ema|fast50,slow200|g:vol|reversal|ls",ema,ls,reversal,vol,0.289,0.47,-0.3679,0.489,8.2,0.2738,2651
crypto,ATOMUSDT,4h,headline,blend|long_only,blend,long_only,-,-,0.188,0.192,-0.0753,0.25,3.5,0.0568,2651
crypto,ATOMUSDT,4h,headline,blend|asym,blend,asym,-,-,0.298,0.418,-0.0955,0.398,5.2,0.1048,2651
crypto,ATOMUSDT,1h,entry,"ema|fast20,slow100|reversal|ls",ema,ls,reversal,-,0.24,0.403,-0.2878,0.551,61.1,0.1832,2367
crypto,ATOMUSDT,1h,entry,"ema|fast50,slow200|reversal|ls",ema,ls,reversal,-,0.171,0.286,-0.3075,0.538,35.8,0.0991,2367
crypto,ATOMUSDT,1h,entry,"ema|fast100,slow300|reversal|ls",ema,ls,reversal,-,0.136,0.229,-0.331,0.449,26.5,0.0605,2367
crypto,ATOMUSDT,1h,entry,"sma|fast50,slow200|reversal|ls",sma,ls,reversal,-,0.054,0.093,-0.3551,0.487,35.3,-0.0279,2367
crypto,ATOMUSDT,1h,entry,tsmom|lookback30|reversal|ls,tsmom,ls,reversal,-,-1.496,-2.471,-0.8257,0.295,296.1,-0.8114,2367
crypto,ATOMUSDT,1h,entry,tsmom|lookback90|reversal|ls,tsmom,ls,reversal,-,-0.444,-0.726,-0.5255,0.462,180.6,-0.4332,2367
crypto,ATOMUSDT,1h,entry,"macd|fast12,slow26|reversal|ls",macd,ls,reversal,-,-1.386,-2.085,-0.8018,0.295,281.2,-0.7916,2367
crypto,ATOMUSDT,1h,entry,donchian|lookback55|reversal|ls,donchian,ls,reversal,-,-0.275,-0.456,-0.5542,0.41,45.8,-0.3109,2367
crypto,ATOMUSDT,1h,entry,blend|ls,blend,ls,-,-,0.064,0.132,-0.2064,0.449,39.3,0.0124,2367
crypto,ATOMUSDT,1h,entry,strength|ls,strength,ls,-,-,-0.435,-0.853,-0.3995,0.436,130.6,-0.283,2367
crypto,ATOMUSDT,1h,direction,"ema|fast50,slow200|reversal|long_only",ema,long_only,reversal,-,0.003,0.004,-0.232,0.436,16.7,-0.0367,2367
crypto,ATOMUSDT,1h,direction,"ema|fast50,slow200|reversal|short_only",ema,short_only,reversal,-,0.246,0.352,-0.2585,0.462,19.1,0.1554,2367
crypto,ATOMUSDT,1h,direction,"ema|fast50,slow200|reversal|asym",ema,asym,reversal,-,0.076,0.108,-0.228,0.526,22.4,0.0135,2367
crypto,ATOMUSDT,1h,exit,"ema|fast50,slow200|atr_trailing|ls",ema,ls,atr_trailing,-,-0.119,-0.203,-0.4248,0.474,100.2,-0.1935,2367
crypto,ATOMUSDT,1h,exit,"ema|fast50,slow200|channel|ls",ema,ls,channel,-,-0.342,-0.579,-0.4861,0.41,132.5,-0.3619,2367
crypto,ATOMUSDT,1h,gate,"ema|fast50,slow200|g:adx|reversal|ls",ema,ls,reversal,adx,0.097,0.162,-0.2843,0.487,32.6,0.0167,2367
crypto,ATOMUSDT,1h,gate,"ema|fast50,slow200|g:ltf|reversal|ls",ema,ls,reversal,ltf,0.171,0.286,-0.3075,0.538,35.8,0.0991,2367
crypto,ATOMUSDT,1h,gate,"ema|fast50,slow200|g:vol|reversal|ls",ema,ls,reversal,vol,0.266,0.449,-0.2817,0.538,35.1,0.2151,2367
crypto,ATOMUSDT,1h,headline,blend|long_only,blend,long_only,-,-,0.099,0.143,-0.1058,0.346,17.1,0.0248,2367
crypto,ATOMUSDT,1h,headline,blend|asym,blend,asym,-,-,0.096,0.175,-0.1277,0.436,23.7,0.0248,2367
crypto,ATOMUSDT,15m,entry,"ema|fast20,slow100|reversal|ls",ema,ls,reversal,-,-0.603,-0.999,-0.5787,0.41,251.6,-0.5138,2367
crypto,ATOMUSDT,15m,entry,"ema|fast50,slow200|reversal|ls",ema,ls,reversal,-,0.243,0.393,-0.3267,0.603,142.9,0.1848,2367
crypto,ATOMUSDT,15m,entry,"ema|fast100,slow300|reversal|ls",ema,ls,reversal,-,0.285,0.486,-0.3359,0.538,106.1,0.2396,2367
crypto,ATOMUSDT,15m,entry,"sma|fast50,slow200|reversal|ls",sma,ls,reversal,-,-0.241,-0.406,-0.5083,0.487,147.2,-0.2856,2367
crypto,ATOMUSDT,15m,entry,tsmom|lookback30|reversal|ls,tsmom,ls,reversal,-,-6.696,-9.754,-0.9996,0.026,1303.5,-0.9996,2367
crypto,ATOMUSDT,15m,entry,tsmom|lookback90|reversal|ls,tsmom,ls,reversal,-,-3.348,-5.303,-0.98,0.167,759.4,-0.9791,2367
crypto,ATOMUSDT,15m,entry,"macd|fast12,slow26|reversal|ls",macd,ls,reversal,-,-7.018,-10.432,-0.9996,0.026,1221.2,-0.9996,2367
crypto,ATOMUSDT,15m,entry,donchian|lookback55|reversal|ls,donchian,ls,reversal,-,-1.011,-1.59,-0.7262,0.423,192.6,-0.6883,2367
crypto,ATOMUSDT,15m,entry,blend|ls,blend,ls,-,-,-0.881,-2.253,-0.4046,0.397,161.6,-0.3656,2367
crypto,ATOMUSDT,15m,entry,strength|ls,strength,ls,-,-,-3.342,-7.16,-0.8972,0.231,552.8,-0.8922,2367
crypto,ATOMUSDT,15m,direction,"ema|fast50,slow200|reversal|long_only",ema,long_only,reversal,-,-0.033,-0.053,-0.3237,0.487,69.8,-0.0602,2367
crypto,ATOMUSDT,15m,direction,"ema|fast50,slow200|reversal|short_only",ema,short_only,reversal,-,0.429,0.734,-0.1507,0.474,73.1,0.3252,2367
crypto,ATOMUSDT,15m,direction,"ema|fast50,slow200|reversal|asym",ema,asym,reversal,-,0.087,0.139,-0.3058,0.538,91.8,0.0227,2367
crypto,ATOMUSDT,15m,exit,"ema|fast50,slow200|atr_trailing|ls",ema,ls,atr_trailing,-,-1.486,-2.469,-0.828,0.333,428.1,-0.8059,2367
crypto,ATOMUSDT,15m,exit,"ema|fast50,slow200|channel|ls",ema,ls,channel,-,-2.207,-3.531,-0.9246,0.205,552.4,-0.9146,2367
crypto,ATOMUSDT,15m,gate,"ema|fast50,slow200|g:adx|reversal|ls",ema,ls,reversal,adx,0.352,0.587,-0.4027,0.564,126.1,0.3261,2367
crypto,ATOMUSDT,15m,gate,"ema|fast50,slow200|g:ltf|reversal|ls",ema,ls,reversal,ltf,0.243,0.393,-0.3267,0.603,142.9,0.1848,2367
crypto,ATOMUSDT,15m,gate,"ema|fast50,slow200|g:vol|reversal|ls",ema,ls,reversal,vol,0.152,0.239,-0.4206,0.603,140.4,0.0776,2367
crypto,ATOMUSDT,15m,headline,blend|long_only,blend,long_only,-,-,-0.836,-1.862,-0.2577,0.295,76.9,-0.252,2367
crypto,ATOMUSDT,15m,headline,blend|asym,blend,asym,-,-,-0.917,-2.175,-0.2987,0.282,102.3,-0.2839,2367
crypto,ATOMUSDT,5m,entry,"ema|fast20,slow100|reversal|ls",ema,ls,reversal,-,-3.743,-5.938,-0.9838,0.167,815.9,-0.9838,2367
crypto,ATOMUSDT,5m,entry,"ema|fast50,slow200|reversal|ls",ema,ls,reversal,-,-1.79,-2.916,-0.8681,0.308,448.6,-0.8595,2367
crypto,ATOMUSDT,5m,entry,"ema|fast100,slow300|reversal|ls",ema,ls,reversal,-,-0.965,-1.578,-0.6886,0.333,333.3,-0.6624,2367
crypto,ATOMUSDT,5m,entry,"sma|fast50,slow200|reversal|ls",sma,ls,reversal,-,-1.948,-3.12,-0.8877,0.269,457.0,-0.8823,2367
crypto,ATOMUSDT,5m,entry,tsmom|lookback30|reversal|ls,tsmom,ls,reversal,-,-16.83,-20.975,-1.0,0.0,3921.4,-1.0,2367
crypto,ATOMUSDT,5m,entry,tsmom|lookback90|reversal|ls,tsmom,ls,reversal,-,-10.741,-14.224,-1.0,0.0,2427.3,-1.0,2367
crypto,ATOMUSDT,5m,entry,"macd|fast12,slow26|reversal|ls",macd,ls,reversal,-,-17.78,-22.018,-1.0,0.0,3786.6,-1.0,2367
crypto,ATOMUSDT,5m,entry,donchian|lookback55|reversal|ls,donchian,ls,reversal,-,-3.629,-5.656,-0.9797,0.115,600.7,-0.9795,2367
crypto,ATOMUSDT,5m,entry,blend|ls,blend,ls,-,-,-4.458,-9.712,-0.8873,0.064,507.7,-0.8859,2367
crypto,ATOMUSDT,5m,entry,strength|ls,strength,ls,-,-,-11.76,-19.007,-0.9997,0.0,1748.5,-0.9997,2367
crypto,ATOMUSDT,5m,direction,"ema|fast50,slow200|reversal|long_only",ema,long_only,reversal,-,-1.545,-3.079,-0.6814,0.321,223.1,-0.6815,2367
crypto,ATOMUSDT,5m,direction,"ema|fast50,slow200|reversal|short_only",ema,short_only,reversal,-,-0.819,-1.721,-0.5623,0.41,225.5,-0.4777,2367
crypto,ATOMUSDT,5m,direction,"ema|fast50,slow200|reversal|asym",ema,asym,reversal,-,-1.745,-3.036,-0.7448,0.321,290.8,-0.7439,2367
crypto,ATOMUSDT,5m,exit,"ema|fast50,slow200|atr_trailing|ls",ema,ls,atr_trailing,-,-7.061,-10.523,-0.9996,0.013,1452.0,-0.9996,2367
crypto,ATOMUSDT,5m,exit,"ema|fast50,slow200|channel|ls",ema,ls,channel,-,-8.605,-12.719,-1.0,0.013,1824.2,-1.0,2367
crypto,ATOMUSDT,5m,gate,"ema|fast50,slow200|g:adx|reversal|ls",ema,ls,reversal,adx,-1.515,-2.482,-0.8269,0.308,390.4,-0.8143,2367
crypto,ATOMUSDT,5m,gate,"ema|fast50,slow200|g:ltf|reversal|ls",ema,ls,reversal,ltf,-1.79,-2.916,-0.8681,0.308,448.6,-0.8595,2367
crypto,ATOMUSDT,5m,gate,"ema|fast50,slow200|g:vol|reversal|ls",ema,ls,reversal,vol,-1.796,-2.92,-0.8737,0.295,439.5,-0.8606,2367
crypto,ATOMUSDT,5m,headline,blend|long_only,blend,long_only,-,-,-3.554,-8.229,-0.6834,0.154,249.0,-0.6835,2367
crypto,ATOMUSDT,5m,headline,blend|asym,blend,asym,-,-,-4.201,-9.212,-0.7641,0.09,326.7,-0.764,2367
crypto,FILUSDT,1d,entry,"ema|fast20,slow100|reversal|ls",ema,ls,reversal,-,0.473,0.529,-0.1813,0.557,1.1,0.4548,2115
crypto,FILUSDT,1d,entry,"ema|fast50,slow200|reversal|ls",ema,ls,reversal,-,0.055,0.059,-0.3104,0.543,1.0,-0.0284,2115
crypto,FILUSDT,1d,entry,"ema|fast100,slow300|reversal|ls",ema,ls,reversal,-,-0.232,-0.252,-0.498,0.5,0.8,-0.2638,2115
crypto,FILUSDT,1d,entry,"sma|fast50,slow200|reversal|ls",sma,ls,reversal,-,-0.014,-0.016,-0.3669,0.471,0.8,-0.0804,2115
crypto,FILUSDT,1d,entry,tsmom|lookback30|reversal|ls,tsmom,ls,reversal,-,0.526,0.71,-0.2934,0.486,9.7,0.5334,2115
crypto,FILUSDT,1d,entry,tsmom|lookback90|reversal|ls,tsmom,ls,reversal,-,0.229,0.256,-0.214,0.557,4.8,0.1494,2115
crypto,FILUSDT,1d,entry,"macd|fast12,slow26|reversal|ls",macd,ls,reversal,-,0.374,0.594,-0.3072,0.514,7.6,0.3256,2115
crypto,FILUSDT,1d,entry,donchian|lookback55|reversal|ls,donchian,ls,reversal,-,-0.159,-0.177,-0.3096,0.457,1.4,-0.2098,2115
crypto,FILUSDT,1d,entry,blend|ls,blend,ls,-,-,-0.075,-0.073,-0.218,0.471,1.3,-0.0642,2115
crypto,FILUSDT,1d,entry,strength|ls,strength,ls,-,-,-0.225,-0.237,-0.2293,0.486,3.5,-0.1608,2115
crypto,FILUSDT,1d,direction,"ema|fast50,slow200|reversal|long_only",ema,long_only,reversal,-,0.172,0.12,-0.1702,0.086,0.3,0.059,2115
crypto,FILUSDT,1d,direction,"ema|fast50,slow200|reversal|short_only",ema,short_only,reversal,-,-0.022,-0.02,-0.3,0.5,0.7,-0.0824,2115
crypto,FILUSDT,1d,direction,"ema|fast50,slow200|reversal|asym",ema,asym,reversal,-,0.135,0.16,-0.2063,0.529,0.5,0.0466,2115
crypto,FILUSDT,1d,exit,"ema|fast50,slow200|atr_trailing|ls",ema,ls,atr_trailing,-,-0.328,-0.356,-0.4279,0.514,3.1,-0.3249,2115
crypto,FILUSDT,1d,exit,"ema|fast50,slow200|channel|ls",ema,ls,channel,-,-0.081,-0.088,-0.333,0.529,3.6,-0.1453,2115
crypto,FILUSDT,1d,gate,"ema|fast50,slow200|g:adx|reversal|ls",ema,ls,reversal,adx,-0.053,-0.058,-0.3708,0.529,0.9,-0.1249,2115
crypto,FILUSDT,1d,gate,"ema|fast50,slow200|g:ltf|reversal|ls",ema,ls,reversal,ltf,0.055,0.059,-0.3104,0.543,1.0,-0.0284,2115
crypto,FILUSDT,1d,gate,"ema|fast50,slow200|g:vol|reversal|ls",ema,ls,reversal,vol,-0.173,-0.163,-0.306,0.386,0.6,-0.1818,2115
crypto,FILUSDT,1d,headline,blend|long_only,blend,long_only,-,-,0.223,0.137,-0.0519,0.086,0.2,0.0397,2115
crypto,FILUSDT,1d,headline,blend|asym,blend,asym,-,-,0.071,0.077,-0.0942,0.471,0.5,0.0123,2115
crypto,FILUSDT,4h,entry,"ema|fast20,slow100|reversal|ls",ema,ls,reversal,-,0.623,0.952,-0.3169,0.514,14.2,0.743,2115
crypto,FILUSDT,4h,entry,"ema|fast50,slow200|reversal|ls",ema,ls,reversal,-,0.594,0.882,-0.3339,0.529,7.8,0.6902,2115
crypto,FILUSDT,4h,entry,"ema|fast100,slow300|reversal|ls",ema,ls,reversal,-,0.033,0.044,-0.3513,0.543,6.2,-0.0572,2115
crypto,FILUSDT,4h,entry,"sma|fast50,slow200|reversal|ls",sma,ls,reversal,-,0.561,0.871,-0.3595,0.514,9.0,0.6272,2115
crypto,FILUSDT,4h,entry,tsmom|lookback30|reversal|ls,tsmom,ls,reversal,-,0.5,0.868,-0.3557,0.529,63.2,0.524,2115
crypto,FILUSDT,4h,entry,tsmom|lookback90|reversal|ls,tsmom,ls,reversal,-,0.534,0.825,-0.3632,0.514,41.7,0.599,2115
crypto,FILUSDT,4h,entry,"macd|fast12,slow26|reversal|ls",macd,ls,reversal,-,0.318,0.466,-0.3663,0.514,61.5,0.2724,2115
crypto,FILUSDT,4h,entry,donchian|lookback55|reversal|ls,donchian,ls,reversal,-,0.118,0.179,-0.4569,0.486,10.5,0.0325,2115
crypto,FILUSDT,4h,entry,blend|ls,blend,ls,-,-,0.532,0.789,-0.2247,0.486,9.0,0.3079,2115
crypto,FILUSDT,4h,entry,strength|ls,strength,ls,-,-,0.475,0.787,-0.279,0.429,29.1,0.3336,2115
crypto,FILUSDT,4h,direction,"ema|fast50,slow200|reversal|long_only",ema,long_only,reversal,-,0.376,0.399,-0.2518,0.214,3.0,0.2146,2115
crypto,FILUSDT,4h,direction,"ema|fast50,slow200|reversal|short_only",ema,short_only,reversal,-,0.463,0.538,-0.1563,0.471,4.8,0.3932,2115
crypto,FILUSDT,4h,direction,"ema|fast50,slow200|reversal|asym",ema,asym,reversal,-,0.526,0.802,-0.2603,0.5,4.5,0.3573,2115
crypto,FILUSDT,4h,exit,"ema|fast50,slow200|atr_trailing|ls",ema,ls,atr_trailing,-,0.395,0.572,-0.2909,0.571,21.6,0.3657,2115
crypto,FILUSDT,4h,exit,"ema|fast50,slow200|channel|ls",ema,ls,channel,-,0.213,0.313,-0.3078,0.557,26.5,0.1355,2115
crypto,FILUSDT,4h,gate,"ema|fast50,slow200|g:adx|reversal|ls",ema,ls,reversal,adx,0.676,1.007,-0.2917,0.557,7.3,0.8401,2115
crypto,FILUSDT,4h,gate,"ema|fast50,slow200|g:ltf|reversal|ls",ema,ls,reversal,ltf,0.594,0.882,-0.3339,0.529,7.8,0.6902,2115
crypto,FILUSDT,4h,gate,"ema|fast50,slow200|g:vol|reversal|ls",ema,ls,reversal,vol,0.621,0.901,-0.2898,0.514,7.6,0.7267,2115
crypto,FILUSDT,4h,headline,blend|long_only,blend,long_only,-,-,0.629,0.69,-0.0898,0.214,2.8,0.2097,2115
crypto,FILUSDT,4h,headline,blend|asym,blend,asym,-,-,0.66,1.059,-0.1263,0.429,4.7,0.2426,2115
crypto,FILUSDT,1h,entry,"ema|fast20,slow100|reversal|ls",ema,ls,reversal,-,0.487,0.863,-0.3664,0.571,59.4,0.5025,2115
crypto,FILUSDT,1h,entry,"ema|fast50,slow200|reversal|ls",ema,ls,reversal,-,0.13,0.216,-0.4775,0.5,34.5,0.0453,2115
crypto,FILUSDT,1h,entry,"ema|fast100,slow300|reversal|ls",ema,ls,reversal,-,0.653,1.054,-0.3055,0.543,25.9,0.7731,2115
crypto,FILUSDT,1h,entry,"sma|fast50,slow200|reversal|ls",sma,ls,reversal,-,0.344,0.593,-0.3326,0.586,37.1,0.295,2115
crypto,FILUSDT,1h,entry,tsmom|lookback30|reversal|ls,tsmom,ls,reversal,-,-0.498,-0.822,-0.6439,0.386,282.9,-0.4632,2115
crypto,FILUSDT,1h,entry,tsmom|lookback90|reversal|ls,tsmom,ls,reversal,-,-0.198,-0.332,-0.5732,0.529,172.2,-0.2571,2115
crypto,FILUSDT,1h,entry,"macd|fast12,slow26|reversal|ls",macd,ls,reversal,-,-0.697,-1.028,-0.6422,0.471,270.4,-0.5343,2115
crypto,FILUSDT,1h,entry,donchian|lookback55|reversal|ls,donchian,ls,reversal,-,0.436,0.716,-0.4865,0.529,42.3,0.4284,2115
crypto,FILUSDT,1h,entry,blend|ls,blend,ls,-,-,0.702,1.645,-0.2027,0.571,36.8,0.4161,2115
crypto,FILUSDT,1h,entry,strength|ls,strength,ls,-,-,0.011,0.022,-0.3538,0.5,125.9,-0.0302,2115
crypto,FILUSDT,1h,direction,"ema|fast50,slow200|reversal|long_only",ema,long_only,reversal,-,-0.123,-0.145,-0.3503,0.329,15.2,-0.1071,2115
crypto,FILUSDT,1h,direction,"ema|fast50,slow200|reversal|short_only",ema,short_only,reversal,-,0.277,0.374,-0.2352,0.443,19.3,0.178,2115
crypto,FILUSDT,1h,direction,"ema|fast50,slow200|reversal|asym",ema,asym,reversal,-,-0.022,-0.032,-0.3842,0.386,21.0,-0.0528,2115
crypto,FILUSDT,1h,exit,"ema|fast50,slow200|atr_trailing|ls",ema,ls,atr_trailing,-,-0.212,-0.322,-0.4885,0.429,92.6,-0.2697,2115
crypto,FILUSDT,1h,exit,"ema|fast50,slow200|channel|ls",ema,ls,channel,-,-0.147,-0.242,-0.5128,0.429,110.6,-0.2135,2115
crypto,FILUSDT,1h,gate,"ema|fast50,slow200|g:adx|reversal|ls",ema,ls,reversal,adx,-0.178,-0.292,-0.4734,0.471,32.9,-0.2328,2115
crypto,FILUSDT,1h,gate,"ema|fast50,slow200|g:ltf|reversal|ls",ema,ls,reversal,ltf,0.13,0.216,-0.4775,0.5,34.5,0.0453,2115
crypto,FILUSDT,1h,gate,"ema|fast50,slow200|g:vol|reversal|ls",ema,ls,reversal,vol,0.216,0.35,-0.4539,0.529,34.1,0.1391,2115
crypto,FILUSDT,1h,headline,blend|long_only,blend,long_only,-,-,0.347,0.59,-0.1214,0.357,15.0,0.1084,2115
crypto,FILUSDT,1h,headline,blend|asym,blend,asym,-,-,0.55,1.185,-0.14,0.457,21.5,0.1973,2115
crypto,FILUSDT,15m,entry,"ema|fast20,slow100|reversal|ls",ema,ls,reversal,-,-0.043,-0.072,-0.4812,0.529,254.5,-0.1286,2115
crypto,FILUSDT,15m,entry,"ema|fast50,slow200|reversal|ls",ema,ls,reversal,-,0.587,1.014,-0.3108,0.543,145.2,0.6604,2115
crypto,FILUSDT,15m,entry,"ema|fast100,slow300|reversal|ls",ema,ls,reversal,-,0.279,0.474,-0.4518,0.543,109.0,0.2166,2115
crypto,FILUSDT,15m,entry,"sma|fast50,slow200|reversal|ls",sma,ls,reversal,-,0.617,0.98,-0.319,0.7,146.5,0.7229,2115
crypto,FILUSDT,15m,entry,tsmom|lookback30|reversal|ls,tsmom,ls,reversal,-,-4.809,-7.589,-0.9944,0.143,1292.8,-0.9943,2115
crypto,FILUSDT,15m,entry,tsmom|lookback90|reversal|ls,tsmom,ls,reversal,-,-1.574,-2.661,-0.8572,0.386,758.0,-0.8241,2115
crypto,FILUSDT,15m,entry,"macd|fast12,slow26|reversal|ls",macd,ls,reversal,-,-5.172,-8.061,-0.9956,0.129,1198.1,-0.9954,2115
crypto,FILUSDT,15m,entry,donchian|lookback55|reversal|ls,donchian,ls,reversal,-,0.401,0.686,-0.2046,0.6,176.0,0.3727,2115
crypto,FILUSDT,15m,entry,blend|ls,blend,ls,-,-,0.087,0.245,-0.213,0.514,153.5,0.0223,2115
crypto,FILUSDT,15m,entry,strength|ls,strength,ls,-,-,-1.64,-3.915,-0.7043,0.329,544.9,-0.6582,2115
crypto,FILUSDT,15m,direction,"ema|fast50,slow200|reversal|long_only",ema,long_only,reversal,-,0.114,0.182,-0.2478,0.443,69.8,0.0383,2115
crypto,FILUSDT,15m,direction,"ema|fast50,slow200|reversal|short_only",ema,short_only,reversal,-,0.73,1.303,-0.1625,0.557,75.5,0.6444,2115
crypto,FILUSDT,15m,direction,"ema|fast50,slow200|reversal|asym",ema,asym,reversal,-,0.328,0.528,-0.26,0.5,92.4,0.2114,2115
crypto,FILUSDT,15m,exit,"ema|fast50,slow200|atr_trailing|ls",ema,ls,atr_trailing,-,-0.792,-1.346,-0.7022,0.329,397.5,-0.5942,2115
crypto,FILUSDT,15m,exit,"ema|fast50,slow200|channel|ls",ema,ls,channel,-,-1.17,-1.979,-0.8029,0.329,482.1,-0.7323,2115
crypto,FILUSDT,15m,gate,"ema|fast50,slow200|g:adx|reversal|ls",ema,ls,reversal,adx,0.53,0.951,-0.4053,0.557,128.0,0.5612,2115
crypto,FILUSDT,15m,gate,"ema|fast50,slow200|g:ltf|reversal|ls",ema,ls,reversal,ltf,0.587,1.014,-0.3108,0.543,145.2,0.6604,2115
crypto,FILUSDT,15m,gate,"ema|fast50,slow200|g:vol|reversal|ls",ema,ls,reversal,vol,0.584,1.018,-0.2826,0.543,143.1,0.6598,2115
crypto,FILUSDT,15m,headline,blend|long_only,blend,long_only,-,-,-0.075,-0.183,-0.135,0.429,70.6,-0.0317,2115
crypto,FILUSDT,15m,headline,blend|asym,blend,asym,-,-,-0.005,-0.014,-0.1423,0.471,95.5,-0.0114,2115
crypto,FILUSDT,5m,entry,"ema|fast20,slow100|reversal|ls",ema,ls,reversal,-,-2.981,-4.941,-0.96,0.129,844.0,-0.9572,2115
crypto,FILUSDT,5m,entry,"ema|fast50,slow200|reversal|ls",ema,ls,reversal,-,-0.826,-1.443,-0.6983,0.371,459.0,-0.6005,2115
crypto,FILUSDT,5m,entry,"ema|fast100,slow300|reversal|ls",ema,ls,reversal,-,-0.231,-0.409,-0.5494,0.486,336.9,-0.2764,2115
crypto,FILUSDT,5m,entry,"sma|fast50,slow200|reversal|ls",sma,ls,reversal,-,-0.684,-1.139,-0.6597,0.429,463.4,-0.5304,2115
crypto,FILUSDT,5m,entry,tsmom|lookback30|reversal|ls,tsmom,ls,reversal,-,-14.652,-19.121,-1.0,0.014,3901.5,-1.0,2115
crypto,FILUSDT,5m,entry,tsmom|lookback90|reversal|ls,tsmom,ls,reversal,-,-9.32,-13.401,-1.0,0.014,2473.5,-1.0,2115
crypto,FILUSDT,5m,entry,"macd|fast12,slow26|reversal|ls",macd,ls,reversal,-,-14.719,-19.453,-1.0,0.014,3682.8,-1.0,2115
crypto,FILUSDT,5m,entry,donchian|lookback55|reversal|ls,donchian,ls,reversal,-,-2.413,-4.046,-0.9258,0.186,571.2,-0.92,2115
crypto,FILUSDT,5m,entry,blend|ls,blend,ls,-,-,-2.777,-7.354,-0.7663,0.157,483.1,-0.7571,2115
crypto,FILUSDT,5m,entry,strength|ls,strength,ls,-,-,-9.625,-17.778,-0.9987,0.014,1756.4,-0.9987,2115
crypto,FILUSDT,5m,direction,"ema|fast50,slow200|reversal|long_only",ema,long_only,reversal,-,-1.008,-2.248,-0.608,0.329,225.6,-0.5166,2115
crypto,FILUSDT,5m,direction,"ema|fast50,slow200|reversal|short_only",ema,short_only,reversal,-,-0.069,-0.152,-0.3212,0.529,233.3,-0.0918,2115
crypto,FILUSDT,5m,direction,"ema|fast50,slow200|reversal|asym",ema,asym,reversal,-,-1.002,-1.905,-0.6309,0.329,295.6,-0.534,2115
crypto,FILUSDT,5m,exit,"ema|fast50,slow200|atr_trailing|ls",ema,ls,atr_trailing,-,-4.391,-7.211,-0.9909,0.071,1313.8,-0.9905,2115
crypto,FILUSDT,5m,exit,"ema|fast50,slow200|channel|ls",ema,ls,channel,-,-5.544,-9.113,-0.9974,0.071,1577.0,-0.9973,2115
crypto,FILUSDT,5m,gate,"ema|fast50,slow200|g:adx|reversal|ls",ema,ls,reversal,adx,-0.542,-0.944,-0.602,0.386,390.6,-0.4611,2115
crypto,FILUSDT,5m,gate,"ema|fast50,slow200|g:ltf|reversal|ls",ema,ls,reversal,ltf,-0.826,-1.443,-0.6983,0.371,459.0,-0.6005,2115
crypto,FILUSDT,5m,gate,"ema|fast50,slow200|g:vol|reversal|ls",ema,ls,reversal,vol,-0.948,-1.619,-0.737,0.357,449.9,-0.6477,2115
crypto,FILUSDT,5m,headline,blend|long_only,blend,long_only,-,-,-2.676,-7.245,-0.5787,0.171,234.1,-0.5736,2115
crypto,FILUSDT,5m,headline,blend|asym,blend,asym,-,-,-2.964,-7.634,-0.6428,0.143,308.8,-0.6368,2115
crypto,ARBUSDT,1d,entry,"ema|fast20,slow100|reversal|ls",ema,ls,reversal,-,0.839,1.16,-0.136,0.512,1.3,0.4596,1227
crypto,ARBUSDT,1d,entry,"ema|fast50,slow200|reversal|ls",ema,ls,reversal,-,-0.028,-0.035,-0.3138,0.439,1.1,-0.0492,1227
crypto,ARBUSDT,1d,entry,"ema|fast100,slow300|reversal|ls",ema,ls,reversal,-,0.089,0.11,-0.3084,0.463,0.7,0.0075,1227
crypto,ARBUSDT,1d,entry,"sma|fast50,slow200|reversal|ls",sma,ls,reversal,-,-0.334,-0.406,-0.3378,0.366,1.0,-0.1767,1227
crypto,ARBUSDT,1d,entry,tsmom|lookback30|reversal|ls,tsmom,ls,reversal,-,1.101,1.71,-0.1057,0.561,9.6,0.6604,1227
crypto,ARBUSDT,1d,entry,tsmom|lookback90|reversal|ls,tsmom,ls,reversal,-,0.387,0.521,-0.2118,0.439,3.7,0.1679,1227
crypto,ARBUSDT,1d,entry,"macd|fast12,slow26|reversal|ls",macd,ls,reversal,-,-0.121,-0.176,-0.2554,0.366,8.0,-0.0914,1227
crypto,ARBUSDT,1d,entry,donchian|lookback55|reversal|ls,donchian,ls,reversal,-,-0.386,-0.501,-0.3527,0.366,1.7,-0.2015,1227
crypto,ARBUSDT,1d,entry,blend|ls,blend,ls,-,-,0.408,0.492,-0.1024,0.463,1.3,0.1065,1227
crypto,ARBUSDT,1d,entry,strength|ls,strength,ls,-,-,0.284,0.369,-0.1364,0.439,3.5,0.0795,1227
crypto,ARBUSDT,1d,direction,"ema|fast50,slow200|reversal|long_only",ema,long_only,reversal,-,-0.52,-0.308,-0.2194,0.098,0.4,-0.1216,1227
crypto,ARBUSDT,1d,direction,"ema|fast50,slow200|reversal|short_only",ema,short_only,reversal,-,0.247,0.266,-0.2065,0.39,0.7,0.0825,1227
crypto,ARBUSDT,1d,direction,"ema|fast50,slow200|reversal|asym",ema,asym,reversal,-,-0.333,-0.371,-0.2339,0.439,0.6,-0.0951,1227
crypto,ARBUSDT,1d,exit,"ema|fast50,slow200|atr_trailing|ls",ema,ls,atr_trailing,-,0.25,0.321,-0.239,0.512,3.1,0.0907,1227
crypto,ARBUSDT,1d,exit,"ema|fast50,slow200|channel|ls",ema,ls,channel,-,0.148,0.182,-0.2502,0.463,4.5,0.0373,1227
crypto,ARBUSDT,1d,gate,"ema|fast50,slow200|g:adx|reversal|ls",ema,ls,reversal,adx,-0.348,-0.412,-0.3967,0.366,1.0,-0.1884,1227
crypto,ARBUSDT,1d,gate,"ema|fast50,slow200|g:ltf|reversal|ls",ema,ls,reversal,ltf,-0.028,-0.035,-0.3138,0.439,1.1,-0.0492,1227
crypto,ARBUSDT,1d,gate,"ema|fast50,slow200|g:vol|reversal|ls",ema,ls,reversal,vol,-0.451,-0.387,-0.3345,0.195,0.6,-0.1682,1227
crypto,ARBUSDT,1d,headline,blend|long_only,blend,long_only,-,-,-0.132,-0.09,-0.0562,0.098,0.3,-0.0121,1227
crypto,ARBUSDT,1d,headline,blend|asym,blend,asym,-,-,0.225,0.281,-0.0515,0.463,0.6,0.0243,1227
crypto,ARBUSDT,4h,entry,"ema|fast20,slow100|reversal|ls",ema,ls,reversal,-,0.59,0.992,-0.1556,0.561,13.0,0.3246,1227
crypto,ARBUSDT,4h,entry,"ema|fast50,slow200|reversal|ls",ema,ls,reversal,-,0.418,0.674,-0.2164,0.585,7.4,0.2043,1227
crypto,ARBUSDT,4h,entry,"ema|fast100,slow300|reversal|ls",ema,ls,reversal,-,0.4,0.596,-0.2445,0.561,5.5,0.1925,1227
crypto,ARBUSDT,4h,entry,"sma|fast50,slow200|reversal|ls",sma,ls,reversal,-,0.167,0.275,-0.2111,0.537,8.1,0.0485,1227
crypto,ARBUSDT,4h,entry,tsmom|lookback30|reversal|ls,tsmom,ls,reversal,-,0.25,0.432,-0.2367,0.561,58.7,0.0969,1227
crypto,ARBUSDT,4h,entry,tsmom|lookback90|reversal|ls,tsmom,ls,reversal,-,0.45,0.747,-0.1737,0.561,32.9,0.2184,1227
crypto,ARBUSDT,4h,entry,"macd|fast12,slow26|reversal|ls",macd,ls,reversal,-,0.562,0.94,-0.1516,0.561,63.2,0.3008,1227
crypto,ARBUSDT,4h,entry,donchian|lookback55|reversal|ls,donchian,ls,reversal,-,0.427,0.745,-0.2716,0.634,10.6,0.2052,1227
crypto,ARBUSDT,4h,entry,blend|ls,blend,ls,-,-,0.516,0.816,-0.0838,0.512,9.1,0.1465,1227
crypto,ARBUSDT,4h,entry,strength|ls,strength,ls,-,-,0.371,0.603,-0.1358,0.585,28.1,0.1175,1227
crypto,ARBUSDT,4h,direction,"ema|fast50,slow200|reversal|long_only",ema,long_only,reversal,-,-0.215,-0.231,-0.1654,0.22,3.0,-0.0805,1227
crypto,ARBUSDT,4h,direction,"ema|fast50,slow200|reversal|short_only",ema,short_only,reversal,-,0.667,0.82,-0.1606,0.488,4.3,0.3107,1227
crypto,ARBUSDT,4h,direction,"ema|fast50,slow200|reversal|asym",ema,asym,reversal,-,0.06,0.088,-0.1324,0.561,4.3,0.003,1227
crypto,ARBUSDT,4h,exit,"ema|fast50,slow200|atr_trailing|ls",ema,ls,atr_trailing,-,0.448,0.72,-0.1332,0.634,21.8,0.2214,1227
crypto,ARBUSDT,4h,exit,"ema|fast50,slow200|channel|ls",ema,ls,channel,-,0.2,0.32,-0.2146,0.561,29.2,0.0672,1227
crypto,ARBUSDT,4h,gate,"ema|fast50,slow200|g:adx|reversal|ls",ema,ls,reversal,adx,0.082,0.129,-0.23,0.512,7.5,0.0003,1227
crypto,ARBUSDT,4h,gate,"ema|fast50,slow200|g:ltf|reversal|ls",ema,ls,reversal,ltf,0.418,0.674,-0.2164,0.585,7.4,0.2043,1227
crypto,ARBUSDT,4h,gate,"ema|fast50,slow200|g:vol|reversal|ls",ema,ls,reversal,vol,0.45,0.707,-0.2256,0.537,6.8,0.2189,1227
crypto,ARBUSDT,4h,headline,blend|long_only,blend,long_only,-,-,-0.142,-0.143,-0.0559,0.293,2.9,-0.0231,1227
crypto,ARBUSDT,4h,headline,blend|asym,blend,asym,-,-,0.189,0.281,-0.0564,0.463,4.8,0.0271,1227
crypto,ARBUSDT,1h,entry,"ema|fast20,slow100|reversal|ls",ema,ls,reversal,-,0.874,1.547,-0.152,0.659,57.1,0.5542,1227
crypto,ARBUSDT,1h,entry,"ema|fast50,slow200|reversal|ls",ema,ls,reversal,-,0.431,0.74,-0.1753,0.537,36.7,0.219,1227
crypto,ARBUSDT,1h,entry,"ema|fast100,slow300|reversal|ls",ema,ls,reversal,-,0.489,0.793,-0.1527,0.537,25.9,0.2577,1227
crypto,ARBUSDT,1h,entry,"sma|fast50,slow200|reversal|ls",sma,ls,reversal,-,0.835,1.486,-0.1275,0.683,33.0,0.5263,1227
crypto,ARBUSDT,1h,entry,tsmom|lookback30|reversal|ls,tsmom,ls,reversal,-,-0.938,-1.639,-0.4856,0.366,295.6,-0.4397,1227
crypto,ARBUSDT,1h,entry,tsmom|lookback90|reversal|ls,tsmom,ls,reversal,-,0.207,0.352,-0.2548,0.537,166.0,0.0725,1227
crypto,ARBUSDT,1h,entry,"macd|fast12,slow26|reversal|ls",macd,ls,reversal,-,-1.294,-1.977,-0.6099,0.317,276.7,-0.5476,1227
crypto,ARBUSDT,1h,entry,donchian|lookback55|reversal|ls,donchian,ls,reversal,-,0.544,0.994,-0.1953,0.683,43.0,0.2934,1227
crypto,ARBUSDT,1h,entry,blend|ls,blend,ls,-,-,0.755,1.844,-0.0802,0.659,37.7,0.2302,1227
crypto,ARBUSDT,1h,entry,strength|ls,strength,ls,-,-,0.155,0.343,-0.135,0.512,126.3,0.0382,1227
crypto,ARBUSDT,1h,direction,"ema|fast50,slow200|reversal|long_only",ema,long_only,reversal,-,-0.276,-0.353,-0.2235,0.39,16.5,-0.1119,1227
crypto,ARBUSDT,1h,direction,"ema|fast50,slow200|reversal|short_only",ema,short_only,reversal,-,0.793,1.091,-0.1025,0.488,20.2,0.3785,1227
crypto,ARBUSDT,1h,direction,"ema|fast50,slow200|reversal|asym",ema,asym,reversal,-,0.012,0.018,-0.1809,0.439,22.5,-0.0173,1227
crypto,ARBUSDT,1h,exit,"ema|fast50,slow200|atr_trailing|ls",ema,ls,atr_trailing,-,0.249,0.428,-0.2859,0.561,97.4,0.0986,1227
crypto,ARBUSDT,1h,exit,"ema|fast50,slow200|channel|ls",ema,ls,channel,-,-0.093,-0.163,-0.2978,0.537,121.7,-0.0943,1227
crypto,ARBUSDT,1h,gate,"ema|fast50,slow200|g:adx|reversal|ls",ema,ls,reversal,adx,0.467,0.792,-0.2027,0.537,32.6,0.2458,1227
crypto,ARBUSDT,1h,gate,"ema|fast50,slow200|g:ltf|reversal|ls",ema,ls,reversal,ltf,0.431,0.74,-0.1753,0.537,36.7,0.219,1227
crypto,ARBUSDT,1h,gate,"ema|fast50,slow200|g:vol|reversal|ls",ema,ls,reversal,vol,0.483,0.831,-0.1695,0.537,35.4,0.2517,1227
crypto,ARBUSDT,1h,headline,blend|long_only,blend,long_only,-,-,0.013,0.021,-0.0906,0.415,14.7,-0.0025,1227
crypto,ARBUSDT,1h,headline,blend|asym,blend,asym,-,-,0.353,0.746,-0.0825,0.512,21.6,0.0644,1227
crypto,ARBUSDT,15m,entry,"ema|fast20,slow100|reversal|ls",ema,ls,reversal,-,-0.532,-0.887,-0.3904,0.439,255.0,-0.3019,1227
crypto,ARBUSDT,15m,entry,"ema|fast50,slow200|reversal|ls",ema,ls,reversal,-,-0.103,-0.173,-0.2409,0.439,148.2,-0.1007,1227
crypto,ARBUSDT,15m,entry,"ema|fast100,slow300|reversal|ls",ema,ls,reversal,-,0.459,0.793,-0.1931,0.585,107.3,0.2346,1227
crypto,ARBUSDT,15m,entry,"sma|fast50,slow200|reversal|ls",sma,ls,reversal,-,0.689,1.234,-0.1366,0.561,146.5,0.3962,1227
crypto,ARBUSDT,15m,entry,tsmom|lookback30|reversal|ls,tsmom,ls,reversal,-,-5.602,-8.954,-0.9674,0.122,1279.6,-0.9668,1227
crypto,ARBUSDT,15m,entry,tsmom|lookback90|reversal|ls,tsmom,ls,reversal,-,-2.627,-4.303,-0.8235,0.171,748.8,-0.8064,1227
crypto,ARBUSDT,15m,entry,"macd|fast12,slow26|reversal|ls",macd,ls,reversal,-,-5.759,-8.742,-0.9663,0.049,1188.3,-0.9659,1227
crypto,ARBUSDT,15m,entry,donchian|lookback55|reversal|ls,donchian,ls,reversal,-,-1.0,-1.507,-0.4937,0.415,188.8,-0.4755,1227
crypto,ARBUSDT,15m,entry,blend|ls,blend,ls,-,-,-0.547,-1.51,-0.1893,0.488,160.4,-0.1555,1227
crypto,ARBUSDT,15m,entry,strength|ls,strength,ls,-,-,-2.749,-6.406,-0.6695,0.244,548.0,-0.6473,1227
crypto,ARBUSDT,15m,direction,"ema|fast50,slow200|reversal|long_only",ema,long_only,reversal,-,-0.742,-1.31,-0.2798,0.341,69.7,-0.2521,1227
crypto,ARBUSDT,15m,direction,"ema|fast50,slow200|reversal|short_only",ema,short_only,reversal,-,0.532,0.936,-0.1506,0.61,78.5,0.2243,1227
crypto,ARBUSDT,15m,direction,"ema|fast50,slow200|reversal|asym",ema,asym,reversal,-,-0.528,-0.866,-0.2385,0.463,93.3,-0.2033,1227
crypto,ARBUSDT,15m,exit,"ema|fast50,slow200|atr_trailing|ls",ema,ls,atr_trailing,-,-1.501,-2.474,-0.6113,0.317,428.8,-0.5994,1227
crypto,ARBUSDT,15m,exit,"ema|fast50,slow200|channel|ls",ema,ls,channel,-,-2.202,-3.725,-0.7426,0.293,549.3,-0.7364,1227
crypto,ARBUSDT,15m,gate,"ema|fast50,slow200|g:adx|reversal|ls",ema,ls,reversal,adx,-0.0,-0.001,-0.2306,0.512,131.0,-0.0466,1227
crypto,ARBUSDT,15m,gate,"ema|fast50,slow200|g:ltf|reversal|ls",ema,ls,reversal,ltf,-0.103,-0.173,-0.2409,0.439,148.2,-0.1007,1227
crypto,ARBUSDT,15m,gate,"ema|fast50,slow200|g:vol|reversal|ls",ema,ls,reversal,vol,-0.27,-0.446,-0.2631,0.439,145.9,-0.1835,1227
crypto,ARBUSDT,15m,headline,blend|long_only,blend,long_only,-,-,-0.916,-2.15,-0.1825,0.317,71.6,-0.158,1227
crypto,ARBUSDT,15m,headline,blend|asym,blend,asym,-,-,-0.837,-2.079,-0.1801,0.341,98.2,-0.1549,1227
crypto,ARBUSDT,5m,entry,"ema|fast20,slow100|reversal|ls",ema,ls,reversal,-,-3.065,-4.792,-0.8446,0.22,818.0,-0.8337,1227
crypto,ARBUSDT,5m,entry,"ema|fast50,slow200|reversal|ls",ema,ls,reversal,-,-1.402,-2.282,-0.6211,0.366,456.7,-0.5752,1227
crypto,ARBUSDT,5m,entry,"ema|fast100,slow300|reversal|ls",ema,ls,reversal,-,-0.63,-1.06,-0.4064,0.463,335.8,-0.3313,1227
crypto,ARBUSDT,5m,entry,"sma|fast50,slow200|reversal|ls",sma,ls,reversal,-,-1.687,-2.792,-0.6718,0.22,471.6,-0.6406,1227
crypto,ARBUSDT,5m,entry,tsmom|lookback30|reversal|ls,tsmom,ls,reversal,-,-14.628,-19.201,-0.9999,0.0,3851.8,-0.9999,1227
crypto,ARBUSDT,5m,entry,tsmom|lookback90|reversal|ls,tsmom,ls,reversal,-,-9.591,-13.52,-0.998,0.024,2411.9,-0.998,1227
crypto,ARBUSDT,5m,entry,"macd|fast12,slow26|reversal|ls",macd,ls,reversal,-,-14.992,-19.062,-0.9999,0.0,3712.8,-0.9999,1227
crypto,ARBUSDT,5m,entry,donchian|lookback55|reversal|ls,donchian,ls,reversal,-,-2.96,-4.472,-0.8237,0.244,603.5,-0.8177,1227
crypto,ARBUSDT,5m,entry,blend|ls,blend,ls,-,-,-3.371,-8.193,-0.6151,0.195,504.2,-0.6029,1227
crypto,ARBUSDT,5m,entry,strength|ls,strength,ls,-,-,-10.696,-18.53,-0.9805,0.0,1753.4,-0.9804,1227
crypto,ARBUSDT,5m,direction,"ema|fast50,slow200|reversal|long_only",ema,long_only,reversal,-,-1.717,-3.625,-0.5197,0.244,221.9,-0.4909,1227
crypto,ARBUSDT,5m,direction,"ema|fast50,slow200|reversal|short_only",ema,short_only,reversal,-,-0.24,-0.494,-0.2052,0.463,234.8,-0.1168,1227
crypto,ARBUSDT,5m,direction,"ema|fast50,slow200|reversal|asym",ema,asym,reversal,-,-1.708,-3.048,-0.5446,0.317,292.3,-0.5122,1227
crypto,ARBUSDT,5m,exit,"ema|fast50,slow200|atr_trailing|ls",ema,ls,atr_trailing,-,-6.023,-9.75,-0.974,0.098,1423.8,-0.9731,1227
crypto,ARBUSDT,5m,exit,"ema|fast50,slow200|channel|ls",ema,ls,channel,-,-7.205,-11.316,-0.9882,0.024,1786.5,-0.9879,1227
crypto,ARBUSDT,5m,gate,"ema|fast50,slow200|g:adx|reversal|ls",ema,ls,reversal,adx,-1.398,-2.288,-0.6281,0.366,399.9,-0.5778,1227
crypto,ARBUSDT,5m,gate,"ema|fast50,slow200|g:ltf|reversal|ls",ema,ls,reversal,ltf,-1.402,-2.282,-0.6211,0.366,456.7,-0.5752,1227
crypto,ARBUSDT,5m,gate,"ema|fast50,slow200|g:vol|reversal|ls",ema,ls,reversal,vol,-1.454,-2.305,-0.6388,0.39,447.3,-0.5924,1227
crypto,ARBUSDT,5m,headline,blend|long_only,blend,long_only,-,-,-2.78,-7.232,-0.4256,0.22,237.8,-0.403,1227
crypto,ARBUSDT,5m,headline,blend|asym,blend,asym,-,-,-3.23,-8.047,-0.4874,0.195,317.7,-0.469,1227
crypto,APTUSDT,1d,entry,"ema|fast20,slow100|reversal|ls",ema,ls,reversal,-,0.614,0.815,-0.1385,0.543,1.1,0.3419,1382
crypto,APTUSDT,1d,entry,"ema|fast50,slow200|reversal|ls",ema,ls,reversal,-,0.263,0.364,-0.1969,0.478,0.9,0.1096,1382
crypto,APTUSDT,1d,entry,"ema|fast100,slow300|reversal|ls",ema,ls,reversal,-,-0.204,-0.268,-0.3584,0.435,0.9,-0.1389,1382
crypto,APTUSDT,1d,entry,"sma|fast50,slow200|reversal|ls",sma,ls,reversal,-,0.431,0.576,-0.2203,0.478,0.9,0.2127,1382
crypto,APTUSDT,1d,entry,tsmom|lookback30|reversal|ls,tsmom,ls,reversal,-,-0.093,-0.131,-0.2384,0.391,11.0,-0.0857,1382
crypto,APTUSDT,1d,entry,tsmom|lookback90|reversal|ls,tsmom,ls,reversal,-,0.167,0.22,-0.2352,0.5,4.4,0.053,1382
crypto,APTUSDT,1d,entry,"macd|fast12,slow26|reversal|ls",macd,ls,reversal,-,-0.502,-0.703,-0.4324,0.413,8.5,-0.2674,1382
crypto,APTUSDT,1d,entry,donchian|lookback55|reversal|ls,donchian,ls,reversal,-,0.13,0.175,-0.2022,0.5,1.3,0.0322,1382
crypto,APTUSDT,1d,entry,blend|ls,blend,ls,-,-,0.134,0.153,-0.1342,0.413,1.3,0.0288,1382
crypto,APTUSDT,1d,entry,strength|ls,strength,ls,-,-,0.19,0.241,-0.1252,0.413,3.4,0.0537,1382
crypto,APTUSDT,1d,direction,"ema|fast50,slow200|reversal|long_only",ema,long_only,reversal,-,-0.165,-0.146,-0.1258,0.109,0.3,-0.0566,1382
crypto,APTUSDT,1d,direction,"ema|fast50,slow200|reversal|short_only",ema,short_only,reversal,-,0.413,0.453,-0.2,0.413,0.6,0.1762,1382
crypto,APTUSDT,1d,direction,"ema|fast50,slow200|reversal|asym",ema,asym,reversal,-,0.03,0.04,-0.1387,0.5,0.5,-0.0037,1382
crypto,APTUSDT,1d,exit,"ema|fast50,slow200|atr_trailing|ls",ema,ls,atr_trailing,-,-0.475,-0.619,-0.4418,0.413,3.2,-0.2552,1382
crypto,APTUSDT,1d,exit,"ema|fast50,slow200|channel|ls",ema,ls,channel,-,0.01,0.014,-0.2771,0.435,3.3,-0.0319,1382
crypto,APTUSDT,1d,gate,"ema|fast50,slow200|g:adx|reversal|ls",ema,ls,reversal,adx,-0.061,-0.079,-0.3065,0.457,0.9,-0.0693,1382
crypto,APTUSDT,1d,gate,"ema|fast50,slow200|g:ltf|reversal|ls",ema,ls,reversal,ltf,0.263,0.364,-0.1969,0.478,0.9,0.1096,1382
crypto,APTUSDT,1d,gate,"ema|fast50,slow200|g:vol|reversal|ls",ema,ls,reversal,vol,0.516,0.553,-0.1706,0.348,0.5,0.219,1382
crypto,APTUSDT,1d,headline,blend|long_only,blend,long_only,-,-,-0.121,-0.086,-0.0548,0.109,0.3,-0.0159,1382
crypto,APTUSDT,1d,headline,blend|asym,blend,asym,-,-,0.015,0.018,-0.0768,0.413,0.6,-0.0006,1382
crypto,APTUSDT,4h,entry,"ema|fast20,slow100|reversal|ls",ema,ls,reversal,-,-0.263,-0.366,-0.3752,0.413,15.1,-0.1939,1382
crypto,APTUSDT,4h,entry,"ema|fast50,slow200|reversal|ls",ema,ls,reversal,-,0.139,0.188,-0.3584,0.478,8.2,0.036,1382
crypto,APTUSDT,4h,entry,"ema|fast100,slow300|reversal|ls",ema,ls,reversal,-,0.069,0.091,-0.2484,0.5,5.2,-0.0075,1382
crypto,APTUSDT,4h,entry,"sma|fast50,slow200|reversal|ls",sma,ls,reversal,-,-0.729,-0.956,-0.4882,0.413,9.1,-0.3873,1382
crypto,APTUSDT,4h,entry,tsmom|lookback30|reversal|ls,tsmom,ls,reversal,-,0.425,0.678,-0.2439,0.543,65.0,0.2294,1382
crypto,APTUSDT,4h,entry,tsmom|lookback90|reversal|ls,tsmom,ls,reversal,-,-0.091,-0.127,-0.3139,0.457,39.6,-0.1026,1382
crypto,APTUSDT,4h,entry,"macd|fast12,slow26|reversal|ls",macd,ls,reversal,-,0.234,0.382,-0.3077,0.5,62.2,0.0984,1382
crypto,APTUSDT,4h,entry,donchian|lookback55|reversal|ls,donchian,ls,reversal,-,-0.133,-0.185,-0.4092,0.565,10.3,-0.1275,1382
crypto,APTUSDT,4h,entry,blend|ls,blend,ls,-,-,0.06,0.08,-0.1638,0.435,8.9,0.0059,1382
crypto,APTUSDT,4h,entry,strength|ls,strength,ls,-,-,-0.255,-0.358,-0.2982,0.413,29.1,-0.1116,1382
crypto,APTUSDT,4h,direction,"ema|fast50,slow200|reversal|long_only",ema,long_only,reversal,-,-0.151,-0.133,-0.2396,0.239,3.4,-0.0659,1382
crypto,APTUSDT,4h,direction,"ema|fast50,slow200|reversal|short_only",ema,short_only,reversal,-,0.273,0.294,-0.2056,0.457,4.8,0.1103,1382
crypto,APTUSDT,4h,direction,"ema|fast50,slow200|reversal|asym",ema,asym,reversal,-,-0.03,-0.038,-0.2465,0.5,4.8,-0.0296,1382
crypto,APTUSDT,4h,exit,"ema|fast50,slow200|atr_trailing|ls",ema,ls,atr_trailing,-,-0.099,-0.131,-0.3664,0.522,21.5,-0.1044,1382
crypto,APTUSDT,4h,exit,"ema|fast50,slow200|channel|ls",ema,ls,channel,-,-0.014,-0.019,-0.3411,0.478,28.1,-0.0565,1382
crypto,APTUSDT,4h,gate,"ema|fast50,slow200|g:adx|reversal|ls",ema,ls,reversal,adx,0.059,0.08,-0.3267,0.478,7.2,-0.0139,1382
crypto,APTUSDT,4h,gate,"ema|fast50,slow200|g:ltf|reversal|ls",ema,ls,reversal,ltf,0.139,0.188,-0.3584,0.478,8.2,0.036,1382
crypto,APTUSDT,4h,gate,"ema|fast50,slow200|g:vol|reversal|ls",ema,ls,reversal,vol,-0.093,-0.125,-0.3627,0.413,7.8,-0.0932,1382
crypto,APTUSDT,4h,headline,blend|long_only,blend,long_only,-,-,-0.011,-0.01,-0.0902,0.196,2.9,-0.0049,1382
crypto,APTUSDT,4h,headline,blend|asym,blend,asym,-,-,0.026,0.036,-0.1028,0.37,4.7,0.0005,1382
crypto,APTUSDT,1h,entry,"ema|fast20,slow100|reversal|ls",ema,ls,reversal,-,0.152,0.218,-0.2295,0.478,58.1,0.0442,1382
crypto,APTUSDT,1h,entry,"ema|fast50,slow200|reversal|ls",ema,ls,reversal,-,0.196,0.306,-0.2853,0.543,32.6,0.074,1382
crypto,APTUSDT,1h,entry,"ema|fast100,slow300|reversal|ls",ema,ls,reversal,-,-0.259,-0.367,-0.39,0.478,25.1,-0.1945,1382
crypto,APTUSDT,1h,entry,"sma|fast50,slow200|reversal|ls",sma,ls,reversal,-,0.032,0.05,-0.3435,0.478,34.3,-0.0319,1382
crypto,APTUSDT,1h,entry,tsmom|lookback30|reversal|ls,tsmom,ls,reversal,-,-1.272,-2.185,-0.6284,0.326,292.6,-0.582,1382
crypto,APTUSDT,1h,entry,tsmom|lookback90|reversal|ls,tsmom,ls,reversal,-,-0.337,-0.557,-0.4289,0.413,177.3,-0.2306,1382
crypto,APTUSDT,1h,entry,"macd|fast12,slow26|reversal|ls",macd,ls,reversal,-,-0.786,-1.252,-0.5422,0.37,268.3,-0.4256,1382
crypto,APTUSDT,1h,entry,donchian|lookback55|reversal|ls,donchian,ls,reversal,-,0.133,0.185,-0.2703,0.5,42.7,0.0311,1382
crypto,APTUSDT,1h,entry,blend|ls,blend,ls,-,-,0.317,0.684,-0.1045,0.522,37.0,0.0897,1382
crypto,APTUSDT,1h,entry,strength|ls,strength,ls,-,-,-0.088,-0.186,-0.2415,0.37,123.2,-0.0532,1382
crypto,APTUSDT,1h,direction,"ema|fast50,slow200|reversal|long_only",ema,long_only,reversal,-,-0.241,-0.293,-0.2601,0.283,15.0,-0.1111,1382
crypto,APTUSDT,1h,direction,"ema|fast50,slow200|reversal|short_only",ema,short_only,reversal,-,0.466,0.552,-0.1703,0.478,17.6,0.2137,1382
crypto,APTUSDT,1h,direction,"ema|fast50,slow200|reversal|asym",ema,asym,reversal,-,-0.071,-0.105,-0.2504,0.435,20.3,-0.0526,1382
crypto,APTUSDT,1h,exit,"ema|fast50,slow200|atr_trailing|ls",ema,ls,atr_trailing,-,-0.124,-0.187,-0.3779,0.435,95.0,-0.12,1382
crypto,APTUSDT,1h,exit,"ema|fast50,slow200|channel|ls",ema,ls,channel,-,-0.113,-0.169,-0.335,0.478,119.8,-0.1166,1382
crypto,APTUSDT,1h,gate,"ema|fast50,slow200|g:adx|reversal|ls",ema,ls,reversal,adx,0.208,0.321,-0.3185,0.565,29.9,0.0813,1382
crypto,APTUSDT,1h,gate,"ema|fast50,slow200|g:ltf|reversal|ls",ema,ls,reversal,ltf,0.196,0.306,-0.2853,0.543,32.6,0.074,1382
crypto,APTUSDT,1h,gate,"ema|fast50,slow200|g:vol|reversal|ls",ema,ls,reversal,vol,0.116,0.178,-0.2912,0.543,32.3,0.0214,1382
crypto,APTUSDT,1h,headline,blend|long_only,blend,long_only,-,-,-0.379,-0.588,-0.1615,0.239,15.6,-0.077,1382
crypto,APTUSDT,1h,headline,blend|asym,blend,asym,-,-,-0.106,-0.206,-0.1336,0.348,22.0,-0.0278,1382
crypto,APTUSDT,15m,entry,"ema|fast20,slow100|reversal|ls",ema,ls,reversal,-,-1.107,-1.846,-0.6509,0.326,255.5,-0.55,1382
crypto,APTUSDT,15m,entry,"ema|fast50,slow200|reversal|ls",ema,ls,reversal,-,-0.17,-0.282,-0.3075,0.478,143.4,-0.1538,1382
crypto,APTUSDT,15m,entry,"ema|fast100,slow300|reversal|ls",ema,ls,reversal,-,0.806,1.421,-0.1894,0.5,99.9,0.5671,1382
crypto,APTUSDT,15m,entry,"sma|fast50,slow200|reversal|ls",sma,ls,reversal,-,0.234,0.397,-0.1803,0.587,142.4,0.1002,1382
crypto,APTUSDT,15m,entry,tsmom|lookback30|reversal|ls,tsmom,ls,reversal,-,-5.915,-9.116,-0.9852,0.043,1284.6,-0.985,1382
crypto,APTUSDT,15m,entry,tsmom|lookback90|reversal|ls,tsmom,ls,reversal,-,-3.27,-5.161,-0.9191,0.196,753.3,-0.9089,1382
crypto,APTUSDT,15m,entry,"macd|fast12,slow26|reversal|ls",macd,ls,reversal,-,-5.548,-7.933,-0.9777,0.087,1154.4,-0.9773,1382
crypto,APTUSDT,15m,entry,donchian|lookback55|reversal|ls,donchian,ls,reversal,-,-1.008,-1.645,-0.593,0.348,184.6,-0.5194,1382
crypto,APTUSDT,15m,entry,blend|ls,blend,ls,-,-,-0.677,-1.916,-0.267,0.37,153.6,-0.2004,1382
crypto,APTUSDT,15m,entry,strength|ls,strength,ls,-,-,-2.79,-6.488,-0.7389,0.239,528.1,-0.7005,1382
crypto,APTUSDT,15m,direction,"ema|fast50,slow200|reversal|long_only",ema,long_only,reversal,-,-0.394,-0.689,-0.2821,0.37,68.6,-0.1846,1382
crypto,APTUSDT,15m,direction,"ema|fast50,slow200|reversal|short_only",ema,short_only,reversal,-,0.189,0.331,-0.1545,0.5,74.8,0.0607,1382
crypto,APTUSDT,15m,direction,"ema|fast50,slow200|reversal|asym",ema,asym,reversal,-,-0.326,-0.544,-0.2789,0.37,91.0,-0.1685,1382
crypto,APTUSDT,15m,exit,"ema|fast50,slow200|atr_trailing|ls",ema,ls,atr_trailing,-,-1.007,-1.707,-0.5654,0.391,404.5,-0.5023,1382
crypto,APTUSDT,15m,exit,"ema|fast50,slow200|channel|ls",ema,ls,channel,-,-1.861,-2.987,-0.7653,0.304,521.4,-0.7276,1382
crypto,APTUSDT,15m,gate,"ema|fast50,slow200|g:adx|reversal|ls",ema,ls,reversal,adx,0.154,0.265,-0.2131,0.5,121.3,0.0458,1382
crypto,APTUSDT,15m,gate,"ema|fast50,slow200|g:ltf|reversal|ls",ema,ls,reversal,ltf,-0.17,-0.282,-0.3075,0.478,143.4,-0.1538,1382
crypto,APTUSDT,15m,gate,"ema|fast50,slow200|g:vol|reversal|ls",ema,ls,reversal,vol,-0.171,-0.284,-0.3269,0.457,141.0,-0.1524,1382
crypto,APTUSDT,15m,headline,blend|long_only,blend,long_only,-,-,-0.655,-1.752,-0.1835,0.37,69.4,-0.1343,1382
crypto,APTUSDT,15m,headline,blend|asym,blend,asym,-,-,-0.71,-1.956,-0.2047,0.348,94.7,-0.1521,1382
crypto,APTUSDT,5m,entry,"ema|fast20,slow100|reversal|ls",ema,ls,reversal,-,-3.201,-5.174,-0.894,0.13,788.4,-0.8907,1382
crypto,APTUSDT,5m,entry,"ema|fast50,slow200|reversal|ls",ema,ls,reversal,-,-1.696,-2.825,-0.7035,0.261,447.6,-0.6927,1382
crypto,APTUSDT,5m,entry,"ema|fast100,slow300|reversal|ls",ema,ls,reversal,-,-1.242,-2.127,-0.6331,0.37,326.1,-0.5818,1382
crypto,APTUSDT,5m,entry,"sma|fast50,slow200|reversal|ls",sma,ls,reversal,-,-1.589,-2.67,-0.6737,0.326,447.8,-0.6607,1382
crypto,APTUSDT,5m,entry,tsmom|lookback30|reversal|ls,tsmom,ls,reversal,-,-14.545,-18.93,-1.0,0.0,3880.6,-1.0,1382
crypto,APTUSDT,5m,entry,tsmom|lookback90|reversal|ls,tsmom,ls,reversal,-,-9.72,-13.859,-0.9995,0.0,2430.7,-0.9995,1382
crypto,APTUSDT,5m,entry,"macd|fast12,slow26|reversal|ls",macd,ls,reversal,-,-15.124,-19.339,-1.0,0.0,3607.5,-1.0,1382
crypto,APTUSDT,5m,entry,donchian|lookback55|reversal|ls,donchian,ls,reversal,-,-3.027,-4.982,-0.8785,0.152,587.0,-0.8743,1382
crypto,APTUSDT,5m,entry,blend|ls,blend,ls,-,-,-3.577,-8.587,-0.6829,0.13,488.3,-0.6805,1382
crypto,APTUSDT,5m,entry,strength|ls,strength,ls,-,-,-10.286,-18.664,-0.988,0.0,1688.7,-0.9879,1382
crypto,APTUSDT,5m,direction,"ema|fast50,slow200|reversal|long_only",ema,long_only,reversal,-,-1.589,-3.453,-0.5376,0.261,217.9,-0.5286,1382
crypto,APTUSDT,5m,direction,"ema|fast50,slow200|reversal|short_only",ema,short_only,reversal,-,-0.739,-1.536,-0.3507,0.435,229.7,-0.3019,1382
crypto,APTUSDT,5m,direction,"ema|fast50,slow200|reversal|asym",ema,asym,reversal,-,-1.729,-3.219,-0.5889,0.239,286.8,-0.5798,1382
crypto,APTUSDT,5m,exit,"ema|fast50,slow200|atr_trailing|ls",ema,ls,atr_trailing,-,-5.408,-8.605,-0.9764,0.087,1366.4,-0.9753,1382
crypto,APTUSDT,5m,exit,"ema|fast50,slow200|channel|ls",ema,ls,channel,-,-7.403,-11.549,-0.9948,0.0,1752.9,-0.9948,1382
crypto,APTUSDT,5m,gate,"ema|fast50,slow200|g:adx|reversal|ls",ema,ls,reversal,adx,-1.61,-2.644,-0.6976,0.283,387.0,-0.6754,1382
crypto,APTUSDT,5m,gate,"ema|fast50,slow200|g:ltf|reversal|ls",ema,ls,reversal,ltf,-1.696,-2.825,-0.7035,0.261,447.6,-0.6927,1382
crypto,APTUSDT,5m,gate,"ema|fast50,slow200|g:vol|reversal|ls",ema,ls,reversal,vol,-1.641,-2.732,-0.6948,0.283,439.2,-0.6779,1382
crypto,APTUSDT,5m,headline,blend|long_only,blend,long_only,-,-,-2.682,-7.34,-0.4525,0.217,231.0,-0.4461,1382
crypto,APTUSDT,5m,headline,blend|asym,blend,asym,-,-,-3.221,-8.26,-0.5325,0.174,308.2,-0.5276,1382
crypto,INJUSDT,1d,entry,"ema|fast20,slow100|reversal|ls",ema,ls,reversal,-,0.636,1.01,-0.2342,0.5,1.6,0.3922,1445
crypto,INJUSDT,1d,entry,"ema|fast50,slow200|reversal|ls",ema,ls,reversal,-,0.6,0.906,-0.1788,0.562,0.7,0.3633,1445
crypto,INJUSDT,1d,entry,"ema|fast100,slow300|reversal|ls",ema,ls,reversal,-,0.329,0.501,-0.2656,0.521,0.7,0.1618,1445
crypto,INJUSDT,1d,entry,"sma|fast50,slow200|reversal|ls",sma,ls,reversal,-,-0.211,-0.275,-0.3708,0.479,1.1,-0.1488,1445
crypto,INJUSDT,1d,entry,tsmom|lookback30|reversal|ls,tsmom,ls,reversal,-,0.882,1.412,-0.1862,0.479,8.3,0.6097,1445
crypto,INJUSDT,1d,entry,tsmom|lookback90|reversal|ls,tsmom,ls,reversal,-,0.351,0.547,-0.3785,0.542,5.4,0.1771,1445
crypto,INJUSDT,1d,entry,"macd|fast12,slow26|reversal|ls",macd,ls,reversal,-,-0.01,-0.015,-0.4016,0.396,8.0,-0.0486,1445
crypto,INJUSDT,1d,entry,donchian|lookback55|reversal|ls,donchian,ls,reversal,-,0.794,1.297,-0.3041,0.542,1.1,0.5282,1445
crypto,INJUSDT,1d,entry,blend|ls,blend,ls,-,-,0.632,0.838,-0.1359,0.396,1.2,0.1985,1445
crypto,INJUSDT,1d,entry,strength|ls,strength,ls,-,-,0.685,1.01,-0.1377,0.479,3.4,0.2956,1445
crypto,INJUSDT,1d,direction,"ema|fast50,slow200|reversal|long_only",ema,long_only,reversal,-,1.187,1.43,-0.1256,0.292,0.4,0.553,1445
crypto,INJUSDT,1d,direction,"ema|fast50,slow200|reversal|short_only",ema,short_only,reversal,-,-0.237,-0.244,-0.1825,0.333,0.4,-0.122,1445
crypto,INJUSDT,1d,direction,"ema|fast50,slow200|reversal|asym",ema,asym,reversal,-,1.044,1.64,-0.1395,0.583,0.5,0.5013,1445
crypto,INJUSDT,1d,exit,"ema|fast50,slow200|atr_trailing|ls",ema,ls,atr_trailing,-,0.298,0.435,-0.2719,0.521,2.8,0.1396,1445
crypto,INJUSDT,1d,exit,"ema|fast50,slow200|channel|ls",ema,ls,channel,-,0.495,0.733,-0.201,0.542,3.4,0.278,1445
crypto,INJUSDT,1d,gate,"ema|fast50,slow200|g:adx|reversal|ls",ema,ls,reversal,adx,0.302,0.451,-0.2827,0.542,0.7,0.1438,1445
crypto,INJUSDT,1d,gate,"ema|fast50,slow200|g:ltf|reversal|ls",ema,ls,reversal,ltf,0.6,0.906,-0.1788,0.562,0.7,0.3633,1445
crypto,INJUSDT,1d,gate,"ema|fast50,slow200|g:vol|reversal|ls",ema,ls,reversal,vol,-0.154,-0.167,-0.1788,0.312,0.5,-0.0932,1445
crypto,INJUSDT,1d,headline,blend|long_only,blend,long_only,-,-,1.158,1.286,-0.05,0.271,0.5,0.2782,1445
crypto,INJUSDT,1d,headline,blend|asym,blend,asym,-,-,1.032,1.51,-0.0741,0.458,0.7,0.2553,1445
crypto,INJUSDT,4h,entry,"ema|fast20,slow100|reversal|ls",ema,ls,reversal,-,0.56,0.948,-0.2086,0.521,10.6,0.3539,1445
crypto,INJUSDT,4h,entry,"ema|fast50,slow200|reversal|ls",ema,ls,reversal,-,0.366,0.594,-0.2565,0.458,7.4,0.1982,1445
crypto,INJUSDT,4h,entry,"ema|fast100,slow300|reversal|ls",ema,ls,reversal,-,0.591,0.96,-0.2874,0.479,5.2,0.3811,1445
crypto,INJUSDT,4h,entry,"sma|fast50,slow200|reversal|ls",sma,ls,reversal,-,0.889,1.455,-0.2336,0.542,6.2,0.6622,1445
crypto,INJUSDT,4h,entry,tsmom|lookback30|reversal|ls,tsmom,ls,reversal,-,0.214,0.367,-0.3148,0.458,55.1,0.0883,1445
crypto,INJUSDT,4h,entry,tsmom|lookback90|reversal|ls,tsmom,ls,reversal,-,0.464,0.729,-0.2689,0.521,35.0,0.2723,1445
crypto,INJUSDT,4h,entry,"macd|fast12,slow26|reversal|ls",macd,ls,reversal,-,0.196,0.322,-0.2217,0.438,55.2,0.0764,1445
crypto,INJUSDT,4h,entry,donchian|lookback55|reversal|ls,donchian,ls,reversal,-,0.117,0.189,-0.3714,0.438,9.3,0.0241,1445
crypto,INJUSDT,4h,entry,blend|ls,blend,ls,-,-,0.359,0.523,-0.1492,0.417,8.1,0.109,1445
crypto,INJUSDT,4h,entry,strength|ls,strength,ls,-,-,0.273,0.421,-0.2601,0.438,25.7,0.0939,1445
crypto,INJUSDT,4h,direction,"ema|fast50,slow200|reversal|long_only",ema,long_only,reversal,-,0.929,1.141,-0.1682,0.312,3.4,0.461,1445
crypto,INJUSDT,4h,direction,"ema|fast50,slow200|reversal|short_only",ema,short_only,reversal,-,-0.369,-0.407,-0.3012,0.333,4.0,-0.1787,1445
crypto,INJUSDT,4h,direction,"ema|fast50,slow200|reversal|asym",ema,asym,reversal,-,0.773,1.187,-0.1837,0.479,4.6,0.3845,1445
crypto,INJUSDT,4h,exit,"ema|fast50,slow200|atr_trailing|ls",ema,ls,atr_trailing,-,0.217,0.354,-0.3077,0.417,20.9,0.0905,1445
crypto,INJUSDT,4h,exit,"ema|fast50,slow200|channel|ls",ema,ls,channel,-,0.094,0.149,-0.2807,0.438,25.5,0.0091,1445
crypto,INJUSDT,4h,gate,"ema|fast50,slow200|g:adx|reversal|ls",ema,ls,reversal,adx,0.223,0.36,-0.2717,0.417,7.0,0.0953,1445
crypto,INJUSDT,4h,gate,"ema|fast50,slow200|g:ltf|reversal|ls",ema,ls,reversal,ltf,0.366,0.594,-0.2565,0.458,7.4,0.1982,1445
crypto,INJUSDT,4h,gate,"ema|fast50,slow200|g:vol|reversal|ls",ema,ls,reversal,vol,0.395,0.635,-0.2572,0.438,7.0,0.2152,1445
crypto,INJUSDT,4h,headline,blend|long_only,blend,long_only,-,-,1.102,1.512,-0.1001,0.354,3.5,0.2632,1445
crypto,INJUSDT,4h,headline,blend|asym,blend,asym,-,-,0.885,1.515,-0.1101,0.438,4.9,0.2169,1445
crypto,INJUSDT,1h,entry,"ema|fast20,slow100|reversal|ls",ema,ls,reversal,-,0.167,0.27,-0.2012,0.562,48.5,0.0569,1445
crypto,INJUSDT,1h,entry,"ema|fast50,slow200|reversal|ls",ema,ls,reversal,-,0.026,0.044,-0.2797,0.521,31.3,-0.0321,1445
crypto,INJUSDT,1h,entry,"ema|fast100,slow300|reversal|ls",ema,ls,reversal,-,0.511,0.864,-0.1903,0.5,20.5,0.3105,1445
crypto,INJUSDT,1h,entry,"sma|fast50,slow200|reversal|ls",sma,ls,reversal,-,-0.159,-0.27,-0.3386,0.479,29.9,-0.1377,1445
crypto,INJUSDT,1h,entry,tsmom|lookback30|reversal|ls,tsmom,ls,reversal,-,-1.528,-2.401,-0.6525,0.271,245.8,-0.6424,1445
crypto,INJUSDT,1h,entry,tsmom|lookback90|reversal|ls,tsmom,ls,reversal,-,-0.141,-0.235,-0.3311,0.417,137.2,-0.1271,1445
crypto,INJUSDT,1h,entry,"macd|fast12,slow26|reversal|ls",macd,ls,reversal,-,-1.2,-1.82,-0.5679,0.292,234.2,-0.5623,1445
crypto,INJUSDT,1h,entry,donchian|lookback55|reversal|ls,donchian,ls,reversal,-,0.479,0.819,-0.1533,0.583,35.7,0.2801,1445
crypto,INJUSDT,1h,entry,blend|ls,blend,ls,-,-,0.268,0.522,-0.0937,0.417,32.2,0.0728,1445
crypto,INJUSDT,1h,entry,strength|ls,strength,ls,-,-,-0.354,-0.689,-0.2206,0.458,105.7,-0.1487,1445
crypto,INJUSDT,1h,direction,"ema|fast50,slow200|reversal|long_only",ema,long_only,reversal,-,0.588,0.815,-0.2348,0.5,14.9,0.2489,1445
crypto,INJUSDT,1h,direction,"ema|fast50,slow200|reversal|short_only",ema,short_only,reversal,-,-0.474,-0.599,-0.2818,0.354,16.4,-0.22,1445
crypto,INJUSDT,1h,direction,"ema|fast50,slow200|reversal|asym",ema,asym,reversal,-,0.404,0.65,-0.2452,0.521,19.9,0.1648,1445
crypto,INJUSDT,1h,exit,"ema|fast50,slow200|atr_trailing|ls",ema,ls,atr_trailing,-,-0.356,-0.614,-0.3744,0.354,81.6,-0.2385,1445
crypto,INJUSDT,1h,exit,"ema|fast50,slow200|channel|ls",ema,ls,channel,-,-0.372,-0.648,-0.3837,0.396,107.3,-0.2435,1445
crypto,INJUSDT,1h,gate,"ema|fast50,slow200|g:adx|reversal|ls",ema,ls,reversal,adx,0.019,0.033,-0.2919,0.417,27.1,-0.0366,1445
crypto,INJUSDT,1h,gate,"ema|fast50,slow200|g:ltf|reversal|ls",ema,ls,reversal,ltf,0.026,0.044,-0.2797,0.521,31.3,-0.0321,1445
crypto,INJUSDT,1h,gate,"ema|fast50,slow200|g:vol|reversal|ls",ema,ls,reversal,vol,0.044,0.075,-0.2793,0.458,30.7,-0.0208,1445
crypto,INJUSDT,1h,headline,blend|long_only,blend,long_only,-,-,0.97,1.579,-0.0626,0.479,14.3,0.1977,1445
crypto,INJUSDT,1h,headline,blend|asym,blend,asym,-,-,0.759,1.517,-0.0688,0.396,19.7,0.1613,1445
crypto,INJUSDT,15m,entry,"ema|fast20,slow100|reversal|ls",ema,ls,reversal,-,-0.631,-1.005,-0.3974,0.333,207.1,-0.3674,1445
crypto,INJUSDT,15m,entry,"ema|fast50,slow200|reversal|ls",ema,ls,reversal,-,0.054,0.088,-0.2053,0.458,119.6,-0.017,1445
crypto,INJUSDT,15m,entry,"ema|fast100,slow300|reversal|ls",ema,ls,reversal,-,-0.167,-0.283,-0.2735,0.458,88.4,-0.1494,1445
crypto,INJUSDT,15m,entry,"sma|fast50,slow200|reversal|ls",sma,ls,reversal,-,0.169,0.277,-0.1856,0.5,118.1,0.0585,1445
crypto,INJUSDT,15m,entry,tsmom|lookback30|reversal|ls,tsmom,ls,reversal,-,-5.629,-8.314,-0.9774,0.062,1073.2,-0.9773,1445
crypto,INJUSDT,15m,entry,tsmom|lookback90|reversal|ls,tsmom,ls,reversal,-,-3.404,-5.196,-0.9116,0.146,637.8,-0.909,1445
crypto,INJUSDT,15m,entry,"macd|fast12,slow26|reversal|ls",macd,ls,reversal,-,-5.843,-8.619,-0.9813,0.125,990.2,-0.9813,1445
crypto,INJUSDT,15m,entry,donchian|lookback55|reversal|ls,donchian,ls,reversal,-,-1.313,-2.038,-0.6007,0.354,158.4,-0.5955,1445
crypto,INJUSDT,15m,entry,blend|ls,blend,ls,-,-,-0.851,-1.923,-0.2498,0.375,132.0,-0.2391,1445
crypto,INJUSDT,15m,entry,strength|ls,strength,ls,-,-,-3.077,-6.186,-0.7185,0.167,450.5,-0.7126,1445
crypto,INJUSDT,15m,direction,"ema|fast50,slow200|reversal|long_only",ema,long_only,reversal,-,0.462,0.791,-0.1757,0.479,57.8,0.1876,1445
crypto,INJUSDT,15m,direction,"ema|fast50,slow200|reversal|short_only",ema,short_only,reversal,-,-0.275,-0.446,-0.2309,0.479,61.9,-0.1496,1445
crypto,INJUSDT,15m,direction,"ema|fast50,slow200|reversal|asym",ema,asym,reversal,-,0.335,0.56,-0.1723,0.417,76.3,0.1323,1445
crypto,INJUSDT,15m,exit,"ema|fast50,slow200|atr_trailing|ls",ema,ls,atr_trailing,-,-1.488,-2.419,-0.6501,0.292,354.7,-0.6391,1445
crypto,INJUSDT,15m,exit,"ema|fast50,slow200|channel|ls",ema,ls,channel,-,-1.917,-3.17,-0.7402,0.292,458.6,-0.7314,1445
crypto,INJUSDT,15m,gate,"ema|fast50,slow200|g:adx|reversal|ls",ema,ls,reversal,adx,-0.182,-0.297,-0.2471,0.396,104.1,-0.1568,1445
crypto,INJUSDT,15m,gate,"ema|fast50,slow200|g:ltf|reversal|ls",ema,ls,reversal,ltf,0.054,0.088,-0.2053,0.458,119.6,-0.017,1445
crypto,INJUSDT,15m,gate,"ema|fast50,slow200|g:vol|reversal|ls",ema,ls,reversal,vol,0.13,0.212,-0.2027,0.417,118.1,0.032,1445
crypto,INJUSDT,15m,headline,blend|long_only,blend,long_only,-,-,-0.159,-0.362,-0.0774,0.375,60.5,-0.0337,1445
crypto,INJUSDT,15m,headline,blend|asym,blend,asym,-,-,-0.482,-1.138,-0.12,0.312,81.9,-0.0975,1445
crypto,INJUSDT,5m,entry,"ema|fast20,slow100|reversal|ls",ema,ls,reversal,-,-4.015,-6.225,-0.9345,0.083,666.2,-0.9334,1445
crypto,INJUSDT,5m,entry,"ema|fast50,slow200|reversal|ls",ema,ls,reversal,-,-1.747,-2.787,-0.6992,0.208,376.9,-0.6881,1445
crypto,INJUSDT,5m,entry,"ema|fast100,slow300|reversal|ls",ema,ls,reversal,-,-0.98,-1.557,-0.5122,0.396,279.1,-0.4884,1445
crypto,INJUSDT,5m,entry,"sma|fast50,slow200|reversal|ls",sma,ls,reversal,-,-2.021,-3.177,-0.7598,0.188,380.8,-0.7456,1445
crypto,INJUSDT,5m,entry,tsmom|lookback30|reversal|ls,tsmom,ls,reversal,-,-16.285,-20.778,-1.0,0.0,3247.0,-1.0,1445
crypto,INJUSDT,5m,entry,tsmom|lookback90|reversal|ls,tsmom,ls,reversal,-,-10.01,-13.652,-0.9995,0.0,2006.5,-0.9995,1445
crypto,INJUSDT,5m,entry,"macd|fast12,slow26|reversal|ls",macd,ls,reversal,-,-15.306,-19.745,-1.0,0.0,3113.8,-1.0,1445
crypto,INJUSDT,5m,entry,donchian|lookback55|reversal|ls,donchian,ls,reversal,-,-3.61,-5.521,-0.9113,0.125,498.1,-0.9091,1445
crypto,INJUSDT,5m,entry,blend|ls,blend,ls,-,-,-4.494,-9.286,-0.7328,0.062,417.4,-0.7314,1445
crypto,INJUSDT,5m,entry,strength|ls,strength,ls,-,-,-10.699,-17.928,-0.9873,0.0,1430.4,-0.9873,1445
crypto,INJUSDT,5m,direction,"ema|fast50,slow200|reversal|long_only",ema,long_only,reversal,-,-0.626,-1.318,-0.3444,0.396,183.7,-0.2558,1445
crypto,INJUSDT,5m,direction,"ema|fast50,slow200|reversal|short_only",ema,short_only,reversal,-,-1.676,-3.231,-0.5563,0.271,193.2,-0.5412,1445
crypto,INJUSDT,5m,direction,"ema|fast50,slow200|reversal|asym",ema,asym,reversal,-,-1.12,-2.002,-0.4309,0.333,241.7,-0.4176,1445
crypto,INJUSDT,5m,exit,"ema|fast50,slow200|atr_trailing|ls",ema,ls,atr_trailing,-,-5.944,-8.763,-0.9828,0.042,1173.2,-0.9821,1445
crypto,INJUSDT,5m,exit,"ema|fast50,slow200|channel|ls",ema,ls,channel,-,-7.412,-10.757,-0.9939,0.021,1495.6,-0.9938,1445
crypto,INJUSDT,5m,gate,"ema|fast50,slow200|g:adx|reversal|ls",ema,ls,reversal,adx,-1.31,-2.102,-0.6042,0.292,321.8,-0.5879,1445
crypto,INJUSDT,5m,gate,"ema|fast50,slow200|g:ltf|reversal|ls",ema,ls,reversal,ltf,-1.747,-2.787,-0.6992,0.208,376.9,-0.6881,1445
crypto,INJUSDT,5m,gate,"ema|fast50,slow200|g:vol|reversal|ls",ema,ls,reversal,vol,-1.538,-2.409,-0.6499,0.208,368.1,-0.6442,1445
crypto,INJUSDT,5m,headline,blend|long_only,blend,long_only,-,-,-2.39,-5.958,-0.3851,0.229,195.2,-0.3821,1445
crypto,INJUSDT,5m,headline,blend|asym,blend,asym,-,-,-3.409,-7.757,-0.5176,0.125,261.9,-0.5153,1445
crypto,DASHUSDT,1d,entry,"ema|fast20,slow100|reversal|ls",ema,ls,reversal,-,-0.328,-0.306,-0.5479,0.404,2.3,-0.4796,2683
crypto,DASHUSDT,1d,entry,"ema|fast50,slow200|reversal|ls",ema,ls,reversal,-,-0.565,-0.532,-0.6993,0.382,1.4,-0.6333,2683
crypto,DASHUSDT,1d,entry,"ema|fast100,slow300|reversal|ls",ema,ls,reversal,-,-0.554,-0.517,-0.6456,0.438,1.0,-0.627,2683
crypto,DASHUSDT,1d,entry,"sma|fast50,slow200|reversal|ls",sma,ls,reversal,-,-0.259,-0.24,-0.5845,0.382,1.5,-0.4189,2683
crypto,DASHUSDT,1d,entry,tsmom|lookback30|reversal|ls,tsmom,ls,reversal,-,-0.236,-0.222,-0.5216,0.483,10.9,-0.4036,2683
crypto,DASHUSDT,1d,entry,tsmom|lookback90|reversal|ls,tsmom,ls,reversal,-,-0.429,-0.41,-0.5857,0.416,6.8,-0.5518,2683
crypto,DASHUSDT,1d,entry,"macd|fast12,slow26|reversal|ls",macd,ls,reversal,-,0.13,0.224,-0.3901,0.449,9.1,0.0553,2683
crypto,DASHUSDT,1d,entry,donchian|lookback55|reversal|ls,donchian,ls,reversal,-,-0.199,-0.19,-0.5325,0.427,1.6,-0.3695,2683
crypto,DASHUSDT,1d,entry,blend|ls,blend,ls,-,-,-0.424,-0.329,-0.4393,0.337,1.5,-0.3847,2683
crypto,DASHUSDT,1d,entry,strength|ls,strength,ls,-,-,-0.268,-0.232,-0.4038,0.371,4.6,-0.3024,2683
crypto,DASHUSDT,1d,direction,"ema|fast50,slow200|reversal|long_only",ema,long_only,reversal,-,-0.218,-0.184,-0.283,0.146,0.6,-0.1739,2683
crypto,DASHUSDT,1d,direction,"ema|fast50,slow200|reversal|short_only",ema,short_only,reversal,-,-0.525,-0.377,-0.6392,0.315,0.8,-0.5555,2683
crypto,DASHUSDT,1d,direction,"ema|fast50,slow200|reversal|asym",ema,asym,reversal,-,-0.441,-0.503,-0.4171,0.371,0.8,-0.3331,2683
crypto,DASHUSDT,1d,exit,"ema|fast50,slow200|atr_trailing|ls",ema,ls,atr_trailing,-,-0.56,-0.527,-0.6648,0.404,3.8,-0.6269,2683
crypto,DASHUSDT,1d,exit,"ema|fast50,slow200|channel|ls",ema,ls,channel,-,-0.567,-0.528,-0.6914,0.404,4.7,-0.6288,2683
crypto,DASHUSDT,1d,gate,"ema|fast50,slow200|g:adx|reversal|ls",ema,ls,reversal,adx,-0.425,-0.403,-0.663,0.404,1.4,-0.5489,2683
crypto,DASHUSDT,1d,gate,"ema|fast50,slow200|g:ltf|reversal|ls",ema,ls,reversal,ltf,-0.565,-0.532,-0.6993,0.382,1.4,-0.6333,2683
crypto,DASHUSDT,1d,gate,"ema|fast50,slow200|g:vol|reversal|ls",ema,ls,reversal,vol,-0.289,-0.362,-0.489,0.315,1.0,-0.3125,2683
crypto,DASHUSDT,1d,headline,blend|long_only,blend,long_only,-,-,-0.108,-0.081,-0.1078,0.146,0.4,-0.0348,2683
crypto,DASHUSDT,1d,headline,blend|asym,blend,asym,-,-,-0.365,-0.331,-0.1811,0.348,0.7,-0.1432,2683
crypto,DASHUSDT,4h,entry,"ema|fast20,slow100|reversal|ls",ema,ls,reversal,-,-0.019,-0.019,-0.4156,0.528,14.7,-0.1893,2683
crypto,DASHUSDT,4h,entry,"ema|fast50,slow200|reversal|ls",ema,ls,reversal,-,-0.288,-0.283,-0.5619,0.494,9.2,-0.4628,2683
crypto,DASHUSDT,4h,entry,"ema|fast100,slow300|reversal|ls",ema,ls,reversal,-,-0.213,-0.207,-0.5624,0.483,6.3,-0.3971,2683
crypto,DASHUSDT,4h,entry,"sma|fast50,slow200|reversal|ls",sma,ls,reversal,-,-0.247,-0.242,-0.5433,0.517,8.6,-0.4301,2683
crypto,DASHUSDT,4h,entry,tsmom|lookback30|reversal|ls,tsmom,ls,reversal,-,0.09,0.186,-0.5486,0.404,70.6,-0.0078,2683
crypto,DASHUSDT,4h,entry,tsmom|lookback90|reversal|ls,tsmom,ls,reversal,-,-0.128,-0.125,-0.4613,0.483,41.5,-0.3171,2683
crypto,DASHUSDT,4h,entry,"macd|fast12,slow26|reversal|ls",macd,ls,reversal,-,-0.062,-0.061,-0.5519,0.461,66.7,-0.2452,2683
crypto,DASHUSDT,4h,entry,donchian|lookback55|reversal|ls,donchian,ls,reversal,-,-0.14,-0.141,-0.4731,0.494,10.7,-0.3267,2683
crypto,DASHUSDT,4h,entry,blend|ls,blend,ls,-,-,-0.113,-0.12,-0.2182,0.427,9.6,-0.1148,2683
crypto,DASHUSDT,4h,entry,strength|ls,strength,ls,-,-,-0.244,-0.251,-0.3825,0.461,32.2,-0.2621,2683
crypto,DASHUSDT,4h,direction,"ema|fast50,slow200|reversal|long_only",ema,long_only,reversal,-,-0.048,-0.044,-0.2341,0.292,4.1,-0.0761,2683
crypto,DASHUSDT,4h,direction,"ema|fast50,slow200|reversal|short_only",ema,short_only,reversal,-,-0.299,-0.213,-0.5287,0.416,5.1,-0.4131,2683
crypto,DASHUSDT,4h,direction,"ema|fast50,slow200|reversal|asym",ema,asym,reversal,-,-0.18,-0.21,-0.2959,0.494,5.6,-0.1903,2683
crypto,DASHUSDT,4h,exit,"ema|fast50,slow200|atr_trailing|ls",ema,ls,atr_trailing,-,-0.114,-0.112,-0.5001,0.551,23.2,-0.2951,2683
crypto,DASHUSDT,4h,exit,"ema|fast50,slow200|channel|ls",ema,ls,channel,-,-0.411,-0.401,-0.6409,0.483,30.9,-0.5572,2683
crypto,DASHUSDT,4h,gate,"ema|fast50,slow200|g:adx|reversal|ls",ema,ls,reversal,adx,-0.191,-0.187,-0.4754,0.483,7.7,-0.3747,2683
crypto,DASHUSDT,4h,gate,"ema|fast50,slow200|g:ltf|reversal|ls",ema,ls,reversal,ltf,-0.288,-0.283,-0.5619,0.494,9.2,-0.4628,2683
crypto,DASHUSDT,4h,gate,"ema|fast50,slow200|g:vol|reversal|ls",ema,ls,reversal,vol,-0.335,-0.324,-0.5825,0.483,8.9,-0.497,2683
crypto,DASHUSDT,4h,headline,blend|long_only,blend,long_only,-,-,0.338,0.324,-0.1035,0.281,3.5,0.1271,2683
crypto,DASHUSDT,4h,headline,blend|asym,blend,asym,-,-,0.155,0.196,-0.1139,0.416,5.4,0.0553,2683
crypto,DASHUSDT,1h,entry,"ema|fast20,slow100|reversal|ls",ema,ls,reversal,-,0.171,0.284,-0.3212,0.449,62.4,0.0993,2370
crypto,DASHUSDT,1h,entry,"ema|fast50,slow200|reversal|ls",ema,ls,reversal,-,-0.17,-0.281,-0.4648,0.462,39.6,-0.2363,2370
crypto,DASHUSDT,1h,entry,"ema|fast100,slow300|reversal|ls",ema,ls,reversal,-,-0.328,-0.52,-0.4514,0.474,28.9,-0.3527,2370
crypto,DASHUSDT,1h,entry,"sma|fast50,slow200|reversal|ls",sma,ls,reversal,-,-0.103,-0.163,-0.4576,0.487,38.1,-0.1828,2370
crypto,DASHUSDT,1h,entry,tsmom|lookback30|reversal|ls,tsmom,ls,reversal,-,-2.001,-3.292,-0.9053,0.295,317.0,-0.902,2370
crypto,DASHUSDT,1h,entry,tsmom|lookback90|reversal|ls,tsmom,ls,reversal,-,-0.472,-0.809,-0.6266,0.5,177.3,-0.4535,2370
crypto,DASHUSDT,1h,entry,"macd|fast12,slow26|reversal|ls",macd,ls,reversal,-,-1.585,-2.584,-0.8874,0.333,293.4,-0.8343,2370
crypto,DASHUSDT,1h,entry,donchian|lookback55|reversal|ls,donchian,ls,reversal,-,-0.247,-0.409,-0.6446,0.474,46.5,-0.3034,2370
crypto,DASHUSDT,1h,entry,blend|ls,blend,ls,-,-,-0.036,-0.079,-0.1913,0.487,39.9,-0.0397,2370
crypto,DASHUSDT,1h,entry,strength|ls,strength,ls,-,-,-0.522,-1.05,-0.4712,0.397,134.3,-0.3297,2370
crypto,DASHUSDT,1h,direction,"ema|fast50,slow200|reversal|long_only",ema,long_only,reversal,-,-0.126,-0.148,-0.3822,0.385,19.2,-0.1254,2370
crypto,DASHUSDT,1h,direction,"ema|fast50,slow200|reversal|short_only",ema,short_only,reversal,-,-0.079,-0.105,-0.2502,0.474,20.4,-0.1034,2370
crypto,DASHUSDT,1h,direction,"ema|fast50,slow200|reversal|asym",ema,asym,reversal,-,-0.152,-0.216,-0.3866,0.41,25.3,-0.1496,2370
crypto,DASHUSDT,1h,exit,"ema|fast50,slow200|atr_trailing|ls",ema,ls,atr_trailing,-,-0.783,-1.254,-0.6288,0.397,100.8,-0.6006,2370
crypto,DASHUSDT,1h,exit,"ema|fast50,slow200|channel|ls",ema,ls,channel,-,-0.947,-1.543,-0.7012,0.385,128.9,-0.6673,2370
crypto,DASHUSDT,1h,gate,"ema|fast50,slow200|g:adx|reversal|ls",ema,ls,reversal,adx,-0.116,-0.192,-0.4494,0.436,36.0,-0.1881,2370
crypto,DASHUSDT,1h,gate,"ema|fast50,slow200|g:ltf|reversal|ls",ema,ls,reversal,ltf,-0.17,-0.281,-0.4648,0.462,39.6,-0.2363,2370
crypto,DASHUSDT,1h,gate,"ema|fast50,slow200|g:vol|reversal|ls",ema,ls,reversal,vol,-0.31,-0.493,-0.5094,0.449,39.3,-0.3439,2370
crypto,DASHUSDT,1h,headline,blend|long_only,blend,long_only,-,-,-0.183,-0.275,-0.2136,0.333,18.9,-0.0706,2370
crypto,DASHUSDT,1h,headline,blend|asym,blend,asym,-,-,-0.132,-0.248,-0.2009,0.385,25.2,-0.0575,2370
crypto,DASHUSDT,15m,entry,"ema|fast20,slow100|reversal|ls",ema,ls,reversal,-,-1.274,-2.099,-0.7991,0.295,263.3,-0.7743,2370
crypto,DASHUSDT,15m,entry,"ema|fast50,slow200|reversal|ls",ema,ls,reversal,-,-0.391,-0.594,-0.4907,0.436,145.9,-0.3999,2370
crypto,DASHUSDT,15m,entry,"ema|fast100,slow300|reversal|ls",ema,ls,reversal,-,-0.023,-0.038,-0.3348,0.5,109.8,-0.1019,2370
crypto,DASHUSDT,15m,entry,"sma|fast50,slow200|reversal|ls",sma,ls,reversal,-,-0.208,-0.352,-0.4213,0.487,150.6,-0.2603,2370
crypto,DASHUSDT,15m,entry,tsmom|lookback30|reversal|ls,tsmom,ls,reversal,-,-8.624,-12.654,-1.0,0.064,1338.7,-1.0,2370
crypto,DASHUSDT,15m,entry,tsmom|lookback90|reversal|ls,tsmom,ls,reversal,-,-4.232,-6.658,-0.9941,0.167,776.3,-0.994,2370
crypto,DASHUSDT,15m,entry,"macd|fast12,slow26|reversal|ls",macd,ls,reversal,-,-8.643,-12.434,-1.0,0.026,1241.1,-1.0,2370
crypto,DASHUSDT,15m,entry,donchian|lookback55|reversal|ls,donchian,ls,reversal,-,-1.176,-1.846,-0.7824,0.385,186.1,-0.749,2370
crypto,DASHUSDT,15m,entry,blend|ls,blend,ls,-,-,-0.876,-2.234,-0.4697,0.321,159.0,-0.3863,2370
crypto,DASHUSDT,15m,entry,strength|ls,strength,ls,-,-,-3.53,-7.837,-0.9197,0.167,561.5,-0.917,2370
crypto,DASHUSDT,15m,direction,"ema|fast50,slow200|reversal|long_only",ema,long_only,reversal,-,-0.388,-0.566,-0.4197,0.41,72.9,-0.2758,2370
crypto,DASHUSDT,15m,direction,"ema|fast50,slow200|reversal|short_only",ema,short_only,reversal,-,-0.047,-0.078,-0.2152,0.513,73.1,-0.0792,2370
crypto,DASHUSDT,15m,direction,"ema|fast50,slow200|reversal|asym",ema,asym,reversal,-,-0.406,-0.591,-0.4301,0.462,94.8,-0.3008,2370
crypto,DASHUSDT,15m,exit,"ema|fast50,slow200|atr_trailing|ls",ema,ls,atr_trailing,-,-1.857,-3.097,-0.8746,0.308,416.7,-0.8741,2370
crypto,DASHUSDT,15m,exit,"ema|fast50,slow200|channel|ls",ema,ls,channel,-,-2.722,-4.3,-0.9555,0.192,522.5,-0.9552,2370
crypto,DASHUSDT,15m,gate,"ema|fast50,slow200|g:adx|reversal|ls",ema,ls,reversal,adx,-0.181,-0.284,-0.4035,0.474,127.7,-0.2445,2370
crypto,DASHUSDT,15m,gate,"ema|fast50,slow200|g:ltf|reversal|ls",ema,ls,reversal,ltf,-0.391,-0.594,-0.4907,0.436,145.9,-0.3999,2370
crypto,DASHUSDT,15m,gate,"ema|fast50,slow200|g:vol|reversal|ls",ema,ls,reversal,vol,-0.319,-0.512,-0.4593,0.436,143.7,-0.344,2370
crypto,DASHUSDT,15m,headline,blend|long_only,blend,long_only,-,-,-0.962,-2.186,-0.3616,0.321,79.9,-0.2902,2370
crypto,DASHUSDT,15m,headline,blend|asym,blend,asym,-,-,-0.998,-2.41,-0.386,0.308,103.6,-0.3145,2370
crypto,DASHUSDT,5m,entry,"ema|fast20,slow100|reversal|ls",ema,ls,reversal,-,-5.525,-8.432,-0.9986,0.128,839.7,-0.9985,2370
crypto,DASHUSDT,5m,entry,"ema|fast50,slow200|reversal|ls",ema,ls,reversal,-,-3.09,-4.875,-0.9728,0.167,471.4,-0.9715,2370
crypto,DASHUSDT,5m,entry,"ema|fast100,slow300|reversal|ls",ema,ls,reversal,-,-1.814,-2.924,-0.8784,0.269,339.0,-0.8721,2370
crypto,DASHUSDT,5m,entry,"sma|fast50,slow200|reversal|ls",sma,ls,reversal,-,-2.718,-4.49,-0.956,0.167,464.6,-0.9526,2370
crypto,DASHUSDT,5m,entry,tsmom|lookback30|reversal|ls,tsmom,ls,reversal,-,-19.358,-22.77,-1.0,0.0,3903.4,-1.0,2370
crypto,DASHUSDT,5m,entry,tsmom|lookback90|reversal|ls,tsmom,ls,reversal,-,-13.025,-16.381,-1.0,0.026,2487.7,-1.0,2370
crypto,DASHUSDT,5m,entry,"macd|fast12,slow26|reversal|ls",macd,ls,reversal,-,-20.118,-23.376,-1.0,0.0,3792.1,-1.0,2370
crypto,DASHUSDT,5m,entry,donchian|lookback55|reversal|ls,donchian,ls,reversal,-,-4.661,-7.307,-0.9949,0.154,597.5,-0.9948,2370
crypto,DASHUSDT,5m,entry,blend|ls,blend,ls,-,-,-4.826,-9.618,-0.9279,0.09,500.4,-0.9268,2370
crypto,DASHUSDT,5m,entry,strength|ls,strength,ls,-,-,-12.717,-20.014,-0.9999,0.038,1762.4,-0.9999,2370
crypto,DASHUSDT,5m,direction,"ema|fast50,slow200|reversal|long_only",ema,long_only,reversal,-,-2.401,-4.445,-0.8434,0.192,238.8,-0.8349,2370
crypto,DASHUSDT,5m,direction,"ema|fast50,slow200|reversal|short_only",ema,short_only,reversal,-,-1.738,-3.539,-0.7747,0.256,232.6,-0.7526,2370
crypto,DASHUSDT,5m,direction,"ema|fast50,slow200|reversal|asym",ema,asym,reversal,-,-2.833,-4.709,-0.9015,0.154,308.6,-0.8978,2370
crypto,DASHUSDT,5m,exit,"ema|fast50,slow200|atr_trailing|ls",ema,ls,atr_trailing,-,-8.561,-12.424,-1.0,0.038,1451.8,-1.0,2370
crypto,DASHUSDT,5m,exit,"ema|fast50,slow200|channel|ls",ema,ls,channel,-,-9.604,-13.418,-1.0,0.026,1707.6,-1.0,2370
crypto,DASHUSDT,5m,gate,"ema|fast50,slow200|g:adx|reversal|ls",ema,ls,reversal,adx,-2.271,-3.596,-0.9359,0.167,398.7,-0.9249,2370
crypto,DASHUSDT,5m,gate,"ema|fast50,slow200|g:ltf|reversal|ls",ema,ls,reversal,ltf,-3.09,-4.875,-0.9728,0.167,471.4,-0.9715,2370
crypto,DASHUSDT,5m,gate,"ema|fast50,slow200|g:vol|reversal|ls",ema,ls,reversal,vol,-2.852,-4.566,-0.9634,0.179,460.9,-0.9609,2370
crypto,DASHUSDT,5m,headline,blend|long_only,blend,long_only,-,-,-4.247,-9.505,-0.7612,0.128,253.9,-0.7587,2370
crypto,DASHUSDT,5m,headline,blend|asym,blend,asym,-,-,-4.843,-10.305,-0.8292,0.09,327.9,-0.8275,2370
crypto,VETUSDT,1d,entry,"ema|fast20,slow100|reversal|ls",ema,ls,reversal,-,0.674,0.999,-0.2228,0.557,1.2,1.1019,2929
crypto,VETUSDT,1d,entry,"ema|fast50,slow200|reversal|ls",ema,ls,reversal,-,0.257,0.36,-0.3868,0.485,0.9,0.2508,2929
crypto,VETUSDT,1d,entry,"ema|fast100,slow300|reversal|ls",ema,ls,reversal,-,-0.014,-0.018,-0.4691,0.485,0.7,-0.1078,2929
crypto,VETUSDT,1d,entry,"sma|fast50,slow200|reversal|ls",sma,ls,reversal,-,-0.148,-0.211,-0.4547,0.423,1.1,-0.2403,2929
crypto,VETUSDT,1d,entry,tsmom|lookback30|reversal|ls,tsmom,ls,reversal,-,0.685,0.98,-0.179,0.567,8.4,1.1292,2929
crypto,VETUSDT,1d,entry,tsmom|lookback90|reversal|ls,tsmom,ls,reversal,-,0.572,0.873,-0.2261,0.526,5.2,0.8511,2929
crypto,VETUSDT,1d,entry,"macd|fast12,slow26|reversal|ls",macd,ls,reversal,-,0.321,0.469,-0.3906,0.505,8.3,0.354,2929
crypto,VETUSDT,1d,entry,donchian|lookback55|reversal|ls,donchian,ls,reversal,-,0.405,0.615,-0.3876,0.485,1.6,0.504,2929
crypto,VETUSDT,1d,entry,blend|ls,blend,ls,-,-,0.423,0.527,-0.136,0.443,1.3,0.276,2929
crypto,VETUSDT,1d,entry,strength|ls,strength,ls,-,-,0.524,0.739,-0.1649,0.485,3.7,0.5043,2929
crypto,VETUSDT,1d,direction,"ema|fast50,slow200|reversal|long_only",ema,long_only,reversal,-,0.473,0.465,-0.142,0.186,0.3,0.3903,2929
crypto,VETUSDT,1d,direction,"ema|fast50,slow200|reversal|short_only",ema,short_only,reversal,-,-0.047,-0.049,-0.4064,0.361,0.6,-0.0997,2929
crypto,VETUSDT,1d,direction,"ema|fast50,slow200|reversal|asym",ema,asym,reversal,-,0.426,0.596,-0.1909,0.505,0.5,0.3639,2929
crypto,VETUSDT,1d,exit,"ema|fast50,slow200|atr_trailing|ls",ema,ls,atr_trailing,-,0.249,0.346,-0.3982,0.505,3.2,0.2354,2929
crypto,VETUSDT,1d,exit,"ema|fast50,slow200|channel|ls",ema,ls,channel,-,-0.036,-0.046,-0.4284,0.474,4.4,-0.1269,2929
crypto,VETUSDT,1d,gate,"ema|fast50,slow200|g:adx|reversal|ls",ema,ls,reversal,adx,0.116,0.162,-0.4722,0.464,0.9,0.0488,2929
crypto,VETUSDT,1d,gate,"ema|fast50,slow200|g:ltf|reversal|ls",ema,ls,reversal,ltf,0.257,0.36,-0.3868,0.485,0.9,0.2508,2929
crypto,VETUSDT,1d,gate,"ema|fast50,slow200|g:vol|reversal|ls",ema,ls,reversal,vol,0.566,0.763,-0.205,0.433,0.7,0.731,2929
crypto,VETUSDT,1d,headline,blend|long_only,blend,long_only,-,-,0.661,0.596,-0.0694,0.196,0.4,0.251,2929
crypto,VETUSDT,1d,headline,blend|asym,blend,asym,-,-,0.631,0.851,-0.0745,0.454,0.6,0.2633,2929
crypto,VETUSDT,4h,entry,"ema|fast20,slow100|reversal|ls",ema,ls,reversal,-,0.656,0.937,-0.3416,0.557,12.7,1.1771,2929
crypto,VETUSDT,4h,entry,"ema|fast50,slow200|reversal|ls",ema,ls,reversal,-,0.844,1.216,-0.2224,0.567,7.1,1.8071,2929
crypto,VETUSDT,4h,entry,"ema|fast100,slow300|reversal|ls",ema,ls,reversal,-,0.513,0.769,-0.2834,0.557,6.1,0.7794,2929
crypto,VETUSDT,4h,entry,"sma|fast50,slow200|reversal|ls",sma,ls,reversal,-,0.783,1.159,-0.2253,0.588,7.4,1.5613,2929
crypto,VETUSDT,4h,entry,tsmom|lookback30|reversal|ls,tsmom,ls,reversal,-,0.207,0.304,-0.2446,0.474,62.4,0.1809,2929
crypto,VETUSDT,4h,entry,tsmom|lookback90|reversal|ls,tsmom,ls,reversal,-,0.235,0.35,-0.3654,0.546,41.9,0.2271,2929
crypto,VETUSDT,4h,entry,"macd|fast12,slow26|reversal|ls",macd,ls,reversal,-,-0.008,-0.013,-0.3993,0.443,60.5,-0.1142,2929
crypto,VETUSDT,4h,entry,donchian|lookback55|reversal|ls,donchian,ls,reversal,-,0.104,0.146,-0.4132,0.495,10.2,0.0277,2929
crypto,VETUSDT,4h,entry,blend|ls,blend,ls,-,-,0.775,1.14,-0.0904,0.464,8.8,0.7213,2929
crypto,VETUSDT,4h,entry,strength|ls,strength,ls,-,-,0.585,0.918,-0.1513,0.536,28.7,0.6031,2929
crypto,VETUSDT,4h,direction,"ema|fast50,slow200|reversal|long_only",ema,long_only,reversal,-,0.91,1.006,-0.2059,0.289,3.0,1.0461,2929
crypto,VETUSDT,4h,direction,"ema|fast50,slow200|reversal|short_only",ema,short_only,reversal,-,0.368,0.392,-0.2303,0.443,4.1,0.3789,2929
crypto,VETUSDT,4h,direction,"ema|fast50,slow200|reversal|asym",ema,asym,reversal,-,0.978,1.421,-0.1838,0.577,4.2,1.2849,2929
crypto,VETUSDT,4h,exit,"ema|fast50,slow200|atr_trailing|ls",ema,ls,atr_trailing,-,0.711,1.02,-0.2979,0.598,20.8,1.3375,2929
crypto,VETUSDT,4h,exit,"ema|fast50,slow200|channel|ls",ema,ls,channel,-,0.617,0.888,-0.2832,0.588,27.8,1.055,2929
crypto,VETUSDT,4h,gate,"ema|fast50,slow200|g:adx|reversal|ls",ema,ls,reversal,adx,0.889,1.282,-0.2425,0.577,6.5,1.989,2929
crypto,VETUSDT,4h,gate,"ema|fast50,slow200|g:ltf|reversal|ls",ema,ls,reversal,ltf,0.844,1.216,-0.2224,0.567,7.1,1.8071,2929
crypto,VETUSDT,4h,gate,"ema|fast50,slow200|g:vol|reversal|ls",ema,ls,reversal,vol,0.661,0.954,-0.3739,0.526,6.9,1.1575,2929
crypto,VETUSDT,4h,headline,blend|long_only,blend,long_only,-,-,1.069,1.219,-0.0713,0.33,3.1,0.6121,2929
crypto,VETUSDT,4h,headline,blend|asym,blend,asym,-,-,1.053,1.669,-0.0678,0.495,4.8,0.6525,2929
crypto,VETUSDT,1h,entry,"ema|fast20,slow100|reversal|ls",ema,ls,reversal,-,0.863,1.513,-0.232,0.59,58.3,1.2541,2360
crypto,VETUSDT,1h,entry,"ema|fast50,slow200|reversal|ls",ema,ls,reversal,-,0.549,0.927,-0.21,0.538,34.7,0.6323,2360
crypto,VETUSDT,1h,entry,"ema|fast100,slow300|reversal|ls",ema,ls,reversal,-,0.638,1.038,-0.2282,0.538,25.7,0.7974,2360
crypto,VETUSDT,1h,entry,"sma|fast50,slow200|reversal|ls",sma,ls,reversal,-,0.057,0.096,-0.2938,0.462,36.1,-0.025,2360
crypto,VETUSDT,1h,entry,tsmom|lookback30|reversal|ls,tsmom,ls,reversal,-,-1.821,-2.934,-0.8841,0.282,294.6,-0.8696,2360
crypto,VETUSDT,1h,entry,tsmom|lookback90|reversal|ls,tsmom,ls,reversal,-,-0.132,-0.223,-0.4764,0.474,175.7,-0.2014,2360
crypto,VETUSDT,1h,entry,"macd|fast12,slow26|reversal|ls",macd,ls,reversal,-,-1.367,-2.068,-0.8118,0.359,274.7,-0.7819,2360
crypto,VETUSDT,1h,entry,donchian|lookback55|reversal|ls,donchian,ls,reversal,-,-0.18,-0.307,-0.4716,0.5,45.1,-0.2367,2360
crypto,VETUSDT,1h,entry,blend|ls,blend,ls,-,-,0.487,1.04,-0.1082,0.487,38.0,0.2737,2360
crypto,VETUSDT,1h,entry,strength|ls,strength,ls,-,-,0.074,0.151,-0.2488,0.41,126.9,0.0149,2360
crypto,VETUSDT,1h,direction,"ema|fast50,slow200|reversal|long_only",ema,long_only,reversal,-,0.429,0.533,-0.2128,0.397,16.4,0.3005,2360
crypto,VETUSDT,1h,direction,"ema|fast50,slow200|reversal|short_only",ema,short_only,reversal,-,0.376,0.502,-0.1996,0.526,18.4,0.2782,2360
crypto,VETUSDT,1h,direction,"ema|fast50,slow200|reversal|asym",ema,asym,reversal,-,0.521,0.775,-0.1728,0.462,21.9,0.4088,2360
crypto,VETUSDT,1h,exit,"ema|fast50,slow200|atr_trailing|ls",ema,ls,atr_trailing,-,0.176,0.296,-0.2968,0.5,96.8,0.105,2360
crypto,VETUSDT,1h,exit,"ema|fast50,slow200|channel|ls",ema,ls,channel,-,-0.166,-0.271,-0.4532,0.487,121.3,-0.2318,2360
crypto,VETUSDT,1h,gate,"ema|fast50,slow200|g:adx|reversal|ls",ema,ls,reversal,adx,0.621,1.036,-0.1716,0.551,31.1,0.7625,2360
crypto,VETUSDT,1h,gate,"ema|fast50,slow200|g:ltf|reversal|ls",ema,ls,reversal,ltf,0.549,0.927,-0.21,0.538,34.7,0.6323,2360
crypto,VETUSDT,1h,gate,"ema|fast50,slow200|g:vol|reversal|ls",ema,ls,reversal,vol,0.503,0.843,-0.2472,0.513,33.9,0.5531,2360
crypto,VETUSDT,1h,headline,blend|long_only,blend,long_only,-,-,0.511,0.771,-0.0959,0.436,16.7,0.1856,2360
crypto,VETUSDT,1h,headline,blend|asym,blend,asym,-,-,0.554,1.06,-0.0889,0.5,23.1,0.2165,2360
crypto,VETUSDT,15m,entry,"ema|fast20,slow100|reversal|ls",ema,ls,reversal,-,-0.731,-1.198,-0.654,0.423,246.2,-0.5698,2360
crypto,VETUSDT,15m,entry,"ema|fast50,slow200|reversal|ls",ema,ls,reversal,-,0.145,0.246,-0.354,0.487,140.1,0.0696,2360
crypto,VETUSDT,15m,entry,"ema|fast100,slow300|reversal|ls",ema,ls,reversal,-,0.716,1.269,-0.2626,0.615,103.6,0.9231,2360
crypto,VETUSDT,15m,entry,"sma|fast50,slow200|reversal|ls",sma,ls,reversal,-,-0.091,-0.159,-0.5078,0.462,144.1,-0.1586,2360
crypto,VETUSDT,15m,entry,tsmom|lookback30|reversal|ls,tsmom,ls,reversal,-,-7.583,-10.693,-0.9998,0.026,1254.1,-0.9998,2360
crypto,VETUSDT,15m,entry,tsmom|lookback90|reversal|ls,tsmom,ls,reversal,-,-3.692,-5.608,-0.9852,0.167,723.5,-0.985,2360
crypto,VETUSDT,15m,entry,"macd|fast12,slow26|reversal|ls",macd,ls,reversal,-,-7.719,-11.251,-0.9998,0.026,1164.9,-0.9998,2360
crypto,VETUSDT,15m,entry,donchian|lookback55|reversal|ls,donchian,ls,reversal,-,-1.284,-1.996,-0.7887,0.385,184.5,-0.7613,2360
crypto,VETUSDT,15m,entry,blend|ls,blend,ls,-,-,-0.856,-2.244,-0.4238,0.372,154.7,-0.3536,2360
crypto,VETUSDT,15m,entry,strength|ls,strength,ls,-,-,-3.464,-7.237,-0.9,0.167,530.3,-0.8964,2360
crypto,VETUSDT,15m,direction,"ema|fast50,slow200|reversal|long_only",ema,long_only,reversal,-,0.009,0.015,-0.3444,0.397,68.8,-0.0312,2360
crypto,VETUSDT,15m,direction,"ema|fast50,slow200|reversal|short_only",ema,short_only,reversal,-,0.296,0.517,-0.1911,0.513,71.3,0.1945,2360
crypto,VETUSDT,15m,direction,"ema|fast50,slow200|reversal|asym",ema,asym,reversal,-,0.079,0.128,-0.3249,0.423,90.2,0.0163,2360
crypto,VETUSDT,15m,exit,"ema|fast50,slow200|atr_trailing|ls",ema,ls,atr_trailing,-,-1.734,-2.824,-0.8578,0.321,409.8,-0.8543,2360
crypto,VETUSDT,15m,exit,"ema|fast50,slow200|channel|ls",ema,ls,channel,-,-2.172,-3.589,-0.9158,0.231,506.2,-0.9096,2360
crypto,VETUSDT,15m,gate,"ema|fast50,slow200|g:adx|reversal|ls",ema,ls,reversal,adx,0.335,0.564,-0.2914,0.5,119.7,0.2975,2360
crypto,VETUSDT,15m,gate,"ema|fast50,slow200|g:ltf|reversal|ls",ema,ls,reversal,ltf,0.145,0.246,-0.354,0.487,140.1,0.0696,2360
crypto,VETUSDT,15m,gate,"ema|fast50,slow200|g:vol|reversal|ls",ema,ls,reversal,vol,0.179,0.303,-0.3172,0.513,138.2,0.1082,2360
crypto,VETUSDT,15m,headline,blend|long_only,blend,long_only,-,-,-0.432,-0.978,-0.2262,0.346,73.6,-0.1411,2360
crypto,VETUSDT,15m,headline,blend|asym,blend,asym,-,-,-0.629,-1.522,-0.2833,0.385,97.9,-0.2052,2360
crypto,VETUSDT,5m,entry,"ema|fast20,slow100|reversal|ls",ema,ls,reversal,-,-4.588,-6.981,-0.9941,0.09,792.0,-0.9941,2360
crypto,VETUSDT,5m,entry,"ema|fast50,slow200|reversal|ls",ema,ls,reversal,-,-1.957,-3.081,-0.8987,0.244,444.2,-0.8874,2360
crypto,VETUSDT,5m,entry,"ema|fast100,slow300|reversal|ls",ema,ls,reversal,-,-0.908,-1.526,-0.6805,0.385,323.3,-0.6406,2360
crypto,VETUSDT,5m,entry,"sma|fast50,slow200|reversal|ls",sma,ls,reversal,-,-2.092,-3.426,-0.9085,0.321,445.6,-0.8937,2360
crypto,VETUSDT,5m,entry,tsmom|lookback30|reversal|ls,tsmom,ls,reversal,-,-17.692,-21.28,-1.0,0.0,3732.8,-1.0,2360
crypto,VETUSDT,5m,entry,tsmom|lookback90|reversal|ls,tsmom,ls,reversal,-,-11.692,-14.852,-1.0,0.0,2314.6,-1.0,2360
crypto,VETUSDT,5m,entry,"macd|fast12,slow26|reversal|ls",macd,ls,reversal,-,-19.053,-22.748,-1.0,0.0,3629.7,-1.0,2360
crypto,VETUSDT,5m,entry,donchian|lookback55|reversal|ls,donchian,ls,reversal,-,-3.914,-5.888,-0.986,0.205,573.8,-0.9859,2360
crypto,VETUSDT,5m,entry,blend|ls,blend,ls,-,-,-4.376,-9.445,-0.8865,0.115,484.1,-0.8799,2360
crypto,VETUSDT,5m,entry,strength|ls,strength,ls,-,-,-12.06,-18.859,-0.9998,0.0,1684.6,-0.9998,2360
crypto,VETUSDT,5m,direction,"ema|fast50,slow200|reversal|long_only",ema,long_only,reversal,-,-1.535,-3.079,-0.7559,0.282,220.6,-0.6897,2360
crypto,VETUSDT,5m,direction,"ema|fast50,slow200|reversal|short_only",ema,short_only,reversal,-,-0.965,-1.958,-0.5953,0.385,223.7,-0.5275,2360
crypto,VETUSDT,5m,direction,"ema|fast50,slow200|reversal|asym",ema,asym,reversal,-,-1.786,-3.107,-0.8042,0.244,287.7,-0.7624,2360
crypto,VETUSDT,5m,exit,"ema|fast50,slow200|atr_trailing|ls",ema,ls,atr_trailing,-,-6.879,-10.222,-0.9996,0.051,1358.6,-0.9996,2360
crypto,VETUSDT,5m,exit,"ema|fast50,slow200|channel|ls",ema,ls,channel,-,-8.616,-12.437,-1.0,0.026,1672.7,-1.0,2360
crypto,VETUSDT,5m,gate,"ema|fast50,slow200|g:adx|reversal|ls",ema,ls,reversal,adx,-1.74,-2.816,-0.8737,0.308,385.2,-0.8545,2360
crypto,VETUSDT,5m,gate,"ema|fast50,slow200|g:ltf|reversal|ls",ema,ls,reversal,ltf,-1.957,-3.081,-0.8987,0.244,444.2,-0.8874,2360
crypto,VETUSDT,5m,gate,"ema|fast50,slow200|g:vol|reversal|ls",ema,ls,reversal,vol,-1.997,-3.074,-0.9034,0.282,435.4,-0.8936,2360
crypto,VETUSDT,5m,headline,blend|long_only,blend,long_only,-,-,-2.942,-7.093,-0.6555,0.244,236.6,-0.6253,2360
crypto,VETUSDT,5m,headline,blend|asym,blend,asym,-,-,-3.707,-8.413,-0.749,0.205,310.8,-0.7288,2360
crypto,FETUSDT,1d,entry,"ema|fast20,slow100|reversal|ls",ema,ls,reversal,-,-0.293,-0.162,-0.7647,0.256,0.9,-0.7033,2711
crypto,FETUSDT,1d,entry,"ema|fast50,slow200|reversal|ls",ema,ls,reversal,-,-0.246,-0.135,-0.7916,0.3,0.4,-0.6724,2711
crypto,FETUSDT,1d,entry,"ema|fast100,slow300|reversal|ls",ema,ls,reversal,-,-0.227,-0.127,-0.7858,0.267,0.4,-0.659,2711
crypto,FETUSDT,1d,entry,"sma|fast50,slow200|reversal|ls",sma,ls,reversal,-,-0.397,-0.214,-0.7946,0.233,0.6,-0.7613,2711
crypto,FETUSDT,1d,entry,tsmom|lookback30|reversal|ls,tsmom,ls,reversal,-,-0.105,-0.059,-0.7235,0.344,4.0,-0.558,2711
crypto,FETUSDT,1d,entry,tsmom|lookback90|reversal|ls,tsmom,ls,reversal,-,0.558,1.477,-0.1466,0.311,2.4,1.6186,2711
crypto,FETUSDT,1d,entry,"macd|fast12,slow26|reversal|ls",macd,ls,reversal,-,-0.309,-0.176,-0.7778,0.278,3.7,-0.7136,2711
crypto,FETUSDT,1d,entry,donchian|lookback55|reversal|ls,donchian,ls,reversal,-,0.481,1.29,-0.1836,0.278,0.6,1.2246,2711
crypto,FETUSDT,1d,entry,blend|ls,blend,ls,-,-,-0.187,-0.104,-0.4125,0.267,0.7,-0.2559,2711
crypto,FETUSDT,1d,entry,strength|ls,strength,ls,-,-,0.602,0.743,-0.1196,0.3,1.6,0.524,2711
crypto,FETUSDT,1d,direction,"ema|fast50,slow200|reversal|long_only",ema,long_only,reversal,-,0.337,0.235,-0.1281,0.078,0.2,0.147,2711
crypto,FETUSDT,1d,direction,"ema|fast50,slow200|reversal|short_only",ema,short_only,reversal,-,-0.324,-0.145,-0.7947,0.244,0.3,-0.7143,2711
crypto,FETUSDT,1d,direction,"ema|fast50,slow200|reversal|asym",ema,asym,reversal,-,-0.067,-0.042,-0.3213,0.3,0.2,-0.0905,2711
crypto,FETUSDT,1d,exit,"ema|fast50,slow200|atr_trailing|ls",ema,ls,atr_trailing,-,-0.257,-0.143,-0.7718,0.278,1.4,-0.6793,2711
crypto,FETUSDT,1d,exit,"ema|fast50,slow200|channel|ls",ema,ls,channel,-,-0.3,-0.168,-0.7832,0.267,1.8,-0.707,2711
crypto,FETUSDT,1d,gate,"ema|fast50,slow200|g:adx|reversal|ls",ema,ls,reversal,adx,-0.289,-0.16,-0.7916,0.289,0.4,-0.701,2711
crypto,FETUSDT,1d,gate,"ema|fast50,slow200|g:ltf|reversal|ls",ema,ls,reversal,ltf,-0.246,-0.135,-0.7916,0.3,0.4,-0.6724,2711
crypto,FETUSDT,1d,gate,"ema|fast50,slow200|g:vol|reversal|ls",ema,ls,reversal,vol,0.402,0.345,-0.2009,0.211,0.3,0.2949,2711
crypto,FETUSDT,1d,headline,blend|long_only,blend,long_only,-,-,0.654,0.445,-0.0542,0.111,0.1,0.1666,2711
crypto,FETUSDT,1d,headline,blend|asym,blend,asym,-,-,0.129,0.084,-0.1353,0.267,0.3,0.0407,2711
crypto,FETUSDT,4h,entry,"ema|fast20,slow100|reversal|ls",ema,ls,reversal,-,-0.137,-0.078,-0.8679,0.311,6.4,-0.7343,2711
crypto,FETUSDT,4h,entry,"ema|fast50,slow200|reversal|ls",ema,ls,reversal,-,-0.27,-0.154,-0.8636,0.311,4.2,-0.8075,2711
crypto,FETUSDT,4h,entry,"ema|fast100,slow300|reversal|ls",ema,ls,reversal,-,-0.336,-0.193,-0.8642,0.289,3.3,-0.8363,2711
crypto,FETUSDT,4h,entry,"sma|fast50,slow200|reversal|ls",sma,ls,reversal,-,-0.331,-0.189,-0.8715,0.3,3.8,-0.8318,2711
crypto,FETUSDT,4h,entry,tsmom|lookback30|reversal|ls,tsmom,ls,reversal,-,-0.213,-0.124,-0.849,0.322,31.1,-0.7788,2711
crypto,FETUSDT,4h,entry,tsmom|lookback90|reversal|ls,tsmom,ls,reversal,-,-0.226,-0.13,-0.871,0.311,18.0,-0.7848,2711
crypto,FETUSDT,4h,entry,"macd|fast12,slow26|reversal|ls",macd,ls,reversal,-,-0.109,-0.063,-0.8358,0.322,29.6,-0.7142,2711
crypto,FETUSDT,4h,entry,donchian|lookback55|reversal|ls,donchian,ls,reversal,-,-0.273,-0.157,-0.8697,0.322,5.4,-0.8099,2711
crypto,FETUSDT,4h,entry,blend|ls,blend,ls,-,-,-0.244,-0.135,-0.7838,0.3,4.5,-0.7076,2711
crypto,FETUSDT,4h,entry,strength|ls,strength,ls,-,-,-0.277,-0.159,-0.7936,0.256,13.7,-0.7181,2711
crypto,FETUSDT,4h,direction,"ema|fast50,slow200|reversal|long_only",ema,long_only,reversal,-,0.13,0.108,-0.1901,0.133,1.7,0.0509,2711
crypto,FETUSDT,4h,direction,"ema|fast50,slow200|reversal|short_only",ema,short_only,reversal,-,-0.309,-0.139,-0.8579,0.256,2.4,-0.8143,2711
crypto,FETUSDT,4h,direction,"ema|fast50,slow200|reversal|asym",ema,asym,reversal,-,-0.168,-0.109,-0.346,0.3,2.5,-0.1949,2711
crypto,FETUSDT,4h,exit,"ema|fast50,slow200|atr_trailing|ls",ema,ls,atr_trailing,-,-0.286,-0.166,-0.854,0.311,11.0,-0.8152,2711
crypto,FETUSDT,4h,exit,"ema|fast50,slow200|channel|ls",ema,ls,channel,-,-0.379,-0.22,-0.8812,0.3,15.2,-0.8526,2711
crypto,FETUSDT,4h,gate,"ema|fast50,slow200|g:adx|reversal|ls",ema,ls,reversal,adx,-0.281,-0.161,-0.866,0.3,4.0,-0.8126,2711
crypto,FETUSDT,4h,gate,"ema|fast50,slow200|g:ltf|reversal|ls",ema,ls,reversal,ltf,-0.27,-0.154,-0.8636,0.311,4.2,-0.8075,2711
crypto,FETUSDT,4h,gate,"ema|fast50,slow200|g:vol|reversal|ls",ema,ls,reversal,vol,-0.289,-0.16,-0.8652,0.278,4.0,-0.8128,2711
crypto,FETUSDT,4h,headline,blend|long_only,blend,long_only,-,-,0.59,0.5,-0.0541,0.178,1.4,0.1668,2711
crypto,FETUSDT,4h,headline,blend|asym,blend,asym,-,-,-0.067,-0.039,-0.2532,0.256,2.3,-0.0804,2711
crypto,FETUSDT,1h,entry,"ema|fast20,slow100|reversal|ls",ema,ls,reversal,-,0.288,0.48,-0.2033,0.535,46.6,0.1263,1292
crypto,FETUSDT,1h,entry,"ema|fast50,slow200|reversal|ls",ema,ls,reversal,-,0.638,1.054,-0.1171,0.581,26.9,0.368,1292
crypto,FETUSDT,1h,entry,"ema|fast100,slow300|reversal|ls",ema,ls,reversal,-,0.876,1.392,-0.1458,0.488,19.5,0.5652,1292
crypto,FETUSDT,1h,entry,"sma|fast50,slow200|reversal|ls",sma,ls,reversal,-,0.478,0.783,-0.1479,0.488,28.4,0.2512,1292
crypto,FETUSDT,1h,entry,tsmom|lookback30|reversal|ls,tsmom,ls,reversal,-,-0.655,-1.121,-0.3838,0.349,234.2,-0.3446,1292
crypto,FETUSDT,1h,entry,tsmom|lookback90|reversal|ls,tsmom,ls,reversal,-,-0.593,-1.015,-0.3504,0.488,148.3,-0.3199,1292
crypto,FETUSDT,1h,entry,"macd|fast12,slow26|reversal|ls",macd,ls,reversal,-,-0.859,-1.369,-0.485,0.419,230.7,-0.4168,1292
crypto,FETUSDT,1h,entry,donchian|lookback55|reversal|ls,donchian,ls,reversal,-,0.149,0.263,-0.241,0.535,36.0,0.0398,1292
crypto,FETUSDT,1h,entry,blend|ls,blend,ls,-,-,0.731,1.619,-0.082,0.488,31.1,0.2247,1292
crypto,FETUSDT,1h,entry,strength|ls,strength,ls,-,-,-0.014,-0.029,-0.1756,0.465,104.4,-0.024,1292
crypto,FETUSDT,1h,direction,"ema|fast50,slow200|reversal|long_only",ema,long_only,reversal,-,0.47,0.578,-0.1044,0.419,11.7,0.1578,1292
crypto,FETUSDT,1h,direction,"ema|fast50,slow200|reversal|short_only",ema,short_only,reversal,-,0.448,0.566,-0.146,0.442,15.2,0.1868,1292
crypto,FETUSDT,1h,direction,"ema|fast50,slow200|reversal|asym",ema,asym,reversal,-,0.6,0.897,-0.0991,0.419,16.2,0.225,1292
crypto,FETUSDT,1h,exit,"ema|fast50,slow200|atr_trailing|ls",ema,ls,atr_trailing,-,0.189,0.316,-0.1413,0.419,78.1,0.0636,1292
crypto,FETUSDT,1h,exit,"ema|fast50,slow200|channel|ls",ema,ls,channel,-,0.269,0.461,-0.1635,0.488,97.5,0.1121,1292
crypto,FETUSDT,1h,gate,"ema|fast50,slow200|g:adx|reversal|ls",ema,ls,reversal,adx,0.671,1.107,-0.1925,0.581,24.6,0.3913,1292
crypto,FETUSDT,1h,gate,"ema|fast50,slow200|g:ltf|reversal|ls",ema,ls,reversal,ltf,0.638,1.054,-0.1171,0.581,26.9,0.368,1292
crypto,FETUSDT,1h,gate,"ema|fast50,slow200|g:vol|reversal|ls",ema,ls,reversal,vol,0.549,0.875,-0.1333,0.512,26.1,0.2995,1292
crypto,FETUSDT,1h,headline,blend|long_only,blend,long_only,-,-,0.894,1.468,-0.0506,0.395,11.3,0.1573,1292
crypto,FETUSDT,1h,headline,blend|asym,blend,asym,-,-,0.93,1.969,-0.0571,0.465,17.2,0.1796,1292
crypto,FETUSDT,15m,entry,"ema|fast20,slow100|reversal|ls",ema,ls,reversal,-,-0.113,-0.194,-0.2523,0.442,197.8,-0.1008,1292
crypto,FETUSDT,15m,entry,"ema|fast50,slow200|reversal|ls",ema,ls,reversal,-,0.312,0.531,-0.2049,0.558,113.0,0.1396,1292
crypto,FETUSDT,15m,entry,"ema|fast100,slow300|reversal|ls",ema,ls,reversal,-,0.335,0.574,-0.2113,0.535,83.4,0.1547,1292
crypto,FETUSDT,15m,entry,"sma|fast50,slow200|reversal|ls",sma,ls,reversal,-,0.589,1.012,-0.1755,0.628,110.4,0.3255,1292
crypto,FETUSDT,15m,entry,tsmom|lookback30|reversal|ls,tsmom,ls,reversal,-,-6.209,-9.337,-0.9759,0.047,1057.3,-0.9752,1292
crypto,FETUSDT,15m,entry,tsmom|lookback90|reversal|ls,tsmom,ls,reversal,-,-2.525,-4.228,-0.7903,0.186,594.3,-0.7794,1292
crypto,FETUSDT,15m,entry,"macd|fast12,slow26|reversal|ls",macd,ls,reversal,-,-6.396,-9.681,-0.9755,0.023,974.1,-0.9754,1292
crypto,FETUSDT,15m,entry,donchian|lookback55|reversal|ls,donchian,ls,reversal,-,-0.041,-0.069,-0.2442,0.465,146.6,-0.063,1292
crypto,FETUSDT,15m,entry,blend|ls,blend,ls,-,-,-0.526,-1.411,-0.1641,0.465,127.3,-0.1392,1292
crypto,FETUSDT,15m,entry,strength|ls,strength,ls,-,-,-2.611,-5.923,-0.6167,0.14,438.7,-0.607,1292
crypto,FETUSDT,15m,direction,"ema|fast50,slow200|reversal|long_only",ema,long_only,reversal,-,0.072,0.119,-0.1577,0.488,52.2,0.0074,1292
crypto,FETUSDT,15m,direction,"ema|fast50,slow200|reversal|short_only",ema,short_only,reversal,-,0.4,0.676,-0.1603,0.581,60.8,0.1549,1292
crypto,FETUSDT,15m,direction,"ema|fast50,slow200|reversal|asym",ema,asym,reversal,-,0.19,0.309,-0.1607,0.442,70.4,0.054,1292
crypto,FETUSDT,15m,exit,"ema|fast50,slow200|atr_trailing|ls",ema,ls,atr_trailing,-,-1.167,-2.013,-0.51,0.349,327.9,-0.5096,1292
crypto,FETUSDT,15m,exit,"ema|fast50,slow200|channel|ls",ema,ls,channel,-,-1.625,-2.823,-0.6241,0.395,427.0,-0.6241,1292
crypto,FETUSDT,15m,gate,"ema|fast50,slow200|g:adx|reversal|ls",ema,ls,reversal,adx,0.609,1.042,-0.1942,0.581,95.2,0.3449,1292
crypto,FETUSDT,15m,gate,"ema|fast50,slow200|g:ltf|reversal|ls",ema,ls,reversal,ltf,0.312,0.531,-0.2049,0.558,113.0,0.1396,1292
crypto,FETUSDT,15m,gate,"ema|fast50,slow200|g:vol|reversal|ls",ema,ls,reversal,vol,0.362,0.613,-0.1932,0.488,110.9,0.1719,1292
crypto,FETUSDT,15m,headline,blend|long_only,blend,long_only,-,-,-0.055,-0.134,-0.0582,0.465,52.8,-0.0131,1292
crypto,FETUSDT,15m,headline,blend|asym,blend,asym,-,-,-0.26,-0.679,-0.0785,0.442,75.1,-0.0497,1292
crypto,FETUSDT,5m,entry,"ema|fast20,slow100|reversal|ls",ema,ls,reversal,-,-3.799,-5.926,-0.89,0.186,658.1,-0.8876,1292
crypto,FETUSDT,5m,entry,"ema|fast50,slow200|reversal|ls",ema,ls,reversal,-,-0.928,-1.562,-0.4704,0.326,356.5,-0.4313,1292
crypto,FETUSDT,5m,entry,"ema|fast100,slow300|reversal|ls",ema,ls,reversal,-,-0.225,-0.37,-0.2423,0.419,262.9,-0.1553,1292
crypto,FETUSDT,5m,entry,"sma|fast50,slow200|reversal|ls",sma,ls,reversal,-,-1.052,-1.708,-0.5019,0.302,362.7,-0.48,1292
crypto,FETUSDT,5m,entry,tsmom|lookback30|reversal|ls,tsmom,ls,reversal,-,-14.935,-19.201,-1.0,0.0,3143.6,-1.0,1292
crypto,FETUSDT,5m,entry,tsmom|lookback90|reversal|ls,tsmom,ls,reversal,-,-9.765,-13.454,-0.9984,0.023,1951.9,-0.9984,1292
crypto,FETUSDT,5m,entry,"macd|fast12,slow26|reversal|ls",macd,ls,reversal,-,-15.078,-19.315,-1.0,0.0,3024.9,-1.0,1292
crypto,FETUSDT,5m,entry,donchian|lookback55|reversal|ls,donchian,ls,reversal,-,-3.244,-5.167,-0.8459,0.186,471.4,-0.8413,1292
crypto,FETUSDT,5m,entry,blend|ls,blend,ls,-,-,-3.858,-8.701,-0.6469,0.116,401.6,-0.6396,1292
crypto,FETUSDT,5m,entry,strength|ls,strength,ls,-,-,-10.283,-17.473,-0.9755,0.023,1396.7,-0.9749,1292
crypto,FETUSDT,5m,direction,"ema|fast50,slow200|reversal|long_only",ema,long_only,reversal,-,-0.79,-1.687,-0.3144,0.372,169.3,-0.2753,1292
crypto,FETUSDT,5m,direction,"ema|fast50,slow200|reversal|short_only",ema,short_only,reversal,-,-0.37,-0.808,-0.2296,0.395,187.2,-0.1585,1292
crypto,FETUSDT,5m,direction,"ema|fast50,slow200|reversal|asym",ema,asym,reversal,-,-0.893,-1.622,-0.3574,0.372,225.4,-0.3174,1292
crypto,FETUSDT,5m,exit,"ema|fast50,slow200|atr_trailing|ls",ema,ls,atr_trailing,-,-4.74,-7.47,-0.9378,0.093,1091.7,-0.9365,1292
crypto,FETUSDT,5m,exit,"ema|fast50,slow200|channel|ls",ema,ls,channel,-,-5.915,-9.075,-0.9701,0.047,1369.2,-0.9697,1292
crypto,FETUSDT,5m,gate,"ema|fast50,slow200|g:adx|reversal|ls",ema,ls,reversal,adx,-0.711,-1.169,-0.4034,0.395,301.3,-0.3591,1292
crypto,FETUSDT,5m,gate,"ema|fast50,slow200|g:ltf|reversal|ls",ema,ls,reversal,ltf,-0.928,-1.562,-0.4704,0.326,356.5,-0.4313,1292
crypto,FETUSDT,5m,gate,"ema|fast50,slow200|g:vol|reversal|ls",ema,ls,reversal,vol,-0.837,-1.44,-0.4467,0.395,349.5,-0.3995,1292
crypto,FETUSDT,5m,headline,blend|long_only,blend,long_only,-,-,-2.474,-6.165,-0.3566,0.302,178.8,-0.3502,1292
crypto,FETUSDT,5m,headline,blend|asym,blend,asym,-,-,-3.251,-7.619,-0.4585,0.209,245.7,-0.4523,1292
crypto,CRVUSDT,1d,entry,"ema|fast20,slow100|reversal|ls",ema,ls,reversal,-,-0.051,-0.071,-0.2915,0.521,1.1,-0.1052,2160
crypto,CRVUSDT,1d,entry,"ema|fast50,slow200|reversal|ls",ema,ls,reversal,-,-0.617,-0.807,-0.5271,0.479,1.0,-0.4578,2160
crypto,CRVUSDT,1d,entry,"ema|fast100,slow300|reversal|ls",ema,ls,reversal,-,-0.366,-0.477,-0.4165,0.493,0.6,-0.3233,2160
crypto,CRVUSDT,1d,entry,"sma|fast50,slow200|reversal|ls",sma,ls,reversal,-,-0.649,-0.832,-0.5724,0.423,1.1,-0.4637,2160
crypto,CRVUSDT,1d,entry,tsmom|lookback30|reversal|ls,tsmom,ls,reversal,-,0.409,0.601,-0.2762,0.535,7.6,0.344,2160
crypto,CRVUSDT,1d,entry,tsmom|lookback90|reversal|ls,tsmom,ls,reversal,-,-0.036,-0.051,-0.3075,0.437,4.0,-0.0934,2160
crypto,CRVUSDT,1d,entry,"macd|fast12,slow26|reversal|ls",macd,ls,reversal,-,-0.131,-0.193,-0.4057,0.465,6.9,-0.1667,2160
crypto,CRVUSDT,1d,entry,donchian|lookback55|reversal|ls,donchian,ls,reversal,-,0.136,0.196,-0.2857,0.437,1.2,0.0562,2160
crypto,CRVUSDT,1d,entry,blend|ls,blend,ls,-,-,-0.328,-0.386,-0.1851,0.352,1.2,-0.1429,2160
crypto,CRVUSDT,1d,entry,strength|ls,strength,ls,-,-,-0.054,-0.074,-0.1815,0.366,3.4,-0.0539,2160
crypto,CRVUSDT,1d,direction,"ema|fast50,slow200|reversal|long_only",ema,long_only,reversal,-,-0.337,-0.258,-0.2681,0.113,0.4,-0.1633,2160
crypto,CRVUSDT,1d,direction,"ema|fast50,slow200|reversal|short_only",ema,short_only,reversal,-,-0.516,-0.551,-0.4347,0.423,0.6,-0.3518,2160
crypto,CRVUSDT,1d,direction,"ema|fast50,slow200|reversal|asym",ema,asym,reversal,-,-0.526,-0.634,-0.3336,0.493,0.5,-0.258,2160
crypto,CRVUSDT,1d,exit,"ema|fast50,slow200|atr_trailing|ls",ema,ls,atr_trailing,-,-0.409,-0.54,-0.4289,0.479,2.7,-0.3415,2160
crypto,CRVUSDT,1d,exit,"ema|fast50,slow200|channel|ls",ema,ls,channel,-,-0.518,-0.682,-0.4744,0.465,4.2,-0.3962,2160
crypto,CRVUSDT,1d,gate,"ema|fast50,slow200|g:adx|reversal|ls",ema,ls,reversal,adx,-0.428,-0.557,-0.449,0.493,0.8,-0.359,2160
crypto,CRVUSDT,1d,gate,"ema|fast50,slow200|g:ltf|reversal|ls",ema,ls,reversal,ltf,-0.617,-0.807,-0.5271,0.479,1.0,-0.4578,2160
crypto,CRVUSDT,1d,gate,"ema|fast50,slow200|g:vol|reversal|ls",ema,ls,reversal,vol,-0.474,-0.53,-0.5005,0.394,0.8,-0.3452,2160
crypto,CRVUSDT,1d,headline,blend|long_only,blend,long_only,-,-,-0.065,-0.053,-0.0568,0.113,0.3,-0.0135,2160
crypto,CRVUSDT,1d,headline,blend|asym,blend,asym,-,-,-0.239,-0.302,-0.078,0.352,0.6,-0.0517,2160
crypto,CRVUSDT,4h,entry,"ema|fast20,slow100|reversal|ls",ema,ls,reversal,-,0.402,0.648,-0.2095,0.479,11.5,0.3519,2160
crypto,CRVUSDT,4h,entry,"ema|fast50,slow200|reversal|ls",ema,ls,reversal,-,0.287,0.448,-0.2148,0.549,6.0,0.2167,2160
crypto,CRVUSDT,4h,entry,"ema|fast100,slow300|reversal|ls",ema,ls,reversal,-,0.22,0.342,-0.2259,0.549,4.6,0.1428,2160
crypto,CRVUSDT,4h,entry,"sma|fast50,slow200|reversal|ls",sma,ls,reversal,-,0.349,0.506,-0.186,0.563,6.1,0.2906,2160
crypto,CRVUSDT,4h,entry,tsmom|lookback30|reversal|ls,tsmom,ls,reversal,-,-0.162,-0.268,-0.4047,0.451,50.1,-0.2037,2160
crypto,CRVUSDT,4h,entry,tsmom|lookback90|reversal|ls,tsmom,ls,reversal,-,-0.245,-0.37,-0.3574,0.408,32.6,-0.2674,2160
crypto,CRVUSDT,4h,entry,"macd|fast12,slow26|reversal|ls",macd,ls,reversal,-,0.095,0.147,-0.3186,0.507,52.3,0.0143,2160
crypto,CRVUSDT,4h,entry,donchian|lookback55|reversal|ls,donchian,ls,reversal,-,0.02,0.03,-0.3189,0.465,8.2,-0.0558,2160
crypto,CRVUSDT,4h,entry,blend|ls,blend,ls,-,-,0.113,0.165,-0.1031,0.423,7.4,0.0354,2160
crypto,CRVUSDT,4h,entry,strength|ls,strength,ls,-,-,0.177,0.285,-0.1581,0.437,24.0,0.0787,2160
crypto,CRVUSDT,4h,direction,"ema|fast50,slow200|reversal|long_only",ema,long_only,reversal,-,0.392,0.406,-0.1705,0.296,2.5,0.2247,2160
crypto,CRVUSDT,4h,direction,"ema|fast50,slow200|reversal|short_only",ema,short_only,reversal,-,0.055,0.066,-0.2374,0.423,3.4,-0.0052,2160
crypto,CRVUSDT,4h,direction,"ema|fast50,slow200|reversal|asym",ema,asym,reversal,-,0.387,0.551,-0.1822,0.577,3.6,0.2346,2160
crypto,CRVUSDT,4h,exit,"ema|fast50,slow200|atr_trailing|ls",ema,ls,atr_trailing,-,0.207,0.339,-0.1936,0.535,17.9,0.1273,2160
crypto,CRVUSDT,4h,exit,"ema|fast50,slow200|channel|ls",ema,ls,channel,-,-0.249,-0.382,-0.3825,0.535,23.7,-0.2656,2160
crypto,CRVUSDT,4h,gate,"ema|fast50,slow200|g:adx|reversal|ls",ema,ls,reversal,adx,0.238,0.375,-0.2309,0.535,5.6,0.1615,2160
crypto,CRVUSDT,4h,gate,"ema|fast50,slow200|g:ltf|reversal|ls",ema,ls,reversal,ltf,0.287,0.448,-0.2148,0.549,6.0,0.2167,2160
crypto,CRVUSDT,4h,gate,"ema|fast50,slow200|g:vol|reversal|ls",ema,ls,reversal,vol,0.389,0.605,-0.2074,0.535,5.7,0.3332,2160
crypto,CRVUSDT,4h,headline,blend|long_only,blend,long_only,-,-,0.457,0.483,-0.0587,0.211,2.6,0.1263,2160
crypto,CRVUSDT,4h,headline,blend|asym,blend,asym,-,-,0.35,0.519,-0.0687,0.408,4.0,0.1016,2160
crypto,CRVUSDT,1h,entry,"ema|fast20,slow100|reversal|ls",ema,ls,reversal,-,-0.304,-0.494,-0.4459,0.465,47.8,-0.3067,2160
crypto,CRVUSDT,1h,entry,"ema|fast50,slow200|reversal|ls",ema,ls,reversal,-,0.268,0.455,-0.3415,0.549,27.4,0.1933,2160
crypto,CRVUSDT,1h,entry,"ema|fast100,slow300|reversal|ls",ema,ls,reversal,-,0.538,0.892,-0.2175,0.507,19.6,0.5305,2160
crypto,CRVUSDT,1h,entry,"sma|fast50,slow200|reversal|ls",sma,ls,reversal,-,-0.008,-0.014,-0.3069,0.451,27.6,-0.0788,2160
crypto,CRVUSDT,1h,entry,tsmom|lookback30|reversal|ls,tsmom,ls,reversal,-,-1.538,-2.453,-0.8269,0.324,224.8,-0.7884,2160
crypto,CRVUSDT,1h,entry,tsmom|lookback90|reversal|ls,tsmom,ls,reversal,-,-0.636,-1.027,-0.5958,0.437,136.4,-0.4973,2160
crypto,CRVUSDT,1h,entry,"macd|fast12,slow26|reversal|ls",macd,ls,reversal,-,-1.519,-2.312,-0.7997,0.352,225.5,-0.7788,2160
crypto,CRVUSDT,1h,entry,donchian|lookback55|reversal|ls,donchian,ls,reversal,-,-0.199,-0.335,-0.4327,0.451,34.1,-0.2313,2160
crypto,CRVUSDT,1h,entry,blend|ls,blend,ls,-,-,-0.171,-0.332,-0.1958,0.451,29.9,-0.0909,2160
crypto,CRVUSDT,1h,entry,strength|ls,strength,ls,-,-,-0.738,-1.38,-0.4454,0.408,101.8,-0.3778,2160
crypto,CRVUSDT,1h,direction,"ema|fast50,slow200|reversal|long_only",ema,long_only,reversal,-,0.137,0.173,-0.1942,0.366,12.9,0.0536,2160
crypto,CRVUSDT,1h,direction,"ema|fast50,slow200|reversal|short_only",ema,short_only,reversal,-,0.245,0.315,-0.2687,0.451,14.6,0.1405,2160
crypto,CRVUSDT,1h,direction,"ema|fast50,slow200|reversal|asym",ema,asym,reversal,-,0.208,0.317,-0.21,0.437,17.2,0.105,2160
crypto,CRVUSDT,1h,exit,"ema|fast50,slow200|atr_trailing|ls",ema,ls,atr_trailing,-,-0.078,-0.131,-0.3611,0.465,72.1,-0.1396,2160
crypto,CRVUSDT,1h,exit,"ema|fast50,slow200|channel|ls",ema,ls,channel,-,-0.109,-0.189,-0.3794,0.479,89.6,-0.1625,2160
crypto,CRVUSDT,1h,gate,"ema|fast50,slow200|g:adx|reversal|ls",ema,ls,reversal,adx,-0.023,-0.037,-0.3633,0.479,24.3,-0.0914,2160
crypto,CRVUSDT,1h,gate,"ema|fast50,slow200|g:ltf|reversal|ls",ema,ls,reversal,ltf,0.268,0.455,-0.3415,0.549,27.4,0.1933,2160
crypto,CRVUSDT,1h,gate,"ema|fast50,slow200|g:vol|reversal|ls",ema,ls,reversal,vol,0.092,0.15,-0.3895,0.535,27.1,0.0121,2160
crypto,CRVUSDT,1h,headline,blend|long_only,blend,long_only,-,-,-0.387,-0.567,-0.1691,0.296,13.0,-0.1055,2160
crypto,CRVUSDT,1h,headline,blend|asym,blend,asym,-,-,-0.328,-0.599,-0.1723,0.352,18.1,-0.0982,2160
crypto,CRVUSDT,15m,entry,"ema|fast20,slow100|reversal|ls",ema,ls,reversal,-,-0.457,-0.754,-0.6161,0.394,186.8,-0.3872,2160
crypto,CRVUSDT,15m,entry,"ema|fast50,slow200|reversal|ls",ema,ls,reversal,-,-0.059,-0.096,-0.4667,0.437,105.7,-0.117,2160
crypto,CRVUSDT,15m,entry,"ema|fast100,slow300|reversal|ls",ema,ls,reversal,-,-0.027,-0.046,-0.3482,0.479,78.4,-0.0901,2160
crypto,CRVUSDT,15m,entry,"sma|fast50,slow200|reversal|ls",sma,ls,reversal,-,0.062,0.099,-0.4334,0.493,107.8,-0.0137,2160
crypto,CRVUSDT,15m,entry,tsmom|lookback30|reversal|ls,tsmom,ls,reversal,-,-5.283,-7.854,-0.9949,0.099,886.4,-0.9947,2160
crypto,CRVUSDT,15m,entry,tsmom|lookback90|reversal|ls,tsmom,ls,reversal,-,-2.337,-3.721,-0.9256,0.282,520.8,-0.8988,2160
crypto,CRVUSDT,15m,entry,"macd|fast12,slow26|reversal|ls",macd,ls,reversal,-,-5.538,-8.458,-0.9959,0.127,924.1,-0.9958,2160
crypto,CRVUSDT,15m,entry,donchian|lookback55|reversal|ls,donchian,ls,reversal,-,-0.881,-1.383,-0.6481,0.352,131.9,-0.5848,2160
crypto,CRVUSDT,15m,entry,blend|ls,blend,ls,-,-,-1.026,-2.506,-0.4307,0.282,116.8,-0.3613,2160
crypto,CRVUSDT,15m,entry,strength|ls,strength,ls,-,-,-2.881,-6.048,-0.8245,0.239,417.8,-0.8021,2160
crypto,CRVUSDT,15m,direction,"ema|fast50,slow200|reversal|long_only",ema,long_only,reversal,-,-0.283,-0.452,-0.3506,0.408,51.0,-0.1818,2160
crypto,CRVUSDT,15m,direction,"ema|fast50,slow200|reversal|short_only",ema,short_only,reversal,-,0.212,0.358,-0.211,0.479,54.6,0.112,2160
crypto,CRVUSDT,15m,direction,"ema|fast50,slow200|reversal|asym",ema,asym,reversal,-,-0.206,-0.326,-0.3788,0.479,67.4,-0.1522,2160
crypto,CRVUSDT,15m,exit,"ema|fast50,slow200|atr_trailing|ls",ema,ls,atr_trailing,-,-1.005,-1.701,-0.688,0.38,277.8,-0.6239,2160
crypto,CRVUSDT,15m,exit,"ema|fast50,slow200|channel|ls",ema,ls,channel,-,-1.473,-2.434,-0.781,0.352,337.0,-0.758,2160
crypto,CRVUSDT,15m,gate,"ema|fast50,slow200|g:adx|reversal|ls",ema,ls,reversal,adx,-0.325,-0.523,-0.5032,0.493,95.7,-0.3084,2160
crypto,CRVUSDT,15m,gate,"ema|fast50,slow200|g:ltf|reversal|ls",ema,ls,reversal,ltf,-0.059,-0.096,-0.4667,0.437,105.7,-0.117,2160
crypto,CRVUSDT,15m,gate,"ema|fast50,slow200|g:vol|reversal|ls",ema,ls,reversal,vol,-0.17,-0.272,-0.4638,0.437,103.5,-0.2042,2160
crypto,CRVUSDT,15m,headline,blend|long_only,blend,long_only,-,-,-1.13,-2.353,-0.2744,0.282,53.4,-0.2582,2160
crypto,CRVUSDT,15m,headline,blend|asym,blend,asym,-,-,-1.198,-2.685,-0.3206,0.268,72.4,-0.2876,2160
crypto,CRVUSDT,5m,entry,"ema|fast20,slow100|reversal|ls",ema,ls,reversal,-,-3.516,-5.69,-0.9612,0.183,576.2,-0.9586,2160
crypto,CRVUSDT,5m,entry,"ema|fast50,slow200|reversal|ls",ema,ls,reversal,-,-1.456,-2.436,-0.7721,0.338,309.9,-0.7351,2160
crypto,CRVUSDT,5m,entry,"ema|fast100,slow300|reversal|ls",ema,ls,reversal,-,-0.773,-1.283,-0.6708,0.38,223.3,-0.5184,2160
crypto,CRVUSDT,5m,entry,"sma|fast50,slow200|reversal|ls",sma,ls,reversal,-,-1.903,-3.077,-0.8373,0.282,315.1,-0.8236,2160
crypto,CRVUSDT,5m,entry,tsmom|lookback30|reversal|ls,tsmom,ls,reversal,-,-12.801,-17.266,-1.0,0.0,2445.9,-1.0,2160
crypto,CRVUSDT,5m,entry,tsmom|lookback90|reversal|ls,tsmom,ls,reversal,-,-7.958,-11.454,-0.9997,0.028,1519.4,-0.9997,2160
crypto,CRVUSDT,5m,entry,"macd|fast12,slow26|reversal|ls",macd,ls,reversal,-,-14.764,-19.233,-1.0,0.0,2756.1,-1.0,2160
crypto,CRVUSDT,5m,entry,donchian|lookback55|reversal|ls,donchian,ls,reversal,-,-2.564,-4.097,-0.9099,0.225,358.1,-0.9007,2160
crypto,CRVUSDT,5m,entry,blend|ls,blend,ls,-,-,-3.349,-7.516,-0.7526,0.183,327.1,-0.7378,2160
crypto,CRVUSDT,5m,entry,strength|ls,strength,ls,-,-,-9.426,-17.165,-0.995,0.0,1249.6,-0.9949,2160
crypto,CRVUSDT,5m,direction,"ema|fast50,slow200|reversal|long_only",ema,long_only,reversal,-,-1.22,-2.428,-0.5576,0.31,151.6,-0.5209,2160
crypto,CRVUSDT,5m,direction,"ema|fast50,slow200|reversal|short_only",ema,short_only,reversal,-,-0.713,-1.595,-0.4777,0.338,158.2,-0.3876,2160
crypto,CRVUSDT,5m,direction,"ema|fast50,slow200|reversal|asym",ema,asym,reversal,-,-1.41,-2.442,-0.629,0.282,199.1,-0.5913,2160
crypto,CRVUSDT,5m,exit,"ema|fast50,slow200|atr_trailing|ls",ema,ls,atr_trailing,-,-3.836,-6.087,-0.9688,0.169,776.9,-0.9671,2160
crypto,CRVUSDT,5m,exit,"ema|fast50,slow200|channel|ls",ema,ls,channel,-,-4.904,-7.585,-0.9878,0.085,902.4,-0.9874,2160
crypto,CRVUSDT,5m,gate,"ema|fast50,slow200|g:adx|reversal|ls",ema,ls,reversal,adx,-1.11,-1.816,-0.7389,0.352,270.4,-0.6458,2160
crypto,CRVUSDT,5m,gate,"ema|fast50,slow200|g:ltf|reversal|ls",ema,ls,reversal,ltf,-1.456,-2.436,-0.7721,0.338,309.9,-0.7351,2160
crypto,CRVUSDT,5m,gate,"ema|fast50,slow200|g:vol|reversal|ls",ema,ls,reversal,vol,-1.585,-2.634,-0.7928,0.338,304.0,-0.7638,2160
crypto,CRVUSDT,5m,headline,blend|long_only,blend,long_only,-,-,-2.847,-6.7,-0.5185,0.183,154.7,-0.5188,2160
crypto,CRVUSDT,5m,headline,blend|asym,blend,asym,-,-,-3.319,-7.316,-0.6006,0.155,206.4,-0.5959,2160
crypto,1000LUNCUSDT,1d,entry,"ema|fast20,slow100|reversal|ls",ema,ls,reversal,-,0.171,0.186,-0.2413,0.532,1.5,0.0577,1422
crypto,1000LUNCUSDT,1d,entry,"ema|fast50,slow200|reversal|ls",ema,ls,reversal,-,-0.639,-0.645,-0.4691,0.447,0.9,-0.3932,1422
crypto,1000LUNCUSDT,1d,entry,"ema|fast100,slow300|reversal|ls",ema,ls,reversal,-,-1.018,-0.997,-0.5905,0.383,0.9,-0.532,1422
crypto,1000LUNCUSDT,1d,entry,"sma|fast50,slow200|reversal|ls",sma,ls,reversal,-,-0.439,-0.428,-0.439,0.404,1.0,-0.2992,1422
crypto,1000LUNCUSDT,1d,entry,tsmom|lookback30|reversal|ls,tsmom,ls,reversal,-,0.012,0.015,-0.3897,0.468,13.6,-0.051,1422
crypto,1000LUNCUSDT,1d,entry,tsmom|lookback90|reversal|ls,tsmom,ls,reversal,-,0.044,0.047,-0.2679,0.383,7.6,-0.0309,1422
crypto,1000LUNCUSDT,1d,entry,"macd|fast12,slow26|reversal|ls",macd,ls,reversal,-,0.481,0.7,-0.2938,0.596,8.4,0.3103,1422
crypto,1000LUNCUSDT,1d,entry,donchian|lookback55|reversal|ls,donchian,ls,reversal,-,-0.616,-0.638,-0.4343,0.362,1.9,-0.3805,1422
crypto,1000LUNCUSDT,1d,entry,blend|ls,blend,ls,-,-,-0.26,-0.231,-0.2051,0.426,1.3,-0.1127,1422
crypto,1000LUNCUSDT,1d,entry,strength|ls,strength,ls,-,-,0.057,0.058,-0.1857,0.383,4.1,-0.0009,1422
crypto,1000LUNCUSDT,1d,direction,"ema|fast50,slow200|reversal|long_only",ema,long_only,reversal,-,-0.429,-0.305,-0.128,0.128,0.3,-0.1224,1422
crypto,1000LUNCUSDT,1d,direction,"ema|fast50,slow200|reversal|short_only",ema,short_only,reversal,-,-0.507,-0.423,-0.3949,0.362,0.7,-0.3085,1422
crypto,1000LUNCUSDT,1d,direction,"ema|fast50,slow200|reversal|asym",ema,asym,reversal,-,-0.638,-0.714,-0.2383,0.447,0.5,-0.2057,1422
crypto,1000LUNCUSDT,1d,exit,"ema|fast50,slow200|atr_trailing|ls",ema,ls,atr_trailing,-,-0.588,-0.592,-0.4489,0.383,3.0,-0.3646,1422
crypto,1000LUNCUSDT,1d,exit,"ema|fast50,slow200|channel|ls",ema,ls,channel,-,-0.845,-0.855,-0.5329,0.383,3.8,-0.4622,1422
crypto,1000LUNCUSDT,1d,gate,"ema|fast50,slow200|g:adx|reversal|ls",ema,ls,reversal,adx,-0.639,-0.645,-0.4691,0.447,0.9,-0.3932,1422
crypto,1000LUNCUSDT,1d,gate,"ema|fast50,slow200|g:ltf|reversal|ls",ema,ls,reversal,ltf,-0.639,-0.645,-0.4691,0.447,0.9,-0.3932,1422
crypto,1000LUNCUSDT,1d,gate,"ema|fast50,slow200|g:vol|reversal|ls",ema,ls,reversal,vol,-0.338,-0.285,-0.2546,0.277,0.7,-0.1984,1422
crypto,1000LUNCUSDT,1d,headline,blend|long_only,blend,long_only,-,-,0.123,0.075,-0.0561,0.149,0.2,0.0145,1422
crypto,1000LUNCUSDT,1d,headline,blend|asym,blend,asym,-,-,-0.104,-0.106,-0.0959,0.426,0.6,-0.0218,1422
crypto,1000LUNCUSDT,4h,entry,"ema|fast20,slow100|reversal|ls",ema,ls,reversal,-,0.412,0.608,-0.3072,0.596,14.6,0.246,1422
crypto,1000LUNCUSDT,4h,entry,"ema|fast50,slow200|reversal|ls",ema,ls,reversal,-,0.334,0.455,-0.3646,0.574,8.8,0.1857,1422
crypto,1000LUNCUSDT,4h,entry,"ema|fast100,slow300|reversal|ls",ema,ls,reversal,-,0.439,0.597,-0.3145,0.617,7.2,0.2756,1422
crypto,1000LUNCUSDT,4h,entry,"sma|fast50,slow200|reversal|ls",sma,ls,reversal,-,0.25,0.335,-0.3555,0.511,8.8,0.1185,1422
crypto,1000LUNCUSDT,4h,entry,tsmom|lookback30|reversal|ls,tsmom,ls,reversal,-,-0.055,-0.088,-0.3145,0.511,78.9,-0.0925,1422
crypto,1000LUNCUSDT,4h,entry,tsmom|lookback90|reversal|ls,tsmom,ls,reversal,-,0.298,0.493,-0.3204,0.574,40.7,0.1541,1422
crypto,1000LUNCUSDT,4h,entry,"macd|fast12,slow26|reversal|ls",macd,ls,reversal,-,-0.427,-0.717,-0.4023,0.489,69.0,-0.3039,1422
crypto,1000LUNCUSDT,4h,entry,donchian|lookback55|reversal|ls,donchian,ls,reversal,-,0.68,1.203,-0.3295,0.574,10.5,0.4996,1422
crypto,1000LUNCUSDT,4h,entry,blend|ls,blend,ls,-,-,0.502,0.742,-0.1171,0.489,9.5,0.1643,1422
crypto,1000LUNCUSDT,4h,entry,strength|ls,strength,ls,-,-,0.151,0.236,-0.1791,0.489,31.5,0.0408,1422
crypto,1000LUNCUSDT,4h,direction,"ema|fast50,slow200|reversal|long_only",ema,long_only,reversal,-,0.14,0.143,-0.2467,0.277,3.4,0.0347,1422
crypto,1000LUNCUSDT,4h,direction,"ema|fast50,slow200|reversal|short_only",ema,short_only,reversal,-,0.31,0.324,-0.227,0.489,5.3,0.1488,1422
crypto,1000LUNCUSDT,4h,direction,"ema|fast50,slow200|reversal|asym",ema,asym,reversal,-,0.259,0.367,-0.2663,0.596,5.0,0.0875,1422
crypto,1000LUNCUSDT,4h,exit,"ema|fast50,slow200|atr_trailing|ls",ema,ls,atr_trailing,-,0.469,0.679,-0.2768,0.553,21.3,0.2959,1422
crypto,1000LUNCUSDT,4h,exit,"ema|fast50,slow200|channel|ls",ema,ls,channel,-,0.121,0.176,-0.3915,0.532,25.1,0.0242,1422
crypto,1000LUNCUSDT,4h,gate,"ema|fast50,slow200|g:adx|reversal|ls",ema,ls,reversal,adx,0.373,0.503,-0.3473,0.553,7.8,0.2189,1422
crypto,1000LUNCUSDT,4h,gate,"ema|fast50,slow200|g:ltf|reversal|ls",ema,ls,reversal,ltf,0.334,0.455,-0.3646,0.574,8.8,0.1857,1422
crypto,1000LUNCUSDT,4h,gate,"ema|fast50,slow200|g:vol|reversal|ls",ema,ls,reversal,vol,0.339,0.447,-0.3312,0.489,8.4,0.1869,1422
crypto,1000LUNCUSDT,4h,headline,blend|long_only,blend,long_only,-,-,0.53,0.516,-0.0695,0.234,2.8,0.0931,1422
crypto,1000LUNCUSDT,4h,headline,blend|asym,blend,asym,-,-,0.593,0.877,-0.0752,0.511,4.8,0.1168,1422
crypto,1000LUNCUSDT,1h,entry,"ema|fast20,slow100|reversal|ls",ema,ls,reversal,-,0.114,0.19,-0.2448,0.553,68.7,0.0196,1422
crypto,1000LUNCUSDT,1h,entry,"ema|fast50,slow200|reversal|ls",ema,ls,reversal,-,0.474,0.808,-0.2517,0.553,38.1,0.2944,1422
crypto,1000LUNCUSDT,1h,entry,"ema|fast100,slow300|reversal|ls",ema,ls,reversal,-,0.123,0.188,-0.3302,0.532,28.9,0.0254,1422
crypto,1000LUNCUSDT,1h,entry,"sma|fast50,slow200|reversal|ls",sma,ls,reversal,-,0.836,1.336,-0.2429,0.511,36.2,0.6516,1422
crypto,1000LUNCUSDT,1h,entry,tsmom|lookback30|reversal|ls,tsmom,ls,reversal,-,-2.121,-3.507,-0.7948,0.234,317.9,-0.7805,1422
crypto,1000LUNCUSDT,1h,entry,tsmom|lookback90|reversal|ls,tsmom,ls,reversal,-,-0.237,-0.43,-0.4375,0.426,209.1,-0.1942,1422
crypto,1000LUNCUSDT,1h,entry,"macd|fast12,slow26|reversal|ls",macd,ls,reversal,-,-1.112,-1.759,-0.5646,0.319,298.4,-0.5508,1422
crypto,1000LUNCUSDT,1h,entry,donchian|lookback55|reversal|ls,donchian,ls,reversal,-,0.034,0.052,-0.2882,0.511,44.4,-0.0343,1422
crypto,1000LUNCUSDT,1h,entry,blend|ls,blend,ls,-,-,0.3,0.592,-0.0977,0.489,38.8,0.0917,1422
crypto,1000LUNCUSDT,1h,entry,strength|ls,strength,ls,-,-,-0.428,-0.903,-0.2261,0.34,142.6,-0.1911,1422
crypto,1000LUNCUSDT,1h,direction,"ema|fast50,slow200|reversal|long_only",ema,long_only,reversal,-,0.112,0.138,-0.2113,0.362,16.9,0.0249,1422
crypto,1000LUNCUSDT,1h,direction,"ema|fast50,slow200|reversal|short_only",ema,short_only,reversal,-,0.544,0.722,-0.1472,0.511,21.2,0.2786,1422
crypto,1000LUNCUSDT,1h,direction,"ema|fast50,slow200|reversal|asym",ema,asym,reversal,-,0.286,0.443,-0.206,0.468,23.3,0.1093,1422
crypto,1000LUNCUSDT,1h,exit,"ema|fast50,slow200|atr_trailing|ls",ema,ls,atr_trailing,-,0.805,1.352,-0.2196,0.681,92.4,0.6063,1422
crypto,1000LUNCUSDT,1h,exit,"ema|fast50,slow200|channel|ls",ema,ls,channel,-,0.333,0.555,-0.3432,0.532,111.0,0.1803,1422
crypto,1000LUNCUSDT,1h,gate,"ema|fast50,slow200|g:adx|reversal|ls",ema,ls,reversal,adx,0.639,1.073,-0.2553,0.574,32.4,0.4484,1422
crypto,1000LUNCUSDT,1h,gate,"ema|fast50,slow200|g:ltf|reversal|ls",ema,ls,reversal,ltf,0.474,0.808,-0.2517,0.553,38.1,0.2944,1422
crypto,1000LUNCUSDT,1h,gate,"ema|fast50,slow200|g:vol|reversal|ls",ema,ls,reversal,vol,0.465,0.806,-0.2413,0.553,37.6,0.2845,1422
crypto,1000LUNCUSDT,1h,headline,blend|long_only,blend,long_only,-,-,0.373,0.654,-0.0744,0.404,14.9,0.0767,1422
crypto,1000LUNCUSDT,1h,headline,blend|asym,blend,asym,-,-,0.385,0.84,-0.0766,0.404,22.1,0.0845,1422
crypto,1000LUNCUSDT,15m,entry,"ema|fast20,slow100|reversal|ls",ema,ls,reversal,-,-1.421,-2.351,-0.6987,0.319,269.4,-0.65,1422
crypto,1000LUNCUSDT,15m,entry,"ema|fast50,slow200|reversal|ls",ema,ls,reversal,-,-0.561,-1.009,-0.4903,0.489,157.1,-0.356,1422
crypto,1000LUNCUSDT,15m,entry,"ema|fast100,slow300|reversal|ls",ema,ls,reversal,-,0.108,0.198,-0.2736,0.553,118.7,0.0156,1422
crypto,1000LUNCUSDT,15m,entry,"sma|fast50,slow200|reversal|ls",sma,ls,reversal,-,-0.703,-1.263,-0.5279,0.34,162.4,-0.4106,1422
crypto,1000LUNCUSDT,15m,entry,tsmom|lookback30|reversal|ls,tsmom,ls,reversal,-,-7.89,-11.831,-0.998,0.043,1412.9,-0.9979,1422
crypto,1000LUNCUSDT,15m,entry,tsmom|lookback90|reversal|ls,tsmom,ls,reversal,-,-4.385,-6.56,-0.9684,0.128,834.5,-0.9675,1422
crypto,1000LUNCUSDT,15m,entry,"macd|fast12,slow26|reversal|ls",macd,ls,reversal,-,-7.817,-11.822,-0.9973,0.064,1278.1,-0.9971,1422
crypto,1000LUNCUSDT,15m,entry,donchian|lookback55|reversal|ls,donchian,ls,reversal,-,-1.438,-2.186,-0.6904,0.298,185.0,-0.6568,1422
crypto,1000LUNCUSDT,15m,entry,blend|ls,blend,ls,-,-,-1.003,-2.966,-0.3306,0.319,158.8,-0.2931,1422
crypto,1000LUNCUSDT,15m,entry,strength|ls,strength,ls,-,-,-3.375,-7.632,-0.7837,0.191,588.0,-0.781,1422
crypto,1000LUNCUSDT,15m,direction,"ema|fast50,slow200|reversal|long_only",ema,long_only,reversal,-,-0.753,-1.286,-0.355,0.34,75.8,-0.2871,1422
crypto,1000LUNCUSDT,15m,direction,"ema|fast50,slow200|reversal|short_only",ema,short_only,reversal,-,-0.024,-0.042,-0.2352,0.532,81.3,-0.0469,1422
crypto,1000LUNCUSDT,15m,direction,"ema|fast50,slow200|reversal|asym",ema,asym,reversal,-,-0.73,-1.254,-0.3868,0.34,100.2,-0.2984,1422
crypto,1000LUNCUSDT,15m,exit,"ema|fast50,slow200|atr_trailing|ls",ema,ls,atr_trailing,-,-2.14,-3.645,-0.8062,0.191,418.7,-0.7906,1422
crypto,1000LUNCUSDT,15m,exit,"ema|fast50,slow200|channel|ls",ema,ls,channel,-,-2.27,-3.962,-0.8227,0.234,501.8,-0.8113,1422
crypto,1000LUNCUSDT,15m,gate,"ema|fast50,slow200|g:adx|reversal|ls",ema,ls,reversal,adx,-0.591,-0.96,-0.4871,0.426,137.6,-0.3779,1422
crypto,1000LUNCUSDT,15m,gate,"ema|fast50,slow200|g:ltf|reversal|ls",ema,ls,reversal,ltf,-0.561,-1.009,-0.4903,0.489,157.1,-0.356,1422
crypto,1000LUNCUSDT,15m,gate,"ema|fast50,slow200|g:vol|reversal|ls",ema,ls,reversal,vol,-0.561,-0.966,-0.4899,0.468,154.6,-0.3583,1422
crypto,1000LUNCUSDT,15m,headline,blend|long_only,blend,long_only,-,-,-1.145,-2.98,-0.2502,0.319,72.7,-0.2078,1422
crypto,1000LUNCUSDT,15m,headline,blend|asym,blend,asym,-,-,-1.193,-3.289,-0.2715,0.298,98.5,-0.23,1422
crypto,1000LUNCUSDT,5m,entry,"ema|fast20,slow100|reversal|ls",ema,ls,reversal,-,-5.343,-8.242,-0.9803,0.106,885.3,-0.9796,1422
crypto,1000LUNCUSDT,5m,entry,"ema|fast50,slow200|reversal|ls",ema,ls,reversal,-,-2.477,-3.867,-0.8326,0.298,483.3,-0.8233,1422
crypto,1000LUNCUSDT,5m,entry,"ema|fast100,slow300|reversal|ls",ema,ls,reversal,-,-1.739,-2.825,-0.7142,0.255,351.1,-0.6943,1422
crypto,1000LUNCUSDT,5m,entry,"sma|fast50,slow200|reversal|ls",sma,ls,reversal,-,-2.092,-3.242,-0.776,0.277,484.1,-0.758,1422
crypto,1000LUNCUSDT,5m,entry,tsmom|lookback30|reversal|ls,tsmom,ls,reversal,-,-19.168,-23.446,-1.0,0.0,4160.1,-1.0,1422
crypto,1000LUNCUSDT,5m,entry,tsmom|lookback90|reversal|ls,tsmom,ls,reversal,-,-12.881,-16.518,-1.0,0.0,2635.9,-1.0,1422
crypto,1000LUNCUSDT,5m,entry,"macd|fast12,slow26|reversal|ls",macd,ls,reversal,-,-20.201,-24.464,-1.0,0.0,3908.1,-1.0,1422
crypto,1000LUNCUSDT,5m,entry,donchian|lookback55|reversal|ls,donchian,ls,reversal,-,-3.912,-6.088,-0.9329,0.191,589.9,-0.9329,1422
crypto,1000LUNCUSDT,5m,entry,blend|ls,blend,ls,-,-,-5.091,-11.464,-0.7881,0.106,503.5,-0.7871,1422
crypto,1000LUNCUSDT,5m,entry,strength|ls,strength,ls,-,-,-13.631,-22.173,-0.9974,0.0,1843.9,-0.9973,1422
crypto,1000LUNCUSDT,5m,direction,"ema|fast50,slow200|reversal|long_only",ema,long_only,reversal,-,-2.271,-4.462,-0.6365,0.213,235.9,-0.618,1422
crypto,1000LUNCUSDT,5m,direction,"ema|fast50,slow200|reversal|short_only",ema,short_only,reversal,-,-1.104,-2.129,-0.4835,0.319,247.4,-0.4453,1422
crypto,1000LUNCUSDT,5m,direction,"ema|fast50,slow200|reversal|asym",ema,asym,reversal,-,-2.534,-4.207,-0.703,0.234,310.1,-0.6885,1422
crypto,1000LUNCUSDT,5m,exit,"ema|fast50,slow200|atr_trailing|ls",ema,ls,atr_trailing,-,-7.806,-11.28,-0.9958,0.0,1409.4,-0.9957,1422
crypto,1000LUNCUSDT,5m,exit,"ema|fast50,slow200|channel|ls",ema,ls,channel,-,-8.762,-12.825,-0.9982,0.0,1635.0,-0.9982,1422
crypto,1000LUNCUSDT,5m,gate,"ema|fast50,slow200|g:adx|reversal|ls",ema,ls,reversal,adx,-2.127,-3.31,-0.7774,0.362,402.9,-0.7716,1422
crypto,1000LUNCUSDT,5m,gate,"ema|fast50,slow200|g:ltf|reversal|ls",ema,ls,reversal,ltf,-2.477,-3.867,-0.8326,0.298,483.3,-0.8233,1422
crypto,1000LUNCUSDT,5m,gate,"ema|fast50,slow200|g:vol|reversal|ls",ema,ls,reversal,vol,-2.462,-3.945,-0.8269,0.191,474.8,-0.8166,1422
crypto,1000LUNCUSDT,5m,headline,blend|long_only,blend,long_only,-,-,-4.177,-10.163,-0.5537,0.128,236.8,-0.5529,1422
crypto,1000LUNCUSDT,5m,headline,blend|asym,blend,asym,-,-,-4.892,-11.185,-0.6382,0.149,316.8,-0.6376,1422
crypto,STXUSDT,1d,entry,"ema|fast20,slow100|reversal|ls",ema,ls,reversal,-,0.263,0.274,-0.2598,0.268,0.8,0.1631,2472
crypto,STXUSDT,1d,entry,"ema|fast50,slow200|reversal|ls",ema,ls,reversal,-,0.415,0.436,-0.1743,0.293,0.5,0.2972,2472
crypto,STXUSDT,1d,entry,"ema|fast100,slow300|reversal|ls",ema,ls,reversal,-,0.294,0.318,-0.2153,0.268,0.6,0.1892,2472
crypto,STXUSDT,1d,entry,"sma|fast50,slow200|reversal|ls",sma,ls,reversal,-,0.482,0.494,-0.1477,0.28,0.6,0.3554,2472
crypto,STXUSDT,1d,entry,tsmom|lookback30|reversal|ls,tsmom,ls,reversal,-,0.252,0.277,-0.1693,0.293,4.5,0.1535,2472
crypto,STXUSDT,1d,entry,tsmom|lookback90|reversal|ls,tsmom,ls,reversal,-,0.228,0.236,-0.1795,0.28,2.5,0.134,2472
crypto,STXUSDT,1d,entry,"macd|fast12,slow26|reversal|ls",macd,ls,reversal,-,-0.265,-0.266,-0.2884,0.22,4.5,-0.2039,2472
crypto,STXUSDT,1d,entry,donchian|lookback55|reversal|ls,donchian,ls,reversal,-,0.355,0.384,-0.25,0.28,0.5,0.2425,2472
crypto,STXUSDT,1d,entry,blend|ls,blend,ls,-,-,0.243,0.221,-0.1105,0.232,0.7,0.0836,2472
crypto,STXUSDT,1d,entry,strength|ls,strength,ls,-,-,0.223,0.216,-0.123,0.232,1.8,0.0944,2472
crypto,STXUSDT,1d,direction,"ema|fast50,slow200|reversal|long_only",ema,long_only,reversal,-,0.256,0.189,-0.12,0.11,0.2,0.1027,2472
crypto,STXUSDT,1d,direction,"ema|fast50,slow200|reversal|short_only",ema,short_only,reversal,-,0.327,0.257,-0.1552,0.207,0.3,0.1765,2472
crypto,STXUSDT,1d,direction,"ema|fast50,slow200|reversal|asym",ema,asym,reversal,-,0.358,0.383,-0.1337,0.305,0.3,0.1637,2472
crypto,STXUSDT,1d,exit,"ema|fast50,slow200|atr_trailing|ls",ema,ls,atr_trailing,-,0.093,0.096,-0.2794,0.268,1.3,0.0294,2472
crypto,STXUSDT,1d,exit,"ema|fast50,slow200|channel|ls",ema,ls,channel,-,-0.253,-0.231,-0.4038,0.244,1.7,-0.1957,2472
crypto,STXUSDT,1d,gate,"ema|fast50,slow200|g:adx|reversal|ls",ema,ls,reversal,adx,0.335,0.352,-0.2235,0.293,0.5,0.225,2472
crypto,STXUSDT,1d,gate,"ema|fast50,slow200|g:ltf|reversal|ls",ema,ls,reversal,ltf,0.415,0.436,-0.1743,0.293,0.5,0.2972,2472
crypto,STXUSDT,1d,gate,"ema|fast50,slow200|g:vol|reversal|ls",ema,ls,reversal,vol,0.365,0.283,-0.1264,0.183,0.2,0.1945,2472
crypto,STXUSDT,1d,headline,blend|long_only,blend,long_only,-,-,0.375,0.241,-0.05,0.098,0.1,0.0654,2472
crypto,STXUSDT,1d,headline,blend|asym,blend,asym,-,-,0.364,0.369,-0.0678,0.244,0.3,0.0727,2472
crypto,STXUSDT,4h,entry,"ema|fast20,slow100|reversal|ls",ema,ls,reversal,-,-0.193,-0.114,-0.5578,0.28,7.1,-0.3943,2472
crypto,STXUSDT,4h,entry,"ema|fast50,slow200|reversal|ls",ema,ls,reversal,-,-0.127,-0.074,-0.5391,0.256,3.4,-0.3327,2472
crypto,STXUSDT,4h,entry,"ema|fast100,slow300|reversal|ls",ema,ls,reversal,-,-0.032,-0.019,-0.4862,0.28,2.6,-0.2196,2472
crypto,STXUSDT,4h,entry,"sma|fast50,slow200|reversal|ls",sma,ls,reversal,-,0.478,0.936,-0.3416,0.341,3.6,0.7545,2472
crypto,STXUSDT,4h,entry,tsmom|lookback30|reversal|ls,tsmom,ls,reversal,-,-0.333,-0.201,-0.5923,0.232,33.5,-0.5067,2472
crypto,STXUSDT,4h,entry,tsmom|lookback90|reversal|ls,tsmom,ls,reversal,-,0.579,1.142,-0.1757,0.341,20.1,1.0219,2472
crypto,STXUSDT,4h,entry,"macd|fast12,slow26|reversal|ls",macd,ls,reversal,-,-0.214,-0.129,-0.5378,0.28,30.5,-0.4142,2472
crypto,STXUSDT,4h,entry,donchian|lookback55|reversal|ls,donchian,ls,reversal,-,-0.238,-0.141,-0.5339,0.268,4.8,-0.4307,2472
crypto,STXUSDT,4h,entry,blend|ls,blend,ls,-,-,-0.202,-0.127,-0.2636,0.232,4.5,-0.1544,2472
crypto,STXUSDT,4h,entry,strength|ls,strength,ls,-,-,0.317,0.511,-0.1377,0.232,14.0,0.2182,2472
crypto,STXUSDT,4h,direction,"ema|fast50,slow200|reversal|long_only",ema,long_only,reversal,-,0.101,0.082,-0.2074,0.098,1.3,0.0306,2472
crypto,STXUSDT,4h,direction,"ema|fast50,slow200|reversal|short_only",ema,short_only,reversal,-,-0.167,-0.074,-0.5575,0.232,2.0,-0.3448,2472
crypto,STXUSDT,4h,direction,"ema|fast50,slow200|reversal|asym",ema,asym,reversal,-,-0.044,-0.031,-0.2121,0.268,2.0,-0.0554,2472
crypto,STXUSDT,4h,exit,"ema|fast50,slow200|atr_trailing|ls",ema,ls,atr_trailing,-,-0.144,-0.084,-0.5028,0.28,11.2,-0.348,2472
crypto,STXUSDT,4h,exit,"ema|fast50,slow200|channel|ls",ema,ls,channel,-,-0.203,-0.119,-0.5088,0.293,14.1,-0.4032,2472
crypto,STXUSDT,4h,gate,"ema|fast50,slow200|g:adx|reversal|ls",ema,ls,reversal,adx,-0.124,-0.073,-0.5179,0.256,3.1,-0.3155,2472
crypto,STXUSDT,4h,gate,"ema|fast50,slow200|g:ltf|reversal|ls",ema,ls,reversal,ltf,-0.127,-0.074,-0.5391,0.256,3.4,-0.3327,2472
crypto,STXUSDT,4h,gate,"ema|fast50,slow200|g:vol|reversal|ls",ema,ls,reversal,vol,0.21,0.23,-0.2954,0.244,3.3,0.1252,2472
crypto,STXUSDT,4h,headline,blend|long_only,blend,long_only,-,-,0.383,0.345,-0.0557,0.122,1.3,0.0849,2472
crypto,STXUSDT,4h,headline,blend|asym,blend,asym,-,-,0.07,0.058,-0.0901,0.183,2.2,0.0141,2472
crypto,STXUSDT,1h,entry,"ema|fast20,slow100|reversal|ls",ema,ls,reversal,-,0.098,0.152,-0.202,0.548,55.3,0.0084,1257
crypto,STXUSDT,1h,entry,"ema|fast50,slow200|reversal|ls",ema,ls,reversal,-,-0.024,-0.038,-0.2328,0.476,35.3,-0.058,1257
crypto,STXUSDT,1h,entry,"ema|fast100,slow300|reversal|ls",ema,ls,reversal,-,0.31,0.48,-0.1492,0.548,24.4,0.1374,1257
crypto,STXUSDT,1h,entry,"sma|fast50,slow200|reversal|ls",sma,ls,reversal,-,-0.68,-1.003,-0.3713,0.381,33.5,-0.3497,1257
crypto,STXUSDT,1h,entry,tsmom|lookback30|reversal|ls,tsmom,ls,reversal,-,-0.727,-1.156,-0.4374,0.405,269.7,-0.3804,1257
crypto,STXUSDT,1h,entry,tsmom|lookback90|reversal|ls,tsmom,ls,reversal,-,-0.763,-1.248,-0.434,0.429,154.0,-0.376,1257
crypto,STXUSDT,1h,entry,"macd|fast12,slow26|reversal|ls",macd,ls,reversal,-,-1.209,-1.755,-0.5485,0.31,255.3,-0.5214,1257
crypto,STXUSDT,1h,entry,donchian|lookback55|reversal|ls,donchian,ls,reversal,-,0.097,0.163,-0.2269,0.524,42.4,0.0095,1257
crypto,STXUSDT,1h,entry,blend|ls,blend,ls,-,-,0.142,0.263,-0.1116,0.548,35.3,0.0294,1257
crypto,STXUSDT,1h,entry,strength|ls,strength,ls,-,-,-0.843,-1.605,-0.3017,0.405,116.9,-0.2744,1257
crypto,STXUSDT,1h,direction,"ema|fast50,slow200|reversal|long_only",ema,long_only,reversal,-,-0.211,-0.266,-0.2068,0.333,15.6,-0.0866,1257
crypto,STXUSDT,1h,direction,"ema|fast50,slow200|reversal|short_only",ema,short_only,reversal,-,0.157,0.189,-0.2234,0.5,19.7,0.0419,1257
crypto,STXUSDT,1h,direction,"ema|fast50,slow200|reversal|asym",ema,asym,reversal,-,-0.144,-0.221,-0.1682,0.405,21.5,-0.0709,1257
crypto,STXUSDT,1h,exit,"ema|fast50,slow200|atr_trailing|ls",ema,ls,atr_trailing,-,-0.613,-0.983,-0.369,0.357,95.0,-0.3218,1257
crypto,STXUSDT,1h,exit,"ema|fast50,slow200|channel|ls",ema,ls,channel,-,-0.597,-0.984,-0.3732,0.381,114.6,-0.323,1257
crypto,STXUSDT,1h,gate,"ema|fast50,slow200|g:adx|reversal|ls",ema,ls,reversal,adx,-0.35,-0.502,-0.2853,0.524,32.2,-0.2204,1257
crypto,STXUSDT,1h,gate,"ema|fast50,slow200|g:ltf|reversal|ls",ema,ls,reversal,ltf,-0.024,-0.038,-0.2328,0.476,35.3,-0.058,1257
crypto,STXUSDT,1h,gate,"ema|fast50,slow200|g:vol|reversal|ls",ema,ls,reversal,vol,-0.055,-0.082,-0.2009,0.429,34.3,-0.0731,1257
crypto,STXUSDT,1h,headline,blend|long_only,blend,long_only,-,-,0.284,0.495,-0.0713,0.357,13.1,0.0471,1257
crypto,STXUSDT,1h,headline,blend|asym,blend,asym,-,-,0.257,0.547,-0.0753,0.452,19.8,0.0447,1257
crypto,STXUSDT,15m,entry,"ema|fast20,slow100|reversal|ls",ema,ls,reversal,-,-0.336,-0.553,-0.312,0.452,226.2,-0.225,1257
crypto,STXUSDT,15m,entry,"ema|fast50,slow200|reversal|ls",ema,ls,reversal,-,0.262,0.437,-0.2045,0.548,133.1,0.1099,1257
crypto,STXUSDT,15m,entry,"ema|fast100,slow300|reversal|ls",ema,ls,reversal,-,0.179,0.295,-0.2023,0.524,98.1,0.057,1257
crypto,STXUSDT,15m,entry,"sma|fast50,slow200|reversal|ls",sma,ls,reversal,-,0.309,0.508,-0.2026,0.5,132.1,0.1427,1257
crypto,STXUSDT,15m,entry,tsmom|lookback30|reversal|ls,tsmom,ls,reversal,-,-6.262,-9.642,-0.9827,0.024,1199.8,-0.9824,1257
crypto,STXUSDT,15m,entry,tsmom|lookback90|reversal|ls,tsmom,ls,reversal,-,-2.876,-4.479,-0.8697,0.214,667.0,-0.8557,1257
crypto,STXUSDT,15m,entry,"macd|fast12,slow26|reversal|ls",macd,ls,reversal,-,-6.649,-9.786,-0.9847,0.024,1111.9,-0.9841,1257
crypto,STXUSDT,15m,entry,donchian|lookback55|reversal|ls,donchian,ls,reversal,-,-0.62,-1.017,-0.403,0.405,174.4,-0.3447,1257
crypto,STXUSDT,15m,entry,blend|ls,blend,ls,-,-,-0.159,-0.408,-0.1581,0.524,146.8,-0.0585,1257
crypto,STXUSDT,15m,entry,strength|ls,strength,ls,-,-,-2.281,-5.31,-0.6333,0.286,496.7,-0.5973,1257
crypto,STXUSDT,15m,direction,"ema|fast50,slow200|reversal|long_only",ema,long_only,reversal,-,-0.219,-0.374,-0.247,0.5,62.3,-0.0957,1257
crypto,STXUSDT,15m,direction,"ema|fast50,slow200|reversal|short_only",ema,short_only,reversal,-,0.598,0.996,-0.2021,0.595,70.8,0.2755,1257
crypto,STXUSDT,15m,direction,"ema|fast50,slow200|reversal|asym",ema,asym,reversal,-,-0.014,-0.024,-0.2061,0.5,83.5,-0.0279,1257
crypto,STXUSDT,15m,exit,"ema|fast50,slow200|atr_trailing|ls",ema,ls,atr_trailing,-,-1.515,-2.615,-0.6645,0.333,399.4,-0.6163,1257
crypto,STXUSDT,15m,exit,"ema|fast50,slow200|channel|ls",ema,ls,channel,-,-2.022,-3.34,-0.7522,0.286,509.2,-0.7216,1257
crypto,STXUSDT,15m,gate,"ema|fast50,slow200|g:adx|reversal|ls",ema,ls,reversal,adx,0.501,0.834,-0.2008,0.571,117.3,0.2771,1257
crypto,STXUSDT,15m,gate,"ema|fast50,slow200|g:ltf|reversal|ls",ema,ls,reversal,ltf,0.262,0.437,-0.2045,0.548,133.1,0.1099,1257
crypto,STXUSDT,15m,gate,"ema|fast50,slow200|g:vol|reversal|ls",ema,ls,reversal,vol,0.254,0.422,-0.2177,0.548,131.2,0.1047,1257
crypto,STXUSDT,15m,headline,blend|long_only,blend,long_only,-,-,-0.46,-1.057,-0.1227,0.381,64.0,-0.0809,1257
crypto,STXUSDT,15m,headline,blend|asym,blend,asym,-,-,-0.356,-0.873,-0.1166,0.5,88.9,-0.0699,1257
crypto,STXUSDT,5m,entry,"ema|fast20,slow100|reversal|ls",ema,ls,reversal,-,-3.651,-5.862,-0.9021,0.167,763.6,-0.8938,1257
crypto,STXUSDT,5m,entry,"ema|fast50,slow200|reversal|ls",ema,ls,reversal,-,-1.066,-1.735,-0.5517,0.333,413.2,-0.4886,1257
crypto,STXUSDT,5m,entry,"ema|fast100,slow300|reversal|ls",ema,ls,reversal,-,-0.867,-1.442,-0.477,0.5,312.5,-0.4242,1257
crypto,STXUSDT,5m,entry,"sma|fast50,slow200|reversal|ls",sma,ls,reversal,-,-1.433,-2.306,-0.6223,0.357,432.7,-0.5852,1257
crypto,STXUSDT,5m,entry,tsmom|lookback30|reversal|ls,tsmom,ls,reversal,-,-16.748,-20.802,-1.0,0.024,3678.2,-1.0,1257
crypto,STXUSDT,5m,entry,tsmom|lookback90|reversal|ls,tsmom,ls,reversal,-,-10.646,-14.265,-0.9997,0.0,2263.0,-0.9997,1257
crypto,STXUSDT,5m,entry,"macd|fast12,slow26|reversal|ls",macd,ls,reversal,-,-17.129,-20.457,-1.0,0.0,3505.7,-1.0,1257
crypto,STXUSDT,5m,entry,donchian|lookback55|reversal|ls,donchian,ls,reversal,-,-2.961,-4.834,-0.8431,0.214,556.4,-0.8351,1257
crypto,STXUSDT,5m,entry,blend|ls,blend,ls,-,-,-3.273,-7.598,-0.6188,0.167,470.6,-0.6025,1257
crypto,STXUSDT,5m,entry,strength|ls,strength,ls,-,-,-10.255,-17.51,-0.982,0.0,1614.4,-0.9819,1257
crypto,STXUSDT,5m,direction,"ema|fast50,slow200|reversal|long_only",ema,long_only,reversal,-,-1.071,-2.226,-0.3866,0.405,198.5,-0.3489,1257
crypto,STXUSDT,5m,direction,"ema|fast50,slow200|reversal|short_only",ema,short_only,reversal,-,-0.215,-0.447,-0.313,0.405,214.7,-0.1101,1257
crypto,STXUSDT,5m,direction,"ema|fast50,slow200|reversal|asym",ema,asym,reversal,-,-1.128,-2.009,-0.429,0.405,262.9,-0.3826,1257
crypto,STXUSDT,5m,exit,"ema|fast50,slow200|atr_trailing|ls",ema,ls,atr_trailing,-,-6.075,-9.103,-0.9796,0.119,1356.1,-0.9783,1257
crypto,STXUSDT,5m,exit,"ema|fast50,slow200|channel|ls",ema,ls,channel,-,-7.352,-10.931,-0.9915,0.071,1652.0,-0.9912,1257
crypto,STXUSDT,5m,gate,"ema|fast50,slow200|g:adx|reversal|ls",ema,ls,reversal,adx,-1.008,-1.623,-0.5281,0.357,360.7,-0.4692,1257
crypto,STXUSDT,5m,gate,"ema|fast50,slow200|g:ltf|reversal|ls",ema,ls,reversal,ltf,-1.066,-1.735,-0.5517,0.333,413.2,-0.4886,1257
crypto,STXUSDT,5m,gate,"ema|fast50,slow200|g:vol|reversal|ls",ema,ls,reversal,vol,-1.009,-1.647,-0.538,0.357,406.2,-0.4685,1257
crypto,STXUSDT,5m,headline,blend|long_only,blend,long_only,-,-,-2.294,-5.637,-0.3647,0.238,214.6,-0.3484,1257
crypto,STXUSDT,5m,headline,blend|asym,blend,asym,-,-,-2.854,-6.753,-0.4486,0.238,291.4,-0.4327,1257
crypto,LDOUSDT,1d,entry,"ema|fast20,slow100|reversal|ls",ema,ls,reversal,-,0.077,0.103,-0.1477,0.511,1.4,0.0018,1409
crypto,LDOUSDT,1d,entry,"ema|fast50,slow200|reversal|ls",ema,ls,reversal,-,-0.485,-0.614,-0.338,0.447,1.0,-0.272,1409
crypto,LDOUSDT,1d,entry,"ema|fast100,slow300|reversal|ls",ema,ls,reversal,-,-0.459,-0.587,-0.3571,0.468,0.8,-0.2611,1409
crypto,LDOUSDT,1d,entry,"sma|fast50,slow200|reversal|ls",sma,ls,reversal,-,-0.461,-0.565,-0.3294,0.404,0.9,-0.2514,1409
crypto,LDOUSDT,1d,entry,tsmom|lookback30|reversal|ls,tsmom,ls,reversal,-,0.365,0.555,-0.1951,0.511,8.3,0.1804,1409
crypto,LDOUSDT,1d,entry,tsmom|lookback90|reversal|ls,tsmom,ls,reversal,-,0.184,0.259,-0.158,0.511,3.9,0.065,1409
crypto,LDOUSDT,1d,entry,"macd|fast12,slow26|reversal|ls",macd,ls,reversal,-,-0.526,-0.751,-0.5039,0.404,8.7,-0.2887,1409
crypto,LDOUSDT,1d,entry,donchian|lookback55|reversal|ls,donchian,ls,reversal,-,0.016,0.023,-0.2446,0.511,1.3,-0.0321,1409
crypto,LDOUSDT,1d,entry,blend|ls,blend,ls,-,-,-0.371,-0.437,-0.1508,0.362,1.2,-0.1008,1409
crypto,LDOUSDT,1d,entry,strength|ls,strength,ls,-,-,-0.31,-0.388,-0.151,0.447,3.4,-0.1159,1409
crypto,LDOUSDT,1d,direction,"ema|fast50,slow200|reversal|long_only",ema,long_only,reversal,-,-0.221,-0.203,-0.1582,0.149,0.4,-0.088,1409
crypto,LDOUSDT,1d,direction,"ema|fast50,slow200|reversal|short_only",ema,short_only,reversal,-,-0.442,-0.409,-0.2799,0.34,0.6,-0.2017,1409
crypto,LDOUSDT,1d,direction,"ema|fast50,slow200|reversal|asym",ema,asym,reversal,-,-0.367,-0.463,-0.1854,0.426,0.6,-0.1428,1409
crypto,LDOUSDT,1d,exit,"ema|fast50,slow200|atr_trailing|ls",ema,ls,atr_trailing,-,-0.916,-1.126,-0.4937,0.426,2.8,-0.4242,1409
crypto,LDOUSDT,1d,exit,"ema|fast50,slow200|channel|ls",ema,ls,channel,-,-0.845,-1.046,-0.4524,0.362,4.2,-0.3964,1409
crypto,LDOUSDT,1d,gate,"ema|fast50,slow200|g:adx|reversal|ls",ema,ls,reversal,adx,-0.527,-0.683,-0.3534,0.404,1.0,-0.2889,1409
crypto,LDOUSDT,1d,gate,"ema|fast50,slow200|g:ltf|reversal|ls",ema,ls,reversal,ltf,-0.485,-0.614,-0.338,0.447,1.0,-0.272,1409
crypto,LDOUSDT,1d,gate,"ema|fast50,slow200|g:vol|reversal|ls",ema,ls,reversal,vol,-0.374,-0.363,-0.2775,0.255,0.5,-0.1718,1409
crypto,LDOUSDT,1d,headline,blend|long_only,blend,long_only,-,-,-0.156,-0.144,-0.066,0.17,0.3,-0.0196,1409
crypto,LDOUSDT,1d,headline,blend|asym,blend,asym,-,-,-0.308,-0.406,-0.0861,0.34,0.6,-0.0432,1409
crypto,LDOUSDT,4h,entry,"ema|fast20,slow100|reversal|ls",ema,ls,reversal,-,-0.683,-0.997,-0.5686,0.404,12.9,-0.3824,1409
crypto,LDOUSDT,4h,entry,"ema|fast50,slow200|reversal|ls",ema,ls,reversal,-,-0.762,-1.096,-0.5174,0.468,9.2,-0.4148,1409
crypto,LDOUSDT,4h,entry,"ema|fast100,slow300|reversal|ls",ema,ls,reversal,-,-0.328,-0.464,-0.3343,0.489,5.6,-0.2316,1409
crypto,LDOUSDT,4h,entry,"sma|fast50,slow200|reversal|ls",sma,ls,reversal,-,-0.104,-0.149,-0.2742,0.468,6.3,-0.1113,1409
crypto,LDOUSDT,4h,entry,tsmom|lookback30|reversal|ls,tsmom,ls,reversal,-,-0.282,-0.462,-0.3316,0.447,57.5,-0.2004,1409
crypto,LDOUSDT,4h,entry,tsmom|lookback90|reversal|ls,tsmom,ls,reversal,-,0.049,0.078,-0.3237,0.447,33.4,-0.0186,1409
crypto,LDOUSDT,4h,entry,"macd|fast12,slow26|reversal|ls",macd,ls,reversal,-,0.309,0.486,-0.2857,0.596,54.7,0.1574,1409
crypto,LDOUSDT,4h,entry,donchian|lookback55|reversal|ls,donchian,ls,reversal,-,-0.409,-0.592,-0.4733,0.426,9.4,-0.2673,1409
crypto,LDOUSDT,4h,entry,blend|ls,blend,ls,-,-,-0.624,-0.854,-0.2522,0.34,8.3,-0.1812,1409
crypto,LDOUSDT,4h,entry,strength|ls,strength,ls,-,-,-0.591,-0.872,-0.3372,0.319,25.8,-0.2155,1409
crypto,LDOUSDT,4h,direction,"ema|fast50,slow200|reversal|long_only",ema,long_only,reversal,-,-0.493,-0.532,-0.2897,0.255,4.1,-0.1888,1409
crypto,LDOUSDT,4h,direction,"ema|fast50,slow200|reversal|short_only",ema,short_only,reversal,-,-0.575,-0.597,-0.4019,0.319,5.1,-0.2773,1409
crypto,LDOUSDT,4h,direction,"ema|fast50,slow200|reversal|asym",ema,asym,reversal,-,-0.675,-0.944,-0.3419,0.468,5.6,-0.2598,1409
crypto,LDOUSDT,4h,exit,"ema|fast50,slow200|atr_trailing|ls",ema,ls,atr_trailing,-,-0.585,-0.84,-0.4359,0.468,21.1,-0.3429,1409
crypto,LDOUSDT,4h,exit,"ema|fast50,slow200|channel|ls",ema,ls,channel,-,-0.419,-0.636,-0.3344,0.426,26.6,-0.2712,1409
crypto,LDOUSDT,4h,gate,"ema|fast50,slow200|g:adx|reversal|ls",ema,ls,reversal,adx,-0.36,-0.503,-0.3806,0.489,8.1,-0.2447,1409
crypto,LDOUSDT,4h,gate,"ema|fast50,slow200|g:ltf|reversal|ls",ema,ls,reversal,ltf,-0.762,-1.096,-0.5174,0.468,9.2,-0.4148,1409
crypto,LDOUSDT,4h,gate,"ema|fast50,slow200|g:vol|reversal|ls",ema,ls,reversal,vol,-0.661,-0.933,-0.5044,0.468,8.8,-0.3651,1409
crypto,LDOUSDT,4h,headline,blend|long_only,blend,long_only,-,-,-0.277,-0.303,-0.109,0.234,3.0,-0.0473,1409
crypto,LDOUSDT,4h,headline,blend|asym,blend,asym,-,-,-0.49,-0.722,-0.1471,0.404,4.6,-0.088,1409
crypto,LDOUSDT,1h,entry,"ema|fast20,slow100|reversal|ls",ema,ls,reversal,-,-0.203,-0.32,-0.313,0.447,51.4,-0.1573,1409
crypto,LDOUSDT,1h,entry,"ema|fast50,slow200|reversal|ls",ema,ls,reversal,-,-0.804,-1.314,-0.5231,0.426,31.3,-0.4209,1409
crypto,LDOUSDT,1h,entry,"ema|fast100,slow300|reversal|ls",ema,ls,reversal,-,-0.835,-1.268,-0.6057,0.404,23.9,-0.4446,1409
crypto,LDOUSDT,1h,entry,"sma|fast50,slow200|reversal|ls",sma,ls,reversal,-,-0.898,-1.361,-0.5629,0.404,31.6,-0.4681,1409
crypto,LDOUSDT,1h,entry,tsmom|lookback30|reversal|ls,tsmom,ls,reversal,-,-1.485,-2.343,-0.6746,0.34,260.2,-0.6371,1409
crypto,LDOUSDT,1h,entry,tsmom|lookback90|reversal|ls,tsmom,ls,reversal,-,-0.728,-1.16,-0.4673,0.383,147.6,-0.3996,1409
crypto,LDOUSDT,1h,entry,"macd|fast12,slow26|reversal|ls",macd,ls,reversal,-,-1.463,-2.307,-0.6633,0.362,239.8,-0.6319,1409
crypto,LDOUSDT,1h,entry,donchian|lookback55|reversal|ls,donchian,ls,reversal,-,-0.329,-0.543,-0.3504,0.447,39.8,-0.2247,1409
crypto,LDOUSDT,1h,entry,blend|ls,blend,ls,-,-,-0.386,-0.73,-0.1885,0.383,32.9,-0.1145,1409
crypto,LDOUSDT,1h,entry,strength|ls,strength,ls,-,-,-0.714,-1.345,-0.3015,0.34,108.1,-0.2565,1409
crypto,LDOUSDT,1h,direction,"ema|fast50,slow200|reversal|long_only",ema,long_only,reversal,-,-0.553,-0.674,-0.334,0.426,14.2,-0.2145,1409
crypto,LDOUSDT,1h,direction,"ema|fast50,slow200|reversal|short_only",ema,short_only,reversal,-,-0.555,-0.672,-0.3761,0.404,17.1,-0.2577,1409
crypto,LDOUSDT,1h,direction,"ema|fast50,slow200|reversal|asym",ema,asym,reversal,-,-0.72,-1.048,-0.3852,0.426,19.3,-0.278,1409
crypto,LDOUSDT,1h,exit,"ema|fast50,slow200|atr_trailing|ls",ema,ls,atr_trailing,-,-1.108,-1.768,-0.6145,0.426,87.2,-0.5236,1409
crypto,LDOUSDT,1h,exit,"ema|fast50,slow200|channel|ls",ema,ls,channel,-,-0.967,-1.567,-0.5815,0.404,111.9,-0.4771,1409
crypto,LDOUSDT,1h,gate,"ema|fast50,slow200|g:adx|reversal|ls",ema,ls,reversal,adx,-0.331,-0.55,-0.4108,0.447,28.0,-0.2253,1409
crypto,LDOUSDT,1h,gate,"ema|fast50,slow200|g:ltf|reversal|ls",ema,ls,reversal,ltf,-0.804,-1.314,-0.5231,0.426,31.3,-0.4209,1409
crypto,LDOUSDT,1h,gate,"ema|fast50,slow200|g:vol|reversal|ls",ema,ls,reversal,vol,-0.929,-1.441,-0.541,0.426,30.3,-0.4643,1409
crypto,LDOUSDT,1h,headline,blend|long_only,blend,long_only,-,-,-0.031,-0.046,-0.0941,0.34,13.0,-0.01,1409
crypto,LDOUSDT,1h,headline,blend|asym,blend,asym,-,-,-0.187,-0.351,-0.1119,0.34,19.0,-0.0405,1409
crypto,LDOUSDT,15m,entry,"ema|fast20,slow100|reversal|ls",ema,ls,reversal,-,-0.974,-1.567,-0.5713,0.404,220.9,-0.504,1409
crypto,LDOUSDT,15m,entry,"ema|fast50,slow200|reversal|ls",ema,ls,reversal,-,0.052,0.082,-0.2842,0.511,125.1,-0.0187,1409
crypto,LDOUSDT,15m,entry,"ema|fast100,slow300|reversal|ls",ema,ls,reversal,-,-0.248,-0.404,-0.3346,0.489,91.5,-0.1876,1409
crypto,LDOUSDT,15m,entry,"sma|fast50,slow200|reversal|ls",sma,ls,reversal,-,0.242,0.406,-0.2493,0.468,127.7,0.1058,1409
crypto,LDOUSDT,15m,entry,tsmom|lookback30|reversal|ls,tsmom,ls,reversal,-,-5.894,-9.331,-0.9856,0.043,1139.4,-0.9854,1409
crypto,LDOUSDT,15m,entry,tsmom|lookback90|reversal|ls,tsmom,ls,reversal,-,-3.064,-4.833,-0.8881,0.149,650.7,-0.8872,1409
crypto,LDOUSDT,15m,entry,"macd|fast12,slow26|reversal|ls",macd,ls,reversal,-,-5.764,-8.82,-0.9805,0.064,1030.8,-0.9802,1409
crypto,LDOUSDT,15m,entry,donchian|lookback55|reversal|ls,donchian,ls,reversal,-,-1.276,-1.995,-0.6632,0.34,165.1,-0.6006,1409
crypto,LDOUSDT,15m,entry,blend|ls,blend,ls,-,-,-0.511,-1.358,-0.2311,0.383,136.0,-0.1581,1409
crypto,LDOUSDT,15m,entry,strength|ls,strength,ls,-,-,-3.024,-6.611,-0.7199,0.17,466.2,-0.7155,1409
crypto,LDOUSDT,15m,direction,"ema|fast50,slow200|reversal|long_only",ema,long_only,reversal,-,-0.057,-0.094,-0.2394,0.447,58.6,-0.0466,1409
crypto,LDOUSDT,15m,direction,"ema|fast50,slow200|reversal|short_only",ema,short_only,reversal,-,0.185,0.296,-0.1543,0.574,66.5,0.06,1409
crypto,LDOUSDT,15m,direction,"ema|fast50,slow200|reversal|asym",ema,asym,reversal,-,-0.007,-0.012,-0.2457,0.468,78.6,-0.0288,1409
crypto,LDOUSDT,15m,exit,"ema|fast50,slow200|atr_trailing|ls",ema,ls,atr_trailing,-,-1.014,-1.689,-0.5248,0.34,361.4,-0.4915,1409
crypto,LDOUSDT,15m,exit,"ema|fast50,slow200|channel|ls",ema,ls,channel,-,-1.896,-3.136,-0.7189,0.298,470.7,-0.7069,1409
crypto,LDOUSDT,15m,gate,"ema|fast50,slow200|g:adx|reversal|ls",ema,ls,reversal,adx,0.453,0.769,-0.2257,0.532,107.2,0.2639,1409
crypto,LDOUSDT,15m,gate,"ema|fast50,slow200|g:ltf|reversal|ls",ema,ls,reversal,ltf,0.052,0.082,-0.2842,0.511,125.1,-0.0187,1409
crypto,LDOUSDT,15m,gate,"ema|fast50,slow200|g:vol|reversal|ls",ema,ls,reversal,vol,0.079,0.127,-0.2728,0.447,123.2,-0.0012,1409
crypto,LDOUSDT,15m,headline,blend|long_only,blend,long_only,-,-,-0.242,-0.625,-0.132,0.383,58.4,-0.0537,1409
crypto,LDOUSDT,15m,headline,blend|asym,blend,asym,-,-,-0.37,-0.984,-0.1563,0.426,81.7,-0.0829,1409
crypto,LDOUSDT,5m,entry,"ema|fast20,slow100|reversal|ls",ema,ls,reversal,-,-3.259,-5.23,-0.9001,0.149,705.5,-0.8984,1409
crypto,LDOUSDT,5m,entry,"ema|fast50,slow200|reversal|ls",ema,ls,reversal,-,-1.777,-2.934,-0.7435,0.319,400.9,-0.7075,1409
crypto,LDOUSDT,5m,entry,"ema|fast100,slow300|reversal|ls",ema,ls,reversal,-,-1.022,-1.657,-0.5821,0.426,297.0,-0.513,1409
crypto,LDOUSDT,5m,entry,"sma|fast50,slow200|reversal|ls",sma,ls,reversal,-,-1.57,-2.543,-0.6837,0.298,400.4,-0.6637,1409
crypto,LDOUSDT,5m,entry,tsmom|lookback30|reversal|ls,tsmom,ls,reversal,-,-15.83,-20.511,-1.0,0.0,3494.9,-1.0,1409
crypto,LDOUSDT,5m,entry,tsmom|lookback90|reversal|ls,tsmom,ls,reversal,-,-9.867,-13.952,-0.9997,0.0,2149.3,-0.9997,1409
crypto,LDOUSDT,5m,entry,"macd|fast12,slow26|reversal|ls",macd,ls,reversal,-,-16.306,-21.162,-1.0,0.0,3266.0,-1.0,1409
crypto,LDOUSDT,5m,entry,donchian|lookback55|reversal|ls,donchian,ls,reversal,-,-2.821,-4.622,-0.8618,0.213,521.1,-0.8538,1409
crypto,LDOUSDT,5m,entry,blend|ls,blend,ls,-,-,-3.427,-8.216,-0.6716,0.128,438.9,-0.6694,1409
crypto,LDOUSDT,5m,entry,strength|ls,strength,ls,-,-,-9.67,-17.688,-0.985,0.0,1498.6,-0.9849,1409
crypto,LDOUSDT,5m,direction,"ema|fast50,slow200|reversal|long_only",ema,long_only,reversal,-,-1.488,-3.129,-0.5689,0.319,192.8,-0.5032,1409
crypto,LDOUSDT,5m,direction,"ema|fast50,slow200|reversal|short_only",ema,short_only,reversal,-,-0.875,-1.754,-0.4063,0.319,208.2,-0.3488,1409
crypto,LDOUSDT,5m,direction,"ema|fast50,slow200|reversal|asym",ema,asym,reversal,-,-1.696,-3.109,-0.6227,0.277,255.2,-0.5689,1409
crypto,LDOUSDT,5m,exit,"ema|fast50,slow200|atr_trailing|ls",ema,ls,atr_trailing,-,-6.174,-9.527,-0.986,0.021,1251.9,-0.9858,1409
crypto,LDOUSDT,5m,exit,"ema|fast50,slow200|channel|ls",ema,ls,channel,-,-7.471,-11.199,-0.9952,0.021,1587.2,-0.9952,1409
crypto,LDOUSDT,5m,gate,"ema|fast50,slow200|g:adx|reversal|ls",ema,ls,reversal,adx,-1.576,-2.562,-0.7099,0.319,344.3,-0.6689,1409
crypto,LDOUSDT,5m,gate,"ema|fast50,slow200|g:ltf|reversal|ls",ema,ls,reversal,ltf,-1.777,-2.934,-0.7435,0.319,400.9,-0.7075,1409
crypto,LDOUSDT,5m,gate,"ema|fast50,slow200|g:vol|reversal|ls",ema,ls,reversal,vol,-1.763,-2.9,-0.7372,0.319,391.3,-0.7039,1409
crypto,LDOUSDT,5m,headline,blend|long_only,blend,long_only,-,-,-2.562,-6.881,-0.4398,0.234,201.3,-0.4264,1409
crypto,LDOUSDT,5m,headline,blend|asym,blend,asym,-,-,-3.099,-7.786,-0.516,0.128,272.6,-0.5099,1409
crypto,IMXUSDT,1d,entry,"ema|fast20,slow100|reversal|ls",ema,ls,reversal,-,0.432,0.607,-0.2274,0.444,1.2,0.2673,1632
crypto,IMXUSDT,1d,entry,"ema|fast50,slow200|reversal|ls",ema,ls,reversal,-,-0.116,-0.154,-0.3742,0.444,0.8,-0.1183,1632
crypto,IMXUSDT,1d,entry,"ema|fast100,slow300|reversal|ls",ema,ls,reversal,-,-0.09,-0.115,-0.387,0.444,0.6,-0.1027,1632
crypto,IMXUSDT,1d,entry,"sma|fast50,slow200|reversal|ls",sma,ls,reversal,-,0.022,0.028,-0.332,0.407,0.9,-0.0326,1632
crypto,IMXUSDT,1d,entry,tsmom|lookback30|reversal|ls,tsmom,ls,reversal,-,0.189,0.266,-0.2085,0.5,8.3,0.079,1632
crypto,IMXUSDT,1d,entry,tsmom|lookback90|reversal|ls,tsmom,ls,reversal,-,0.146,0.194,-0.2239,0.426,4.7,0.0484,1632
crypto,IMXUSDT,1d,entry,"macd|fast12,slow26|reversal|ls",macd,ls,reversal,-,0.086,0.137,-0.1883,0.481,7.1,0.0083,1632
crypto,IMXUSDT,1d,entry,donchian|lookback55|reversal|ls,donchian,ls,reversal,-,-0.369,-0.489,-0.4014,0.352,1.5,-0.2539,1632
crypto,IMXUSDT,1d,entry,blend|ls,blend,ls,-,-,0.187,0.217,-0.1164,0.426,1.3,0.0558,1632
crypto,IMXUSDT,1d,entry,strength|ls,strength,ls,-,-,0.223,0.281,-0.1228,0.463,3.2,0.0793,1632
crypto,IMXUSDT,1d,direction,"ema|fast50,slow200|reversal|long_only",ema,long_only,reversal,-,-0.078,-0.066,-0.1673,0.093,0.3,-0.0337,1632
crypto,IMXUSDT,1d,direction,"ema|fast50,slow200|reversal|short_only",ema,short_only,reversal,-,-0.09,-0.099,-0.3502,0.389,0.5,-0.0874,1632
crypto,IMXUSDT,1d,direction,"ema|fast50,slow200|reversal|asym",ema,asym,reversal,-,-0.113,-0.153,-0.1863,0.444,0.4,-0.0522,1632
crypto,IMXUSDT,1d,exit,"ema|fast50,slow200|atr_trailing|ls",ema,ls,atr_trailing,-,-0.202,-0.258,-0.4117,0.463,2.8,-0.1656,1632
crypto,IMXUSDT,1d,exit,"ema|fast50,slow200|channel|ls",ema,ls,channel,-,-0.003,-0.004,-0.3281,0.463,3.6,-0.0478,1632
crypto,IMXUSDT,1d,gate,"ema|fast50,slow200|g:adx|reversal|ls",ema,ls,reversal,adx,-0.116,-0.154,-0.3742,0.444,0.8,-0.1183,1632
crypto,IMXUSDT,1d,gate,"ema|fast50,slow200|g:ltf|reversal|ls",ema,ls,reversal,ltf,-0.116,-0.154,-0.3742,0.444,0.8,-0.1183,1632
crypto,IMXUSDT,1d,gate,"ema|fast50,slow200|g:vol|reversal|ls",ema,ls,reversal,vol,-0.017,-0.019,-0.2534,0.315,0.6,-0.0418,1632
crypto,IMXUSDT,1d,headline,blend|long_only,blend,long_only,-,-,0.416,0.342,-0.0681,0.13,0.2,0.0611,1632
crypto,IMXUSDT,1d,headline,blend|asym,blend,asym,-,-,0.356,0.471,-0.0818,0.407,0.5,0.0625,1632
crypto,IMXUSDT,4h,entry,"ema|fast20,slow100|reversal|ls",ema,ls,reversal,-,0.538,0.875,-0.2503,0.537,11.3,0.3897,1632
crypto,IMXUSDT,4h,entry,"ema|fast50,slow200|reversal|ls",ema,ls,reversal,-,0.175,0.25,-0.2252,0.537,6.3,0.0706,1632
crypto,IMXUSDT,4h,entry,"ema|fast100,slow300|reversal|ls",ema,ls,reversal,-,0.515,0.729,-0.1907,0.574,4.5,0.3637,1632
crypto,IMXUSDT,4h,entry,"sma|fast50,slow200|reversal|ls",sma,ls,reversal,-,-0.189,-0.264,-0.3056,0.481,6.9,-0.1723,1632
crypto,IMXUSDT,4h,entry,tsmom|lookback30|reversal|ls,tsmom,ls,reversal,-,0.311,0.498,-0.1484,0.556,52.6,0.1781,1632
crypto,IMXUSDT,4h,entry,tsmom|lookback90|reversal|ls,tsmom,ls,reversal,-,0.838,1.214,-0.1594,0.667,32.7,0.7218,1632
crypto,IMXUSDT,4h,entry,"macd|fast12,slow26|reversal|ls",macd,ls,reversal,-,-0.241,-0.339,-0.436,0.444,54.1,-0.2056,1632
crypto,IMXUSDT,4h,entry,donchian|lookback55|reversal|ls,donchian,ls,reversal,-,0.358,0.605,-0.1866,0.5,9.2,0.2197,1632
crypto,IMXUSDT,4h,entry,blend|ls,blend,ls,-,-,0.636,0.895,-0.0739,0.5,7.7,0.2436,1632
crypto,IMXUSDT,4h,entry,strength|ls,strength,ls,-,-,0.6,0.908,-0.1004,0.5,23.5,0.2838,1632
crypto,IMXUSDT,4h,direction,"ema|fast50,slow200|reversal|long_only",ema,long_only,reversal,-,0.165,0.165,-0.1446,0.259,2.5,0.05,1632
crypto,IMXUSDT,4h,direction,"ema|fast50,slow200|reversal|short_only",ema,short_only,reversal,-,0.102,0.111,-0.2137,0.481,3.8,0.0217,1632
crypto,IMXUSDT,4h,direction,"ema|fast50,slow200|reversal|asym",ema,asym,reversal,-,0.192,0.266,-0.1335,0.556,3.6,0.0653,1632
crypto,IMXUSDT,4h,exit,"ema|fast50,slow200|atr_trailing|ls",ema,ls,atr_trailing,-,0.393,0.568,-0.1663,0.537,19.2,0.2481,1632
crypto,IMXUSDT,4h,exit,"ema|fast50,slow200|channel|ls",ema,ls,channel,-,-0.071,-0.103,-0.28,0.556,24.4,-0.1002,1632
crypto,IMXUSDT,4h,gate,"ema|fast50,slow200|g:adx|reversal|ls",ema,ls,reversal,adx,0.218,0.309,-0.2136,0.537,6.0,0.1034,1632
crypto,IMXUSDT,4h,gate,"ema|fast50,slow200|g:ltf|reversal|ls",ema,ls,reversal,ltf,0.175,0.25,-0.2252,0.537,6.3,0.0706,1632
crypto,IMXUSDT,4h,gate,"ema|fast50,slow200|g:vol|reversal|ls",ema,ls,reversal,vol,0.138,0.193,-0.2039,0.481,6.1,0.043,1632
crypto,IMXUSDT,4h,headline,blend|long_only,blend,long_only,-,-,0.74,0.829,-0.0508,0.259,2.4,0.1518,1632
crypto,IMXUSDT,4h,headline,blend|asym,blend,asym,-,-,0.792,1.239,-0.0511,0.481,4.0,0.1817,1632
crypto,IMXUSDT,1h,entry,"ema|fast20,slow100|reversal|ls",ema,ls,reversal,-,0.429,0.689,-0.2154,0.537,45.7,0.2886,1632
crypto,IMXUSDT,1h,entry,"ema|fast50,slow200|reversal|ls",ema,ls,reversal,-,0.686,1.081,-0.1703,0.667,26.6,0.5576,1632
crypto,IMXUSDT,1h,entry,"ema|fast100,slow300|reversal|ls",ema,ls,reversal,-,0.428,0.686,-0.2607,0.63,21.6,0.2899,1632
crypto,IMXUSDT,1h,entry,"sma|fast50,slow200|reversal|ls",sma,ls,reversal,-,0.521,0.824,-0.168,0.63,28.8,0.378,1632
crypto,IMXUSDT,1h,entry,tsmom|lookback30|reversal|ls,tsmom,ls,reversal,-,-1.618,-2.527,-0.7459,0.352,243.3,-0.7152,1632
crypto,IMXUSDT,1h,entry,tsmom|lookback90|reversal|ls,tsmom,ls,reversal,-,-0.547,-0.883,-0.453,0.37,146.6,-0.3681,1632
crypto,IMXUSDT,1h,entry,"macd|fast12,slow26|reversal|ls",macd,ls,reversal,-,-1.437,-2.118,-0.7102,0.296,234.7,-0.6774,1632
crypto,IMXUSDT,1h,entry,donchian|lookback55|reversal|ls,donchian,ls,reversal,-,-0.122,-0.193,-0.3701,0.481,37.2,-0.1382,1632
crypto,IMXUSDT,1h,entry,blend|ls,blend,ls,-,-,0.333,0.591,-0.1018,0.537,32.8,0.1123,1632
crypto,IMXUSDT,1h,entry,strength|ls,strength,ls,-,-,-0.351,-0.627,-0.23,0.407,106.3,-0.1663,1632
crypto,IMXUSDT,1h,direction,"ema|fast50,slow200|reversal|long_only",ema,long_only,reversal,-,0.374,0.463,-0.1418,0.407,11.7,0.1641,1632
crypto,IMXUSDT,1h,direction,"ema|fast50,slow200|reversal|short_only",ema,short_only,reversal,-,0.603,0.722,-0.1297,0.463,14.9,0.351,1632
crypto,IMXUSDT,1h,direction,"ema|fast50,slow200|reversal|asym",ema,asym,reversal,-,0.549,0.826,-0.1298,0.574,16.1,0.2814,1632
crypto,IMXUSDT,1h,exit,"ema|fast50,slow200|atr_trailing|ls",ema,ls,atr_trailing,-,0.164,0.271,-0.2439,0.593,84.5,0.0622,1632
crypto,IMXUSDT,1h,exit,"ema|fast50,slow200|channel|ls",ema,ls,channel,-,-0.018,-0.029,-0.2512,0.5,104.6,-0.0706,1632
crypto,IMXUSDT,1h,gate,"ema|fast50,slow200|g:adx|reversal|ls",ema,ls,reversal,adx,0.757,1.213,-0.2096,0.704,24.8,0.6401,1632
crypto,IMXUSDT,1h,gate,"ema|fast50,slow200|g:ltf|reversal|ls",ema,ls,reversal,ltf,0.686,1.081,-0.1703,0.667,26.6,0.5576,1632
crypto,IMXUSDT,1h,gate,"ema|fast50,slow200|g:vol|reversal|ls",ema,ls,reversal,vol,0.616,0.996,-0.2019,0.648,26.2,0.4687,1632
crypto,IMXUSDT,1h,headline,blend|long_only,blend,long_only,-,-,0.459,0.713,-0.0588,0.426,12.6,0.1004,1632
crypto,IMXUSDT,1h,headline,blend|asym,blend,asym,-,-,0.459,0.882,-0.0591,0.519,18.6,0.1076,1632
crypto,IMXUSDT,15m,entry,"ema|fast20,slow100|reversal|ls",ema,ls,reversal,-,-0.893,-1.41,-0.5498,0.389,219.3,-0.5163,1632
crypto,IMXUSDT,15m,entry,"ema|fast50,slow200|reversal|ls",ema,ls,reversal,-,0.024,0.039,-0.3694,0.519,120.2,-0.0414,1632
crypto,IMXUSDT,15m,entry,"ema|fast100,slow300|reversal|ls",ema,ls,reversal,-,-0.068,-0.11,-0.3526,0.519,86.6,-0.1054,1632
crypto,IMXUSDT,15m,entry,"sma|fast50,slow200|reversal|ls",sma,ls,reversal,-,-0.213,-0.341,-0.3023,0.481,121.3,-0.1963,1632
crypto,IMXUSDT,15m,entry,tsmom|lookback30|reversal|ls,tsmom,ls,reversal,-,-6.84,-10.208,-0.9956,0.019,1058.8,-0.9956,1632
crypto,IMXUSDT,15m,entry,tsmom|lookback90|reversal|ls,tsmom,ls,reversal,-,-3.635,-5.735,-0.9521,0.111,628.1,-0.9482,1632
crypto,IMXUSDT,15m,entry,"macd|fast12,slow26|reversal|ls",macd,ls,reversal,-,-6.649,-9.813,-0.9952,0.074,1007.6,-0.9952,1632
crypto,IMXUSDT,15m,entry,donchian|lookback55|reversal|ls,donchian,ls,reversal,-,-0.578,-0.947,-0.4627,0.444,157.8,-0.3765,1632
crypto,IMXUSDT,15m,entry,blend|ls,blend,ls,-,-,-0.481,-1.244,-0.2097,0.444,133.8,-0.165,1632
crypto,IMXUSDT,15m,entry,strength|ls,strength,ls,-,-,-2.939,-6.222,-0.7559,0.222,449.4,-0.7425,1632
crypto,IMXUSDT,15m,direction,"ema|fast50,slow200|reversal|long_only",ema,long_only,reversal,-,-0.241,-0.397,-0.2684,0.444,56.5,-0.1336,1632
crypto,IMXUSDT,15m,direction,"ema|fast50,slow200|reversal|short_only",ema,short_only,reversal,-,0.352,0.567,-0.1734,0.556,63.8,0.1709,1632
crypto,IMXUSDT,15m,direction,"ema|fast50,slow200|reversal|asym",ema,asym,reversal,-,-0.136,-0.218,-0.2883,0.444,75.6,-0.0947,1632
crypto,IMXUSDT,15m,exit,"ema|fast50,slow200|atr_trailing|ls",ema,ls,atr_trailing,-,-1.282,-2.097,-0.666,0.389,361.4,-0.6373,1632
crypto,IMXUSDT,15m,exit,"ema|fast50,slow200|channel|ls",ema,ls,channel,-,-1.815,-3.022,-0.7796,0.333,471.1,-0.7573,1632
crypto,IMXUSDT,15m,gate,"ema|fast50,slow200|g:adx|reversal|ls",ema,ls,reversal,adx,0.182,0.289,-0.3452,0.537,106.4,0.076,1632
crypto,IMXUSDT,15m,gate,"ema|fast50,slow200|g:ltf|reversal|ls",ema,ls,reversal,ltf,0.024,0.039,-0.3694,0.519,120.2,-0.0414,1632
crypto,IMXUSDT,15m,gate,"ema|fast50,slow200|g:vol|reversal|ls",ema,ls,reversal,vol,-0.042,-0.068,-0.3751,0.519,117.9,-0.0877,1632
crypto,IMXUSDT,15m,headline,blend|long_only,blend,long_only,-,-,-0.336,-0.803,-0.092,0.444,57.6,-0.0784,1632
crypto,IMXUSDT,15m,headline,blend|asym,blend,asym,-,-,-0.413,-1.043,-0.1146,0.444,80.5,-0.0999,1632
crypto,IMXUSDT,5m,entry,"ema|fast20,slow100|reversal|ls",ema,ls,reversal,-,-3.543,-5.379,-0.9444,0.222,683.8,-0.9411,1632
crypto,IMXUSDT,5m,entry,"ema|fast50,slow200|reversal|ls",ema,ls,reversal,-,-1.586,-2.534,-0.7189,0.259,382.9,-0.7102,1632
crypto,IMXUSDT,5m,entry,"ema|fast100,slow300|reversal|ls",ema,ls,reversal,-,-1.207,-1.945,-0.6571,0.463,284.4,-0.62,1632
crypto,IMXUSDT,5m,entry,"sma|fast50,slow200|reversal|ls",sma,ls,reversal,-,-1.838,-2.863,-0.7615,0.259,385.2,-0.7553,1632
crypto,IMXUSDT,5m,entry,tsmom|lookback30|reversal|ls,tsmom,ls,reversal,-,-16.368,-20.222,-1.0,0.0,3256.4,-1.0,1632
crypto,IMXUSDT,5m,entry,tsmom|lookback90|reversal|ls,tsmom,ls,reversal,-,-10.698,-14.269,-1.0,0.0,1971.1,-1.0,1632
crypto,IMXUSDT,5m,entry,"macd|fast12,slow26|reversal|ls",macd,ls,reversal,-,-17.968,-21.607,-1.0,0.0,3167.8,-1.0,1632
crypto,IMXUSDT,5m,entry,donchian|lookback55|reversal|ls,donchian,ls,reversal,-,-2.98,-4.539,-0.9151,0.241,513.3,-0.9071,1632
crypto,IMXUSDT,5m,entry,blend|ls,blend,ls,-,-,-3.102,-6.734,-0.6796,0.296,425.1,-0.6709,1632
crypto,IMXUSDT,5m,entry,strength|ls,strength,ls,-,-,-9.634,-16.352,-0.9923,0.019,1435.5,-0.9922,1632
crypto,IMXUSDT,5m,direction,"ema|fast50,slow200|reversal|long_only",ema,long_only,reversal,-,-1.339,-2.712,-0.5026,0.333,183.1,-0.5041,1632
crypto,IMXUSDT,5m,direction,"ema|fast50,slow200|reversal|short_only",ema,short_only,reversal,-,-0.602,-1.263,-0.3538,0.444,199.8,-0.2956,1632
crypto,IMXUSDT,5m,direction,"ema|fast50,slow200|reversal|asym",ema,asym,reversal,-,-1.515,-2.637,-0.5674,0.333,243.0,-0.5663,1632
crypto,IMXUSDT,5m,exit,"ema|fast50,slow200|atr_trailing|ls",ema,ls,atr_trailing,-,-6.835,-10.172,-0.9951,0.019,1238.6,-0.995,1632
crypto,IMXUSDT,5m,exit,"ema|fast50,slow200|channel|ls",ema,ls,channel,-,-8.224,-11.813,-0.9987,0.019,1568.6,-0.9987,1632
crypto,IMXUSDT,5m,gate,"ema|fast50,slow200|g:adx|reversal|ls",ema,ls,reversal,adx,-1.501,-2.437,-0.6958,0.278,334.1,-0.6863,1632
crypto,IMXUSDT,5m,gate,"ema|fast50,slow200|g:ltf|reversal|ls",ema,ls,reversal,ltf,-1.586,-2.534,-0.7189,0.259,382.9,-0.7102,1632
crypto,IMXUSDT,5m,gate,"ema|fast50,slow200|g:vol|reversal|ls",ema,ls,reversal,vol,-1.761,-2.715,-0.7584,0.352,375.6,-0.75,1632
crypto,IMXUSDT,5m,headline,blend|long_only,blend,long_only,-,-,-2.076,-5.166,-0.3962,0.315,192.3,-0.3967,1632
crypto,IMXUSDT,5m,headline,blend|asym,blend,asym,-,-,-2.631,-6.095,-0.4915,0.259,262.1,-0.4899,1632
crypto,XTZUSDT,1d,entry,"ema|fast20,slow100|reversal|ls",ema,ls,reversal,-,0.297,0.399,-0.2993,0.53,1.4,0.2684,2503
crypto,XTZUSDT,1d,entry,"ema|fast50,slow200|reversal|ls",ema,ls,reversal,-,-0.051,-0.061,-0.3955,0.482,1.0,-0.1336,2503
crypto,XTZUSDT,1d,entry,"ema|fast100,slow300|reversal|ls",ema,ls,reversal,-,-0.136,-0.16,-0.4758,0.494,0.9,-0.21,2503
crypto,XTZUSDT,1d,entry,"sma|fast50,slow200|reversal|ls",sma,ls,reversal,-,-0.117,-0.136,-0.4132,0.434,1.1,-0.1902,2503
crypto,XTZUSDT,1d,entry,tsmom|lookback30|reversal|ls,tsmom,ls,reversal,-,0.501,0.797,-0.2292,0.602,9.5,0.5859,2503
crypto,XTZUSDT,1d,entry,tsmom|lookback90|reversal|ls,tsmom,ls,reversal,-,0.519,0.804,-0.1675,0.458,3.7,0.6158,2503
crypto,XTZUSDT,1d,entry,"macd|fast12,slow26|reversal|ls",macd,ls,reversal,-,0.164,0.262,-0.3425,0.482,9.3,0.0974,2503
crypto,XTZUSDT,1d,entry,donchian|lookback55|reversal|ls,donchian,ls,reversal,-,0.399,0.53,-0.2938,0.542,1.3,0.4172,2503
crypto,XTZUSDT,1d,entry,blend|ls,blend,ls,-,-,0.057,0.073,-0.1453,0.446,1.4,0.0104,2503
crypto,XTZUSDT,1d,entry,strength|ls,strength,ls,-,-,0.28,0.406,-0.1557,0.458,4.1,0.1828,2503
crypto,XTZUSDT,1d,direction,"ema|fast50,slow200|reversal|long_only",ema,long_only,reversal,-,-0.012,-0.01,-0.1525,0.169,0.4,-0.034,2503
crypto,XTZUSDT,1d,direction,"ema|fast50,slow200|reversal|short_only",ema,short_only,reversal,-,-0.053,-0.048,-0.3569,0.361,0.6,-0.1027,2503
crypto,XTZUSDT,1d,direction,"ema|fast50,slow200|reversal|asym",ema,asym,reversal,-,-0.032,-0.04,-0.2181,0.47,0.5,-0.0529,2503
crypto,XTZUSDT,1d,exit,"ema|fast50,slow200|atr_trailing|ls",ema,ls,atr_trailing,-,-0.082,-0.105,-0.3899,0.506,3.5,-0.1487,2503
crypto,XTZUSDT,1d,exit,"ema|fast50,slow200|channel|ls",ema,ls,channel,-,-0.03,-0.039,-0.3659,0.47,4.1,-0.1021,2503
crypto,XTZUSDT,1d,gate,"ema|fast50,slow200|g:adx|reversal|ls",ema,ls,reversal,adx,-0.12,-0.143,-0.4282,0.482,1.0,-0.1964,2503
crypto,XTZUSDT,1d,gate,"ema|fast50,slow200|g:ltf|reversal|ls",ema,ls,reversal,ltf,-0.051,-0.061,-0.3955,0.482,1.0,-0.1336,2503
crypto,XTZUSDT,1d,gate,"ema|fast50,slow200|g:vol|reversal|ls",ema,ls,reversal,vol,0.047,0.048,-0.3525,0.398,0.7,-0.0238,2503
crypto,XTZUSDT,1d,headline,blend|long_only,blend,long_only,-,-,-0.068,-0.048,-0.0487,0.193,0.3,-0.022,2503
crypto,XTZUSDT,1d,headline,blend|asym,blend,asym,-,-,-0.012,-0.014,-0.068,0.47,0.7,-0.0094,2503
crypto,XTZUSDT,4h,entry,"ema|fast20,slow100|reversal|ls",ema,ls,reversal,-,0.206,0.3,-0.209,0.47,14.1,0.1509,2503
crypto,XTZUSDT,4h,entry,"ema|fast50,slow200|reversal|ls",ema,ls,reversal,-,0.383,0.556,-0.2327,0.566,8.2,0.4043,2503
crypto,XTZUSDT,4h,entry,"ema|fast100,slow300|reversal|ls",ema,ls,reversal,-,0.287,0.445,-0.2691,0.554,6.4,0.2624,2503
crypto,XTZUSDT,4h,entry,"sma|fast50,slow200|reversal|ls",sma,ls,reversal,-,0.2,0.292,-0.2506,0.542,8.9,0.1424,2503
crypto,XTZUSDT,4h,entry,tsmom|lookback30|reversal|ls,tsmom,ls,reversal,-,-0.448,-0.641,-0.545,0.446,71.8,-0.463,2503
crypto,XTZUSDT,4h,entry,tsmom|lookback90|reversal|ls,tsmom,ls,reversal,-,0.069,0.099,-0.3207,0.506,38.4,-0.0171,2503
crypto,XTZUSDT,4h,entry,"macd|fast12,slow26|reversal|ls",macd,ls,reversal,-,-0.15,-0.242,-0.4608,0.422,70.7,-0.2326,2503
crypto,XTZUSDT,4h,entry,donchian|lookback55|reversal|ls,donchian,ls,reversal,-,-0.02,-0.029,-0.3079,0.47,10.8,-0.1126,2503
crypto,XTZUSDT,4h,entry,blend|ls,blend,ls,-,-,0.168,0.238,-0.108,0.41,9.5,0.0763,2503
crypto,XTZUSDT,4h,entry,strength|ls,strength,ls,-,-,-0.142,-0.199,-0.2169,0.386,31.5,-0.1376,2503
crypto,XTZUSDT,4h,direction,"ema|fast50,slow200|reversal|long_only",ema,long_only,reversal,-,0.324,0.337,-0.1875,0.301,3.5,0.2153,2503
crypto,XTZUSDT,4h,direction,"ema|fast50,slow200|reversal|short_only",ema,short_only,reversal,-,0.233,0.25,-0.2542,0.458,4.7,0.1605,2503
crypto,XTZUSDT,4h,direction,"ema|fast50,slow200|reversal|asym",ema,asym,reversal,-,0.386,0.542,-0.159,0.542,4.9,0.2859,2503
crypto,XTZUSDT,4h,exit,"ema|fast50,slow200|atr_trailing|ls",ema,ls,atr_trailing,-,0.398,0.643,-0.2201,0.578,21.9,0.4309,2503
crypto,XTZUSDT,4h,exit,"ema|fast50,slow200|channel|ls",ema,ls,channel,-,0.333,0.476,-0.2663,0.542,27.9,0.3278,2503
crypto,XTZUSDT,4h,gate,"ema|fast50,slow200|g:adx|reversal|ls",ema,ls,reversal,adx,0.386,0.552,-0.2308,0.554,7.0,0.4087,2503
crypto,XTZUSDT,4h,gate,"ema|fast50,slow200|g:ltf|reversal|ls",ema,ls,reversal,ltf,0.383,0.556,-0.2327,0.566,8.2,0.4043,2503
crypto,XTZUSDT,4h,gate,"ema|fast50,slow200|g:vol|reversal|ls",ema,ls,reversal,vol,0.477,0.761,-0.1705,0.554,7.8,0.537,2503
crypto,XTZUSDT,4h,headline,blend|long_only,blend,long_only,-,-,0.373,0.397,-0.0734,0.253,3.4,0.1376,2503
crypto,XTZUSDT,4h,headline,blend|asym,blend,asym,-,-,0.322,0.477,-0.0802,0.349,5.2,0.1231,2503
crypto,XTZUSDT,1h,entry,"ema|fast20,slow100|reversal|ls",ema,ls,reversal,-,-0.1,-0.171,-0.3799,0.577,64.2,-0.1692,2368
crypto,XTZUSDT,1h,entry,"ema|fast50,slow200|reversal|ls",ema,ls,reversal,-,-0.031,-0.05,-0.3953,0.487,36.9,-0.1092,2368
crypto,XTZUSDT,1h,entry,"ema|fast100,slow300|reversal|ls",ema,ls,reversal,-,0.196,0.321,-0.2443,0.526,26.4,0.1284,2368
crypto,XTZUSDT,1h,entry,"sma|fast50,slow200|reversal|ls",sma,ls,reversal,-,-0.068,-0.116,-0.332,0.487,37.7,-0.139,2368
crypto,XTZUSDT,1h,entry,tsmom|lookback30|reversal|ls,tsmom,ls,reversal,-,-2.299,-3.791,-0.9279,0.244,303.3,-0.9177,2368
crypto,XTZUSDT,1h,entry,tsmom|lookback90|reversal|ls,tsmom,ls,reversal,-,-1.055,-1.705,-0.7174,0.41,181.8,-0.6973,2368
crypto,XTZUSDT,1h,entry,"macd|fast12,slow26|reversal|ls",macd,ls,reversal,-,-2.49,-3.677,-0.9353,0.179,297.1,-0.934,2368
crypto,XTZUSDT,1h,entry,donchian|lookback55|reversal|ls,donchian,ls,reversal,-,-0.11,-0.188,-0.347,0.513,45.0,-0.1742,2368
crypto,XTZUSDT,1h,entry,blend|ls,blend,ls,-,-,-0.182,-0.353,-0.2475,0.41,39.5,-0.1072,2368
crypto,XTZUSDT,1h,entry,strength|ls,strength,ls,-,-,-0.859,-1.626,-0.4864,0.372,134.9,-0.45,2368
crypto,XTZUSDT,1h,direction,"ema|fast50,slow200|reversal|long_only",ema,long_only,reversal,-,-0.227,-0.27,-0.334,0.359,17.0,-0.1769,2368
crypto,XTZUSDT,1h,direction,"ema|fast50,slow200|reversal|short_only",ema,short_only,reversal,-,0.187,0.253,-0.1954,0.487,19.9,0.1033,2368
crypto,XTZUSDT,1h,direction,"ema|fast50,slow200|reversal|asym",ema,asym,reversal,-,-0.16,-0.227,-0.331,0.487,23.0,-0.1465,2368
crypto,XTZUSDT,1h,exit,"ema|fast50,slow200|atr_trailing|ls",ema,ls,atr_trailing,-,-0.514,-0.856,-0.5372,0.41,96.6,-0.4646,2368
crypto,XTZUSDT,1h,exit,"ema|fast50,slow200|channel|ls",ema,ls,channel,-,-0.499,-0.845,-0.5271,0.385,117.6,-0.4551,2368
crypto,XTZUSDT,1h,gate,"ema|fast50,slow200|g:adx|reversal|ls",ema,ls,reversal,adx,0.01,0.017,-0.3478,0.487,32.6,-0.0696,2368
crypto,XTZUSDT,1h,gate,"ema|fast50,slow200|g:ltf|reversal|ls",ema,ls,reversal,ltf,-0.031,-0.05,-0.3953,0.487,36.9,-0.1092,2368
crypto,XTZUSDT,1h,gate,"ema|fast50,slow200|g:vol|reversal|ls",ema,ls,reversal,vol,-0.1,-0.163,-0.4305,0.5,36.1,-0.1704,2368
crypto,XTZUSDT,1h,headline,blend|long_only,blend,long_only,-,-,-0.051,-0.076,-0.1623,0.359,17.0,-0.0251,2368
crypto,XTZUSDT,1h,headline,blend|asym,blend,asym,-,-,-0.108,-0.2,-0.185,0.321,23.7,-0.0464,2368
crypto,XTZUSDT,15m,entry,"ema|fast20,slow100|reversal|ls",ema,ls,reversal,-,-1.63,-2.651,-0.8426,0.295,255.3,-0.8287,2368
crypto,XTZUSDT,15m,entry,"ema|fast50,slow200|reversal|ls",ema,ls,reversal,-,-0.628,-1.064,-0.5923,0.449,147.9,-0.51,2368
crypto,XTZUSDT,15m,entry,"ema|fast100,slow300|reversal|ls",ema,ls,reversal,-,-0.193,-0.329,-0.4057,0.551,106.3,-0.2383,2368
crypto,XTZUSDT,15m,entry,"sma|fast50,slow200|reversal|ls",sma,ls,reversal,-,-0.671,-1.1,-0.6017,0.449,150.2,-0.5305,2368
crypto,XTZUSDT,15m,entry,tsmom|lookback30|reversal|ls,tsmom,ls,reversal,-,-7.724,-11.559,-0.9999,0.038,1169.6,-0.9999,2368
crypto,XTZUSDT,15m,entry,tsmom|lookback90|reversal|ls,tsmom,ls,reversal,-,-4.053,-6.207,-0.9905,0.179,684.0,-0.99,2368
crypto,XTZUSDT,15m,entry,"macd|fast12,slow26|reversal|ls",macd,ls,reversal,-,-8.864,-12.895,-1.0,0.013,1235.6,-1.0,2368
crypto,XTZUSDT,15m,entry,donchian|lookback55|reversal|ls,donchian,ls,reversal,-,-1.269,-2.002,-0.7869,0.346,175.2,-0.7516,2368
crypto,XTZUSDT,15m,entry,blend|ls,blend,ls,-,-,-1.559,-3.766,-0.5679,0.256,156.0,-0.5396,2368
crypto,XTZUSDT,15m,entry,strength|ls,strength,ls,-,-,-4.326,-8.912,-0.9414,0.128,552.5,-0.9386,2368
crypto,XTZUSDT,15m,direction,"ema|fast50,slow200|reversal|long_only",ema,long_only,reversal,-,-0.798,-1.339,-0.5101,0.385,72.7,-0.4401,2368
crypto,XTZUSDT,15m,direction,"ema|fast50,slow200|reversal|short_only",ema,short_only,reversal,-,-0.005,-0.008,-0.2071,0.462,75.2,-0.0445,2368
crypto,XTZUSDT,15m,direction,"ema|fast50,slow200|reversal|asym",ema,asym,reversal,-,-0.781,-1.265,-0.5181,0.397,95.3,-0.4516,2368
crypto,XTZUSDT,15m,exit,"ema|fast50,slow200|atr_trailing|ls",ema,ls,atr_trailing,-,-1.799,-3.103,-0.869,0.282,385.2,-0.8536,2368
crypto,XTZUSDT,15m,exit,"ema|fast50,slow200|channel|ls",ema,ls,channel,-,-2.157,-3.602,-0.9086,0.244,453.0,-0.9017,2368
crypto,XTZUSDT,15m,gate,"ema|fast50,slow200|g:adx|reversal|ls",ema,ls,reversal,adx,-0.324,-0.543,-0.4806,0.474,127.9,-0.3336,2368
crypto,XTZUSDT,15m,gate,"ema|fast50,slow200|g:ltf|reversal|ls",ema,ls,reversal,ltf,-0.628,-1.064,-0.5923,0.449,147.9,-0.51,2368
crypto,XTZUSDT,15m,gate,"ema|fast50,slow200|g:vol|reversal|ls",ema,ls,reversal,vol,-0.721,-1.213,-0.6131,0.436,145.7,-0.5541,2368
crypto,XTZUSDT,15m,headline,blend|long_only,blend,long_only,-,-,-1.471,-3.088,-0.4078,0.218,74.9,-0.3743,2368
crypto,XTZUSDT,15m,headline,blend|asym,blend,asym,-,-,-1.632,-3.626,-0.4559,0.231,99.2,-0.4248,2368
crypto,XTZUSDT,5m,entry,"ema|fast20,slow100|reversal|ls",ema,ls,reversal,-,-5.42,-8.422,-0.9973,0.09,769.3,-0.9972,2368
crypto,XTZUSDT,5m,entry,"ema|fast50,slow200|reversal|ls",ema,ls,reversal,-,-2.784,-4.323,-0.9491,0.205,420.6,-0.9473,2368
crypto,XTZUSDT,5m,entry,"ema|fast100,slow300|reversal|ls",ema,ls,reversal,-,-1.552,-2.517,-0.8106,0.218,307.3,-0.7989,2368
crypto,XTZUSDT,5m,entry,"sma|fast50,slow200|reversal|ls",sma,ls,reversal,-,-2.929,-4.543,-0.9559,0.154,419.6,-0.951,2368
crypto,XTZUSDT,5m,entry,tsmom|lookback30|reversal|ls,tsmom,ls,reversal,-,-17.947,-21.638,-1.0,0.0,3285.2,-1.0,2368
crypto,XTZUSDT,5m,entry,tsmom|lookback90|reversal|ls,tsmom,ls,reversal,-,-11.63,-15.496,-1.0,0.0,2016.3,-1.0,2368
crypto,XTZUSDT,5m,entry,"macd|fast12,slow26|reversal|ls",macd,ls,reversal,-,-19.43,-23.302,-1.0,0.0,3642.7,-1.0,2368
crypto,XTZUSDT,5m,entry,donchian|lookback55|reversal|ls,donchian,ls,reversal,-,-4.422,-6.943,-0.9894,0.154,505.6,-0.989,2368
crypto,XTZUSDT,5m,entry,blend|ls,blend,ls,-,-,-5.189,-11.283,-0.9113,0.077,451.6,-0.9097,2368
crypto,XTZUSDT,5m,entry,strength|ls,strength,ls,-,-,-13.375,-22.025,-0.9999,0.0,1666.2,-0.9999,2368
crypto,XTZUSDT,5m,direction,"ema|fast50,slow200|reversal|long_only",ema,long_only,reversal,-,-2.377,-4.403,-0.8126,0.244,210.8,-0.8038,2368
crypto,XTZUSDT,5m,direction,"ema|fast50,slow200|reversal|short_only",ema,short_only,reversal,-,-1.36,-2.784,-0.6593,0.308,209.8,-0.6455,2368
crypto,XTZUSDT,5m,direction,"ema|fast50,slow200|reversal|asym",ema,asym,reversal,-,-2.708,-4.382,-0.8676,0.218,273.8,-0.8627,2368
crypto,XTZUSDT,5m,exit,"ema|fast50,slow200|atr_trailing|ls",ema,ls,atr_trailing,-,-7.288,-10.559,-0.9996,0.026,1147.9,-0.9996,2368
crypto,XTZUSDT,5m,exit,"ema|fast50,slow200|channel|ls",ema,ls,channel,-,-7.791,-11.297,-0.9998,0.013,1289.0,-0.9998,2368
crypto,XTZUSDT,5m,gate,"ema|fast50,slow200|g:adx|reversal|ls",ema,ls,reversal,adx,-2.418,-3.757,-0.9219,0.218,368.4,-0.9198,2368
crypto,XTZUSDT,5m,gate,"ema|fast50,slow200|g:ltf|reversal|ls",ema,ls,reversal,ltf,-2.784,-4.323,-0.9491,0.205,420.6,-0.9473,2368
crypto,XTZUSDT,5m,gate,"ema|fast50,slow200|g:vol|reversal|ls",ema,ls,reversal,vol,-2.602,-4.086,-0.9357,0.218,409.8,-0.9337,2368
crypto,XTZUSDT,5m,headline,blend|long_only,blend,long_only,-,-,-4.655,-10.106,-0.7512,0.103,225.6,-0.7429,2368
crypto,XTZUSDT,5m,headline,blend|asym,blend,asym,-,-,-5.263,-11.119,-0.813,0.115,293.4,-0.8088,2368
crypto,JASMYUSDT,1d,entry,"ema|fast20,slow100|reversal|ls",ema,ls,reversal,-,0.402,0.611,-0.1962,0.519,1.7,0.245,1564
crypto,JASMYUSDT,1d,entry,"ema|fast50,slow200|reversal|ls",ema,ls,reversal,-,0.488,0.671,-0.2121,0.538,0.9,0.3188,1564
crypto,JASMYUSDT,1d,entry,"ema|fast100,slow300|reversal|ls",ema,ls,reversal,-,0.418,0.593,-0.2857,0.558,0.6,0.2579,1564
crypto,JASMYUSDT,1d,entry,"sma|fast50,slow200|reversal|ls",sma,ls,reversal,-,-0.269,-0.327,-0.3418,0.404,0.9,-0.2031,1564
crypto,JASMYUSDT,1d,entry,tsmom|lookback30|reversal|ls,tsmom,ls,reversal,-,0.697,1.156,-0.2068,0.519,7.0,0.5189,1564
crypto,JASMYUSDT,1d,entry,tsmom|lookback90|reversal|ls,tsmom,ls,reversal,-,0.567,0.861,-0.1783,0.5,5.8,0.3914,1564
crypto,JASMYUSDT,1d,entry,"macd|fast12,slow26|reversal|ls",macd,ls,reversal,-,0.24,0.367,-0.279,0.423,8.5,0.1152,1564
crypto,JASMYUSDT,1d,entry,donchian|lookback55|reversal|ls,donchian,ls,reversal,-,0.024,0.036,-0.3359,0.462,1.5,-0.0351,1564
crypto,JASMYUSDT,1d,entry,blend|ls,blend,ls,-,-,0.184,0.217,-0.1068,0.423,1.2,0.0496,1564
crypto,JASMYUSDT,1d,entry,strength|ls,strength,ls,-,-,0.207,0.288,-0.1508,0.365,3.7,0.0711,1564
crypto,JASMYUSDT,1d,direction,"ema|fast50,slow200|reversal|long_only",ema,long_only,reversal,-,0.74,0.912,-0.0845,0.173,0.3,0.3251,1564
crypto,JASMYUSDT,1d,direction,"ema|fast50,slow200|reversal|short_only",ema,short_only,reversal,-,0.055,0.054,-0.2826,0.442,0.6,-0.0046,1564
crypto,JASMYUSDT,1d,direction,"ema|fast50,slow200|reversal|asym",ema,asym,reversal,-,0.708,1.21,-0.1045,0.558,0.5,0.3328,1564
crypto,JASMYUSDT,1d,exit,"ema|fast50,slow200|atr_trailing|ls",ema,ls,atr_trailing,-,0.222,0.309,-0.2557,0.481,2.8,0.1007,1564
crypto,JASMYUSDT,1d,exit,"ema|fast50,slow200|channel|ls",ema,ls,channel,-,0.219,0.298,-0.2869,0.519,3.0,0.0983,1564
crypto,JASMYUSDT,1d,gate,"ema|fast50,slow200|g:adx|reversal|ls",ema,ls,reversal,adx,0.338,0.466,-0.2591,0.558,0.7,0.1916,1564
crypto,JASMYUSDT,1d,gate,"ema|fast50,slow200|g:ltf|reversal|ls",ema,ls,reversal,ltf,0.488,0.671,-0.2121,0.538,0.9,0.3188,1564
crypto,JASMYUSDT,1d,gate,"ema|fast50,slow200|g:vol|reversal|ls",ema,ls,reversal,vol,0.585,0.716,-0.1543,0.327,0.6,0.3347,1564
crypto,JASMYUSDT,1d,headline,blend|long_only,blend,long_only,-,-,0.519,0.519,-0.0488,0.173,0.3,0.0867,1564
crypto,JASMYUSDT,1d,headline,blend|asym,blend,asym,-,-,0.42,0.612,-0.0567,0.423,0.6,0.0778,1564
crypto,JASMYUSDT,4h,entry,"ema|fast20,slow100|reversal|ls",ema,ls,reversal,-,0.452,0.747,-0.2061,0.577,12.4,0.2969,1564
crypto,JASMYUSDT,4h,entry,"ema|fast50,slow200|reversal|ls",ema,ls,reversal,-,0.849,1.391,-0.1255,0.635,6.4,0.7024,1564
crypto,JASMYUSDT,4h,entry,"ema|fast100,slow300|reversal|ls",ema,ls,reversal,-,0.156,0.245,-0.2827,0.558,5.4,0.0534,1564
crypto,JASMYUSDT,4h,entry,"sma|fast50,slow200|reversal|ls",sma,ls,reversal,-,0.369,0.558,-0.1903,0.558,7.0,0.223,1564
crypto,JASMYUSDT,4h,entry,tsmom|lookback30|reversal|ls,tsmom,ls,reversal,-,-0.145,-0.243,-0.2641,0.442,63.1,-0.1484,1564
crypto,JASMYUSDT,4h,entry,tsmom|lookback90|reversal|ls,tsmom,ls,reversal,-,0.46,0.733,-0.1743,0.5,41.3,0.3011,1564
crypto,JASMYUSDT,4h,entry,"macd|fast12,slow26|reversal|ls",macd,ls,reversal,-,-0.388,-0.623,-0.3734,0.5,61.2,-0.287,1564
crypto,JASMYUSDT,4h,entry,donchian|lookback55|reversal|ls,donchian,ls,reversal,-,-0.174,-0.274,-0.3405,0.5,9.3,-0.1621,1564
crypto,JASMYUSDT,4h,entry,blend|ls,blend,ls,-,-,0.396,0.604,-0.0759,0.462,8.2,0.1385,1564
crypto,JASMYUSDT,4h,entry,strength|ls,strength,ls,-,-,0.276,0.454,-0.1236,0.404,27.4,0.1068,1564
crypto,JASMYUSDT,4h,direction,"ema|fast50,slow200|reversal|long_only",ema,long_only,reversal,-,0.798,0.873,-0.117,0.288,2.5,0.3799,1564
crypto,JASMYUSDT,4h,direction,"ema|fast50,slow200|reversal|short_only",ema,short_only,reversal,-,0.451,0.557,-0.1479,0.481,3.9,0.2362,1564
crypto,JASMYUSDT,4h,direction,"ema|fast50,slow200|reversal|asym",ema,asym,reversal,-,0.91,1.406,-0.1133,0.596,3.7,0.4812,1564
crypto,JASMYUSDT,4h,exit,"ema|fast50,slow200|atr_trailing|ls",ema,ls,atr_trailing,-,0.639,1.069,-0.1632,0.519,18.2,0.4687,1564
crypto,JASMYUSDT,4h,exit,"ema|fast50,slow200|channel|ls",ema,ls,channel,-,0.464,0.756,-0.1658,0.519,22.7,0.3027,1564
crypto,JASMYUSDT,4h,gate,"ema|fast50,slow200|g:adx|reversal|ls",ema,ls,reversal,adx,0.816,1.33,-0.1365,0.596,6.0,0.6642,1564
crypto,JASMYUSDT,4h,gate,"ema|fast50,slow200|g:ltf|reversal|ls",ema,ls,reversal,ltf,0.849,1.391,-0.1255,0.635,6.4,0.7024,1564
crypto,JASMYUSDT,4h,gate,"ema|fast50,slow200|g:vol|reversal|ls",ema,ls,reversal,vol,0.83,1.317,-0.1255,0.596,6.3,0.6616,1564
crypto,JASMYUSDT,4h,headline,blend|long_only,blend,long_only,-,-,0.755,0.852,-0.0446,0.269,2.5,0.1852,1564
crypto,JASMYUSDT,4h,headline,blend|asym,blend,asym,-,-,0.674,1.1,-0.0477,0.5,4.2,0.1736,1564
crypto,JASMYUSDT,1h,entry,"ema|fast20,slow100|reversal|ls",ema,ls,reversal,-,0.731,1.295,-0.1893,0.596,51.0,0.5488,1564
crypto,JASMYUSDT,1h,entry,"ema|fast50,slow200|reversal|ls",ema,ls,reversal,-,0.645,1.108,-0.1329,0.5,28.8,0.4649,1564
crypto,JASMYUSDT,1h,entry,"ema|fast100,slow300|reversal|ls",ema,ls,reversal,-,0.28,0.459,-0.22,0.538,22.1,0.1456,1564
crypto,JASMYUSDT,1h,entry,"sma|fast50,slow200|reversal|ls",sma,ls,reversal,-,0.807,1.417,-0.1921,0.558,30.5,0.6379,1564
crypto,JASMYUSDT,1h,entry,tsmom|lookback30|reversal|ls,tsmom,ls,reversal,-,-2.141,-3.469,-0.7934,0.288,272.5,-0.7926,1564
crypto,JASMYUSDT,1h,entry,tsmom|lookback90|reversal|ls,tsmom,ls,reversal,-,-0.561,-0.931,-0.3931,0.481,157.7,-0.3568,1564
crypto,JASMYUSDT,1h,entry,"macd|fast12,slow26|reversal|ls",macd,ls,reversal,-,-1.931,-2.867,-0.7485,0.365,241.2,-0.7455,1564
crypto,JASMYUSDT,1h,entry,donchian|lookback55|reversal|ls,donchian,ls,reversal,-,0.511,0.864,-0.145,0.481,37.1,0.3419,1564
crypto,JASMYUSDT,1h,entry,blend|ls,blend,ls,-,-,0.233,0.485,-0.1123,0.462,33.1,0.0663,1564
crypto,JASMYUSDT,1h,entry,strength|ls,strength,ls,-,-,-0.357,-0.73,-0.1893,0.481,115.9,-0.1594,1564
crypto,JASMYUSDT,1h,direction,"ema|fast50,slow200|reversal|long_only",ema,long_only,reversal,-,0.416,0.529,-0.1111,0.385,12.5,0.1718,1564
crypto,JASMYUSDT,1h,direction,"ema|fast50,slow200|reversal|short_only",ema,short_only,reversal,-,0.514,0.695,-0.1514,0.519,16.3,0.2642,1564
crypto,JASMYUSDT,1h,direction,"ema|fast50,slow200|reversal|asym",ema,asym,reversal,-,0.563,0.87,-0.0983,0.462,17.4,0.2638,1564
crypto,JASMYUSDT,1h,exit,"ema|fast50,slow200|atr_trailing|ls",ema,ls,atr_trailing,-,0.174,0.288,-0.2419,0.481,79.3,0.0666,1564
crypto,JASMYUSDT,1h,exit,"ema|fast50,slow200|channel|ls",ema,ls,channel,-,0.092,0.158,-0.2204,0.5,100.7,0.0093,1564
crypto,JASMYUSDT,1h,gate,"ema|fast50,slow200|g:adx|reversal|ls",ema,ls,reversal,adx,0.625,1.066,-0.1604,0.481,26.2,0.4458,1564
crypto,JASMYUSDT,1h,gate,"ema|fast50,slow200|g:ltf|reversal|ls",ema,ls,reversal,ltf,0.645,1.108,-0.1329,0.5,28.8,0.4649,1564
crypto,JASMYUSDT,1h,gate,"ema|fast50,slow200|g:vol|reversal|ls",ema,ls,reversal,vol,0.696,1.192,-0.1432,0.519,28.1,0.5094,1564
crypto,JASMYUSDT,1h,headline,blend|long_only,blend,long_only,-,-,0.582,0.943,-0.0492,0.404,12.2,0.1291,1564
crypto,JASMYUSDT,1h,headline,blend|asym,blend,asym,-,-,0.492,1.019,-0.0546,0.365,18.5,0.1131,1564
crypto,JASMYUSDT,15m,entry,"ema|fast20,slow100|reversal|ls",ema,ls,reversal,-,-1.023,-1.649,-0.5477,0.346,225.4,-0.5341,1564
crypto,JASMYUSDT,15m,entry,"ema|fast50,slow200|reversal|ls",ema,ls,reversal,-,-0.229,-0.384,-0.3351,0.462,126.1,-0.1943,1564
crypto,JASMYUSDT,15m,entry,"ema|fast100,slow300|reversal|ls",ema,ls,reversal,-,0.418,0.738,-0.2513,0.596,93.9,0.2627,1564
crypto,JASMYUSDT,15m,entry,"sma|fast50,slow200|reversal|ls",sma,ls,reversal,-,-0.326,-0.559,-0.3188,0.462,128.5,-0.2425,1564
crypto,JASMYUSDT,15m,entry,tsmom|lookback30|reversal|ls,tsmom,ls,reversal,-,-7.648,-11.223,-0.9975,0.058,1162.1,-0.9974,1564
crypto,JASMYUSDT,15m,entry,tsmom|lookback90|reversal|ls,tsmom,ls,reversal,-,-3.788,-5.961,-0.945,0.192,686.2,-0.9449,1564
crypto,JASMYUSDT,15m,entry,"macd|fast12,slow26|reversal|ls",macd,ls,reversal,-,-7.654,-11.233,-0.997,0.019,1048.9,-0.997,1564
crypto,JASMYUSDT,15m,entry,donchian|lookback55|reversal|ls,donchian,ls,reversal,-,-0.826,-1.264,-0.4939,0.385,158.5,-0.4671,1564
crypto,JASMYUSDT,15m,entry,blend|ls,blend,ls,-,-,-1.163,-3.064,-0.3199,0.288,136.8,-0.3168,1564
crypto,JASMYUSDT,15m,entry,strength|ls,strength,ls,-,-,-3.321,-7.389,-0.757,0.212,484.1,-0.7553,1564
crypto,JASMYUSDT,15m,direction,"ema|fast50,slow200|reversal|long_only",ema,long_only,reversal,-,-0.167,-0.29,-0.2727,0.385,59.3,-0.0973,1564
crypto,JASMYUSDT,15m,direction,"ema|fast50,slow200|reversal|short_only",ema,short_only,reversal,-,-0.056,-0.09,-0.229,0.538,66.7,-0.0574,1564
crypto,JASMYUSDT,15m,direction,"ema|fast50,slow200|reversal|asym",ema,asym,reversal,-,-0.194,-0.327,-0.288,0.404,79.4,-0.1159,1564
crypto,JASMYUSDT,15m,exit,"ema|fast50,slow200|atr_trailing|ls",ema,ls,atr_trailing,-,-2.019,-3.363,-0.7781,0.231,370.8,-0.7781,1564
crypto,JASMYUSDT,15m,exit,"ema|fast50,slow200|channel|ls",ema,ls,channel,-,-2.729,-4.425,-0.8756,0.192,470.3,-0.8756,1564
crypto,JASMYUSDT,15m,gate,"ema|fast50,slow200|g:adx|reversal|ls",ema,ls,reversal,adx,-0.091,-0.153,-0.2757,0.442,110.7,-0.1136,1564
crypto,JASMYUSDT,15m,gate,"ema|fast50,slow200|g:ltf|reversal|ls",ema,ls,reversal,ltf,-0.229,-0.384,-0.3351,0.462,126.1,-0.1943,1564
crypto,JASMYUSDT,15m,gate,"ema|fast50,slow200|g:vol|reversal|ls",ema,ls,reversal,vol,-0.15,-0.248,-0.313,0.481,124.5,-0.1486,1564
crypto,JASMYUSDT,15m,headline,blend|long_only,blend,long_only,-,-,-0.295,-0.737,-0.1153,0.308,60.6,-0.0671,1564
crypto,JASMYUSDT,15m,headline,blend|asym,blend,asym,-,-,-0.664,-1.747,-0.1461,0.308,83.5,-0.1457,1564
crypto,JASMYUSDT,5m,entry,"ema|fast20,slow100|reversal|ls",ema,ls,reversal,-,-4.742,-7.139,-0.9704,0.154,722.6,-0.9695,1564
crypto,JASMYUSDT,5m,entry,"ema|fast50,slow200|reversal|ls",ema,ls,reversal,-,-2.012,-3.145,-0.7669,0.308,403.0,-0.7613,1564
crypto,JASMYUSDT,5m,entry,"ema|fast100,slow300|reversal|ls",ema,ls,reversal,-,-1.144,-1.867,-0.5704,0.346,288.7,-0.5674,1564
crypto,JASMYUSDT,5m,entry,"sma|fast50,slow200|reversal|ls",sma,ls,reversal,-,-2.374,-3.652,-0.82,0.231,404.3,-0.8173,1564
crypto,JASMYUSDT,5m,entry,tsmom|lookback30|reversal|ls,tsmom,ls,reversal,-,-17.755,-21.069,-1.0,0.0,3463.7,-1.0,1564
crypto,JASMYUSDT,5m,entry,tsmom|lookback90|reversal|ls,tsmom,ls,reversal,-,-11.983,-15.547,-1.0,0.0,2174.3,-1.0,1564
crypto,JASMYUSDT,5m,entry,"macd|fast12,slow26|reversal|ls",macd,ls,reversal,-,-17.87,-21.879,-1.0,0.0,3229.7,-1.0,1564
crypto,JASMYUSDT,5m,entry,donchian|lookback55|reversal|ls,donchian,ls,reversal,-,-3.785,-6.023,-0.9325,0.173,514.9,-0.9325,1564
crypto,JASMYUSDT,5m,entry,blend|ls,blend,ls,-,-,-4.708,-10.347,-0.7784,0.115,436.0,-0.7785,1564
crypto,JASMYUSDT,5m,entry,strength|ls,strength,ls,-,-,-11.801,-19.406,-0.9956,0.0,1521.8,-0.9956,1564
crypto,JASMYUSDT,5m,direction,"ema|fast50,slow200|reversal|long_only",ema,long_only,reversal,-,-1.356,-2.807,-0.493,0.269,195.8,-0.4928,1564
crypto,JASMYUSDT,5m,direction,"ema|fast50,slow200|reversal|short_only",ema,short_only,reversal,-,-1.151,-2.22,-0.4653,0.327,207.3,-0.4352,1564
crypto,JASMYUSDT,5m,direction,"ema|fast50,slow200|reversal|asym",ema,asym,reversal,-,-1.685,-2.98,-0.5855,0.25,257.9,-0.5848,1564
crypto,JASMYUSDT,5m,exit,"ema|fast50,slow200|atr_trailing|ls",ema,ls,atr_trailing,-,-7.164,-10.419,-0.9945,0.038,1248.2,-0.9945,1564
crypto,JASMYUSDT,5m,exit,"ema|fast50,slow200|channel|ls",ema,ls,channel,-,-8.322,-11.981,-0.998,0.038,1531.2,-0.998,1564
crypto,JASMYUSDT,5m,gate,"ema|fast50,slow200|g:adx|reversal|ls",ema,ls,reversal,adx,-1.617,-2.621,-0.6879,0.288,340.3,-0.6802,1564
crypto,JASMYUSDT,5m,gate,"ema|fast50,slow200|g:ltf|reversal|ls",ema,ls,reversal,ltf,-2.012,-3.145,-0.7669,0.308,403.0,-0.7613,1564
crypto,JASMYUSDT,5m,gate,"ema|fast50,slow200|g:vol|reversal|ls",ema,ls,reversal,vol,-1.896,-2.886,-0.7532,0.308,395.5,-0.7439,1564
crypto,JASMYUSDT,5m,headline,blend|long_only,blend,long_only,-,-,-2.818,-7.17,-0.4718,0.192,204.2,-0.4726,1564
crypto,JASMYUSDT,5m,headline,blend|asym,blend,asym,-,-,-3.73,-8.956,-0.5876,0.173,273.7,-0.5882,1564
crypto,CFXUSDT,1d,entry,"ema|fast20,slow100|reversal|ls",ema,ls,reversal,-,0.483,0.681,-0.1452,0.452,1.2,0.2552,1258
crypto,CFXUSDT,1d,entry,"ema|fast50,slow200|reversal|ls",ema,ls,reversal,-,-0.287,-0.273,-0.3614,0.452,0.8,-0.1892,1258
crypto,CFXUSDT,1d,entry,"ema|fast100,slow300|reversal|ls",ema,ls,reversal,-,-0.489,-0.466,-0.4266,0.405,0.7,-0.2768,1258
crypto,CFXUSDT,1d,entry,"sma|fast50,slow200|reversal|ls",sma,ls,reversal,-,-0.489,-0.443,-0.3862,0.405,0.8,-0.2717,1258
crypto,CFXUSDT,1d,entry,tsmom|lookback30|reversal|ls,tsmom,ls,reversal,-,0.029,0.043,-0.2706,0.452,9.9,-0.0281,1258
crypto,CFXUSDT,1d,entry,tsmom|lookback90|reversal|ls,tsmom,ls,reversal,-,0.258,0.367,-0.1619,0.405,4.0,0.1057,1258
crypto,CFXUSDT,1d,entry,"macd|fast12,slow26|reversal|ls",macd,ls,reversal,-,-0.399,-0.575,-0.3313,0.286,8.3,-0.2369,1258
crypto,CFXUSDT,1d,entry,donchian|lookback55|reversal|ls,donchian,ls,reversal,-,-0.681,-0.656,-0.465,0.405,1.4,-0.3502,1258
crypto,CFXUSDT,1d,entry,blend|ls,blend,ls,-,-,-0.224,-0.221,-0.1509,0.381,1.1,-0.0679,1258
crypto,CFXUSDT,1d,entry,strength|ls,strength,ls,-,-,0.149,0.192,-0.1136,0.381,2.9,0.0373,1258
crypto,CFXUSDT,1d,direction,"ema|fast50,slow200|reversal|long_only",ema,long_only,reversal,-,-0.285,-0.168,-0.1711,0.119,0.2,-0.0603,1258
crypto,CFXUSDT,1d,direction,"ema|fast50,slow200|reversal|short_only",ema,short_only,reversal,-,-0.199,-0.162,-0.3325,0.429,0.6,-0.137,1258
crypto,CFXUSDT,1d,direction,"ema|fast50,slow200|reversal|asym",ema,asym,reversal,-,-0.347,-0.356,-0.2166,0.476,0.4,-0.0929,1258
crypto,CFXUSDT,1d,exit,"ema|fast50,slow200|atr_trailing|ls",ema,ls,atr_trailing,-,-0.142,-0.135,-0.3212,0.548,2.1,-0.1182,1258
crypto,CFXUSDT,1d,exit,"ema|fast50,slow200|channel|ls",ema,ls,channel,-,-0.651,-0.611,-0.4782,0.476,3.0,-0.334,1258
crypto,CFXUSDT,1d,gate,"ema|fast50,slow200|g:adx|reversal|ls",ema,ls,reversal,adx,-0.444,-0.421,-0.3765,0.429,0.9,-0.258,1258
crypto,CFXUSDT,1d,gate,"ema|fast50,slow200|g:ltf|reversal|ls",ema,ls,reversal,ltf,-0.287,-0.273,-0.3614,0.452,0.8,-0.1892,1258
crypto,CFXUSDT,1d,gate,"ema|fast50,slow200|g:vol|reversal|ls",ema,ls,reversal,vol,-0.381,-0.256,-0.2936,0.262,0.5,-0.1826,1258
crypto,CFXUSDT,1d,headline,blend|long_only,blend,long_only,-,-,0.007,0.004,-0.0634,0.119,0.2,-0.0004,1258
crypto,CFXUSDT,1d,headline,blend|asym,blend,asym,-,-,-0.153,-0.16,-0.0775,0.381,0.5,-0.0192,1258
crypto,CFXUSDT,4h,entry,"ema|fast20,slow100|reversal|ls",ema,ls,reversal,-,0.049,0.079,-0.2949,0.548,12.6,-0.024,1258
crypto,CFXUSDT,4h,entry,"ema|fast50,slow200|reversal|ls",ema,ls,reversal,-,-0.002,-0.003,-0.2683,0.5,7.5,-0.0549,1258
crypto,CFXUSDT,4h,entry,"ema|fast100,slow300|reversal|ls",ema,ls,reversal,-,0.294,0.415,-0.1591,0.524,4.6,0.1358,1258
crypto,CFXUSDT,4h,entry,"sma|fast50,slow200|reversal|ls",sma,ls,reversal,-,0.11,0.159,-0.2838,0.524,7.4,0.0125,1258
crypto,CFXUSDT,4h,entry,tsmom|lookback30|reversal|ls,tsmom,ls,reversal,-,0.139,0.256,-0.2202,0.429,60.9,0.0323,1258
crypto,CFXUSDT,4h,entry,tsmom|lookback90|reversal|ls,tsmom,ls,reversal,-,0.122,0.2,-0.218,0.476,41.7,0.0215,1258
crypto,CFXUSDT,4h,entry,"macd|fast12,slow26|reversal|ls",macd,ls,reversal,-,0.311,0.497,-0.3064,0.5,53.6,0.1433,1258
crypto,CFXUSDT,4h,entry,donchian|lookback55|reversal|ls,donchian,ls,reversal,-,-0.221,-0.341,-0.3242,0.476,10.0,-0.1727,1258
crypto,CFXUSDT,4h,entry,blend|ls,blend,ls,-,-,-0.082,-0.122,-0.111,0.381,8.2,-0.0382,1258
crypto,CFXUSDT,4h,entry,strength|ls,strength,ls,-,-,-0.113,-0.186,-0.1288,0.381,26.1,-0.0675,1258
crypto,CFXUSDT,4h,direction,"ema|fast50,slow200|reversal|long_only",ema,long_only,reversal,-,-0.13,-0.16,-0.1688,0.214,3.1,-0.0675,1258
crypto,CFXUSDT,4h,direction,"ema|fast50,slow200|reversal|short_only",ema,short_only,reversal,-,0.103,0.113,-0.1935,0.429,4.3,0.0155,1258
crypto,CFXUSDT,4h,direction,"ema|fast50,slow200|reversal|asym",ema,asym,reversal,-,-0.088,-0.141,-0.172,0.5,4.4,-0.0574,1258
crypto,CFXUSDT,4h,exit,"ema|fast50,slow200|atr_trailing|ls",ema,ls,atr_trailing,-,0.206,0.343,-0.1693,0.452,20.4,0.0745,1258
crypto,CFXUSDT,4h,exit,"ema|fast50,slow200|channel|ls",ema,ls,channel,-,0.224,0.356,-0.2152,0.524,25.7,0.0866,1258
crypto,CFXUSDT,4h,gate,"ema|fast50,slow200|g:adx|reversal|ls",ema,ls,reversal,adx,0.268,0.407,-0.2311,0.548,6.4,0.1176,1258
crypto,CFXUSDT,4h,gate,"ema|fast50,slow200|g:ltf|reversal|ls",ema,ls,reversal,ltf,-0.002,-0.003,-0.2683,0.5,7.5,-0.0549,1258
crypto,CFXUSDT,4h,gate,"ema|fast50,slow200|g:vol|reversal|ls",ema,ls,reversal,vol,0.058,0.086,-0.2683,0.5,7.2,-0.0177,1258
crypto,CFXUSDT,4h,headline,blend|long_only,blend,long_only,-,-,0.009,0.011,-0.0467,0.214,2.7,-0.0029,1258
crypto,CFXUSDT,4h,headline,blend|asym,blend,asym,-,-,-0.032,-0.051,-0.0526,0.381,4.4,-0.0116,1258
crypto,CFXUSDT,1h,entry,"ema|fast20,slow100|reversal|ls",ema,ls,reversal,-,-0.14,-0.234,-0.2384,0.452,56.0,-0.1293,1258
crypto,CFXUSDT,1h,entry,"ema|fast50,slow200|reversal|ls",ema,ls,reversal,-,0.204,0.335,-0.1719,0.452,31.3,0.0734,1258
crypto,CFXUSDT,1h,entry,"ema|fast100,slow300|reversal|ls",ema,ls,reversal,-,0.099,0.157,-0.3156,0.476,24.0,0.007,1258
crypto,CFXUSDT,1h,entry,"sma|fast50,slow200|reversal|ls",sma,ls,reversal,-,-0.142,-0.227,-0.2506,0.333,31.3,-0.1325,1258
crypto,CFXUSDT,1h,entry,tsmom|lookback30|reversal|ls,tsmom,ls,reversal,-,-1.195,-2.12,-0.6117,0.31,273.9,-0.5604,1258
crypto,CFXUSDT,1h,entry,tsmom|lookback90|reversal|ls,tsmom,ls,reversal,-,-0.597,-0.957,-0.459,0.381,157.0,-0.353,1258
crypto,CFXUSDT,1h,entry,"macd|fast12,slow26|reversal|ls",macd,ls,reversal,-,-0.579,-0.962,-0.3722,0.357,247.5,-0.3313,1258
crypto,CFXUSDT,1h,entry,donchian|lookback55|reversal|ls,donchian,ls,reversal,-,-0.296,-0.491,-0.3123,0.5,41.8,-0.2084,1258
crypto,CFXUSDT,1h,entry,blend|ls,blend,ls,-,-,0.261,0.539,-0.0879,0.5,33.8,0.0702,1258
crypto,CFXUSDT,1h,entry,strength|ls,strength,ls,-,-,-0.094,-0.196,-0.1774,0.381,113.5,-0.059,1258
crypto,CFXUSDT,1h,direction,"ema|fast50,slow200|reversal|long_only",ema,long_only,reversal,-,-0.007,-0.008,-0.1709,0.381,14.6,-0.0255,1258
crypto,CFXUSDT,1h,direction,"ema|fast50,slow200|reversal|short_only",ema,short_only,reversal,-,0.296,0.361,-0.1386,0.476,16.7,0.1113,1258
crypto,CFXUSDT,1h,direction,"ema|fast50,slow200|reversal|asym",ema,asym,reversal,-,0.084,0.127,-0.1616,0.429,19.6,0.0098,1258
crypto,CFXUSDT,1h,exit,"ema|fast50,slow200|atr_trailing|ls",ema,ls,atr_trailing,-,-0.554,-0.899,-0.3799,0.429,88.4,-0.3198,1258
crypto,CFXUSDT,1h,exit,"ema|fast50,slow200|channel|ls",ema,ls,channel,-,-0.455,-0.747,-0.3594,0.429,111.1,-0.2805,1258
crypto,CFXUSDT,1h,gate,"ema|fast50,slow200|g:adx|reversal|ls",ema,ls,reversal,adx,-0.046,-0.073,-0.1941,0.476,29.7,-0.0784,1258
crypto,CFXUSDT,1h,gate,"ema|fast50,slow200|g:ltf|reversal|ls",ema,ls,reversal,ltf,0.204,0.335,-0.1719,0.452,31.3,0.0734,1258
crypto,CFXUSDT,1h,gate,"ema|fast50,slow200|g:vol|reversal|ls",ema,ls,reversal,vol,0.125,0.204,-0.1721,0.405,30.9,0.0235,1258
crypto,CFXUSDT,1h,headline,blend|long_only,blend,long_only,-,-,0.259,0.403,-0.0716,0.405,14.2,0.0488,1258
crypto,CFXUSDT,1h,headline,blend|asym,blend,asym,-,-,0.286,0.564,-0.0696,0.405,20.1,0.0575,1258
crypto,CFXUSDT,15m,entry,"ema|fast20,slow100|reversal|ls",ema,ls,reversal,-,-1.064,-1.72,-0.5296,0.381,238.4,-0.5101,1258
crypto,CFXUSDT,15m,entry,"ema|fast50,slow200|reversal|ls",ema,ls,reversal,-,-0.245,-0.393,-0.2656,0.5,126.8,-0.186,1258
crypto,CFXUSDT,15m,entry,"ema|fast100,slow300|reversal|ls",ema,ls,reversal,-,-0.164,-0.267,-0.2507,0.5,94.7,-0.1413,1258
crypto,CFXUSDT,15m,entry,"sma|fast50,slow200|reversal|ls",sma,ls,reversal,-,-0.488,-0.793,-0.3931,0.476,135.9,-0.2942,1258
crypto,CFXUSDT,15m,entry,tsmom|lookback30|reversal|ls,tsmom,ls,reversal,-,-5.644,-8.965,-0.9799,0.119,1139.4,-0.9799,1258
crypto,CFXUSDT,15m,entry,tsmom|lookback90|reversal|ls,tsmom,ls,reversal,-,-3.862,-5.944,-0.9391,0.119,701.8,-0.9322,1258
crypto,CFXUSDT,15m,entry,"macd|fast12,slow26|reversal|ls",macd,ls,reversal,-,-6.741,-9.735,-0.9883,0.119,1075.7,-0.9872,1258
crypto,CFXUSDT,15m,entry,donchian|lookback55|reversal|ls,donchian,ls,reversal,-,-0.694,-1.112,-0.4439,0.405,165.9,-0.3753,1258
crypto,CFXUSDT,15m,entry,blend|ls,blend,ls,-,-,-0.525,-1.247,-0.2237,0.405,140.5,-0.1696,1258
crypto,CFXUSDT,15m,entry,strength|ls,strength,ls,-,-,-2.919,-5.957,-0.7216,0.167,491.1,-0.7081,1258
crypto,CFXUSDT,15m,direction,"ema|fast50,slow200|reversal|long_only",ema,long_only,reversal,-,-0.231,-0.393,-0.1939,0.452,60.4,-0.1124,1258
crypto,CFXUSDT,15m,direction,"ema|fast50,slow200|reversal|short_only",ema,short_only,reversal,-,-0.045,-0.071,-0.1579,0.429,66.4,-0.0483,1258
crypto,CFXUSDT,15m,direction,"ema|fast50,slow200|reversal|asym",ema,asym,reversal,-,-0.247,-0.405,-0.2013,0.476,80.3,-0.1263,1258
crypto,CFXUSDT,15m,exit,"ema|fast50,slow200|atr_trailing|ls",ema,ls,atr_trailing,-,-1.721,-2.695,-0.7046,0.31,371.0,-0.6749,1258
crypto,CFXUSDT,15m,exit,"ema|fast50,slow200|channel|ls",ema,ls,channel,-,-2.387,-3.787,-0.7944,0.19,462.5,-0.7872,1258
crypto,CFXUSDT,15m,gate,"ema|fast50,slow200|g:adx|reversal|ls",ema,ls,reversal,adx,-0.435,-0.689,-0.3274,0.476,113.1,-0.2752,1258
crypto,CFXUSDT,15m,gate,"ema|fast50,slow200|g:ltf|reversal|ls",ema,ls,reversal,ltf,-0.245,-0.393,-0.2656,0.5,126.8,-0.186,1258
crypto,CFXUSDT,15m,gate,"ema|fast50,slow200|g:vol|reversal|ls",ema,ls,reversal,vol,-0.121,-0.202,-0.2474,0.524,123.9,-0.1196,1258
crypto,CFXUSDT,15m,headline,blend|long_only,blend,long_only,-,-,-0.269,-0.735,-0.1057,0.429,64.3,-0.0622,1258
crypto,CFXUSDT,15m,headline,blend|asym,blend,asym,-,-,-0.392,-1.075,-0.1312,0.381,87.1,-0.0919,1258
crypto,CFXUSDT,5m,entry,"ema|fast20,slow100|reversal|ls",ema,ls,reversal,-,-4.032,-6.376,-0.9371,0.143,738.5,-0.9319,1258
crypto,CFXUSDT,5m,entry,"ema|fast50,slow200|reversal|ls",ema,ls,reversal,-,-1.746,-2.844,-0.6943,0.333,414.2,-0.6717,1258
crypto,CFXUSDT,5m,entry,"ema|fast100,slow300|reversal|ls",ema,ls,reversal,-,-1.385,-2.272,-0.6019,0.381,309.9,-0.5819,1258
crypto,CFXUSDT,5m,entry,"sma|fast50,slow200|reversal|ls",sma,ls,reversal,-,-1.649,-2.632,-0.664,0.333,414.2,-0.6409,1258
crypto,CFXUSDT,5m,entry,tsmom|lookback30|reversal|ls,tsmom,ls,reversal,-,-17.147,-21.676,-1.0,0.024,3580.9,-1.0,1258
crypto,CFXUSDT,5m,entry,tsmom|lookback90|reversal|ls,tsmom,ls,reversal,-,-10.155,-14.221,-0.9996,0.0,2155.6,-0.9996,1258
crypto,CFXUSDT,5m,entry,"macd|fast12,slow26|reversal|ls",macd,ls,reversal,-,-17.685,-21.854,-1.0,0.0,3368.5,-1.0,1258
crypto,CFXUSDT,5m,entry,donchian|lookback55|reversal|ls,donchian,ls,reversal,-,-2.944,-4.809,-0.8492,0.214,519.2,-0.8445,1258
crypto,CFXUSDT,5m,entry,blend|ls,blend,ls,-,-,-3.457,-8.176,-0.6587,0.214,445.7,-0.649,1258
crypto,CFXUSDT,5m,entry,strength|ls,strength,ls,-,-,-9.474,-17.334,-0.9797,0.0,1554.5,-0.9797,1258
crypto,CFXUSDT,5m,direction,"ema|fast50,slow200|reversal|long_only",ema,long_only,reversal,-,-1.318,-2.93,-0.445,0.286,201.6,-0.425,1258
crypto,CFXUSDT,5m,direction,"ema|fast50,slow200|reversal|short_only",ema,short_only,reversal,-,-0.922,-1.748,-0.39,0.381,212.6,-0.3473,1258
crypto,CFXUSDT,5m,direction,"ema|fast50,slow200|reversal|asym",ema,asym,reversal,-,-1.576,-2.982,-0.5242,0.214,265.4,-0.504,1258
crypto,CFXUSDT,5m,exit,"ema|fast50,slow200|atr_trailing|ls",ema,ls,atr_trailing,-,-6.669,-10.507,-0.9848,0.024,1252.3,-0.9844,1258
crypto,CFXUSDT,5m,exit,"ema|fast50,slow200|channel|ls",ema,ls,channel,-,-7.743,-11.751,-0.9935,0.024,1508.9,-0.9935,1258
crypto,CFXUSDT,5m,gate,"ema|fast50,slow200|g:adx|reversal|ls",ema,ls,reversal,adx,-1.118,-1.848,-0.5436,0.357,350.3,-0.5125,1258
crypto,CFXUSDT,5m,gate,"ema|fast50,slow200|g:ltf|reversal|ls",ema,ls,reversal,ltf,-1.746,-2.844,-0.6943,0.333,414.2,-0.6717,1258
crypto,CFXUSDT,5m,gate,"ema|fast50,slow200|g:vol|reversal|ls",ema,ls,reversal,vol,-1.715,-2.778,-0.6916,0.357,404.7,-0.6623,1258
crypto,CFXUSDT,5m,headline,blend|long_only,blend,long_only,-,-,-2.472,-7.044,-0.4169,0.19,211.4,-0.3994,1258
crypto,CFXUSDT,5m,headline,blend|asym,blend,asym,-,-,-3.025,-7.892,-0.4984,0.214,281.7,-0.4838,1258
crypto,OPUSDT,1d,entry,"ema|fast20,slow100|reversal|ls",ema,ls,reversal,-,0.444,0.658,-0.1766,0.46,1.7,0.2555,1522
crypto,OPUSDT,1d,entry,"ema|fast50,slow200|reversal|ls",ema,ls,reversal,-,0.258,0.371,-0.2005,0.48,0.9,0.1203,1522
crypto,OPUSDT,1d,entry,"ema|fast100,slow300|reversal|ls",ema,ls,reversal,-,0.319,0.465,-0.1961,0.5,0.8,0.1626,1522
crypto,OPUSDT,1d,entry,"sma|fast50,slow200|reversal|ls",sma,ls,reversal,-,-0.043,-0.058,-0.3097,0.44,1.0,-0.0662,1522
crypto,OPUSDT,1d,entry,tsmom|lookback30|reversal|ls,tsmom,ls,reversal,-,0.859,1.391,-0.14,0.48,8.5,0.6186,1522
crypto,OPUSDT,1d,entry,tsmom|lookback90|reversal|ls,tsmom,ls,reversal,-,0.26,0.377,-0.2235,0.44,5.3,0.1216,1522
crypto,OPUSDT,1d,entry,"macd|fast12,slow26|reversal|ls",macd,ls,reversal,-,-0.767,-0.968,-0.4756,0.34,7.9,-0.4032,1522
crypto,OPUSDT,1d,entry,donchian|lookback55|reversal|ls,donchian,ls,reversal,-,0.056,0.079,-0.2642,0.4,1.3,-0.0108,1522
crypto,OPUSDT,1d,entry,blend|ls,blend,ls,-,-,0.4,0.512,-0.0821,0.38,1.2,0.1254,1522
crypto,OPUSDT,1d,entry,strength|ls,strength,ls,-,-,0.444,0.62,-0.1186,0.4,3.3,0.1721,1522
crypto,OPUSDT,1d,direction,"ema|fast50,slow200|reversal|long_only",ema,long_only,reversal,-,0.103,0.101,-0.1229,0.1,0.4,0.0217,1522
crypto,OPUSDT,1d,direction,"ema|fast50,slow200|reversal|short_only",ema,short_only,reversal,-,0.243,0.271,-0.222,0.42,0.5,0.0966,1522
crypto,OPUSDT,1d,direction,"ema|fast50,slow200|reversal|asym",ema,asym,reversal,-,0.192,0.281,-0.1362,0.5,0.5,0.0572,1522
crypto,OPUSDT,1d,exit,"ema|fast50,slow200|atr_trailing|ls",ema,ls,atr_trailing,-,0.247,0.333,-0.2432,0.5,2.6,0.1121,1522
crypto,OPUSDT,1d,exit,"ema|fast50,slow200|channel|ls",ema,ls,channel,-,0.135,0.181,-0.2648,0.48,3.8,0.0385,1522
crypto,OPUSDT,1d,gate,"ema|fast50,slow200|g:adx|reversal|ls",ema,ls,reversal,adx,0.172,0.251,-0.2297,0.48,0.9,0.0623,1522
crypto,OPUSDT,1d,gate,"ema|fast50,slow200|g:ltf|reversal|ls",ema,ls,reversal,ltf,0.258,0.371,-0.2005,0.48,0.9,0.1203,1522
crypto,OPUSDT,1d,gate,"ema|fast50,slow200|g:vol|reversal|ls",ema,ls,reversal,vol,0.443,0.485,-0.1834,0.38,0.5,0.203,1522
crypto,OPUSDT,1d,headline,blend|long_only,blend,long_only,-,-,0.46,0.42,-0.0416,0.1,0.3,0.0693,1522
crypto,OPUSDT,1d,headline,blend|asym,blend,asym,-,-,0.504,0.737,-0.0496,0.38,0.5,0.0881,1522
crypto,OPUSDT,4h,entry,"ema|fast20,slow100|reversal|ls",ema,ls,reversal,-,0.183,0.295,-0.2839,0.46,12.2,0.0717,1522
crypto,OPUSDT,4h,entry,"ema|fast50,slow200|reversal|ls",ema,ls,reversal,-,0.37,0.584,-0.2607,0.5,6.7,0.2215,1522
crypto,OPUSDT,4h,entry,"ema|fast100,slow300|reversal|ls",ema,ls,reversal,-,0.711,1.097,-0.1521,0.52,5.1,0.5487,1522
crypto,OPUSDT,4h,entry,"sma|fast50,slow200|reversal|ls",sma,ls,reversal,-,0.097,0.153,-0.3183,0.48,7.6,0.0095,1522
crypto,OPUSDT,4h,entry,tsmom|lookback30|reversal|ls,tsmom,ls,reversal,-,0.441,0.734,-0.2528,0.6,55.4,0.2784,1522
crypto,OPUSDT,4h,entry,tsmom|lookback90|reversal|ls,tsmom,ls,reversal,-,0.01,0.015,-0.348,0.5,31.9,-0.0501,1522
crypto,OPUSDT,4h,entry,"macd|fast12,slow26|reversal|ls",macd,ls,reversal,-,0.277,0.442,-0.2071,0.52,55.8,0.142,1522
crypto,OPUSDT,4h,entry,donchian|lookback55|reversal|ls,donchian,ls,reversal,-,0.112,0.165,-0.3194,0.56,8.6,0.0208,1522
crypto,OPUSDT,4h,entry,blend|ls,blend,ls,-,-,0.158,0.221,-0.1571,0.38,8.1,0.041,1522
crypto,OPUSDT,4h,entry,strength|ls,strength,ls,-,-,0.03,0.046,-0.2417,0.36,25.2,-0.0104,1522
crypto,OPUSDT,4h,direction,"ema|fast50,slow200|reversal|long_only",ema,long_only,reversal,-,0.234,0.27,-0.1958,0.28,2.8,0.081,1522
crypto,OPUSDT,4h,direction,"ema|fast50,slow200|reversal|short_only",ema,short_only,reversal,-,0.288,0.336,-0.1954,0.48,3.9,0.131,1522
crypto,OPUSDT,4h,direction,"ema|fast50,slow200|reversal|asym",ema,asym,reversal,-,0.322,0.486,-0.183,0.6,4.0,0.1295,1522
crypto,OPUSDT,4h,exit,"ema|fast50,slow200|atr_trailing|ls",ema,ls,atr_trailing,-,0.168,0.264,-0.224,0.52,19.6,0.061,1522
crypto,OPUSDT,4h,exit,"ema|fast50,slow200|channel|ls",ema,ls,channel,-,0.181,0.284,-0.2388,0.5,25.3,0.0701,1522
crypto,OPUSDT,4h,gate,"ema|fast50,slow200|g:adx|reversal|ls",ema,ls,reversal,adx,0.291,0.456,-0.222,0.5,6.4,0.1568,1522
crypto,OPUSDT,4h,gate,"ema|fast50,slow200|g:ltf|reversal|ls",ema,ls,reversal,ltf,0.37,0.584,-0.2607,0.5,6.7,0.2215,1522
crypto,OPUSDT,4h,gate,"ema|fast50,slow200|g:vol|reversal|ls",ema,ls,reversal,vol,0.504,0.775,-0.2375,0.48,6.2,0.3319,1522
crypto,OPUSDT,4h,headline,blend|long_only,blend,long_only,-,-,0.194,0.194,-0.1077,0.24,2.8,0.0337,1522
crypto,OPUSDT,4h,headline,blend|asym,blend,asym,-,-,0.202,0.285,-0.1035,0.36,4.4,0.0381,1522
crypto,OPUSDT,1h,entry,"ema|fast20,slow100|reversal|ls",ema,ls,reversal,-,0.551,0.921,-0.1863,0.62,49.8,0.3805,1522
crypto,OPUSDT,1h,entry,"ema|fast50,slow200|reversal|ls",ema,ls,reversal,-,0.087,0.147,-0.3406,0.42,30.4,0.0021,1522
crypto,OPUSDT,1h,entry,"ema|fast100,slow300|reversal|ls",ema,ls,reversal,-,0.387,0.636,-0.3079,0.52,22.4,0.235,1522
crypto,OPUSDT,1h,entry,"sma|fast50,slow200|reversal|ls",sma,ls,reversal,-,0.092,0.155,-0.2961,0.5,31.2,0.0067,1522
crypto,OPUSDT,1h,entry,tsmom|lookback30|reversal|ls,tsmom,ls,reversal,-,-1.35,-2.196,-0.6631,0.38,262.3,-0.6356,1522
crypto,OPUSDT,1h,entry,tsmom|lookback90|reversal|ls,tsmom,ls,reversal,-,0.019,0.032,-0.2645,0.46,146.8,-0.0427,1522
crypto,OPUSDT,1h,entry,"macd|fast12,slow26|reversal|ls",macd,ls,reversal,-,-1.246,-1.839,-0.6409,0.38,242.2,-0.6136,1522
crypto,OPUSDT,1h,entry,donchian|lookback55|reversal|ls,donchian,ls,reversal,-,0.311,0.519,-0.1723,0.54,39.1,0.1709,1522
crypto,OPUSDT,1h,entry,blend|ls,blend,ls,-,-,0.42,0.881,-0.0907,0.56,33.3,0.1389,1522
crypto,OPUSDT,1h,entry,strength|ls,strength,ls,-,-,-0.138,-0.267,-0.1942,0.44,109.4,-0.0814,1522
crypto,OPUSDT,1h,direction,"ema|fast50,slow200|reversal|long_only",ema,long_only,reversal,-,-0.22,-0.263,-0.352,0.36,13.9,-0.1187,1522
crypto,OPUSDT,1h,direction,"ema|fast50,slow200|reversal|short_only",ema,short_only,reversal,-,0.314,0.428,-0.1839,0.46,16.5,0.1426,1522
crypto,OPUSDT,1h,direction,"ema|fast50,slow200|reversal|asym",ema,asym,reversal,-,-0.108,-0.158,-0.3338,0.34,18.8,-0.0774,1522
crypto,OPUSDT,1h,exit,"ema|fast50,slow200|atr_trailing|ls",ema,ls,atr_trailing,-,-0.271,-0.453,-0.433,0.44,85.6,-0.2261,1522
crypto,OPUSDT,1h,exit,"ema|fast50,slow200|channel|ls",ema,ls,channel,-,-0.393,-0.642,-0.4948,0.38,111.7,-0.2883,1522
crypto,OPUSDT,1h,gate,"ema|fast50,slow200|g:adx|reversal|ls",ema,ls,reversal,adx,-0.083,-0.138,-0.3781,0.4,28.3,-0.1111,1522
crypto,OPUSDT,1h,gate,"ema|fast50,slow200|g:ltf|reversal|ls",ema,ls,reversal,ltf,0.087,0.147,-0.3406,0.42,30.4,0.0021,1522
crypto,OPUSDT,1h,gate,"ema|fast50,slow200|g:vol|reversal|ls",ema,ls,reversal,vol,0.025,0.042,-0.3144,0.4,29.8,-0.039,1522
crypto,OPUSDT,1h,headline,blend|long_only,blend,long_only,-,-,0.137,0.201,-0.1223,0.38,13.5,0.0242,1522
crypto,OPUSDT,1h,headline,blend|asym,blend,asym,-,-,0.281,0.532,-0.0994,0.42,19.4,0.0597,1522
crypto,OPUSDT,15m,entry,"ema|fast20,slow100|reversal|ls",ema,ls,reversal,-,-0.721,-1.162,-0.4894,0.36,225.7,-0.4393,1522
crypto,OPUSDT,15m,entry,"ema|fast50,slow200|reversal|ls",ema,ls,reversal,-,-0.094,-0.159,-0.2779,0.56,126.2,-0.1149,1522
crypto,OPUSDT,15m,entry,"ema|fast100,slow300|reversal|ls",ema,ls,reversal,-,0.539,0.933,-0.1513,0.6,90.9,0.3634,1522
crypto,OPUSDT,15m,entry,"sma|fast50,slow200|reversal|ls",sma,ls,reversal,-,-0.014,-0.023,-0.3005,0.52,128.7,-0.0637,1522
crypto,OPUSDT,15m,entry,tsmom|lookback30|reversal|ls,tsmom,ls,reversal,-,-5.276,-8.368,-0.9814,0.08,1124.4,-0.9814,1522
crypto,OPUSDT,15m,entry,tsmom|lookback90|reversal|ls,tsmom,ls,reversal,-,-2.715,-4.186,-0.8853,0.18,653.3,-0.875,1522
crypto,OPUSDT,15m,entry,"macd|fast12,slow26|reversal|ls",macd,ls,reversal,-,-5.342,-8.177,-0.9792,0.06,1042.2,-0.9787,1522
crypto,OPUSDT,15m,entry,donchian|lookback55|reversal|ls,donchian,ls,reversal,-,-0.772,-1.171,-0.5277,0.38,164.0,-0.4686,1522
crypto,OPUSDT,15m,entry,blend|ls,blend,ls,-,-,-0.378,-1.026,-0.2048,0.42,137.9,-0.1345,1522
crypto,OPUSDT,15m,entry,strength|ls,strength,ls,-,-,-2.209,-5.034,-0.6758,0.26,469.2,-0.6398,1522
crypto,OPUSDT,15m,direction,"ema|fast50,slow200|reversal|long_only",ema,long_only,reversal,-,-0.423,-0.695,-0.277,0.42,60.0,-0.2011,1522
crypto,OPUSDT,15m,direction,"ema|fast50,slow200|reversal|short_only",ema,short_only,reversal,-,0.302,0.522,-0.2011,0.58,66.2,0.1316,1522
crypto,OPUSDT,15m,direction,"ema|fast50,slow200|reversal|asym",ema,asym,reversal,-,-0.317,-0.517,-0.2557,0.46,79.9,-0.1685,1522
crypto,OPUSDT,15m,exit,"ema|fast50,slow200|atr_trailing|ls",ema,ls,atr_trailing,-,-1.189,-1.971,-0.6504,0.42,366.3,-0.5892,1522
crypto,OPUSDT,15m,exit,"ema|fast50,slow200|channel|ls",ema,ls,channel,-,-1.927,-3.159,-0.7878,0.32,478.2,-0.7588,1522
crypto,OPUSDT,15m,gate,"ema|fast50,slow200|g:adx|reversal|ls",ema,ls,reversal,adx,0.064,0.11,-0.2591,0.54,109.1,-0.0124,1522
crypto,OPUSDT,15m,gate,"ema|fast50,slow200|g:ltf|reversal|ls",ema,ls,reversal,ltf,-0.094,-0.159,-0.2779,0.56,126.2,-0.1149,1522
crypto,OPUSDT,15m,gate,"ema|fast50,slow200|g:vol|reversal|ls",ema,ls,reversal,vol,-0.32,-0.486,-0.3743,0.54,124.1,-0.2478,1522
crypto,OPUSDT,15m,headline,blend|long_only,blend,long_only,-,-,-0.382,-0.905,-0.1667,0.38,61.7,-0.0869,1522
crypto,OPUSDT,15m,headline,blend|asym,blend,asym,-,-,-0.412,-1.047,-0.176,0.42,84.6,-0.0985,1522
crypto,OPUSDT,5m,entry,"ema|fast20,slow100|reversal|ls",ema,ls,reversal,-,-3.116,-5.045,-0.8977,0.08,705.3,-0.8971,1522
crypto,OPUSDT,5m,entry,"ema|fast50,slow200|reversal|ls",ema,ls,reversal,-,-1.257,-2.106,-0.6339,0.36,392.6,-0.6068,1522
crypto,OPUSDT,5m,entry,"ema|fast100,slow300|reversal|ls",ema,ls,reversal,-,-0.724,-1.183,-0.5041,0.38,287.0,-0.4275,1522
crypto,OPUSDT,5m,entry,"sma|fast50,slow200|reversal|ls",sma,ls,reversal,-,-1.348,-2.237,-0.6373,0.36,399.3,-0.6348,1522
crypto,OPUSDT,5m,entry,tsmom|lookback30|reversal|ls,tsmom,ls,reversal,-,-14.99,-19.339,-1.0,0.0,3418.0,-1.0,1522
crypto,OPUSDT,5m,entry,tsmom|lookback90|reversal|ls,tsmom,ls,reversal,-,-9.301,-13.361,-0.9994,0.0,2115.4,-0.9994,1522
crypto,OPUSDT,5m,entry,"macd|fast12,slow26|reversal|ls",macd,ls,reversal,-,-15.203,-19.995,-1.0,0.0,3260.3,-1.0,1522
crypto,OPUSDT,5m,entry,donchian|lookback55|reversal|ls,donchian,ls,reversal,-,-3.093,-4.87,-0.8894,0.18,521.8,-0.8852,1522
crypto,OPUSDT,5m,entry,blend|ls,blend,ls,-,-,-3.518,-7.956,-0.6923,0.08,434.1,-0.6894,1522
crypto,OPUSDT,5m,entry,strength|ls,strength,ls,-,-,-10.068,-17.578,-0.989,0.0,1506.0,-0.989,1522
crypto,OPUSDT,5m,direction,"ema|fast50,slow200|reversal|long_only",ema,long_only,reversal,-,-1.314,-2.721,-0.5077,0.34,192.1,-0.4803,1522
crypto,OPUSDT,5m,direction,"ema|fast50,slow200|reversal|short_only",ema,short_only,reversal,-,-0.369,-0.8,-0.2499,0.46,200.5,-0.1899,1522
crypto,OPUSDT,5m,direction,"ema|fast50,slow200|reversal|asym",ema,asym,reversal,-,-1.378,-2.489,-0.5434,0.36,252.3,-0.5155,1522
crypto,OPUSDT,5m,exit,"ema|fast50,slow200|atr_trailing|ls",ema,ls,atr_trailing,-,-4.907,-7.685,-0.9709,0.04,1201.7,-0.9701,1522
crypto,OPUSDT,5m,exit,"ema|fast50,slow200|channel|ls",ema,ls,channel,-,-6.754,-10.4,-0.9932,0.0,1568.8,-0.993,1522
crypto,OPUSDT,5m,gate,"ema|fast50,slow200|g:adx|reversal|ls",ema,ls,reversal,adx,-0.954,-1.563,-0.5473,0.34,336.4,-0.5141,1522
crypto,OPUSDT,5m,gate,"ema|fast50,slow200|g:ltf|reversal|ls",ema,ls,reversal,ltf,-1.257,-2.106,-0.6339,0.36,392.6,-0.6068,1522
crypto,OPUSDT,5m,gate,"ema|fast50,slow200|g:vol|reversal|ls",ema,ls,reversal,vol,-1.129,-1.828,-0.6045,0.38,381.6,-0.5693,1522
crypto,OPUSDT,5m,headline,blend|long_only,blend,long_only,-,-,-3.109,-7.83,-0.5023,0.18,206.9,-0.4957,1522
crypto,OPUSDT,5m,headline,blend|asym,blend,asym,-,-,-3.525,-8.332,-0.5653,0.14,275.1,-0.5614,1522
crypto,1000FLOKIUSDT,1d,entry,"ema|fast20,slow100|reversal|ls",ema,ls,reversal,-,0.421,0.629,-0.2059,0.513,1.4,0.1925,1183
crypto,1000FLOKIUSDT,1d,entry,"ema|fast50,slow200|reversal|ls",ema,ls,reversal,-,0.143,0.202,-0.3243,0.487,0.9,0.0338,1183
crypto,1000FLOKIUSDT,1d,entry,"ema|fast100,slow300|reversal|ls",ema,ls,reversal,-,0.531,0.765,-0.2185,0.462,0.6,0.2617,1183
crypto,1000FLOKIUSDT,1d,entry,"sma|fast50,slow200|reversal|ls",sma,ls,reversal,-,0.2,0.283,-0.3662,0.359,0.7,0.0624,1183
crypto,1000FLOKIUSDT,1d,entry,tsmom|lookback30|reversal|ls,tsmom,ls,reversal,-,0.949,1.658,-0.1805,0.641,6.0,0.5641,1183
crypto,1000FLOKIUSDT,1d,entry,tsmom|lookback90|reversal|ls,tsmom,ls,reversal,-,0.629,1.01,-0.1441,0.513,4.7,0.3272,1183
crypto,1000FLOKIUSDT,1d,entry,"macd|fast12,slow26|reversal|ls",macd,ls,reversal,-,0.673,1.149,-0.2088,0.462,6.5,0.3575,1183
crypto,1000FLOKIUSDT,1d,entry,donchian|lookback55|reversal|ls,donchian,ls,reversal,-,0.366,0.581,-0.2431,0.462,1.4,0.1588,1183
crypto,1000FLOKIUSDT,1d,entry,blend|ls,blend,ls,-,-,0.237,0.305,-0.1193,0.333,1.2,0.0505,1183
crypto,1000FLOKIUSDT,1d,entry,strength|ls,strength,ls,-,-,0.595,0.937,-0.0937,0.41,3.1,0.2117,1183
crypto,1000FLOKIUSDT,1d,direction,"ema|fast50,slow200|reversal|long_only",ema,long_only,reversal,-,0.6,0.849,-0.1719,0.179,0.4,0.2044,1183
crypto,1000FLOKIUSDT,1d,direction,"ema|fast50,slow200|reversal|short_only",ema,short_only,reversal,-,-0.335,-0.306,-0.3214,0.385,0.6,-0.1415,1183
crypto,1000FLOKIUSDT,1d,direction,"ema|fast50,slow200|reversal|asym",ema,asym,reversal,-,0.459,0.825,-0.2163,0.487,0.5,0.1561,1183
crypto,1000FLOKIUSDT,1d,exit,"ema|fast50,slow200|atr_trailing|ls",ema,ls,atr_trailing,-,0.605,0.83,-0.2154,0.538,2.1,0.3061,1183
crypto,1000FLOKIUSDT,1d,exit,"ema|fast50,slow200|channel|ls",ema,ls,channel,-,0.275,0.389,-0.2407,0.462,3.2,0.1044,1183
crypto,1000FLOKIUSDT,1d,gate,"ema|fast50,slow200|g:adx|reversal|ls",ema,ls,reversal,adx,0.081,0.113,-0.3455,0.487,0.9,0.0013,1183
crypto,1000FLOKIUSDT,1d,gate,"ema|fast50,slow200|g:ltf|reversal|ls",ema,ls,reversal,ltf,0.143,0.202,-0.3243,0.487,0.9,0.0338,1183
crypto,1000FLOKIUSDT,1d,gate,"ema|fast50,slow200|g:vol|reversal|ls",ema,ls,reversal,vol,0.15,0.144,-0.1979,0.333,0.5,0.0329,1183
crypto,1000FLOKIUSDT,1d,headline,blend|long_only,blend,long_only,-,-,0.618,0.879,-0.0553,0.128,0.3,0.0825,1183
crypto,1000FLOKIUSDT,1d,headline,blend|asym,blend,asym,-,-,0.512,0.943,-0.074,0.333,0.5,0.0743,1183
crypto,1000FLOKIUSDT,4h,entry,"ema|fast20,slow100|reversal|ls",ema,ls,reversal,-,0.576,0.894,-0.1911,0.564,11.0,0.3029,1183
crypto,1000FLOKIUSDT,4h,entry,"ema|fast50,slow200|reversal|ls",ema,ls,reversal,-,0.472,0.725,-0.2151,0.641,6.3,0.2291,1183
crypto,1000FLOKIUSDT,4h,entry,"ema|fast100,slow300|reversal|ls",ema,ls,reversal,-,0.187,0.281,-0.2521,0.564,5.2,0.0572,1183
crypto,1000FLOKIUSDT,4h,entry,"sma|fast50,slow200|reversal|ls",sma,ls,reversal,-,0.558,0.855,-0.2458,0.615,6.3,0.2851,1183
crypto,1000FLOKIUSDT,4h,entry,tsmom|lookback30|reversal|ls,tsmom,ls,reversal,-,0.419,0.721,-0.1852,0.487,59.2,0.1912,1183
crypto,1000FLOKIUSDT,4h,entry,tsmom|lookback90|reversal|ls,tsmom,ls,reversal,-,0.513,0.799,-0.2543,0.59,28.4,0.2588,1183
crypto,1000FLOKIUSDT,4h,entry,"macd|fast12,slow26|reversal|ls",macd,ls,reversal,-,0.771,1.179,-0.1889,0.59,51.9,0.4376,1183
crypto,1000FLOKIUSDT,4h,entry,donchian|lookback55|reversal|ls,donchian,ls,reversal,-,0.24,0.391,-0.1772,0.564,9.8,0.0873,1183
crypto,1000FLOKIUSDT,4h,entry,blend|ls,blend,ls,-,-,0.568,0.862,-0.0754,0.513,7.7,0.1502,1183
crypto,1000FLOKIUSDT,4h,entry,strength|ls,strength,ls,-,-,0.352,0.577,-0.2011,0.41,24.2,0.1107,1183
crypto,1000FLOKIUSDT,4h,direction,"ema|fast50,slow200|reversal|long_only",ema,long_only,reversal,-,0.721,0.818,-0.1262,0.308,2.5,0.2463,1183
crypto,1000FLOKIUSDT,4h,direction,"ema|fast50,slow200|reversal|short_only",ema,short_only,reversal,-,0.032,0.036,-0.245,0.487,3.8,-0.0128,1183
crypto,1000FLOKIUSDT,4h,direction,"ema|fast50,slow200|reversal|asym",ema,asym,reversal,-,0.685,1.077,-0.1291,0.641,3.6,0.2481,1183
crypto,1000FLOKIUSDT,4h,exit,"ema|fast50,slow200|atr_trailing|ls",ema,ls,atr_trailing,-,0.57,0.874,-0.1487,0.513,18.2,0.2921,1183
crypto,1000FLOKIUSDT,4h,exit,"ema|fast50,slow200|channel|ls",ema,ls,channel,-,0.432,0.682,-0.1684,0.59,23.5,0.2012,1183
crypto,1000FLOKIUSDT,4h,gate,"ema|fast50,slow200|g:adx|reversal|ls",ema,ls,reversal,adx,0.507,0.778,-0.1981,0.615,5.7,0.2514,1183
crypto,1000FLOKIUSDT,4h,gate,"ema|fast50,slow200|g:ltf|reversal|ls",ema,ls,reversal,ltf,0.472,0.725,-0.2151,0.641,6.3,0.2291,1183
crypto,1000FLOKIUSDT,4h,gate,"ema|fast50,slow200|g:vol|reversal|ls",ema,ls,reversal,vol,0.485,0.723,-0.2151,0.564,5.9,0.2315,1183
crypto,1000FLOKIUSDT,4h,headline,blend|long_only,blend,long_only,-,-,1.233,1.708,-0.0476,0.256,2.4,0.2227,1183
crypto,1000FLOKIUSDT,4h,headline,blend|asym,blend,asym,-,-,1.065,2.008,-0.0549,0.487,4.0,0.2025,1183
crypto,1000FLOKIUSDT,1h,entry,"ema|fast20,slow100|reversal|ls",ema,ls,reversal,-,0.686,1.171,-0.1982,0.564,50.0,0.3683,1183
crypto,1000FLOKIUSDT,1h,entry,"ema|fast50,slow200|reversal|ls",ema,ls,reversal,-,0.073,0.115,-0.2388,0.513,30.0,-0.0048,1183
crypto,1000FLOKIUSDT,1h,entry,"ema|fast100,slow300|reversal|ls",ema,ls,reversal,-,0.386,0.575,-0.1466,0.615,21.8,0.1742,1183
crypto,1000FLOKIUSDT,1h,entry,"sma|fast50,slow200|reversal|ls",sma,ls,reversal,-,0.635,1.039,-0.1503,0.615,31.4,0.3355,1183
crypto,1000FLOKIUSDT,1h,entry,tsmom|lookback30|reversal|ls,tsmom,ls,reversal,-,-1.418,-2.435,-0.5602,0.385,265.7,-0.5595,1183
crypto,1000FLOKIUSDT,1h,entry,tsmom|lookback90|reversal|ls,tsmom,ls,reversal,-,-0.337,-0.568,-0.2834,0.462,163.2,-0.1998,1183
crypto,1000FLOKIUSDT,1h,entry,"macd|fast12,slow26|reversal|ls",macd,ls,reversal,-,-1.472,-2.173,-0.5808,0.282,241.8,-0.571,1183
crypto,1000FLOKIUSDT,1h,entry,donchian|lookback55|reversal|ls,donchian,ls,reversal,-,0.425,0.719,-0.1583,0.564,37.4,0.1963,1183
crypto,1000FLOKIUSDT,1h,entry,blend|ls,blend,ls,-,-,0.419,0.861,-0.103,0.513,32.3,0.1003,1183
crypto,1000FLOKIUSDT,1h,entry,strength|ls,strength,ls,-,-,-0.298,-0.597,-0.179,0.436,111.6,-0.1089,1183
crypto,1000FLOKIUSDT,1h,direction,"ema|fast50,slow200|reversal|long_only",ema,long_only,reversal,-,0.148,0.188,-0.1642,0.41,12.9,0.0331,1183
crypto,1000FLOKIUSDT,1h,direction,"ema|fast50,slow200|reversal|short_only",ema,short_only,reversal,-,-0.01,-0.012,-0.1949,0.513,17.1,-0.0295,1183
crypto,1000FLOKIUSDT,1h,direction,"ema|fast50,slow200|reversal|asym",ema,asym,reversal,-,0.133,0.205,-0.1553,0.513,18.0,0.0284,1183
crypto,1000FLOKIUSDT,1h,exit,"ema|fast50,slow200|atr_trailing|ls",ema,ls,atr_trailing,-,-0.364,-0.532,-0.2631,0.513,83.5,-0.2099,1183
crypto,1000FLOKIUSDT,1h,exit,"ema|fast50,slow200|channel|ls",ema,ls,channel,-,-0.722,-1.051,-0.4037,0.41,104.2,-0.3549,1183
crypto,1000FLOKIUSDT,1h,gate,"ema|fast50,slow200|g:adx|reversal|ls",ema,ls,reversal,adx,0.027,0.043,-0.2181,0.513,26.7,-0.0285,1183
crypto,1000FLOKIUSDT,1h,gate,"ema|fast50,slow200|g:ltf|reversal|ls",ema,ls,reversal,ltf,0.073,0.115,-0.2388,0.513,30.0,-0.0048,1183
crypto,1000FLOKIUSDT,1h,gate,"ema|fast50,slow200|g:vol|reversal|ls",ema,ls,reversal,vol,-0.082,-0.127,-0.2927,0.462,29.4,-0.0828,1183
crypto,1000FLOKIUSDT,1h,headline,blend|long_only,blend,long_only,-,-,0.959,1.628,-0.059,0.462,11.3,0.1625,1183
crypto,1000FLOKIUSDT,1h,headline,blend|asym,blend,asym,-,-,0.822,1.784,-0.0692,0.462,17.6,0.146,1183
crypto,1000FLOKIUSDT,15m,entry,"ema|fast20,slow100|reversal|ls",ema,ls,reversal,-,-1.3,-2.136,-0.5534,0.333,234.6,-0.5376,1183
crypto,1000FLOKIUSDT,15m,entry,"ema|fast50,slow200|reversal|ls",ema,ls,reversal,-,0.004,0.007,-0.2385,0.487,131.2,-0.044,1183
crypto,1000FLOKIUSDT,15m,entry,"ema|fast100,slow300|reversal|ls",ema,ls,reversal,-,0.961,1.754,-0.19,0.59,90.4,0.5918,1183
crypto,1000FLOKIUSDT,15m,entry,"sma|fast50,slow200|reversal|ls",sma,ls,reversal,-,0.474,0.837,-0.2068,0.487,129.3,0.2326,1183
crypto,1000FLOKIUSDT,15m,entry,tsmom|lookback30|reversal|ls,tsmom,ls,reversal,-,-6.547,-10.044,-0.9808,0.051,1096.6,-0.9806,1183
crypto,1000FLOKIUSDT,15m,entry,tsmom|lookback90|reversal|ls,tsmom,ls,reversal,-,-3.813,-6.046,-0.9052,0.103,659.1,-0.904,1183
crypto,1000FLOKIUSDT,15m,entry,"macd|fast12,slow26|reversal|ls",macd,ls,reversal,-,-6.662,-9.856,-0.979,0.051,1034.6,-0.9789,1183
crypto,1000FLOKIUSDT,15m,entry,donchian|lookback55|reversal|ls,donchian,ls,reversal,-,-1.044,-1.707,-0.463,0.385,165.0,-0.4531,1183
crypto,1000FLOKIUSDT,15m,entry,blend|ls,blend,ls,-,-,-0.466,-1.328,-0.1595,0.462,135.3,-0.1286,1183
crypto,1000FLOKIUSDT,15m,entry,strength|ls,strength,ls,-,-,-3.097,-6.979,-0.6709,0.205,479.8,-0.6662,1183
crypto,1000FLOKIUSDT,15m,direction,"ema|fast50,slow200|reversal|long_only",ema,long_only,reversal,-,-0.02,-0.036,-0.2089,0.436,61.3,-0.0268,1183
crypto,1000FLOKIUSDT,15m,direction,"ema|fast50,slow200|reversal|short_only",ema,short_only,reversal,-,0.116,0.186,-0.1886,0.487,69.9,0.0221,1183
crypto,1000FLOKIUSDT,15m,direction,"ema|fast50,slow200|reversal|asym",ema,asym,reversal,-,0.001,0.003,-0.2096,0.41,82.3,-0.0219,1183
crypto,1000FLOKIUSDT,15m,exit,"ema|fast50,slow200|atr_trailing|ls",ema,ls,atr_trailing,-,-1.372,-2.315,-0.5659,0.385,364.7,-0.5499,1183
crypto,1000FLOKIUSDT,15m,exit,"ema|fast50,slow200|channel|ls",ema,ls,channel,-,-1.873,-3.292,-0.673,0.359,461.8,-0.666,1183
crypto,1000FLOKIUSDT,15m,gate,"ema|fast50,slow200|g:adx|reversal|ls",ema,ls,reversal,adx,0.693,1.201,-0.2294,0.538,109.7,0.3895,1183
crypto,1000FLOKIUSDT,15m,gate,"ema|fast50,slow200|g:ltf|reversal|ls",ema,ls,reversal,ltf,0.004,0.007,-0.2385,0.487,131.2,-0.044,1183
crypto,1000FLOKIUSDT,15m,gate,"ema|fast50,slow200|g:vol|reversal|ls",ema,ls,reversal,vol,0.306,0.518,-0.2112,0.513,128.6,0.1296,1183
crypto,1000FLOKIUSDT,15m,headline,blend|long_only,blend,long_only,-,-,-0.418,-1.128,-0.0895,0.385,57.7,-0.074,1183
crypto,1000FLOKIUSDT,15m,headline,blend|asym,blend,asym,-,-,-0.463,-1.314,-0.107,0.41,81.0,-0.0868,1183
crypto,1000FLOKIUSDT,5m,entry,"ema|fast20,slow100|reversal|ls",ema,ls,reversal,-,-3.908,-6.051,-0.9001,0.128,737.6,-0.8994,1183
crypto,1000FLOKIUSDT,5m,entry,"ema|fast50,slow200|reversal|ls",ema,ls,reversal,-,-2.558,-3.893,-0.7809,0.231,411.7,-0.7806,1183
crypto,1000FLOKIUSDT,5m,entry,"ema|fast100,slow300|reversal|ls",ema,ls,reversal,-,-1.776,-2.786,-0.6582,0.333,307.8,-0.6506,1183
crypto,1000FLOKIUSDT,5m,entry,"sma|fast50,slow200|reversal|ls",sma,ls,reversal,-,-2.328,-3.618,-0.7473,0.205,409.6,-0.7459,1183
crypto,1000FLOKIUSDT,5m,entry,tsmom|lookback30|reversal|ls,tsmom,ls,reversal,-,-15.633,-19.579,-1.0,0.026,3379.4,-1.0,1183
crypto,1000FLOKIUSDT,5m,entry,tsmom|lookback90|reversal|ls,tsmom,ls,reversal,-,-10.731,-14.22,-0.9995,0.0,2081.6,-0.9995,1183
crypto,1000FLOKIUSDT,5m,entry,"macd|fast12,slow26|reversal|ls",macd,ls,reversal,-,-16.459,-20.254,-1.0,0.0,3261.4,-1.0,1183
crypto,1000FLOKIUSDT,5m,entry,donchian|lookback55|reversal|ls,donchian,ls,reversal,-,-3.511,-5.739,-0.865,0.179,522.1,-0.8644,1183
crypto,1000FLOKIUSDT,5m,entry,blend|ls,blend,ls,-,-,-3.639,-8.465,-0.6269,0.205,437.3,-0.6259,1183
crypto,1000FLOKIUSDT,5m,entry,strength|ls,strength,ls,-,-,-10.366,-18.463,-0.9796,0.0,1525.7,-0.9796,1183
crypto,1000FLOKIUSDT,5m,direction,"ema|fast50,slow200|reversal|long_only",ema,long_only,reversal,-,-1.905,-3.773,-0.5222,0.333,198.2,-0.5222,1183
crypto,1000FLOKIUSDT,5m,direction,"ema|fast50,slow200|reversal|short_only",ema,short_only,reversal,-,-1.553,-2.947,-0.4857,0.308,213.4,-0.4774,1183
crypto,1000FLOKIUSDT,5m,direction,"ema|fast50,slow200|reversal|asym",ema,asym,reversal,-,-2.298,-3.912,-0.6143,0.256,262.3,-0.6143,1183
crypto,1000FLOKIUSDT,5m,exit,"ema|fast50,slow200|atr_trailing|ls",ema,ls,atr_trailing,-,-7.115,-10.921,-0.9859,0.026,1255.5,-0.9858,1183
crypto,1000FLOKIUSDT,5m,exit,"ema|fast50,slow200|channel|ls",ema,ls,channel,-,-8.019,-11.69,-0.9931,0.0,1537.7,-0.993,1183
crypto,1000FLOKIUSDT,5m,gate,"ema|fast50,slow200|g:adx|reversal|ls",ema,ls,reversal,adx,-1.891,-3.043,-0.6748,0.231,349.5,-0.6715,1183
crypto,1000FLOKIUSDT,5m,gate,"ema|fast50,slow200|g:ltf|reversal|ls",ema,ls,reversal,ltf,-2.558,-3.893,-0.7809,0.231,411.7,-0.7806,1183
crypto,1000FLOKIUSDT,5m,gate,"ema|fast50,slow200|g:vol|reversal|ls",ema,ls,reversal,vol,-2.462,-3.807,-0.7645,0.231,401.7,-0.7645,1183
crypto,1000FLOKIUSDT,5m,headline,blend|long_only,blend,long_only,-,-,-2.469,-6.792,-0.3655,0.231,199.2,-0.365,1183
crypto,1000FLOKIUSDT,5m,headline,blend|asym,blend,asym,-,-,-3.103,-7.736,-0.4531,0.179,270.6,-0.4531,1183
crypto,ENSUSDT,1d,entry,"ema|fast20,slow100|reversal|ls",ema,ls,reversal,-,0.076,0.117,-0.2711,0.474,1.5,-0.0008,1705
crypto,ENSUSDT,1d,entry,"ema|fast50,slow200|reversal|ls",ema,ls,reversal,-,-0.297,-0.388,-0.4234,0.456,1.2,-0.2389,1705
crypto,ENSUSDT,1d,entry,"ema|fast100,slow300|reversal|ls",ema,ls,reversal,-,-0.324,-0.416,-0.4471,0.474,0.9,-0.2537,1705
crypto,ENSUSDT,1d,entry,"sma|fast50,slow200|reversal|ls",sma,ls,reversal,-,-0.423,-0.539,-0.4623,0.404,1.2,-0.2922,1705
crypto,ENSUSDT,1d,entry,tsmom|lookback30|reversal|ls,tsmom,ls,reversal,-,0.699,1.143,-0.1765,0.544,9.0,0.5723,1705
crypto,ENSUSDT,1d,entry,tsmom|lookback90|reversal|ls,tsmom,ls,reversal,-,0.066,0.103,-0.2582,0.474,5.3,-0.008,1705
crypto,ENSUSDT,1d,entry,"macd|fast12,slow26|reversal|ls",macd,ls,reversal,-,-0.029,-0.047,-0.2655,0.386,8.3,-0.0747,1705
crypto,ENSUSDT,1d,entry,donchian|lookback55|reversal|ls,donchian,ls,reversal,-,-0.217,-0.326,-0.3349,0.439,1.5,-0.1932,1705
crypto,ENSUSDT,1d,entry,blend|ls,blend,ls,-,-,-0.083,-0.108,-0.162,0.333,1.3,-0.0395,1705
crypto,ENSUSDT,1d,entry,strength|ls,strength,ls,-,-,0.044,0.067,-0.148,0.439,4.0,-0.0011,1705
crypto,ENSUSDT,1d,direction,"ema|fast50,slow200|reversal|long_only",ema,long_only,reversal,-,-0.093,-0.091,-0.1615,0.14,0.4,-0.0469,1705
crypto,ENSUSDT,1d,direction,"ema|fast50,slow200|reversal|short_only",ema,short_only,reversal,-,-0.289,-0.296,-0.4025,0.386,0.7,-0.2011,1705
crypto,ENSUSDT,1d,direction,"ema|fast50,slow200|reversal|asym",ema,asym,reversal,-,-0.215,-0.312,-0.238,0.474,0.6,-0.101,1705
crypto,ENSUSDT,1d,exit,"ema|fast50,slow200|atr_trailing|ls",ema,ls,atr_trailing,-,0.092,0.129,-0.2769,0.491,3.0,0.0125,1705
crypto,ENSUSDT,1d,exit,"ema|fast50,slow200|channel|ls",ema,ls,channel,-,-0.277,-0.371,-0.3804,0.439,4.5,-0.2164,1705
crypto,ENSUSDT,1d,gate,"ema|fast50,slow200|g:adx|reversal|ls",ema,ls,reversal,adx,-0.126,-0.165,-0.371,0.474,0.9,-0.1384,1705
crypto,ENSUSDT,1d,gate,"ema|fast50,slow200|g:ltf|reversal|ls",ema,ls,reversal,ltf,-0.297,-0.388,-0.4234,0.456,1.2,-0.2389,1705
crypto,ENSUSDT,1d,gate,"ema|fast50,slow200|g:vol|reversal|ls",ema,ls,reversal,vol,-0.261,-0.279,-0.4234,0.316,0.9,-0.185,1705
crypto,ENSUSDT,1d,headline,blend|long_only,blend,long_only,-,-,0.044,0.045,-0.0434,0.14,0.3,0.0042,1705
crypto,ENSUSDT,1d,headline,blend|asym,blend,asym,-,-,-0.023,-0.035,-0.0656,0.351,0.6,-0.007,1705
crypto,ENSUSDT,4h,entry,"ema|fast20,slow100|reversal|ls",ema,ls,reversal,-,0.466,0.843,-0.1993,0.491,14.2,0.3418,1705
crypto,ENSUSDT,4h,entry,"ema|fast50,slow200|reversal|ls",ema,ls,reversal,-,0.396,0.633,-0.235,0.579,7.2,0.2698,1705
crypto,ENSUSDT,4h,entry,"ema|fast100,slow300|reversal|ls",ema,ls,reversal,-,0.377,0.6,-0.335,0.561,5.2,0.2517,1705
crypto,ENSUSDT,4h,entry,"sma|fast50,slow200|reversal|ls",sma,ls,reversal,-,0.163,0.262,-0.3062,0.509,7.6,0.0645,1705
crypto,ENSUSDT,4h,entry,tsmom|lookback30|reversal|ls,tsmom,ls,reversal,-,0.043,0.077,-0.2819,0.509,65.6,-0.0296,1705
crypto,ENSUSDT,4h,entry,tsmom|lookback90|reversal|ls,tsmom,ls,reversal,-,-0.098,-0.152,-0.2807,0.526,37.7,-0.1301,1705
crypto,ENSUSDT,4h,entry,"macd|fast12,slow26|reversal|ls",macd,ls,reversal,-,0.073,0.101,-0.2111,0.491,60.9,-0.0069,1705
crypto,ENSUSDT,4h,entry,donchian|lookback55|reversal|ls,donchian,ls,reversal,-,-0.64,-0.95,-0.5143,0.404,11.2,-0.4277,1705
crypto,ENSUSDT,4h,entry,blend|ls,blend,ls,-,-,0.157,0.234,-0.1024,0.439,8.7,0.044,1705
crypto,ENSUSDT,4h,entry,strength|ls,strength,ls,-,-,-0.21,-0.332,-0.1775,0.404,28.7,-0.1113,1705
crypto,ENSUSDT,4h,direction,"ema|fast50,slow200|reversal|long_only",ema,long_only,reversal,-,0.147,0.162,-0.1494,0.298,3.0,0.0452,1705
crypto,ENSUSDT,4h,direction,"ema|fast50,slow200|reversal|short_only",ema,short_only,reversal,-,0.385,0.478,-0.2091,0.404,4.2,0.2176,1705
crypto,ENSUSDT,4h,direction,"ema|fast50,slow200|reversal|asym",ema,asym,reversal,-,0.283,0.418,-0.1568,0.561,4.3,0.1172,1705
crypto,ENSUSDT,4h,exit,"ema|fast50,slow200|atr_trailing|ls",ema,ls,atr_trailing,-,0.391,0.619,-0.2722,0.561,20.7,0.2658,1705
crypto,ENSUSDT,4h,exit,"ema|fast50,slow200|channel|ls",ema,ls,channel,-,0.361,0.587,-0.2493,0.561,27.9,0.2348,1705
crypto,ENSUSDT,4h,gate,"ema|fast50,slow200|g:adx|reversal|ls",ema,ls,reversal,adx,0.335,0.532,-0.3012,0.544,6.7,0.2124,1705
crypto,ENSUSDT,4h,gate,"ema|fast50,slow200|g:ltf|reversal|ls",ema,ls,reversal,ltf,0.396,0.633,-0.235,0.579,7.2,0.2698,1705
crypto,ENSUSDT,4h,gate,"ema|fast50,slow200|g:vol|reversal|ls",ema,ls,reversal,vol,0.271,0.419,-0.2092,0.526,7.2,0.1534,1705
crypto,ENSUSDT,4h,headline,blend|long_only,blend,long_only,-,-,-0.001,-0.001,-0.051,0.193,3.0,-0.0039,1705
crypto,ENSUSDT,4h,headline,blend|asym,blend,asym,-,-,0.083,0.119,-0.0561,0.421,4.7,0.0127,1705
crypto,ENSUSDT,1h,entry,"ema|fast20,slow100|reversal|ls",ema,ls,reversal,-,-0.1,-0.16,-0.2668,0.439,54.8,-0.1301,1705
crypto,ENSUSDT,1h,entry,"ema|fast50,slow200|reversal|ls",ema,ls,reversal,-,-0.136,-0.222,-0.3161,0.474,34.8,-0.1554,1705
crypto,ENSUSDT,1h,entry,"ema|fast100,slow300|reversal|ls",ema,ls,reversal,-,0.063,0.107,-0.3141,0.456,25.5,-0.014,1705
crypto,ENSUSDT,1h,entry,"sma|fast50,slow200|reversal|ls",sma,ls,reversal,-,0.159,0.278,-0.2446,0.526,33.3,0.0609,1705
crypto,ENSUSDT,1h,entry,tsmom|lookback30|reversal|ls,tsmom,ls,reversal,-,-2.549,-3.695,-0.8761,0.14,276.3,-0.876,1705
crypto,ENSUSDT,1h,entry,tsmom|lookback90|reversal|ls,tsmom,ls,reversal,-,-0.48,-0.83,-0.4917,0.439,169.6,-0.3549,1705
crypto,ENSUSDT,1h,entry,"macd|fast12,slow26|reversal|ls",macd,ls,reversal,-,-1.61,-2.55,-0.7518,0.316,256.2,-0.743,1705
crypto,ENSUSDT,1h,entry,donchian|lookback55|reversal|ls,donchian,ls,reversal,-,0.267,0.463,-0.2856,0.474,40.5,0.1533,1705
crypto,ENSUSDT,1h,entry,blend|ls,blend,ls,-,-,-0.275,-0.547,-0.131,0.298,35.1,-0.1029,1705
crypto,ENSUSDT,1h,entry,strength|ls,strength,ls,-,-,-0.656,-1.302,-0.3319,0.333,119.4,-0.2792,1705
crypto,ENSUSDT,1h,direction,"ema|fast50,slow200|reversal|long_only",ema,long_only,reversal,-,-0.215,-0.276,-0.2068,0.386,16.1,-0.1223,1705
crypto,ENSUSDT,1h,direction,"ema|fast50,slow200|reversal|short_only",ema,short_only,reversal,-,0.021,0.026,-0.2436,0.509,18.7,-0.0245,1705
crypto,ENSUSDT,1h,direction,"ema|fast50,slow200|reversal|asym",ema,asym,reversal,-,-0.198,-0.303,-0.2315,0.351,21.7,-0.1242,1705
crypto,ENSUSDT,1h,exit,"ema|fast50,slow200|atr_trailing|ls",ema,ls,atr_trailing,-,-0.399,-0.688,-0.4302,0.456,93.3,-0.3117,1705
crypto,ENSUSDT,1h,exit,"ema|fast50,slow200|channel|ls",ema,ls,channel,-,-0.688,-1.159,-0.485,0.421,117.4,-0.4515,1705
crypto,ENSUSDT,1h,gate,"ema|fast50,slow200|g:adx|reversal|ls",ema,ls,reversal,adx,-0.021,-0.035,-0.2251,0.456,30.7,-0.0771,1705
crypto,ENSUSDT,1h,gate,"ema|fast50,slow200|g:ltf|reversal|ls",ema,ls,reversal,ltf,-0.136,-0.222,-0.3161,0.474,34.8,-0.1554,1705
crypto,ENSUSDT,1h,gate,"ema|fast50,slow200|g:vol|reversal|ls",ema,ls,reversal,vol,-0.069,-0.116,-0.3049,0.456,34.5,-0.1077,1705
crypto,ENSUSDT,1h,headline,blend|long_only,blend,long_only,-,-,-0.608,-0.865,-0.1249,0.263,14.8,-0.1211,1705
crypto,ENSUSDT,1h,headline,blend|asym,blend,asym,-,-,-0.517,-0.926,-0.118,0.281,20.9,-0.113,1705
crypto,ENSUSDT,15m,entry,"ema|fast20,slow100|reversal|ls",ema,ls,reversal,-,-1.663,-2.61,-0.7681,0.281,243.3,-0.74,1705
crypto,ENSUSDT,15m,entry,"ema|fast50,slow200|reversal|ls",ema,ls,reversal,-,-0.642,-1.005,-0.4837,0.298,135.3,-0.4252,1705
crypto,ENSUSDT,15m,entry,"ema|fast100,slow300|reversal|ls",ema,ls,reversal,-,-0.195,-0.328,-0.2843,0.421,97.6,-0.1865,1705
crypto,ENSUSDT,15m,entry,"sma|fast50,slow200|reversal|ls",sma,ls,reversal,-,-0.554,-0.88,-0.4204,0.404,136.4,-0.377,1705
crypto,ENSUSDT,15m,entry,tsmom|lookback30|reversal|ls,tsmom,ls,reversal,-,-7.848,-11.214,-0.9989,0.018,1212.7,-0.9989,1705
crypto,ENSUSDT,15m,entry,tsmom|lookback90|reversal|ls,tsmom,ls,reversal,-,-4.285,-6.352,-0.9758,0.158,724.3,-0.974,1705
crypto,ENSUSDT,15m,entry,"macd|fast12,slow26|reversal|ls",macd,ls,reversal,-,-7.042,-10.233,-0.9975,0.053,1115.0,-0.9975,1705
crypto,ENSUSDT,15m,entry,donchian|lookback55|reversal|ls,donchian,ls,reversal,-,-1.439,-2.264,-0.7048,0.263,174.5,-0.6884,1705
crypto,ENSUSDT,15m,entry,blend|ls,blend,ls,-,-,-1.459,-3.594,-0.4217,0.298,145.5,-0.4138,1705
crypto,ENSUSDT,15m,entry,strength|ls,strength,ls,-,-,-3.912,-8.286,-0.8459,0.14,507.1,-0.8395,1705
crypto,ENSUSDT,15m,direction,"ema|fast50,slow200|reversal|long_only",ema,long_only,reversal,-,-0.803,-1.281,-0.3423,0.298,65.1,-0.3413,1705
crypto,ENSUSDT,15m,direction,"ema|fast50,slow200|reversal|short_only",ema,short_only,reversal,-,-0.078,-0.125,-0.2649,0.509,70.2,-0.0773,1705
crypto,ENSUSDT,15m,direction,"ema|fast50,slow200|reversal|asym",ema,asym,reversal,-,-0.796,-1.221,-0.3689,0.368,86.2,-0.3586,1705
crypto,ENSUSDT,15m,exit,"ema|fast50,slow200|atr_trailing|ls",ema,ls,atr_trailing,-,-1.923,-3.038,-0.793,0.263,398.2,-0.7836,1705
crypto,ENSUSDT,15m,exit,"ema|fast50,slow200|channel|ls",ema,ls,channel,-,-3.032,-4.667,-0.914,0.158,504.3,-0.9119,1705
crypto,ENSUSDT,15m,gate,"ema|fast50,slow200|g:adx|reversal|ls",ema,ls,reversal,adx,-0.431,-0.686,-0.3775,0.386,118.6,-0.3245,1705
crypto,ENSUSDT,15m,gate,"ema|fast50,slow200|g:ltf|reversal|ls",ema,ls,reversal,ltf,-0.642,-1.005,-0.4837,0.298,135.3,-0.4252,1705
crypto,ENSUSDT,15m,gate,"ema|fast50,slow200|g:vol|reversal|ls",ema,ls,reversal,vol,-0.735,-1.091,-0.4855,0.333,133.6,-0.4669,1705
crypto,ENSUSDT,15m,headline,blend|long_only,blend,long_only,-,-,-1.73,-3.516,-0.311,0.246,66.7,-0.311,1705
crypto,ENSUSDT,15m,headline,blend|asym,blend,asym,-,-,-1.787,-3.847,-0.3425,0.263,90.3,-0.3398,1705
crypto,ENSUSDT,5m,entry,"ema|fast20,slow100|reversal|ls",ema,ls,reversal,-,-4.997,-7.363,-0.9854,0.123,780.0,-0.9853,1705
crypto,ENSUSDT,5m,entry,"ema|fast50,slow200|reversal|ls",ema,ls,reversal,-,-2.963,-4.643,-0.9124,0.228,441.6,-0.9067,1705
crypto,ENSUSDT,5m,entry,"ema|fast100,slow300|reversal|ls",ema,ls,reversal,-,-1.888,-3.003,-0.7907,0.246,315.1,-0.7789,1705
crypto,ENSUSDT,5m,entry,"sma|fast50,slow200|reversal|ls",sma,ls,reversal,-,-2.916,-4.57,-0.901,0.228,439.5,-0.8985,1705
crypto,ENSUSDT,5m,entry,tsmom|lookback30|reversal|ls,tsmom,ls,reversal,-,-17.781,-21.335,-1.0,0.0,3746.2,-1.0,1705
crypto,ENSUSDT,5m,entry,tsmom|lookback90|reversal|ls,tsmom,ls,reversal,-,-12.43,-15.775,-1.0,0.0,2332.6,-1.0,1705
crypto,ENSUSDT,5m,entry,"macd|fast12,slow26|reversal|ls",macd,ls,reversal,-,-17.823,-21.689,-1.0,0.0,3487.7,-1.0,1705
crypto,ENSUSDT,5m,entry,donchian|lookback55|reversal|ls,donchian,ls,reversal,-,-4.087,-6.101,-0.9631,0.14,567.5,-0.9627,1705
crypto,ENSUSDT,5m,entry,blend|ls,blend,ls,-,-,-5.104,-11.314,-0.8475,0.105,467.6,-0.847,1705
crypto,ENSUSDT,5m,entry,strength|ls,strength,ls,-,-,-12.442,-20.833,-0.9983,0.0,1626.7,-0.9983,1705
crypto,ENSUSDT,5m,direction,"ema|fast50,slow200|reversal|long_only",ema,long_only,reversal,-,-2.56,-5.04,-0.7333,0.211,217.4,-0.733,1705
crypto,ENSUSDT,5m,direction,"ema|fast50,slow200|reversal|short_only",ema,short_only,reversal,-,-1.469,-2.903,-0.6237,0.316,224.2,-0.5769,1705
crypto,ENSUSDT,5m,direction,"ema|fast50,slow200|reversal|asym",ema,asym,reversal,-,-2.916,-4.909,-0.8017,0.228,284.7,-0.7999,1705
crypto,ENSUSDT,5m,exit,"ema|fast50,slow200|atr_trailing|ls",ema,ls,atr_trailing,-,-7.978,-11.613,-0.9985,0.035,1380.5,-0.9985,1705
crypto,ENSUSDT,5m,exit,"ema|fast50,slow200|channel|ls",ema,ls,channel,-,-9.54,-13.405,-0.9997,0.018,1726.2,-0.9997,1705
crypto,ENSUSDT,5m,gate,"ema|fast50,slow200|g:adx|reversal|ls",ema,ls,reversal,adx,-2.385,-3.72,-0.8674,0.211,374.9,-0.8524,1705
crypto,ENSUSDT,5m,gate,"ema|fast50,slow200|g:ltf|reversal|ls",ema,ls,reversal,ltf,-2.963,-4.643,-0.9124,0.228,441.6,-0.9067,1705
crypto,ENSUSDT,5m,gate,"ema|fast50,slow200|g:vol|reversal|ls",ema,ls,reversal,vol,-3.019,-4.637,-0.9143,0.211,431.9,-0.9096,1705
crypto,ENSUSDT,5m,headline,blend|long_only,blend,long_only,-,-,-4.525,-10.268,-0.6483,0.105,223.4,-0.6487,1705
crypto,ENSUSDT,5m,headline,blend|asym,blend,asym,-,-,-5.155,-11.119,-0.7225,0.14,296.7,-0.7227,1705
crypto,COMPUSDT,1d,entry,"ema|fast20,slow100|reversal|ls",ema,ls,reversal,-,0.151,0.203,-0.3139,0.459,1.5,0.0722,2223
crypto,COMPUSDT,1d,entry,"ema|fast50,slow200|reversal|ls",ema,ls,reversal,-,-0.085,-0.11,-0.3275,0.446,1.1,-0.1423,2223
crypto,COMPUSDT,1d,entry,"ema|fast100,slow300|reversal|ls",ema,ls,reversal,-,-0.365,-0.445,-0.4762,0.446,0.9,-0.3421,2223
crypto,COMPUSDT,1d,entry,"sma|fast50,slow200|reversal|ls",sma,ls,reversal,-,-0.042,-0.054,-0.4341,0.392,1.0,-0.1035,2223
crypto,COMPUSDT,1d,entry,tsmom|lookback30|reversal|ls,tsmom,ls,reversal,-,0.234,0.343,-0.2721,0.486,10.0,0.1597,2223
crypto,COMPUSDT,1d,entry,tsmom|lookback90|reversal|ls,tsmom,ls,reversal,-,0.074,0.103,-0.3133,0.432,4.9,-0.0035,2223
crypto,COMPUSDT,1d,entry,"macd|fast12,slow26|reversal|ls",macd,ls,reversal,-,0.325,0.479,-0.2535,0.514,8.4,0.2641,2223
crypto,COMPUSDT,1d,entry,donchian|lookback55|reversal|ls,donchian,ls,reversal,-,-0.327,-0.429,-0.4356,0.378,1.3,-0.3176,2223
crypto,COMPUSDT,1d,entry,blend|ls,blend,ls,-,-,-0.156,-0.179,-0.2329,0.365,1.3,-0.0928,2223
crypto,COMPUSDT,1d,entry,strength|ls,strength,ls,-,-,-0.037,-0.046,-0.2139,0.351,3.9,-0.0498,2223
crypto,COMPUSDT,1d,direction,"ema|fast50,slow200|reversal|long_only",ema,long_only,reversal,-,0.14,0.116,-0.1907,0.149,0.4,0.0511,2223
crypto,COMPUSDT,1d,direction,"ema|fast50,slow200|reversal|short_only",ema,short_only,reversal,-,-0.188,-0.196,-0.3475,0.378,0.7,-0.1837,2223
crypto,COMPUSDT,1d,direction,"ema|fast50,slow200|reversal|asym",ema,asym,reversal,-,0.045,0.06,-0.2097,0.459,0.6,-0.0001,2223
crypto,COMPUSDT,1d,exit,"ema|fast50,slow200|atr_trailing|ls",ema,ls,atr_trailing,-,-0.307,-0.4,-0.4945,0.378,2.9,-0.2994,2223
crypto,COMPUSDT,1d,exit,"ema|fast50,slow200|channel|ls",ema,ls,channel,-,-0.06,-0.081,-0.4436,0.446,3.1,-0.1171,2223
crypto,COMPUSDT,1d,gate,"ema|fast50,slow200|g:adx|reversal|ls",ema,ls,reversal,adx,-0.068,-0.089,-0.3536,0.459,0.9,-0.1288,2223
crypto,COMPUSDT,1d,gate,"ema|fast50,slow200|g:ltf|reversal|ls",ema,ls,reversal,ltf,-0.085,-0.11,-0.3275,0.446,1.1,-0.1423,2223
crypto,COMPUSDT,1d,gate,"ema|fast50,slow200|g:vol|reversal|ls",ema,ls,reversal,vol,-0.148,-0.163,-0.3589,0.324,0.8,-0.1656,2223
crypto,COMPUSDT,1d,headline,blend|long_only,blend,long_only,-,-,0.227,0.174,-0.0632,0.135,0.3,0.048,2223
crypto,COMPUSDT,1d,headline,blend|asym,blend,asym,-,-,0.048,0.06,-0.0797,0.365,0.6,0.0071,2223
crypto,COMPUSDT,4h,entry,"ema|fast20,slow100|reversal|ls",ema,ls,reversal,-,0.146,0.235,-0.3968,0.5,14.7,0.0663,2223
crypto,COMPUSDT,4h,entry,"ema|fast50,slow200|reversal|ls",ema,ls,reversal,-,-0.04,-0.06,-0.4355,0.5,8.2,-0.1117,2223
crypto,COMPUSDT,4h,entry,"ema|fast100,slow300|reversal|ls",ema,ls,reversal,-,-0.026,-0.037,-0.3391,0.486,5.7,-0.0984,2223
crypto,COMPUSDT,4h,entry,"sma|fast50,slow200|reversal|ls",sma,ls,reversal,-,-0.333,-0.502,-0.517,0.459,8.5,-0.3309,2223
crypto,COMPUSDT,4h,entry,tsmom|lookback30|reversal|ls,tsmom,ls,reversal,-,-0.37,-0.598,-0.3945,0.473,67.9,-0.3556,2223
crypto,COMPUSDT,4h,entry,tsmom|lookback90|reversal|ls,tsmom,ls,reversal,-,-0.5,-0.689,-0.5435,0.392,39.0,-0.445,2223
crypto,COMPUSDT,4h,entry,"macd|fast12,slow26|reversal|ls",macd,ls,reversal,-,-0.12,-0.172,-0.3032,0.473,59.6,-0.182,2223
crypto,COMPUSDT,4h,entry,donchian|lookback55|reversal|ls,donchian,ls,reversal,-,-0.225,-0.32,-0.4971,0.446,10.1,-0.2629,2223
crypto,COMPUSDT,4h,entry,blend|ls,blend,ls,-,-,-0.066,-0.09,-0.2255,0.405,8.5,-0.0505,2223
crypto,COMPUSDT,4h,entry,strength|ls,strength,ls,-,-,-0.209,-0.331,-0.298,0.486,28.5,-0.1461,2223
crypto,COMPUSDT,4h,direction,"ema|fast50,slow200|reversal|long_only",ema,long_only,reversal,-,-0.033,-0.033,-0.2322,0.257,3.5,-0.0456,2223
crypto,COMPUSDT,4h,direction,"ema|fast50,slow200|reversal|short_only",ema,short_only,reversal,-,-0.021,-0.025,-0.3499,0.446,4.7,-0.0654,2223
crypto,COMPUSDT,4h,direction,"ema|fast50,slow200|reversal|asym",ema,asym,reversal,-,-0.038,-0.053,-0.262,0.486,4.9,-0.0549,2223
crypto,COMPUSDT,4h,exit,"ema|fast50,slow200|atr_trailing|ls",ema,ls,atr_trailing,-,0.033,0.05,-0.2816,0.527,20.9,-0.0453,2223
crypto,COMPUSDT,4h,exit,"ema|fast50,slow200|channel|ls",ema,ls,channel,-,-0.173,-0.27,-0.3892,0.473,26.7,-0.218,2223
crypto,COMPUSDT,4h,gate,"ema|fast50,slow200|g:adx|reversal|ls",ema,ls,reversal,adx,0.248,0.376,-0.2637,0.514,7.3,0.1793,2223
crypto,COMPUSDT,4h,gate,"ema|fast50,slow200|g:ltf|reversal|ls",ema,ls,reversal,ltf,-0.04,-0.06,-0.4355,0.5,8.2,-0.1117,2223
crypto,COMPUSDT,4h,gate,"ema|fast50,slow200|g:vol|reversal|ls",ema,ls,reversal,vol,-0.17,-0.25,-0.465,0.459,8.0,-0.2149,2223
crypto,COMPUSDT,4h,headline,blend|long_only,blend,long_only,-,-,0.092,0.094,-0.0755,0.203,2.8,0.0186,2223
crypto,COMPUSDT,4h,headline,blend|asym,blend,asym,-,-,0.026,0.038,-0.088,0.392,4.5,0.0009,2223
crypto,COMPUSDT,1h,entry,"ema|fast20,slow100|reversal|ls",ema,ls,reversal,-,-0.131,-0.209,-0.4275,0.514,57.9,-0.1872,2223
crypto,COMPUSDT,1h,entry,"ema|fast50,slow200|reversal|ls",ema,ls,reversal,-,0.024,0.039,-0.4328,0.514,33.9,-0.0547,2223
crypto,COMPUSDT,1h,entry,"ema|fast100,slow300|reversal|ls",ema,ls,reversal,-,0.043,0.069,-0.5151,0.473,24.7,-0.0387,2223
crypto,COMPUSDT,1h,entry,"sma|fast50,slow200|reversal|ls",sma,ls,reversal,-,0.204,0.337,-0.3334,0.486,34.4,0.13,2223
crypto,COMPUSDT,1h,entry,tsmom|lookback30|reversal|ls,tsmom,ls,reversal,-,-2.386,-3.829,-0.9219,0.203,281.5,-0.9206,2223
crypto,COMPUSDT,1h,entry,tsmom|lookback90|reversal|ls,tsmom,ls,reversal,-,-0.746,-1.173,-0.5852,0.392,173.6,-0.5639,2223
crypto,COMPUSDT,1h,entry,"macd|fast12,slow26|reversal|ls",macd,ls,reversal,-,-2.53,-3.841,-0.9397,0.257,262.1,-0.9356,2223
crypto,COMPUSDT,1h,entry,donchian|lookback55|reversal|ls,donchian,ls,reversal,-,-0.159,-0.267,-0.4593,0.446,41.4,-0.2062,2223
crypto,COMPUSDT,1h,entry,blend|ls,blend,ls,-,-,-0.361,-0.745,-0.2063,0.432,35.7,-0.17,2223
crypto,COMPUSDT,1h,entry,strength|ls,strength,ls,-,-,-0.97,-1.823,-0.4668,0.257,122.1,-0.4617,2223
crypto,COMPUSDT,1h,direction,"ema|fast50,slow200|reversal|long_only",ema,long_only,reversal,-,-0.144,-0.175,-0.2906,0.351,15.6,-0.1154,2223
crypto,COMPUSDT,1h,direction,"ema|fast50,slow200|reversal|short_only",ema,short_only,reversal,-,0.174,0.22,-0.2524,0.432,18.3,0.0882,2223
crypto,COMPUSDT,1h,direction,"ema|fast50,slow200|reversal|asym",ema,asym,reversal,-,-0.08,-0.12,-0.3217,0.378,21.1,-0.0864,2223
crypto,COMPUSDT,1h,exit,"ema|fast50,slow200|atr_trailing|ls",ema,ls,atr_trailing,-,-0.594,-0.971,-0.6268,0.405,93.2,-0.491,2223
crypto,COMPUSDT,1h,exit,"ema|fast50,slow200|channel|ls",ema,ls,channel,-,-0.779,-1.266,-0.6455,0.324,116.1,-0.5774,2223
crypto,COMPUSDT,1h,gate,"ema|fast50,slow200|g:adx|reversal|ls",ema,ls,reversal,adx,-0.159,-0.256,-0.5021,0.514,30.3,-0.2118,2223
crypto,COMPUSDT,1h,gate,"ema|fast50,slow200|g:ltf|reversal|ls",ema,ls,reversal,ltf,0.024,0.039,-0.4328,0.514,33.9,-0.0547,2223
crypto,COMPUSDT,1h,gate,"ema|fast50,slow200|g:vol|reversal|ls",ema,ls,reversal,vol,-0.036,-0.058,-0.4211,0.514,33.1,-0.1088,2223
crypto,COMPUSDT,1h,headline,blend|long_only,blend,long_only,-,-,-0.229,-0.386,-0.1427,0.351,14.6,-0.0717,2223
crypto,COMPUSDT,1h,headline,blend|asym,blend,asym,-,-,-0.307,-0.643,-0.1545,0.351,20.9,-0.0989,2223
crypto,COMPUSDT,15m,entry,"ema|fast20,slow100|reversal|ls",ema,ls,reversal,-,-1.625,-2.651,-0.8379,0.392,236.8,-0.8304,2223
crypto,COMPUSDT,15m,entry,"ema|fast50,slow200|reversal|ls",ema,ls,reversal,-,-0.377,-0.589,-0.488,0.432,134.5,-0.3767,2223
crypto,COMPUSDT,15m,entry,"ema|fast100,slow300|reversal|ls",ema,ls,reversal,-,-0.175,-0.284,-0.4438,0.459,97.6,-0.2244,2223
crypto,COMPUSDT,15m,entry,"sma|fast50,slow200|reversal|ls",sma,ls,reversal,-,-0.762,-1.103,-0.6311,0.459,138.9,-0.5866,2223
crypto,COMPUSDT,15m,entry,tsmom|lookback30|reversal|ls,tsmom,ls,reversal,-,-7.14,-10.586,-0.9997,0.0,1184.8,-0.9997,2223
crypto,COMPUSDT,15m,entry,tsmom|lookback90|reversal|ls,tsmom,ls,reversal,-,-4.22,-6.501,-0.9915,0.095,716.7,-0.9912,2223
crypto,COMPUSDT,15m,entry,"macd|fast12,slow26|reversal|ls",macd,ls,reversal,-,-6.66,-10.246,-0.9994,0.068,1088.0,-0.9994,2223
crypto,COMPUSDT,15m,entry,donchian|lookback55|reversal|ls,donchian,ls,reversal,-,-1.512,-2.359,-0.8123,0.351,174.6,-0.8033,2223
crypto,COMPUSDT,15m,entry,blend|ls,blend,ls,-,-,-1.362,-3.62,-0.5091,0.27,147.1,-0.4897,2223
crypto,COMPUSDT,15m,entry,strength|ls,strength,ls,-,-,-3.713,-8.208,-0.9058,0.135,508.0,-0.9044,2223
crypto,COMPUSDT,15m,direction,"ema|fast50,slow200|reversal|long_only",ema,long_only,reversal,-,-0.506,-0.813,-0.3704,0.351,64.9,-0.3188,2223
crypto,COMPUSDT,15m,direction,"ema|fast50,slow200|reversal|short_only",ema,short_only,reversal,-,0.039,0.066,-0.2887,0.432,69.6,-0.0151,2223
crypto,COMPUSDT,15m,direction,"ema|fast50,slow200|reversal|asym",ema,asym,reversal,-,-0.481,-0.746,-0.3801,0.365,85.8,-0.3248,2223
crypto,COMPUSDT,15m,exit,"ema|fast50,slow200|atr_trailing|ls",ema,ls,atr_trailing,-,-2.004,-3.186,-0.8867,0.324,397.9,-0.8838,2223
crypto,COMPUSDT,15m,exit,"ema|fast50,slow200|channel|ls",ema,ls,channel,-,-2.689,-4.183,-0.945,0.243,524.1,-0.9436,2223
crypto,COMPUSDT,15m,gate,"ema|fast50,slow200|g:adx|reversal|ls",ema,ls,reversal,adx,-0.487,-0.723,-0.5294,0.405,118.1,-0.4435,2223
crypto,COMPUSDT,15m,gate,"ema|fast50,slow200|g:ltf|reversal|ls",ema,ls,reversal,ltf,-0.377,-0.589,-0.488,0.432,134.5,-0.3767,2223
crypto,COMPUSDT,15m,gate,"ema|fast50,slow200|g:vol|reversal|ls",ema,ls,reversal,vol,-0.492,-0.738,-0.5476,0.419,132.6,-0.4488,2223
crypto,COMPUSDT,15m,headline,blend|long_only,blend,long_only,-,-,-1.281,-3.041,-0.3454,0.297,68.2,-0.3385,2223
crypto,COMPUSDT,15m,headline,blend|asym,blend,asym,-,-,-1.416,-3.551,-0.3912,0.311,91.9,-0.3836,2223
crypto,COMPUSDT,5m,entry,"ema|fast20,slow100|reversal|ls",ema,ls,reversal,-,-4.249,-6.871,-0.9916,0.108,745.9,-0.9914,2223
crypto,COMPUSDT,5m,entry,"ema|fast50,slow200|reversal|ls",ema,ls,reversal,-,-2.583,-4.23,-0.9439,0.189,428.7,-0.9418,2223
crypto,COMPUSDT,5m,entry,"ema|fast100,slow300|reversal|ls",ema,ls,reversal,-,-2.016,-3.327,-0.8929,0.284,315.0,-0.8886,2223
crypto,COMPUSDT,5m,entry,"sma|fast50,slow200|reversal|ls",sma,ls,reversal,-,-2.817,-4.785,-0.9554,0.162,427.4,-0.9542,2223
crypto,COMPUSDT,5m,entry,tsmom|lookback30|reversal|ls,tsmom,ls,reversal,-,-16.423,-20.508,-1.0,0.0,3547.3,-1.0,2223
crypto,COMPUSDT,5m,entry,tsmom|lookback90|reversal|ls,tsmom,ls,reversal,-,-11.126,-15.067,-1.0,0.0,2173.7,-1.0,2223
crypto,COMPUSDT,5m,entry,"macd|fast12,slow26|reversal|ls",macd,ls,reversal,-,-17.088,-21.398,-1.0,0.0,3394.2,-1.0,2223
crypto,COMPUSDT,5m,entry,donchian|lookback55|reversal|ls,donchian,ls,reversal,-,-3.742,-5.908,-0.9859,0.162,551.6,-0.9859,2223
crypto,COMPUSDT,5m,entry,blend|ls,blend,ls,-,-,-3.754,-9.322,-0.8641,0.135,458.5,-0.8633,2223
crypto,COMPUSDT,5m,entry,strength|ls,strength,ls,-,-,-10.012,-18.535,-0.9994,0.0,1569.8,-0.9994,2223
crypto,COMPUSDT,5m,direction,"ema|fast50,slow200|reversal|long_only",ema,long_only,reversal,-,-2.013,-4.13,-0.7808,0.216,210.7,-0.7774,2223
crypto,COMPUSDT,5m,direction,"ema|fast50,slow200|reversal|short_only",ema,short_only,reversal,-,-1.445,-2.978,-0.6819,0.338,218.0,-0.663,2223
crypto,COMPUSDT,5m,direction,"ema|fast50,slow200|reversal|asym",ema,asym,reversal,-,-2.358,-4.216,-0.8491,0.23,276.1,-0.8458,2223
crypto,COMPUSDT,5m,exit,"ema|fast50,slow200|atr_trailing|ls",ema,ls,atr_trailing,-,-7.645,-11.674,-0.9998,0.0,1347.8,-0.9998,2223
crypto,COMPUSDT,5m,exit,"ema|fast50,slow200|channel|ls",ema,ls,channel,-,-8.905,-13.338,-1.0,0.0,1671.9,-1.0,2223
crypto,COMPUSDT,5m,gate,"ema|fast50,slow200|g:adx|reversal|ls",ema,ls,reversal,adx,-2.262,-3.694,-0.9198,0.189,367.9,-0.9155,2223
crypto,COMPUSDT,5m,gate,"ema|fast50,slow200|g:ltf|reversal|ls",ema,ls,reversal,ltf,-2.583,-4.23,-0.9439,0.189,428.7,-0.9418,2223
crypto,COMPUSDT,5m,gate,"ema|fast50,slow200|g:vol|reversal|ls",ema,ls,reversal,vol,-2.662,-4.313,-0.9468,0.162,420.7,-0.946,2223
crypto,COMPUSDT,5m,headline,blend|long_only,blend,long_only,-,-,-2.455,-7.117,-0.6114,0.216,221.0,-0.6097,2223
crypto,COMPUSDT,5m,headline,blend|asym,blend,asym,-,-,-3.09,-8.337,-0.7116,0.176,292.3,-0.7102,2223
crypto,GRTUSDT,1d,entry,"ema|fast20,slow100|reversal|ls",ema,ls,reversal,-,0.67,1.009,-0.1821,0.544,1.2,0.6557,2051
crypto,GRTUSDT,1d,entry,"ema|fast50,slow200|reversal|ls",ema,ls,reversal,-,0.057,0.075,-0.3249,0.456,0.9,-0.0158,2051
crypto,GRTUSDT,1d,entry,"ema|fast100,slow300|reversal|ls",ema,ls,reversal,-,-0.157,-0.206,-0.4608,0.456,0.8,-0.179,2051
crypto,GRTUSDT,1d,entry,"sma|fast50,slow200|reversal|ls",sma,ls,reversal,-,-0.001,-0.002,-0.4065,0.456,0.8,-0.0603,2051
crypto,GRTUSDT,1d,entry,tsmom|lookback30|reversal|ls,tsmom,ls,reversal,-,0.766,1.188,-0.1511,0.544,8.2,0.7951,2051
crypto,GRTUSDT,1d,entry,tsmom|lookback90|reversal|ls,tsmom,ls,reversal,-,0.914,1.381,-0.1327,0.559,4.3,1.0347,2051
crypto,GRTUSDT,1d,entry,"macd|fast12,slow26|reversal|ls",macd,ls,reversal,-,0.361,0.538,-0.2251,0.544,7.9,0.2742,2051
crypto,GRTUSDT,1d,entry,donchian|lookback55|reversal|ls,donchian,ls,reversal,-,0.176,0.257,-0.3207,0.456,1.4,0.0889,2051
crypto,GRTUSDT,1d,entry,blend|ls,blend,ls,-,-,0.401,0.509,-0.0892,0.456,1.3,0.1796,2051
crypto,GRTUSDT,1d,entry,strength|ls,strength,ls,-,-,0.454,0.624,-0.1156,0.544,3.3,0.2518,2051
crypto,GRTUSDT,1d,direction,"ema|fast50,slow200|reversal|long_only",ema,long_only,reversal,-,-0.222,-0.185,-0.1733,0.088,0.3,-0.0989,2051
crypto,GRTUSDT,1d,direction,"ema|fast50,slow200|reversal|short_only",ema,short_only,reversal,-,0.185,0.199,-0.328,0.412,0.5,0.0925,2051
crypto,GRTUSDT,1d,direction,"ema|fast50,slow200|reversal|asym",ema,asym,reversal,-,-0.105,-0.138,-0.1996,0.485,0.5,-0.0649,2051
crypto,GRTUSDT,1d,exit,"ema|fast50,slow200|atr_trailing|ls",ema,ls,atr_trailing,-,-0.188,-0.245,-0.4423,0.456,2.9,-0.1972,2051
crypto,GRTUSDT,1d,exit,"ema|fast50,slow200|channel|ls",ema,ls,channel,-,-0.229,-0.305,-0.4491,0.485,3.9,-0.2188,2051
crypto,GRTUSDT,1d,gate,"ema|fast50,slow200|g:adx|reversal|ls",ema,ls,reversal,adx,-0.027,-0.036,-0.3788,0.456,0.9,-0.0835,2051
crypto,GRTUSDT,1d,gate,"ema|fast50,slow200|g:ltf|reversal|ls",ema,ls,reversal,ltf,0.057,0.075,-0.3249,0.456,0.9,-0.0158,2051
crypto,GRTUSDT,1d,gate,"ema|fast50,slow200|g:vol|reversal|ls",ema,ls,reversal,vol,0.213,0.231,-0.2834,0.397,0.7,0.1148,2051
crypto,GRTUSDT,1d,headline,blend|long_only,blend,long_only,-,-,0.238,0.188,-0.0532,0.103,0.2,0.0412,2051
crypto,GRTUSDT,1d,headline,blend|asym,blend,asym,-,-,0.386,0.531,-0.0634,0.471,0.5,0.0845,2051
crypto,GRTUSDT,4h,entry,"ema|fast20,slow100|reversal|ls",ema,ls,reversal,-,0.845,1.371,-0.1504,0.529,11.7,0.9897,2051
crypto,GRTUSDT,4h,entry,"ema|fast50,slow200|reversal|ls",ema,ls,reversal,-,0.734,1.162,-0.233,0.544,6.6,0.8106,2051
crypto,GRTUSDT,4h,entry,"ema|fast100,slow300|reversal|ls",ema,ls,reversal,-,0.319,0.494,-0.2767,0.515,5.0,0.2425,2051
crypto,GRTUSDT,4h,entry,"sma|fast50,slow200|reversal|ls",sma,ls,reversal,-,0.475,0.72,-0.318,0.559,7.0,0.4346,2051
crypto,GRTUSDT,4h,entry,tsmom|lookback30|reversal|ls,tsmom,ls,reversal,-,0.073,0.12,-0.2648,0.471,61.5,-0.0071,2051
crypto,GRTUSDT,4h,entry,tsmom|lookback90|reversal|ls,tsmom,ls,reversal,-,0.727,1.175,-0.2238,0.618,32.1,0.7955,2051
crypto,GRTUSDT,4h,entry,"macd|fast12,slow26|reversal|ls",macd,ls,reversal,-,0.114,0.179,-0.343,0.441,56.6,0.0304,2051
crypto,GRTUSDT,4h,entry,donchian|lookback55|reversal|ls,donchian,ls,reversal,-,0.157,0.248,-0.2651,0.544,9.5,0.0724,2051
crypto,GRTUSDT,4h,entry,blend|ls,blend,ls,-,-,0.57,0.835,-0.0748,0.441,8.3,0.2982,2051
crypto,GRTUSDT,4h,entry,strength|ls,strength,ls,-,-,0.671,1.079,-0.1341,0.544,25.9,0.4444,2051
crypto,GRTUSDT,4h,direction,"ema|fast50,slow200|reversal|long_only",ema,long_only,reversal,-,0.429,0.429,-0.146,0.235,2.6,0.2244,2051
crypto,GRTUSDT,4h,direction,"ema|fast50,slow200|reversal|short_only",ema,short_only,reversal,-,0.599,0.75,-0.1636,0.456,4.0,0.4822,2051
crypto,GRTUSDT,4h,direction,"ema|fast50,slow200|reversal|asym",ema,asym,reversal,-,0.625,0.901,-0.1694,0.588,3.8,0.391,2051
crypto,GRTUSDT,4h,exit,"ema|fast50,slow200|atr_trailing|ls",ema,ls,atr_trailing,-,0.34,0.54,-0.2084,0.544,20.6,0.2645,2051
crypto,GRTUSDT,4h,exit,"ema|fast50,slow200|channel|ls",ema,ls,channel,-,0.316,0.508,-0.2172,0.544,26.2,0.2372,2051
crypto,GRTUSDT,4h,gate,"ema|fast50,slow200|g:adx|reversal|ls",ema,ls,reversal,adx,0.656,1.039,-0.2449,0.559,6.0,0.6853,2051
crypto,GRTUSDT,4h,gate,"ema|fast50,slow200|g:ltf|reversal|ls",ema,ls,reversal,ltf,0.734,1.162,-0.233,0.544,6.6,0.8106,2051
crypto,GRTUSDT,4h,gate,"ema|fast50,slow200|g:vol|reversal|ls",ema,ls,reversal,vol,0.686,1.063,-0.2702,0.559,6.3,0.7163,2051
crypto,GRTUSDT,4h,headline,blend|long_only,blend,long_only,-,-,0.656,0.676,-0.0589,0.25,2.6,0.1993,2051
crypto,GRTUSDT,4h,headline,blend|asym,blend,asym,-,-,0.696,1.053,-0.059,0.456,4.3,0.2322,2051
crypto,GRTUSDT,1h,entry,"ema|fast20,slow100|reversal|ls",ema,ls,reversal,-,0.354,0.595,-0.3996,0.603,53.5,0.2779,2051
crypto,GRTUSDT,1h,entry,"ema|fast50,slow200|reversal|ls",ema,ls,reversal,-,0.237,0.384,-0.3088,0.456,32.4,0.1513,2051
crypto,GRTUSDT,1h,entry,"ema|fast100,slow300|reversal|ls",ema,ls,reversal,-,0.777,1.283,-0.1468,0.603,21.9,0.8518,2051
crypto,GRTUSDT,1h,entry,"sma|fast50,slow200|reversal|ls",sma,ls,reversal,-,0.552,0.925,-0.2046,0.574,31.2,0.516,2051
crypto,GRTUSDT,1h,entry,tsmom|lookback30|reversal|ls,tsmom,ls,reversal,-,-1.482,-2.449,-0.7812,0.324,251.8,-0.7542,2051
crypto,GRTUSDT,1h,entry,tsmom|lookback90|reversal|ls,tsmom,ls,reversal,-,-0.802,-1.292,-0.5762,0.368,156.4,-0.5524,2051
crypto,GRTUSDT,1h,entry,"macd|fast12,slow26|reversal|ls",macd,ls,reversal,-,-1.883,-2.82,-0.8388,0.279,249.1,-0.8359,2051
crypto,GRTUSDT,1h,entry,donchian|lookback55|reversal|ls,donchian,ls,reversal,-,-0.076,-0.125,-0.2832,0.515,39.2,-0.1279,2051
crypto,GRTUSDT,1h,entry,blend|ls,blend,ls,-,-,0.271,0.542,-0.1512,0.5,33.8,0.1089,2051
crypto,GRTUSDT,1h,entry,strength|ls,strength,ls,-,-,-0.324,-0.618,-0.2949,0.382,112.5,-0.1946,2051
crypto,GRTUSDT,1h,direction,"ema|fast50,slow200|reversal|long_only",ema,long_only,reversal,-,-0.088,-0.105,-0.3011,0.353,14.6,-0.0775,2051
crypto,GRTUSDT,1h,direction,"ema|fast50,slow200|reversal|short_only",ema,short_only,reversal,-,0.411,0.553,-0.1449,0.515,17.7,0.2669,2051
crypto,GRTUSDT,1h,direction,"ema|fast50,slow200|reversal|asym",ema,asym,reversal,-,0.049,0.07,-0.2985,0.441,19.9,-0.0037,2051
crypto,GRTUSDT,1h,exit,"ema|fast50,slow200|atr_trailing|ls",ema,ls,atr_trailing,-,0.137,0.227,-0.2261,0.5,85.0,0.0525,2051
crypto,GRTUSDT,1h,exit,"ema|fast50,slow200|channel|ls",ema,ls,channel,-,-0.32,-0.523,-0.3918,0.397,111.4,-0.3063,2051
crypto,GRTUSDT,1h,gate,"ema|fast50,slow200|g:adx|reversal|ls",ema,ls,reversal,adx,0.236,0.384,-0.2647,0.456,27.9,0.1499,2051
crypto,GRTUSDT,1h,gate,"ema|fast50,slow200|g:ltf|reversal|ls",ema,ls,reversal,ltf,0.237,0.384,-0.3088,0.456,32.4,0.1513,2051
crypto,GRTUSDT,1h,gate,"ema|fast50,slow200|g:vol|reversal|ls",ema,ls,reversal,vol,0.245,0.394,-0.286,0.471,31.6,0.1589,2051
crypto,GRTUSDT,1h,headline,blend|long_only,blend,long_only,-,-,0.132,0.19,-0.1149,0.324,13.4,0.0309,2051
crypto,GRTUSDT,1h,headline,blend|asym,blend,asym,-,-,0.211,0.389,-0.1161,0.382,19.5,0.0576,2051
crypto,GRTUSDT,15m,entry,"ema|fast20,slow100|reversal|ls",ema,ls,reversal,-,-0.523,-0.859,-0.4759,0.441,217.4,-0.4236,2051
crypto,GRTUSDT,15m,entry,"ema|fast50,slow200|reversal|ls",ema,ls,reversal,-,-0.013,-0.022,-0.3509,0.471,126.3,-0.0829,2051
crypto,GRTUSDT,15m,entry,"ema|fast100,slow300|reversal|ls",ema,ls,reversal,-,-0.082,-0.133,-0.4154,0.529,94.4,-0.1412,2051
crypto,GRTUSDT,15m,entry,"sma|fast50,slow200|reversal|ls",sma,ls,reversal,-,0.02,0.034,-0.3738,0.559,128.4,-0.0522,2051
crypto,GRTUSDT,15m,entry,tsmom|lookback30|reversal|ls,tsmom,ls,reversal,-,-6.773,-10.006,-0.9987,0.029,1103.6,-0.9987,2051
crypto,GRTUSDT,15m,entry,tsmom|lookback90|reversal|ls,tsmom,ls,reversal,-,-3.134,-4.84,-0.9583,0.176,640.6,-0.9573,2051
crypto,GRTUSDT,15m,entry,"macd|fast12,slow26|reversal|ls",macd,ls,reversal,-,-6.756,-9.937,-0.9987,0.015,1051.7,-0.9987,2051
crypto,GRTUSDT,15m,entry,donchian|lookback55|reversal|ls,donchian,ls,reversal,-,-0.94,-1.511,-0.6059,0.338,164.7,-0.6034,2051
crypto,GRTUSDT,15m,entry,blend|ls,blend,ls,-,-,-0.725,-1.918,-0.2843,0.397,139.1,-0.2796,2051
crypto,GRTUSDT,15m,entry,strength|ls,strength,ls,-,-,-2.851,-5.91,-0.8064,0.235,469.2,-0.8043,2051
crypto,GRTUSDT,15m,direction,"ema|fast50,slow200|reversal|long_only",ema,long_only,reversal,-,-0.436,-0.706,-0.3312,0.382,59.8,-0.2536,2051
crypto,GRTUSDT,15m,direction,"ema|fast50,slow200|reversal|short_only",ema,short_only,reversal,-,0.451,0.8,-0.1583,0.588,66.5,0.3043,2051
crypto,GRTUSDT,15m,direction,"ema|fast50,slow200|reversal|asym",ema,asym,reversal,-,-0.281,-0.451,-0.3098,0.441,79.8,-0.1935,2051
crypto,GRTUSDT,15m,exit,"ema|fast50,slow200|atr_trailing|ls",ema,ls,atr_trailing,-,-1.503,-2.558,-0.7832,0.368,376.6,-0.7661,2051
crypto,GRTUSDT,15m,exit,"ema|fast50,slow200|channel|ls",ema,ls,channel,-,-2.225,-3.666,-0.8924,0.294,488.8,-0.887,2051
crypto,GRTUSDT,15m,gate,"ema|fast50,slow200|g:adx|reversal|ls",ema,ls,reversal,adx,0.187,0.313,-0.2983,0.515,110.5,0.1017,2051
crypto,GRTUSDT,15m,gate,"ema|fast50,slow200|g:ltf|reversal|ls",ema,ls,reversal,ltf,-0.013,-0.022,-0.3509,0.471,126.3,-0.0829,2051
crypto,GRTUSDT,15m,gate,"ema|fast50,slow200|g:vol|reversal|ls",ema,ls,reversal,vol,0.048,0.081,-0.3598,0.515,125.4,-0.0297,2051
crypto,GRTUSDT,15m,headline,blend|long_only,blend,long_only,-,-,-0.642,-1.415,-0.1867,0.397,61.7,-0.1696,2051
crypto,GRTUSDT,15m,headline,blend|asym,blend,asym,-,-,-0.725,-1.727,-0.2102,0.382,84.9,-0.199,2051
crypto,GRTUSDT,5m,entry,"ema|fast20,slow100|reversal|ls",ema,ls,reversal,-,-3.815,-5.92,-0.9734,0.103,702.6,-0.9728,2051
crypto,GRTUSDT,5m,entry,"ema|fast50,slow200|reversal|ls",ema,ls,reversal,-,-1.706,-2.723,-0.813,0.294,393.8,-0.8067,2051
crypto,GRTUSDT,5m,entry,"ema|fast100,slow300|reversal|ls",ema,ls,reversal,-,-0.576,-0.918,-0.4994,0.353,288.9,-0.4498,2051
crypto,GRTUSDT,5m,entry,"sma|fast50,slow200|reversal|ls",sma,ls,reversal,-,-1.683,-2.742,-0.815,0.338,393.6,-0.7999,2051
crypto,GRTUSDT,5m,entry,tsmom|lookback30|reversal|ls,tsmom,ls,reversal,-,-16.407,-20.271,-1.0,0.0,3463.2,-1.0,2051
crypto,GRTUSDT,5m,entry,tsmom|lookback90|reversal|ls,tsmom,ls,reversal,-,-10.292,-13.844,-1.0,0.0,2070.2,-1.0,2051
crypto,GRTUSDT,5m,entry,"macd|fast12,slow26|reversal|ls",macd,ls,reversal,-,-17.153,-21.093,-1.0,0.0,3248.4,-1.0,2051
crypto,GRTUSDT,5m,entry,donchian|lookback55|reversal|ls,donchian,ls,reversal,-,-3.149,-4.936,-0.9457,0.206,522.7,-0.945,2051
crypto,GRTUSDT,5m,entry,blend|ls,blend,ls,-,-,-3.919,-8.504,-0.8172,0.132,441.1,-0.8152,2051
crypto,GRTUSDT,5m,entry,strength|ls,strength,ls,-,-,-10.516,-17.437,-0.9983,0.0,1502.5,-0.9983,2051
crypto,GRTUSDT,5m,direction,"ema|fast50,slow200|reversal|long_only",ema,long_only,reversal,-,-1.594,-3.228,-0.6617,0.294,191.5,-0.6407,2051
crypto,GRTUSDT,5m,direction,"ema|fast50,slow200|reversal|short_only",ema,short_only,reversal,-,-0.595,-1.197,-0.3693,0.441,202.3,-0.3466,2051
crypto,GRTUSDT,5m,direction,"ema|fast50,slow200|reversal|asym",ema,asym,reversal,-,-1.738,-3.058,-0.7056,0.235,252.2,-0.6929,2051
crypto,GRTUSDT,5m,exit,"ema|fast50,slow200|atr_trailing|ls",ema,ls,atr_trailing,-,-6.588,-9.669,-0.9984,0.044,1275.6,-0.9984,2051
crypto,GRTUSDT,5m,exit,"ema|fast50,slow200|channel|ls",ema,ls,channel,-,-8.241,-11.989,-0.9997,0.029,1631.1,-0.9997,2051
crypto,GRTUSDT,5m,gate,"ema|fast50,slow200|g:adx|reversal|ls",ema,ls,reversal,adx,-1.343,-2.13,-0.7363,0.324,341.1,-0.7299,2051
crypto,GRTUSDT,5m,gate,"ema|fast50,slow200|g:ltf|reversal|ls",ema,ls,reversal,ltf,-1.706,-2.723,-0.813,0.294,393.8,-0.8067,2051
crypto,GRTUSDT,5m,gate,"ema|fast50,slow200|g:vol|reversal|ls",ema,ls,reversal,vol,-1.738,-2.707,-0.8177,0.309,386.6,-0.8157,2051
crypto,GRTUSDT,5m,headline,blend|long_only,blend,long_only,-,-,-2.892,-6.937,-0.567,0.176,206.8,-0.56,2051
crypto,GRTUSDT,5m,headline,blend|asym,blend,asym,-,-,-3.534,-7.946,-0.6588,0.132,277.1,-0.6558,2051
crypto,IOTAUSDT,1d,entry,"ema|fast20,slow100|reversal|ls",ema,ls,reversal,-,0.078,0.082,-0.4506,0.556,1.6,-0.024,2984
crypto,IOTAUSDT,1d,entry,"ema|fast50,slow200|reversal|ls",ema,ls,reversal,-,-0.039,-0.038,-0.4751,0.495,0.9,-0.1798,2984
crypto,IOTAUSDT,1d,entry,"ema|fast100,slow300|reversal|ls",ema,ls,reversal,-,-0.058,-0.056,-0.4956,0.535,0.7,-0.2025,2984
crypto,IOTAUSDT,1d,entry,"sma|fast50,slow200|reversal|ls",sma,ls,reversal,-,-0.224,-0.212,-0.5456,0.465,1.1,-0.3724,2984
crypto,IOTAUSDT,1d,entry,tsmom|lookback30|reversal|ls,tsmom,ls,reversal,-,-0.051,-0.055,-0.3582,0.495,9.6,-0.1934,2984
crypto,IOTAUSDT,1d,entry,tsmom|lookback90|reversal|ls,tsmom,ls,reversal,-,0.003,0.003,-0.5004,0.505,5.5,-0.1267,2984
crypto,IOTAUSDT,1d,entry,"macd|fast12,slow26|reversal|ls",macd,ls,reversal,-,0.083,0.13,-0.3876,0.444,9.7,-0.0048,2984
crypto,IOTAUSDT,1d,entry,donchian|lookback55|reversal|ls,donchian,ls,reversal,-,0.366,0.393,-0.3607,0.576,1.2,0.4885,2984
crypto,IOTAUSDT,1d,entry,blend|ls,blend,ls,-,-,-0.069,-0.058,-0.3078,0.444,1.4,-0.1183,2984
crypto,IOTAUSDT,1d,entry,strength|ls,strength,ls,-,-,-0.052,-0.048,-0.336,0.444,4.1,-0.1171,2984
crypto,IOTAUSDT,1d,direction,"ema|fast50,slow200|reversal|long_only",ema,long_only,reversal,-,0.082,0.063,-0.1872,0.152,0.3,0.028,2984
crypto,IOTAUSDT,1d,direction,"ema|fast50,slow200|reversal|short_only",ema,short_only,reversal,-,-0.082,-0.064,-0.489,0.404,0.6,-0.2016,2984
crypto,IOTAUSDT,1d,direction,"ema|fast50,slow200|reversal|asym",ema,asym,reversal,-,0.027,0.03,-0.2383,0.515,0.5,-0.0146,2984
crypto,IOTAUSDT,1d,exit,"ema|fast50,slow200|atr_trailing|ls",ema,ls,atr_trailing,-,-0.009,-0.008,-0.4511,0.505,2.9,-0.14,2984
crypto,IOTAUSDT,1d,exit,"ema|fast50,slow200|channel|ls",ema,ls,channel,-,0.071,0.07,-0.4082,0.545,3.7,-0.0329,2984
crypto,IOTAUSDT,1d,gate,"ema|fast50,slow200|g:adx|reversal|ls",ema,ls,reversal,adx,-0.05,-0.049,-0.4835,0.505,0.8,-0.193,2984
crypto,IOTAUSDT,1d,gate,"ema|fast50,slow200|g:ltf|reversal|ls",ema,ls,reversal,ltf,-0.039,-0.038,-0.4751,0.495,0.9,-0.1798,2984
crypto,IOTAUSDT,1d,gate,"ema|fast50,slow200|g:vol|reversal|ls",ema,ls,reversal,vol,0.118,0.127,-0.4256,0.404,0.7,0.0549,2984
crypto,IOTAUSDT,1d,headline,blend|long_only,blend,long_only,-,-,0.151,0.103,-0.0688,0.152,0.3,0.0394,2984
crypto,IOTAUSDT,1d,headline,blend|asym,blend,asym,-,-,0.029,0.028,-0.1016,0.444,0.6,0.0018,2984
crypto,IOTAUSDT,4h,entry,"ema|fast20,slow100|reversal|ls",ema,ls,reversal,-,-0.242,-0.263,-0.4697,0.495,14.1,-0.3986,2984
crypto,IOTAUSDT,4h,entry,"ema|fast50,slow200|reversal|ls",ema,ls,reversal,-,0.049,0.057,-0.4189,0.515,7.5,-0.0662,2984
crypto,IOTAUSDT,4h,entry,"ema|fast100,slow300|reversal|ls",ema,ls,reversal,-,0.238,0.274,-0.3625,0.566,5.8,0.2368,2984
crypto,IOTAUSDT,4h,entry,"sma|fast50,slow200|reversal|ls",sma,ls,reversal,-,-0.075,-0.086,-0.3558,0.505,8.2,-0.2223,2984
crypto,IOTAUSDT,4h,entry,tsmom|lookback30|reversal|ls,tsmom,ls,reversal,-,-0.228,-0.249,-0.5254,0.434,65.3,-0.3926,2984
crypto,IOTAUSDT,4h,entry,tsmom|lookback90|reversal|ls,tsmom,ls,reversal,-,-0.229,-0.25,-0.4471,0.485,40.3,-0.3876,2984
crypto,IOTAUSDT,4h,entry,"macd|fast12,slow26|reversal|ls",macd,ls,reversal,-,-0.443,-0.511,-0.7068,0.414,65.0,-0.5535,2984
crypto,IOTAUSDT,4h,entry,donchian|lookback55|reversal|ls,donchian,ls,reversal,-,0.076,0.119,-0.4807,0.475,10.4,-0.0188,2984
crypto,IOTAUSDT,4h,entry,blend|ls,blend,ls,-,-,0.11,0.128,-0.1348,0.444,8.9,0.0487,2984
crypto,IOTAUSDT,4h,entry,strength|ls,strength,ls,-,-,-0.19,-0.214,-0.2917,0.455,28.9,-0.2145,2984
crypto,IOTAUSDT,4h,direction,"ema|fast50,slow200|reversal|long_only",ema,long_only,reversal,-,-0.003,-0.003,-0.3025,0.283,3.1,-0.0417,2984
crypto,IOTAUSDT,4h,direction,"ema|fast50,slow200|reversal|short_only",ema,short_only,reversal,-,0.066,0.057,-0.4154,0.455,4.3,-0.0179,2984
crypto,IOTAUSDT,4h,direction,"ema|fast50,slow200|reversal|asym",ema,asym,reversal,-,0.024,0.031,-0.3026,0.505,4.4,-0.0268,2984
crypto,IOTAUSDT,4h,exit,"ema|fast50,slow200|atr_trailing|ls",ema,ls,atr_trailing,-,-0.038,-0.045,-0.4411,0.495,22.0,-0.1768,2984
crypto,IOTAUSDT,4h,exit,"ema|fast50,slow200|channel|ls",ema,ls,channel,-,0.066,0.077,-0.4186,0.576,27.8,-0.0403,2984
crypto,IOTAUSDT,4h,gate,"ema|fast50,slow200|g:adx|reversal|ls",ema,ls,reversal,adx,-0.126,-0.146,-0.4728,0.485,7.0,-0.2791,2984
crypto,IOTAUSDT,4h,gate,"ema|fast50,slow200|g:ltf|reversal|ls",ema,ls,reversal,ltf,0.049,0.057,-0.4189,0.515,7.5,-0.0662,2984
crypto,IOTAUSDT,4h,gate,"ema|fast50,slow200|g:vol|reversal|ls",ema,ls,reversal,vol,0.034,0.039,-0.4466,0.475,7.3,-0.0841,2984
crypto,IOTAUSDT,4h,headline,blend|long_only,blend,long_only,-,-,0.184,0.168,-0.1065,0.232,3.1,0.0595,2984
crypto,IOTAUSDT,4h,headline,blend|asym,blend,asym,-,-,0.176,0.225,-0.095,0.455,4.8,0.0636,2984
crypto,IOTAUSDT,1h,entry,"ema|fast20,slow100|reversal|ls",ema,ls,reversal,-,0.212,0.338,-0.3028,0.603,60.6,0.1463,2362
crypto,IOTAUSDT,1h,entry,"ema|fast50,slow200|reversal|ls",ema,ls,reversal,-,0.019,0.029,-0.2878,0.526,34.1,-0.0603,2362
crypto,IOTAUSDT,1h,entry,"ema|fast100,slow300|reversal|ls",ema,ls,reversal,-,-0.062,-0.09,-0.3378,0.5,24.8,-0.1362,2362
crypto,IOTAUSDT,1h,entry,"sma|fast50,slow200|reversal|ls",sma,ls,reversal,-,0.338,0.511,-0.2136,0.551,34.0,0.3042,2362
crypto,IOTAUSDT,1h,entry,tsmom|lookback30|reversal|ls,tsmom,ls,reversal,-,-2.419,-4.004,-0.9361,0.269,286.3,-0.9312,2362
crypto,IOTAUSDT,1h,entry,tsmom|lookback90|reversal|ls,tsmom,ls,reversal,-,-0.92,-1.454,-0.6914,0.372,178.6,-0.6563,2362
crypto,IOTAUSDT,1h,entry,"macd|fast12,slow26|reversal|ls",macd,ls,reversal,-,-2.324,-3.58,-0.9312,0.244,279.7,-0.9264,2362
crypto,IOTAUSDT,1h,entry,donchian|lookback55|reversal|ls,donchian,ls,reversal,-,-0.205,-0.318,-0.4634,0.423,43.0,-0.2553,2362
crypto,IOTAUSDT,1h,entry,blend|ls,blend,ls,-,-,0.027,0.055,-0.2264,0.462,37.2,-0.0054,2362
crypto,IOTAUSDT,1h,entry,strength|ls,strength,ls,-,-,-0.631,-1.11,-0.4107,0.436,126.5,-0.3592,2362
crypto,IOTAUSDT,1h,direction,"ema|fast50,slow200|reversal|long_only",ema,long_only,reversal,-,-0.138,-0.158,-0.3038,0.397,15.8,-0.1156,2362
crypto,IOTAUSDT,1h,direction,"ema|fast50,slow200|reversal|short_only",ema,short_only,reversal,-,0.171,0.203,-0.2759,0.487,18.4,0.0908,2362
crypto,IOTAUSDT,1h,direction,"ema|fast50,slow200|reversal|asym",ema,asym,reversal,-,-0.077,-0.107,-0.2696,0.474,21.3,-0.0868,2362
crypto,IOTAUSDT,1h,exit,"ema|fast50,slow200|atr_trailing|ls",ema,ls,atr_trailing,-,-0.451,-0.668,-0.519,0.5,95.6,-0.4224,2362
crypto,IOTAUSDT,1h,exit,"ema|fast50,slow200|channel|ls",ema,ls,channel,-,-0.93,-1.317,-0.7006,0.449,122.2,-0.6625,2362
crypto,IOTAUSDT,1h,gate,"ema|fast50,slow200|g:adx|reversal|ls",ema,ls,reversal,adx,0.086,0.131,-0.291,0.538,30.2,0.0062,2362
crypto,IOTAUSDT,1h,gate,"ema|fast50,slow200|g:ltf|reversal|ls",ema,ls,reversal,ltf,0.019,0.029,-0.2878,0.526,34.1,-0.0603,2362
crypto,IOTAUSDT,1h,gate,"ema|fast50,slow200|g:vol|reversal|ls",ema,ls,reversal,vol,-0.03,-0.044,-0.3114,0.526,33.6,-0.1071,2362
crypto,IOTAUSDT,1h,headline,blend|long_only,blend,long_only,-,-,-0.218,-0.294,-0.2183,0.308,16.3,-0.0728,2362
crypto,IOTAUSDT,1h,headline,blend|asym,blend,asym,-,-,-0.124,-0.214,-0.2098,0.372,22.6,-0.0487,2362
crypto,IOTAUSDT,15m,entry,"ema|fast20,slow100|reversal|ls",ema,ls,reversal,-,-1.247,-2.097,-0.7866,0.295,248.4,-0.7556,2362
crypto,IOTAUSDT,15m,entry,"ema|fast50,slow200|reversal|ls",ema,ls,reversal,-,-0.269,-0.457,-0.5296,0.423,139.7,-0.3095,2362
crypto,IOTAUSDT,15m,entry,"ema|fast100,slow300|reversal|ls",ema,ls,reversal,-,0.233,0.394,-0.2106,0.538,103.6,0.1722,2362
crypto,IOTAUSDT,15m,entry,"sma|fast50,slow200|reversal|ls",sma,ls,reversal,-,-0.415,-0.686,-0.615,0.41,142.1,-0.4057,2362
crypto,IOTAUSDT,15m,entry,tsmom|lookback30|reversal|ls,tsmom,ls,reversal,-,-8.273,-11.81,-1.0,0.026,1185.2,-1.0,2362
crypto,IOTAUSDT,15m,entry,tsmom|lookback90|reversal|ls,tsmom,ls,reversal,-,-4.491,-6.746,-0.995,0.141,694.7,-0.9948,2362
crypto,IOTAUSDT,15m,entry,"macd|fast12,slow26|reversal|ls",macd,ls,reversal,-,-8.941,-12.27,-1.0,0.0,1169.7,-1.0,2362
crypto,IOTAUSDT,15m,entry,donchian|lookback55|reversal|ls,donchian,ls,reversal,-,-1.189,-1.915,-0.7609,0.372,176.9,-0.7419,2362
crypto,IOTAUSDT,15m,entry,blend|ls,blend,ls,-,-,-1.15,-2.903,-0.4668,0.295,152.7,-0.4343,2362
crypto,IOTAUSDT,15m,entry,strength|ls,strength,ls,-,-,-3.794,-8.002,-0.9185,0.154,525.0,-0.9168,2362
crypto,IOTAUSDT,15m,direction,"ema|fast50,slow200|reversal|long_only",ema,long_only,reversal,-,-0.479,-0.782,-0.3774,0.372,69.1,-0.3218,2362
crypto,IOTAUSDT,15m,direction,"ema|fast50,slow200|reversal|short_only",ema,short_only,reversal,-,0.24,0.441,-0.2963,0.577,70.6,0.1451,2362
crypto,IOTAUSDT,15m,direction,"ema|fast50,slow200|reversal|asym",ema,asym,reversal,-,-0.412,-0.657,-0.4074,0.449,90.3,-0.3029,2362
crypto,IOTAUSDT,15m,exit,"ema|fast50,slow200|atr_trailing|ls",ema,ls,atr_trailing,-,-2.371,-3.766,-0.9348,0.218,409.1,-0.9319,2362
crypto,IOTAUSDT,15m,exit,"ema|fast50,slow200|channel|ls",ema,ls,channel,-,-2.975,-4.636,-0.9676,0.192,503.1,-0.9669,2362
crypto,IOTAUSDT,15m,gate,"ema|fast50,slow200|g:adx|reversal|ls",ema,ls,reversal,adx,-0.19,-0.329,-0.4703,0.487,123.5,-0.2466,2362
crypto,IOTAUSDT,15m,gate,"ema|fast50,slow200|g:ltf|reversal|ls",ema,ls,reversal,ltf,-0.269,-0.457,-0.5296,0.423,139.7,-0.3095,2362
crypto,IOTAUSDT,15m,gate,"ema|fast50,slow200|g:vol|reversal|ls",ema,ls,reversal,vol,-0.372,-0.626,-0.526,0.397,137.6,-0.3792,2362
crypto,IOTAUSDT,15m,headline,blend|long_only,blend,long_only,-,-,-1.221,-2.451,-0.3299,0.282,74.1,-0.3258,2362
crypto,IOTAUSDT,15m,headline,blend|asym,blend,asym,-,-,-1.276,-2.752,-0.3648,0.321,97.7,-0.3541,2362
crypto,IOTAUSDT,5m,entry,"ema|fast20,slow100|reversal|ls",ema,ls,reversal,-,-5.504,-8.389,-0.9984,0.115,779.9,-0.9984,2362
crypto,IOTAUSDT,5m,entry,"ema|fast50,slow200|reversal|ls",ema,ls,reversal,-,-2.625,-4.154,-0.9507,0.244,434.5,-0.9487,2362
crypto,IOTAUSDT,5m,entry,"ema|fast100,slow300|reversal|ls",ema,ls,reversal,-,-1.473,-2.416,-0.8193,0.282,319.7,-0.807,2362
crypto,IOTAUSDT,5m,entry,"sma|fast50,slow200|reversal|ls",sma,ls,reversal,-,-2.613,-4.186,-0.9464,0.192,438.8,-0.9456,2362
crypto,IOTAUSDT,5m,entry,tsmom|lookback30|reversal|ls,tsmom,ls,reversal,-,-18.434,-21.836,-1.0,0.0,3445.6,-1.0,2362
crypto,IOTAUSDT,5m,entry,tsmom|lookback90|reversal|ls,tsmom,ls,reversal,-,-12.318,-15.741,-1.0,0.0,2138.5,-1.0,2362
crypto,IOTAUSDT,5m,entry,"macd|fast12,slow26|reversal|ls",macd,ls,reversal,-,-20.345,-23.615,-1.0,0.0,3581.1,-1.0,2362
crypto,IOTAUSDT,5m,entry,donchian|lookback55|reversal|ls,donchian,ls,reversal,-,-4.259,-6.701,-0.9913,0.103,547.3,-0.9911,2362
crypto,IOTAUSDT,5m,entry,blend|ls,blend,ls,-,-,-4.595,-9.954,-0.9008,0.103,472.8,-0.8998,2362
crypto,IOTAUSDT,5m,entry,strength|ls,strength,ls,-,-,-12.151,-19.49,-0.9999,0.013,1638.6,-0.9999,2362
crypto,IOTAUSDT,5m,direction,"ema|fast50,slow200|reversal|long_only",ema,long_only,reversal,-,-2.218,-4.336,-0.8046,0.256,218.5,-0.8046,2362
crypto,IOTAUSDT,5m,direction,"ema|fast50,slow200|reversal|short_only",ema,short_only,reversal,-,-1.167,-2.448,-0.6424,0.321,216.0,-0.6057,2362
crypto,IOTAUSDT,5m,direction,"ema|fast50,slow200|reversal|asym",ema,asym,reversal,-,-2.51,-4.275,-0.8628,0.205,283.3,-0.8623,2362
crypto,IOTAUSDT,5m,exit,"ema|fast50,slow200|atr_trailing|ls",ema,ls,atr_trailing,-,-8.082,-11.728,-0.9999,0.051,1347.1,-0.9999,2362
crypto,IOTAUSDT,5m,exit,"ema|fast50,slow200|channel|ls",ema,ls,channel,-,-8.959,-12.912,-1.0,0.026,1540.9,-1.0,2362
crypto,IOTAUSDT,5m,gate,"ema|fast50,slow200|g:adx|reversal|ls",ema,ls,reversal,adx,-2.175,-3.511,-0.915,0.218,380.7,-0.9116,2362
crypto,IOTAUSDT,5m,gate,"ema|fast50,slow200|g:ltf|reversal|ls",ema,ls,reversal,ltf,-2.625,-4.154,-0.9507,0.244,434.5,-0.9487,2362
crypto,IOTAUSDT,5m,gate,"ema|fast50,slow200|g:vol|reversal|ls",ema,ls,reversal,vol,-2.44,-3.842,-0.9387,0.244,424.8,-0.9363,2362
crypto,IOTAUSDT,5m,headline,blend|long_only,blend,long_only,-,-,-4.286,-9.265,-0.7379,0.141,237.7,-0.7379,2362
crypto,IOTAUSDT,5m,headline,blend|asym,blend,asym,-,-,-4.732,-9.884,-0.7986,0.141,308.2,-0.7986,2362
crypto,RUNEUSDT,1d,entry,"ema|fast20,slow100|reversal|ls",ema,ls,reversal,-,0.357,0.532,-0.2982,0.521,1.5,0.2876,2157
crypto,RUNEUSDT,1d,entry,"ema|fast50,slow200|reversal|ls",ema,ls,reversal,-,0.301,0.453,-0.3705,0.563,0.8,0.2241,2157
crypto,RUNEUSDT,1d,entry,"ema|fast100,slow300|reversal|ls",ema,ls,reversal,-,-0.02,-0.029,-0.4762,0.549,0.7,-0.0825,2157
crypto,RUNEUSDT,1d,entry,"sma|fast50,slow200|reversal|ls",sma,ls,reversal,-,0.049,0.071,-0.392,0.507,1.0,-0.0217,2157
crypto,RUNEUSDT,1d,entry,tsmom|lookback30|reversal|ls,tsmom,ls,reversal,-,0.638,0.919,-0.2166,0.577,6.9,0.6581,2157
crypto,RUNEUSDT,1d,entry,tsmom|lookback90|reversal|ls,tsmom,ls,reversal,-,0.451,0.651,-0.2991,0.479,4.3,0.4011,2157
crypto,RUNEUSDT,1d,entry,"macd|fast12,slow26|reversal|ls",macd,ls,reversal,-,0.393,0.526,-0.2941,0.577,6.7,0.3301,2157
crypto,RUNEUSDT,1d,entry,donchian|lookback55|reversal|ls,donchian,ls,reversal,-,0.212,0.316,-0.2769,0.479,1.3,0.1305,2157
crypto,RUNEUSDT,1d,entry,blend|ls,blend,ls,-,-,0.379,0.49,-0.1383,0.451,1.2,0.1852,2157
crypto,RUNEUSDT,1d,entry,strength|ls,strength,ls,-,-,0.463,0.608,-0.1916,0.451,3.1,0.2941,2157
crypto,RUNEUSDT,1d,direction,"ema|fast50,slow200|reversal|long_only",ema,long_only,reversal,-,0.53,0.546,-0.2059,0.211,0.3,0.3181,2157
crypto,RUNEUSDT,1d,direction,"ema|fast50,slow200|reversal|short_only",ema,short_only,reversal,-,-0.048,-0.053,-0.2795,0.38,0.5,-0.0712,2157
crypto,RUNEUSDT,1d,direction,"ema|fast50,slow200|reversal|asym",ema,asym,reversal,-,0.482,0.685,-0.2563,0.577,0.4,0.3003,2157
crypto,RUNEUSDT,1d,exit,"ema|fast50,slow200|atr_trailing|ls",ema,ls,atr_trailing,-,0.575,0.855,-0.2356,0.535,2.7,0.5559,2157
crypto,RUNEUSDT,1d,exit,"ema|fast50,slow200|channel|ls",ema,ls,channel,-,0.309,0.454,-0.261,0.549,4.3,0.2302,2157
crypto,RUNEUSDT,1d,gate,"ema|fast50,slow200|g:adx|reversal|ls",ema,ls,reversal,adx,0.414,0.625,-0.302,0.577,0.7,0.3554,2157
crypto,RUNEUSDT,1d,gate,"ema|fast50,slow200|g:ltf|reversal|ls",ema,ls,reversal,ltf,0.301,0.453,-0.3705,0.563,0.8,0.2241,2157
crypto,RUNEUSDT,1d,gate,"ema|fast50,slow200|g:vol|reversal|ls",ema,ls,reversal,vol,0.342,0.46,-0.2061,0.451,0.6,0.2405,2157
crypto,RUNEUSDT,1d,headline,blend|long_only,blend,long_only,-,-,0.766,0.715,-0.0637,0.211,0.3,0.2255,2157
crypto,RUNEUSDT,1d,headline,blend|asym,blend,asym,-,-,0.677,0.941,-0.082,0.451,0.6,0.2172,2157
crypto,RUNEUSDT,4h,entry,"ema|fast20,slow100|reversal|ls",ema,ls,reversal,-,0.771,1.22,-0.1381,0.606,11.6,0.951,2157
crypto,RUNEUSDT,4h,entry,"ema|fast50,slow200|reversal|ls",ema,ls,reversal,-,0.667,1.054,-0.1766,0.606,6.5,0.7638,2157
crypto,RUNEUSDT,4h,entry,"ema|fast100,slow300|reversal|ls",ema,ls,reversal,-,0.611,0.935,-0.1803,0.606,4.6,0.6702,2157
crypto,RUNEUSDT,4h,entry,"sma|fast50,slow200|reversal|ls",sma,ls,reversal,-,0.594,0.926,-0.223,0.563,6.7,0.6428,2157
crypto,RUNEUSDT,4h,entry,tsmom|lookback30|reversal|ls,tsmom,ls,reversal,-,-0.047,-0.077,-0.3717,0.451,52.3,-0.119,2157
crypto,RUNEUSDT,4h,entry,tsmom|lookback90|reversal|ls,tsmom,ls,reversal,-,0.593,0.937,-0.2253,0.535,35.7,0.638,2157
crypto,RUNEUSDT,4h,entry,"macd|fast12,slow26|reversal|ls",macd,ls,reversal,-,-0.037,-0.06,-0.265,0.437,55.4,-0.1054,2157
crypto,RUNEUSDT,4h,entry,donchian|lookback55|reversal|ls,donchian,ls,reversal,-,0.947,1.502,-0.1776,0.634,8.5,1.2774,2157
crypto,RUNEUSDT,4h,entry,blend|ls,blend,ls,-,-,0.676,1.022,-0.0893,0.549,8.1,0.3789,2157
crypto,RUNEUSDT,4h,entry,strength|ls,strength,ls,-,-,0.71,1.15,-0.1283,0.535,24.5,0.5085,2157
crypto,RUNEUSDT,4h,direction,"ema|fast50,slow200|reversal|long_only",ema,long_only,reversal,-,0.812,0.856,-0.1427,0.324,2.9,0.6161,2157
crypto,RUNEUSDT,4h,direction,"ema|fast50,slow200|reversal|short_only",ema,short_only,reversal,-,0.184,0.221,-0.2053,0.408,3.6,0.0942,2157
crypto,RUNEUSDT,4h,direction,"ema|fast50,slow200|reversal|asym",ema,asym,reversal,-,0.826,1.159,-0.1249,0.62,4.0,0.6742,2157
crypto,RUNEUSDT,4h,exit,"ema|fast50,slow200|atr_trailing|ls",ema,ls,atr_trailing,-,0.545,0.856,-0.2,0.592,20.6,0.5705,2157
crypto,RUNEUSDT,4h,exit,"ema|fast50,slow200|channel|ls",ema,ls,channel,-,0.18,0.29,-0.2345,0.549,29.6,0.1003,2157
crypto,RUNEUSDT,4h,gate,"ema|fast50,slow200|g:adx|reversal|ls",ema,ls,reversal,adx,0.733,1.164,-0.2098,0.606,6.4,0.8832,2157
crypto,RUNEUSDT,4h,gate,"ema|fast50,slow200|g:ltf|reversal|ls",ema,ls,reversal,ltf,0.667,1.054,-0.1766,0.606,6.5,0.7638,2157
crypto,RUNEUSDT,4h,gate,"ema|fast50,slow200|g:vol|reversal|ls",ema,ls,reversal,vol,0.727,1.135,-0.1766,0.592,6.3,0.8522,2157
crypto,RUNEUSDT,4h,headline,blend|long_only,blend,long_only,-,-,0.958,1.071,-0.0787,0.282,3.2,0.3345,2157
crypto,RUNEUSDT,4h,headline,blend|asym,blend,asym,-,-,0.935,1.42,-0.0573,0.493,4.7,0.3516,2157
crypto,RUNEUSDT,1h,entry,"ema|fast20,slow100|reversal|ls",ema,ls,reversal,-,0.756,1.271,-0.2419,0.549,50.1,0.9396,2157
crypto,RUNEUSDT,1h,entry,"ema|fast50,slow200|reversal|ls",ema,ls,reversal,-,0.477,0.782,-0.185,0.606,29.0,0.4716,2157
crypto,RUNEUSDT,1h,entry,"ema|fast100,slow300|reversal|ls",ema,ls,reversal,-,0.719,1.214,-0.1845,0.592,22.0,0.8719,2157
crypto,RUNEUSDT,1h,entry,"sma|fast50,slow200|reversal|ls",sma,ls,reversal,-,-0.058,-0.092,-0.3403,0.479,31.0,-0.1336,2157
crypto,RUNEUSDT,1h,entry,tsmom|lookback30|reversal|ls,tsmom,ls,reversal,-,-1.113,-1.85,-0.7313,0.31,234.8,-0.7033,2157
crypto,RUNEUSDT,1h,entry,tsmom|lookback90|reversal|ls,tsmom,ls,reversal,-,0.056,0.091,-0.3715,0.493,135.2,-0.0284,2157
crypto,RUNEUSDT,1h,entry,"macd|fast12,slow26|reversal|ls",macd,ls,reversal,-,-1.021,-1.552,-0.6673,0.38,240.3,-0.6673,2157
crypto,RUNEUSDT,1h,entry,donchian|lookback55|reversal|ls,donchian,ls,reversal,-,0.496,0.819,-0.3618,0.563,38.9,0.5012,2157
crypto,RUNEUSDT,1h,entry,blend|ls,blend,ls,-,-,0.65,1.384,-0.1093,0.493,34.2,0.3598,2157
crypto,RUNEUSDT,1h,entry,strength|ls,strength,ls,-,-,0.431,0.857,-0.185,0.479,104.6,0.2799,2157
crypto,RUNEUSDT,1h,direction,"ema|fast50,slow200|reversal|long_only",ema,long_only,reversal,-,0.573,0.685,-0.179,0.408,13.9,0.4026,2157
crypto,RUNEUSDT,1h,direction,"ema|fast50,slow200|reversal|short_only",ema,short_only,reversal,-,0.144,0.182,-0.2367,0.521,15.2,0.0623,2157
crypto,RUNEUSDT,1h,direction,"ema|fast50,slow200|reversal|asym",ema,asym,reversal,-,0.587,0.858,-0.1593,0.507,18.4,0.4373,2157
crypto,RUNEUSDT,1h,exit,"ema|fast50,slow200|atr_trailing|ls",ema,ls,atr_trailing,-,0.072,0.119,-0.2819,0.535,87.6,-0.0118,2157
crypto,RUNEUSDT,1h,exit,"ema|fast50,slow200|channel|ls",ema,ls,channel,-,-0.162,-0.28,-0.2766,0.507,114.0,-0.2167,2157
crypto,RUNEUSDT,1h,gate,"ema|fast50,slow200|g:adx|reversal|ls",ema,ls,reversal,adx,0.466,0.769,-0.1864,0.577,27.7,0.4548,2157
crypto,RUNEUSDT,1h,gate,"ema|fast50,slow200|g:ltf|reversal|ls",ema,ls,reversal,ltf,0.477,0.782,-0.185,0.606,29.0,0.4716,2157
crypto,RUNEUSDT,1h,gate,"ema|fast50,slow200|g:vol|reversal|ls",ema,ls,reversal,vol,0.104,0.166,-0.2844,0.493,28.8,0.021,2157
crypto,RUNEUSDT,1h,headline,blend|long_only,blend,long_only,-,-,0.9,1.433,-0.0994,0.38,15.2,0.33,2157
crypto,RUNEUSDT,1h,headline,blend|asym,blend,asym,-,-,0.882,1.758,-0.0904,0.408,20.9,0.3436,2157
crypto,RUNEUSDT,15m,entry,"ema|fast20,slow100|reversal|ls",ema,ls,reversal,-,-0.136,-0.227,-0.5323,0.521,221.7,-0.207,2157
crypto,RUNEUSDT,15m,entry,"ema|fast50,slow200|reversal|ls",ema,ls,reversal,-,0.822,1.404,-0.2071,0.62,121.5,1.0995,2157
crypto,RUNEUSDT,15m,entry,"ema|fast100,slow300|reversal|ls",ema,ls,reversal,-,0.731,1.273,-0.2906,0.577,91.5,0.9191,2157
crypto,RUNEUSDT,15m,entry,"sma|fast50,slow200|reversal|ls",sma,ls,reversal,-,-0.066,-0.11,-0.3656,0.479,130.9,-0.1409,2157
crypto,RUNEUSDT,15m,entry,tsmom|lookback30|reversal|ls,tsmom,ls,reversal,-,-4.632,-7.309,-0.9939,0.127,1049.5,-0.9938,2157
crypto,RUNEUSDT,15m,entry,tsmom|lookback90|reversal|ls,tsmom,ls,reversal,-,-1.631,-2.642,-0.8776,0.366,587.7,-0.8334,2157
crypto,RUNEUSDT,15m,entry,"macd|fast12,slow26|reversal|ls",macd,ls,reversal,-,-4.44,-7.226,-0.992,0.113,1031.2,-0.9917,2157
crypto,RUNEUSDT,15m,entry,donchian|lookback55|reversal|ls,donchian,ls,reversal,-,0.242,0.386,-0.3587,0.535,161.1,0.1732,2157
crypto,RUNEUSDT,15m,entry,blend|ls,blend,ls,-,-,0.587,1.672,-0.144,0.549,139.6,0.3233,2157
crypto,RUNEUSDT,15m,entry,strength|ls,strength,ls,-,-,-1.201,-2.8,-0.6054,0.394,456.9,-0.5603,2157
crypto,RUNEUSDT,15m,direction,"ema|fast50,slow200|reversal|long_only",ema,long_only,reversal,-,0.631,1.04,-0.194,0.577,59.3,0.4819,2157
crypto,RUNEUSDT,15m,direction,"ema|fast50,slow200|reversal|short_only",ema,short_only,reversal,-,0.605,1.067,-0.1662,0.535,62.1,0.4971,2157
crypto,RUNEUSDT,15m,direction,"ema|fast50,slow200|reversal|asym",ema,asym,reversal,-,0.775,1.262,-0.1734,0.606,78.0,0.6705,2157
crypto,RUNEUSDT,15m,exit,"ema|fast50,slow200|atr_trailing|ls",ema,ls,atr_trailing,-,-1.024,-1.667,-0.6856,0.338,369.2,-0.6854,2157
crypto,RUNEUSDT,15m,exit,"ema|fast50,slow200|channel|ls",ema,ls,channel,-,-1.364,-2.216,-0.7826,0.296,455.3,-0.7818,2157
crypto,RUNEUSDT,15m,gate,"ema|fast50,slow200|g:adx|reversal|ls",ema,ls,reversal,adx,0.752,1.296,-0.2526,0.606,108.8,0.9523,2157
crypto,RUNEUSDT,15m,gate,"ema|fast50,slow200|g:ltf|reversal|ls",ema,ls,reversal,ltf,0.822,1.404,-0.2071,0.62,121.5,1.0995,2157
crypto,RUNEUSDT,15m,gate,"ema|fast50,slow200|g:vol|reversal|ls",ema,ls,reversal,vol,0.754,1.286,-0.2038,0.62,120.2,0.9613,2157
crypto,RUNEUSDT,15m,headline,blend|long_only,blend,long_only,-,-,0.678,1.619,-0.1225,0.493,66.2,0.2447,2157
crypto,RUNEUSDT,15m,headline,blend|asym,blend,asym,-,-,0.715,1.843,-0.1239,0.563,88.2,0.2761,2157
crypto,RUNEUSDT,5m,entry,"ema|fast20,slow100|reversal|ls",ema,ls,reversal,-,-2.092,-3.488,-0.9073,0.366,709.9,-0.8972,2157
crypto,RUNEUSDT,5m,entry,"ema|fast50,slow200|reversal|ls",ema,ls,reversal,-,-0.497,-0.815,-0.6136,0.521,389.4,-0.4457,2157
crypto,RUNEUSDT,5m,entry,"ema|fast100,slow300|reversal|ls",ema,ls,reversal,-,-0.501,-0.837,-0.5796,0.451,291.0,-0.4552,2157
crypto,RUNEUSDT,5m,entry,"sma|fast50,slow200|reversal|ls",sma,ls,reversal,-,-0.638,-1.016,-0.5623,0.437,396.8,-0.5133,2157
crypto,RUNEUSDT,5m,entry,tsmom|lookback30|reversal|ls,tsmom,ls,reversal,-,-12.427,-15.265,-1.0,0.0,3218.5,-1.0,2157
crypto,RUNEUSDT,5m,entry,tsmom|lookback90|reversal|ls,tsmom,ls,reversal,-,-7.823,-10.717,-1.0,0.056,1920.5,-1.0,2157
crypto,RUNEUSDT,5m,entry,"macd|fast12,slow26|reversal|ls",macd,ls,reversal,-,-13.514,-16.523,-1.0,0.014,3260.1,-1.0,2157
crypto,RUNEUSDT,5m,entry,donchian|lookback55|reversal|ls,donchian,ls,reversal,-,-1.175,-1.948,-0.7491,0.408,498.7,-0.7219,2157
crypto,RUNEUSDT,5m,entry,blend|ls,blend,ls,-,-,-0.772,-1.912,-0.4306,0.451,430.4,-0.3359,2157
crypto,RUNEUSDT,5m,entry,strength|ls,strength,ls,-,-,-6.952,-12.747,-0.9927,0.113,1480.0,-0.9926,2157
crypto,RUNEUSDT,5m,direction,"ema|fast50,slow200|reversal|long_only",ema,long_only,reversal,-,-0.307,-0.655,-0.4377,0.408,192.0,-0.2271,2157
crypto,RUNEUSDT,5m,direction,"ema|fast50,slow200|reversal|short_only",ema,short_only,reversal,-,-0.127,-0.266,-0.309,0.493,197.5,-0.1262,2157
crypto,RUNEUSDT,5m,direction,"ema|fast50,slow200|reversal|asym",ema,asym,reversal,-,-0.384,-0.696,-0.4779,0.479,251.2,-0.2797,2157
crypto,RUNEUSDT,5m,exit,"ema|fast50,slow200|atr_trailing|ls",ema,ls,atr_trailing,-,-4.961,-7.542,-0.9954,0.155,1191.0,-0.9954,2157
crypto,RUNEUSDT,5m,exit,"ema|fast50,slow200|channel|ls",ema,ls,channel,-,-5.822,-8.842,-0.9983,0.056,1411.9,-0.9983,2157
crypto,RUNEUSDT,5m,gate,"ema|fast50,slow200|g:adx|reversal|ls",ema,ls,reversal,adx,-0.258,-0.424,-0.523,0.507,341.8,-0.2896,2157
crypto,RUNEUSDT,5m,gate,"ema|fast50,slow200|g:ltf|reversal|ls",ema,ls,reversal,ltf,-0.497,-0.815,-0.6136,0.521,389.4,-0.4457,2157
crypto,RUNEUSDT,5m,gate,"ema|fast50,slow200|g:vol|reversal|ls",ema,ls,reversal,vol,-0.558,-0.912,-0.6033,0.465,381.1,-0.4813,2157
crypto,RUNEUSDT,5m,headline,blend|long_only,blend,long_only,-,-,-0.283,-0.78,-0.27,0.408,206.6,-0.102,2157
crypto,RUNEUSDT,5m,headline,blend|asym,blend,asym,-,-,-0.477,-1.22,-0.3033,0.451,273.8,-0.1679,2157
crypto,MKRUSDT,1d,entry,"ema|fast20,slow100|reversal|ls",ema,ls,reversal,-,0.37,0.525,-0.2307,0.403,2.1,0.2986,2179
crypto,MKRUSDT,1d,entry,"ema|fast50,slow200|reversal|ls",ema,ls,reversal,-,-0.003,-0.003,-0.2517,0.472,1.4,-0.0658,2179
crypto,MKRUSDT,1d,entry,"ema|fast100,slow300|reversal|ls",ema,ls,reversal,-,-0.296,-0.333,-0.3127,0.431,1.3,-0.2789,2179
crypto,MKRUSDT,1d,entry,"sma|fast50,slow200|reversal|ls",sma,ls,reversal,-,0.159,0.189,-0.2241,0.417,3.5,0.0771,2179
crypto,MKRUSDT,1d,entry,tsmom|lookback30|reversal|ls,tsmom,ls,reversal,-,0.196,0.259,-0.2136,0.417,7.3,0.1137,2179
crypto,MKRUSDT,1d,entry,tsmom|lookback90|reversal|ls,tsmom,ls,reversal,-,0.259,0.363,-0.2329,0.431,6.3,0.1779,2179
crypto,MKRUSDT,1d,entry,"macd|fast12,slow26|reversal|ls",macd,ls,reversal,-,0.341,0.424,-0.2616,0.417,8.2,0.2653,2179
crypto,MKRUSDT,1d,entry,donchian|lookback55|reversal|ls,donchian,ls,reversal,-,0.436,0.591,-0.2403,0.431,1.5,0.3738,2179
crypto,MKRUSDT,1d,entry,blend|ls,blend,ls,-,-,0.056,0.062,-0.1278,0.319,1.2,0.0087,2179
crypto,MKRUSDT,1d,entry,strength|ls,strength,ls,-,-,0.172,0.227,-0.2025,0.333,4.4,0.0737,2179
crypto,MKRUSDT,1d,direction,"ema|fast50,slow200|reversal|long_only",ema,long_only,reversal,-,0.491,0.547,-0.1167,0.292,0.4,0.2816,2179
crypto,MKRUSDT,1d,direction,"ema|fast50,slow200|reversal|short_only",ema,short_only,reversal,-,-0.404,-0.289,-0.2919,0.236,1.0,-0.2708,2179
crypto,MKRUSDT,1d,direction,"ema|fast50,slow200|reversal|asym",ema,asym,reversal,-,0.322,0.436,-0.1253,0.5,0.7,0.1755,2179
crypto,MKRUSDT,1d,exit,"ema|fast50,slow200|atr_trailing|ls",ema,ls,atr_trailing,-,-0.19,-0.214,-0.2598,0.458,3.3,-0.2055,2179
crypto,MKRUSDT,1d,exit,"ema|fast50,slow200|channel|ls",ema,ls,channel,-,-0.262,-0.291,-0.283,0.431,3.9,-0.2529,2179
crypto,MKRUSDT,1d,gate,"ema|fast50,slow200|g:adx|reversal|ls",ema,ls,reversal,adx,-0.002,-0.003,-0.2517,0.472,1.3,-0.0655,2179
crypto,MKRUSDT,1d,gate,"ema|fast50,slow200|g:ltf|reversal|ls",ema,ls,reversal,ltf,-0.003,-0.003,-0.2517,0.472,1.4,-0.0658,2179
crypto,MKRUSDT,1d,gate,"ema|fast50,slow200|g:vol|reversal|ls",ema,ls,reversal,vol,0.271,0.269,-0.1792,0.333,1.1,0.1648,2179
crypto,MKRUSDT,1d,headline,blend|long_only,blend,long_only,-,-,0.545,0.572,-0.0659,0.208,0.4,0.1539,2179
crypto,MKRUSDT,1d,headline,blend|asym,blend,asym,-,-,0.385,0.518,-0.0829,0.319,0.7,0.1102,2179
crypto,MKRUSDT,4h,entry,"ema|fast20,slow100|reversal|ls",ema,ls,reversal,-,0.203,0.29,-0.1831,0.417,12.9,0.1212,2179
crypto,MKRUSDT,4h,entry,"ema|fast50,slow200|reversal|ls",ema,ls,reversal,-,0.203,0.274,-0.2136,0.431,7.3,0.1215,2179
crypto,MKRUSDT,4h,entry,"ema|fast100,slow300|reversal|ls",ema,ls,reversal,-,0.079,0.108,-0.2963,0.403,5.9,0.0042,2179
crypto,MKRUSDT,4h,entry,"sma|fast50,slow200|reversal|ls",sma,ls,reversal,-,0.076,0.103,-0.2148,0.403,8.7,0.0022,2179
crypto,MKRUSDT,4h,entry,tsmom|lookback30|reversal|ls,tsmom,ls,reversal,-,0.16,0.233,-0.2308,0.431,57.0,0.0791,2179
crypto,MKRUSDT,4h,entry,tsmom|lookback90|reversal|ls,tsmom,ls,reversal,-,0.443,0.615,-0.2486,0.486,34.5,0.3899,2179
crypto,MKRUSDT,4h,entry,"macd|fast12,slow26|reversal|ls",macd,ls,reversal,-,-0.332,-0.481,-0.4518,0.333,54.5,-0.2961,2179
crypto,MKRUSDT,4h,entry,donchian|lookback55|reversal|ls,donchian,ls,reversal,-,0.558,0.79,-0.1923,0.458,8.7,0.5457,2179
crypto,MKRUSDT,4h,entry,blend|ls,blend,ls,-,-,0.229,0.296,-0.0784,0.403,7.8,0.09,2179
crypto,MKRUSDT,4h,entry,strength|ls,strength,ls,-,-,0.359,0.516,-0.128,0.431,25.2,0.1999,2179
crypto,MKRUSDT,4h,direction,"ema|fast50,slow200|reversal|long_only",ema,long_only,reversal,-,0.447,0.497,-0.1383,0.306,3.2,0.2714,2179
crypto,MKRUSDT,4h,direction,"ema|fast50,slow200|reversal|short_only",ema,short_only,reversal,-,-0.136,-0.123,-0.2078,0.292,4.1,-0.1158,2179
crypto,MKRUSDT,4h,direction,"ema|fast50,slow200|reversal|asym",ema,asym,reversal,-,0.383,0.526,-0.1323,0.431,4.4,0.2337,2179
crypto,MKRUSDT,4h,exit,"ema|fast50,slow200|atr_trailing|ls",ema,ls,atr_trailing,-,0.008,0.011,-0.2547,0.431,20.5,-0.0571,2179
crypto,MKRUSDT,4h,exit,"ema|fast50,slow200|channel|ls",ema,ls,channel,-,0.106,0.149,-0.2377,0.431,26.1,0.0293,2179
crypto,MKRUSDT,4h,gate,"ema|fast50,slow200|g:adx|reversal|ls",ema,ls,reversal,adx,0.029,0.039,-0.239,0.431,7.1,-0.039,2179
crypto,MKRUSDT,4h,gate,"ema|fast50,slow200|g:ltf|reversal|ls",ema,ls,reversal,ltf,0.203,0.274,-0.2136,0.431,7.3,0.1215,2179
crypto,MKRUSDT,4h,gate,"ema|fast50,slow200|g:vol|reversal|ls",ema,ls,reversal,vol,0.138,0.18,-0.2136,0.375,7.0,0.0583,2179
crypto,MKRUSDT,4h,headline,blend|long_only,blend,long_only,-,-,0.451,0.508,-0.0557,0.25,3.3,0.131,2179
crypto,MKRUSDT,4h,headline,blend|asym,blend,asym,-,-,0.398,0.573,-0.0554,0.389,4.7,0.1211,2179
crypto,MKRUSDT,1h,entry,"ema|fast20,slow100|reversal|ls",ema,ls,reversal,-,0.209,0.312,-0.2675,0.417,49.2,0.127,2179
crypto,MKRUSDT,1h,entry,"ema|fast50,slow200|reversal|ls",ema,ls,reversal,-,0.573,0.887,-0.2085,0.458,28.8,0.547,2179
crypto,MKRUSDT,1h,entry,"ema|fast100,slow300|reversal|ls",ema,ls,reversal,-,0.278,0.419,-0.2119,0.486,22.7,0.1968,2179
crypto,MKRUSDT,1h,entry,"sma|fast50,slow200|reversal|ls",sma,ls,reversal,-,0.408,0.591,-0.2391,0.486,29.7,0.3461,2179
crypto,MKRUSDT,1h,entry,tsmom|lookback30|reversal|ls,tsmom,ls,reversal,-,-1.402,-2.175,-0.7638,0.264,250.8,-0.7337,2179
crypto,MKRUSDT,1h,entry,tsmom|lookback90|reversal|ls,tsmom,ls,reversal,-,-0.548,-0.79,-0.4837,0.375,151.8,-0.4301,2179
crypto,MKRUSDT,1h,entry,"macd|fast12,slow26|reversal|ls",macd,ls,reversal,-,-1.453,-2.015,-0.7727,0.236,234.5,-0.763,2179
crypto,MKRUSDT,1h,entry,donchian|lookback55|reversal|ls,donchian,ls,reversal,-,0.119,0.18,-0.2266,0.389,36.8,0.0401,2179
crypto,MKRUSDT,1h,entry,blend|ls,blend,ls,-,-,0.087,0.161,-0.1194,0.431,32.8,0.0225,2179
crypto,MKRUSDT,1h,entry,strength|ls,strength,ls,-,-,-0.441,-0.803,-0.2777,0.361,109.6,-0.2408,2179
crypto,MKRUSDT,1h,direction,"ema|fast50,slow200|reversal|long_only",ema,long_only,reversal,-,0.585,0.709,-0.165,0.375,13.5,0.3873,2179
crypto,MKRUSDT,1h,direction,"ema|fast50,slow200|reversal|short_only",ema,short_only,reversal,-,0.24,0.271,-0.1838,0.403,15.3,0.1252,2179
crypto,MKRUSDT,1h,direction,"ema|fast50,slow200|reversal|asym",ema,asym,reversal,-,0.631,0.907,-0.1467,0.417,18.1,0.4455,2179
crypto,MKRUSDT,1h,exit,"ema|fast50,slow200|atr_trailing|ls",ema,ls,atr_trailing,-,0.277,0.424,-0.2124,0.472,81.6,0.1954,2179
crypto,MKRUSDT,1h,exit,"ema|fast50,slow200|channel|ls",ema,ls,channel,-,-0.255,-0.378,-0.3017,0.389,106.4,-0.2517,2179
crypto,MKRUSDT,1h,gate,"ema|fast50,slow200|g:adx|reversal|ls",ema,ls,reversal,adx,0.642,0.981,-0.2164,0.514,26.0,0.6479,2179
crypto,MKRUSDT,1h,gate,"ema|fast50,slow200|g:ltf|reversal|ls",ema,ls,reversal,ltf,0.573,0.887,-0.2085,0.458,28.8,0.547,2179
crypto,MKRUSDT,1h,gate,"ema|fast50,slow200|g:vol|reversal|ls",ema,ls,reversal,vol,0.597,0.929,-0.1924,0.486,28.4,0.5739,2179
crypto,MKRUSDT,1h,headline,blend|long_only,blend,long_only,-,-,0.268,0.411,-0.1006,0.319,14.8,0.0779,2179
crypto,MKRUSDT,1h,headline,blend|asym,blend,asym,-,-,0.219,0.407,-0.0959,0.403,20.2,0.0639,2179
crypto,MKRUSDT,15m,entry,"ema|fast20,slow100|reversal|ls",ema,ls,reversal,-,-0.896,-1.375,-0.6666,0.319,216.3,-0.584,2179
crypto,MKRUSDT,15m,entry,"ema|fast50,slow200|reversal|ls",ema,ls,reversal,-,0.133,0.21,-0.2289,0.472,120.1,0.0541,2179
crypto,MKRUSDT,15m,entry,"ema|fast100,slow300|reversal|ls",ema,ls,reversal,-,0.099,0.152,-0.2642,0.486,89.9,0.0224,2179
crypto,MKRUSDT,15m,entry,"sma|fast50,slow200|reversal|ls",sma,ls,reversal,-,-0.367,-0.563,-0.4116,0.375,124.7,-0.3235,2179
crypto,MKRUSDT,15m,entry,tsmom|lookback30|reversal|ls,tsmom,ls,reversal,-,-5.775,-8.25,-0.997,0.111,1074.4,-0.997,2179
crypto,MKRUSDT,15m,entry,tsmom|lookback90|reversal|ls,tsmom,ls,reversal,-,-2.838,-4.016,-0.9401,0.167,627.8,-0.9388,2179
crypto,MKRUSDT,15m,entry,"macd|fast12,slow26|reversal|ls",macd,ls,reversal,-,-5.421,-7.77,-0.9951,0.069,1009.7,-0.9951,2179
crypto,MKRUSDT,15m,entry,donchian|lookback55|reversal|ls,donchian,ls,reversal,-,-0.262,-0.394,-0.5005,0.417,153.6,-0.2608,2179
crypto,MKRUSDT,15m,entry,blend|ls,blend,ls,-,-,-0.591,-1.439,-0.3158,0.333,133.5,-0.2358,2179
crypto,MKRUSDT,15m,entry,strength|ls,strength,ls,-,-,-2.403,-4.92,-0.7487,0.208,450.6,-0.747,2179
crypto,MKRUSDT,15m,direction,"ema|fast50,slow200|reversal|long_only",ema,long_only,reversal,-,0.071,0.111,-0.2424,0.389,58.6,0.0114,2179
crypto,MKRUSDT,15m,direction,"ema|fast50,slow200|reversal|short_only",ema,short_only,reversal,-,0.188,0.291,-0.2218,0.389,61.5,0.0876,2179
crypto,MKRUSDT,15m,direction,"ema|fast50,slow200|reversal|asym",ema,asym,reversal,-,0.109,0.168,-0.2131,0.431,77.1,0.0365,2179
crypto,MKRUSDT,15m,exit,"ema|fast50,slow200|atr_trailing|ls",ema,ls,atr_trailing,-,-1.33,-2.042,-0.7323,0.333,355.3,-0.717,2179
crypto,MKRUSDT,15m,exit,"ema|fast50,slow200|channel|ls",ema,ls,channel,-,-1.941,-3.059,-0.8455,0.292,468.1,-0.837,2179
crypto,MKRUSDT,15m,gate,"ema|fast50,slow200|g:adx|reversal|ls",ema,ls,reversal,adx,0.044,0.071,-0.261,0.458,107.6,-0.0251,2179
crypto,MKRUSDT,15m,gate,"ema|fast50,slow200|g:ltf|reversal|ls",ema,ls,reversal,ltf,0.133,0.21,-0.2289,0.472,120.1,0.0541,2179
crypto,MKRUSDT,15m,gate,"ema|fast50,slow200|g:vol|reversal|ls",ema,ls,reversal,vol,0.189,0.297,-0.1828,0.486,118.2,0.1066,2179
crypto,MKRUSDT,15m,headline,blend|long_only,blend,long_only,-,-,-0.153,-0.346,-0.1776,0.306,63.3,-0.0551,2179
crypto,MKRUSDT,15m,headline,blend|asym,blend,asym,-,-,-0.325,-0.777,-0.1836,0.319,84.3,-0.1091,2179
crypto,MKRUSDT,5m,entry,"ema|fast20,slow100|reversal|ls",ema,ls,reversal,-,-2.954,-4.272,-0.9465,0.167,671.8,-0.9463,2179
crypto,MKRUSDT,5m,entry,"ema|fast50,slow200|reversal|ls",ema,ls,reversal,-,-1.511,-2.329,-0.8095,0.278,378.4,-0.7704,2179
crypto,MKRUSDT,5m,entry,"ema|fast100,slow300|reversal|ls",ema,ls,reversal,-,-0.764,-1.192,-0.5968,0.306,278.9,-0.5275,2179
crypto,MKRUSDT,5m,entry,"sma|fast50,slow200|reversal|ls",sma,ls,reversal,-,-1.647,-2.523,-0.8019,0.208,378.4,-0.7987,2179
crypto,MKRUSDT,5m,entry,tsmom|lookback30|reversal|ls,tsmom,ls,reversal,-,-14.128,-17.279,-1.0,0.0,3364.4,-1.0,2179
crypto,MKRUSDT,5m,entry,tsmom|lookback90|reversal|ls,tsmom,ls,reversal,-,-9.265,-11.977,-1.0,0.028,2010.6,-1.0,2179
crypto,MKRUSDT,5m,entry,"macd|fast12,slow26|reversal|ls",macd,ls,reversal,-,-14.818,-18.868,-1.0,0.0,3121.3,-1.0,2179
crypto,MKRUSDT,5m,entry,donchian|lookback55|reversal|ls,donchian,ls,reversal,-,-2.156,-3.116,-0.892,0.278,493.6,-0.8809,2179
crypto,MKRUSDT,5m,entry,blend|ls,blend,ls,-,-,-2.937,-6.446,-0.7385,0.153,416.2,-0.7355,2179
crypto,MKRUSDT,5m,entry,strength|ls,strength,ls,-,-,-8.896,-14.606,-0.9968,0.028,1417.7,-0.9968,2179
crypto,MKRUSDT,5m,direction,"ema|fast50,slow200|reversal|long_only",ema,long_only,reversal,-,-1.111,-2.293,-0.5526,0.264,187.6,-0.53,2179
crypto,MKRUSDT,5m,direction,"ema|fast50,slow200|reversal|short_only",ema,short_only,reversal,-,-0.859,-1.634,-0.5725,0.306,190.8,-0.4376,2179
crypto,MKRUSDT,5m,direction,"ema|fast50,slow200|reversal|asym",ema,asym,reversal,-,-1.33,-2.329,-0.6325,0.236,244.8,-0.6123,2179
crypto,MKRUSDT,5m,exit,"ema|fast50,slow200|atr_trailing|ls",ema,ls,atr_trailing,-,-5.808,-8.235,-0.9965,0.042,1175.4,-0.9965,2179
crypto,MKRUSDT,5m,exit,"ema|fast50,slow200|channel|ls",ema,ls,channel,-,-7.291,-10.314,-0.9994,0.042,1508.8,-0.9994,2179
crypto,MKRUSDT,5m,gate,"ema|fast50,slow200|g:adx|reversal|ls",ema,ls,reversal,adx,-1.406,-2.16,-0.7764,0.264,330.4,-0.7472,2179
crypto,MKRUSDT,5m,gate,"ema|fast50,slow200|g:ltf|reversal|ls",ema,ls,reversal,ltf,-1.511,-2.329,-0.8095,0.278,378.4,-0.7704,2179
crypto,MKRUSDT,5m,gate,"ema|fast50,slow200|g:vol|reversal|ls",ema,ls,reversal,vol,-1.327,-2.084,-0.7733,0.319,371.5,-0.7237,2179
crypto,MKRUSDT,5m,headline,blend|long_only,blend,long_only,-,-,-1.73,-4.452,-0.44,0.236,204.4,-0.4292,2179
crypto,MKRUSDT,5m,headline,blend|asym,blend,asym,-,-,-2.296,-5.515,-0.544,0.194,267.9,-0.5421,2179
equity,SPY,1d,entry,"ema|fast20,slow100|reversal|ls",ema,ls,reversal,-,0.249,0.25,-0.415,0.602,5.0,0.6873,5328
equity,SPY,1d,entry,"ema|fast50,slow200|reversal|ls",ema,ls,reversal,-,0.446,0.441,-0.4386,0.608,2.7,1.9901,5328
equity,SPY,1d,entry,"ema|fast100,slow300|reversal|ls",ema,ls,reversal,-,0.624,0.615,-0.2949,0.653,2.2,4.0172,5328
equity,SPY,1d,entry,"sma|fast50,slow200|reversal|ls",sma,ls,reversal,-,0.472,0.463,-0.3505,0.597,2.5,2.1884,5328
equity,SPY,1d,entry,tsmom|lookback30|reversal|ls,tsmom,ls,reversal,-,-0.262,-0.277,-0.7278,0.534,26.7,-0.6178,5328
equity,SPY,1d,entry,tsmom|lookback90|reversal|ls,tsmom,ls,reversal,-,0.33,0.333,-0.3884,0.58,12.4,1.1346,5328
equity,SPY,1d,entry,"macd|fast12,slow26|reversal|ls",macd,ls,reversal,-,-0.22,-0.261,-0.6356,0.449,35.0,-0.5682,5328
equity,SPY,1d,entry,donchian|lookback55|reversal|ls,donchian,ls,reversal,-,0.225,0.229,-0.408,0.58,5.0,0.5735,5328
equity,SPY,1d,entry,blend|ls,blend,ls,-,-,0.35,0.308,-0.2578,0.545,4.4,0.6397,5328
equity,SPY,1d,entry,strength|ls,strength,ls,-,-,0.291,0.259,-0.3133,0.489,11.6,0.6127,5328
equity,SPY,1d,direction,"ema|fast50,slow200|reversal|long_only",ema,long_only,reversal,-,0.622,0.569,-0.3158,0.591,2.2,3.6903,5328
equity,SPY,1d,direction,"ema|fast50,slow200|reversal|short_only",ema,short_only,reversal,-,-0.513,-0.2,-0.3778,0.034,0.5,-0.3625,5328
equity,SPY,1d,direction,"ema|fast50,slow200|reversal|asym",ema,asym,reversal,-,0.573,0.55,-0.3546,0.614,2.3,3.1124,5328
equity,SPY,1d,exit,"ema|fast50,slow200|atr_trailing|ls",ema,ls,atr_trailing,-,0.444,0.439,-0.4919,0.614,10.5,1.8885,5328
equity,SPY,1d,exit,"ema|fast50,slow200|channel|ls",ema,ls,channel,-,0.354,0.348,-0.3694,0.574,15.4,1.2037,5328
equity,SPY,1d,gate,"ema|fast50,slow200|g:adx|reversal|ls",ema,ls,reversal,adx,0.332,0.333,-0.4569,0.574,2.6,1.1476,5328
equity,SPY,1d,gate,"ema|fast50,slow200|g:ltf|reversal|ls",ema,ls,reversal,ltf,0.446,0.441,-0.4386,0.608,2.7,1.9901,5328
equity,SPY,1d,gate,"ema|fast50,slow200|g:vol|reversal|ls",ema,ls,reversal,vol,0.456,0.412,-0.3696,0.528,2.2,1.9165,5328
equity,SPY,1d,headline,blend|long_only,blend,long_only,-,-,0.503,0.407,-0.222,0.545,3.8,1.0261,5328
equity,SPY,1d,headline,blend|asym,blend,asym,-,-,0.46,0.398,-0.2326,0.551,4.0,0.9037,5328
equity,QQQ,1d,entry,"ema|fast20,slow100|reversal|ls",ema,ls,reversal,-,0.454,0.467,-0.3646,0.585,3.2,2.0126,5328
equity,QQQ,1d,entry,"ema|fast50,slow200|reversal|ls",ema,ls,reversal,-,0.686,0.709,-0.2384,0.614,1.8,4.8532,5328
equity,QQQ,1d,entry,"ema|fast100,slow300|reversal|ls",ema,ls,reversal,-,0.732,0.755,-0.2751,0.619,1.5,5.6618,5328
equity,QQQ,1d,entry,"sma|fast50,slow200|reversal|ls",sma,ls,reversal,-,0.617,0.626,-0.277,0.58,2.2,3.7285,5328
equity,QQQ,1d,entry,tsmom|lookback30|reversal|ls,tsmom,ls,reversal,-,-0.177,-0.194,-0.6132,0.54,20.6,-0.5035,5328
equity,QQQ,1d,entry,tsmom|lookback90|reversal|ls,tsmom,ls,reversal,-,0.35,0.357,-0.3668,0.562,8.8,1.2388,5328
equity,QQQ,1d,entry,"macd|fast12,slow26|reversal|ls",macd,ls,reversal,-,-0.333,-0.381,-0.7062,0.455,25.1,-0.6815,5328
equity,QQQ,1d,entry,donchian|lookback55|reversal|ls,donchian,ls,reversal,-,0.12,0.125,-0.4389,0.54,3.8,0.1622,5328
equity,QQQ,1d,entry,blend|ls,blend,ls,-,-,0.39,0.355,-0.148,0.523,3.5,0.7364,5328
equity,QQQ,1d,entry,strength|ls,strength,ls,-,-,0.292,0.268,-0.2682,0.494,9.0,0.6093,5328
equity,QQQ,1d,direction,"ema|fast50,slow200|reversal|long_only",ema,long_only,reversal,-,0.774,0.743,-0.2384,0.574,1.5,5.9544,5328
equity,QQQ,1d,direction,"ema|fast50,slow200|reversal|short_only",ema,short_only,reversal,-,-0.189,-0.075,-0.1927,0.051,0.3,-0.1583,5328
equity,QQQ,1d,direction,"ema|fast50,slow200|reversal|asym",ema,asym,reversal,-,0.754,0.753,-0.2384,0.614,1.6,5.6265,5328
equity,QQQ,1d,exit,"ema|fast50,slow200|atr_trailing|ls",ema,ls,atr_trailing,-,0.712,0.743,-0.235,0.602,8.4,4.9982,5328
equity,QQQ,1d,exit,"ema|fast50,slow200|channel|ls",ema,ls,channel,-,0.621,0.639,-0.2802,0.591,11.0,3.5457,5328
equity,QQQ,1d,gate,"ema|fast50,slow200|g:adx|reversal|ls",ema,ls,reversal,adx,0.641,0.665,-0.2384,0.602,1.8,4.1466,5328
equity,QQQ,1d,gate,"ema|fast50,slow200|g:ltf|reversal|ls",ema,ls,reversal,ltf,0.686,0.709,-0.2384,0.614,1.8,4.8532,5328
equity,QQQ,1d,gate,"ema|fast50,slow200|g:vol|reversal|ls",ema,ls,reversal,vol,0.637,0.601,-0.2384,0.534,1.4,3.646,5328
equity,QQQ,1d,headline,blend|long_only,blend,long_only,-,-,0.511,0.426,-0.1298,0.523,3.0,1.0341,5328
equity,QQQ,1d,headline,blend|asym,blend,asym,-,-,0.478,0.425,-0.1321,0.534,3.2,0.9419,5328
equity,IWM,1d,entry,"ema|fast20,slow100|reversal|ls",ema,ls,reversal,-,0.089,0.107,-0.4198,0.534,4.5,0.0673,5328
equity,IWM,1d,entry,"ema|fast50,slow200|reversal|ls",ema,ls,reversal,-,-0.013,-0.015,-0.6262,0.528,3.0,-0.197,5328
equity,IWM,1d,entry,"ema|fast100,slow300|reversal|ls",ema,ls,reversal,-,-0.062,-0.068,-0.7344,0.551,2.2,-0.2997,5328
equity,IWM,1d,entry,"sma|fast50,slow200|reversal|ls",sma,ls,reversal,-,0.03,0.032,-0.6376,0.523,2.4,-0.0923,5328
equity,IWM,1d,entry,tsmom|lookback30|reversal|ls,tsmom,ls,reversal,-,-0.225,-0.282,-0.6751,0.438,21.6,-0.5539,5328
equity,IWM,1d,entry,tsmom|lookback90|reversal|ls,tsmom,ls,reversal,-,0.07,0.084,-0.5123,0.517,13.6,0.0124,5328
equity,IWM,1d,entry,"macd|fast12,slow26|reversal|ls",macd,ls,reversal,-,0.067,0.088,-0.4361,0.477,23.9,0.0047,5328
equity,IWM,1d,entry,donchian|lookback55|reversal|ls,donchian,ls,reversal,-,0.209,0.254,-0.3332,0.528,3.3,0.4895,5328
equity,IWM,1d,entry,blend|ls,blend,ls,-,-,-0.01,-0.01,-0.2567,0.455,3.3,-0.0567,5328
equity,IWM,1d,entry,strength|ls,strength,ls,-,-,-0.099,-0.101,-0.4129,0.42,10.5,-0.2226,5328
equity,IWM,1d,direction,"ema|fast50,slow200|reversal|long_only",ema,long_only,reversal,-,0.232,0.213,-0.4383,0.472,1.9,0.5158,5328
equity,IWM,1d,direction,"ema|fast50,slow200|reversal|short_only",ema,short_only,reversal,-,-0.403,-0.259,-0.4792,0.108,1.2,-0.4702,5328
equity,IWM,1d,direction,"ema|fast50,slow200|reversal|asym",ema,asym,reversal,-,0.155,0.159,-0.4934,0.534,2.2,0.266,5328
equity,IWM,1d,exit,"ema|fast50,slow200|atr_trailing|ls",ema,ls,atr_trailing,-,0.014,0.015,-0.6203,0.517,9.5,-0.1289,5328
equity,IWM,1d,exit,"ema|fast50,slow200|channel|ls",ema,ls,channel,-,-0.067,-0.073,-0.7028,0.523,13.2,-0.2961,5328
equity,IWM,1d,gate,"ema|fast50,slow200|g:adx|reversal|ls",ema,ls,reversal,adx,0.091,0.101,-0.5157,0.545,2.2,0.0715,5328
equity,IWM,1d,gate,"ema|fast50,slow200|g:ltf|reversal|ls",ema,ls,reversal,ltf,-0.013,-0.015,-0.6262,0.528,3.0,-0.197,5328
equity,IWM,1d,gate,"ema|fast50,slow200|g:vol|reversal|ls",ema,ls,reversal,vol,-0.109,-0.11,-0.5879,0.477,2.5,-0.3581,5328
equity,IWM,1d,headline,blend|long_only,blend,long_only,-,-,0.137,0.117,-0.1751,0.403,2.5,0.1313,5328
equity,IWM,1d,headline,blend|asym,blend,asym,-,-,0.09,0.087,-0.1745,0.46,2.7,0.0747,5328
equity,AAPL,1d,entry,"ema|fast20,slow100|reversal|ls",ema,ls,reversal,-,0.265,0.299,-0.3276,0.534,2.9,0.7379,5328
equity,AAPL,1d,entry,"ema|fast50,slow200|reversal|ls",ema,ls,reversal,-,0.363,0.405,-0.3345,0.517,1.7,1.2785,5328
equity,AAPL,1d,entry,"ema|fast100,slow300|reversal|ls",ema,ls,reversal,-,0.384,0.43,-0.3059,0.5,1.3,1.4173,5328
equity,AAPL,1d,entry,"sma|fast50,slow200|reversal|ls",sma,ls,reversal,-,0.297,0.319,-0.482,0.517,1.6,0.8938,5328
equity,AAPL,1d,entry,tsmom|lookback30|reversal|ls,tsmom,ls,reversal,-,0.081,0.093,-0.373,0.523,15.5,0.0448,5328
equity,AAPL,1d,entry,tsmom|lookback90|reversal|ls,tsmom,ls,reversal,-,0.266,0.3,-0.3725,0.528,8.2,0.7437,5328
equity,AAPL,1d,entry,"macd|fast12,slow26|reversal|ls",macd,ls,reversal,-,0.224,0.255,-0.325,0.511,15.4,0.5505,5328
equity,AAPL,1d,entry,donchian|lookback55|reversal|ls,donchian,ls,reversal,-,0.074,0.084,-0.5139,0.523,2.7,0.0246,5328
equity,AAPL,1d,entry,blend|ls,blend,ls,-,-,0.291,0.296,-0.1957,0.477,2.4,0.4445,5328
equity,AAPL,1d,entry,strength|ls,strength,ls,-,-,0.158,0.157,-0.2945,0.466,6.5,0.2376,5328
equity,AAPL,1d,direction,"ema|fast50,slow200|reversal|long_only",ema,long_only,reversal,-,0.575,0.566,-0.2353,0.472,1.2,2.6682,5328
equity,AAPL,1d,direction,"ema|fast50,slow200|reversal|short_only",ema,short_only,reversal,-,-0.388,-0.203,-0.453,0.085,0.6,-0.3788,5328
equity,AAPL,1d,direction,"ema|fast50,slow200|reversal|asym",ema,asym,reversal,-,0.517,0.553,-0.2513,0.523,1.3,2.2008,5328
equity,AAPL,1d,exit,"ema|fast50,slow200|atr_trailing|ls",ema,ls,atr_trailing,-,0.299,0.335,-0.4438,0.517,6.8,0.8914,5328
equity,AAPL,1d,exit,"ema|fast50,slow200|channel|ls",ema,ls,channel,-,0.147,0.163,-0.483,0.517,8.5,0.2513,5328
equity,AAPL,1d,gate,"ema|fast50,slow200|g:adx|reversal|ls",ema,ls,reversal,adx,0.429,0.484,-0.2935,0.528,1.6,1.7415,5328
equity,AAPL,1d,gate,"ema|fast50,slow200|g:ltf|reversal|ls",ema,ls,reversal,ltf,0.363,0.405,-0.3345,0.517,1.7,1.2785,5328
equity,AAPL,1d,gate,"ema|fast50,slow200|g:vol|reversal|ls",ema,ls,reversal,vol,0.437,0.448,-0.3345,0.466,1.3,1.6482,5328
equity,AAPL,1d,headline,blend|long_only,blend,long_only,-,-,0.479,0.426,-0.1071,0.438,1.8,0.7891,5328
equity,AAPL,1d,headline,blend|asym,blend,asym,-,-,0.427,0.421,-0.1266,0.477,2.0,0.6808,5328
equity,MSFT,1d,entry,"ema|fast20,slow100|reversal|ls",ema,ls,reversal,-,0.303,0.327,-0.3747,0.557,3.0,0.9527,5328
equity,MSFT,1d,entry,"ema|fast50,slow200|reversal|ls",ema,ls,reversal,-,0.536,0.564,-0.317,0.574,1.5,2.7836,5328
equity,MSFT,1d,entry,"ema|fast100,slow300|reversal|ls",ema,ls,reversal,-,0.524,0.561,-0.3591,0.562,1.4,2.6535,5328
equity,MSFT,1d,entry,"sma|fast50,slow200|reversal|ls",sma,ls,reversal,-,0.482,0.507,-0.303,0.562,1.8,2.2118,5328
equity,MSFT,1d,entry,tsmom|lookback30|reversal|ls,tsmom,ls,reversal,-,0.039,0.044,-0.4026,0.5,20.4,-0.0777,5328
equity,MSFT,1d,entry,tsmom|lookback90|reversal|ls,tsmom,ls,reversal,-,0.46,0.522,-0.3673,0.568,7.0,2.0513,5328
equity,MSFT,1d,entry,"macd|fast12,slow26|reversal|ls",macd,ls,reversal,-,-0.673,-0.748,-0.8959,0.42,20.7,-0.8775,5328
equity,MSFT,1d,entry,donchian|lookback55|reversal|ls,donchian,ls,reversal,-,0.191,0.206,-0.5089,0.551,2.6,0.4221,5328
equity,MSFT,1d,entry,blend|ls,blend,ls,-,-,0.383,0.378,-0.1661,0.534,2.4,0.6739,5328
equity,MSFT,1d,entry,strength|ls,strength,ls,-,-,0.418,0.423,-0.2228,0.534,6.8,1.0337,5328
equity,MSFT,1d,direction,"ema|fast50,slow200|reversal|long_only",ema,long_only,reversal,-,0.717,0.71,-0.2005,0.54,1.1,4.491,5328
equity,MSFT,1d,direction,"ema|fast50,slow200|reversal|short_only",ema,short_only,reversal,-,-0.301,-0.112,-0.3234,0.062,0.3,-0.3109,5328
equity,MSFT,1d,direction,"ema|fast50,slow200|reversal|asym",ema,asym,reversal,-,0.672,0.704,-0.2257,0.574,1.2,3.9425,5328
equity,MSFT,1d,exit,"ema|fast50,slow200|atr_trailing|ls",ema,ls,atr_trailing,-,0.432,0.446,-0.3027,0.574,6.1,1.7639,5328
equity,MSFT,1d,exit,"ema|fast50,slow200|channel|ls",ema,ls,channel,-,0.393,0.41,-0.3503,0.54,7.0,1.4609,5328
equity,MSFT,1d,gate,"ema|fast50,slow200|g:adx|reversal|ls",ema,ls,reversal,adx,0.503,0.533,-0.3402,0.562,1.5,2.4446,5328
equity,MSFT,1d,gate,"ema|fast50,slow200|g:ltf|reversal|ls",ema,ls,reversal,ltf,0.536,0.564,-0.317,0.574,1.5,2.7836,5328
equity,MSFT,1d,gate,"ema|fast50,slow200|g:vol|reversal|ls",ema,ls,reversal,vol,0.489,0.475,-0.3676,0.511,1.2,2.0935,5328
equity,MSFT,1d,headline,blend|long_only,blend,long_only,-,-,0.556,0.5,-0.1179,0.483,1.9,1.066,5328
equity,MSFT,1d,headline,blend|asym,blend,asym,-,-,0.508,0.498,-0.1251,0.54,2.1,0.9422,5328
equity,NVDA,1d,entry,"ema|fast20,slow100|reversal|ls",ema,ls,reversal,-,0.585,0.719,-0.3227,0.557,1.8,3.3823,5328
equity,NVDA,1d,entry,"ema|fast50,slow200|reversal|ls",ema,ls,reversal,-,0.838,1.067,-0.2062,0.591,0.9,8.0063,5328
equity,NVDA,1d,entry,"ema|fast100,slow300|reversal|ls",ema,ls,reversal,-,0.77,0.956,-0.3504,0.574,0.8,6.4317,5328
equity,NVDA,1d,entry,"sma|fast50,slow200|reversal|ls",sma,ls,reversal,-,0.901,1.104,-0.1913,0.58,0.9,9.4923,5328
equity,NVDA,1d,entry,tsmom|lookback30|reversal|ls,tsmom,ls,reversal,-,0.102,0.124,-0.4008,0.506,13.6,0.1051,5328
equity,NVDA,1d,entry,tsmom|lookback90|reversal|ls,tsmom,ls,reversal,-,0.666,0.805,-0.2676,0.591,5.2,4.5246,5328
equity,NVDA,1d,entry,"macd|fast12,slow26|reversal|ls",macd,ls,reversal,-,-0.315,-0.334,-0.6951,0.483,11.9,-0.6654,5328
equity,NVDA,1d,entry,donchian|lookback55|reversal|ls,donchian,ls,reversal,-,0.577,0.732,-0.3515,0.557,1.6,3.2881,5328
equity,NVDA,1d,entry,blend|ls,blend,ls,-,-,0.653,0.796,-0.1354,0.489,1.5,1.6432,5328
equity,NVDA,1d,entry,strength|ls,strength,ls,-,-,0.734,0.903,-0.1561,0.534,4.4,3.0844,5328
equity,NVDA,1d,direction,"ema|fast50,slow200|reversal|long_only",ema,long_only,reversal,-,1.026,1.183,-0.1913,0.54,0.6,11.4703,5328
equity,NVDA,1d,direction,"ema|fast50,slow200|reversal|short_only",ema,short_only,reversal,-,-0.26,-0.139,-0.3048,0.068,0.3,-0.2777,5328
equity,NVDA,1d,direction,"ema|fast50,slow200|reversal|asym",ema,asym,reversal,-,0.984,1.216,-0.1913,0.585,0.7,10.3829,5328
equity,NVDA,1d,exit,"ema|fast50,slow200|atr_trailing|ls",ema,ls,atr_trailing,-,0.827,1.036,-0.2892,0.591,4.0,7.395,5328
equity,NVDA,1d,exit,"ema|fast50,slow200|channel|ls",ema,ls,channel,-,0.799,0.997,-0.3665,0.591,4.6,6.7835,5328
equity,NVDA,1d,gate,"ema|fast50,slow200|g:adx|reversal|ls",ema,ls,reversal,adx,0.849,1.085,-0.2453,0.614,0.8,8.2991,5328
equity,NVDA,1d,gate,"ema|fast50,slow200|g:ltf|reversal|ls",ema,ls,reversal,ltf,0.838,1.067,-0.2062,0.591,0.9,8.0063,5328
equity,NVDA,1d,gate,"ema|fast50,slow200|g:vol|reversal|ls",ema,ls,reversal,vol,0.846,0.999,-0.2062,0.528,0.6,7.1507,5328
equity,NVDA,1d,headline,blend|long_only,blend,long_only,-,-,0.813,0.905,-0.0996,0.477,1.2,2.1593,5328
equity,NVDA,1d,headline,blend|asym,blend,asym,-,-,0.773,0.929,-0.1042,0.494,1.3,1.9993,5328
equity,AMZN,1d,entry,"ema|fast20,slow100|reversal|ls",ema,ls,reversal,-,0.064,0.071,-0.4833,0.511,3.3,-0.0071,5328
equity,AMZN,1d,entry,"ema|fast50,slow200|reversal|ls",ema,ls,reversal,-,0.338,0.383,-0.3483,0.557,1.5,1.1423,5328
equity,AMZN,1d,entry,"ema|fast100,slow300|reversal|ls",ema,ls,reversal,-,0.57,0.661,-0.2576,0.591,0.9,3.1056,5328
equity,AMZN,1d,entry,"sma|fast50,slow200|reversal|ls",sma,ls,reversal,-,0.206,0.227,-0.4763,0.517,1.5,0.4775,5328
equity,AMZN,1d,entry,tsmom|lookback30|reversal|ls,tsmom,ls,reversal,-,-0.169,-0.185,-0.5697,0.455,13.9,-0.4825,5328
equity,AMZN,1d,entry,tsmom|lookback90|reversal|ls,tsmom,ls,reversal,-,-0.105,-0.116,-0.6212,0.494,8.2,-0.3822,5328
equity,AMZN,1d,entry,"macd|fast12,slow26|reversal|ls",macd,ls,reversal,-,-0.314,-0.36,-0.6927,0.409,15.1,-0.6557,5328
equity,AMZN,1d,entry,donchian|lookback55|reversal|ls,donchian,ls,reversal,-,-0.164,-0.185,-0.6972,0.472,2.4,-0.4747,5328
equity,AMZN,1d,entry,blend|ls,blend,ls,-,-,0.149,0.149,-0.2553,0.455,2.0,0.1707,5328
equity,AMZN,1d,entry,strength|ls,strength,ls,-,-,0.055,0.057,-0.3352,0.466,6.0,0.0241,5328
equity,AMZN,1d,direction,"ema|fast50,slow200|reversal|long_only",ema,long_only,reversal,-,0.569,0.595,-0.206,0.511,1.0,2.6402,5328
equity,AMZN,1d,direction,"ema|fast50,slow200|reversal|short_only",ema,short_only,reversal,-,-0.421,-0.188,-0.4291,0.074,0.5,-0.4114,5328
equity,AMZN,1d,direction,"ema|fast50,slow200|reversal|asym",ema,asym,reversal,-,0.505,0.566,-0.2503,0.557,1.2,2.1267,5328
equity,AMZN,1d,exit,"ema|fast50,slow200|atr_trailing|ls",ema,ls,atr_trailing,-,0.391,0.435,-0.2897,0.557,5.5,1.4434,5328
equity,AMZN,1d,exit,"ema|fast50,slow200|channel|ls",ema,ls,channel,-,0.451,0.514,-0.2648,0.574,6.0,1.871,5328
equity,AMZN,1d,gate,"ema|fast50,slow200|g:adx|reversal|ls",ema,ls,reversal,adx,0.278,0.315,-0.3604,0.551,1.4,0.8126,5328
equity,AMZN,1d,gate,"ema|fast50,slow200|g:ltf|reversal|ls",ema,ls,reversal,ltf,0.338,0.383,-0.3483,0.557,1.5,1.1423,5328
equity,AMZN,1d,gate,"ema|fast50,slow200|g:vol|reversal|ls",ema,ls,reversal,vol,0.397,0.414,-0.2238,0.477,1.2,1.3945,5328
equity,AMZN,1d,headline,blend|long_only,blend,long_only,-,-,0.385,0.353,-0.1243,0.455,1.5,0.5456,5328
equity,AMZN,1d,headline,blend|asym,blend,asym,-,-,0.316,0.317,-0.1518,0.466,1.7,0.4244,5328
equity,GOOGL,1d,entry,"ema|fast20,slow100|reversal|ls",ema,ls,reversal,-,0.247,0.287,-0.3465,0.534,3.5,0.6719,5328
equity,GOOGL,1d,entry,"ema|fast50,slow200|reversal|ls",ema,ls,reversal,-,0.443,0.506,-0.3697,0.551,1.6,1.9155,5328
equity,GOOGL,1d,entry,"ema|fast100,slow300|reversal|ls",ema,ls,reversal,-,0.613,0.716,-0.2484,0.597,1.1,3.7321,5328
equity,GOOGL,1d,entry,"sma|fast50,slow200|reversal|ls",sma,ls,reversal,-,0.499,0.568,-0.2896,0.551,1.8,2.3876,5328
equity,GOOGL,1d,entry,tsmom|lookback30|reversal|ls,tsmom,ls,reversal,-,0.068,0.084,-0.5881,0.489,15.9,0.0036,5328
equity,GOOGL,1d,entry,tsmom|lookback90|reversal|ls,tsmom,ls,reversal,-,0.108,0.123,-0.5124,0.511,10.1,0.123,5328
equity,GOOGL,1d,entry,"macd|fast12,slow26|reversal|ls",macd,ls,reversal,-,-0.275,-0.343,-0.7353,0.438,18.7,-0.6225,5328
equity,GOOGL,1d,entry,donchian|lookback55|reversal|ls,donchian,ls,reversal,-,-0.033,-0.035,-0.3754,0.466,3.0,-0.2487,5328
equity,GOOGL,1d,entry,blend|ls,blend,ls,-,-,0.255,0.248,-0.1818,0.489,2.4,0.3657,5328
equity,GOOGL,1d,entry,strength|ls,strength,ls,-,-,0.124,0.124,-0.3252,0.443,7.0,0.1576,5328
equity,GOOGL,1d,direction,"ema|fast50,slow200|reversal|long_only",ema,long_only,reversal,-,0.656,0.692,-0.2237,0.523,1.1,3.7709,5328
equity,GOOGL,1d,direction,"ema|fast50,slow200|reversal|short_only",ema,short_only,reversal,-,-0.423,-0.188,-0.4098,0.057,0.4,-0.3888,5328
equity,GOOGL,1d,direction,"ema|fast50,slow200|reversal|asym",ema,asym,reversal,-,0.599,0.673,-0.265,0.562,1.2,3.1404,5328
equity,GOOGL,1d,exit,"ema|fast50,slow200|atr_trailing|ls",ema,ls,atr_trailing,-,0.562,0.651,-0.2736,0.562,6.1,3.0439,5328
equity,GOOGL,1d,exit,"ema|fast50,slow200|channel|ls",ema,ls,channel,-,0.508,0.593,-0.3275,0.54,7.7,2.4149,5328
equity,GOOGL,1d,gate,"ema|fast50,slow200|g:adx|reversal|ls",ema,ls,reversal,adx,0.23,0.245,-0.4492,0.551,1.6,0.5892,5328
equity,GOOGL,1d,gate,"ema|fast50,slow200|g:ltf|reversal|ls",ema,ls,reversal,ltf,0.443,0.506,-0.3697,0.551,1.6,1.9155,5328
equity,GOOGL,1d,gate,"ema|fast50,slow200|g:vol|reversal|ls",ema,ls,reversal,vol,0.419,0.434,-0.3452,0.466,1.3,1.541,5328
equity,GOOGL,1d,headline,blend|long_only,blend,long_only,-,-,0.42,0.364,-0.1498,0.449,1.9,0.6684,5328
equity,GOOGL,1d,headline,blend|asym,blend,asym,-,-,0.373,0.355,-0.1573,0.483,2.0,0.5731,5328
equity,META,1d,entry,"ema|fast20,slow100|reversal|ls",ema,ls,reversal,-,0.235,0.24,-0.3119,0.558,2.1,0.5923,5192
equity,META,1d,entry,"ema|fast50,slow200|reversal|ls",ema,ls,reversal,-,0.408,0.419,-0.3425,0.57,1.1,1.5884,5192
equity,META,1d,entry,"ema|fast100,slow300|reversal|ls",ema,ls,reversal,-,0.298,0.291,-0.3419,0.57,0.9,0.9013,5192
equity,META,1d,entry,"sma|fast50,slow200|reversal|ls",sma,ls,reversal,-,0.356,0.363,-0.353,0.552,1.3,1.2243,5192
equity,META,1d,entry,tsmom|lookback30|reversal|ls,tsmom,ls,reversal,-,0.032,0.038,-0.477,0.523,11.7,-0.093,5192
equity,META,1d,entry,tsmom|lookback90|reversal|ls,tsmom,ls,reversal,-,0.12,0.125,-0.427,0.5,6.0,0.1565,5192
equity,META,1d,entry,"macd|fast12,slow26|reversal|ls",macd,ls,reversal,-,-0.361,-0.42,-0.7631,0.413,13.9,-0.6975,5192
equity,META,1d,entry,donchian|lookback55|reversal|ls,donchian,ls,reversal,-,0.315,0.332,-0.334,0.541,1.8,0.9957,5192
equity,META,1d,entry,blend|ls,blend,ls,-,-,0.226,0.23,-0.1875,0.471,1.8,0.3137,5192
equity,META,1d,entry,strength|ls,strength,ls,-,-,0.171,0.172,-0.2276,0.465,5.2,0.2558,5192
equity,META,1d,direction,"ema|fast50,slow200|reversal|long_only",ema,long_only,reversal,-,0.62,0.59,-0.212,0.494,0.8,2.7503,5192
equity,META,1d,direction,"ema|fast50,slow200|reversal|short_only",ema,short_only,reversal,-,-0.208,-0.092,-0.3927,0.099,0.3,-0.3098,5192
equity,META,1d,direction,"ema|fast50,slow200|reversal|asym",ema,asym,reversal,-,0.569,0.592,-0.2231,0.581,0.9,2.3955,5192
equity,META,1d,exit,"ema|fast50,slow200|atr_trailing|ls",ema,ls,atr_trailing,-,0.333,0.323,-0.334,0.564,4.6,1.0764,5192
equity,META,1d,exit,"ema|fast50,slow200|channel|ls",ema,ls,channel,-,0.306,0.301,-0.3288,0.558,5.2,0.924,5192
equity,META,1d,gate,"ema|fast50,slow200|g:adx|reversal|ls",ema,ls,reversal,adx,0.361,0.37,-0.3636,0.564,1.0,1.2651,5192
equity,META,1d,gate,"ema|fast50,slow200|g:ltf|reversal|ls",ema,ls,reversal,ltf,0.408,0.419,-0.3425,0.57,1.1,1.5884,5192
equity,META,1d,gate,"ema|fast50,slow200|g:vol|reversal|ls",ema,ls,reversal,vol,0.506,0.512,-0.3084,0.483,0.8,2.1516,5192
equity,META,1d,headline,blend|long_only,blend,long_only,-,-,0.398,0.353,-0.1114,0.424,1.3,0.5756,5192
equity,META,1d,headline,blend|asym,blend,asym,-,-,0.352,0.349,-0.125,0.483,1.5,0.4957,5192
equity,JPM,1d,entry,"ema|fast20,slow100|reversal|ls",ema,ls,reversal,-,0.176,0.193,-0.3673,0.511,3.6,0.3587,5328
equity,JPM,1d,entry,"ema|fast50,slow200|reversal|ls",ema,ls,reversal,-,0.433,0.45,-0.4101,0.54,1.5,1.7764,5328
equity,JPM,1d,entry,"ema|fast100,slow300|reversal|ls",ema,ls,reversal,-,0.567,0.601,-0.3789,0.574,1.2,3.0264,5328
equity,JPM,1d,entry,"sma|fast50,slow200|reversal|ls",sma,ls,reversal,-,0.473,0.486,-0.3368,0.534,1.6,2.0759,5328
equity,JPM,1d,entry,tsmom|lookback30|reversal|ls,tsmom,ls,reversal,-,-0.21,-0.24,-0.589,0.489,19.3,-0.5362,5328
equity,JPM,1d,entry,tsmom|lookback90|reversal|ls,tsmom,ls,reversal,-,0.095,0.102,-0.4643,0.5,12.1,0.0829,5328
equity,JPM,1d,entry,"macd|fast12,slow26|reversal|ls",macd,ls,reversal,-,-0.043,-0.051,-0.481,0.483,19.2,-0.2605,5328
equity,JPM,1d,entry,donchian|lookback55|reversal|ls,donchian,ls,reversal,-,0.174,0.192,-0.5293,0.511,2.8,0.351,5328
equity,JPM,1d,entry,blend|ls,blend,ls,-,-,0.193,0.184,-0.2232,0.472,2.7,0.2525,5328
equity,JPM,1d,entry,strength|ls,strength,ls,-,-,0.035,0.034,-0.3306,0.449,8.0,-0.0142,5328
equity,JPM,1d,direction,"ema|fast50,slow200|reversal|long_only",ema,long_only,reversal,-,0.624,0.599,-0.2723,0.523,1.1,3.2662,5328
equity,JPM,1d,direction,"ema|fast50,slow200|reversal|short_only",ema,short_only,reversal,-,-0.384,-0.152,-0.3567,0.062,0.3,-0.3491,5328
equity,JPM,1d,direction,"ema|fast50,slow200|reversal|asym",ema,asym,reversal,-,0.573,0.586,-0.3009,0.545,1.2,2.7713,5328
equity,JPM,1d,exit,"ema|fast50,slow200|atr_trailing|ls",ema,ls,atr_trailing,-,0.392,0.409,-0.5258,0.557,6.7,1.4291,5328
equity,JPM,1d,exit,"ema|fast50,slow200|channel|ls",ema,ls,channel,-,0.362,0.374,-0.495,0.557,8.8,1.2272,5328
equity,JPM,1d,gate,"ema|fast50,slow200|g:adx|reversal|ls",ema,ls,reversal,adx,0.236,0.244,-0.5079,0.523,1.5,0.6032,5328
equity,JPM,1d,gate,"ema|fast50,slow200|g:ltf|reversal|ls",ema,ls,reversal,ltf,0.433,0.45,-0.4101,0.54,1.5,1.7764,5328
equity,JPM,1d,gate,"ema|fast50,slow200|g:vol|reversal|ls",ema,ls,reversal,vol,0.476,0.457,-0.3505,0.483,1.2,1.9579,5328
equity,JPM,1d,headline,blend|long_only,blend,long_only,-,-,0.38,0.328,-0.157,0.455,2.2,0.5675,5328
equity,JPM,1d,headline,blend|asym,blend,asym,-,-,0.326,0.308,-0.1686,0.477,2.3,0.4679,5328
