signal,lookback_d,skip_d,top_frac,weighting,rebal_d,sharpe,sortino,mc_p5,max_dd,months_in_profit,ann_turnover,cost_drag,n_obs
raw,5,0,0.1,equal,5,0.6623178924704262,0.8529981146971775,-0.031488676979578974,-0.3045930894995311,0.6075949367088608,235.7900244846939,1.2890434653292646,14424
raw,5,0,0.1,equal,10,0.6831766741787961,0.91810315213065,-0.025382463887097275,-0.3002674000450736,0.569620253164557,120.23390705150884,0.6534020770209719,14424
raw,5,0,0.1,equal,21,0.0876048310004003,0.12017529449784209,,-0.4572797861594037,0.5063291139240507,58.77601312371793,0.32109540014764365,14424
raw,5,0,0.1,volinv,5,0.6998584242954984,0.8977884833354066,0.10621860088022905,-0.29402503237032607,0.5949367088607594,244.45583089792763,1.3148915739708071,14424
raw,5,0,0.1,volinv,10,0.5867281016995576,0.7791137924206776,,-0.3107713013664878,0.5569620253164557,123.90078968619964,0.6645173901571223,14424
raw,5,0,0.1,volinv,21,-0.09446321685813307,-0.12850467057090054,,-0.45873758408971355,0.4936708860759494,59.73287711488645,0.3232489594698409,14424
raw,5,0,0.2,equal,5,0.879646283080077,1.2193150091496714,0.246201394873065,-0.29482499918517635,0.5443037974683544,222.32417351690154,1.12396101408121,14424
raw,5,0,0.2,equal,10,0.5252668809226719,0.741233138462038,,-0.28838275421334536,0.569620253164557,114.26449748341427,0.5782427338760503,14424
raw,5,0,0.2,equal,21,-0.060731797227937076,-0.08063794739392156,,-0.3909783451462303,0.46835443037974683,56.58192141211981,0.2849502486468923,14424
raw,5,0,0.2,volinv,5,0.6901903946949481,0.9447452045993855,0.0845580863572225,-0.32377378010961955,0.5569620253164557,233.52721539628382,1.160023716328494,14424
raw,5,0,0.2,volinv,10,0.47329617080775505,0.6647474641983482,,-0.2771084855010778,0.5189873417721519,118.59275082900538,0.5902645471421821,14424
raw,5,0,0.2,volinv,21,-0.11426447093751887,-0.15106245035925206,,-0.3801368985641884,0.45569620253164556,58.22623219407046,0.28918913953344455,14424
raw,5,0,0.3,equal,5,0.6536307954613448,0.9048366433726436,0.026838266476824316,-0.334728138845228,0.5443037974683544,202.79192574496682,0.9898780267058946,14424
raw,5,0,0.3,equal,10,0.3948554867178118,0.5527920708409059,,-0.3210497111125332,0.5569620253164557,103.00428614855602,0.5048547058487509,14424
raw,5,0,0.3,equal,21,-0.30274331649396286,-0.41998311633692403,,-0.44938151796056236,0.4810126582278481,52.004724331349074,0.25322498426210643,14424
raw,5,0,0.3,volinv,5,0.4572856805590177,0.6282257210941471,,-0.36144900618725395,0.5569620253164557,214.95408733623398,1.0306400595712766,14424
raw,5,0,0.3,volinv,10,0.3535685168658649,0.4926385256967265,,-0.31683406822950155,0.5316455696202531,107.95406222560044,0.5199770718533543,14424
raw,5,0,0.3,volinv,21,-0.35464942368437613,-0.4854599808229211,,-0.4197380139233797,0.4430379746835443,53.900340654948856,0.2584650741107145,14424
raw,5,2,0.1,equal,5,0.4747116438726105,0.6405984094261007,,-0.2756791237327486,0.5949367088607594,234.99021839633076,1.279259689981834,14424
raw,5,2,0.1,equal,10,0.8152797211135149,1.0719672134405853,0.1077837189912799,-0.19904302715171507,0.620253164556962,120.63325292466062,0.6546963709631278,14424
raw,5,2,0.1,equal,21,0.30170530444918203,0.43382154235674997,,-0.22724621994048533,0.5063291139240507,58.99123410859366,0.32160890983565293,14424
raw,5,2,0.1,volinv,5,0.4241428346573632,0.5636879321864817,,-0.3018444251685203,0.5569620253164557,244.91030583545663,1.3139297399351157,14424
raw,5,2,0.1,volinv,10,0.767348589092553,0.9957581088765307,0.07825975428881524,-0.19772995650270808,0.5949367088607594,124.2204950141384,0.6641950860791144,14424
raw,5,2,0.1,volinv,21,0.2961103630675215,0.41190668309751544,,-0.22881099737238697,0.5189873417721519,60.026252233945584,0.32280830201109606,14424
raw,5,2,0.2,equal,5,0.23157807012214585,0.32214346041110226,,-0.37319695511822015,0.4810126582278481,223.16564905571784,1.124075981667679,14424
raw,5,2,0.2,equal,10,0.8491155242952267,1.162344010319124,0.2759892575163275,-0.17986847545883644,0.6075949367088608,113.77770736494992,0.5731196507385343,14424
raw,5,2,0.2,equal,21,0.16114067469744334,0.24113854837098123,,-0.3376077461380862,0.4936708860759494,56.473833499477706,0.2841641993893376,14424
raw,5,2,0.2,volinv,5,0.0478784537198819,0.06536099699918595,,-0.4117329130024867,0.4810126582278481,234.5939201695392,1.163613649013798,14424
raw,5,2,0.2,volinv,10,0.8563940510856732,1.1877189377318775,0.2829695816741568,-0.21109861470946178,0.6075949367088608,118.26157119013561,0.5854708194686912,14424
raw,5,2,0.2,volinv,21,-0.03244167148989729,-0.04652671528671478,,-0.3853290512277411,0.46835443037974683,58.10342598650149,0.28811167884987554,14424
raw,5,2,0.3,equal,5,0.06704620510995318,0.09356162535136561,,-0.4458803192839669,0.4936708860759494,202.63733475028343,0.9862788607709563,14424
raw,5,2,0.3,equal,10,0.8074717967574286,1.1160643548468498,0.12273203644584461,-0.17036920832509794,0.620253164556962,103.237899564709,0.5034341823068539,14424
raw,5,2,0.3,equal,21,-0.015054867656602177,-0.021399105713866967,,-0.4720679028470234,0.5316455696202531,51.61435580303833,0.25151267082964834,14424
raw,5,2,0.3,volinv,5,-0.040682870536084464,-0.05563614246420265,,-0.46426115821727865,0.5189873417721519,215.42923340259438,1.0312346292129628,14424
raw,5,2,0.3,volinv,10,0.9369098353905855,1.3020190431084244,0.32253513654575544,-0.19919177398852572,0.620253164556962,108.41881917363314,0.5194758310564176,14424
raw,5,2,0.3,volinv,21,0.020631342014078572,0.028443332476469907,,-0.5090475765766732,0.5822784810126582,53.247281008984835,0.2553177128957955,14424
raw,10,0,0.1,equal,5,0.3176410358316121,0.41105915115324687,,-0.3720466854767911,0.5443037974683544,179.9534123967666,0.9778282988636608,14424
raw,10,0,0.1,equal,10,0.4961106345497558,0.6485132032397256,,-0.25052039916457125,0.5316455696202531,120.02802515622449,0.6605743241745279,14424
raw,10,0,0.1,equal,21,0.27372271263265496,0.38641264297906697,,-0.3451836556609158,0.4936708860759494,58.870528820575316,0.3244665578819626,14424
raw,10,0,0.1,volinv,5,0.29099928265870645,0.3783182259809698,,-0.34723158771184737,0.5822784810126582,196.64780449586075,1.0486335983895525,14424
raw,10,0,0.1,volinv,10,0.4874747671423953,0.6298773178225546,,-0.24179501801322556,0.5822784810126582,124.10568514959945,0.6730498016977458,14424
raw,10,0,0.1,volinv,21,0.30707802206771256,0.4303184597092882,,-0.35579181750085087,0.569620253164557,59.905113419976665,0.3241775411758034,14424
raw,10,0,0.2,equal,5,0.8966116182435989,1.2537452657808754,0.23171786521481588,-0.24998994711798206,0.569620253164557,164.48988213203415,0.825266032592166,14424
raw,10,0,0.2,equal,10,0.7207699229677084,1.0089148435820352,0.06887762266950426,-0.20064567557245472,0.6075949367088608,112.36767823838908,0.5684633497380935,14424
raw,10,0,0.2,equal,21,0.0949168666766821,0.13952149319006035,,-0.39940334334912564,0.46835443037974683,56.91490797891315,0.28912239023723485,14424
raw,10,0,0.2,volinv,5,0.7295757295709486,1.0037569839057274,0.11049675899502047,-0.2336803887848703,0.5822784810126582,182.37602800491192,0.8965036150938779,14424
raw,10,0,0.2,volinv,10,0.6147420578462792,0.8480457158746553,-0.07628333712954632,-0.19677624371923175,0.6075949367088608,117.21952341412651,0.5830330235600985,14424
raw,10,0,0.2,volinv,21,0.0992724262722723,0.1439133919252186,,-0.3618910877653352,0.4936708860759494,58.314192103730136,0.2918681590268061,14424
raw,10,0,0.3,equal,5,0.7437334986500908,1.0467324905875555,0.08638159677542856,-0.25013608662988085,0.5443037974683544,145.0158912770593,0.7049008435324885,14424
raw,10,0,0.3,equal,10,0.5981917196549057,0.8439814183349374,,-0.1877772898117368,0.5822784810126582,102.44000098619996,0.5002718516468786,14424
raw,10,0,0.3,equal,21,-0.05956553519729355,-0.08858601271336397,,-0.4251147925846507,0.4810126582278481,51.62360932318564,0.2513938381815273,14424
raw,10,0,0.3,volinv,5,0.530905891902675,0.7326399427948146,,-0.2352428756776752,0.5063291139240507,163.1952427261628,0.7751769118894904,14424
raw,10,0,0.3,volinv,10,0.44999978573007554,0.6257175517052179,,-0.22719159090994434,0.5569620253164557,107.71121809762343,0.5161117004210483,14424
raw,10,0,0.3,volinv,21,-0.09274075404256202,-0.1352006204827998,,-0.3782796039913353,0.4936708860759494,53.199070524615124,0.25465352673927477,14424
raw,10,2,0.1,equal,5,0.22231409971131763,0.28546191004970134,,-0.3241090088681735,0.5316455696202531,179.27864665519735,0.9680939690218473,14424
raw,10,2,0.1,equal,10,0.6392688736453254,0.8481577656367953,0.0686659625873899,-0.27572268144799994,0.5569620253164557,120.05033442701361,0.6576007178433302,14424
raw,10,2,0.1,equal,21,0.03850916493831107,0.047869277801102825,,-0.4731141786387286,0.46835443037974683,59.4131298316541,0.3250413408579249,14424
raw,10,2,0.1,volinv,5,0.23949201845098117,0.30907379631507337,,-0.28189015548678364,0.5822784810126582,196.59948303920515,1.0435248049918702,14424
raw,10,2,0.1,volinv,10,0.657271988310284,0.8628083087859905,0.09208810220130036,-0.2493994278636784,0.569620253164557,124.36928778384517,0.6715132821527067,14424
raw,10,2,0.1,volinv,21,-0.05864437565405254,-0.07145388561899682,,-0.488153650320977,0.45569620253164556,60.39394623573274,0.32533407472737863,14424
raw,10,2,0.2,equal,5,0.3996959118816711,0.5667529893872033,,-0.27879799094934943,0.5189873417721519,164.57273152315364,0.8247144041398733,14424
raw,10,2,0.2,equal,10,0.8416340379845033,1.1898093290593754,0.23517475553745082,-0.22466381659930212,0.6075949367088608,113.65257304682098,0.5747495696583105,14424
raw,10,2,0.2,equal,21,0.06427566453450582,0.09496981846331146,,-0.37761385789665547,0.4810126582278481,57.5953439149315,0.2921396004904696,14424
raw,10,2,0.2,volinv,5,0.341751197244804,0.47972871399461303,,-0.2914460705448978,0.5443037974683544,183.29562641009406,0.9007348717034188,14424
raw,10,2,0.2,volinv,10,0.8757978230984426,1.2376402170311864,0.24251684455324524,-0.2065853430578426,0.5949367088607594,119.0366457222548,0.5918612586329994,14424
raw,10,2,0.2,volinv,21,-0.13328522211911586,-0.1916226553566558,,-0.4566102038459938,0.46835443037974683,58.98676375884713,0.2947609861785112,14424
raw,10,2,0.3,equal,5,0.4713243126540749,0.6707388900088147,,-0.2371442827206358,0.5443037974683544,145.31839234921398,0.7025791422670431,14424
raw,10,2,0.3,equal,10,0.7798031011701659,1.0981805231545614,0.0031896530951625764,-0.20626288241590585,0.5822784810126582,103.06055103970688,0.5030773402147688,14424
raw,10,2,0.3,equal,21,0.219998558658226,0.3255766438940854,,-0.3380344229975335,0.5189873417721519,52.216899338138134,0.25489458901042006,14424
raw,10,2,0.3,volinv,5,0.5063156331212545,0.7093971478277906,,-0.24494172180306906,0.5316455696202531,164.04850246955203,0.7764898682139214,14424
raw,10,2,0.3,volinv,10,0.8603088144569905,1.2103331320301323,0.17227383573206181,-0.20528795968601143,0.5949367088607594,108.77644405608277,0.5219691057125815,14424
raw,10,2,0.3,volinv,21,0.08159333846717033,0.11771053395154668,,-0.3465759221782815,0.5316455696202531,53.92821048213169,0.2587680753855779,14424
raw,20,0,0.1,equal,5,0.418483095120237,0.5503833899372287,,-0.29426072169194806,0.6075949367088608,137.9061946741121,0.7486380085372055,14424
raw,20,0,0.1,equal,10,0.4602920432947932,0.6136569753359856,,-0.3001838948657155,0.5443037974683544,94.56391424647148,0.5190773070555252,14424
raw,20,0,0.1,equal,21,0.5915010041616112,0.880182624127744,,-0.251649250013963,0.5569620253164557,58.29168324042981,0.31821044168486823,14424
raw,20,0,0.1,volinv,5,0.46528899411571817,0.6140935735007539,,-0.2921334857814156,0.5949367088607594,157.40264601557044,0.8336422014336213,14424
raw,20,0,0.1,volinv,10,0.506807169507316,0.6717481287850575,,-0.29831368863228014,0.5443037974683544,101.75296993429154,0.5489152537206382,14424
raw,20,0,0.1,volinv,21,0.5383306445936673,0.7959489450700203,,-0.2129805084951244,0.5822784810126582,59.33060702662862,0.3191028794977139,14424
raw,20,0,0.2,equal,5,0.7069183549360624,1.0487303561737336,0.022576033421405222,-0.32226919549389843,0.5822784810126582,122.78050091456011,0.6131622450821688,14424
raw,20,0,0.2,equal,10,0.8741906951095398,1.3089029001337378,0.16094706575497153,-0.23856199637729447,0.5822784810126582,85.68129346336192,0.4318342555200899,14424
raw,20,0,0.2,equal,21,0.7266740350185625,1.1310792956782652,0.07107222135900824,-0.25724291810333144,0.6329113924050633,55.57445732417578,0.28051750856215174,14424
raw,20,0,0.2,volinv,5,0.6552956818137768,0.958515245372679,-0.04723945871862009,-0.30666012698441736,0.5189873417721519,143.29006845040885,0.6987733597066789,14424
raw,20,0,0.2,volinv,10,0.861190810763305,1.2607699691405048,0.1241362092059309,-0.22616158880338766,0.569620253164557,93.39357631404383,0.46191030575782477,14424
raw,20,0,0.2,volinv,21,0.7172079982081297,1.09202304698248,0.031813713009977956,-0.22586572861284204,0.5949367088607594,56.96719286548407,0.28256861475530315,14424
raw,20,0,0.3,equal,5,0.6467032321856171,0.9636605308335908,-0.06581143232100732,-0.29379445123088044,0.5569620253164557,106.28439337701738,0.510152364253707,14424
raw,20,0,0.3,equal,10,0.5444507765555185,0.808243436326048,,-0.2668207453974033,0.5822784810126582,75.13168421810474,0.36482977907449043,14424
raw,20,0,0.3,equal,21,0.5066173204968569,0.7438022446883392,,-0.24293785590549044,0.620253164556962,51.180938651265336,0.24952544043979002,14424
raw,20,0,0.3,volinv,5,0.6258573814206232,0.9171932944831536,-0.15226528543859455,-0.2531758673891086,0.5316455696202531,126.82256415761694,0.5943330546112569,14424
raw,20,0,0.3,volinv,10,0.5663693755663103,0.825972953757184,,-0.20890726808478566,0.569620253164557,83.02450722286682,0.3944351181029035,14424
raw,20,0,0.3,volinv,21,0.5333458242126841,0.7684191846741966,,-0.25574919224008463,0.569620253164557,52.787578355848794,0.25283243675862854,14424
raw,20,2,0.1,equal,5,-0.1560952994912593,-0.20190433217798556,,-0.46972733642516606,0.45569620253164556,138.7834044856593,0.7535542853016017,14424
raw,20,2,0.1,equal,10,0.48592258229466606,0.6219042075308654,,-0.3726449683616846,0.43037974683544306,94.74635014887781,0.520590152399413,14424
raw,20,2,0.1,equal,21,0.6113115499693568,0.881091273531674,-0.08132535773617877,-0.24788511612313147,0.569620253164557,58.998661130760205,0.32254381426575496,14424
raw,20,2,0.1,volinv,5,-0.0990472583566562,-0.1278560059909435,,-0.4912426722893126,0.43037974683544306,159.34673293098024,0.8449477263694493,14424
raw,20,2,0.1,volinv,10,0.6377723017665055,0.8104506676925373,-0.03711671119211627,-0.3626826483191301,0.4810126582278481,102.20732923156812,0.5515876601108826,14424
raw,20,2,0.1,volinv,21,0.6389517625711492,0.912296137717929,0.03189919887540781,-0.2575713186391567,0.5822784810126582,60.062022738519246,0.3234820283869212,14424
raw,20,2,0.2,equal,5,0.3465548217595925,0.5106617680446365,,-0.3426455876382676,0.46835443037974683,121.22353006782379,0.604902030625027,14424
raw,20,2,0.2,equal,10,0.6101316474645408,0.8772488466621876,-0.06779442829582677,-0.3477521297276067,0.5316455696202531,85.51914820641429,0.43166794423330085,14424
raw,20,2,0.2,equal,21,0.3709204217717964,0.563058005018135,,-0.3204442036040198,0.569620253164557,55.74670990050589,0.2804013760006362,14424
raw,20,2,0.2,volinv,5,0.4727353708439006,0.6887119064714121,,-0.3180871827818872,0.4936708860759494,141.92894404903197,0.6924201748031775,14424
raw,20,2,0.2,volinv,10,0.7660393836741132,1.1087102436677179,0.05654105227746597,-0.27635148897849215,0.6329113924050633,92.95493294305824,0.4602919018403099,14424
raw,20,2,0.2,volinv,21,0.4434859165559273,0.6631067947856755,,-0.3223382286554979,0.5443037974683544,57.246167461276855,0.28299620983039736,14424
raw,20,2,0.3,equal,5,0.24811845939579227,0.3635621527399941,,-0.36333542652996187,0.4936708860759494,105.9019777090141,0.50908440371031,14424
raw,20,2,0.3,equal,10,0.47197479683914906,0.6876850128863409,,-0.3369925365068406,0.5569620253164557,75.96369613581201,0.36827255585811236,14424
raw,20,2,0.3,equal,21,0.2999457422761953,0.43985009263135383,,-0.21652491768627402,0.5443037974683544,50.44221910178585,0.24477719412818177,14424
raw,20,2,0.3,volinv,5,0.2519339371458159,0.36275342789348164,,-0.34314288243572844,0.45569620253164556,126.67512103461564,0.5946728604986772,14424
raw,20,2,0.3,volinv,10,0.5695810271338234,0.8344639348356931,,-0.23531412063627877,0.5822784810126582,83.83877711291031,0.39814982292856566,14424
raw,20,2,0.3,volinv,21,0.3727482002662826,0.5435588194544991,,-0.2210310621453644,0.5316455696202531,52.033744547261406,0.2481164838623935,14424
raw,30,0,0.1,equal,5,0.22977307749539513,0.3070546441721983,,-0.3899520172441341,0.569620253164557,118.05752850593557,0.6453900099414517,14424
raw,30,0,0.1,equal,10,0.400336230256569,0.5308389794003411,,-0.2715223182900669,0.5949367088607594,80.82497916432473,0.44342381953170174,14424
raw,30,0,0.1,equal,21,0.58018608185086,0.8134736002097682,,-0.23541154690190458,0.569620253164557,53.064660290567474,0.2896713670104063,14424
raw,30,0,0.1,volinv,5,0.12153131728754446,0.16108344800163313,,-0.3833628519990181,0.5316455696202531,138.39867376326325,0.7373851600331393,14424
raw,30,0,0.1,volinv,10,0.3326379931914952,0.4346768332698173,,-0.2580915792741568,0.5949367088607594,89.32908804370834,0.48082571195221785,14424
raw,30,0,0.1,volinv,21,0.6133363011717298,0.8612895095392817,-0.01537235939358005,-0.21957165931622424,0.5443037974683544,54.71476908436822,0.295235575556029,14424
raw,30,0,0.2,equal,5,0.7872273544332518,1.1829437883902567,0.1205072430003291,-0.21377421512803274,0.5569620253164557,99.88891201525385,0.4998761358997316,14424
raw,30,0,0.2,equal,10,0.5437490453281635,0.814282127299132,,-0.2807650520902637,0.5569620253164557,71.27452779694553,0.3584627641402783,14424
raw,30,0,0.2,equal,21,0.2870870344733698,0.42091845733186267,,-0.25520664561363204,0.5316455696202531,49.86508832943166,0.2496210166570192,14424
raw,30,0,0.2,volinv,5,0.7203313672589776,1.0672715945649447,-0.02985776701094001,-0.19254923013811365,0.5822784810126582,121.67109847128017,0.5924178796287867,14424
raw,30,0,0.2,volinv,10,0.591650893472649,0.8730439193228177,,-0.219991118187429,0.5443037974683544,80.16979288780301,0.39479977771945535,14424
raw,30,0,0.2,volinv,21,0.3659647349001054,0.5286568284570955,,-0.2859437402912748,0.4810126582278481,52.36274040030936,0.25787465257531716,14424
raw,30,0,0.3,equal,5,0.6301146276876991,0.9425290693549249,-0.12822934743774672,-0.24247031658518015,0.5189873417721519,88.80695463896453,0.42889933653116874,14424
raw,30,0,0.3,equal,10,0.32192659937983836,0.48059083358219284,,-0.2661334242716513,0.5316455696202531,63.23841180277143,0.3073986391829011,14424
raw,30,0,0.3,equal,21,0.3784889179862131,0.5531643997816875,,-0.25739905748287206,0.5063291139240507,43.989324083133816,0.21255593501154732,14424
raw,30,0,0.3,volinv,5,0.4701390397137663,0.6877027973443622,,-0.22627766801259308,0.5189873417721519,110.36849907848087,0.5182884176794547,14424
raw,30,0,0.3,volinv,10,0.4074694072888859,0.5975124635188722,,-0.2113716840737353,0.5189873417721519,71.95492283658803,0.3413174904230054,14424
raw,30,0,0.3,volinv,21,0.544296597863686,0.7882962032934165,,-0.2722996969642021,0.5316455696202531,46.34898564579626,0.22013928498431307,14424
raw,30,2,0.1,equal,5,-0.2500333593163789,-0.33243148996337113,,-0.4119577565149327,0.45569620253164556,115.19849670831489,0.6278247067823676,14424
raw,30,2,0.1,equal,10,-0.12359474767234194,-0.16312584780845746,,-0.37760018248987304,0.45569620253164556,81.76072906056024,0.4483003354632952,14424
raw,30,2,0.1,equal,21,0.4187440318558544,0.5908395394860606,,-0.28330760392115073,0.5189873417721519,52.882685273018176,0.2916804330349385,14424
raw,30,2,0.1,volinv,5,-0.34432020146039993,-0.454392855370849,,-0.4771294396000859,0.45569620253164556,135.65828123196533,0.7206626535249094,14424
raw,30,2,0.1,volinv,10,-0.03382960415202887,-0.04456936213127215,,-0.40281957725473494,0.46835443037974683,89.96873297250025,0.48381485569596905,14424
raw,30,2,0.1,volinv,21,0.4822450982577265,0.6790132187409277,,-0.2641840699565401,0.5063291139240507,54.89636679270804,0.29888795419723035,14424
raw,30,2,0.2,equal,5,0.2006339702019921,0.25789710804107807,,-0.3201840660088925,0.5569620253164557,100.75307477042482,0.5044763611300013,14424
raw,30,2,0.2,equal,10,-0.12089012563808937,-0.15926975429883092,,-0.36669919040703824,0.45569620253164556,70.82936684952644,0.35685215257356295,14424
raw,30,2,0.2,equal,21,0.19734127084022268,0.285176103942082,,-0.3250591449592578,0.5189873417721519,49.17716586940582,0.2484175887627972,14424
raw,30,2,0.2,volinv,5,0.1449042254548281,0.17944781490044168,,-0.3169010063334996,0.5316455696202531,122.4309743448018,0.5969919020261953,14424
raw,30,2,0.2,volinv,10,0.03665845786451172,0.048406916480246254,,-0.3101218895446033,0.4936708860759494,80.0773349346247,0.39477146103806543,14424
raw,30,2,0.2,volinv,21,0.38506311885365335,0.5509427994700625,,-0.21856675991681995,0.5443037974683544,51.60856678571592,0.2563001841345264,14424
raw,30,2,0.3,equal,5,0.23588406658166156,0.3008358610351572,,-0.29125173045004527,0.5063291139240507,88.3213187501773,0.42460776603071104,14424
raw,30,2,0.3,equal,10,-0.012018223601481477,-0.01708222881452161,,-0.36231940685018804,0.45569620253164556,63.56834615662408,0.3079164852327165,14424
raw,30,2,0.3,equal,21,0.08471790414598605,0.12309024199667716,,-0.28247103200080514,0.5189873417721519,44.36386716560212,0.21535141429094123,14424
raw,30,2,0.3,volinv,5,0.28177595468387295,0.34655005459334526,,-0.2559387610933963,0.5443037974683544,109.65411498179266,0.5131942816038267,14424
raw,30,2,0.3,volinv,10,0.18053456759989703,0.2511461698379574,,-0.281713602576135,0.5316455696202531,72.30226539043366,0.3422388515440068,14424
raw,30,2,0.3,volinv,21,0.24479636434949475,0.3522576936176243,,-0.28057824637847373,0.569620253164557,46.78962439635562,0.2229809960441758,14424
raw,45,0,0.1,equal,5,-0.6381797379739417,-0.8443160561421297,,-0.5781754320820081,0.3924050632911392,95.000256637849,0.5159028242376238,14424
raw,45,0,0.1,equal,10,-0.3479894841972347,-0.4722043851045545,,-0.46968557962243973,0.4430379746835443,67.44578555647423,0.36661427892202125,14424
raw,45,0,0.1,equal,21,0.3784370649877126,0.530926743389571,,-0.29032078688685126,0.4936708860759494,45.06198173523159,0.24474715537418354,14424
raw,45,0,0.1,volinv,5,-0.7611937347128671,-0.9893880407929645,,-0.631889719712702,0.4177215189873418,116.74317466049152,0.6142404940464457,14424
raw,45,0,0.1,volinv,10,-0.3796715362927045,-0.5056406517434808,,-0.4881860810518699,0.4430379746835443,76.03767512033896,0.4046437395759278,14424
raw,45,0,0.1,volinv,21,0.24544399922825386,0.3423098060389553,,-0.3158444655116329,0.5063291139240507,47.61966344871468,0.25491834188379064,14424
raw,45,0,0.2,equal,5,-0.09556847032235997,-0.13565524624900613,,-0.44769960161979094,0.46835443037974683,85.78519660692095,0.42717808558376225,14424
raw,45,0,0.2,equal,10,-0.06860623835412435,-0.09729067215413084,,-0.39816154549710925,0.5063291139240507,59.6472554854274,0.29714162366333696,14424
raw,45,0,0.2,equal,21,0.32008518502986166,0.47260151277919193,,-0.37129570795574185,0.5316455696202531,41.04294607531985,0.20548800604391632,14424
raw,45,0,0.2,volinv,5,-0.16477337316507992,-0.2290806760892224,,-0.43609505479034905,0.45569620253164556,108.63249146413963,0.5254074425594746,14424
raw,45,0,0.2,volinv,10,-0.09306363686351118,-0.12988942052801222,,-0.3982782295955708,0.45569620253164556,69.3449311812795,0.33780115786555925,14424
raw,45,0,0.2,volinv,21,0.32578781130331724,0.476823280185814,,-0.3635063430248938,0.5189873417721519,43.93665030268649,0.21592039579591615,14424
raw,45,0,0.3,equal,5,0.08270375895990416,0.11731298737051207,,-0.3392120825982221,0.4810126582278481,73.94003391811948,0.3540464011454659,14424
raw,45,0,0.3,equal,10,0.22042596053489957,0.31789947474426167,,-0.3081504155543374,0.5316455696202531,52.481702289026046,0.251547001728339,14424
raw,45,0,0.3,equal,21,0.5070958992449034,0.7414683625578685,,-0.269688184052537,0.569620253164557,36.52568328744823,0.17595484260581826,14424
raw,45,0,0.3,volinv,5,0.07990429784887408,0.11090338994136173,,-0.3206768527688436,0.5063291139240507,96.09065867591033,0.4463669631733752,14424
raw,45,0,0.3,volinv,10,0.2776630750317812,0.3949791523513439,,-0.3020741412169232,0.4810126582278481,61.83993824189549,0.28930681626970267,14424
raw,45,0,0.3,volinv,21,0.5292531689910497,0.7555423314612854,,-0.30836679832862646,0.5316455696202531,39.44096183258629,0.18638673754928195,14424
raw,45,2,0.1,equal,5,-0.44104375677840496,-0.5910726759173098,,-0.48998165008055916,0.4050632911392405,96.5776514679599,0.5205013580796837,14424
raw,45,2,0.1,equal,10,-0.27934744000648415,-0.3768064669403574,,-0.4247362233275229,0.4430379746835443,68.34386964025067,0.36860821584089576,14424
raw,45,2,0.1,equal,21,0.35290273824334834,0.504519916831932,,-0.34610400442487743,0.4430379746835443,44.93308850404866,0.24438301558046055,14424
raw,45,2,0.1,volinv,5,-0.4937202937475062,-0.6537795400858586,,-0.519739894122626,0.4430379746835443,117.5291291769144,0.6147122000429306,14424
raw,45,2,0.1,volinv,10,-0.17789122482085537,-0.23958179934129986,,-0.3869925384338343,0.4810126582278481,77.0471902599385,0.4073930890750816,14424
raw,45,2,0.1,volinv,21,0.1705638546334094,0.2371880679750711,,-0.3539441906626376,0.46835443037974683,47.43963447972389,0.2543605918346865,14424
raw,45,2,0.2,equal,5,-0.10684892376744654,-0.15180508473089305,,-0.42857467274433925,0.46835443037974683,84.17968896505866,0.4176924366204177,14424
raw,45,2,0.2,equal,10,-0.04507797946573832,-0.06435053083793416,,-0.3716980797024537,0.5316455696202531,60.05694046428394,0.29855739258172387,14424
raw,45,2,0.2,equal,21,0.11881585023473129,0.1725220095342455,,-0.4588124012174646,0.4936708860759494,41.932812137640326,0.2113043805294742,14424
raw,45,2,0.2,volinv,5,-0.08700665831728163,-0.1214709157338182,,-0.39862784270692964,0.45569620253164556,106.69163561744872,0.5146446538862124,14424
raw,45,2,0.2,volinv,10,0.02115590871311054,0.029990487654138108,,-0.3506805947584889,0.5316455696202531,69.44110816920973,0.3382558296020709,14424
raw,45,2,0.2,volinv,21,0.11520255677022995,0.16292941825266058,,-0.4299579832784928,0.5063291139240507,44.87702374084995,0.2226182156356133,14424
raw,45,2,0.3,equal,5,-0.12591562732793563,-0.17615144325048637,,-0.4379602254832794,0.45569620253164556,74.19201331773756,0.3544228474381398,14424
raw,45,2,0.3,equal,10,0.01742124713904644,0.024129814925165426,,-0.3930354745788198,0.4936708860759494,53.793687952724206,0.25872618061691943,14424
raw,45,2,0.3,equal,21,0.32772957523048907,0.47287231713995304,,-0.3725156451742949,0.4936708860759494,36.52705496355595,0.17648494275556834,14424
raw,45,2,0.3,volinv,5,-0.07209920100494739,-0.09938875369452307,,-0.43353608650440534,0.4430379746835443,96.22979951690209,0.44572696245092985,14424
raw,45,2,0.3,volinv,10,0.1445619840194119,0.20197884951536502,,-0.4026028190446992,0.5063291139240507,63.2964079064184,0.29739451386457355,14424
raw,45,2,0.3,volinv,21,0.3832139878688277,0.5401302381712347,,-0.2946596516663754,0.46835443037974683,39.40533368649019,0.18675030601319464,14424
raw,60,0,0.1,equal,5,0.1785801432316754,0.25581620570101554,,-0.3181103421268857,0.4810126582278481,86.19570467921255,0.46148116997120253,14424
raw,60,0,0.1,equal,10,0.15131147895923314,0.21196010279273633,,-0.27481495995435,0.4936708860759494,59.52365790665622,0.32366009408351426,14424
raw,60,0,0.1,equal,21,-0.20391353134461224,-0.2795937588068077,,-0.5248095985837922,0.4810126582278481,41.649178863044234,0.22603694252398931,14424
raw,60,0,0.1,volinv,5,0.028160848904867808,0.03963064974010338,,-0.3745411951428266,0.4810126582278481,107.52268447249624,0.5582900206627581,14424
raw,60,0,0.1,volinv,10,0.06517759342369182,0.08984921259225286,,-0.26190107775892957,0.4936708860759494,67.84783218264452,0.36048841149902855,14424
raw,60,0,0.1,volinv,21,-0.2038742841083409,-0.2772539546066545,,-0.526359974107873,0.4810126582278481,44.45154057212969,0.23771264907229955,14424
raw,60,0,0.2,equal,5,-0.26941232456415154,-0.38122623456298305,,-0.45966750445317495,0.45569620253164556,76.3833188486232,0.38046370208124125,14424
raw,60,0,0.2,equal,10,0.21256444788401213,0.30199131924938577,,-0.34213606329302626,0.5443037974683544,54.16811049296806,0.26974616763369275,14424
raw,60,0,0.2,equal,21,-0.024553168612695877,-0.034891161497501086,,-0.44293905250948395,0.4936708860759494,37.43478220309349,0.18739304472593304,14424
raw,60,0,0.2,volinv,5,-0.33554830838071814,-0.466428567324012,,-0.4952020245343275,0.46835443037974683,98.59746552440055,0.4767299684362827,14424
raw,60,0,0.2,volinv,10,0.21168316946836596,0.29500349191262026,,-0.34464335392026135,0.5569620253164557,64.03550795462792,0.3116965639912675,14424
raw,60,0,0.2,volinv,21,-0.004344214054994883,-0.006138200943470503,,-0.4712941184538243,0.5063291139240507,40.49278823369527,0.1989806413947396,14424
raw,60,0,0.3,equal,5,-0.15628813278458217,-0.21750776400985275,,-0.4087961841566705,0.4936708860759494,64.17235517013219,0.3055752950361592,14424
raw,60,0,0.3,equal,10,0.03485096685725234,0.04812231458124634,,-0.41670726704109196,0.4936708860759494,46.93565429735894,0.22473462932826266,14424
raw,60,0,0.3,equal,21,0.0946532858308782,0.13372855654745067,,-0.4429930584945322,0.5189873417721519,33.05012675693318,0.15844778912724916,14424
raw,60,0,0.3,volinv,5,-0.1479065682794035,-0.20245105402836583,,-0.42602097731697464,0.4936708860759494,86.49029546380082,0.4002938975275444,14424
raw,60,0,0.3,volinv,10,0.12563656165011272,0.17145893224653289,,-0.3583313886915266,0.5063291139240507,56.717103674732414,0.2651357742083803,14424
raw,60,0,0.3,volinv,21,0.11827772749783315,0.16493035448351936,,-0.47238518237194305,0.5063291139240507,35.956880997722514,0.16930155365233107,14424
raw,60,2,0.1,equal,5,-0.1104958980727941,-0.15459613912685757,,-0.37443873116200765,0.43037974683544306,85.9860017223052,0.4601972661441757,14424
raw,60,2,0.1,equal,10,-0.1696201054307799,-0.23166502508681464,,-0.34041073776169894,0.4430379746835443,60.86042347903094,0.3302623367160791,14424
raw,60,2,0.1,equal,21,-0.09410929952369845,-0.13116042864377495,,-0.42300927508892583,0.45569620253164556,41.92595836161706,0.22753991536331475,14424
raw,60,2,0.1,volinv,5,-0.1529182109245205,-0.2111313687431852,,-0.40275273635563014,0.43037974683544306,106.84738714854703,0.5549804178721272,14424
raw,60,2,0.1,volinv,10,-0.1152251863922749,-0.1557405823785705,,-0.3222253158839069,0.46835443037974683,68.68765923523951,0.36488648150223135,14424
raw,60,2,0.1,volinv,21,0.009680393238517621,0.013403286060463758,,-0.4261626735885753,0.4430379746835443,44.62996679762805,0.23894393044205248,14424
raw,60,2,0.2,equal,5,-0.3386825204435169,-0.48117930123947744,,-0.5405760012074479,0.4177215189873418,76.27279665838714,0.3805491226299275,14424
raw,60,2,0.2,equal,10,-0.1638605140843734,-0.2332629356089345,,-0.45316511282791816,0.5063291139240507,54.94156427725866,0.2771936294363539,14424
raw,60,2,0.2,equal,21,-0.06353433070642253,-0.09166284413912539,,-0.36784867769861673,0.4936708860759494,37.12817897914677,0.1852128071916307,14424
raw,60,2,0.2,volinv,5,-0.2520550868622021,-0.3508052680424181,,-0.5101394821698276,0.4430379746835443,98.18119786646577,0.47512955328028106,14424
raw,60,2,0.2,volinv,10,-0.039557021313586814,-0.05548389093313718,,-0.38026119887556087,0.5316455696202531,64.03344600133113,0.3153054194286085,14424
raw,60,2,0.2,volinv,21,-0.04372581575735541,-0.06188242990867501,,-0.4176208537909192,0.4810126582278481,40.261166212184754,0.19758380946843318,14424
raw,60,2,0.3,equal,5,-0.23448616252386845,-0.32843798164132026,,-0.5432232888790436,0.45569620253164556,64.54486958275511,0.3081275862909687,14424
raw,60,2,0.3,equal,10,-0.07937237327180952,-0.10917898307572321,,-0.48880188366955846,0.4430379746835443,47.26286248296303,0.22712760745864208,14424
raw,60,2,0.3,equal,21,0.11442913831842819,0.1635075503982713,,-0.3694522643420324,0.5063291139240507,32.67049806508302,0.15687108978639447,14424
raw,60,2,0.3,volinv,5,-0.09942527515651406,-0.13725300107587024,,-0.5149101982896507,0.4810126582278481,86.59901424067044,0.40187609780288225,14424
raw,60,2,0.3,volinv,10,0.1948874483591194,0.27079910958577436,,-0.45657993043066303,0.45569620253164556,56.569660532667115,0.26532912426893074,14424
raw,60,2,0.3,volinv,21,0.22117937605603324,0.3102164268505986,,-0.4121591740882182,0.46835443037974683,35.35922098825344,0.16664103138619418,14424
raw,90,0,0.1,equal,5,-0.06791727810363653,-0.09377163893513607,,-0.35558098381568537,0.43037974683544306,73.38296024667697,0.3927149447042345,14424
raw,90,0,0.1,equal,10,-0.10232068899492394,-0.1414169949706415,,-0.35659398405803,0.46835443037974683,52.14738016413838,0.2798201544068435,14424
raw,90,0,0.1,equal,21,0.5744358369248379,0.8040115328903474,,-0.22968994246711794,0.5316455696202531,34.46203194799285,0.18537042304318685,14424
raw,90,0,0.1,volinv,5,-0.007851747316454508,-0.010839427636372235,,-0.3044599001107201,0.4936708860759494,93.73467367544875,0.482633162217941,14424
raw,90,0,0.1,volinv,10,-0.03409425115337015,-0.0468725520155328,,-0.3141768217547297,0.4177215189873418,60.705331548256275,0.3169794207595542,14424
raw,90,0,0.1,volinv,21,0.5921392811477417,0.8271724100975322,,-0.24869142845839798,0.5316455696202531,37.165915110628184,0.1954720953921887,14424
raw,90,0,0.2,equal,5,0.06542776509174894,0.09236788655627592,,-0.3917303786520655,0.4810126582278481,64.43878510376297,0.3192029168060408,14424
raw,90,0,0.2,equal,10,0.14435123680382342,0.2062750479737032,,-0.42882223562965116,0.4430379746835443,45.87196358848953,0.2288060784300111,14424
raw,90,0,0.2,equal,21,0.42045425876283765,0.597024547774197,,-0.288904442314348,0.4810126582278481,31.694589769767255,0.1573835067716278,14424
raw,90,0,0.2,volinv,5,0.0618777207278296,0.08572964629558227,,-0.35416482029698837,0.4810126582278481,86.63656579042136,0.4150956957717157,14424
raw,90,0,0.2,volinv,10,0.1537597998373009,0.21433785621632065,,-0.3377153242699339,0.5063291139240507,55.47617223009038,0.27002983610014136,14424
raw,90,0,0.2,volinv,21,0.4453866734844442,0.6255619003101615,,-0.2701336971601338,0.5443037974683544,34.87793648447392,0.17025743980608782,14424
raw,90,0,0.3,equal,5,0.048569235579167536,0.06804768420131242,,-0.34262288995293133,0.4430379746835443,55.806231732792334,0.26590365946799915,14424
raw,90,0,0.3,equal,10,0.23383361911675607,0.3310384008501561,,-0.3927741797757168,0.45569620253164556,40.23410705704483,0.19148863982340714,14424
raw,90,0,0.3,equal,21,0.36965744956962565,0.5226860526102692,,-0.32152461624274287,0.5063291139240507,27.698667786414443,0.13203271774208197,14424
raw,90,0,0.3,volinv,5,0.1107525459239578,0.15436653593178035,,-0.40321197485662896,0.4430379746835443,77.914877032228,0.3594153108856566,14424
raw,90,0,0.3,volinv,10,0.323726388949735,0.45180023456363255,,-0.3224748810141851,0.4936708860759494,49.7961467389561,0.23150989847773032,14424
raw,90,0,0.3,volinv,21,0.44252407310561526,0.620744468009874,,-0.36233019188689186,0.5569620253164557,30.67422220938845,0.14358733101524118,14424
raw,90,2,0.1,equal,5,-0.15287847637101443,-0.2080335893112515,,-0.35214689054809944,0.4430379746835443,74.94619441681935,0.4009886752476186,14424
raw,90,2,0.1,equal,10,-0.13922839231780168,-0.19414122885348836,,-0.37287422078536503,0.4430379746835443,52.85742984361402,0.28211835338213365,14424
raw,90,2,0.1,equal,21,0.491914898049912,0.701145319542964,,-0.23862191483723583,0.569620253164557,34.6119481311349,0.18690447839821606,14424
raw,90,2,0.1,volinv,5,-0.1541713224512407,-0.20897508099756662,,-0.36836037799309185,0.45569620253164556,95.16799589988538,0.49179570674392226,14424
raw,90,2,0.1,volinv,10,-0.03684205637011372,-0.05137551139079184,,-0.32449096299888647,0.5063291139240507,61.28941317205889,0.3195649585590855,14424
raw,90,2,0.1,volinv,21,0.5617184796704644,0.8063510153961075,,-0.279198994285058,0.4936708860759494,37.54304920539162,0.1989172087619833,14424
raw,90,2,0.2,equal,5,-0.2743541593937652,-0.3741125274920932,,-0.5136128724366992,0.4050632911392405,65.94974131921421,0.32615610161499436,14424
raw,90,2,0.2,equal,10,-0.002905595215083915,-0.004010853862483589,,-0.40273493546239747,0.4810126582278481,46.84560397732614,0.2321374962401495,14424
raw,90,2,0.2,equal,21,0.23654347245041266,0.3374396770128022,,-0.28587032665542444,0.4810126582278481,31.9313046104897,0.15878026697513517,14424
raw,90,2,0.2,volinv,5,-0.20627684621159462,-0.27729257959033493,,-0.47026978600059677,0.4177215189873418,87.69947618685022,0.41984822484537976,14424
raw,90,2,0.2,volinv,10,0.12549481860272824,0.17172079079703584,,-0.3206093034024661,0.4936708860759494,56.177708455585766,0.27174555454464194,14424
raw,90,2,0.2,volinv,21,0.22315333709759894,0.31389623196413474,,-0.35795394834978267,0.5189873417721519,35.28912342911282,0.17210626061980058,14424
raw,90,2,0.3,equal,5,0.0760229992136398,0.10501317210617485,,-0.4035764166193496,0.46835443037974683,56.11976032057695,0.2664088461467025,14424
raw,90,2,0.3,equal,10,0.08116432273369262,0.11280869586906843,,-0.41271190608017816,0.4810126582278481,40.49488183232036,0.19257351427570993,14424
raw,90,2,0.3,equal,21,0.1496463527061079,0.21214530271453236,,-0.3063180153521685,0.4810126582278481,27.798162226701635,0.1327657253815885,14424
raw,90,2,0.3,volinv,5,0.176449178215097,0.24393413672659486,,-0.473480650263831,0.4810126582278481,77.67855048048749,0.3568950099566871,14424
raw,90,2,0.3,volinv,10,0.1838299360382465,0.25337273565802293,,-0.40890134757209673,0.4810126582278481,49.64274406917773,0.2303273434770453,14424
raw,90,2,0.3,volinv,21,0.18441245950777946,0.25510425325393676,,-0.37149489910979683,0.5189873417721519,30.880713650225278,0.14455636031712957,14424
riskadj,5,0,0.1,equal,5,0.9767195510466603,1.2476380148356259,0.36532503098644087,-0.2918705483736568,0.6075949367088608,242.56241597176435,1.288592728993244,14424
riskadj,5,0,0.1,equal,10,0.8236651858208885,1.1075351956008526,0.12698389512092179,-0.2945708198870468,0.6075949367088608,123.16465730133514,0.6530321847958704,14424
riskadj,5,0,0.1,equal,21,0.5159956360941751,0.7215422579320372,,-0.3119866243483326,0.5569620253164557,60.0958422185299,0.31721044169092305,14424
riskadj,5,0,0.1,volinv,5,1.021476268849746,1.3096196938592517,0.3744830386971812,-0.30005554070369667,0.5822784810126582,247.8454702380273,1.2905830588143676,14424
riskadj,5,0,0.1,volinv,10,0.7990813364474234,1.0739851805439837,0.1513807880583111,-0.3397229935141165,0.5822784810126582,125.29722602934993,0.6518047367900661,14424
riskadj,5,0,0.1,volinv,21,0.34774156541247037,0.47743896607016156,,-0.28241511302700195,0.5443037974683544,60.74539727583314,0.3158068620904574,14424
riskadj,5,0,0.2,equal,5,1.1075062934887974,1.4840258253956178,0.4067924380024662,-0.31183784945435433,0.620253164556962,225.8581338626271,1.1263700930594973,14424
riskadj,5,0,0.2,equal,10,0.6683548745615406,0.9140222795124204,0.08813199654309463,-0.24428051243179327,0.569620253164557,115.08124293588027,0.5758958258632136,14424
riskadj,5,0,0.2,equal,21,0.13624687881722855,0.1798529788243393,,-0.3706348426953041,0.5189873417721519,56.74186157564807,0.28243395932904525,14424
riskadj,5,0,0.2,volinv,5,1.1126917220348893,1.5179951482212082,0.415079227324441,-0.3319180359717864,0.6455696202531646,233.79689211237982,1.1426208573282266,14424
riskadj,5,0,0.2,volinv,10,0.6661818465077465,0.9257630698585602,0.06651428026986424,-0.2614588123391772,0.5316455696202531,118.41427524372658,0.581616274719061,14424
riskadj,5,0,0.2,volinv,21,0.12076551379823947,0.15748430940838387,,-0.3766003818760377,0.5189873417721519,58.04118276678988,0.28425381739965616,14424
riskadj,5,0,0.3,equal,5,0.869966894113202,1.166608333185814,0.2370926709315426,-0.306665850375875,0.5569620253164557,204.671655933105,0.9944461832089984,14424
riskadj,5,0,0.3,equal,10,0.3655938057012897,0.4976864550594965,,-0.24072446156061533,0.5443037974683544,103.31331527420792,0.5026917395942833,14424
riskadj,5,0,0.3,equal,21,0.1354894075073048,0.18971719683211616,,-0.3142512888377411,0.4810126582278481,51.53702706924174,0.24966609393327435,14424
riskadj,5,0,0.3,volinv,5,0.9076608790604307,1.241238013121021,0.22379361756479063,-0.30057731765925166,0.5949367088607594,214.45624108258562,1.0211977712789952,14424
riskadj,5,0,0.3,volinv,10,0.2835878121984942,0.3886727164389098,,-0.25744289654116126,0.5443037974683544,107.49990014073614,0.5134221528096377,14424
riskadj,5,0,0.3,volinv,21,0.1994344042350366,0.2752617480644455,,-0.28221963038925135,0.4810126582278481,52.89742186195731,0.25199707787637105,14424
riskadj,5,2,0.1,equal,5,0.8725479776692914,1.1648857853807195,0.12037134964324119,-0.27468140206479086,0.569620253164557,241.464294104887,1.2839931856612168,14424
riskadj,5,2,0.1,equal,10,1.3901734490224338,1.841982414218961,0.7064697323932156,-0.19904302715171507,0.6582278481012658,122.65050433122335,0.6525986091766153,14424
riskadj,5,2,0.1,equal,21,0.7307002125521713,1.0894982971491376,0.09500524361111881,-0.1963120974074537,0.5569620253164557,59.85171344789811,0.31769164744920525,14424
riskadj,5,2,0.1,volinv,5,0.9207905471850694,1.229294910800261,0.2177951949592796,-0.26294858880765104,0.6075949367088608,247.3849679963033,1.2900737092954542,14424
riskadj,5,2,0.1,volinv,10,1.4777942555868642,1.9694590965290235,0.8168138741687965,-0.19772995650270808,0.6835443037974683,124.59807068925824,0.6504405077987649,14424
riskadj,5,2,0.1,volinv,21,0.7310406439777637,1.0556433277129358,0.05431515030475574,-0.1914116908364818,0.569620253164557,60.104551045836644,0.3135821957792186,14424
riskadj,5,2,0.2,equal,5,0.6543755518499004,0.9180976800865867,-0.018464464051926723,-0.2668243041051267,0.5949367088607594,227.70759051061154,1.1395075969542805,14424
riskadj,5,2,0.2,equal,10,1.1314897964012014,1.555449301963292,0.4193860402976796,-0.18688079320907192,0.620253164556962,114.38030076661641,0.5736412774112197,14424
riskadj,5,2,0.2,equal,21,0.3854515073933598,0.5713995511184231,,-0.3389246432935228,0.5063291139240507,56.99990154190598,0.2841704854488936,14424
riskadj,5,2,0.2,volinv,5,0.71248227299768,0.9891163458850507,0.004164277472345786,-0.3032158617592672,0.5316455696202531,236.0436126472501,1.159014159381927,14424
riskadj,5,2,0.2,volinv,10,1.4170097516794982,1.9994471990236389,0.7222754288507816,-0.1421747988811881,0.6835443037974683,117.58694293530256,0.5782167113801153,14424
riskadj,5,2,0.2,volinv,21,0.4329411952180197,0.6142335573995591,,-0.3427343364324784,0.5189873417721519,57.57425530574156,0.2817524444090639,14424
riskadj,5,2,0.3,equal,5,0.4084160157609199,0.5736026408162019,,-0.41220923260377884,0.5316455696202531,204.61614202771267,0.9933585855273037,14424
riskadj,5,2,0.3,equal,10,0.808954012438355,1.1070506225246324,0.05413193251219085,-0.22666032290597815,0.6075949367088608,103.08762660696851,0.5016412069944338,14424
riskadj,5,2,0.3,equal,21,0.20576529758296944,0.2944121597786097,,-0.38185707943894487,0.5063291139240507,51.51537721096059,0.2494036084724047,14424
riskadj,5,2,0.3,volinv,5,0.47384287284781257,0.6568000394827995,,-0.4224240090925172,0.5443037974683544,215.0767158299299,1.0235474425985438,14424
riskadj,5,2,0.3,volinv,10,1.0204534871275075,1.399506995590975,0.3079180768109832,-0.20086683064273747,0.6582278481012658,107.17433390964811,0.5115480088319168,14424
riskadj,5,2,0.3,volinv,21,0.3033484454196735,0.41963186656057516,,-0.40337140943591787,0.5443037974683544,52.73007732210209,0.25077842783636906,14424
riskadj,10,0,0.1,equal,5,0.7346357255120058,0.9538147185420263,0.045186834547901296,-0.3524524125788222,0.6075949367088608,187.0226192833734,0.9909985210217442,14424
riskadj,10,0,0.1,equal,10,0.7401849556027457,0.9624936430473601,0.11663556633915104,-0.21902224918613122,0.5569620253164557,122.81066766807137,0.6589876907611432,14424
riskadj,10,0,0.1,equal,21,0.03745799652248416,0.05376472120350421,,-0.4316587417583958,0.4936708860759494,59.788610166925714,0.32226012483095123,14424
riskadj,10,0,0.1,volinv,5,0.6615737882728214,0.8608470310934428,0.005793430630446441,-0.32843023479981115,0.5949367088607594,199.3661495420894,1.0306631395104753,14424
riskadj,10,0,0.1,volinv,10,0.7576490839859852,0.9774146063590532,0.1055073726536213,-0.22139863685902594,0.5569620253164557,124.73571727834896,0.6557929448122872,14424
riskadj,10,0,0.1,volinv,21,0.016177631332187987,0.023241190409012392,,-0.4353975061757682,0.4810126582278481,60.471322677071036,0.31911952734928806,14424
riskadj,10,0,0.2,equal,5,1.1239137397116241,1.6481974932406354,0.449771403736117,-0.24373363205928478,0.5949367088607594,169.6207978232255,0.8412725713365806,14424
riskadj,10,0,0.2,equal,10,0.6313475660338719,0.8993825009652303,0.0008366440871794883,-0.1795933905403967,0.569620253164557,115.40603267199994,0.5802920284659167,14424
riskadj,10,0,0.2,equal,21,0.195155620490297,0.28431456518761555,,-0.37256721117020486,0.5443037974683544,56.992453390201824,0.28552147871678646,14424
riskadj,10,0,0.2,volinv,5,1.0357478011022534,1.5089133894598028,0.37407893814268695,-0.27428567416592775,0.5949367088607594,183.4456722358874,0.8896092707701664,14424
riskadj,10,0,0.2,volinv,10,0.7228691946553883,1.0314583514249551,0.06813722116454418,-0.14963232107183433,0.5569620253164557,118.21650007759091,0.5823319660434443,14424
riskadj,10,0,0.2,volinv,21,0.050445451880904026,0.07271698675576245,,-0.3738415273541783,0.5569620253164557,57.6926483995384,0.2826116906943694,14424
riskadj,10,0,0.3,equal,5,1.0331537858489148,1.5094680805698792,0.28929255176944163,-0.2522726043534359,0.620253164556962,147.9597006951782,0.7126052491358408,14424
riskadj,10,0,0.3,equal,10,0.7081229934429564,1.0204279158611005,-0.006996117264667256,-0.19993285800595073,0.6329113924050633,103.64640448732953,0.5054151571458246,14424
riskadj,10,0,0.3,equal,21,0.16289547330042922,0.24185408488947763,,-0.413497649444289,0.5822784810126582,51.60021200443925,0.2506032482794063,14424
riskadj,10,0,0.3,volinv,5,1.0257888830037845,1.5134371093248116,0.3640529393721841,-0.24309739341293346,0.620253164556962,163.89637598590383,0.7717269279928625,14424
riskadj,10,0,0.3,volinv,10,0.7989644659607764,1.158480902694095,0.1266661569193906,-0.20158983549671727,0.620253164556962,107.82706635663888,0.515395465258644,14424
riskadj,10,0,0.3,volinv,21,-0.00027051360319161916,-0.0003889089442497555,,-0.3967662749590698,0.569620253164557,52.45294017596993,0.24963856204070997,14424
riskadj,10,2,0.1,equal,5,0.2857183768311935,0.3647740126899541,,-0.4090094309874792,0.5569620253164557,186.98974914192198,0.9937330858263143,14424
riskadj,10,2,0.1,equal,10,0.7917073592777281,1.04679650863155,0.1765291811525197,-0.26536336295636365,0.569620253164557,121.83927364681256,0.6560355059130356,14424
riskadj,10,2,0.1,equal,21,-0.2745134114894846,-0.3782169294433765,,-0.498332645991857,0.43037974683544306,60.40879773338849,0.32268632900362126,14424
riskadj,10,2,0.1,volinv,5,0.3575060827316183,0.4556276663824407,,-0.384567087089039,0.5569620253164557,199.88552947045105,1.038277030489133,14424
riskadj,10,2,0.1,volinv,10,0.898991783887285,1.1732517858407667,0.2673178808330777,-0.25982543561241866,0.6075949367088608,124.09959196167192,0.6552394512973436,14424
riskadj,10,2,0.1,volinv,21,-0.3872225284122084,-0.5113091148371972,,-0.5289026904656415,0.46835443037974683,60.814092984710314,0.31966601107233933,14424
riskadj,10,2,0.2,equal,5,0.6507541751253403,0.9192722079940204,-0.021629271660096303,-0.18680954431017394,0.6075949367088608,168.29262841424983,0.8328538626800784,14424
riskadj,10,2,0.2,equal,10,0.8669251405577775,1.2289991644058607,0.1546564535919977,-0.21872486206771957,0.5949367088607594,114.81410423813213,0.575987105421259,14424
riskadj,10,2,0.2,equal,21,0.20162149132449886,0.2947066430791786,,-0.3091944873701673,0.5569620253164557,57.654384155685435,0.28773032345003413,14424
riskadj,10,2,0.2,volinv,5,0.8671510348961431,1.2282969876240823,0.21734216603798684,-0.1718752794075784,0.6075949367088608,182.80623770077497,0.8845810060269388,14424
riskadj,10,2,0.2,volinv,10,1.0745030932703907,1.5141427892231083,0.4262903859821852,-0.20566763768710428,0.5949367088607594,117.85427886704757,0.5808781168221342,14424
riskadj,10,2,0.2,volinv,21,0.02412235757801597,0.033632978904405725,,-0.3478663482164356,0.5063291139240507,58.42391499984724,0.28642952893594253,14424
riskadj,10,2,0.3,equal,5,0.7089877058695571,1.0180001919624537,0.038586350703698195,-0.215157761727789,0.5443037974683544,147.13951581840308,0.7067562224276753,14424
riskadj,10,2,0.3,equal,10,0.768323375840176,1.0793626058614454,0.016428233813073748,-0.23597853091750975,0.569620253164557,103.07751920992432,0.5005317013122279,14424
riskadj,10,2,0.3,equal,21,0.21767797823021418,0.32762660803203986,,-0.28273264213462235,0.5569620253164557,51.7904047059984,0.25068541367385927,14424
riskadj,10,2,0.3,volinv,5,0.9469914890706499,1.3509033266624155,0.3148526688403326,-0.19947450123468025,0.5822784810126582,163.24201922379663,0.7665367229982318,14424
riskadj,10,2,0.3,volinv,10,0.9364937176078661,1.3074513501333767,0.28378828859643296,-0.21865185945607157,0.620253164556962,107.37798432151223,0.5118151385888465,14424
riskadj,10,2,0.3,volinv,21,0.10817804465756162,0.15631446012044117,,-0.31477407726470086,0.5063291139240507,53.09150720995207,0.252070353135157,14424
riskadj,20,0,0.1,equal,5,0.4622289264701749,0.6301333907168271,,-0.3303404000397434,0.569620253164557,145.14389212729293,0.769024448125684,14424
riskadj,20,0,0.1,equal,10,0.4906838678877618,0.6664562810646637,,-0.27729984437195354,0.5316455696202531,97.40439500726889,0.5210303715261846,14424
riskadj,20,0,0.1,equal,21,0.9994120762712153,1.580856144652648,0.4037658321240316,-0.18244939319663467,0.5443037974683544,58.69874605998223,0.31253264082945975,14424
riskadj,20,0,0.1,volinv,5,0.5375921956852212,0.7362242657092334,,-0.303606962299396,0.5822784810126582,159.83125262733643,0.8217137801799584,14424
riskadj,20,0,0.1,volinv,10,0.5287053931627165,0.7043847939641884,,-0.26988977313609963,0.5569620253164557,102.69996338754805,0.5355219525999522,14424
riskadj,20,0,0.1,volinv,21,1.0873523272471404,1.665187302258981,0.4967700816732024,-0.18353836112513122,0.5569620253164557,58.995418338276195,0.3074621353499142,14424
riskadj,20,0,0.2,equal,5,0.9088081389150394,1.260139051085464,0.2779273789387303,-0.2874831469266883,0.5949367088607594,124.60209068051597,0.6142979770328939,14424
riskadj,20,0,0.2,equal,10,0.8410615241625264,1.174731863811682,0.2667229164244469,-0.2560772230101249,0.5822784810126582,85.52256210162881,0.424821579806933,14424
riskadj,20,0,0.2,equal,21,0.613170686685214,0.9223635125810089,0.034490125799789974,-0.27077737462117224,0.5316455696202531,56.04291257400041,0.27913073708638403,14424
riskadj,20,0,0.2,volinv,5,1.0930800095186395,1.5052919654178878,0.3928062393575683,-0.21807719422180138,0.5822784810126582,141.71080545682423,0.679972572660264,14424
riskadj,20,0,0.2,volinv,10,1.0676679690186441,1.4539584115241249,0.3816657389217006,-0.1720639437768049,0.6455696202531646,91.57787152099282,0.4448218483836634,14424
riskadj,20,0,0.2,volinv,21,0.6042141668485421,0.8861373278528528,-0.004549275781760011,-0.2634480404469196,0.5189873417721519,56.72778850768106,0.2773582834075745,14424
riskadj,20,0,0.3,equal,5,0.7065995698647571,1.0365193358281959,0.04437623953190934,-0.24240454776177578,0.569620253164557,109.11069527480437,0.521117448234637,14424
riskadj,20,0,0.3,equal,10,0.8724955168271497,1.279560132260257,0.2788447950376429,-0.25739438539324566,0.5569620253164557,75.59040942301466,0.36473248326160074,14424
riskadj,20,0,0.3,equal,21,0.5060826504114266,0.7277712197140227,,-0.2733252284312583,0.569620253164557,50.63820412364618,0.24454148758606148,14424
riskadj,20,0,0.3,volinv,5,0.7947846354115176,1.1570339683324704,0.04288663090529597,-0.22658638895830796,0.569620253164557,128.10881909635515,0.5969994819370921,14424
riskadj,20,0,0.3,volinv,10,1.029513565341508,1.4797743967132437,0.3773975429329412,-0.1706011226508778,0.5949367088607594,82.70420242258365,0.39023352070478057,14424
riskadj,20,0,0.3,volinv,21,0.5557118450655033,0.7869632525838931,,-0.28150280780627257,0.5316455696202531,51.529147519120194,0.2443677825089065,14424
riskadj,20,2,0.1,equal,5,0.028480740047052835,0.03809355835640477,,-0.3980008019224417,0.5316455696202531,145.61737547854742,0.7744998503060874,14424
riskadj,20,2,0.1,equal,10,0.37141782869375534,0.48902943923341174,,-0.30236046086259694,0.5189873417721519,98.43292967981907,0.5284803456358583,14424
riskadj,20,2,0.1,equal,21,0.9278429069140196,1.412844794003903,0.3449845252616062,-0.28370271660470237,0.620253164556962,58.95129485195674,0.31303016279133977,14424
riskadj,20,2,0.1,volinv,5,0.04754945729569545,0.06389887323814503,,-0.36992199603126674,0.4810126582278481,161.54599623141684,0.8365890019206937,14424
riskadj,20,2,0.1,volinv,10,0.47186198418990255,0.6079897491129059,,-0.26724152450711514,0.5316455696202531,103.60539780559684,0.5440302549048864,14424
riskadj,20,2,0.1,volinv,21,0.9720424218427611,1.4459099955346533,0.3683905494974815,-0.23899885123364795,0.5316455696202531,59.602886669031484,0.3095565275669039,14424
riskadj,20,2,0.2,equal,5,0.281324451291271,0.42033298064204494,,-0.33027805916910213,0.4936708860759494,125.6522799985749,0.621543131469463,14424
riskadj,20,2,0.2,equal,10,0.8257698805153502,1.2024722761433526,0.15791424171285695,-0.2810162085583813,0.5189873417721519,86.12671804911861,0.4296474291239174,14424
riskadj,20,2,0.2,equal,21,0.6257057885225988,0.9414851016471012,-0.004635812091149019,-0.23961412365680457,0.569620253164557,55.6787210920834,0.27808048401814267,14424
riskadj,20,2,0.2,volinv,5,0.37413613842015214,0.555616786959904,,-0.27110143082306504,0.5063291139240507,142.80188574273527,0.6880543610039009,14424
riskadj,20,2,0.2,volinv,10,0.9988114090982513,1.4449726376300398,0.33775373904096445,-0.22671112194486398,0.6455696202531646,92.06170185061139,0.44949399771622744,14424
riskadj,20,2,0.2,volinv,21,0.6333952491223352,0.9233873073252646,0.02336867522812351,-0.26219733023643255,0.5189873417721519,56.761213074699285,0.2786606091970593,14424
riskadj,20,2,0.3,equal,5,0.28577848428839936,0.4337751363768935,,-0.3027832760482705,0.5063291139240507,108.4751344191729,0.5190032017441325,14424
riskadj,20,2,0.3,equal,10,0.47266695909753464,0.6984409439628694,,-0.2905787417951514,0.5316455696202531,76.30809902401484,0.3696192164876234,14424
riskadj,20,2,0.3,equal,21,0.34247055169948953,0.49734552814728566,,-0.262909383581047,0.5569620253164557,50.37765207550134,0.2434822502921387,14424
riskadj,20,2,0.3,volinv,5,0.3490362293721029,0.5236803987388796,,-0.2925908127407282,0.4810126582278481,126.78809999901002,0.5911815575906243,14424
riskadj,20,2,0.3,volinv,10,0.5715901727534005,0.8408579777186366,,-0.25190937068759645,0.5569620253164557,83.01819978622764,0.39366626335931487,14424
riskadj,20,2,0.3,volinv,21,0.34513593516148017,0.4912600341201611,,-0.3115478762310402,0.5316455696202531,51.71331960193048,0.24586758760913452,14424
riskadj,30,0,0.1,equal,5,0.3646694275167604,0.4902844428468427,,-0.37787587226603125,0.5316455696202531,123.60633962224144,0.6608394602300829,14424
riskadj,30,0,0.1,equal,10,0.7234676118030684,1.0056920323723721,0.12799845742416216,-0.2629821748663309,0.620253164556962,83.04522125387471,0.4450464490486473,14424
riskadj,30,0,0.1,equal,21,0.5786884233072185,0.8592003386800126,,-0.2640590886090166,0.5316455696202531,52.752134234345256,0.2820075346327795,14424
riskadj,30,0,0.1,volinv,5,0.3598338102523744,0.4851533308736436,,-0.36137270377563946,0.4936708860759494,139.86718633744348,0.7245870550670079,14424
riskadj,30,0,0.1,volinv,10,0.6532670418684579,0.8907964723237473,0.07548882684448162,-0.25077362930170444,0.6075949367088608,89.3475143936192,0.46687710160070917,14424
riskadj,30,0,0.1,volinv,21,0.6178944362673056,0.8982164485184615,0.035135238863995194,-0.3410446518235968,0.5063291139240507,54.09187480459784,0.2832098242047454,14424
riskadj,30,0,0.2,equal,5,0.8464462089318758,1.2773000616493737,0.17714256546616444,-0.2657687406829904,0.5822784810126582,103.98973031026449,0.5145367803558589,14424
riskadj,30,0,0.2,equal,10,0.6712112486030855,1.012703750953726,-0.02195212757985392,-0.29068144650867733,0.5443037974683544,72.85130562541913,0.36301210165102704,14424
riskadj,30,0,0.2,equal,21,0.32965409240358695,0.453991663995039,,-0.27583599349089283,0.5189873417721519,49.720444523457445,0.2462321545480734,14424
riskadj,30,0,0.2,volinv,5,0.7709869131144219,1.1277792972437921,0.08577066115490764,-0.2104283529250236,0.5443037974683544,122.6306105023717,0.5889066987377791,14424
riskadj,30,0,0.2,volinv,10,0.657113673534244,0.9624370391704562,-0.07693075257299223,-0.2023047998719293,0.5189873417721519,80.36339854412974,0.39081481318091144,14424
riskadj,30,0,0.2,volinv,21,0.3118981010483273,0.4154882261382723,,-0.2853472710277285,0.5189873417721519,51.33271111293706,0.2500627333119541,14424
riskadj,30,0,0.3,equal,5,0.49585842168533556,0.741505619519447,,-0.25921626068496995,0.5316455696202531,90.25046198298139,0.43372728270156546,14424
riskadj,30,0,0.3,equal,10,0.2956752334143051,0.44385484111497636,,-0.3323728040321141,0.5316455696202531,63.84039415551167,0.30910139132031017,14424
riskadj,30,0,0.3,equal,21,0.39640848772090415,0.5382461233099055,,-0.2565166374943788,0.4936708860759494,43.43371552741822,0.20888647687112072,14424
riskadj,30,0,0.3,volinv,5,0.47192082129782587,0.6867469387938615,,-0.22532491532311583,0.5316455696202531,110.18148746515625,0.5140747602351066,14424
riskadj,30,0,0.3,volinv,10,0.36388689171787025,0.5294417901626125,,-0.26032133089498666,0.5443037974683544,71.66854427325521,0.33888855230287473,14424
riskadj,30,0,0.3,volinv,21,0.5081736502457583,0.6763944700681565,,-0.20642204394114427,0.5189873417721519,45.31071476474194,0.21446522594592737,14424
riskadj,30,2,0.1,equal,5,0.030514290308446948,0.04199017231334115,,-0.43799505416011253,0.5316455696202531,121.27445922978796,0.6450379072604555,14424
riskadj,30,2,0.1,equal,10,0.15130128080506622,0.20508189004737926,,-0.29338601396642294,0.4936708860759494,84.33755178604143,0.45069316869381076,14424
riskadj,30,2,0.1,equal,21,0.8665874102165135,1.2907112169846282,0.1965470006938969,-0.2653201425201597,0.5316455696202531,52.87425898130178,0.28359448059132997,14424
riskadj,30,2,0.1,volinv,5,0.0037812232533149847,0.005198057349430586,,-0.4311087147539474,0.5189873417721519,138.14397305434923,0.7126427764170908,14424
riskadj,30,2,0.1,volinv,10,0.19100812207358409,0.25923684893378074,,-0.2882514694103101,0.5063291139240507,90.49114469325583,0.47144395267110006,14424
riskadj,30,2,0.1,volinv,21,0.9166676256911225,1.3462328745630041,0.27665596107778356,-0.22540350276192667,0.5316455696202531,54.58162313097154,0.28687046754094514,14424
riskadj,30,2,0.2,equal,5,0.10354172825385807,0.14946872028570748,,-0.34688722181480847,0.5316455696202531,104.0109119894,0.5138995330273219,14424
riskadj,30,2,0.2,equal,10,-0.03371006707102392,-0.04672128913843935,,-0.4080819479759965,0.5063291139240507,73.06549127887452,0.36388937240960606,14424
riskadj,30,2,0.2,equal,21,0.07153207180265059,0.0965444996251888,,-0.3370072505398233,0.45569620253164556,48.89602322433442,0.24427824876864884,14424
riskadj,30,2,0.2,volinv,5,0.2396963806210941,0.3348172142657099,,-0.25833214196124965,0.5316455696202531,123.12960958143314,0.5915088225941523,14424
riskadj,30,2,0.2,volinv,10,0.11558846984688576,0.15887870106784732,,-0.2914526987129258,0.5063291139240507,80.39622586565896,0.39125848843651684,14424
riskadj,30,2,0.2,volinv,21,0.10468096321344732,0.13786855222450703,,-0.3011075477843379,0.4177215189873418,50.74393247838609,0.24903336044336402,14424
riskadj,30,2,0.3,equal,5,0.06682412390021299,0.09538841523750971,,-0.3684481655755728,0.5569620253164557,89.5160874680727,0.4276405798898483,14424
riskadj,30,2,0.3,equal,10,0.06808822466190508,0.0979467319133245,,-0.380897989803052,0.5316455696202531,64.67533369548877,0.31114052216280347,14424
riskadj,30,2,0.3,equal,21,0.09658226548112692,0.13150279153062153,,-0.27888289632341823,0.45569620253164556,43.691664605372566,0.21139676140172142,14424
riskadj,30,2,0.3,volinv,5,0.15089801426671381,0.2071924632598155,,-0.2626966701638135,0.5063291139240507,109.0932879106519,0.5070044447365428,14424
riskadj,30,2,0.3,volinv,10,0.21493503273037776,0.30048782127580675,,-0.30099126300654866,0.4936708860759494,72.51467709098047,0.3412907205000305,14424
riskadj,30,2,0.3,volinv,21,0.15695760524659064,0.20927431481591766,,-0.331495810433139,0.5063291139240507,45.590768547361726,0.21677683292674332,14424
riskadj,45,0,0.1,equal,5,-0.07578614635571425,-0.10634707454188622,,-0.39099981336101275,0.5189873417721519,101.12800634897387,0.5351096247167748,14424
riskadj,45,0,0.1,equal,10,0.18869056032347611,0.26267724795338243,,-0.32786768789930265,0.5189873417721519,69.07538858350006,0.3660974588931145,14424
riskadj,45,0,0.1,equal,21,0.38943323459638807,0.5673359623925454,,-0.2819935900367254,0.45569620253164556,46.04872099661727,0.2441913417911506,14424
riskadj,45,0,0.1,volinv,5,-0.15752023413100177,-0.216898845240146,,-0.42147494021710663,0.4810126582278481,119.1397180291841,0.6080417565102909,14424
riskadj,45,0,0.1,volinv,10,0.2208567960556921,0.3019332089501263,,-0.28332264235218085,0.5316455696202531,76.27442189309022,0.39231924602426005,14424
riskadj,45,0,0.1,volinv,21,0.2542459457426262,0.3562977502634316,,-0.3453882385270356,0.4430379746835443,47.75204692533412,0.24703047099248646,14424
riskadj,45,0,0.2,equal,5,0.3084710028762832,0.4509131827872679,,-0.3412607080703244,0.4936708860759494,87.08281348010605,0.4291540771208345,14424
riskadj,45,0,0.2,equal,10,0.20715554399782288,0.2997413321474887,,-0.31872927373224313,0.4936708860759494,61.743162704091226,0.3058359488530709,14424
riskadj,45,0,0.2,equal,21,0.3244056786749692,0.47701703696468295,,-0.38407212785942524,0.5443037974683544,41.2938556413693,0.20471026728623315,14424
riskadj,45,0,0.2,volinv,5,0.26793414590960524,0.3782960218542943,,-0.3524747572204521,0.5063291139240507,106.92902272034475,0.5107852056450943,14424
riskadj,45,0,0.2,volinv,10,0.22493436478499454,0.31519130339182844,,-0.3333366046259516,0.5189873417721519,69.69086711829294,0.3359242147533159,14424
riskadj,45,0,0.2,volinv,21,0.370931947084447,0.5261606692385734,,-0.3587822453762197,0.5569620253164557,43.33749561466521,0.21040758660239656,14424
riskadj,45,0,0.3,equal,5,0.3154336528446204,0.45707728573802253,,-0.38236203098869825,0.5063291139240507,75.22408720881239,0.358179497512155,14424
riskadj,45,0,0.3,equal,10,0.21945995562986328,0.3178529463245158,,-0.371123478498954,0.46835443037974683,53.336316708168155,0.25512680433033447,14424
riskadj,45,0,0.3,equal,21,0.5655445916748536,0.8311760834468707,,-0.3482966398899495,0.5443037974683544,36.38896765752454,0.17397695261386653,14424
riskadj,45,0,0.3,volinv,5,0.4295775610472089,0.6055397237045337,,-0.3302615057881886,0.5063291139240507,96.22599571001143,0.4443941444622041,14424
riskadj,45,0,0.3,volinv,10,0.4364635824405567,0.6197654441035793,,-0.3360866014258346,0.5063291139240507,62.21233509022224,0.2901861063345847,14424
riskadj,45,0,0.3,volinv,21,0.5611992821502207,0.7953789672652029,,-0.30532104420711204,0.5189873417721519,38.866263349614826,0.18229155530677016,14424
riskadj,45,2,0.1,equal,5,-0.10809845671945588,-0.1514408709869901,,-0.35246746345186974,0.5189873417721519,99.40775205886357,0.5221898483700653,14424
riskadj,45,2,0.1,equal,10,0.269685843694352,0.37977554816982223,,-0.3238451929815379,0.5316455696202531,69.16671090048794,0.3671898245727003,14424
riskadj,45,2,0.1,equal,21,0.2708201006485587,0.3857565978083526,,-0.31689127904415537,0.46835443037974683,45.46241409313067,0.24059607730907118,14424
riskadj,45,2,0.1,volinv,5,-0.18261292937444765,-0.2520699682281994,,-0.3523072290902164,0.5063291139240507,118.25146666601484,0.6000291499681353,14424
riskadj,45,2,0.1,volinv,10,0.39885136213084416,0.5577568007717135,,-0.27793652207196295,0.5822784810126582,76.36615114848634,0.3947155978247632,14424
riskadj,45,2,0.1,volinv,21,0.1350466668600035,0.18688355002917653,,-0.3380199959549749,0.46835443037974683,47.129094925144344,0.24474126074225916,14424
riskadj,45,2,0.2,equal,5,0.13647947748561054,0.19792121807687807,,-0.33632956320601615,0.5189873417721519,86.81585071686087,0.4281673186266403,14424
riskadj,45,2,0.2,equal,10,0.13491775162797282,0.19216587796859821,,-0.3497955069352101,0.5316455696202531,61.22678838721505,0.30256733886370446,14424
riskadj,45,2,0.2,equal,21,0.3436038686938792,0.5121969878156013,,-0.3923764838614435,0.4810126582278481,41.66253814113014,0.2079882701468116,14424
riskadj,45,2,0.2,volinv,5,0.20399811165730594,0.2880077882791804,,-0.3230771715848265,0.45569620253164556,106.57057607176063,0.5096375899165559,14424
riskadj,45,2,0.2,volinv,10,0.281235552787596,0.396194234431669,,-0.2923218600785671,0.5443037974683544,68.84495620550322,0.3316232251183516,14424
riskadj,45,2,0.2,volinv,21,0.29389078187216044,0.41844275622990235,,-0.35101915594597644,0.5063291139240507,43.89603120139007,0.21496937206080516,14424
riskadj,45,2,0.3,equal,5,0.09611893412329892,0.13863734763718394,,-0.40343332045128055,0.5189873417721519,74.16332997103045,0.3519938172691013,14424
riskadj,45,2,0.3,equal,10,0.12830378352725139,0.18275813901460122,,-0.3842474891385653,0.5443037974683544,53.598805272419355,0.2572560594856052,14424
riskadj,45,2,0.3,equal,21,0.4418749695239453,0.6491662154259832,,-0.4450190986074073,0.46835443037974683,36.84024804890223,0.1772900860592649,14424
riskadj,45,2,0.3,volinv,5,0.18337120334443494,0.25719764336419815,,-0.4339366136227961,0.4936708860759494,94.18789940408412,0.4334133853872131,14424
riskadj,45,2,0.3,volinv,10,0.31358321832741365,0.4397625072323977,,-0.42154932806540524,0.5443037974683544,62.03693316583086,0.2902314225881849,14424
riskadj,45,2,0.3,volinv,21,0.4458060834098044,0.6284536935301207,,-0.3862913072352895,0.4936708860759494,39.40251140619764,0.18603352729347938,14424
riskadj,60,0,0.1,equal,5,0.4806304854333893,0.6942745428443386,,-0.30142196696509416,0.4936708860759494,88.4808892519479,0.46261656548016966,14424
riskadj,60,0,0.1,equal,10,0.49855992063649013,0.7162015824597852,,-0.24209444461739982,0.5189873417721519,61.119389911715196,0.3254420909889174,14424
riskadj,60,0,0.1,equal,21,0.14090535946001773,0.2047616221637999,,-0.3289097267354266,0.4810126582278481,41.186292418512615,0.21721073851575365,14424
riskadj,60,0,0.1,volinv,5,0.3648186837186919,0.5142942610542182,,-0.37054739320315366,0.46835443037974683,106.8990280872721,0.5385866590592915,14424
riskadj,60,0,0.1,volinv,10,0.359366435936748,0.4976179672178771,,-0.28313824120531683,0.5063291139240507,68.69506879752336,0.3545375073875284,14424
riskadj,60,0,0.1,volinv,21,0.2296819103430778,0.33030418173575526,,-0.33717431797071307,0.45569620253164556,43.1016793049953,0.2222795938108162,14424
riskadj,60,0,0.2,equal,5,0.10665325075414954,0.15451617344710136,,-0.3654438006626517,0.5063291139240507,76.8941911992283,0.3796881516732831,14424
riskadj,60,0,0.2,equal,10,0.24144231860102633,0.3488016257367766,,-0.3878167595309824,0.5189873417721519,54.21522777423728,0.2685909143649322,14424
riskadj,60,0,0.2,equal,21,-0.0862615599787365,-0.12405000888181456,,-0.44248191405717197,0.5189873417721519,38.228673050154,0.18970367136498098,14424
riskadj,60,0,0.2,volinv,5,0.150841436935539,0.2152221221106362,,-0.3733243933133915,0.4810126582278481,96.59839457794581,0.4615703928542002,14424
riskadj,60,0,0.2,volinv,10,0.3052408490368299,0.43091410860970675,,-0.32867011246914435,0.5443037974683544,62.36989126485295,0.3002118705996216,14424
riskadj,60,0,0.2,volinv,21,-0.10426980358629734,-0.14673253304804323,,-0.4800722894013917,0.5063291139240507,40.66249081222913,0.19726358541234612,14424
riskadj,60,0,0.3,equal,5,0.18787365442333562,0.26698154325832557,,-0.38471068155998256,0.5189873417721519,66.4321770933538,0.3163964110169285,14424
riskadj,60,0,0.3,equal,10,0.28706640754798624,0.40575944770430583,,-0.4382168400148655,0.569620253164557,47.876050468218864,0.22904407625372486,14424
riskadj,60,0,0.3,equal,21,0.20131161989577312,0.2898702838721988,,-0.3814403862349607,0.5189873417721519,33.19406657335141,0.1590439144889489,14424
riskadj,60,0,0.3,volinv,5,0.29912161215822164,0.42055031813889304,,-0.36442030620338883,0.4936708860759494,86.93151758871704,0.4013915811283359,14424
riskadj,60,0,0.3,volinv,10,0.3424719380518741,0.47417220259136045,,-0.3519692791457487,0.4936708860759494,56.556601080551715,0.263500298501735,14424
riskadj,60,0,0.3,volinv,21,0.19464486498455505,0.27485125960878204,,-0.42240429384087197,0.5189873417721519,35.76003332274106,0.1680109788183689,14424
riskadj,60,2,0.1,equal,5,0.19423674224655832,0.2754964537510012,,-0.30286196558926093,0.5316455696202531,87.9907725820665,0.46296581044754503,14424
riskadj,60,2,0.1,equal,10,0.09575791060111094,0.13386538976242185,,-0.24390672434192107,0.46835443037974683,62.73383856085787,0.3327614737178951,14424
riskadj,60,2,0.1,equal,21,0.011729054118746175,0.0170618164403236,,-0.3658615703273178,0.4430379746835443,41.827775487524555,0.22212222101727236,14424
riskadj,60,2,0.1,volinv,5,0.15116495137152594,0.20959252068208226,,-0.34618807106419347,0.5316455696202531,107.18448655396362,0.5432577546234016,14424
riskadj,60,2,0.1,volinv,10,0.18016525567386865,0.24834316287179906,,-0.2761546669088851,0.5063291139240507,70.09962933904195,0.36123801287490626,14424
riskadj,60,2,0.1,volinv,21,0.13300172967014065,0.188413334958299,,-0.34511900778084736,0.45569620253164556,43.759884687717125,0.22729935069407053,14424
riskadj,60,2,0.2,equal,5,0.15797525510138175,0.23186535627110844,,-0.4136699763605187,0.46835443037974683,75.50324166603161,0.3698432243087179,14424
riskadj,60,2,0.2,equal,10,0.17808656935208006,0.25970934445466964,,-0.3698069335611186,0.5189873417721519,55.480218347794604,0.27370928810279604,14424
riskadj,60,2,0.2,equal,21,0.09159760013112754,0.13407869160043573,,-0.37210528720679914,0.4936708860759494,37.49806341744673,0.18669901674461786,14424
riskadj,60,2,0.2,volinv,5,0.26825454340660687,0.38754053776385966,,-0.3365905432056375,0.4936708860759494,94.74654093082339,0.4491355837041492,14424
riskadj,60,2,0.2,volinv,10,0.2945206715335156,0.42390598749427116,,-0.35853527929777484,0.5443037974683544,63.03502152829982,0.3029860342870203,14424
riskadj,60,2,0.2,volinv,21,0.10366821161213828,0.1473049160384664,,-0.39101587265546334,0.5063291139240507,39.829448185689486,0.19402504368928003,14424
riskadj,60,2,0.3,equal,5,-0.13480075220974744,-0.1945708724075122,,-0.48037928613428427,0.5063291139240507,66.9310535138646,0.3192868085364272,14424
riskadj,60,2,0.3,equal,10,-0.09088340301160437,-0.13123598585439314,,-0.4828280083171673,0.5443037974683544,48.59816334848289,0.23302363511541488,14424
riskadj,60,2,0.3,equal,21,-0.006303817275252025,-0.009100592425310573,,-0.3877543400144208,0.4810126582278481,33.237833125225784,0.159277742838898,14424
riskadj,60,2,0.3,volinv,5,-0.02098431401613211,-0.02984081832584571,,-0.48620790304999373,0.4810126582278481,87.37195999635664,0.4042807589606579,14424
riskadj,60,2,0.3,volinv,10,0.09371480561335015,0.1342166732599039,,-0.4463819696776098,0.4936708860759494,56.79366595634129,0.2651198616963657,14424
riskadj,60,2,0.3,volinv,21,0.009687755828966598,0.01340586609934542,,-0.4198964481581049,0.5063291139240507,35.78720567500685,0.1680275808399208,14424
riskadj,90,0,0.1,equal,5,0.23017436473246566,0.31705598851196043,,-0.26110522688197524,0.4810126582278481,74.47406945651599,0.39506016740923033,14424
riskadj,90,0,0.1,equal,10,0.11063632892349572,0.15304744907909976,,-0.31838130673227116,0.46835443037974683,52.32965772102138,0.2763534193578747,14424
riskadj,90,0,0.1,equal,21,0.681363204371158,0.9605704407398017,0.10872513003095996,-0.24117909328885034,0.5189873417721519,34.74367046569626,0.1852856446293468,14424
riskadj,90,0,0.1,volinv,5,0.1105708872225734,0.14996286493782793,,-0.33166149382480115,0.46835443037974683,93.27705291801928,0.47287967461685465,14424
riskadj,90,0,0.1,volinv,10,0.11550072336859864,0.15885626236194278,,-0.30710190704165374,0.4810126582278481,59.889528575695024,0.3046529591440694,14424
riskadj,90,0,0.1,volinv,21,0.5850608854672825,0.812923934717953,,-0.26834358214896725,0.5063291139240507,36.72562514172783,0.1901272804947769,14424
riskadj,90,0,0.2,equal,5,0.18877447006361872,0.26948454461146926,,-0.3342815005670199,0.5189873417721519,66.55862912341344,0.3267664488299915,14424
riskadj,90,0,0.2,equal,10,0.2755082605709083,0.4023088578847924,,-0.3929198756734533,0.5443037974683544,46.313062166009466,0.22713752575495663,14424
riskadj,90,0,0.2,equal,21,0.46816556756772093,0.6770388590585524,,-0.26088414597708554,0.4936708860759494,31.90821300581135,0.15752090320920414,14424
riskadj,90,0,0.2,volinv,5,0.1480304803540664,0.20682178481089578,,-0.3766033073054804,0.4936708860759494,87.04958607187301,0.41223613746789134,14424
riskadj,90,0,0.2,volinv,10,0.18332027771972584,0.258930297470293,,-0.33702566258605104,0.5189873417721519,55.04567706884816,0.26224204429245346,14424
riskadj,90,0,0.2,volinv,21,0.325189033585098,0.4590410866699192,,-0.35310525868721243,0.5063291139240507,34.716694406880634,0.16783724781314363,14424
riskadj,90,0,0.3,equal,5,0.2250364803924865,0.32758488716665174,,-0.3476397091434428,0.4810126582278481,56.9984345012922,0.2703431454597863,14424
riskadj,90,0,0.3,equal,10,0.3590977460139768,0.521443256468772,,-0.32191342439767034,0.5189873417721519,41.00524434945833,0.19479154480734717,14424
riskadj,90,0,0.3,equal,21,0.4162904312609082,0.5941978058935045,,-0.30452709500870523,0.4936708860759494,27.702964527772167,0.1313602482010289,14424
riskadj,90,0,0.3,volinv,5,0.2562638781961436,0.36857948619553,,-0.3966080528522178,0.4936708860759494,77.72686348458686,0.35657642718371885,14424
riskadj,90,0,0.3,volinv,10,0.2932470577612046,0.41367671515505655,,-0.3758597810876726,0.4810126582278481,49.85113764884973,0.2308373079226374,14424
riskadj,90,0,0.3,volinv,21,0.40732712700989726,0.5672530209771046,,-0.3731965469745283,0.5316455696202531,30.512927554175505,0.1418646885972052,14424
riskadj,90,2,0.1,equal,5,0.3179832462075247,0.436984014806635,,-0.27182416566947165,0.5822784810126582,74.56896613433818,0.3959036438150174,14424
riskadj,90,2,0.1,equal,10,0.1729956197836368,0.24055964465395754,,-0.3744649325940912,0.5443037974683544,51.137433010585596,0.2674803009290274,14424
riskadj,90,2,0.1,equal,21,0.3609681903935336,0.5138947075087891,,-0.2963595887505709,0.46835443037974683,34.97256696206363,0.18662482201346406,14424
riskadj,90,2,0.1,volinv,5,0.2784899225563777,0.3734427625942857,,-0.2975752565285903,0.4810126582278481,93.71724102106249,0.47558918723975485,14424
riskadj,90,2,0.1,volinv,10,0.31379651444543555,0.4315914509040224,,-0.2482945267512766,0.5443037974683544,59.7021466237392,0.301179065417051,14424
riskadj,90,2,0.1,volinv,21,0.2988761820050662,0.42123326478383255,,-0.31006082174141636,0.4936708860759494,37.167334661509656,0.19233073615418889,14424
riskadj,90,2,0.2,equal,5,0.0970621608283658,0.13603488143626175,,-0.3599955485672134,0.46835443037974683,65.91728546351952,0.32489406144381094,14424
riskadj,90,2,0.2,equal,10,0.013766196286368956,0.019194764496251626,,-0.38062395746406497,0.5063291139240507,47.9165978249802,0.23721094266730613,14424
riskadj,90,2,0.2,equal,21,0.39692041291267377,0.5897980018545279,,-0.2989621780736078,0.4810126582278481,31.892954284412085,0.1576073417124728,14424
riskadj,90,2,0.2,volinv,5,0.07762015398791136,0.10731918159905544,,-0.4131839722339895,0.46835443037974683,86.2683024942771,0.4097346057825174,14424
riskadj,90,2,0.2,volinv,10,0.0812778991970314,0.11231475876883061,,-0.35120967076453924,0.5189873417721519,56.11892241806385,0.2692366243679914,14424
riskadj,90,2,0.2,volinv,21,0.2969156455791256,0.4295452056342155,,-0.3288368047272945,0.45569620253164556,34.759048460977056,0.1677065988640357,14424
riskadj,90,2,0.3,equal,5,0.058671805154791395,0.08278629997559227,,-0.3758073037217804,0.5063291139240507,57.33752085769627,0.27199094828182446,14424
riskadj,90,2,0.3,equal,10,0.09768609133491736,0.13720294358203078,,-0.3959569351236878,0.4810126582278481,41.181943473228834,0.19488880766038652,14424
riskadj,90,2,0.3,equal,21,0.2930534414630293,0.4275455226846409,,-0.28538996383425264,0.5063291139240507,28.38562413262619,0.13528812767095144,14424
riskadj,90,2,0.3,volinv,5,0.14974093951497597,0.2102459676550837,,-0.44750579974290305,0.4936708860759494,77.4204819720601,0.35542180878468527,14424
riskadj,90,2,0.3,volinv,10,0.16395187497468763,0.2287746308938839,,-0.46219466308284085,0.45569620253164556,50.146888405889236,0.23148404665218714,14424
riskadj,90,2,0.3,volinv,21,0.16140737015367163,0.22696664531094515,,-0.3529133415379122,0.4936708860759494,31.295801138111077,0.14583857321499355,14424
blend,5,0,0.1,equal,5,0.973361966588561,1.2447131642835922,0.3427989640319565,-0.291697596240552,0.6582278481012658,227.27176675903675,1.1999524617334991,14424
blend,5,0,0.1,equal,10,0.8260232189376769,1.0843066415707634,0.15152693134976256,-0.22047613393944165,0.620253164556962,124.36648440748836,0.6608796526759533,14424
blend,5,0,0.1,equal,21,0.8378345671421098,1.208260945098816,0.14916299875718333,-0.2200692807861393,0.569620253164557,59.572182891032604,0.31464666647272477,14424
blend,5,0,0.1,volinv,5,0.9136302660937313,1.1686660961573458,0.26888837098461643,-0.2617776959944753,0.6835443037974683,233.71394726913567,1.2114908667147417,14424
blend,5,0,0.1,volinv,10,0.7310253030429724,0.9540976254247089,0.08059665819557224,-0.22166416922489618,0.5949367088607594,126.1965054338433,0.6592557444540854,14424
blend,5,0,0.1,volinv,21,0.7881098687139266,1.1127246233406642,0.10311334934564569,-0.2275572441918372,0.5443037974683544,59.92174757827476,0.3113922709892903,14424
blend,5,0,0.2,equal,5,1.452141151366546,2.1130644459869106,0.8376962645725976,-0.27781198307047095,0.6962025316455697,206.08785166887387,1.0205497340607237,14424
blend,5,0,0.2,equal,10,0.7681216097420424,1.1064237688995,0.09129184084845672,-0.21847874129132383,0.6075949367088608,116.29597400203768,0.5824261156733064,14424
blend,5,0,0.2,equal,21,0.382240404479668,0.5098213983230917,,-0.2604421845282806,0.5443037974683544,56.72678525514128,0.2824994365259007,14424
blend,5,0,0.2,volinv,5,1.5042453468189276,2.221043711021916,0.8080183741950726,-0.2571830155423852,0.6962025316455697,215.640449763139,1.0483250736370315,14424
blend,5,0,0.2,volinv,10,0.8136012160583891,1.1798190684174708,0.1233170815538769,-0.19586302732371552,0.5822784810126582,119.02912022334745,0.5862278883732711,14424
blend,5,0,0.2,volinv,21,0.28428435152956777,0.37583897469649524,,-0.23391162768669493,0.5189873417721519,57.505580502945236,0.28193371176071796,14424
blend,5,0,0.3,equal,5,1.0678035082134854,1.5293354497109195,0.43635887001226265,-0.2609833579917882,0.5822784810126582,179.55467991044267,0.8668029424824738,14424
blend,5,0,0.3,equal,10,0.44682566641278937,0.6421172982912285,,-0.22088534161191775,0.569620253164557,104.53702287257026,0.5094980460033162,14424
blend,5,0,0.3,equal,21,0.19300749171701667,0.2688805538560979,,-0.2722668740288391,0.5443037974683544,51.22016769577353,0.2480903059308416,14424
blend,5,0,0.3,volinv,5,1.0152692164799466,1.4611535648454084,0.42567430848087157,-0.26069810814429173,0.569620253164557,191.47223557327786,0.9058552313767532,14424
blend,5,0,0.3,volinv,10,0.5100299926141716,0.737024783422201,,-0.2175581528662095,0.5569620253164557,108.26310022227361,0.5179401988358743,14424
blend,5,0,0.3,volinv,21,0.03066357787045427,0.041726856240008846,,-0.2617912113431249,0.5569620253164557,52.3073414161438,0.24896339777045973,14424
blend,5,2,0.1,equal,5,0.5865987621002687,0.7587770629538727,,-0.353057523036604,0.6329113924050633,225.64642421547273,1.1894150056457673,14424
blend,5,2,0.1,equal,10,0.7649042412520125,0.994856347232099,0.0413234876082005,-0.25747614285988485,0.5822784810126582,122.8671673533393,0.6543019693661407,14424
blend,5,2,0.1,equal,21,0.009002805178158576,0.012528746929934862,,-0.3998960683471404,0.5189873417721519,60.770978432611614,0.32731469687262427,14424
blend,5,2,0.1,volinv,5,0.5159295485530887,0.6639734133796197,,-0.35829628853744533,0.5569620253164557,232.16876697375102,1.1998000828603255,14424
blend,5,2,0.1,volinv,10,0.6712895256288077,0.8612948118522805,-0.028337170078836536,-0.2824499860573444,0.569620253164557,124.45017723815818,0.6489984415792388,14424
blend,5,2,0.1,volinv,21,-0.16393030297775907,-0.21737452731590243,,-0.4262386164186879,0.4810126582278481,60.907069321070665,0.32113282602158433,14424
blend,5,2,0.2,equal,5,0.8057213714108777,1.1278070715931836,0.1232635802804751,-0.2648433842255532,0.569620253164557,206.47620142716488,1.0234431950025504,14424
blend,5,2,0.2,equal,10,0.9188426035324813,1.2811648592896658,0.28644541297798215,-0.20446767976574387,0.620253164556962,116.26132953038469,0.5799367263069539,14424
blend,5,2,0.2,equal,21,0.34922980938043235,0.5178855793754621,,-0.2599721991520244,0.5822784810126582,57.15394257198581,0.28524370144975686,14424
blend,5,2,0.2,volinv,5,0.9679137457401178,1.36811515862884,0.21646862336702613,-0.2874318670809193,0.5949367088607594,215.99279096461174,1.0497980081150833,14424
blend,5,2,0.2,volinv,10,1.170892187030933,1.6340713787844179,0.5183368200686217,-0.21090240799736149,0.6075949367088608,118.8576216090476,0.5814521245903314,14424
blend,5,2,0.2,volinv,21,0.4191610349278635,0.5932997165102203,,-0.27693970625598485,0.569620253164557,57.7673752449668,0.2829986569519168,14424
blend,5,2,0.3,equal,5,0.8837456097551238,1.2350871373133834,0.19356149943235873,-0.3070646364333235,0.5569620253164557,177.94130048412765,0.858490912435266,14424
blend,5,2,0.3,equal,10,1.1434114096711316,1.5824400005095924,0.32805002935239924,-0.2233962190115738,0.6075949367088608,104.06949221641482,0.5061849270464185,14424
blend,5,2,0.3,equal,21,0.3954113143087373,0.5749401431763072,,-0.2694579376116306,0.5949367088607594,51.064380438990085,0.2467534167766716,14424
blend,5,2,0.3,volinv,5,1.054814619118519,1.4781319581863999,0.34335368276305483,-0.26105551409624406,0.569620253164557,189.44292821780576,0.8960484701958011,14424
blend,5,2,0.3,volinv,10,1.4193093728286519,1.9810949493527075,0.7067553878738693,-0.17917933242332074,0.6329113924050633,108.01277208259744,0.5154549465240754,14424
blend,5,2,0.3,volinv,21,0.4698673077100626,0.6600378097427592,,-0.2510172054601546,0.5949367088607594,52.15905984192782,0.24743403120284335,14424
blend,10,0,0.1,equal,5,1.137287817562169,1.5466617743475055,0.47849316466521846,-0.1970204861743735,0.5822784810126582,193.99086938666807,1.0190361436356263,14424
blend,10,0,0.1,equal,10,0.9734819866091985,1.34021906684891,0.3225379921441915,-0.2358741312746726,0.5822784810126582,114.62934339098146,0.6075753429659247,14424
blend,10,0,0.1,equal,21,0.8513601790166863,1.3099582979009736,0.13682548116833082,-0.25060472188044336,0.5822784810126582,60.51199648508973,0.3208127409862451,14424
blend,10,0,0.1,volinv,5,1.1754184220115669,1.5413825201587328,0.5464984066908555,-0.18928609719285627,0.6075949367088608,202.75530219652447,1.043079153662997,14424
blend,10,0,0.1,volinv,10,0.9267033950146647,1.2421678331436095,0.26324894657007114,-0.2190972245648991,0.620253164556962,116.70848729575874,0.6076220698137931,14424
blend,10,0,0.1,volinv,21,0.8683173808387291,1.3131036084493695,0.15281062318305125,-0.22514870454524138,0.569620253164557,61.11713108491158,0.3189312457397573,14424
blend,10,0,0.2,equal,5,1.1515159879521666,1.6002104647298603,0.4538562850719778,-0.2220250908516842,0.5822784810126582,170.58256991000056,0.8408935571801912,14424
blend,10,0,0.2,equal,10,1.0275681724842025,1.4314965184105193,0.3811908439431787,-0.18318448354111494,0.620253164556962,102.91090473792627,0.5120353699554856,14424
blend,10,0,0.2,equal,21,0.5146429551177834,0.7744998921817253,,-0.30658781476689334,0.5316455696202531,56.75518009459366,0.28291999503638926,14424
blend,10,0,0.2,volinv,5,1.1647259680731978,1.6130057428701088,0.5736088525466975,-0.22344612593275093,0.6075949367088608,182.6684905392594,0.8828365616736327,14424
blend,10,0,0.2,volinv,10,1.0329563595432145,1.429729397568815,0.332737570206073,-0.15727540732649192,0.6075949367088608,106.66115090975593,0.5207305671127062,14424
blend,10,0,0.2,volinv,21,0.45511090100067375,0.6662867929064679,,-0.28296179116206743,0.5443037974683544,57.4188959826155,0.28086966790890455,14424
blend,10,0,0.3,equal,5,0.9074466204077503,1.3383282072008815,0.19380926065461737,-0.24924341189158117,0.5822784810126582,145.15222749449,0.695900897509913,14424
blend,10,0,0.3,equal,10,0.6890029669338242,1.019993098916839,-0.007601098146812914,-0.18734868422769246,0.5822784810126582,90.79643960753954,0.440305680105505,14424
blend,10,0,0.3,equal,21,0.4209511899568103,0.6047760359408725,,-0.29410809178586694,0.5316455696202531,51.43985906695875,0.24873033995998228,14424
blend,10,0,0.3,volinv,5,0.9450895325680473,1.3963607524624135,0.27019706850567776,-0.25756560053984345,0.5316455696202531,159.46811384429196,0.7483292117459392,14424
blend,10,0,0.3,volinv,10,0.7834885923758628,1.160376872167285,0.1107254501022249,-0.1812787603558902,0.6075949367088608,95.77501463467782,0.4551256318956422,14424
blend,10,0,0.3,volinv,21,0.47759253477796126,0.6718484788828337,,-0.2308097669947744,0.5569620253164557,52.49494414673177,0.24929690434545715,14424
blend,10,2,0.1,equal,5,0.4811999838754614,0.6371097241806329,,-0.24590436965382856,0.5822784810126582,197.37439439713225,1.038430511695767,14424
blend,10,2,0.1,equal,10,0.9463439330293109,1.2394122445877012,0.1943872749684906,-0.23160043369518868,0.5949367088607594,114.22590157591259,0.6098068950763469,14424
blend,10,2,0.1,equal,21,0.41473625225252353,0.6091521171620701,,-0.33771681143191334,0.5063291139240507,60.19833410332395,0.3218395269334755,14424
blend,10,2,0.1,volinv,5,0.5527256052262471,0.7288808441746241,,-0.23185470852532053,0.569620253164557,206.702014194843,1.0650161113476897,14424
blend,10,2,0.1,volinv,10,1.0336284577482957,1.353038643208377,0.3266063442112338,-0.2125325151163885,0.6455696202531646,116.5333712774801,0.610067312168074,14424
blend,10,2,0.1,volinv,21,0.40631331588806985,0.57452764590638,,-0.3002869600652135,0.5569620253164557,60.51851255062917,0.3180383609370211,14424
blend,10,2,0.2,equal,5,0.8134517585549318,1.1589788133795715,0.18284229324943888,-0.22823115764089053,0.5569620253164557,167.77168401340398,0.8233273905573094,14424
blend,10,2,0.2,equal,10,1.186041998969816,1.6611767267886344,0.5931131380807982,-0.19256313248359647,0.620253164556962,102.40596633739783,0.5086266459578265,14424
blend,10,2,0.2,equal,21,0.7192455437115707,1.0721885765630375,0.11260340830153373,-0.18903961695369564,0.5822784810126582,57.18596876343996,0.28397184507803086,14424
blend,10,2,0.2,volinv,5,1.0494600908320575,1.4808853162070783,0.43372342568298927,-0.21930896067810735,0.569620253164557,180.9498349690495,0.8693256842771542,14424
blend,10,2,0.2,volinv,10,1.505244457498447,2.089901027532374,0.8261826879396078,-0.16567065307076945,0.6835443037974683,106.11567306795125,0.5159937253191607,14424
blend,10,2,0.2,volinv,21,0.7472688639643633,1.0706222351335177,0.12180954361389618,-0.226456944519277,0.6329113924050633,57.95382332177852,0.28248989167774635,14424
blend,10,2,0.3,equal,5,0.6966645746807968,1.0453672966852672,0.04162818084083458,-0.24918232069948032,0.6075949367088608,144.53815265121517,0.6905877954336359,14424
blend,10,2,0.3,equal,10,1.0391551185187302,1.5271054410734508,0.4178392583343517,-0.20394729104050935,0.620253164556962,90.36318158784815,0.43598874316845954,14424
blend,10,2,0.3,equal,21,0.33871730268308986,0.48839202205321547,,-0.21783803294736004,0.5569620253164557,51.466810920164384,0.24864384167598824,14424
blend,10,2,0.3,volinv,5,0.8936911767882929,1.3597249062399233,0.21650558614585397,-0.2263541461113977,0.6075949367088608,159.62168590975043,0.747060269502528,14424
blend,10,2,0.3,volinv,10,1.2610774086929228,1.8628733985947554,0.626823638628676,-0.19685715888765987,0.6582278481012658,95.05761558693426,0.45003646078058324,14424
blend,10,2,0.3,volinv,21,0.4569109864100168,0.6401802825991888,,-0.20450696195854168,0.5316455696202531,52.48272871193841,0.24872515587147365,14424
blend,20,0,0.1,equal,5,0.46523889546487407,0.5207329357445277,,-0.35509843874863833,0.5822784810126582,143.41571235748526,0.752305991597962,14424
blend,20,0,0.1,equal,10,0.6264873873144671,0.8946251925460533,-0.0046685064925675035,-0.2814085283959984,0.5316455696202531,96.79823384538258,0.5063880587262147,14424
blend,20,0,0.1,equal,21,0.6763081323866195,0.9759326729834176,0.11172799339375197,-0.26836855135897997,0.5316455696202531,54.433064359256605,0.2843775881385895,14424
blend,20,0,0.1,volinv,5,0.5223703936201791,0.586340548747686,,-0.3004990433566437,0.5569620253164557,157.68038470602002,0.8044058475343008,14424
blend,20,0,0.1,volinv,10,0.49628060699642207,0.69629102373717,,-0.29493374369124525,0.5569620253164557,100.4553309772827,0.5138837652539983,14424
blend,20,0,0.1,volinv,21,0.6086064975626926,0.8453677939689088,-0.043737829166437224,-0.25192806279095936,0.5316455696202531,55.065015723319576,0.28194057344529994,14424
blend,20,0,0.2,equal,5,0.7330437739488448,1.0696336185359154,0.10725319670922473,-0.2344576707733309,0.5822784810126582,126.31130920824562,0.6232324691423041,14424
blend,20,0,0.2,equal,10,0.4305110023045073,0.621156388557032,,-0.2914013575152613,0.5443037974683544,87.27959361448704,0.43426750996736857,14424
blend,20,0,0.2,equal,21,0.3147359178160994,0.466398348986853,,-0.2516440696532072,0.5443037974683544,50.832986283750024,0.2507038724604139,14424
blend,20,0,0.2,volinv,5,0.7995518534945321,1.1548689426842715,0.13447999372773783,-0.22845416518764172,0.5949367088607594,142.9450408608735,0.6878878720251522,14424
blend,20,0,0.2,volinv,10,0.4898413583502907,0.6930246384307425,,-0.2320753251700095,0.5569620253164557,92.440442817529,0.44982539843333186,14424
blend,20,0,0.2,volinv,21,0.2972327093177273,0.4248185570851766,,-0.23880413581737747,0.569620253164557,51.8468950068619,0.251303383921383,14424
blend,20,0,0.3,equal,5,0.5301119829782439,0.7628677831800441,,-0.24205521251959983,0.5443037974683544,108.18271819819456,0.5183294463561532,14424
blend,20,0,0.3,equal,10,0.6736590981255014,0.9693871780276017,0.0402159899680629,-0.23272802747710342,0.6075949367088608,75.00252138549023,0.36331844492226056,14424
blend,20,0,0.3,equal,21,0.4696736628516893,0.6967555395486582,,-0.2950409721315763,0.5443037974683544,45.48676450663334,0.21878154738050276,14424
blend,20,0,0.3,volinv,5,0.4718266880198213,0.6612719836451459,,-0.25320097642654704,0.5316455696202531,126.48216691890144,0.5906053200189819,14424
blend,20,0,0.3,volinv,10,0.7485709056582851,1.0510362899991441,0.15565709916993106,-0.23979057969148887,0.5822784810126582,81.18004897497866,0.3841547300175477,14424
blend,20,0,0.3,volinv,21,0.5231907309549902,0.749141324868341,,-0.245688085796109,0.5189873417721519,46.63509460968723,0.22030634793330267,14424
blend,20,2,0.1,equal,5,-0.06749383569186303,-0.07534775456040375,,-0.4396476881962834,0.4430379746835443,143.842097841584,0.7520913058119836,14424
blend,20,2,0.1,equal,10,0.6466959438868075,0.9153679903575554,0.053703665812067446,-0.32980815608308744,0.5569620253164557,98.08338259391039,0.5162664601872435,14424
blend,20,2,0.1,equal,21,0.4304377692844679,0.6111726741591502,,-0.24921164679696373,0.569620253164557,55.0510428210279,0.2890315471036433,14424
blend,20,2,0.1,volinv,5,0.14153129842428183,0.1581803452596543,,-0.38549147197003175,0.4936708860759494,159.0201824784042,0.809981119830819,14424
blend,20,2,0.1,volinv,10,0.7985020963585302,1.124683578892258,0.16051992240697935,-0.30660401354446376,0.6075949367088608,102.08270991720491,0.5263544658030711,14424
blend,20,2,0.1,volinv,21,0.5121004146307462,0.714429984476315,,-0.20219597535043965,0.5569620253164557,55.70866274310662,0.2872785817129365,14424
blend,20,2,0.2,equal,5,0.3796100695461274,0.5490351134643451,,-0.2928369249721683,0.5189873417721519,125.64716542729602,0.6189499884984249,14424
blend,20,2,0.2,equal,10,0.5293022220519601,0.7675223900369074,,-0.2790460084599331,0.5189873417721519,86.14711151001987,0.42515483949264876,14424
blend,20,2,0.2,equal,21,0.619920078812148,0.9458800479784033,0.012363828392606236,-0.2576510205080009,0.5189873417721519,50.3276431897749,0.249568452969988,14424
blend,20,2,0.2,volinv,5,0.69341846970291,0.9929244192315337,0.0014401205666344057,-0.2641802753403324,0.620253164556962,142.21364595672568,0.6830632167562343,14424
blend,20,2,0.2,volinv,10,0.7964007269073384,1.1282511476258354,0.13017967762102486,-0.23609136587746082,0.5569620253164557,91.2328506730505,0.4407364832016215,14424
blend,20,2,0.2,volinv,21,0.5792659817402376,0.8429743749029422,,-0.22771886253259666,0.5443037974683544,51.65400216414998,0.25203386676743517,14424
blend,20,2,0.3,equal,5,0.4165467825346278,0.6060793996041096,,-0.2963401827287071,0.5316455696202531,109.43260057590678,0.5228570193033938,14424
blend,20,2,0.3,equal,10,0.5347437572899245,0.7763779398869344,,-0.29005320736632767,0.5316455696202531,75.45323205017881,0.36305485030245044,14424
blend,20,2,0.3,equal,21,0.42665748696949607,0.6298565229229798,,-0.22026126629776155,0.5189873417721519,44.69796123846445,0.2146767975363436,14424
blend,20,2,0.3,volinv,5,0.591348727689662,0.8414551448213353,,-0.28768129085199157,0.5443037974683544,127.06978260837295,0.5924374020994219,14424
blend,20,2,0.3,volinv,10,0.8304461170907037,1.1842741787840187,0.08158443066996282,-0.23095685695294965,0.5949367088607594,81.66632278571367,0.3845327802197179,14424
blend,20,2,0.3,volinv,21,0.4043038042678325,0.5689535471421064,,-0.2577705107016346,0.5189873417721519,46.231207213836775,0.21818877380985224,14424
blend,30,0,0.1,equal,5,0.47375882033821703,0.6670296614011405,,-0.2659399492827276,0.5949367088607594,119.72913319728676,0.6195471750671513,14424
blend,30,0,0.1,equal,10,0.6123060415113034,0.8932984491543344,0.014751738180223595,-0.3197666299822338,0.569620253164557,80.04255085895366,0.4162235937127456,14424
blend,30,0,0.1,equal,21,0.5320289619029789,0.7875545613540686,,-0.3455323144811714,0.5443037974683544,50.759177353401434,0.26618834457286256,14424
blend,30,0,0.1,volinv,5,0.575799842373297,0.8040580269229516,,-0.22887793898772946,0.5949367088607594,135.7009901306403,0.6821736192137672,14424
blend,30,0,0.1,volinv,10,0.6326913800266728,0.8989687437813914,0.05232037991452546,-0.2633963295442924,0.5569620253164557,85.94256200125758,0.43637847800602403,14424
blend,30,0,0.1,volinv,21,0.42978686888630313,0.6252946332314214,,-0.3551135107279346,0.5189873417721519,51.454767788521885,0.2643551008584801,14424
blend,30,0,0.2,equal,5,0.6895432985254782,1.0010516740258268,-0.007213315469965025,-0.25118019355088106,0.5443037974683544,104.9715558411035,0.5187274355411419,14424
blend,30,0,0.2,equal,10,0.49207036186128456,0.712317306872123,,-0.29864287065902484,0.569620253164557,73.46833756480174,0.36433561829578553,14424
blend,30,0,0.2,equal,21,0.33727550672427115,0.4758470661109109,,-0.3197136148730456,0.5063291139240507,45.83757407456749,0.2261023048989365,14424
blend,30,0,0.2,volinv,5,0.7996360192707924,1.1437534115475056,0.12397252528629099,-0.25183663195406714,0.5569620253164557,122.56145230935348,0.5886135408233957,14424
blend,30,0,0.2,volinv,10,0.5151021922666016,0.7172160917065685,,-0.34119110179895507,0.569620253164557,79.96764837098002,0.3872216561610081,14424
blend,30,0,0.2,volinv,21,0.3069329714817722,0.42174413243422626,,-0.3105316453251772,0.5316455696202531,46.98432213005383,0.22790401085215126,14424
blend,30,0,0.3,equal,5,0.5175757574066517,0.7442769178498952,,-0.2937107078298832,0.5189873417721519,89.38257574328954,0.42471210225261347,14424
blend,30,0,0.3,equal,10,0.4797683557479621,0.6885950404391383,,-0.301400053950976,0.5443037974683544,62.78875598131127,0.30145117155714396,14424
blend,30,0,0.3,equal,21,0.5054490457066276,0.6998788787202334,,-0.2788679822043826,0.5063291139240507,40.95438515336149,0.19625843340647892,14424
blend,30,0,0.3,volinv,5,0.7186450286523581,1.018747393766385,0.012158785953168369,-0.2963722892153702,0.5189873417721519,107.95256413823542,0.49916630279275176,14424
blend,30,0,0.3,volinv,10,0.6605390768768573,0.9139823432595996,-0.09298502632657607,-0.3096209051596569,0.5822784810126582,70.28362513223843,0.3295871357974025,14424
blend,30,0,0.3,volinv,21,0.5413268586558634,0.7354589215642612,,-0.25903507054337327,0.5949367088607594,42.65422096850346,0.20079692255672557,14424
blend,30,2,0.1,equal,5,0.3652987074879453,0.5130688205282289,,-0.2592088621050982,0.569620253164557,117.70322104155726,0.6124729301738959,14424
blend,30,2,0.1,equal,10,0.5239854176298778,0.7412905708808,,-0.3198684030357276,0.5063291139240507,80.85189921684244,0.4218601739536269,14424
blend,30,2,0.1,equal,21,0.49599424861085073,0.7466156108053134,,-0.3723616927220723,0.5822784810126582,50.3828856119493,0.26384170723803946,14424
blend,30,2,0.1,volinv,5,0.5719214473590853,0.8032110887096364,,-0.23826070788682774,0.5569620253164557,133.2717826125842,0.6717894565516195,14424
blend,30,2,0.1,volinv,10,0.8224477232163062,1.1506767583419961,0.2080717278227004,-0.31820359471822157,0.5063291139240507,86.28629578322014,0.4382355219284445,14424
blend,30,2,0.1,volinv,21,0.6388109322441142,0.9454318605588926,-0.007167689149458902,-0.2910949315034953,0.5822784810126582,51.21928447075183,0.2624915297190836,14424
blend,30,2,0.2,equal,5,0.46141566135167994,0.6745497938919188,,-0.30249398422192364,0.5569620253164557,106.56458978244719,0.5258902664791614,14424
blend,30,2,0.2,equal,10,0.5011472753585684,0.7309530997458294,,-0.3159717553306586,0.5569620253164557,74.32167609830276,0.3705724677940144,14424
blend,30,2,0.2,equal,21,0.4584559153971178,0.6683079601623063,,-0.3104891568079955,0.5189873417721519,45.278645635264716,0.2247999590369159,14424
blend,30,2,0.2,volinv,5,0.6231633363010141,0.8883701839794524,-0.023237739624878295,-0.2884177933327555,0.5569620253164557,124.35279770485273,0.5975474966455278,14424
blend,30,2,0.2,volinv,10,0.6584701409033108,0.94290511533714,0.011127583567931656,-0.32850587645365836,0.5443037974683544,80.72547216667965,0.39329948316946695,14424
blend,30,2,0.2,volinv,21,0.46857724548408675,0.6544366750893728,,-0.2799674900656598,0.5569620253164557,46.84426336017213,0.22802943627740005,14424
blend,30,2,0.3,equal,5,0.36912688761186774,0.5375992030207717,,-0.377198572385832,0.5949367088607594,90.23006346299375,0.429464572249746,14424
blend,30,2,0.3,equal,10,0.5425848464820967,0.798400206810475,,-0.34600413029899935,0.569620253164557,62.93655702216653,0.30050111711427024,14424
blend,30,2,0.3,equal,21,0.539507118137905,0.7460514047756913,,-0.303634460796669,0.5569620253164557,39.75491620044785,0.19032204279796786,14424
blend,30,2,0.3,volinv,5,0.5386287006932742,0.7676539473102549,,-0.27822266674092444,0.5569620253164557,108.7085288166475,0.5040142784426654,14424
blend,30,2,0.3,volinv,10,0.7625785096240761,1.0957451637771862,0.07151105999041803,-0.2631501912964156,0.569620253164557,70.3052298845418,0.32870674267262406,14424
blend,30,2,0.3,volinv,21,0.512706314091832,0.6869694806458239,,-0.2796466364712935,0.5443037974683544,41.56131740334403,0.1954116076971433,14424
blend,45,0,0.1,equal,5,0.059472509868348504,0.08085806188620673,,-0.3646671458657681,0.5189873417721519,99.29685658457556,0.5139056369581078,14424
blend,45,0,0.1,equal,10,0.42644998007611445,0.6302509502941132,,-0.3566631807809514,0.5443037974683544,68.73680441569131,0.35794041199558124,14424
blend,45,0,0.1,equal,21,0.23644870988421957,0.34694164342226236,,-0.3458975515534525,0.45569620253164556,45.50888834312295,0.2372354365069997,14424
blend,45,0,0.1,volinv,5,0.12048334839309274,0.16162197284069185,,-0.3018328354502329,0.5316455696202531,116.44402002842254,0.5831466563361928,14424
blend,45,0,0.1,volinv,10,0.5473293678229969,0.7810520606191592,,-0.23242435566280495,0.5569620253164557,75.47023208266546,0.3820817198485611,14424
blend,45,0,0.1,volinv,21,0.20566561603990136,0.2928451806341344,,-0.4037588228413864,0.46835443037974683,46.477444735029955,0.2370727696911693,14424
blend,45,0,0.2,equal,5,0.45754812482477714,0.6764846763851181,,-0.3023284542892355,0.5063291139240507,88.82374846787715,0.43387202818852605,14424
blend,45,0,0.2,equal,10,0.3396575061172962,0.49765598529636135,,-0.35464678697261254,0.5316455696202531,63.1645302120097,0.31156576820293624,14424
blend,45,0,0.2,equal,21,0.6063134858210658,0.8879009694992549,0.012441280192663063,-0.29532587810396393,0.4810126582278481,40.63332996090248,0.19907833445037942,14424
blend,45,0,0.2,volinv,5,0.5883504802224594,0.8435896268197814,,-0.268634104976349,0.5189873417721519,107.5061285600064,0.5096621887991326,14424
blend,45,0,0.2,volinv,10,0.44533528132603745,0.6297824354828332,,-0.3233341735787456,0.569620253164557,70.38444450902409,0.33867452133176246,14424
blend,45,0,0.2,volinv,21,0.6301691354889836,0.8839861012872517,0.018065934322008995,-0.2633064532128856,0.5189873417721519,41.968995379510915,0.20162830032340495,14424
blend,45,0,0.3,equal,5,0.5041264229833584,0.7487510316140336,,-0.27950369318997736,0.5189873417721519,75.95430332228437,0.3588959765154991,14424
blend,45,0,0.3,equal,10,0.6020395278593631,0.8932029197561347,-0.01842372384977311,-0.32832643428944486,0.5569620253164557,53.28422676238001,0.25338556228653347,14424
blend,45,0,0.3,equal,21,0.94052142800149,1.3858706810386183,0.26801909735840285,-0.26583760553186364,0.5569620253164557,35.066648559068405,0.1663740533594317,14424
blend,45,0,0.3,volinv,5,0.5190354854059281,0.752577221648083,,-0.318534178200398,0.5316455696202531,95.53920901116511,0.43929742223023216,14424
blend,45,0,0.3,volinv,10,0.6986874083146614,0.9983289018358243,0.038240402000586066,-0.2810801246217488,0.5822784810126582,61.33972518657726,0.28503268919322194,14424
blend,45,0,0.3,volinv,21,0.8916393278083745,1.2600634478310966,0.1852953807418454,-0.2531350522575645,0.5189873417721519,36.75483012816113,0.17125966289643896,14424
blend,45,2,0.1,equal,5,0.17552999568372307,0.23867830961000872,,-0.31021363733403584,0.45569620253164556,100.65326929474612,0.521594228255905,14424
blend,45,2,0.1,equal,10,0.1518665586542004,0.21566639963653128,,-0.35882210497816747,0.45569620253164556,68.91929863505119,0.35966938245380853,14424
blend,45,2,0.1,equal,21,0.5501233919246984,0.8325072264115911,,-0.3499971429769688,0.45569620253164556,45.62502485843792,0.23924593280319578,14424
blend,45,2,0.1,volinv,5,0.22277579491256522,0.2988301548540435,,-0.24858022592895357,0.4810126582278481,117.6646916171288,0.589739381601875,14424
blend,45,2,0.1,volinv,10,0.2882853937977147,0.40510704555475213,,-0.28829851340416046,0.4430379746835443,75.76373522600777,0.38389096815238616,14424
blend,45,2,0.1,volinv,21,0.5083566493686842,0.7370481089802352,,-0.23954003397080548,0.43037974683544306,47.43794456829018,0.24360510361276036,14424
blend,45,2,0.2,equal,5,0.38342370516924135,0.5573298876403507,,-0.331597371503059,0.4810126582278481,87.22650723507988,0.4251127245240567,14424
blend,45,2,0.2,equal,10,0.2306102501268952,0.3273067543756483,,-0.3831992496808425,0.5316455696202531,61.73421382093402,0.303543512485663,14424
blend,45,2,0.2,equal,21,0.5384367189468962,0.785549465263149,,-0.28633474818449245,0.5063291139240507,41.02664461291949,0.20120090883461578,14424
blend,45,2,0.2,volinv,5,0.49750807474259245,0.7062732931867489,,-0.2475122399646028,0.45569620253164556,106.29878841759543,0.5033850253103629,14424
blend,45,2,0.2,volinv,10,0.429771914355233,0.6007153871923596,,-0.30196591677227247,0.4810126582278481,69.16780444923279,0.332187325657942,14424
blend,45,2,0.2,volinv,21,0.5234660986145516,0.7247515580978915,,-0.253310098020501,0.5189873417721519,42.6899414035942,0.20519876350550104,14424
blend,45,2,0.3,equal,5,0.5205974650861069,0.7613653400907918,,-0.3129965336428544,0.5443037974683544,76.1061864722105,0.35892051141683,14424
blend,45,2,0.3,equal,10,0.5278579352164092,0.746669127272775,,-0.3561286061276594,0.5443037974683544,53.77695024846276,0.2552873720622358,14424
blend,45,2,0.3,equal,21,0.7725664293617727,1.137516439807792,0.14027788947084655,-0.3168958572092292,0.5822784810126582,35.513348234474975,0.16910419785168215,14424
blend,45,2,0.3,volinv,5,0.6234331851010769,0.8826374449908158,-0.08828302182633306,-0.33880662300324504,0.5443037974683544,95.30006919730158,0.43724443181033396,14424
blend,45,2,0.3,volinv,10,0.7100013009772568,0.9887384574872163,-0.021165239110820307,-0.2869815670561402,0.5316455696202531,61.977493281091945,0.2876448171930149,14424
blend,45,2,0.3,volinv,21,0.6855338715028148,0.9585867980610036,0.02259891567466452,-0.26526071930615014,0.5316455696202531,37.55956722782971,0.17530803140780543,14424
blend,60,0,0.1,equal,5,0.5006817409571122,0.7485446977513206,,-0.24990022891065589,0.4936708860759494,85.77945665445665,0.44338028013146347,14424
blend,60,0,0.1,equal,10,0.40767034409942904,0.5963886491562335,,-0.2945436102233312,0.5063291139240507,60.063526497074754,0.3109923405670796,14424
blend,60,0,0.1,equal,21,0.2629910397185331,0.36757554315819735,,-0.3487806852691576,0.4177215189873418,41.03978865698915,0.21384052052245317,14424
blend,60,0,0.1,volinv,5,0.565160833382115,0.8359392311846037,,-0.20989081094190176,0.5063291139240507,103.91546594585083,0.5173830696092185,14424
blend,60,0,0.1,volinv,10,0.4525115391866481,0.6371363150535279,,-0.19117072116368217,0.4936708860759494,67.40183850526684,0.33798067214372796,14424
blend,60,0,0.1,volinv,21,0.11377128210132346,0.15507921951164533,,-0.40089294615181115,0.4050632911392405,43.11495325890824,0.21896187804821285,14424
blend,60,0,0.2,equal,5,0.4293226186393381,0.6346278044639108,,-0.34546425004031156,0.4430379746835443,75.67411433115984,0.3677374897228293,14424
blend,60,0,0.2,equal,10,0.3171926767151765,0.464066717553702,,-0.3612748256775752,0.5316455696202531,54.15271591629768,0.26463590629443623,14424
blend,60,0,0.2,equal,21,0.30038729848893375,0.42343299278704954,,-0.3469936897488314,0.4936708860759494,36.00800719326455,0.17569224647824644,14424
blend,60,0,0.2,volinv,5,0.4224577275564523,0.6057583689690121,,-0.3199362058593569,0.4936708860759494,94.8466404350878,0.44646835098870874,14424
blend,60,0,0.2,volinv,10,0.3880287086798719,0.5437872462032678,,-0.2545724015987061,0.4810126582278481,62.07310926675306,0.29557723684164977,14424
blend,60,0,0.2,volinv,21,0.29872669923325473,0.40835391245797104,,-0.35805799592565757,0.45569620253164556,38.032682513854105,0.18160481663757683,14424
blend,60,0,0.3,equal,5,0.4842151627573344,0.706170905316376,,-0.34550143163311986,0.5189873417721519,66.22828353077664,0.3113278263735245,14424
blend,60,0,0.3,equal,10,0.46489328979994765,0.6696320836654137,,-0.3041187456087441,0.4936708860759494,46.456603120779555,0.21989742012465904,14424
blend,60,0,0.3,equal,21,0.3023973200454954,0.42965187744164524,,-0.3515781640251383,0.45569620253164556,32.46160548073598,0.15403233161934204,14424
blend,60,0,0.3,volinv,5,0.478284030971334,0.6872131277886757,,-0.3598089046819235,0.5063291139240507,86.5628085693211,0.3953727721376834,14424
blend,60,0,0.3,volinv,10,0.5191423449998034,0.7252314387988305,,-0.3665417682692319,0.4936708860759494,55.00453624471328,0.2542390619156888,14424
blend,60,0,0.3,volinv,21,0.3163016000765219,0.43952546106380574,,-0.3666917732501759,0.45569620253164556,34.56339257327092,0.1608610186304166,14424
blend,60,2,0.1,equal,5,0.17050198247241022,0.24627872527669536,,-0.2713517941769029,0.4430379746835443,88.85792602779915,0.45932208304319216,14424
blend,60,2,0.1,equal,10,-0.25765420798609195,-0.35405665498372724,,-0.33924589986521647,0.4050632911392405,62.84543091406652,0.3262405188846272,14424
blend,60,2,0.1,equal,21,0.05809906022583383,0.0838732094173867,,-0.3210138266162953,0.45569620253164556,41.05786369066319,0.21366666110231716,14424
blend,60,2,0.1,volinv,5,0.17606751476821794,0.24689424876332103,,-0.2525012782770705,0.4936708860759494,106.99937380521249,0.5340268798449878,14424
blend,60,2,0.1,volinv,10,-0.1569258027766653,-0.21073925298302865,,-0.33466017638897905,0.4050632911392405,69.75440952006508,0.35173296046396624,14424
blend,60,2,0.1,volinv,21,0.03418252402571503,0.047163956292807625,,-0.33472491199876075,0.46835443037974683,43.25579191729883,0.2201262005171202,14424
blend,60,2,0.2,equal,5,0.2847404327986348,0.4184609288311642,,-0.36537842296835465,0.46835443037974683,77.29628277210887,0.3749833673522835,14424
blend,60,2,0.2,equal,10,0.07270470293667133,0.10330314755783343,,-0.40693404076902173,0.4936708860759494,54.96539299198443,0.2678061377597069,14424
blend,60,2,0.2,equal,21,0.2385852748160334,0.3499975300964343,,-0.3226632631215568,0.4810126582278481,35.78517446840158,0.1754182888700368,14424
blend,60,2,0.2,volinv,5,0.345073184925086,0.48900226464605817,,-0.28900996192110384,0.43037974683544306,97.00947383348286,0.4567409436458367,14424
blend,60,2,0.2,volinv,10,0.1905479540577586,0.2641214673877024,,-0.37128544275133646,0.46835443037974683,62.55140658168184,0.29744610081591716,14424
blend,60,2,0.2,volinv,21,0.2600930927420807,0.3646530377051908,,-0.2728032797020701,0.45569620253164556,37.68966260876824,0.18072077053032748,14424
blend,60,2,0.3,equal,5,0.21693729867253952,0.3112637764911184,,-0.4106343415973064,0.4810126582278481,67.7078245110497,0.31932599285549723,14424
blend,60,2,0.3,equal,10,0.2620766836685645,0.3697353410529357,,-0.35664282872620856,0.4810126582278481,48.422220848445996,0.22926237701021154,14424
blend,60,2,0.3,equal,21,0.4789763906895731,0.6932829297865873,,-0.29618080311605965,0.5063291139240507,31.64708045287312,0.15021820965570515,14424
blend,60,2,0.3,volinv,5,0.3050259157732426,0.42672670555718195,,-0.37579121434429574,0.45569620253164556,87.19278813468499,0.3991788710137344,14424
blend,60,2,0.3,volinv,10,0.4094421197442994,0.5672122324310775,,-0.4007230885237747,0.4810126582278481,56.33855905812851,0.2603807004817697,14424
blend,60,2,0.3,volinv,21,0.5368132129994948,0.7457483952436619,,-0.2558999196423647,0.4810126582278481,34.0518732820909,0.158519656414029,14424
blend,90,0,0.1,equal,5,0.14184413173647448,0.21292548715170223,,-0.36337282363079526,0.43037974683544306,73.43857615623423,0.3808835269247756,14424
blend,90,0,0.1,equal,10,0.15148341679075533,0.23509589044956344,,-0.3169885806873777,0.3924050632911392,50.79939845466052,0.26461571790101335,14424
blend,90,0,0.1,equal,21,0.1587743467958438,0.22840499442075765,,-0.2829753040604349,0.4177215189873418,34.34475405118084,0.1800170929771747,14424
blend,90,0,0.1,volinv,5,-0.02821645269753345,-0.0402354337586551,,-0.41419151816971367,0.3924050632911392,92.22859057382414,0.4581671810083846,14424
blend,90,0,0.1,volinv,10,-0.012037398795629315,-0.017426431388538978,,-0.3423053790854157,0.4050632911392405,58.89004951768963,0.2956265975631552,14424
blend,90,0,0.1,volinv,21,0.04068764477845891,0.05591076551557007,,-0.375129333391909,0.43037974683544306,36.142891308401865,0.18340038789272534,14424
blend,90,0,0.2,equal,5,-0.1514280045326018,-0.2135711259986143,,-0.3383350024841103,0.4177215189873418,62.1736982554561,0.3003987339145951,14424
blend,90,0,0.2,equal,10,0.06694917525405913,0.09689776543015308,,-0.38280679091626024,0.45569620253164556,44.96705753664243,0.21798701863987324,14424
blend,90,0,0.2,equal,21,0.19837459929682147,0.28216336362031336,,-0.2951740721528987,0.43037974683544306,30.07600161540186,0.14662900183994002,14424
blend,90,0,0.2,volinv,5,-0.10363544692197241,-0.14245895332165004,,-0.33817395868653255,0.43037974683544306,80.89009400497447,0.37787689075103004,14424
blend,90,0,0.2,volinv,10,0.07614048499271761,0.10609590864693888,,-0.371739891582609,0.45569620253164556,53.16822876332016,0.2508788069019496,14424
blend,90,0,0.2,volinv,21,0.26383593119510346,0.36444228338318607,,-0.3045958980507987,0.43037974683544306,32.333086548782056,0.1539455099413937,14424
blend,90,0,0.3,equal,5,-0.17084495511683945,-0.235144658714438,,-0.37863504327617237,0.379746835443038,54.78476142919655,0.25714933461075407,14424
blend,90,0,0.3,equal,10,0.07516451992747114,0.10678345923528255,,-0.3462877832536848,0.4177215189873418,39.31565000385326,0.18513138865423115,14424
blend,90,0,0.3,equal,21,0.4190633744998677,0.5922509189442281,,-0.2987477586694184,0.4430379746835443,26.888230789115422,0.12707772960493324,14424
blend,90,0,0.3,volinv,5,-0.027650253867720426,-0.03726656110632543,,-0.43240777084854176,0.4177215189873418,74.2634449186353,0.3382210236219675,14424
blend,90,0,0.3,volinv,10,0.2309536726706819,0.3181863468871258,,-0.4618096585221908,0.46835443037974683,47.49025829971749,0.218208555422519,14424
blend,90,0,0.3,volinv,21,0.4340723407913274,0.5895315478371359,,-0.37100471663263535,0.4430379746835443,29.32144347064939,0.13606967232405145,14424
blend,90,2,0.1,equal,5,0.17346187244655903,0.2529286492760823,,-0.25410150173349577,0.4810126582278481,73.44735834742075,0.38065132394938783,14424
blend,90,2,0.1,equal,10,0.028910570404791624,0.0423912156147847,,-0.3340807866873232,0.4936708860759494,52.79351453685896,0.2754434782474778,14424
blend,90,2,0.1,equal,21,0.0021453740462176593,0.0031393229494403527,,-0.3465732224460467,0.4430379746835443,35.15847858464331,0.18427579454122184,14424
blend,90,2,0.1,volinv,5,-0.0701091069856747,-0.09584726587667582,,-0.3739801851113247,0.4177215189873418,91.98587209303149,0.45633311250433184,14424
blend,90,2,0.1,volinv,10,-0.13073592609577434,-0.1806755265119412,,-0.40954401607528845,0.4430379746835443,60.58087875462023,0.3046059439926371,14424
blend,90,2,0.1,volinv,21,-0.08717811707161008,-0.11797648229558312,,-0.4352666130493301,0.4050632911392405,37.16311072858081,0.18945384069404514,14424
blend,90,2,0.2,equal,5,-0.18030241742927575,-0.24859567715143527,,-0.30319116793963463,0.4430379746835443,64.6137657589407,0.31285791459950174,14424
blend,90,2,0.2,equal,10,-0.1168620355517881,-0.16087920145257384,,-0.3372054921048264,0.46835443037974683,46.20053132283378,0.2240090868766945,14424
blend,90,2,0.2,equal,21,-0.06488570016230509,-0.09035864565130525,,-0.36099671774437536,0.45569620253164556,31.088728265380745,0.15172048379960915,14424
blend,90,2,0.2,volinv,5,-0.048470166831974366,-0.06590992469824858,,-0.3738735488610915,0.4177215189873418,83.07763246210166,0.389363696019417,14424
blend,90,2,0.2,volinv,10,-0.006301716882363148,-0.008614579320456213,,-0.41919524018099574,0.45569620253164556,54.061404236745595,0.2552685130134786,14424
blend,90,2,0.2,volinv,21,-0.01962152725738545,-0.026581532952111867,,-0.3231185052200608,0.43037974683544306,33.324090341480414,0.15859313024275334,14424
blend,90,2,0.3,equal,5,-0.23803622038468375,-0.327202027692593,,-0.3582097060730527,0.4177215189873418,54.436325841703855,0.2546445756302335,14424
blend,90,2,0.3,equal,10,-0.1386019721541293,-0.19174290526573565,,-0.4250541620240551,0.43037974683544306,40.34403160855241,0.18997927506502238,14424
blend,90,2,0.3,equal,21,0.16983402298117126,0.2404016257556968,,-0.30786704874808624,0.45569620253164556,27.31401648752465,0.1296641120924741,14424
blend,90,2,0.3,volinv,5,-0.1281931590906335,-0.1731271993436542,,-0.4467336058909507,0.43037974683544306,73.53008140535746,0.3337895243998119,14424
blend,90,2,0.3,volinv,10,0.027778328999498614,0.0380794091192614,,-0.466121459792297,0.43037974683544306,48.15528821184582,0.22143689549102624,14424
blend,90,2,0.3,volinv,21,0.18932963968509348,0.2584754192290257,,-0.3969302531389548,0.45569620253164556,29.592494410065658,0.13754622362793645,14424
PLACEBO,0,0,0.3,equal,5,-0.594378973613497,-0.7960138579692523,,-0.5643890449518499,0.4177215189873418,206.56300824953533,0.8162917345181638,14424
PLACEBO,0,0,0.3,equal,5,-0.4178394671456168,-0.5792267745815316,,-0.5208619766410454,0.46835443037974683,204.9793776864181,0.8100335736298342,14424
PLACEBO,0,0,0.3,equal,5,-0.4402556838961668,-0.6411474862012435,,-0.5476986365351346,0.46835443037974683,205.92215620743167,0.8137592277084917,14424
PLACEBO,0,0,0.3,equal,5,-0.8288259157972272,-1.1502514058347464,,-0.6324998889672757,0.34177215189873417,206.62190389122668,0.816524477185494,14424
PLACEBO,0,0,0.3,equal,5,-1.1181529660267415,-1.5102372859048676,,-0.7340857929801378,0.31645569620253167,206.22413772830222,0.8149525924912415,14424
PLACEBO,0,0,0.3,equal,5,-0.9241567645509274,-1.316969372894983,,-0.6966267252540728,0.3924050632911392,204.1792211102237,0.8068715302174976,14424
PLACEBO,0,0,0.3,equal,5,-0.8191241478530635,-1.1971386328603522,,-0.7077602957696415,0.46835443037974683,207.08574469468132,0.8183574743770091,14424
PLACEBO,0,0,0.3,equal,5,-0.2949037424846888,-0.44175148858539887,,-0.5374813314845059,0.45569620253164556,206.2339795619713,0.8149914852607874,14424
PLACEBO,0,0,0.3,equal,5,-0.5862263081346055,-0.7901276407672647,,-0.5735701994620686,0.4050632911392405,205.77180358027192,0.8131650670799568,14424
PLACEBO,0,0,0.3,equal,5,-0.8248709847547027,-1.1649876702521338,,-0.6207410614493944,0.4430379746835443,206.1358568915898,0.8146037259737786,14424
PLACEBO,0,0,0.3,equal,5,-0.9433696033181467,-1.2995323462187762,,-0.6871769482562611,0.4177215189873418,205.9336121004736,0.8138044988869126,14424
PLACEBO,0,0,0.3,equal,5,-1.2816766467853011,-1.7445879605639796,,-0.7760793171726283,0.35443037974683544,206.42150647399927,0.8157325505153329,14424
PLACEBO,0,0,0.3,equal,5,-0.9921713402927645,-1.4370370376628794,,-0.7012190057935009,0.46835443037974683,205.55681215546895,0.8123154680905436,14424
PLACEBO,0,0,0.3,equal,5,-0.5339506715311643,-0.7447107331202405,,-0.5670189829276785,0.43037974683544306,206.32789559704386,0.8153626208470577,14424
PLACEBO,0,0,0.3,equal,5,-0.40684076436523636,-0.604582184070197,,-0.551972575970819,0.379746835443038,205.94782655930626,0.8138606713127214,14424
PLACEBO,0,0,0.3,equal,5,-0.9251097869071815,-1.30358017033693,,-0.6976340976337916,0.3924050632911392,204.18745809118766,0.8069040809609016,14424
PLACEBO,0,0,0.3,equal,5,0.011316155835776841,0.017483046843286984,,-0.39030851109603404,0.5063291139240507,205.57389960964775,0.8123829939642628,14424
PLACEBO,0,0,0.3,equal,5,-0.3684662196453722,-0.5084631035038014,,-0.4148662081674793,0.5569620253164557,205.55180737665347,0.8122956903016025,14424
PLACEBO,0,0,0.3,equal,5,-0.2706149522206875,-0.42489392427529266,,-0.48065557673226367,0.43037974683544306,205.25287972911028,0.8111143937569004,14424
PLACEBO,0,0,0.3,equal,5,-0.7605801214333723,-1.0654022168071717,,-0.6475658866698911,0.3670886075949367,206.91967468714614,0.8177012021061358,14424
PLACEBO,0,0,0.3,equal,5,-0.7345611759660744,-1.0100651964148137,,-0.6061026807925962,0.3670886075949367,204.56327725551193,0.8083892359269874,14424
PLACEBO,0,0,0.3,equal,5,-0.6285136190191085,-0.9129103090542867,,-0.6217890910333349,0.46835443037974683,205.34384952180736,0.8114738864390547,14424
PLACEBO,0,0,0.3,equal,5,-0.05586051959666349,-0.08581722453092215,,-0.5085286809438092,0.5063291139240507,204.38248483708998,0.8076747839151195,14424
PLACEBO,0,0,0.3,equal,5,-0.16711073813699082,-0.2401737012385768,,-0.41249967403158116,0.45569620253164556,206.68995053303397,0.8167933825995841,14424
