signal,lookback_d,skip_d,top_frac,weighting,rebal_d,sharpe,sortino,mc_p5,max_dd,months_in_profit,ann_turnover,cost_drag,n_obs
raw,10,0,0.1,equal,1,-0.5251529112036148,-0.7148903427425877,,-0.8412991152529159,0.45454545454545453,358.65049279757386,0.5631666666666666,3957
raw,10,0,0.1,equal,5,-0.4578013961077376,-0.6442431980738201,,-0.765136279929901,0.4318181818181818,137.2191053828658,0.21546666666666664,3957
raw,10,0,0.1,equal,10,-0.26880370578399815,-0.37448037443261967,,-0.6617909469546448,0.5,87.46019711902954,0.1373333333333333,3957
raw,10,0,0.1,equal,21,-0.43242268917199367,-0.6202769134062849,,-0.8360396601965127,0.44886363636363635,42.32903714935557,0.06646666666666666,3957
raw,10,0,0.1,rank,1,-0.5262635141381187,-0.722717231738367,,-0.8394516931538232,0.44886363636363635,363.2745911832835,0.570427602108037,3957
raw,10,0,0.1,rank,5,-0.45417145975749906,-0.6385648038536541,,-0.763778815080209,0.4318181818181818,138.31592384936485,0.21718893280632412,3957
raw,10,0,0.1,rank,10,-0.2784533617831419,-0.3871142971662476,,-0.6682576388076424,0.4943181818181818,87.86974201919648,0.1379764163372859,3957
raw,10,0,0.1,rank,21,-0.44296717393263446,-0.6351713920270924,,-0.8400920176619824,0.4431818181818182,42.464545244780595,0.0666794466403162,3957
raw,10,0,0.1,volinv,1,-0.5591755858735814,-0.7433411925992964,,-0.8579326605520958,0.4375,392.6305371927107,0.6165234268537921,3957
raw,10,0,0.1,volinv,5,-0.4662944654393351,-0.652361883886713,,-0.7666615053975503,0.42613636363636365,143.3174471173114,0.22504251517587348,3957
raw,10,0,0.1,volinv,10,-0.2210581542191769,-0.3085857656591003,,-0.6183025794522268,0.5170454545454546,88.94054875077754,0.1396578378598519,3957
raw,10,0,0.1,volinv,21,-0.3914465827178721,-0.5629894974430124,,-0.8293138552812137,0.44886363636363635,43.085966884715596,0.06765522657254747,3957
raw,10,0,0.2,equal,1,-0.5153573449840552,-0.7188329318782113,,-0.8275970922245949,0.42045454545454547,262.0451857467778,0.41147333333333336,3957
raw,10,0,0.2,equal,5,-0.3808411111253194,-0.5136702807094868,,-0.7414450762932463,0.4147727272727273,109.99181197877179,0.17271333333333333,3957
raw,10,0,0.2,equal,10,-0.3710634320433129,-0.5142848274089598,,-0.7497370537128937,0.4772727272727273,76.4470053070508,0.12004000000000001,3957
raw,10,0,0.2,equal,21,-0.265514785943271,-0.3834016294529022,,-0.7681432111300603,0.42613636363636365,36.788476118271426,0.05776666666666667,3957
raw,10,0,0.2,rank,1,-0.5243825340299351,-0.7323297403058143,,-0.8329719127058317,0.4090909090909091,277.68919835601133,0.4360381578947368,3957
raw,10,0,0.2,rank,5,-0.40281160980378916,-0.544852376398562,,-0.7518901934293845,0.4147727272727273,114.41984757192449,0.17966640350877192,3957
raw,10,0,0.2,rank,10,-0.3658056917076751,-0.507096641452893,,-0.7432848268696178,0.4772727272727273,78.34949922189855,0.12302736842105264,3957
raw,10,0,0.2,rank,21,-0.3053698110446308,-0.4398866686968179,,-0.787954121333681,0.4318181818181818,37.66413949962092,0.05914166666666666,3957
raw,10,0,0.2,volinv,1,-0.5679839453913395,-0.790527726758054,,-0.841944802860418,0.4034090909090909,301.9180047227175,0.47408315265388623,3957
raw,10,0,0.2,volinv,5,-0.371791983933399,-0.4994068434882543,,-0.7297141208137748,0.4375,118.81587273573979,0.18656920968862,3957
raw,10,0,0.2,volinv,10,-0.3460734678317855,-0.4765873218478484,,-0.7296578593317349,0.4602272727272727,79.22234584696787,0.12439794544303645,3957
raw,10,0,0.2,volinv,21,-0.22164826855747757,-0.3202441611086061,,-0.7512114157407097,0.4375,38.65173732162818,0.060692430389556636,3957
raw,10,0,0.3,equal,1,-0.4712775134979966,-0.6540723691472274,,-0.8013286915804162,0.4090909090909091,223.5648218347233,0.35105000000000003,3957
raw,10,0,0.3,equal,5,-0.3284421151128098,-0.4438502707080435,,-0.7049501617413099,0.4659090909090909,97.09173616376042,0.15245714285714285,3957
raw,10,0,0.3,equal,10,-0.43315165705418424,-0.5978052144328615,,-0.7794441757194033,0.4715909090909091,69.83472327520849,0.10965714285714286,3957
raw,10,0,0.3,equal,21,-0.14430735625433147,-0.2127498728924797,,-0.7067196897902325,0.4431818181818182,33.59818043972707,0.05275714285714286,3957
raw,10,0,0.3,rank,1,-0.49915464667664927,-0.6936330566318119,,-0.8174544516442646,0.42613636363636365,248.80960026163612,0.3906903127917834,3957
raw,10,0,0.3,rank,5,-0.3672274969234162,-0.4967324288302209,,-0.7299353893678969,0.42045454545454547,104.8204224828673,0.16459302054154995,3957
raw,10,0,0.3,rank,10,-0.4149237489554272,-0.5733312132012526,,-0.769456643488488,0.48295454545454547,73.51357980644873,0.11543382352941176,3957
raw,10,0,0.3,rank,21,-0.2229063607157618,-0.3250371360880235,,-0.7530630732206524,0.4318181818181818,35.34393256923695,0.05549838935574229,3957
raw,10,0,0.3,volinv,1,-0.5569499063551565,-0.7634749104098663,,-0.8377214471122401,0.4147727272727273,262.54893602487493,0.41226434121048816,3957
raw,10,0,0.3,volinv,5,-0.3332840520867769,-0.4472868135324849,,-0.6994051636414217,0.42613636363636365,106.45588677812508,0.16716108888136547,3957
raw,10,0,0.3,volinv,10,-0.44841152979820176,-0.6159866583604093,,-0.7817593107812548,0.4602272727272727,73.42782185690577,0.11529916313006988,3957
raw,10,0,0.3,volinv,21,-0.14857476707080222,-0.21874246462670885,,-0.7162797383477655,0.42613636363636365,35.807661270418414,0.05622655382819272,3957
raw,10,2,0.1,equal,1,-0.6895239100667095,-0.8778121789741168,,-0.8838281349410618,0.4090909090909091,358.4382107657315,0.5628333333333333,3957
raw,10,2,0.1,equal,5,-0.28050926494817935,-0.36165314622542505,,-0.6727440108597879,0.44886363636363635,138.6838514025777,0.21776666666666666,3957
raw,10,2,0.1,equal,10,-0.3539454533131995,-0.45121574167731593,,-0.7751147503136625,0.48295454545454547,88.71266110689916,0.13929999999999998,3957
raw,10,2,0.1,equal,21,-0.6074814842042254,-0.9034634770969769,,-0.8404859300514336,0.4090909090909091,41.246398786959816,0.06476666666666667,3957
raw,10,2,0.1,rank,1,-0.6916015832274772,-0.8820622745892226,,-0.8844160839398564,0.4034090909090909,363.07548238424727,0.5701149538866931,3957
raw,10,2,0.1,rank,5,-0.284971581987193,-0.36814046559938024,,-0.6765866220527124,0.45454545454545453,139.86990383779784,0.21962905138339922,3957
raw,10,2,0.1,rank,10,-0.3625179181733111,-0.4623861682911093,,-0.7789880771603243,0.48863636363636365,89.12241577191968,0.13994341238471675,3957
raw,10,2,0.1,rank,21,-0.6020077210775224,-0.8954365408059383,,-0.838655714725214,0.3977272727272727,41.41215497427384,0.06502694334650856,3957
raw,10,2,0.1,volinv,1,-0.7117459535653963,-0.8803101771856128,,-0.8931218048258937,0.42045454545454547,392.9193065348283,0.616976863475522,3957
raw,10,2,0.1,volinv,5,-0.30894354583846717,-0.3889796923977678,,-0.7044293915755888,0.42613636363636365,144.87210180774414,0.22748369319573158,3957
raw,10,2,0.1,volinv,10,-0.3147164513056693,-0.3946219874260106,,-0.7570396070348333,0.48863636363636365,90.15066832671127,0.14155801371777638,3957
raw,10,2,0.1,volinv,21,-0.6258354089650329,-0.9190709664104032,,-0.8473632714152846,0.3977272727272727,42.22249740162973,0.06629937389613051,3957
raw,10,2,0.2,equal,1,-0.41510713939714183,-0.5790173714390171,,-0.7688814700447614,0.45454545454545453,262.0027293404094,0.4114066666666667,3957
raw,10,2,0.2,equal,5,-0.2228952713187052,-0.3136078730361755,,-0.6052168994343831,0.4318181818181818,112.25049279757391,0.17625999999999997,3957
raw,10,2,0.2,equal,10,-0.26423158685386994,-0.36358787718944247,,-0.7255539980150099,0.44886363636363635,76.68900682335102,0.12042,3957
raw,10,2,0.2,equal,21,-0.47798295384462014,-0.7039208848214609,,-0.7761293672716314,0.4147727272727273,36.98377558756634,0.05807333333333333,3957
raw,10,2,0.2,rank,1,-0.47315726938341174,-0.6527070320606941,,-0.7968342395181544,0.44886363636363635,277.635010574199,0.4359530701754386,3957
raw,10,2,0.2,rank,5,-0.23477125125346984,-0.3272459236225071,,-0.6178215851485939,0.4318181818181818,116.6149555085591,0.18311324561403508,3957
raw,10,2,0.2,rank,10,-0.294094966009295,-0.4003974143617445,,-0.744108348574203,0.45454545454545453,78.7616056821356,0.12367447368421053,3957
raw,10,2,0.2,rank,21,-0.49413342954502126,-0.7347265944410636,,-0.7862144399138589,0.4147727272727273,37.73530984398069,0.05925342105263158,3957
raw,10,2,0.2,volinv,1,-0.43742992680803644,-0.6083107873327042,,-0.7798280790054802,0.4431818181818182,301.8121725955251,0.4739169710160686,3957
raw,10,2,0.2,volinv,5,-0.23245591737162166,-0.32394927084090896,,-0.61542590920869,0.4090909090909091,121.51545687403458,0.19080819954387102,3957
raw,10,2,0.2,volinv,10,-0.23633184749104003,-0.32279024038475146,,-0.7026556001786521,0.42613636363636365,79.93564288562501,0.1255179916263564,3957
raw,10,2,0.2,volinv,21,-0.46159606341558324,-0.6770608988302258,,-0.7725099620466104,0.4034090909090909,38.72313587896184,0.06080454312422698,3957
raw,10,2,0.3,equal,1,-0.5364413854615521,-0.7314212219511169,,-0.832319155502504,0.4375,223.51250947687643,0.35096785714285716,3957
raw,10,2,0.3,equal,5,-0.19804960674649008,-0.27167306998778173,,-0.5885198689753268,0.4659090909090909,98.62016679302502,0.15485714285714283,3957
raw,10,2,0.3,equal,10,-0.2738156604948831,-0.36920529852473216,,-0.7217908776639411,0.4318181818181818,70.19408642911297,0.11022142857142858,3957
raw,10,2,0.3,equal,21,-0.47865545583246016,-0.723665335346428,,-0.7808112772952706,0.42045454545454547,33.868840030326005,0.05318214285714285,3957
raw,10,2,0.3,rank,1,-0.5413698093778527,-0.7350462137112285,,-0.8315498808530957,0.4318181818181818,248.74904487951358,0.39059522642390293,3957
raw,10,2,0.3,rank,5,-0.2136400548894801,-0.2929912836032451,,-0.5999916651782378,0.45454545454545453,106.5346296213709,0.1672847338935574,3957
raw,10,2,0.3,rank,10,-0.29704256403596413,-0.3988379159170978,,-0.7407808595900834,0.45454545454545453,73.98874667380218,0.11617994864612513,3957
raw,10,2,0.3,rank,21,-0.49974391388120065,-0.752306797983448,,-0.792100138311695,0.3977272727272727,35.45870311733488,0.055678606442577036,3957
raw,10,2,0.3,volinv,1,-0.5860553150048913,-0.7955182821183825,,-0.8508369633554027,0.4034090909090909,262.5249916942794,0.41222674291042194,3957
raw,10,2,0.3,volinv,5,-0.19531965178956268,-0.2636989459690983,,-0.5881874486252032,0.48295454545454547,108.08883637534016,0.16972520854651627,3957
raw,10,2,0.3,volinv,10,-0.23962406727728808,-0.3208657869271084,,-0.6864752317835334,0.4318181818181818,74.01792473251561,0.11622576514546201,3957
raw,10,2,0.3,volinv,21,-0.48215298553693975,-0.724994647404912,,-0.7864464943687154,0.4318181818181818,35.984018319049966,0.05650347638431774,3957
raw,10,7,0.1,equal,1,-0.502937056749208,-0.7251434506167543,,-0.7850418501223873,0.45454545454545453,357.8225928733889,0.5618666666666666,3957
raw,10,7,0.1,equal,5,-0.12622055360270476,-0.17859576885464282,,-0.625374772822288,0.4375,138.53525398028808,0.21753333333333333,3957
raw,10,7,0.1,equal,10,-0.3269115869363335,-0.45763976925365946,,-0.763370503524466,0.4375,87.22668688400302,0.13696666666666663,3957
raw,10,7,0.1,equal,21,-0.41508974285824324,-0.6020332512867409,,-0.778998804078276,0.4772727272727273,41.246398786959816,0.06476666666666667,3957
raw,10,7,0.1,rank,1,-0.49670560543612985,-0.7192701816140021,,-0.7807755825530426,0.4375,362.45327787550156,0.5691379446640316,3957
raw,10,7,0.1,rank,5,-0.12790438394001566,-0.1804263009635455,,-0.6255562234178518,0.44886363636363635,139.71841166052855,0.21939117259552043,3957
raw,10,7,0.1,rank,10,-0.3248035153721977,-0.4534017625074008,,-0.7638229290450571,0.4375,87.60170448926753,0.13755553359683792,3957
raw,10,7,0.1,rank,21,-0.40721449162369416,-0.5918728728931287,,-0.775516092168941,0.4715909090909091,41.38899693443649,0.06499057971014494,3957
raw,10,7,0.1,volinv,1,-0.49598527094537015,-0.7039674220508687,,-0.776680621020919,0.4375,392.9143731151288,0.6169691168319702,3957
raw,10,7,0.1,volinv,5,-0.11922215802099,-0.16793851582923894,,-0.6150982491508178,0.44886363636363635,144.87236444379332,0.2274841055968612,3957
raw,10,7,0.1,volinv,10,-0.3099966161577994,-0.4309533946998335,,-0.7626071426732498,0.44886363636363635,89.11478676539677,0.13993143302804564,3957
raw,10,7,0.1,volinv,21,-0.4264025816982326,-0.6165230792188588,,-0.7842681902387879,0.4715909090909091,42.207126309263025,0.06627523762133086,3957
raw,10,7,0.2,equal,1,-0.5208319475853377,-0.7668187367174156,,-0.7951970014416706,0.4318181818181818,261.56542835481423,0.41072,3957
raw,10,7,0.2,equal,5,-0.08026320745084084,-0.11576947051198398,,-0.5579719708748689,0.44886363636363635,112.08491281273692,0.176,3957
raw,10,7,0.2,equal,10,-0.21807745578518078,-0.31709151527188395,,-0.6951478175592658,0.45454545454545453,76.1243366186505,0.11953333333333332,3957
raw,10,7,0.2,equal,21,-0.30304325852430736,-0.43372822336032296,,-0.7298272179507084,0.4602272727272727,35.32797573919636,0.05547333333333333,3957
raw,10,7,0.2,rank,1,-0.5156427759327964,-0.7597783510131778,,-0.79499950625932,0.4431818181818182,277.16514105582377,0.43521526315789477,3957
raw,10,7,0.2,rank,5,-0.09529546922642214,-0.13705983222649468,,-0.5786040479510848,0.44886363636363635,116.44674993017037,0.18284912280701754,3957
raw,10,7,0.2,rank,10,-0.2353225755783401,-0.3398724942429499,,-0.704900383049638,0.44886363636363635,78.02414907625393,0.12251649122807015,3957
raw,10,7,0.2,rank,21,-0.32693842947304547,-0.4689234695051739,,-0.7434812520790923,0.4602272727272727,36.29346793823071,0.05698938596491228,3957
raw,10,7,0.2,volinv,1,-0.5737061821576012,-0.841311077217242,,-0.8140443842247955,0.4431818181818182,302.19957451747484,0.47452528427208257,3957
raw,10,7,0.2,volinv,5,-0.09298142415730797,-0.13282668596703454,,-0.5595754367967014,0.4431818181818182,121.5071902915278,0.19079521904110142,3957
raw,10,7,0.2,volinv,10,-0.2588499765251859,-0.37682619355359903,,-0.7167786596969016,0.4431818181818182,79.59899364038259,0.1249893721567436,3957
raw,10,7,0.2,volinv,21,-0.2891262352673119,-0.41981170540404894,,-0.7044439436419416,0.4772727272727273,37.443366890746354,0.05879500110582671,3957
raw,10,7,0.3,equal,1,-0.4824684880676483,-0.6975385519708717,,-0.7928996889554478,0.4431818181818182,223.15314632297193,0.3504035714285714,3957
raw,10,7,0.3,equal,5,-0.022612775596218274,-0.032157515049948765,,-0.492081486988752,0.4715909090909091,98.46777862016678,0.15461785714285714,3957
raw,10,7,0.3,equal,10,-0.174149311109225,-0.24924790476569972,,-0.6660223914091702,0.44886363636363635,69.5890826383624,0.10927142857142857,3957
raw,10,7,0.3,equal,21,-0.2211513313691584,-0.32174748398029407,,-0.6696755168601751,0.48295454545454547,32.05837755875663,0.05033928571428571,3957
raw,10,7,0.3,rank,1,-0.4898401834542407,-0.7143465618513783,,-0.7914796590915675,0.44886363636363635,248.3350354546671,0.3899451330532213,3957
raw,10,7,0.3,rank,5,-0.0531880851125386,-0.07576104195999762,,-0.5337073774265002,0.4772727272727273,106.37670397954481,0.16703675303454715,3957
raw,10,7,0.3,rank,10,-0.2060117836093883,-0.2945446354177727,,-0.6893404607535576,0.4375,73.21532949798569,0.11496549953314658,3957
raw,10,7,0.3,rank,21,-0.2752114892504624,-0.3976753960653811,,-0.7095319491817003,0.4659090909090909,33.88206306025063,0.05320290616246499,3957
raw,10,7,0.3,volinv,1,-0.5829872115927608,-0.836942488383875,,-0.834996076801072,0.42045454545454547,263.0785286612449,0.4130959277430739,3957
raw,10,7,0.3,volinv,5,-0.03852807052922619,-0.05464102712573845,,-0.505359377535888,0.4431818181818182,108.11932467343152,0.16977308243363828,3957
raw,10,7,0.3,volinv,10,-0.20110425748472102,-0.28878519691756305,,-0.6912236131931149,0.4602272727272727,73.6432464720094,0.11563743106735759,3957
raw,10,7,0.3,volinv,21,-0.25438879010483095,-0.37053101045985265,,-0.6718788274237084,0.4602272727272727,34.56856769690071,0.05428088189549052,3957
raw,20,0,0.1,equal,1,-0.33004639315300616,-0.4729564699966118,,-0.7111283058414319,0.4090909090909091,265.50113722517057,0.41690000000000005,3957
raw,20,0,0.1,equal,5,-0.4966983984759123,-0.7096115057054683,,-0.7937502672059356,0.36363636363636365,105.01592115238817,0.1649,3957
raw,20,0,0.1,equal,10,-0.2789115719160971,-0.40129756012217305,,-0.7202917088975961,0.4431818181818182,69.24639878695982,0.10873333333333332,3957
raw,20,0,0.1,equal,21,-0.2090624572689459,-0.30576957917319664,,-0.7484734056016065,0.45454545454545453,42.03184230477635,0.06599999999999999,3957
raw,20,0,0.1,rank,1,-0.3470752427611041,-0.49676596713973575,,-0.7217339334500996,0.4147727272727273,269.2034449382243,0.42271350461133067,3957
raw,20,0,0.1,rank,5,-0.5012562181525372,-0.7161545346938637,,-0.7963527099737991,0.36363636363636365,105.96829554069888,0.1663954545454545,3957
raw,20,0,0.1,rank,10,-0.2836956992600015,-0.40783529517946054,,-0.7224885644767112,0.4375,69.78868288648425,0.1095848484848485,3957
raw,20,0,0.1,rank,21,-0.21261519228748307,-0.3109887066177802,,-0.7486469329834492,0.4602272727272727,42.138906286053334,0.06616811594202898,3957
raw,20,0,0.1,volinv,1,-0.35843490388304566,-0.509309158110728,,-0.733897624939363,0.4090909090909091,296.00882890022575,0.4648043396659497,3957
raw,20,0,0.1,volinv,5,-0.47691105578118526,-0.6741491302836864,,-0.7817429734783397,0.3693181818181818,112.44916120822087,0.17657195670671824,3957
raw,20,0,0.1,volinv,10,-0.27652854637117996,-0.39160743124616604,,-0.7239704261362072,0.4375,72.47377140581237,0.11380107676698395,3957
raw,20,0,0.1,volinv,21,-0.23690733942493095,-0.344450013210646,,-0.7654111910519471,0.4715909090909091,42.86845241291478,0.06731367706266023,3957
raw,20,0,0.2,equal,1,-0.3688210930908254,-0.5048548513265021,,-0.7197258163163559,0.38636363636363635,193.9196360879454,0.3045,3957
raw,20,0,0.2,equal,5,-0.44745718284455194,-0.5994358936850132,,-0.7658760130040547,0.4318181818181818,80.41667930250188,0.12627333333333335,3957
raw,20,0,0.2,equal,10,-0.44338192671319726,-0.596087404812786,,-0.8107502232671593,0.4318181818181818,55.80470053070508,0.08762666666666667,3957
raw,20,0,0.2,equal,21,-0.3286042879294346,-0.4846503475022517,,-0.7886561497410702,0.4034090909090909,36.903108415466264,0.05794666666666667,3957
raw,20,0,0.2,rank,1,-0.3759820863684637,-0.5190105202923595,,-0.7237802529705082,0.38636363636363635,205.65028530385857,0.32291991228070177,3957
raw,20,0,0.2,rank,5,-0.4798534641081264,-0.6434479209179998,,-0.7851794162778751,0.4318181818181818,84.41746937472567,0.13255552631578948,3957
raw,20,0,0.2,rank,10,-0.4320196633603797,-0.5830516202761968,,-0.8061225265891867,0.42613636363636365,57.98997645744383,0.0910580701754386,3957
raw,20,0,0.2,rank,21,-0.3110190716095884,-0.4582758488457709,,-0.7870926223703724,0.4147727272727273,37.70486413151909,0.05920561403508772,3957
raw,20,0,0.2,volinv,1,-0.42611310184922196,-0.5888823108706815,,-0.7592673486196065,0.3806818181818182,231.43422349940175,0.3634068342806082,3957
raw,20,0,0.2,volinv,5,-0.42785897732228384,-0.5733138095697495,,-0.7582654520046918,0.42613636363636365,91.10043622078962,0.14304937544669227,3957
raw,20,0,0.2,volinv,10,-0.4548636004350258,-0.6091177937713169,,-0.8121020139375584,0.4375,61.01572339859733,0.09580921328898795,3957
raw,20,0,0.2,volinv,21,-0.3285406179965169,-0.48555883829723656,,-0.7753519833676731,0.4318181818181818,38.61329526779304,0.06063206721216549,3957
raw,20,0,0.3,equal,1,-0.4622749026502645,-0.6409928237993197,,-0.7782264635289833,0.3806818181818182,163.33939853424312,0.256481746031746,3957
raw,20,0,0.3,equal,5,-0.3683848532677983,-0.5116569132949175,,-0.7217856535680336,0.42045454545454547,70.58680818802122,0.11083809523809524,3957
raw,20,0,0.3,equal,10,-0.35499482073018035,-0.49396656059614097,,-0.7597263815935376,0.42045454545454547,49.25372757139247,0.07734007936507936,3957
raw,20,0,0.3,equal,21,-0.25033553567293176,-0.3712559211435004,,-0.7382419272489203,0.42613636363636365,33.361637604245644,0.052385714285714285,3957
raw,20,0,0.3,rank,1,-0.4399977753679518,-0.610343160608386,,-0.7639453538291645,0.3977272727272727,182.58072812142294,0.28669521475256765,3957
raw,20,0,0.3,rank,5,-0.42799756907264447,-0.5874818439012602,,-0.7541305498956075,0.4318181818181818,76.97506280753392,0.12086917600373483,3957
raw,20,0,0.3,rank,10,-0.3814730808205933,-0.5261217968235188,,-0.7764728930700877,0.4318181818181818,53.12763680149846,0.08342303921568628,3957
raw,20,0,0.3,rank,21,-0.2637131622767463,-0.39076060357300235,,-0.7561067124639833,0.4147727272727273,35.166882219149976,0.055220378151260505,3957
raw,20,0,0.3,volinv,1,-0.5485595431122902,-0.7536898197140585,,-0.8180142207292127,0.3806818181818182,199.91444873522713,0.31391328319257683,3957
raw,20,0,0.3,volinv,5,-0.33619955009917124,-0.4644281770651412,,-0.7090701417937401,0.4147727272727273,81.0871185156225,0.12732608252631678,3957
raw,20,0,0.3,volinv,10,-0.34664344400450975,-0.48161645738007947,,-0.7494000042726127,0.4147727272727273,54.893387783323234,0.08619568867405158,3957
raw,20,0,0.3,volinv,21,-0.2356838843546979,-0.3482752592472729,,-0.7192968743155156,0.4431818181818182,35.53663272926615,0.055800974487978626,3957
raw,20,2,0.1,equal,1,-0.5238595869700676,-0.6788378545106053,,-0.8181743839169714,0.3977272727272727,265.2463987869598,0.41650000000000004,3957
raw,20,2,0.1,equal,5,-0.40129566243581266,-0.5836165409522021,,-0.757725881914183,0.4090909090909091,105.22820318423047,0.16523333333333332,3957
raw,20,2,0.1,equal,10,-0.38699664244554094,-0.5539711916363486,,-0.7484343644660725,0.44886363636363635,69.77710386656557,0.10956666666666667,3957
raw,20,2,0.1,equal,21,-0.2797942229805883,-0.40767894680341227,,-0.6534989325032924,0.4318181818181818,41.81956027293404,0.06566666666666665,3957
raw,20,2,0.1,rank,1,-0.5220662090804226,-0.6807278637622534,,-0.8154483663354659,0.3977272727272727,268.9466088514775,0.422310210803689,3957
raw,20,2,0.1,rank,5,-0.39977148644565164,-0.5819242103828524,,-0.7559858160752474,0.4147727272727273,106.33412544537573,0.16696989459815548,3957
raw,20,2,0.1,rank,10,-0.3878985722203269,-0.5562915087411271,,-0.7480964454528407,0.45454545454545453,70.42087220226126,0.11057753623188406,3957
raw,20,2,0.1,rank,21,-0.27930298970282813,-0.4071081238513172,,-0.6524378291610533,0.4375,42.020347190799114,0.06598194993412385,3957
raw,20,2,0.1,volinv,1,-0.5209768923580544,-0.65993667274172,,-0.815958879980945,0.4090909090909091,296.2487794702327,0.4651811191919487,3957
raw,20,2,0.1,volinv,5,-0.3982730545526473,-0.5730400186485173,,-0.7514623251091179,0.4318181818181818,112.30039022537932,0.17633835084199445,3957
raw,20,2,0.1,volinv,10,-0.3516158011919149,-0.49745196944541686,,-0.728784116168402,0.4659090909090909,72.77773520318226,0.1142783723011874,3957
raw,20,2,0.1,volinv,21,-0.3112098170150378,-0.4528360220176108,,-0.6753385539780142,0.4318181818181818,42.649089976908606,0.0669692258089791,3957
raw,20,2,0.2,equal,1,-0.48012451499002123,-0.6512293403262851,,-0.7874819867433328,0.39204545454545453,193.78802122820318,0.30429333333333336,3957
raw,20,2,0.2,equal,5,-0.44426392817763527,-0.6293235072984323,,-0.7989796326713421,0.4318181818181818,79.17270659590598,0.12432,3957
raw,20,2,0.2,equal,10,-0.4475490452585348,-0.627319001706371,,-0.8010083976132871,0.4659090909090909,56.641091736163766,0.08894,3957
raw,20,2,0.2,equal,21,-0.38671620324919675,-0.5757631602323359,,-0.7517599928970569,0.4147727272727273,36.77149355572403,0.05774,3957
raw,20,2,0.2,rank,1,-0.4985584924320724,-0.6771168551451255,,-0.7957961227286199,0.38636363636363635,205.50152029049121,0.3226863157894737,3957
raw,20,2,0.2,rank,5,-0.4422745485739983,-0.6246334185344047,,-0.7955076765383007,0.4318181818181818,83.56459837995291,0.13121631578947368,3957
raw,20,2,0.2,rank,10,-0.4332193823911322,-0.6064260001538007,,-0.7908136633662526,0.44886363636363635,58.78921830733011,0.0923130701754386,3957
raw,20,2,0.2,rank,21,-0.3687127677964715,-0.5472493029094025,,-0.73821104273541,0.4090909090909091,37.626152188659674,0.05908201754385965,3957
raw,20,2,0.2,volinv,1,-0.5284772305135512,-0.7170818228658734,,-0.811672979330163,0.38636363636363635,232.5393091267095,0.36514208183110697,3957
raw,20,2,0.2,volinv,5,-0.4356122573740454,-0.615572303435012,,-0.7990966088886357,0.4147727272727273,88.99316156659414,0.13974045250754485,3957
raw,20,2,0.2,volinv,10,-0.45733001113377325,-0.642805047086683,,-0.8061612409274196,0.44886363636363635,61.78206257145423,0.09701254825208112,3957
raw,20,2,0.2,volinv,21,-0.4000326461319938,-0.5937859360662445,,-0.7514256560065504,0.4090909090909091,38.45667548702793,0.060386136865940285,3957
raw,20,2,0.3,equal,1,-0.39383907378441163,-0.544207686704644,,-0.7313095011692896,0.3806818181818182,163.23704826889056,0.2563210317460317,3957
raw,20,2,0.3,equal,5,-0.3550743757424376,-0.4970502266275175,,-0.7484860639050999,0.42613636363636365,69.36391205458682,0.10891785714285715,3957
raw,20,2,0.3,equal,10,-0.4153776543229299,-0.5817777229388433,,-0.772419572734645,0.4431818181818182,49.598938589840785,0.07788214285714284,3957
raw,20,2,0.3,equal,21,-0.4516942988749241,-0.6674009504017571,,-0.7740447288250245,0.4147727272727273,33.21834723275209,0.05216071428571428,3957
raw,20,2,0.3,rank,1,-0.4438383032540085,-0.610583443823602,,-0.7613416108677098,0.39204545454545453,182.45375284306292,0.28649583333333334,3957
raw,20,2,0.3,rank,5,-0.38245021890316544,-0.5359627984016032,,-0.7630565096039903,0.4375,76.05782009543772,0.11942888655462185,3957
raw,20,2,0.3,rank,10,-0.40961483398161597,-0.5732575490199546,,-0.7712961709009246,0.4431818181818182,53.5817761524625,0.08413614612511672,3957
raw,20,2,0.3,rank,21,-0.41352720529494846,-0.6109799081019676,,-0.7550587902033001,0.4090909090909091,35.07164518574678,0.05507083333333333,3957
raw,20,2,0.3,volinv,1,-0.44152452479452714,-0.6102059664351382,,-0.7610744195544614,0.4034090909090909,201.2734244345346,0.3160471986061323,3957
raw,20,2,0.3,volinv,5,-0.38455564528525993,-0.5304361524742048,,-0.7646210486360819,0.4375,80.07485177289841,0.12573658272434882,3957
raw,20,2,0.3,volinv,10,-0.4579240050051977,-0.6380019671013148,,-0.791155638867232,0.42613636363636365,54.93876398126374,0.08626694010867485,3957
raw,20,2,0.3,volinv,21,-0.4947796068285236,-0.7202481155439471,,-0.7873208372843846,0.39204545454545453,35.39053550017086,0.05557156705324449,3957
raw,20,7,0.1,equal,1,-0.14189161939716105,-0.21243098167648394,,-0.607843940513836,0.4659090909090909,264.71569370735403,0.4156666666666667,3957
raw,20,7,0.1,equal,5,-0.02888164747336078,-0.043036088969361945,,-0.4753840140117269,0.4715909090909091,105.05837755875662,0.16496666666666665,3957
raw,20,7,0.1,equal,10,0.009426268363836872,0.013864227288805665,,-0.4442586675310942,0.4943181818181818,68.07884761182714,0.1069,3957
raw,20,7,0.1,equal,21,0.11426569665739844,0.16997846738774217,,-0.4888001901375423,0.5170454545454546,41.20394238059136,0.06470000000000001,3957
raw,20,7,0.1,rank,1,-0.13694102294245125,-0.20544335638603092,,-0.6025901113048044,0.4659090909090909,268.41141480400466,0.42146982872200267,3957
raw,20,7,0.1,rank,5,-0.04344912544874595,-0.06480717625238866,,-0.49469956608589005,0.4715909090909091,106.16429981990188,0.16670322793148878,3957
raw,20,7,0.1,rank,10,-0.012241701299005044,-0.017993564623686755,,-0.4642972741044419,0.4943181818181818,68.6335078377139,0.10777094861660079,3957
raw,20,7,0.1,rank,21,0.11221402130110124,0.16708871970342598,,-0.49610227294719356,0.5113636363636364,41.396548469166056,0.06500243741765481,3957
raw,20,7,0.1,volinv,1,-0.16605934387791593,-0.24818226573412552,,-0.6161453412626653,0.4772727272727273,295.55242164367655,0.46408767160477304,3957
raw,20,7,0.1,volinv,5,0.006616860735953219,0.0098443574099077,,-0.47820705259518703,0.48863636363636365,112.4236898505708,0.17653196061059867,3957
raw,20,7,0.1,volinv,10,0.05104824537709345,0.0752135028937406,,-0.43142763978961296,0.48863636363636365,71.41423325162121,0.11213734959391475,3957
raw,20,7,0.1,volinv,21,0.10081319324412714,0.14937179935651942,,-0.4807323519587705,0.5170454545454546,42.06205589656141,0.06604744253281489,3957
raw,20,7,0.2,equal,1,-0.3644770857489799,-0.5332061867071675,,-0.7825370353757266,0.4431818181818182,193.45686125852922,0.30377333333333334,3957
raw,20,7,0.2,equal,5,-0.25265175953038654,-0.36694857502372136,,-0.7223440701853474,0.4715909090909091,79.10053070507962,0.12420666666666667,3957
raw,20,7,0.2,equal,10,-0.16378585785450445,-0.2354653622173893,,-0.6274640065026276,0.44886363636363635,54.93009855951479,0.08625333333333333,3957
raw,20,7,0.2,equal,21,-0.04204526193901655,-0.061284171038095976,,-0.5447103727531599,0.48295454545454547,35.89689158453374,0.05636666666666666,3957
raw,20,7,0.2,rank,1,-0.3345453245741824,-0.49469541804767,,-0.7616396062904544,0.44886363636363635,205.1282390966043,0.3221001754385965,3957
raw,20,7,0.2,rank,5,-0.2306925913479867,-0.3378484331508132,,-0.6992771159732034,0.45454545454545453,83.4785124296716,0.1310811403508772,3957
raw,20,7,0.2,rank,10,-0.167156673149375,-0.24194254554871944,,-0.6122987860384471,0.4431818181818182,57.10353138342444,0.0896661403508772,3957
raw,20,7,0.2,rank,21,-0.012394297112899712,-0.018125699568823973,,-0.535301182646273,0.48295454545454547,36.7840628865568,0.057759736842105266,3957
raw,20,7,0.2,volinv,1,-0.43661384309871554,-0.6255069897817699,,-0.8202794450371271,0.45454545454545453,232.42828261651317,0.36496774377521535,3957
raw,20,7,0.2,volinv,5,-0.22702507684630083,-0.32847465103957685,,-0.7003429311112797,0.4715909090909091,89.03703338810291,0.13980934171298537,3957
raw,20,7,0.2,volinv,10,-0.11324062503695216,-0.1621855716008749,,-0.5878911518603469,0.45454545454545453,59.840566829591666,0.09396393767646596,3957
raw,20,7,0.2,volinv,21,-0.08482158635681976,-0.12371421730790724,,-0.5539239073382427,0.48863636363636365,37.6289826710349,0.05908646207511312,3957
raw,20,7,0.3,equal,1,-0.4560400352961286,-0.6623082855420345,,-0.813125389566961,0.4147727272727273,162.97776092999746,0.2559138888888889,3957
raw,20,7,0.3,equal,5,-0.3509761467378828,-0.4997862977015619,,-0.7650931266331852,0.45454545454545453,69.29567854435179,0.10881071428571429,3957
raw,20,7,0.3,equal,10,-0.2494473052514637,-0.3544286063443974,,-0.6940276410019115,0.4659090909090909,48.55041698256255,0.07623571428571428,3957
raw,20,7,0.3,equal,21,-0.029467088211335,-0.042308392900565005,,-0.5974229057661162,0.48863636363636365,32.45185746777862,0.050957142857142854,3957
raw,20,7,0.3,rank,1,-0.3924061535626399,-0.5763731234683133,,-0.785950758335819,0.4375,182.13088495443665,0.28598885387488326,3957
raw,20,7,0.3,rank,5,-0.29515147651670826,-0.4278439734843714,,-0.7334311550832162,0.4659090909090909,75.97674263033491,0.1193015756302521,3957
raw,20,7,0.3,rank,10,-0.2194727252700778,-0.31639019284215997,,-0.6624926192930788,0.44886363636363635,52.31571749245567,0.08214813258636788,3957
raw,20,7,0.3,rank,21,-0.011868768219645274,-0.017137745605818495,,-0.573142414206721,0.48863636363636365,34.3090427983172,0.0538733660130719,3957
raw,20,7,0.3,volinv,1,-0.5790477763555045,-0.830071807759029,,-0.856858082052266,0.42613636363636365,201.14074242984097,0.31583885626780983,3957
raw,20,7,0.3,volinv,5,-0.3882668622345938,-0.5442978994595302,,-0.7763531262354391,0.4375,80.12868025801157,0.12582110626228246,3957
raw,20,7,0.3,volinv,10,-0.27732427499786017,-0.3866140744806627,,-0.7015389561094987,0.4602272727272727,54.0784383891072,0.08491602408956239,3957
raw,20,7,0.3,volinv,21,-0.08006832902363914,-0.11478436814272214,,-0.5969950525914696,0.45454545454545453,34.86402307564894,0.05474481718664399,3957
raw,30,0,0.1,equal,1,-0.6186180348128891,-0.8199883079816316,,-0.8745981551592761,0.4147727272727273,222.45034116755113,0.3493,3957
raw,30,0,0.1,equal,5,-0.44470337120116854,-0.6362878610206288,,-0.7658734648237071,0.4090909090909091,89.20090978013646,0.14006666666666664,3957
raw,30,0,0.1,equal,10,-0.26472154229138434,-0.38179742316256865,,-0.6920422841048905,0.4715909090909091,59.99090219863533,0.09419999999999999,3957
raw,30,0,0.1,equal,21,-0.23089773338987973,-0.33807329071619785,,-0.6572701262169685,0.4659090909090909,37.42532221379833,0.05876666666666666,3957
raw,30,0,0.1,rank,1,-0.6335403835814282,-0.848037161877286,,-0.878253404644466,0.4090909090909091,225.96453175989717,0.35481811594202894,3957
raw,30,0,0.1,rank,5,-0.4567696253297545,-0.652217327382244,,-0.7738820324891889,0.3977272727272727,90.43097088164167,0.14199815546772068,3957
raw,30,0,0.1,rank,10,-0.2776352901117895,-0.3999619767338359,,-0.7003793871218901,0.4715909090909091,60.71391969602077,0.0953353096179183,3957
raw,30,0,0.1,rank,21,-0.2393450737744784,-0.3504304408460659,,-0.6619335756540125,0.4659090909090909,37.63269574806642,0.059092292490118575,3957
raw,30,0,0.1,volinv,1,-0.6193149844447073,-0.8029097718463873,,-0.880753389036614,0.4318181818181818,253.3692869882551,0.39785010659227205,3957
raw,30,0,0.1,volinv,5,-0.3980116089364721,-0.5715303082461285,,-0.7367419008234717,0.4090909090909091,97.43085228162838,0.15298963590412837,3957
raw,30,0,0.1,volinv,10,-0.2437659882941816,-0.3506880785388471,,-0.6969680233810871,0.48295454545454547,63.914071832309354,0.10036031041287623,3957
raw,30,0,0.1,volinv,21,-0.2553353935305761,-0.37199553411327174,,-0.6752272075677439,0.4659090909090909,38.91485376679418,0.06110558585523991,3957
raw,30,0,0.2,equal,1,-0.41940483082070995,-0.6015463651848071,,-0.7929800087487078,0.42613636363636365,159.9035633055345,0.2510866666666667,3957
raw,30,0,0.2,equal,5,-0.3378706795826234,-0.48384081133965356,,-0.7210082162414421,0.4318181818181818,66.76269901440486,0.10483333333333333,3957
raw,30,0,0.2,equal,10,-0.13494685067966974,-0.1918356167766921,,-0.6293081967517178,0.4659090909090909,46.740257771038664,0.07339333333333334,3957
raw,30,0,0.2,equal,21,-0.1031183507153906,-0.15702262784702517,,-0.5918866732473949,0.4602272727272727,30.636542835481425,0.04810666666666667,3957
raw,30,0,0.2,rank,1,-0.4746081101385899,-0.6748095661133932,,-0.8189337853646417,0.42613636363636365,169.97506085152227,0.2669013157894737,3957
raw,30,0,0.2,rank,5,-0.359644759581287,-0.5154028997362013,,-0.7333286002501962,0.4090909090909091,70.43288775388054,0.11059640350877192,3957
raw,30,0,0.2,rank,10,-0.17330327009296154,-0.24701927950363978,,-0.6582786566158215,0.48863636363636365,48.94570049080244,0.07685640350877193,3957
raw,30,0,0.2,rank,21,-0.1364404171556802,-0.20643635003910552,,-0.6157767565930019,0.4602272727272727,31.796496548421846,0.0499280701754386,3957
raw,30,0,0.2,volinv,1,-0.43635097732321343,-0.6174659178755995,,-0.801485404246662,0.42613636363636365,196.31555842080576,0.3082621685202891,3957
raw,30,0,0.2,volinv,5,-0.3287940416162492,-0.46391563245587564,,-0.7144694147595024,0.42045454545454547,77.35171727279611,0.12146061319383103,3957
raw,30,0,0.2,volinv,10,-0.1015825445428252,-0.14241283475075103,,-0.6125621699682409,0.4772727272727273,52.28955057032588,0.08210704428840457,3957
raw,30,0,0.2,volinv,21,-0.09531043528491677,-0.14411131068940355,,-0.5936072018728197,0.4659090909090909,32.931177463822266,0.05170978937473995,3957
raw,30,0,0.3,equal,1,-0.3851201254342372,-0.5436817082561424,,-0.775566944569243,0.4147727272727273,136.6504927975739,0.2145738095238095,3957
raw,30,0,0.3,equal,5,-0.3178829665486558,-0.44462836937654965,,-0.7089423205678034,0.4318181818181818,58.59514783927217,0.09200833333333333,3957
raw,30,0,0.3,equal,10,-0.185220535804255,-0.25839587305389217,,-0.6514487127651984,0.4772727272727273,40.70432145564822,0.06391547619047619,3957
raw,30,0,0.3,equal,21,-0.28997935451269374,-0.4393595218293669,,-0.7099981704068974,0.4431818181818182,27.916603487490526,0.04383571428571428,3957
raw,30,0,0.3,rank,1,-0.45714097834290074,-0.6420385480014842,,-0.8122471346071991,0.4147727272727273,152.48127666532875,0.23943190943043885,3957
raw,30,0,0.3,rank,5,-0.3537263212852175,-0.5008503974535089,,-0.7305472828579986,0.4034090909090909,64.23768749349627,0.10086846405228758,3957
raw,30,0,0.3,rank,10,-0.20478398661737188,-0.288935195541772,,-0.6685838386155829,0.48295454545454547,44.43073332441392,0.06976683006535947,3957
raw,30,0,0.3,rank,21,-0.25245896556709957,-0.38205766008259057,,-0.6900622517261439,0.4602272727272727,29.72667945115878,0.046677964519140996,3957
raw,30,0,0.3,volinv,1,-0.44323297636947967,-0.6176857742032675,,-0.8030311884516652,0.3977272727272727,172.16910731776946,0.2703464911334975,3957
raw,30,0,0.3,volinv,5,-0.29560853901528794,-0.4077425057066707,,-0.7000593542099549,0.4318181818181818,69.84369980863636,0.1096712381518945,3957
raw,30,0,0.3,volinv,10,-0.1853008891202603,-0.25497964101209486,,-0.6661524349480075,0.45454545454545453,47.09446102342732,0.07394951677369123,3957
raw,30,0,0.3,volinv,21,-0.2780739341571474,-0.4186160254556747,,-0.7019040493092549,0.42613636363636365,30.715789424380546,0.048231102679473725,3957
raw,30,2,0.1,equal,1,-0.49290825818694045,-0.703792905950553,,-0.7880814905109459,0.42045454545454547,222.3654283548142,0.34916666666666674,3957
raw,30,2,0.1,equal,5,-0.2693379227343534,-0.39479087070578417,,-0.6698832444583271,0.4375,88.84003032600455,0.1395,3957
raw,30,2,0.1,equal,10,-0.28015569648740896,-0.411110225358774,,-0.7159944941859979,0.44886363636363635,60.56406368460955,0.09509999999999999,3957
raw,30,2,0.1,equal,21,-0.3108763779865923,-0.4629896744471652,,-0.7043678746748332,0.4715909090909091,37.510235026535256,0.058899999999999994,3957
raw,30,2,0.1,rank,1,-0.4999476958988348,-0.7155457703824568,,-0.7925201294748179,0.42045454545454547,225.8812131600476,0.3546872859025033,3957
raw,30,2,0.1,rank,5,-0.2789348185918432,-0.40871734545729616,,-0.6737314903233766,0.42613636363636365,90.11712070768668,0.14150533596837944,3957
raw,30,2,0.1,rank,10,-0.2902411862123954,-0.42556945447862815,,-0.719019523099333,0.45454545454545453,61.16613076740974,0.0960453886693017,3957
raw,30,2,0.1,rank,21,-0.3049423632273539,-0.45462678445771754,,-0.7016881123111189,0.45454545454545453,37.727677273776095,0.05924143610013175,3957
raw,30,2,0.1,volinv,1,-0.49381399168115964,-0.6963146415127707,,-0.789646122111191,0.4147727272727273,253.016733445482,0.3972965135887986,3957
raw,30,2,0.1,volinv,5,-0.23862547947688187,-0.34914742523786346,,-0.649235733755466,0.4375,97.33153293886316,0.15283368088852442,3957
raw,30,2,0.1,volinv,10,-0.22852910857822156,-0.33595805687855224,,-0.685836298610587,0.4659090909090909,64.55457368190848,0.10136605081718725,3957
raw,30,2,0.1,volinv,21,-0.26443793341334226,-0.3913302730034102,,-0.6779772369013206,0.4772727272727273,38.853347397053845,0.061009006210373834,3957
raw,30,2,0.2,equal,1,-0.4715513702020707,-0.6711743078425215,,-0.7871133775914758,0.44886363636363635,159.83138741470813,0.2509733333333334,3957
raw,30,2,0.2,equal,5,-0.18852185208795288,-0.2812887160390762,,-0.6411533800128604,0.4715909090909091,66.70326004548902,0.10474,3957
raw,30,2,0.2,equal,10,-0.22629702272723465,-0.33251482919895564,,-0.6994478814605413,0.4602272727272727,46.60439727065959,0.07318000000000001,3957
raw,30,2,0.2,equal,21,-0.4582528835576713,-0.674115466874372,,-0.7569460015955742,0.42045454545454547,31.63426838514026,0.04967333333333333,3957
raw,30,2,0.2,rank,1,-0.4718859478472855,-0.671231565537696,,-0.7878606789958669,0.4375,169.9023821874626,0.2667871929824561,3957
raw,30,2,0.2,rank,5,-0.20646461496125418,-0.3071518875379486,,-0.6496376612525364,0.4715909090909091,70.3592594070468,0.11048078947368421,3957
raw,30,2,0.2,rank,10,-0.24704065125852867,-0.3629540023078815,,-0.7089669423468616,0.4602272727272727,48.81185108335661,0.07664622807017543,3957
raw,30,2,0.2,rank,21,-0.4388051250609643,-0.6463790299511015,,-0.7545730167200351,0.4318181818181818,32.60646422728542,0.051199912280701754,3957
raw,30,2,0.2,volinv,1,-0.4745300413413925,-0.6682793800181267,,-0.7928773588759944,0.4431818181818182,196.62375473291436,0.3087461101103739,3957
raw,30,2,0.2,volinv,5,-0.15314109889391342,-0.22862165625005246,,-0.6303378358897613,0.48863636363636365,76.72258227936818,0.12047272146010315,3957
raw,30,2,0.2,volinv,10,-0.15784103785048822,-0.23187019843613857,,-0.6752532433361289,0.4602272727272727,52.015064178817205,0.08167603529983321,3957
raw,30,2,0.2,volinv,21,-0.4251286919914126,-0.6246397084045201,,-0.7579388256048744,0.42613636363636365,33.890435470247475,0.05321605283959098,3957
raw,30,2,0.3,equal,1,-0.4523220454830183,-0.6340926251215572,,-0.7811791602154194,0.44886363636363635,136.59818043972703,0.21449166666666664,3957
raw,30,2,0.3,equal,5,-0.23097518136198336,-0.33829271959299506,,-0.6336188689823985,0.4318181818181818,58.289613343442,0.09152857142857142,3957
raw,30,2,0.3,equal,10,-0.22805514569580748,-0.3335677024518318,,-0.6907499728477873,0.4602272727272727,40.69446550416983,0.0639,3957
raw,30,2,0.3,equal,21,-0.40794203218703695,-0.5994808948037149,,-0.7473724341691996,0.45454545454545453,27.739196360879454,0.04355714285714286,3957
raw,30,2,0.3,rank,1,-0.4697038950724905,-0.6626848273685504,,-0.7893174617789145,0.4375,152.42277274821984,0.23934004435107376,3957
raw,30,2,0.3,rank,5,-0.24188561835236147,-0.3561639943989463,,-0.6426639968414718,0.4318181818181818,63.985089714430124,0.10047182539682539,3957
raw,30,2,0.3,rank,10,-0.2558172542207948,-0.3744659289965124,,-0.7095206682301374,0.4602272727272727,44.40024379729147,0.06971895424836601,3957
raw,30,2,0.3,rank,21,-0.4208916575094997,-0.6203474275508359,,-0.7502108039355009,0.44886363636363635,29.80246473115402,0.046796965452847804,3957
raw,30,2,0.3,volinv,1,-0.4896535533906253,-0.6787036722887223,,-0.8030297313816297,0.44886363636363635,172.33491408783865,0.2706068472403086,3957
raw,30,2,0.3,volinv,5,-0.21780836451583596,-0.3181013396607372,,-0.6165972860363507,0.44886363636363635,69.01548342237267,0.1083707412310828,3957
raw,30,2,0.3,volinv,10,-0.19125803508348294,-0.27867257709966115,,-0.6786738279754566,0.4375,46.55530127636847,0.07310290759944049,3957
raw,30,2,0.3,volinv,21,-0.391902267445884,-0.5766062879504804,,-0.7616688371991278,0.4431818181818182,30.500423471579044,0.04789292685596758,3957
raw,30,7,0.1,equal,1,-0.41322357875439863,-0.6022449258535938,,-0.805935894642839,0.45454545454545453,221.96209249431385,0.34853333333333336,3957
raw,30,7,0.1,equal,5,-0.055260960420237155,-0.08274527848416968,,-0.6312101270679474,0.4943181818181818,88.69143290371493,0.13926666666666668,3957
raw,30,7,0.1,equal,10,-0.15009675633299202,-0.21962792894788366,,-0.669251106463576,0.48295454545454547,58.73843821076573,0.09223333333333333,3957
raw,30,7,0.1,equal,21,-0.022212433910646028,-0.03329203228330252,,-0.6122478436021134,0.48295454545454547,37.42532221379834,0.05876666666666666,3957
raw,30,7,0.1,rank,1,-0.4213291183056123,-0.6145727164435922,,-0.8104764611154841,0.4431818181818182,225.49025342590954,0.35407338603425564,3957
raw,30,7,0.1,rank,5,-0.05748730331947576,-0.08597839273426179,,-0.6331171797198334,0.4943181818181818,89.97510990180008,0.14128234519104083,3957
raw,30,7,0.1,rank,10,-0.14565439444293726,-0.21323738231430145,,-0.6678691815222626,0.48863636363636365,59.355188833317854,0.09320177865612647,3957
raw,30,7,0.1,rank,21,-0.02740794478678086,-0.04109763073765355,,-0.6088548327807328,0.48863636363636365,37.65434348095784,0.05912628458498024,3957
raw,30,7,0.1,volinv,1,-0.4506828859786456,-0.6519668932711536,,-0.8169395458922433,0.4715909090909091,252.9099238975535,0.397128797167706,3957
raw,30,7,0.1,volinv,5,-0.03425905543778539,-0.051280213363612326,,-0.6073537489832357,0.5,97.33135335938276,0.15283339890598316,3957
raw,30,7,0.1,volinv,10,-0.13047251644433158,-0.1910507792703922,,-0.6462077952896266,0.48295454545454547,62.89557176279447,0.09876102280372132,3957
raw,30,7,0.1,volinv,21,-0.011836648171659123,-0.01772542423625298,,-0.6136416111444544,0.4715909090909091,38.837677210130295,0.06098440028590698,3957
raw,30,7,0.2,equal,1,-0.27837292276978104,-0.413295461544419,,-0.7276069128324667,0.4772727272727273,159.5257012888552,0.25049333333333335,3957
raw,30,7,0.2,equal,5,-0.0526512926453754,-0.07829423220504943,,-0.5506245394429563,0.4772727272727273,66.67778620166793,0.1047,3957
raw,30,7,0.2,equal,10,-0.137449855933716,-0.1998105319795743,,-0.5824173451139207,0.4772727272727273,45.109931766489765,0.07083333333333333,3957
raw,30,7,0.2,equal,21,0.05261674884080735,0.07932383101907697,,-0.5440604826012603,0.4659090909090909,30.79363153904473,0.04835333333333333,3957
raw,30,7,0.2,rank,1,-0.3016427003034421,-0.4473880701626132,,-0.7481672468790145,0.4715909090909091,169.58719923386937,0.26629228070175437,3957
raw,30,7,0.2,rank,5,-0.07192949702200904,-0.10723695848991154,,-0.5870598926606886,0.4715909090909091,70.31993136746338,0.1104190350877193,3957
raw,30,7,0.2,rank,10,-0.15343696471924131,-0.22341303086828795,,-0.6224825523685165,0.4772727272727273,47.41738158892303,0.07445657894736843,3957
raw,30,7,0.2,rank,21,0.03086580288251636,0.046492443446609216,,-0.5578344832815558,0.48295454545454547,31.88705159411037,0.050070263157894736,3957
raw,30,7,0.2,volinv,1,-0.3203852560589528,-0.47772552222575193,,-0.7300743290337881,0.4772727272727273,196.5630324776492,0.30865076171192773,3957
raw,30,7,0.2,volinv,5,-0.004635309710791204,-0.006873711201256188,,-0.48664627899565893,0.48863636363636365,76.84265300127419,0.12066126108176267,3957
raw,30,7,0.2,volinv,10,-0.08875029892234694,-0.12797786892928245,,-0.5687083152781325,0.48863636363636365,50.63405894758401,0.07950752827602775,3957
raw,30,7,0.2,volinv,21,0.036717532755612986,0.054852391258592016,,-0.5701020112136068,0.4943181818181818,32.94327165075688,0.05172878012779562,3957
raw,30,7,0.3,equal,1,-0.312814337352095,-0.4697707708163124,,-0.7416546884165658,0.5,136.37528430629263,0.21414166666666665,3957
raw,30,7,0.3,equal,5,-0.04866775271317603,-0.07022074051441334,,-0.5547139308499842,0.4715909090909091,58.27141774071266,0.0915,3957
raw,30,7,0.3,equal,10,-0.05879789169470287,-0.08336550064474327,,-0.5319665149210118,0.4602272727272727,39.88021228203184,0.06262142857142858,3957
raw,30,7,0.3,equal,21,0.0674852052574023,0.10346304294185017,,-0.535510843031326,0.4943181818181818,27.38665655799848,0.043003571428571426,3957
raw,30,7,0.3,rank,1,-0.3296704367875,-0.4941911114333201,,-0.7571993852348126,0.4772727272727273,152.1722264341673,0.238946626984127,3957
raw,30,7,0.3,rank,5,-0.06945381793461289,-0.10250080308237222,,-0.5827095264628019,0.4659090909090909,63.95339606653882,0.1004220588235294,3957
raw,30,7,0.3,rank,10,-0.10429068253566412,-0.15082715286323706,,-0.5878090344771845,0.4715909090909091,43.47546418112355,0.06826683006535947,3957
raw,30,7,0.3,rank,21,0.04354335818822686,0.06641812934909397,,-0.5539822229751346,0.48295454545454547,29.357438047243157,0.04609816760037348,3957
raw,30,7,0.3,volinv,1,-0.4099685633998143,-0.6131788909825663,,-0.7848591358698228,0.4659090909090909,172.6652334464777,0.2711255272808382,3957
raw,30,7,0.3,volinv,5,-0.033142850501463185,-0.04726633021721303,,-0.5448011373072938,0.4772727272727273,69.0376910165434,0.10840561244145326,3957
raw,30,7,0.3,volinv,10,0.00421878175730215,0.0059188777552082765,,-0.499846879388417,0.5113636363636364,45.926405668184586,0.07211539175754222,3957
raw,30,7,0.3,volinv,21,0.09967963443615337,0.15931206573687123,,-0.522512803426185,0.5,30.21081079963313,0.0474381660056144,3957
raw,45,0,0.1,equal,1,-0.47851673850837084,-0.6894644327553073,,-0.7968269687296347,0.4034090909090909,190.7141774071266,0.29946666666666666,3957
raw,45,0,0.1,equal,5,-0.32449748879665274,-0.4724941389230865,,-0.709742276460734,0.45454545454545453,75.06292645943896,0.11786666666666666,3957
raw,45,0,0.1,equal,10,-0.15792696360175879,-0.22939985672731453,,-0.6395488753787553,0.4715909090909091,49.1008339651251,0.0771,3957
raw,45,0,0.1,equal,21,-0.13044631760472447,-0.19156804671568342,,-0.5331743841959624,0.42613636363636365,32.05458680818802,0.05033333333333333,3957
raw,45,0,0.1,rank,1,-0.49068189879130014,-0.7065425418854583,,-0.801933257775129,0.4034090909090909,193.41124998876262,0.30370171277997365,3957
raw,45,0,0.1,rank,5,-0.34747484849007365,-0.505607680755985,,-0.7219759777882822,0.4431818181818182,76.21965376812594,0.11968300395256917,3957
raw,45,0,0.1,rank,10,-0.17965236652239153,-0.2606908842085176,,-0.6534259746239977,0.4772727272727273,49.815670633220165,0.07822246376811594,3957
raw,45,0,0.1,rank,21,-0.13026110982801994,-0.19149910689132757,,-0.5316304049661731,0.42045454545454547,32.398768979973454,0.05087378129117259,3957
raw,45,0,0.1,volinv,1,-0.44754741014265637,-0.6475696782103848,,-0.7881376430349083,0.4147727272727273,219.38141676382023,0.34448105798985584,3957
raw,45,0,0.1,volinv,5,-0.29171455094011783,-0.4252904631048291,,-0.6951190889771901,0.44886363636363635,83.96456588598765,0.13184436000430683,3957
raw,45,0,0.1,volinv,10,-0.1431045326743059,-0.2079553942367438,,-0.6298177443218065,0.48295454545454547,53.709372645305066,0.08433650299899688,3957
raw,45,0,0.1,volinv,21,-0.18711269720552193,-0.2744355569600177,,-0.5699736584201469,0.4147727272727273,33.81272992630042,0.05309403663427413,3957
raw,45,0,0.2,equal,1,-0.21567804565998597,-0.31871935032198584,,-0.6275962746300733,0.4602272727272727,133.6527672479151,0.20986666666666667,3957
raw,45,0,0.2,equal,5,-0.2638951435382926,-0.38574653452519597,,-0.6623277620303709,0.4375,55.10416982562547,0.08652666666666667,3957
raw,45,0,0.2,equal,10,-0.2004054622486623,-0.2953322429326607,,-0.6518272022954573,0.4659090909090909,37.70978013646702,0.05921333333333334,3957
raw,45,0,0.2,equal,21,-0.22222668950792618,-0.3235113829942674,,-0.6452973013088477,0.4318181818181818,25.495072024260807,0.04003333333333334,3957
raw,45,0,0.2,rank,1,-0.28027842464204406,-0.41126267702253333,,-0.6802745845724831,0.4715909090909091,142.51811180719045,0.22378736842105265,3957
raw,45,0,0.2,rank,5,-0.30041984173195346,-0.43872912600644187,,-0.6902498631457052,0.42613636363636365,58.48610191133634,0.0918371052631579,3957
raw,45,0,0.2,rank,10,-0.21501817120485436,-0.3160993389521435,,-0.6591893899041144,0.4715909090909091,39.72835880451698,0.06238298245614035,3957
raw,45,0,0.2,rank,21,-0.1998114167710064,-0.2914826212525895,,-0.6192827436323256,0.4318181818181818,26.598100634451935,0.041765350877192985,3957
raw,45,0,0.2,volinv,1,-0.18865993503141607,-0.27964156189827444,,-0.610363161376642,0.4431818181818182,166.13966556243327,0.2608788319962494,3957
raw,45,0,0.2,volinv,5,-0.20819288685729168,-0.3049228381801475,,-0.6310454286634286,0.45454545454545453,65.52237695182038,0.10288573238029891,3957
raw,45,0,0.2,volinv,10,-0.18538716491639756,-0.2720785814586993,,-0.6459764543101292,0.45454545454545453,43.49869190068494,0.06830330311548026,3957
raw,45,0,0.2,volinv,21,-0.21691738937844057,-0.3177624174787946,,-0.6591628056300757,0.42045454545454547,28.24649250250921,0.044353718584297194,3957
raw,45,0,0.3,equal,1,-0.321872777016024,-0.46328713913129366,,-0.712263986891734,0.45454545454545453,112.43745261561789,0.17655357142857142,3957
raw,45,0,0.3,equal,5,-0.24296392752549367,-0.35698671032618257,,-0.6700895491976878,0.45454545454545453,46.54435178165277,0.07308571428571428,3957
raw,45,0,0.3,equal,10,-0.2015883920880886,-0.2956539302887469,,-0.6487871087559318,0.4659090909090909,32.556482183472326,0.05112142857142857,3957
raw,45,0,0.3,equal,21,-0.1845333582595454,-0.26776373306750934,,-0.6254067434222645,0.4147727272727273,22.159969673995448,0.034796428571428575,3957
raw,45,0,0.3,rank,1,-0.33414838985478273,-0.48527996083625374,,-0.7207071925270352,0.4375,126.49246309592829,0.1986232843137255,3957
raw,45,0,0.3,rank,5,-0.2857283627747542,-0.41877915879517996,,-0.6961526427871416,0.4375,52.08852517504348,0.08179138655462186,3957
raw,45,0,0.3,rank,10,-0.2253314529045672,-0.33020795916492973,,-0.6634773213722585,0.4659090909090909,35.83811265218749,0.056274369747899164,3957
raw,45,0,0.3,rank,21,-0.1789906452425861,-0.2607483249214693,,-0.6124715939351721,0.4318181818181818,24.118650492797574,0.037872023809523814,3957
raw,45,0,0.3,volinv,1,-0.3424332777790579,-0.4907536132540529,,-0.7280548842189476,0.42613636363636365,147.25926059341052,0.23123210086036722,3957
raw,45,0,0.3,volinv,5,-0.18192382033483806,-0.26811247850064795,,-0.6418331648402921,0.4772727272727273,57.51855580724742,0.09031782751161828,3957
raw,45,0,0.3,volinv,10,-0.19613664612969114,-0.2867680154613435,,-0.6559828793274189,0.45454545454545453,39.06811075898799,0.06134623582274425,3957
raw,45,0,0.3,volinv,21,-0.1497045985381298,-0.22027220845479525,,-0.617708920600144,0.4147727272727273,25.46934806334522,0.039992940589943266,3957
raw,45,2,0.1,equal,1,-0.4288034121936314,-0.624904280817316,,-0.7650647935912834,0.45454545454545453,190.60803639120545,0.2993,3957
raw,45,2,0.1,equal,5,-0.299485410467825,-0.43898186496837605,,-0.7420155129007648,0.4602272727272727,74.63836239575436,0.1172,3957
raw,45,2,0.1,equal,10,-0.22684213157698585,-0.33384685350684745,,-0.6867613425533825,0.4715909090909091,50.884003032600454,0.0799,3957
raw,45,2,0.1,equal,21,-0.2237244800774797,-0.3200409571019255,,-0.5948872643348919,0.4375,32.54283548142532,0.05109999999999999,3957
raw,45,2,0.1,rank,1,-0.4435946925911768,-0.6455295854199754,,-0.7692995665441347,0.44886363636363635,193.30800372782113,0.3035395915678525,3957
raw,45,2,0.1,rank,5,-0.3178340051167604,-0.46545843670672815,,-0.7490547808314676,0.44886363636363635,75.77084088736525,0.11897826086956523,3957
raw,45,2,0.1,rank,10,-0.24192091027870932,-0.35578786921650346,,-0.6990343532519613,0.4772727272727273,51.52198185833681,0.08090177865612648,3957
raw,45,2,0.1,rank,21,-0.22524944694336727,-0.3227128168688496,,-0.5967699893717547,0.4375,32.82303937286302,0.05153998682476943,3957
raw,45,2,0.1,volinv,1,-0.45211728626407327,-0.6592311151714445,,-0.7865508052578801,0.4431818181818182,219.4053499531857,0.344518638795538,3957
raw,45,2,0.1,volinv,5,-0.29883820993926463,-0.44203144605422307,,-0.7372980064574717,0.4318181818181818,83.4555607484668,0.13104510074669967,3957
raw,45,2,0.1,volinv,10,-0.23960830231153543,-0.35419149512091136,,-0.6925444011158469,0.4943181818181818,55.35916264260787,0.08692706610190451,3957
raw,45,2,0.1,volinv,21,-0.23926133172539082,-0.3405681497901217,,-0.6185326533127968,0.42045454545454547,34.297599451245226,0.05385539723356244,3957
raw,45,2,0.2,equal,1,-0.3886287396873838,-0.5580588823943741,,-0.7594974836118757,0.4375,133.61031084154664,0.20980000000000004,3957
raw,45,2,0.2,equal,5,-0.2433401582802795,-0.35863056951054956,,-0.7150262411577402,0.4602272727272727,55.405610310841546,0.087,3957
raw,45,2,0.2,equal,10,-0.15538479267645902,-0.23032141396256597,,-0.6442886797701082,0.4772727272727273,37.93904473085671,0.05957333333333333,3957
raw,45,2,0.2,equal,21,-0.3124227041314961,-0.4488852922028311,,-0.6805568626803737,0.38636363636363635,25.9366186504928,0.04072666666666667,3957
raw,45,2,0.2,rank,1,-0.40168045966534194,-0.5781545725217174,,-0.7670757743737042,0.4431818181818182,142.47721958421454,0.22372315789473685,3957
raw,45,2,0.2,rank,5,-0.25154977596394945,-0.3725486686960789,,-0.7195762264492831,0.4431818181818182,58.55397629783329,0.09194368421052632,3957
raw,45,2,0.2,rank,10,-0.16890414022877523,-0.250996817577093,,-0.6566371097811452,0.45454545454545453,40.01594509397071,0.06283456140350877,3957
raw,45,2,0.2,rank,21,-0.30426954873733025,-0.43804759588535397,,-0.6745385079961317,0.3806818181818182,26.92713778380751,0.04228201754385965,3957
raw,45,2,0.2,volinv,1,-0.3853600150255775,-0.5531958435389915,,-0.7691372350195098,0.4659090909090909,166.76160948334797,0.2618554320339713,3957
raw,45,2,0.2,volinv,5,-0.17260822463270167,-0.2558306215764737,,-0.7011339282755465,0.4602272727272727,66.16252959309358,0.10389092444439336,3957
raw,45,2,0.2,volinv,10,-0.12532365428701944,-0.18535527583212885,,-0.6239930433765284,0.4943181818181818,43.87371811678371,0.06889218356671156,3957
raw,45,2,0.2,volinv,21,-0.312383067357675,-0.44858395235073,,-0.709139313507232,0.3977272727272727,28.723235764629617,0.04510231901612675,3957
raw,45,2,0.3,equal,1,-0.3382433675891985,-0.4853456110402726,,-0.7272144673742215,0.42045454545454547,112.37376800606519,0.17645357142857143,3957
raw,45,2,0.3,equal,5,-0.27444150017814256,-0.4044325928544535,,-0.7414662523277473,0.4375,47.37225170583775,0.07438571428571428,3957
raw,45,2,0.3,equal,10,-0.23293680959667729,-0.34492277280487826,,-0.6983739656168582,0.48295454545454547,33.27975739196361,0.05225714285714285,3957
raw,45,2,0.3,equal,21,-0.22638323618820733,-0.3286396728626472,,-0.6146132620484328,0.3977272727272727,22.537528430629266,0.03538928571428572,3957
raw,45,2,0.3,rank,1,-0.37372634153267154,-0.5389111196552803,,-0.7529729949460782,0.4318181818181818,126.43511126967846,0.19853322829131653,3957
raw,45,2,0.3,rank,5,-0.27371053474457896,-0.4043249798127057,,-0.7384380132488042,0.42613636363636365,52.505046901247226,0.0824454248366013,3957
raw,45,2,0.3,rank,10,-0.22159010405601248,-0.3287001000848713,,-0.6945875023788142,0.48295454545454547,36.459067326703234,0.05724941643323996,3957
raw,45,2,0.3,rank,21,-0.25278802738602046,-0.3660467300704433,,-0.6270319049777038,0.38636363636363635,24.407104312536234,0.0383249649859944,3957
raw,45,2,0.3,volinv,1,-0.34774416448443624,-0.4966530776803327,,-0.7348207007004186,0.4375,147.44435654235562,0.23152274557067506,3957
raw,45,2,0.3,volinv,5,-0.17929861488041976,-0.26458482261843164,,-0.7145463213236471,0.45454545454545453,58.7429627030091,0.09224043786341547,3957
raw,45,2,0.3,volinv,10,-0.21130469981580124,-0.3109984292848982,,-0.6892805562388966,0.5113636363636364,39.943662008400985,0.06272105974890582,3957
raw,45,2,0.3,volinv,21,-0.21882609002755377,-0.3181690518443705,,-0.6493884100578058,0.42045454545454547,25.823525644160004,0.04054908371981791,3957
raw,45,7,0.1,equal,1,-0.21919805219532715,-0.3262784293828804,,-0.7344084262746313,0.48295454545454547,190.11978771796814,0.2985333333333334,3957
raw,45,7,0.1,equal,5,-0.1237623572913012,-0.1826622333241214,,-0.6144345216459024,0.4602272727272727,74.5322213798332,0.11703333333333334,3957
raw,45,7,0.1,equal,10,-0.4098117212111117,-0.5813045524075368,,-0.7555685931506784,0.48295454545454547,50.09855951478392,0.07866666666666666,3957
raw,45,7,0.1,equal,21,-0.06274712133007836,-0.0893931086629451,,-0.6560139417656875,0.4715909090909091,32.26686884003033,0.050666666666666665,3957
raw,45,7,0.1,rank,1,-0.2331631685421452,-0.3467003347179014,,-0.7369203707034773,0.4772727272727273,192.81157422529344,0.3027600790513834,3957
raw,45,7,0.1,rank,5,-0.13896277631042606,-0.20496698707033828,,-0.6252456889286966,0.4602272727272727,75.66759462642378,0.11881613965744402,3957
raw,45,7,0.1,rank,10,-0.41799452274750754,-0.5925443410162554,,-0.7573755749567165,0.4772727272727273,50.704024788212415,0.07961739130434783,3957
raw,45,7,0.1,rank,21,-0.07040651894460247,-0.1003105161259575,,-0.6603616111884012,0.4715909090909091,32.552568570632324,0.05111528326745718,3957
raw,45,7,0.1,volinv,1,-0.261908726155234,-0.39006472851633184,,-0.7709734286107837,0.48863636363636365,219.43971693497477,0.3445726031395616,3957
raw,45,7,0.1,volinv,5,-0.12392028245371073,-0.1827391014047103,,-0.6385873727371723,0.4602272727272727,83.29069247949343,0.1307862183100617,3957
raw,45,7,0.1,volinv,10,-0.4133772232073959,-0.5856417875515169,,-0.7631457523104768,0.4715909090909091,54.56016835485457,0.08567245483339662,3957
raw,45,7,0.1,volinv,21,-0.09751943332356479,-0.13730085911581055,,-0.6978366573325457,0.4715909090909091,34.10432238709184,0.05355190622449301,3957
raw,45,7,0.2,equal,1,-0.22735150123279674,-0.3423452176979871,,-0.7423747229974207,0.4659090909090909,133.22820318423047,0.2092,3957
raw,45,7,0.2,equal,5,0.006566567370358281,0.009974187361631708,,-0.58474725451847,0.48863636363636365,55.333434420015166,0.08688666666666667,3957
raw,45,7,0.2,equal,10,-0.24385252383347214,-0.3581040734392075,,-0.739674571690749,0.5,37.348900682335106,0.058646666666666666,3957
raw,45,7,0.2,equal,21,-0.18805995366589892,-0.2678162149223917,,-0.6848734271329165,0.4772727272727273,25.94510993176649,0.04074,3957
raw,45,7,0.2,rank,1,-0.2379734746142805,-0.3583631662404259,,-0.7497834509763719,0.4772727272727273,142.06952635569212,0.22308298245614036,3957
raw,45,7,0.2,rank,5,-0.02373512165705114,-0.0358982013654166,,-0.6047874299259337,0.5,58.479174813455174,0.09182622807017543,3957
raw,45,7,0.2,rank,10,-0.2699282465697417,-0.3944552827724741,,-0.750699831074392,0.5056818181818182,39.528534376122266,0.06206921052631579,3957
raw,45,7,0.2,rank,21,-0.18612395998773332,-0.26504800839382353,,-0.694571040287912,0.4715909090909091,26.993168668448988,0.04238570175438597,3957
raw,45,7,0.2,volinv,1,-0.24740585019506034,-0.37130722976738206,,-0.7679336547525483,0.4659090909090909,166.64734736888283,0.2616760133089958,3957
raw,45,7,0.2,volinv,5,-0.002032894916271071,-0.0030638300543104863,,-0.6134467533361898,0.5,66.1204741839395,0.10382488743882881,3957
raw,45,7,0.2,volinv,10,-0.26735727707643864,-0.38947152202980817,,-0.7663268445786168,0.4943181818181818,43.31277228430152,0.06801136505118299,3957
raw,45,7,0.2,volinv,21,-0.2719957616385213,-0.3847953814152286,,-0.7383667881232641,0.4659090909090909,28.59693079744074,0.04490399014502897,3957
raw,45,7,0.3,equal,1,-0.2811138867441677,-0.41857118459873255,,-0.7427403805664421,0.44886363636363635,112.08491281273692,0.176,3957
raw,45,7,0.3,equal,5,-0.07521709628771078,-0.11207953161670363,,-0.6100966215967583,0.4715909090909091,47.338134950720246,0.07433214285714285,3957
raw,45,7,0.3,equal,10,-0.2794171950650431,-0.40421554531387754,,-0.7413812818178875,0.4772727272727273,32.42456406368461,0.05091428571428572,3957
raw,45,7,0.3,equal,21,-0.18629623525286113,-0.2677581215093671,,-0.6963648133902431,0.4659090909090909,22.83548142532221,0.03585714285714286,3957
raw,45,7,0.3,rank,1,-0.2801952344484891,-0.4191278546746879,,-0.7542578533550431,0.4715909090909091,126.1015326524848,0.19800943043884223,3957
raw,45,7,0.3,rank,5,-0.07263459208955976,-0.10889585633853044,,-0.6222891763411653,0.45454545454545453,52.458316609433766,0.0823720471521942,3957
raw,45,7,0.3,rank,10,-0.2927346576950509,-0.42481971913979233,,-0.7556311186744877,0.48295454545454547,35.77624165663232,0.05617721755368814,3957
raw,45,7,0.3,rank,21,-0.18883418612725275,-0.27057412658315977,,-0.7056088104516313,0.4659090909090909,24.66360433483477,0.038727731092436976,3957
raw,45,7,0.3,volinv,1,-0.3124889817426393,-0.4638641527079123,,-0.7521695351033023,0.4431818181818182,147.13149725229562,0.2310314819949737,3957
raw,45,7,0.3,volinv,5,-0.09476504511094432,-0.1403295050081396,,-0.6264154179498802,0.4943181818181818,58.63834558136134,0.09207616407359001,3957
raw,45,7,0.3,volinv,10,-0.283708945642103,-0.4098914582484202,,-0.7542479518264169,0.4659090909090909,38.895503840340375,0.0610752018635821,3957
raw,45,7,0.3,volinv,21,-0.19330355992457107,-0.28750352486669245,,-0.7193962089692212,0.4715909090909091,25.82122722148908,0.04054547464898107,3957
raw,60,0,0.1,equal,1,-0.3705675611171995,-0.5313779859052831,,-0.7717603526975649,0.4659090909090909,167.3419257012888,0.2627666666666667,3957
raw,60,0,0.1,equal,5,-0.26359126442551983,-0.3752310591417001,,-0.6574016451908538,0.4659090909090909,65.97725549658833,0.1036,3957
raw,60,0,0.1,equal,10,-0.23470963931772207,-0.3311575679997682,,-0.6356438897031027,0.45454545454545453,45.42835481425322,0.07133333333333333,3957
raw,60,0,0.1,equal,21,-0.2549587588330867,-0.36138539277676496,,-0.626081071295605,0.4431818181818182,28.700530705079604,0.045066666666666665,3957
raw,60,0,0.1,rank,1,-0.3732490832843335,-0.5342944541811706,,-0.771055616154487,0.4715909090909091,170.4521930915444,0.26765052700922265,3957
raw,60,0,0.1,rank,5,-0.2725514423688459,-0.3878145895359909,,-0.6599829621766058,0.4659090909090909,67.16670612243675,0.10546772068511198,3957
raw,60,0,0.1,rank,10,-0.24379293664509138,-0.34333287744789615,,-0.6397542270126014,0.45454545454545453,46.10002187547759,0.07238801054018446,3957
raw,60,0,0.1,rank,21,-0.2415327825127309,-0.3422893337991588,,-0.6131276335980507,0.4375,28.995124465474202,0.0455292490118577,3957
raw,60,0,0.1,volinv,1,-0.3497233950004794,-0.5040666151324218,,-0.7599127796774332,0.44886363636363635,194.3486865825681,0.3051737114314373,3957
raw,60,0,0.1,volinv,5,-0.23958579380275186,-0.34183128227998205,,-0.6451518686057989,0.44886363636363635,74.72688127734077,0.11733899572001485,3957
raw,60,0,0.1,volinv,10,-0.2215048514418921,-0.31402168470696773,,-0.6359073271972344,0.4715909090909091,50.362727096605965,0.07908147266717055,3957
raw,60,0,0.1,volinv,21,-0.281650682763075,-0.39919904901419945,,-0.6477077386153187,0.4431818181818182,30.870715738319298,0.048474373879575185,3957
raw,60,0,0.2,equal,1,-0.2462578644614471,-0.35300112909776005,,-0.6963079661081885,0.4772727272727273,117.67217589082638,0.18477333333333334,3957
raw,60,0,0.2,equal,5,-0.2358989320756045,-0.3339605805389018,,-0.645539029291121,0.4659090909090909,48.226231993934796,0.07572666666666666,3957
raw,60,0,0.2,equal,10,-0.21459638275896392,-0.30496796732354853,,-0.6727589507004155,0.4943181818181818,33.67642153146323,0.05288,3957
raw,60,0,0.2,equal,21,-0.07043278880835327,-0.10429831168068625,,-0.5323352412438739,0.4715909090909091,21.814101592115236,0.03425333333333333,3957
raw,60,0,0.2,rank,1,-0.28200710807504037,-0.40323442956945715,,-0.7179060861430622,0.4772727272727273,125.99240253780775,0.19783807017543864,3957
raw,60,0,0.2,rank,5,-0.24407704827156038,-0.34611650296561686,,-0.6520967538338718,0.4943181818181818,51.208738677626584,0.08040991228070175,3957
raw,60,0,0.2,rank,10,-0.2229379154870948,-0.3167976711762927,,-0.6722176189277307,0.48295454545454547,35.62159530744982,0.05593438596491228,3957
raw,60,0,0.2,rank,21,-0.096817764057442,-0.14205770377494117,,-0.5458947537810808,0.4715909090909091,22.947687642153145,0.036033333333333334,3957
raw,60,0,0.2,volinv,1,-0.2859047476080443,-0.4068070932102134,,-0.7248200264556188,0.48295454545454547,148.8158131530611,0.23367625898677089,3957
raw,60,0,0.2,volinv,5,-0.2722216687635322,-0.3831080207031123,,-0.6790197383152873,0.4772727272727273,58.59704355695741,0.0920113100614605,3957
raw,60,0,0.2,volinv,10,-0.24185644207758394,-0.34192377276634317,,-0.7018068371391126,0.48295454545454547,39.81943188885325,0.062525988882616,3957
raw,60,0,0.2,volinv,21,-0.1087145419169728,-0.16011842852538308,,-0.5824793688604689,0.4659090909090909,25.257419938502846,0.0396601629748634,3957
raw,60,0,0.3,equal,1,-0.19968317274069652,-0.28555833326444896,,-0.6345987386552803,0.4659090909090909,96.70280515542076,0.15184642857142858,3957
raw,60,0,0.3,equal,5,-0.1691026099844555,-0.2412633911548583,,-0.5863278556226321,0.48863636363636365,40.58984078847612,0.06373571428571428,3957
raw,60,0,0.3,equal,10,-0.20026605356549013,-0.2851926355554876,,-0.6482440724361107,0.5056818181818182,28.57846853677028,0.044875,3957
raw,60,0,0.3,equal,21,-0.06266750111330605,-0.0943840502773835,,-0.5541223101164343,0.45454545454545453,18.941622441243364,0.029742857142857144,3957
raw,60,0,0.3,rank,1,-0.25180030760025623,-0.3592617616893263,,-0.6820543539109507,0.48295454545454547,110.10626737427344,0.17289305555555556,3957
raw,60,0,0.3,rank,5,-0.19696614300396348,-0.28064139826007045,,-0.6130114883347958,0.4659090909090909,45.467838082920814,0.0713953314659197,3957
raw,60,0,0.3,rank,10,-0.21305644168626203,-0.30324668229670343,,-0.6574417234321885,0.48863636363636365,31.784395486776972,0.04990906862745098,3957
raw,60,0,0.3,rank,21,-0.08993232399253907,-0.13362595283450474,,-0.5581478835477155,0.45454545454545453,20.780612169052606,0.03263050887021475,3957
raw,60,0,0.3,volinv,1,-0.23526718828554524,-0.3355082832287105,,-0.6458272439322752,0.4375,129.4172607127981,0.2032159129525961,3957
raw,60,0,0.3,volinv,5,-0.18760958096597144,-0.2671338002764601,,-0.6002595929658016,0.48295454545454547,51.647158854756434,0.08109833634455207,3957
raw,60,0,0.3,volinv,10,-0.21705239855493522,-0.30799193249651674,,-0.6712313467641207,0.48863636363636365,35.193139246375125,0.05526160793567714,3957
raw,60,0,0.3,volinv,21,-0.035043000114505056,-0.05481718998995627,,-0.5758924109596031,0.4715909090909091,22.68661782587437,0.035623391562295596,3957
raw,60,2,0.1,equal,1,-0.24026698603343885,-0.33934420389272907,,-0.69967591497252,0.4602272727272727,167.29946929492039,0.26270000000000004,3957
raw,60,2,0.1,equal,5,-0.22990812232336016,-0.31987611915496206,,-0.6938060206084684,0.4375,67.61182714177406,0.10616666666666666,3957
raw,60,2,0.1,equal,10,-0.24137031780175341,-0.34146933342916885,,-0.7378944742941932,0.48295454545454547,45.5557240333586,0.07153333333333332,3957
raw,60,2,0.1,equal,21,-0.24087279074462747,-0.3400779342325956,,-0.676042131140194,0.45454545454545453,28.36087945413191,0.04453333333333333,3957
raw,60,2,0.1,rank,1,-0.25636019778910135,-0.36113782434391195,,-0.7070369263294463,0.45454545454545453,170.3986611009059,0.26756646903820813,3957
raw,60,2,0.1,rank,5,-0.23763644786734997,-0.3304664731136236,,-0.6925689052695994,0.4318181818181818,68.5007686383564,0.1075625164690382,3957
raw,60,2,0.1,rank,10,-0.24462580137922812,-0.3459583519626895,,-0.7376280260341885,0.48295454545454547,46.27983230798275,0.0726703557312253,3957
raw,60,2,0.1,rank,21,-0.23370550695823353,-0.3299646516613589,,-0.6667390874346941,0.45454545454545453,28.666548798796548,0.045013306982872196,3957
raw,60,2,0.1,volinv,1,-0.29743820666503684,-0.42136914547961624,,-0.7347369914385292,0.4375,194.53542320389877,0.30546693238802675,3957
raw,60,2,0.1,volinv,5,-0.2598615886774875,-0.3625712134358258,,-0.719521819288588,0.42045454545454547,76.62516949146853,0.12031976018957974,3957
raw,60,2,0.1,volinv,10,-0.24077025332686058,-0.3425487439518777,,-0.7468286573283813,0.4943181818181818,50.60571710142227,0.0794630248294952,3957
raw,60,2,0.1,volinv,21,-0.2865520235744818,-0.4038144975515637,,-0.7011399933865662,0.4602272727272727,30.511979375122003,0.04791107237593562,3957
raw,60,2,0.2,equal,1,-0.2031484448718354,-0.2900371156122886,,-0.6444746184075223,0.4375,117.62547384382107,0.1847,3957
raw,60,2,0.2,equal,5,-0.17554060567139948,-0.2527987223964409,,-0.6563023369361721,0.4659090909090909,47.207278241091736,0.07412666666666667,3957
raw,60,2,0.2,equal,10,-0.15061071477655294,-0.2199198297986461,,-0.6665417288661093,0.45454545454545453,33.61698256254738,0.05278666666666667,3957
raw,60,2,0.2,equal,21,-0.18756430485120454,-0.27793633531450895,,-0.6584596178520435,0.4431818181818182,21.2027293404094,0.033293333333333335,3957
raw,60,2,0.2,rank,1,-0.21827445635439538,-0.31112267318698705,,-0.6601300807311721,0.44886363636363635,125.9415107138582,0.19775815789473686,3957
raw,60,2,0.2,rank,5,-0.182402387756249,-0.26239181182432497,,-0.6642009657488017,0.4602272727272727,50.60853916443877,0.07946745614035088,3957
raw,60,2,0.2,rank,10,-0.1567545705990912,-0.22845644765694426,,-0.6722440416543553,0.4715909090909091,35.68650891823949,0.056036315789473684,3957
raw,60,2,0.2,rank,21,-0.20077788391667867,-0.29441606869716713,,-0.6623489780770035,0.4375,22.386927895933923,0.03515280701754386,3957
raw,60,2,0.2,volinv,1,-0.28545206992356503,-0.40543148010246793,,-0.6965804635802488,0.4147727272727273,149.097926964424,0.2341192448405658,3957
raw,60,2,0.2,volinv,5,-0.19155635177095062,-0.2745833577953375,,-0.6792799320120828,0.45454545454545453,57.5472166983637,0.09036283193469252,3957
raw,60,2,0.2,volinv,10,-0.1597244398097444,-0.23137951201756848,,-0.6765511368624341,0.4715909090909091,39.635292676570806,0.06223684647666296,3957
raw,60,2,0.2,volinv,21,-0.18868060134194203,-0.2809861317302724,,-0.6854253573345103,0.4431818181818182,24.440420745831283,0.03837727971875174,3957
raw,60,2,0.3,equal,1,-0.2399629300178036,-0.342240065145074,,-0.677400477454334,0.44886363636363635,96.6163760424564,0.15171071428571428,3957
raw,60,2,0.3,equal,5,-0.26696858420898034,-0.38415842645739534,,-0.6980871805550188,0.45454545454545453,40.9696739954511,0.06433214285714285,3957
raw,60,2,0.3,equal,10,-0.2735972799360484,-0.39595432448573,,-0.7130495495038551,0.4375,28.953752843062926,0.04546428571428571,3957
raw,60,2,0.3,equal,21,-0.2216355925613984,-0.331976616581389,,-0.683749811683866,0.4375,19.29188779378317,0.030292857142857142,3957
raw,60,2,0.3,rank,1,-0.23620165180482827,-0.3373974696318868,,-0.6763858485841547,0.44886363636363635,110.02523450623617,0.17276581465919702,3957
raw,60,2,0.3,rank,5,-0.24684427638127077,-0.3554507155129657,,-0.6948928583066782,0.44886363636363635,45.74920840208714,0.07183714985994398,3957
raw,60,2,0.3,rank,10,-0.2480664220466222,-0.35996227568694383,,-0.7105613322376624,0.4431818181818182,32.15429098098679,0.05048989262371616,3957
raw,60,2,0.3,rank,21,-0.22022511617832574,-0.3255656475412214,,-0.6747723977424385,0.4431818181818182,20.877149950199943,0.032782096171802055,3957
raw,60,2,0.3,volinv,1,-0.32622103521234563,-0.4651176186672038,,-0.7214762029887261,0.4318181818181818,129.69396954722117,0.20365041170569614,3957
raw,60,2,0.3,volinv,5,-0.2874243836386708,-0.4105710952013137,,-0.7028059607773125,0.4602272727272727,52.308141506455584,0.08213623648454155,3957
raw,60,2,0.3,volinv,10,-0.2934869939570136,-0.41998759616153036,,-0.7138606563594827,0.4431818181818182,35.55955143388438,0.055836962311063686,3957
raw,60,2,0.3,volinv,21,-0.17775780748681547,-0.28075503034704885,,-0.7003048992111323,0.4431818181818182,22.990811047429688,0.03610104734709495,3957
raw,60,7,0.1,equal,1,-0.16273586473883514,-0.22948820104158243,,-0.7094473100877133,0.4602272727272727,167.02350265352538,0.2622666666666667,3957
raw,60,7,0.1,equal,5,-0.10821836082713197,-0.15455427878335753,,-0.6881287329965509,0.4715909090909091,67.54814253222136,0.10606666666666666,3957
raw,60,7,0.1,equal,10,-0.431844219747947,-0.6250317501652978,,-0.8035930504799973,0.4034090909090909,43.66641394996209,0.06856666666666666,3957
raw,60,7,0.1,equal,21,-0.27577154419645866,-0.3840913721659919,,-0.7331485846211211,0.4659090909090909,28.700530705079604,0.045066666666666665,3957
raw,60,7,0.1,rank,1,-0.1756756709865444,-0.24756028737208766,,-0.7134683870714473,0.4602272727272727,170.1087241202612,0.26711119894598156,3957
raw,60,7,0.1,rank,5,-0.10558047541864969,-0.15079107443491097,,-0.683953798484941,0.4602272727272727,68.4304974124007,0.10745217391304349,3957
raw,60,7,0.1,rank,10,-0.42408101228434253,-0.6136777271994227,,-0.7988589650463088,0.39204545454545453,44.271166022888345,0.06951627140974967,3957
raw,60,7,0.1,rank,21,-0.2694172768232067,-0.37601039762024,,-0.7334042844260495,0.4659090909090909,28.991936039699496,0.045524242424242425,3957
raw,60,7,0.1,volinv,1,-0.18418134237768827,-0.260263671904341,,-0.7241765535510278,0.4659090909090909,194.60215427589736,0.305571716059415,3957
raw,60,7,0.1,volinv,5,-0.08194565041612517,-0.11751278374662412,,-0.6868471244606676,0.4659090909090909,76.44455177127412,0.12003614736465544,3957
raw,60,7,0.1,volinv,10,-0.41466989492126827,-0.6026760465350006,,-0.8002541958945497,0.4090909090909091,48.39376963208131,0.07598974064847054,3957
raw,60,7,0.1,volinv,21,-0.2765098400853058,-0.38282895113855026,,-0.7135837191952779,0.4602272727272727,30.796497206837067,0.04835783311406915,3957
raw,60,7,0.2,equal,1,-0.3480708764241116,-0.5126415294195584,,-0.787538964041836,0.4375,117.40894617134192,0.18436000000000002,3957
raw,60,7,0.2,equal,5,-0.15562606874333493,-0.23159241406400494,,-0.6712297771211785,0.4659090909090909,47.156330553449585,0.07404666666666666,3957
raw,60,7,0.2,equal,10,-0.3648198869713913,-0.5310800959214562,,-0.7863529267478782,0.4375,32.32206216830932,0.05075333333333333,3957
raw,60,7,0.2,equal,21,-0.20068248181152679,-0.2874346045641534,,-0.7506130923049686,0.45454545454545453,22.557088703563306,0.03542000000000001,3957
raw,60,7,0.2,rank,1,-0.3377615330486871,-0.4942487980024168,,-0.7872748241427141,0.4318181818181818,125.72023462750889,0.197410701754386,3957
raw,60,7,0.2,rank,5,-0.1516930745338262,-0.22421484364596575,,-0.6731688632288073,0.4602272727272727,50.55602729340409,0.07938500000000001,3957
raw,60,7,0.2,rank,10,-0.38462278489167784,-0.5588448098103593,,-0.7924414443270551,0.42613636363636365,34.315558038386335,0.053883596491228064,3957
raw,60,7,0.2,rank,21,-0.20797132293365658,-0.2970207026842134,,-0.7483865870000861,0.45454545454545453,23.639000837955386,0.03711885964912281,3957
raw,60,7,0.2,volinv,1,-0.39184784196082034,-0.5753060540859659,,-0.7971430382435156,0.42613636363636365,148.96567867239972,0.2339115835343991,3957
raw,60,7,0.2,volinv,5,-0.16041790060110292,-0.2380248475967548,,-0.670107411710869,0.4659090909090909,57.613395594156394,0.090466748557967,3957
raw,60,7,0.2,volinv,10,-0.34837871429330813,-0.5066707988635837,,-0.7869815615154194,0.4602272727272727,38.58618075689041,0.060589490974212436,3957
raw,60,7,0.2,volinv,21,-0.24126433639504657,-0.34376709261985017,,-0.7561823481037413,0.4431818181818182,25.562408950031916,0.04013906833939535,3957
raw,60,7,0.3,equal,1,-0.3057270680033112,-0.45230767711304926,,-0.7420260668560039,0.4375,96.47763457164517,0.15149285714285715,3957
raw,60,7,0.3,equal,5,-0.182106157311824,-0.2705903119455037,,-0.6731467536392386,0.44886363636363635,40.93555724033359,0.06427857142857142,3957
raw,60,7,0.3,equal,10,-0.38782324746336116,-0.570266895921655,,-0.7794601755174748,0.4375,28.70356330553449,0.04507142857142857,3957
raw,60,7,0.3,equal,21,-0.21524736505732026,-0.3161035875158389,,-0.7493575450694525,0.4659090909090909,19.451099317664898,0.030542857142857142,3957
raw,60,7,0.3,rank,1,-0.319308477168139,-0.4686648604325909,,-0.76400443087497,0.4318181818181818,109.86215047049905,0.17250973389355742,3957
raw,60,7,0.3,rank,5,-0.17904098658021098,-0.2641162813991583,,-0.6830249744890254,0.4602272727272727,45.70955417800175,0.071774883286648,3957
raw,60,7,0.3,rank,10,-0.40352809237301396,-0.5891057042092449,,-0.7935253775068211,0.4318181818181818,31.494061157442506,0.0494531746031746,3957
raw,60,7,0.3,rank,21,-0.22000703198442706,-0.3193117767621892,,-0.7471583073318588,0.4659090909090909,21.339443131308624,0.03350800653594771,3957
raw,60,7,0.3,volinv,1,-0.3091812876813535,-0.4788180626314492,,-0.7457886845624802,0.4318181818181818,129.90322015701395,0.20397898498464453,3957
raw,60,7,0.3,volinv,5,-0.1246123311821479,-0.1951565887725226,,-0.6422228365455609,0.4602272727272727,52.39784789479702,0.08227709687290151,3957
raw,60,7,0.3,volinv,10,-0.3273847057938096,-0.5052156188186264,,-0.7727220448647899,0.4659090909090909,35.560727994495075,0.05583880979135596,3957
raw,60,7,0.3,volinv,21,-0.18446926519809465,-0.28316205259042637,,-0.7481277061792555,0.4772727272727273,22.952967380839603,0.0360416237801517,3957
raw,90,0,0.1,equal,1,-0.5615441210645045,-0.7942358163047514,,-0.8445308840802326,0.3977272727272727,144.90371493555722,0.22753333333333334,3957
raw,90,0,0.1,equal,5,-0.6612712034192333,-0.9008596171244699,,-0.8426362324224829,0.4090909090909091,59.481425322213795,0.0934,3957
raw,90,0,0.1,equal,10,-0.4167953472958337,-0.5812644395243496,,-0.7721537820026321,0.42045454545454547,39.65428354814253,0.062266666666666665,3957
raw,90,0,0.1,equal,21,-0.25835520496755116,-0.3668676059445004,,-0.7513328893732092,0.4659090909090909,24.794541319181196,0.03893333333333333,3957
raw,90,0,0.1,rank,1,-0.5699031085333871,-0.8049846915958618,,-0.8466545895647984,0.3977272727272727,147.05749654637154,0.2309152832674572,3957
raw,90,0,0.1,rank,5,-0.6672473403351193,-0.9080773013624002,,-0.8449807623932704,0.4090909090909091,60.276518023295885,0.09464848484848484,3957
raw,90,0,0.1,rank,10,-0.41868028358669507,-0.5830251688885469,,-0.7744682669704275,0.4147727272727273,40.19765842490568,0.06311989459815547,3957
raw,90,0,0.1,rank,21,-0.2681897944558726,-0.3801235385102887,,-0.7524834587283302,0.4602272727272727,25.053307242581067,0.03933965744400527,3957
raw,90,0,0.1,volinv,1,-0.568344264367377,-0.8039418596419063,,-0.8432623683230298,0.4034090909090909,170.33122166378718,0.267460573064923,3957
raw,90,0,0.1,volinv,5,-0.6326100680987374,-0.8656289888702263,,-0.8312484240827552,0.42045454545454547,67.72688722537035,0.10634733839317081,3957
raw,90,0,0.1,volinv,10,-0.4002031158485001,-0.559348134279973,,-0.768147192223263,0.42613636363636365,44.40601031971117,0.06972800906154647,3957
raw,90,0,0.1,volinv,21,-0.30851014477521566,-0.4368217082036661,,-0.7793679199887797,0.4772727272727273,27.19369054003192,0.04270056883607393,3957
raw,90,0,0.2,equal,1,-0.554922639089108,-0.7751965499002728,,-0.7998808254436921,0.4375,98.68142532221381,0.15495333333333333,3957
raw,90,0,0.2,equal,5,-0.5463701534112549,-0.744792594496967,,-0.7996003796965172,0.42613636363636365,41.51811978771797,0.06519333333333334,3957
raw,90,0,0.2,equal,10,-0.42038318657968843,-0.5878194044531511,,-0.7729875800728445,0.4431818181818182,28.182562547384382,0.04425333333333333,3957
raw,90,0,0.2,equal,21,-0.13698905613543444,-0.194724916682146,,-0.7082675133807887,0.4431818181818182,18.60439727065959,0.029213333333333334,3957
raw,90,0,0.2,rank,1,-0.5763814209491975,-0.8067767229524234,,-0.8146536100307595,0.42613636363636365,106.05984597581902,0.16653921052631582,3957
raw,90,0,0.2,rank,5,-0.5625852530926185,-0.7691137510538021,,-0.8044435040446404,0.42613636363636365,44.29839990423367,0.0695590350877193,3957
raw,90,0,0.2,rank,10,-0.4305550427036764,-0.6025372507614971,,-0.7780304195726873,0.4375,30.0746658154104,0.04722438596491228,3957
raw,90,0,0.2,rank,21,-0.169127044560881,-0.23930974222339213,,-0.7256532391103461,0.4431818181818182,19.597318542755673,0.03077245614035088,3957
raw,90,0,0.2,volinv,1,-0.5324558663207812,-0.7452292080623591,,-0.7913857008708691,0.42045454545454547,130.2034547812278,0.20445042482909462,3957
raw,90,0,0.2,volinv,5,-0.5111331041116169,-0.6977018309607007,,-0.7796087313319393,0.4318181818181818,51.83158590313653,0.08138793072171081,3957
raw,90,0,0.2,volinv,10,-0.39586718623398215,-0.5521109760865517,,-0.765869245814806,0.4375,34.7501056351133,0.054565939681802914,3957
raw,90,0,0.2,volinv,21,-0.11299816393534405,-0.16033398956451442,,-0.707862875687632,0.4602272727272727,22.111883944554357,0.03472092252722286,3957
raw,90,0,0.3,equal,1,-0.5471419969371891,-0.7663217795261144,,-0.8067845919433282,0.4147727272727273,83.37225170583775,0.1309142857142857,3957
raw,90,0,0.3,equal,5,-0.47779773758396615,-0.6613390398296161,,-0.7907139640321598,0.42613636363636365,35.17664897649735,0.05523571428571428,3957
raw,90,0,0.3,equal,10,-0.38578127084179503,-0.542782466667699,,-0.7713269435536595,0.4375,24.368460955269143,0.03826428571428571,3957
raw,90,0,0.3,equal,21,-0.1788217920874734,-0.25447687343873626,,-0.7198849814965588,0.4772727272727273,15.934799090219864,0.025021428571428573,3957
raw,90,0,0.3,rank,1,-0.5751090547671209,-0.8042607398070457,,-0.8207694141217382,0.42045454545454547,94.33190622723691,0.14812355275443512,3957
raw,90,0,0.3,rank,5,-0.5197775089764423,-0.7173290196664863,,-0.8003859278181096,0.4318181818181818,39.470424712720565,0.06197796451914099,3957
raw,90,0,0.3,rank,10,-0.40994595202475903,-0.5759089540191121,,-0.7787887026240115,0.4375,27.094114673921123,0.04254421101774043,3957
raw,90,0,0.3,rank,21,-0.18931742206563856,-0.2699936098177951,,-0.7266733365488109,0.4659090909090909,17.586644665447682,0.027615219421101775,3957
raw,90,0,0.3,volinv,1,-0.4704759758267843,-0.6594373700617656,,-0.7779096981426679,0.42613636363636365,113.26796523387601,0.17785767398033625,3957
raw,90,0,0.3,volinv,5,-0.38727776759814014,-0.5332730256825149,,-0.7506700911251678,0.4431818181818182,45.91411570085075,0.0720960935826454,3957
raw,90,0,0.3,volinv,10,-0.3321354914613031,-0.4647260147434388,,-0.7558812758779967,0.4375,31.232033923009432,0.0490417294576779,3957
raw,90,0,0.3,volinv,21,-0.1125407983057984,-0.15935238664485318,,-0.6861394643430494,0.4772727272727273,19.78756536789655,0.031071188952685177,3957
raw,90,2,0.1,equal,1,-0.5110463316473929,-0.7018038353584095,,-0.7826955548194202,0.4318181818181818,144.75511751326763,0.2273,3957
raw,90,2,0.1,equal,5,-0.5158485302354241,-0.716217923386775,,-0.8075633435853186,0.4090909090909091,57.7407126611069,0.09066666666666666,3957
raw,90,2,0.1,equal,10,-0.435838229875839,-0.5978173905710243,,-0.788147455346569,0.4318181818181818,39.54814253222138,0.062099999999999995,3957
raw,90,2,0.1,equal,21,-0.3790606888757141,-0.5202139583615834,,-0.8094435485811194,0.4431818181818182,25.707354056103107,0.04036666666666666,3957
raw,90,2,0.1,rank,1,-0.5108751014540986,-0.700968192955301,,-0.7827879792608863,0.4318181818181818,146.90441015621488,0.23067490118577078,3957
raw,90,2,0.1,rank,5,-0.5213286477923624,-0.7228386128918228,,-0.8085525044090335,0.4147727272727273,58.55376123365708,0.0919433465085639,3957
raw,90,2,0.1,rank,10,-0.4341791981507334,-0.595718145593328,,-0.790847319618854,0.4375,40.08325267375272,0.06294025032938076,3957
raw,90,2,0.1,rank,21,-0.37597912250490106,-0.5169341289330714,,-0.8065642405174531,0.42613636363636365,25.995361200094695,0.040818906455862974,3957
raw,90,2,0.1,volinv,1,-0.5007295960309945,-0.686291213815821,,-0.776142114371652,0.4147727272727273,170.37441024376326,0.26752838941848067,3957
raw,90,2,0.1,volinv,5,-0.46938719184256084,-0.6540571970037913,,-0.7908271219686144,0.44886363636363635,65.84065623531946,0.10338550663617424,3957
raw,90,2,0.1,volinv,10,-0.44409028853261184,-0.6073677170661534,,-0.7945855229530279,0.45454545454545453,44.35081840645451,0.06964134461680177,3957
raw,90,2,0.1,volinv,21,-0.4070218126387297,-0.5582008423752055,,-0.8168619381536111,0.44886363636363635,27.95776515571456,0.04390034790522322,3957
raw,90,2,0.2,equal,1,-0.4795991195353778,-0.6577895036327858,,-0.7833595294698963,0.45454545454545453,98.58802122820317,0.15480666666666668,3957
raw,90,2,0.2,equal,5,-0.3626895207060862,-0.5075904365006096,,-0.7558643487488418,0.4602272727272727,40.25291887793783,0.06320666666666666,3957
raw,90,2,0.2,equal,10,-0.3568178136831437,-0.49246192863526006,,-0.7978299392745112,0.45454545454545453,28.199545109931762,0.04428,3957
raw,90,2,0.2,equal,21,-0.16851786454622103,-0.2362417769542006,,-0.730025685796174,0.4772727272727273,19.011978771796812,0.029853333333333336,3957
raw,90,2,0.2,rank,1,-0.48982751631675575,-0.6725919292331971,,-0.7895053875171093,0.4318181818181818,105.9568333266829,0.1663774561403509,3957
raw,90,2,0.2,rank,5,-0.39357784869699736,-0.5512626237308027,,-0.7693380891647061,0.44886363636363635,42.9950999561071,0.06751254385964912,3957
raw,90,2,0.2,rank,10,-0.38085492443334573,-0.5249817708678157,,-0.8041656948932269,0.4659090909090909,29.97042416503731,0.04706070175438597,3957
raw,90,2,0.2,rank,21,-0.2108084710155729,-0.2947185009777417,,-0.7456286863194068,0.4715909090909091,20.160983200989588,0.031657543859649126,3957
raw,90,2,0.2,volinv,1,-0.4740113290520253,-0.6477083461092894,,-0.7817375614771555,0.4375,130.2662104577019,0.20454896618298665,3957
raw,90,2,0.2,volinv,5,-0.3230743948775326,-0.45266305647387195,,-0.7328402256398696,0.45454545454545453,50.81329329823334,0.07978896888139259,3957
raw,90,2,0.2,volinv,10,-0.34812088434047816,-0.48081571455403227,,-0.7907673178308996,0.45454545454545453,35.02949712997217,0.05500465085051584,3957
raw,90,2,0.2,volinv,21,-0.1562020872016089,-0.2190367805149296,,-0.7307359465751295,0.4602272727272727,22.474247865400777,0.03528992016007575,3957
raw,90,2,0.3,equal,1,-0.4666200220650772,-0.6448306018177216,,-0.7811640899621924,0.42613636363636365,83.33586050037907,0.13085714285714284,3957
raw,90,2,0.3,equal,5,-0.3247336242346503,-0.4510762132728528,,-0.7392994061534284,0.4318181818181818,34.66489764973464,0.05443214285714285,3957
raw,90,2,0.3,equal,10,-0.2742086360004991,-0.3757822383310397,,-0.761322321925479,0.48295454545454547,23.74981046247157,0.03729285714285714,3957
raw,90,2,0.3,equal,21,-0.16038496167917546,-0.2270159086963745,,-0.7232989510777841,0.45454545454545453,16.12357846853677,0.025317857142857142,3957
raw,90,2,0.3,rank,1,-0.48818348716910986,-0.6731219904868949,,-0.7882667355031574,0.4318181818181818,94.26749319894749,0.14802240896358543,3957
raw,90,2,0.3,rank,5,-0.3692012324927083,-0.5147120292500383,,-0.759998331025045,0.44886363636363635,38.66425099228471,0.060712079831932775,3957
raw,90,2,0.3,rank,10,-0.32852639427258573,-0.4511711646725178,,-0.7832908501743912,0.4715909090909091,26.57638734037967,0.0417312558356676,3957
raw,90,2,0.3,rank,21,-0.2041583079217739,-0.2881042638717951,,-0.742776144534435,0.4715909090909091,17.968744889919574,0.028215207749766574,3957
raw,90,2,0.3,volinv,1,-0.4248285252255719,-0.5826027052622856,,-0.7670641286264641,0.42045454545454547,113.4563721558072,0.17815351770655918,3957
raw,90,2,0.3,volinv,5,-0.2631804234038239,-0.36421093416767225,,-0.7079866335027993,0.4659090909090909,45.533895393110605,0.07149905717084867,3957
raw,90,2,0.3,volinv,10,-0.2381871928119912,-0.3256019276328446,,-0.7395986121624801,0.4772727272727273,30.544089052888964,0.047961492215191116,3957
raw,90,2,0.3,volinv,21,-0.10046493588137967,-0.14192890782749465,,-0.6727214230299922,0.4659090909090909,19.80826562850586,0.03110369329047527,3957
raw,90,7,0.1,equal,1,-0.5660959115001363,-0.7971112714738703,,-0.8510285568847453,0.42613636363636365,144.41546626231994,0.22676666666666667,3957
raw,90,7,0.1,equal,5,-0.44745558963180826,-0.6214758588154035,,-0.8055734208013543,0.44886363636363635,57.74071266110689,0.09066666666666667,3957
raw,90,7,0.1,equal,10,-0.5256345154218496,-0.7156443216914163,,-0.8184269965341839,0.45454545454545453,38.062168309325244,0.05976666666666666,3957
raw,90,7,0.1,equal,21,-0.29979508932365084,-0.41256166562622276,,-0.8299119384619051,0.48295454545454547,25.74981046247157,0.040433333333333335,3957
raw,90,7,0.1,rank,1,-0.5551956338141351,-0.7831360612515471,,-0.8487628684974554,0.4318181818181818,146.55368332099715,0.2301241765480896,3957
raw,90,7,0.1,rank,5,-0.4392977363410723,-0.6105581986305877,,-0.8046731206671986,0.4602272727272727,58.55006937223373,0.09193754940711463,3957
raw,90,7,0.1,rank,10,-0.522938540233982,-0.7121439882286421,,-0.8189242330655391,0.45454545454545453,38.55985640097451,0.06054815546772069,3957
raw,90,7,0.1,rank,21,-0.29321298398527595,-0.40406126947326293,,-0.8286183105124895,0.48863636363636365,25.98453733364898,0.040801910408432146,3957
raw,90,7,0.1,volinv,1,-0.5928703518301848,-0.8272958286018497,,-0.8546571076697032,0.4431818181818182,169.8895007084195,0.2667669659933396,3957
raw,90,7,0.1,volinv,5,-0.48848486733469676,-0.6698707881164331,,-0.81898146121583,0.4602272727272727,65.96679526694102,0.10358357494892287,3957
raw,90,7,0.1,volinv,10,-0.5442099385747386,-0.7369675657062703,,-0.827964462712523,0.44886363636363635,42.926853816248794,0.06740538117099067,3957
raw,90,7,0.1,volinv,21,-0.3377424603337139,-0.4631636936160671,,-0.8398607019827936,0.4659090909090909,28.108098298697946,0.044136406733312615,3957
raw,90,7,0.2,equal,1,-0.5400463159986336,-0.7469373500174172,,-0.8529366607871268,0.4431818181818182,98.37149355572404,0.15446666666666667,3957
raw,90,7,0.2,equal,5,-0.4008370755985948,-0.5583252628421967,,-0.8302813933994022,0.4375,40.20197119029568,0.06312666666666666,3957
raw,90,7,0.2,equal,10,-0.43916984693294664,-0.6061071722519101,,-0.8232399397639747,0.4431818181818182,27.889613343441997,0.04379333333333334,3957
raw,90,7,0.2,equal,21,-0.1565264528486352,-0.21668819422092434,,-0.778269456148549,0.5056818181818182,18.99924184988628,0.029833333333333337,3957
raw,90,7,0.2,rank,1,-0.5534723268104191,-0.7700460704033232,,-0.8591258059597701,0.42045454545454547,105.72214995411197,0.16600894736842106,3957
raw,90,7,0.2,rank,5,-0.41616580684882015,-0.5808839049801714,,-0.832696345078172,0.42045454545454547,42.94739236263518,0.06743763157894736,3957
raw,90,7,0.2,rank,10,-0.45759773770016193,-0.6313318261007785,,-0.8301545919526844,0.4318181818181818,29.645688520011173,0.04655078947368421,3957
raw,90,7,0.2,rank,21,-0.1729495612088243,-0.23867988081102276,,-0.7867109067166067,0.5113636363636364,20.153776784645462,0.03164622807017544,3957
raw,90,7,0.2,volinv,1,-0.5710550262787453,-0.783619312559502,,-0.8533488987725413,0.42045454545454547,130.14230158239542,0.20435439974664232,3957
raw,90,7,0.2,volinv,5,-0.4308578426637796,-0.5966669715365333,,-0.8276490724043186,0.4318181818181818,50.73211724501747,0.07966150315021195,3957
raw,90,7,0.2,volinv,10,-0.42100538963288925,-0.581557369752033,,-0.8158826810681892,0.4602272727272727,34.21114069004104,0.053719636393052536,3957
raw,90,7,0.2,volinv,21,-0.1568712422481072,-0.21769934052573406,,-0.7723797360874748,0.5056818181818182,22.148764839067855,0.03477883431277441,3957
raw,90,7,0.3,equal,1,-0.43727177501337317,-0.6137197817508862,,-0.8289916522341604,0.42613636363636365,83.09476876421529,0.13047857142857142,3957
raw,90,7,0.3,equal,5,-0.3478753298501718,-0.4785089987420884,,-0.8085501083158699,0.4318181818181818,34.61485974222896,0.05435357142857143,3957
raw,90,7,0.3,equal,10,-0.37830399896628775,-0.5207283996758417,,-0.8076727142970757,0.4318181818181818,24.41394996209249,0.038335714285714285,3957
raw,90,7,0.3,equal,21,-0.018366193931235578,-0.025541377351979616,,-0.7431092431291344,0.5113636363636364,16.294162244124337,0.025585714285714288,3957
raw,90,7,0.3,rank,1,-0.4910362364642349,-0.6906778365725357,,-0.8444852149172487,0.4034090909090909,94.02137686006928,0.1476359477124183,3957
raw,90,7,0.3,rank,5,-0.38118025747417617,-0.5289659510585566,,-0.8185245154361493,0.4375,38.61877685114986,0.06064067460317461,3957
raw,90,7,0.3,rank,10,-0.41888423256438667,-0.579791747925468,,-0.8188043269405462,0.4375,26.92354576402206,0.04227637721755369,3957
raw,90,7,0.3,rank,21,-0.08733778943324293,-0.12050018871671524,,-0.7643903590318241,0.4943181818181818,18.05644501925107,0.028352917833800187,3957
raw,90,7,0.3,volinv,1,-0.4532491399394395,-0.6281597836219889,,-0.8125920495508602,0.4318181818181818,113.45673185518295,0.1781540825202218,3957
raw,90,7,0.3,volinv,5,-0.3118031903015226,-0.42725145317072954,,-0.7832547465459229,0.44886363636363635,45.60884588809675,0.0716167472933329,3957
raw,90,7,0.3,volinv,10,-0.30897756395659703,-0.4243274863250945,,-0.7797653192917672,0.45454545454545453,31.182400976727074,0.04896379391464644,3957
raw,90,7,0.3,volinv,21,0.036129480851671184,0.052257058685686225,,-0.7114898558927647,0.5113636363636364,20.110580322207703,0.03157839933927614,3957
raw,120,0,0.1,equal,1,-0.21933064402180008,-0.30499993498520894,,-0.7125870541409834,0.4659090909090909,125.6709628506444,0.19733333333333336,3957
raw,120,0,0.1,equal,5,-0.1894003994819525,-0.2682548284714723,,-0.7032775462602114,0.4375,49.07960576194086,0.07706666666666667,3957
raw,120,0,0.1,equal,10,-0.0036476820141244496,-0.005266748790193364,,-0.6655873042842668,0.45454545454545453,34.1986353297953,0.0537,3957
raw,120,0,0.1,equal,21,-0.22091410799977387,-0.3037721914259409,,-0.7014692251738593,0.4772727272727273,22.480667172100077,0.0353,3957
raw,120,0,0.1,rank,1,-0.21038272250395168,-0.29302800851594857,,-0.7133173302496274,0.4659090909090909,127.50002846808728,0.20020540184453228,3957
raw,120,0,0.1,rank,5,-0.19303148631217767,-0.2734362709609899,,-0.7031330090880826,0.4375,49.83794766067239,0.07825744400527009,3957
raw,120,0,0.1,rank,10,-0.005688615826173847,-0.008212097723752955,,-0.6691776720664667,0.44886363636363635,34.60100627196912,0.05433181818181818,3957
raw,120,0,0.1,rank,21,-0.22233338999110003,-0.3059524809022382,,-0.7041622760511069,0.4772727272727273,22.675370909210773,0.03560573122529644,3957
raw,120,0,0.1,volinv,1,-0.24421172917531328,-0.3378681396056505,,-0.6988769639936189,0.4602272727272727,150.79833976584084,0.236789297798981,3957
raw,120,0,0.1,volinv,5,-0.17082686159756394,-0.23999784851285946,,-0.6725252890623397,0.4431818181818182,57.75509880758906,0.09068925634191663,3957
raw,120,0,0.1,volinv,10,0.017161135289625203,0.024624091884720537,,-0.6247929268446035,0.4772727272727273,39.3602922426259,0.06180503031907567,3957
raw,120,0,0.1,volinv,21,-0.21156901235552852,-0.29085050427320536,,-0.6858380426509739,0.4659090909090909,25.287680920911015,0.03970767992224003,3957
raw,120,0,0.2,equal,1,-0.06188353335477813,-0.08820796168404178,,-0.597853670528125,0.4375,88.8357846853677,0.13949333333333336,3957
raw,120,0,0.2,equal,5,-0.10949919132101048,-0.15509992049739277,,-0.6159996391553578,0.4772727272727273,36.41061410159212,0.05717333333333334,3957
raw,120,0,0.2,equal,10,-0.04827220397372993,-0.06931459277875338,,-0.674055925406114,0.4715909090909091,24.395451099317665,0.03830666666666667,3957
raw,120,0,0.2,equal,21,-0.08531422500713393,-0.11772432352891564,,-0.6202574852809897,0.4772727272727273,16.05701288855193,0.025213333333333334,3957
raw,120,0,0.2,rank,1,-0.0900515474067242,-0.12783857966492002,,-0.6263382675065101,0.4375,95.09743426040463,0.1493256140350877,3957
raw,120,0,0.2,rank,5,-0.13527769920023702,-0.19176043906894646,,-0.641941572048062,0.48295454545454547,38.53555724033359,0.06051000000000001,3957
raw,120,0,0.2,rank,10,-0.04648394031850381,-0.06688062145430305,,-0.6820359446048402,0.4715909090909091,26.003431626830533,0.04083157894736842,3957
raw,120,0,0.2,rank,21,-0.11027964467369923,-0.152072855310588,,-0.6464750397796563,0.4602272727272727,17.104457124615934,0.0268580701754386,3957
raw,120,0,0.2,volinv,1,-0.0027275662442668054,-0.003892124598207952,,-0.5632700759441668,0.4375,118.58094818876715,0.18620032221545696,3957
raw,120,0,0.2,volinv,5,-0.02499186352873415,-0.03546845898798719,,-0.5567547370475856,0.4602272727272727,47.073329158969614,0.07391633471509634,3957
raw,120,0,0.2,volinv,10,0.03694168928381361,0.05301766926399297,,-0.5876777856192048,0.4602272727272727,30.665364493422697,0.04815192353193397,3957
raw,120,0,0.2,volinv,21,-0.0015152915186590174,-0.0020935175976016253,,-0.5530733650263331,0.4715909090909091,19.571055931569134,0.03073121758778534,3957
raw,120,0,0.3,equal,1,-0.14066430393991697,-0.20063727207521997,,-0.6217372987344194,0.4318181818181818,73.05989385898407,0.11472142857142857,3957
raw,120,0,0.3,equal,5,-0.10623899465173815,-0.15058390511191672,,-0.6031157550601758,0.44886363636363635,30.559514783927217,0.047985714285714284,3957
raw,120,0,0.3,equal,10,0.03312006947135492,0.047111905607506076,,-0.6066438434178896,0.45454545454545453,20.29264594389689,0.03186428571428571,3957
raw,120,0,0.3,equal,21,0.055282687172049365,0.0782578016476442,,-0.4969715423909702,0.4772727272727273,13.562547384382109,0.02129642857142857,3957
raw,120,0,0.3,rank,1,-0.13639165400547085,-0.1934253158834444,,-0.6369257633759919,0.4318181818181818,83.08217752605213,0.13045880018674139,3957
raw,120,0,0.3,rank,5,-0.1282034770324722,-0.18164738977317865,,-0.628945826956035,0.44886363636363635,34.057827528281976,0.053478898225957056,3957
raw,120,0,0.3,rank,10,0.00015517988074938735,0.00022136357780212887,,-0.6437829883983481,0.44886363636363635,22.936716764036927,0.03601610644257704,3957
raw,120,0,0.3,rank,21,-0.011273009485490364,-0.015787102977437906,,-0.5671003431671033,0.48295454545454547,15.164184096686437,0.02381137955182073,3957
raw,120,0,0.3,volinv,1,-0.1063088817006152,-0.15199701233003127,,-0.5822958595260779,0.4431818181818182,101.34847946207775,0.1591412433458102,3957
raw,120,0,0.3,volinv,5,-0.04396931135267582,-0.06272105242243028,,-0.5681188431440678,0.45454545454545453,41.22350856635303,0.06473072357026147,3957
raw,120,0,0.3,volinv,10,0.08860696844059898,0.12688904981807445,,-0.5433235400202215,0.4602272727272727,26.920504125734723,0.04227160112124298,3957
raw,120,0,0.3,volinv,21,0.08384110001877926,0.11885457463035645,,-0.4956956551787056,0.4772727272727273,17.541340564951486,0.027544081196632153,3957
raw,120,2,0.1,equal,1,-0.23722584319435866,-0.3354806540163097,,-0.7187811941094184,0.45454545454545453,125.45868081880212,0.197,3957
raw,120,2,0.1,equal,5,-0.1681775187055902,-0.24372921792324173,,-0.709626787285025,0.4318181818181818,49.54662623199393,0.0778,3957
raw,120,2,0.1,equal,10,-0.20636133591188088,-0.29459533495414875,,-0.7478491618703854,0.44886363636363635,34.09249431387414,0.05353333333333333,3957
raw,120,2,0.1,equal,21,-0.2920867118356942,-0.4078776932134461,,-0.7689076801632619,0.42613636363636365,21.865049279757386,0.03433333333333333,3957
raw,120,2,0.1,rank,1,-0.2372819062507458,-0.33587701182834484,,-0.7184254702138146,0.44886363636363635,127.29143829766834,0.19987786561264825,3957
raw,120,2,0.1,rank,5,-0.17161236461127805,-0.24864366463065138,,-0.713559281897086,0.42045454545454547,50.160566005507825,0.07876403162055336,3957
raw,120,2,0.1,rank,10,-0.2077374712502946,-0.29647578497102234,,-0.7496430000586158,0.4431818181818182,34.51982727362626,0.054204347826086956,3957
raw,120,2,0.1,rank,21,-0.2880065235594768,-0.4022533786785353,,-0.7659609754325682,0.4318181818181818,22.071625707581802,0.034657707509881425,3957
raw,120,2,0.1,volinv,1,-0.23418339960657017,-0.32998293911945475,,-0.6954593052770542,0.4375,151.0872548597649,0.2372429632857499,3957
raw,120,2,0.1,volinv,5,-0.15699060934801862,-0.2260041696301418,,-0.676193044228181,0.44886363636363635,58.23718088036768,0.09144623997762497,3957
raw,120,2,0.1,volinv,10,-0.22482238464261875,-0.31838020321337734,,-0.7435958373090698,0.45454545454545453,39.64049013323406,0.062245007721113965,3957
raw,120,2,0.1,volinv,21,-0.2579049354412421,-0.35954345024338347,,-0.7384385728806706,0.42613636363636365,24.842963627965663,0.039009367887246085,3957
raw,120,2,0.2,equal,1,-0.09502838591736287,-0.13450326388882425,,-0.6039450397413013,0.44886363636363635,88.7890826383624,0.13942,3957
raw,120,2,0.2,equal,5,0.04261339946510513,0.06125133082143516,,-0.570506574650385,0.48295454545454547,34.856709628506444,0.05473333333333333,3957
raw,120,2,0.2,equal,10,0.006233201533087334,0.008876435164849058,,-0.6713021236016142,0.45454545454545453,23.9199393479909,0.03756,3957
raw,120,2,0.2,equal,21,-0.2564682169300217,-0.35911001481152716,,-0.750180368622756,0.4375,16.010310841546627,0.025140000000000003,3957
raw,120,2,0.2,rank,1,-0.12294540961485241,-0.174614226480369,,-0.6152140298625357,0.4375,95.04162643150711,0.14923798245614037,3957
raw,120,2,0.2,rank,5,0.005179780640321725,0.007477479969336102,,-0.6027804184007078,0.4602272727272727,37.5246478592235,0.058922631578947365,3957
raw,120,2,0.2,rank,10,-0.014098883979077383,-0.020159709266580228,,-0.6814728198368001,0.45454545454545453,25.618083875344162,0.04022649122807018,3957
raw,120,2,0.2,rank,21,-0.24684454492570596,-0.3462243650971915,,-0.7507486667361629,0.4318181818181818,16.88452176688879,0.026512719298245616,3957
raw,120,2,0.2,volinv,1,-0.048414677458296036,-0.06838591728278064,,-0.6049816648382096,0.44886363636363635,118.75908071921043,0.1864800327007602,3957
raw,120,2,0.2,volinv,5,0.10303813279401217,0.1471856738938054,,-0.5436412424415553,0.4772727272727273,45.41196058066729,0.07130759048321447,3957
raw,120,2,0.2,volinv,10,0.06145855727983294,0.08686893598679582,,-0.6283861192637747,0.4772727272727273,30.294427265403105,0.04756946376555559,3957
raw,120,2,0.2,volinv,21,-0.16780881162866906,-0.23679814686529865,,-0.708907929344549,0.44886363636363635,19.4590319136774,0.030555313207310114,3957
raw,120,2,0.3,equal,1,-0.06872822816221982,-0.09745308531939342,,-0.5823848814242508,0.4602272727272727,73.02805155420774,0.11467142857142856,3957
raw,120,2,0.3,equal,5,-0.051438278568854294,-0.07381769711200699,,-0.6118151830150367,0.4659090909090909,29.092494313874145,0.04568214285714285,3957
raw,120,2,0.3,equal,10,-0.05699130297361205,-0.07970282498797591,,-0.6772140145392194,0.44886363636363635,20.617892342683852,0.032375,3957
raw,120,2,0.3,equal,21,-0.16965038451854025,-0.2399582224269996,,-0.6893730216059006,0.4602272727272727,13.61485974222896,0.021378571428571427,3957
raw,120,2,0.3,rank,1,-0.10148914684456377,-0.14421593321440576,,-0.5986011888226637,0.4602272727272727,83.03674798198278,0.1303874649859944,3957
raw,120,2,0.3,rank,5,-0.05260867963905264,-0.07585328559590586,,-0.6268009575713087,0.4375,33.050253459989,0.051896767040149394,3957
raw,120,2,0.3,rank,10,-0.05412244165842048,-0.07652373521520339,,-0.6869651159662284,0.4602272727272727,23.04777089000877,0.03619048786181139,3957
raw,120,2,0.3,rank,21,-0.1959430951633765,-0.27658831234550446,,-0.7156618689024561,0.42045454545454547,15.072737813851846,0.02366778711484594,3957
raw,120,2,0.3,volinv,1,-0.0528967766638564,-0.07513067788363616,,-0.5846545792124878,0.45454545454545453,101.73022109651465,0.15974066860274147,3957
raw,120,2,0.3,volinv,5,-0.021375220890096292,-0.030478148767653323,,-0.5722453185146721,0.4715909090909091,39.74244671538207,0.062405103830463035,3957
raw,120,2,0.3,volinv,10,-0.0003587161952742533,-0.0005014079064544826,,-0.6228352796679613,0.45454545454545453,27.45668724498616,0.04311353628111518,3957
raw,120,2,0.3,volinv,21,-0.09373445446836114,-0.13327286636479357,,-0.6444844891042674,0.4715909090909091,17.508808355192905,0.02749299788154696,3957
raw,120,7,0.1,equal,1,-0.24802329047901178,-0.3548233685387416,,-0.7575192259740156,0.4659090909090909,124.99166034874904,0.1962666666666667,3957
raw,120,7,0.1,equal,5,-0.2816980060959812,-0.39848466666734095,,-0.7488554825142384,0.4431818181818182,49.33434420015163,0.07746666666666666,3957
raw,120,7,0.1,equal,10,-0.23453724022470834,-0.32716362655084097,,-0.7703197362213376,0.4318181818181818,33.22213798332069,0.05216666666666667,3957
raw,120,7,0.1,equal,21,-0.21362189218476868,-0.29329777708706245,,-0.7291506898426179,0.44886363636363635,21.33434420015163,0.0335,3957
raw,120,7,0.1,rank,1,-0.24212131960222463,-0.34653767400977853,,-0.7569304627514546,0.4659090909090909,126.81913175330456,0.199136231884058,3957
raw,120,7,0.1,rank,5,-0.2811706853472399,-0.397261987528139,,-0.749206202381115,0.4431818181818182,49.94459211224218,0.07842490118577075,3957
raw,120,7,0.1,rank,10,-0.23830405246980058,-0.3319960512120075,,-0.7733229547097861,0.4375,33.62199174725133,0.05279453227931489,3957
raw,120,7,0.1,rank,21,-0.21033736884750798,-0.28914571910028136,,-0.7242873054821877,0.45454545454545453,21.533914481865832,0.03381337285902503,3957
raw,120,7,0.1,volinv,1,-0.29674490528401565,-0.4236817846432742,,-0.7635429153942896,0.4602272727272727,151.17604529197828,0.23738238540490403,3957
raw,120,7,0.1,volinv,5,-0.28677510418964186,-0.4069013777313817,,-0.735662733175623,0.4431818181818182,58.37756683482761,0.09166667935135431,3957
raw,120,7,0.1,volinv,10,-0.2182533258508507,-0.3072987223156496,,-0.7489257792775161,0.4431818181818182,38.133261421672344,0.05987829977998313,3957
raw,120,7,0.1,volinv,21,-0.21033321396481072,-0.28863300778453843,,-0.7261381358600657,0.4659090909090909,24.15763841348049,0.03793324412783425,3957
raw,120,7,0.2,equal,1,-0.06333562117935902,-0.09052942005510334,,-0.7126445271665219,0.4659090909090909,88.53858984078848,0.1390266666666667,3957
raw,120,7,0.2,equal,5,-0.05130004526305597,-0.07256766298527517,,-0.6570712126632365,0.4659090909090909,34.784533737680064,0.05462,3957
raw,120,7,0.2,equal,10,-0.10164803634138514,-0.14257874827323733,,-0.6692435373408747,0.4318181818181818,23.99636087945413,0.037680000000000005,3957
raw,120,7,0.2,equal,21,-0.2150991428104933,-0.29986228451521785,,-0.7368908503333165,0.4659090909090909,15.972100075815012,0.02508,3957
raw,120,7,0.2,rank,1,-0.08093078931363631,-0.11591604509716774,,-0.7198545525248355,0.45454545454545453,94.76392801564184,0.14880192982456142,3957
raw,120,7,0.2,rank,5,-0.07609165709971592,-0.1078151867761755,,-0.6717891292181002,0.45454545454545453,37.43599217908304,0.05878342105263158,3957
raw,120,7,0.2,rank,10,-0.12810521564551594,-0.18003066920675329,,-0.6967238507271067,0.42613636363636365,25.670372291608476,0.040308596491228074,3957
raw,120,7,0.2,rank,21,-0.21585465320768266,-0.30179875273630846,,-0.7373063972342795,0.4602272727272727,16.896420733410476,0.02653140350877193,3957
raw,120,7,0.2,volinv,1,-0.07529598738836205,-0.10630186792514099,,-0.6990578460030465,0.4715909090909091,118.51160571738792,0.18609143802527936,3957
raw,120,7,0.2,volinv,5,-0.018763128165688755,-0.026535539952599652,,-0.6118226842284664,0.4659090909090909,45.467631853832835,0.07139500763714941,3957
raw,120,7,0.2,volinv,10,-0.052268432023368616,-0.07320300625512541,,-0.6301021971669043,0.45454545454545453,30.718042311015044,0.04823464024789148,3957
raw,120,7,0.2,volinv,21,-0.17198027469782523,-0.2408282548730022,,-0.7047057563188461,0.4375,19.31268423320133,0.030325512504276852,3957
raw,120,7,0.3,equal,1,-0.06647344317870328,-0.092871146216523,,-0.7097168010992263,0.4659090909090909,72.81425322213796,0.11433571428571429,3957
raw,120,7,0.3,equal,5,-0.06411188063942068,-0.08908038230721992,,-0.6630921187811909,0.45454545454545453,29.0606520090978,0.04563214285714286,3957
raw,120,7,0.3,equal,10,-0.05848397754614946,-0.08163099920785233,,-0.6527433625219563,0.4375,20.49052312357847,0.032174999999999995,3957
raw,120,7,0.3,equal,21,-0.13940734613902594,-0.1934993118593247,,-0.695104152225861,0.4659090909090909,13.869598180439727,0.02177857142857143,3957
raw,120,7,0.3,rank,1,-0.08714521735010915,-0.12315148423181375,,-0.7182305206665293,0.4602272727272727,82.79018567244943,0.13000030345471522,3957
raw,120,7,0.3,rank,5,-0.08789581218745951,-0.12291044234683497,,-0.6793178499017027,0.4375,32.994209814327554,0.05180876517273576,3957
raw,120,7,0.3,rank,10,-0.10341112940654512,-0.14460176328746152,,-0.6874254974845049,0.4375,22.956495562591982,0.036047163865546225,3957
raw,120,7,0.3,rank,21,-0.17248204661672775,-0.2396305406533689,,-0.7156302603449313,0.4715909090909091,15.25986710074477,0.023961624649859944,3957
raw,120,7,0.3,volinv,1,-0.023251391404620167,-0.03302228727759282,,-0.6818808777285321,0.48295454545454547,101.30209682857421,0.15906841156772544,3957
raw,120,7,0.3,volinv,5,-0.009964685524675833,-0.013927335085162314,,-0.5931716348751417,0.45454545454545453,39.71732314587529,0.06236565384453513,3957
raw,120,7,0.3,volinv,10,0.00016375571513960494,0.0002280161421925132,,-0.6008077181868597,0.4659090909090909,27.365030311144434,0.04296961307190418,3957
raw,120,7,0.3,volinv,21,-0.05872540436446043,-0.0837337108451016,,-0.6421335369257042,0.4318181818181818,17.683449667504718,0.027767226323141332,3957
raw,180,0,0.1,equal,1,-0.17215703014899836,-0.2476974561097105,,-0.6444717596648109,0.4375,108.79454131918119,0.17083333333333334,3957
raw,180,0,0.1,equal,5,-0.15277868860224444,-0.21973327314834162,,-0.6210346139116778,0.4659090909090909,44.260803639120546,0.06949999999999999,3957
raw,180,0,0.1,equal,10,-0.21396477828020755,-0.30939338463054283,,-0.6977646590370845,0.4602272727272727,29.868081880212277,0.0469,3957
raw,180,0,0.1,equal,21,-0.05269365662699033,-0.07493489430155446,,-0.6228490554518251,0.4602272727272727,18.235026535253976,0.02863333333333333,3957
raw,180,0,0.1,rank,1,-0.18213858166960326,-0.2625737851075549,,-0.6505810867338855,0.44886363636363635,109.70143868723162,0.17225737812911726,3957
raw,180,0,0.1,rank,5,-0.15082417279775262,-0.21702714339143653,,-0.6213458227034117,0.4715909090909091,44.710833156032095,0.0702066534914361,3957
raw,180,0,0.1,rank,10,-0.21970547824590875,-0.31773508882331547,,-0.7009041494304353,0.4659090909090909,30.22967453484644,0.047467786561264824,3957
raw,180,0,0.1,rank,21,-0.06424626523749545,-0.09133239005742208,,-0.6309513824464112,0.4602272727272727,18.46077547069735,0.028987812911725953,3957
raw,180,0,0.1,volinv,1,-0.16014354331842515,-0.22627123882748346,,-0.6215650934217318,0.44886363636363635,133.01882406448607,0.20887122492982987,3957
raw,180,0,0.1,volinv,5,-0.11813146416459247,-0.16991164157616404,,-0.5920446058380766,0.45454545454545453,53.17906986286595,0.08350380136800023,3957
raw,180,0,0.1,volinv,10,-0.15276826941531088,-0.2207180338701922,,-0.6623872063301084,0.4772727272727273,34.958105199570014,0.054892548521705775,3957
raw,180,0,0.1,volinv,21,0.00735022548626088,0.010380554175835962,,-0.6021365480046453,0.4659090909090909,20.924310480844557,0.03285614943361187,3957
raw,180,0,0.2,equal,1,-0.07496778594953935,-0.10761097637288645,,-0.5492788495790284,0.4431818181818182,74.91008339651252,0.11762666666666668,3957
raw,180,0,0.2,equal,5,-0.028249932012943832,-0.03987523361275339,,-0.5355809144096642,0.44886363636363635,31.027141774071268,0.04872,3957
raw,180,0,0.2,equal,10,-0.020432157784876056,-0.028751069242783832,,-0.5639580692741889,0.4659090909090909,20.981956027293407,0.032946666666666666,3957
raw,180,0,0.2,equal,21,-0.005860025798121779,-0.008299695388106682,,-0.5328868476572812,0.45454545454545453,13.696436694465504,0.021506666666666667,3957
raw,180,0,0.2,rank,1,-0.09922709899135228,-0.1424229410912436,,-0.5725663034033985,0.44886363636363635,79.61436494952316,0.12501350877192985,3957
raw,180,0,0.2,rank,5,-0.04564656553088747,-0.06467266409964749,,-0.5482908273021252,0.45454545454545453,32.89980447707594,0.051660526315789476,3957
raw,180,0,0.2,rank,10,-0.05345196848135424,-0.07552034399747241,,-0.5911054845726538,0.4431818181818182,22.315310642033438,0.03504035087719298,3957
raw,180,0,0.2,rank,21,-0.024360754919226853,-0.03454202901686224,,-0.5614295348202498,0.4715909090909091,14.432049798491681,0.022661754385964912,3957
raw,180,0,0.2,volinv,1,-0.033051689698702987,-0.04730524282586609,,-0.5089976624529735,0.4602272727272727,103.07239274937638,0.16184819766241365,3957
raw,180,0,0.2,volinv,5,0.052737762730373755,0.0738532757979016,,-0.46284873063990617,0.4772727272727273,41.23452332349052,0.06474801936152856,3957
raw,180,0,0.2,volinv,10,0.08042527995865102,0.11185905544164201,,-0.49321947670440736,0.4772727272727273,27.22969853581092,0.04275710996277929,3957
raw,180,0,0.2,volinv,21,0.09121529428644493,0.12820529390318472,,-0.4626976979771241,0.4715909090909091,17.309044512326203,0.0271793210854265,3957
raw,180,0,0.3,equal,1,-0.011825671681294014,-0.01695701835980696,,-0.5420600159973812,0.48295454545454547,61.26231993934798,0.09619642857142857,3957
raw,180,0,0.3,equal,5,0.06378617820365365,0.09021602437572009,,-0.47462627296619686,0.44886363636363635,25.68081880212282,0.040325,3957
raw,180,0,0.3,equal,10,0.03091422780381686,0.043936821096135434,,-0.5180990975440011,0.4431818181818182,18.011372251705836,0.028282142857142853,3957
raw,180,0,0.3,equal,21,-0.013545687479060419,-0.019249654610017358,,-0.6053744424181577,0.4715909090909091,11.554207733131161,0.01814285714285714,3957
raw,180,0,0.3,rank,1,-0.05220572862838592,-0.07495812729175266,,-0.5602440251756553,0.4715909090909091,69.43949664778724,0.10903654295051354,3957
raw,180,0,0.3,rank,5,0.019760742828684758,0.028054981270880432,,-0.5023517509814175,0.45454545454545453,28.87868854896014,0.045346416900093375,3957
raw,180,0,0.3,rank,10,-0.013450727437113168,-0.019135038959304365,,-0.5591831352562604,0.44886363636363635,20.035982399024814,0.031461262838468715,3957
raw,180,0,0.3,rank,21,-0.02970282414581611,-0.04227345243432188,,-0.6042580165197372,0.4772727272727273,12.830917658951373,0.020147595704948645,3957
raw,180,0,0.3,volinv,1,0.006599375029182487,0.009411165001636886,,-0.5408160448427044,0.4772727272727273,87.66810333410395,0.1376597955924799,3957
raw,180,0,0.3,volinv,5,0.13334202474298315,0.18767039269378258,,-0.4124665721876747,0.5056818181818182,35.821334081633076,0.05624802339723099,3957
raw,180,0,0.3,volinv,10,0.10368997359199408,0.14738040443691794,,-0.45255447900875057,0.44886363636363635,24.570055263612232,0.03858083677702921,3957
raw,180,0,0.3,volinv,21,0.08548064404119343,0.12135404952861557,,-0.5432475349757169,0.4772727272727273,15.40416178748994,0.024188201663927655,3957
raw,180,2,0.1,equal,1,-0.05839805349635354,-0.08479906111837172,,-0.5110215429801657,0.4602272727272727,108.68840030326004,0.1706666666666667,3957
raw,180,2,0.1,equal,5,-0.09447862238129268,-0.1339747880008662,,-0.5824081710836436,0.4715909090909091,43.09325246398786,0.06766666666666667,3957
raw,180,2,0.1,equal,10,-0.01725767552062679,-0.024782274839767495,,-0.5842272432249221,0.5056818181818182,29.146322971948443,0.045766666666666664,3957
raw,180,2,0.1,equal,21,-0.0416606418041803,-0.05988046702288862,,-0.5365687882406975,0.4602272727272727,18.532221379833206,0.0291,3957
raw,180,2,0.1,rank,1,-0.06333501773030882,-0.09194565801551147,,-0.5183922546966562,0.4602272727272727,109.59609477775413,0.17209196310935443,3957
raw,180,2,0.1,rank,5,-0.1072770820539331,-0.15210819678658616,,-0.5942171194523276,0.4772727272727273,43.54340783981158,0.06837351778656127,3957
raw,180,2,0.1,rank,10,-0.037472999577125986,-0.053819695418406234,,-0.6005335485575303,0.5056818181818182,29.521592295037262,0.04635592885375494,3957
raw,180,2,0.1,rank,21,-0.053352284350144684,-0.07665813558083054,,-0.5527692913339255,0.45454545454545453,18.824339914955335,0.02955869565217391,3957
raw,180,2,0.1,volinv,1,-0.0741059341752033,-0.1070942576668203,,-0.5225444948752558,0.4602272727272727,132.64610995794,0.2082859750410987,3957
raw,180,2,0.1,volinv,5,-0.034959470925923726,-0.04954278532495089,,-0.5361689359698163,0.48295454545454547,51.847030600113456,0.0814121825732734,3957
raw,180,2,0.1,volinv,10,0.021592156005422393,0.03086889321105898,,-0.5634240294629849,0.5,34.319283979584675,0.05388944710603831,3957
raw,180,2,0.1,volinv,21,0.0428026873391043,0.061741345366938115,,-0.49085955515485014,0.4375,21.22871310261562,0.03333413402660715,3957
raw,180,2,0.2,equal,1,-0.024206449132823576,-0.034384527411043836,,-0.514572277167033,0.4772727272727273,74.81243366186504,0.11747333333333333,3957
raw,180,2,0.2,equal,5,-0.04178249702812175,-0.05874976570870984,,-0.4947794135915715,0.4715909090909091,30.203487490523123,0.047426666666666666,3957
raw,180,2,0.2,equal,10,-0.0017898610496402245,-0.002499067878535039,,-0.5086517269025747,0.4943181818181818,20.72297194844579,0.03254,3957
raw,180,2,0.2,equal,21,-0.14576645627235546,-0.20409190898587576,,-0.678662529325359,0.45454545454545453,14.036087945413191,0.02204,3957
raw,180,2,0.2,rank,1,-0.03419583641955767,-0.048700598104434396,,-0.5239255443813677,0.4602272727272727,79.51029089022784,0.12485008771929827,3957
raw,180,2,0.2,rank,5,-0.046299580127038366,-0.06537281165641777,,-0.5062491969592289,0.4772727272727273,32.07190455289095,0.05036052631578948,3957
raw,180,2,0.2,rank,10,-0.005398738280837175,-0.007586883662348029,,-0.5184145467978563,0.48295454545454547,21.946330952475957,0.034460964912280706,3957
raw,180,2,0.2,rank,21,-0.13249226807578088,-0.18593994147984888,,-0.6672106277354957,0.4659090909090909,14.761869039543514,0.023179649122807018,3957
raw,180,2,0.2,volinv,1,0.007854831461058424,0.0110520447827729,,-0.48524538326860656,0.48863636363636365,103.49264942648011,0.1625081007065801,3957
raw,180,2,0.2,volinv,5,0.046997225392595675,0.06570058349954712,,-0.43357234850203996,0.5056818181818182,40.40079283149298,0.06343886398183243,3957
raw,180,2,0.2,volinv,10,0.08618393697225736,0.12002733952066787,,-0.4391538506114643,0.48863636363636365,27.150453103845166,0.04263267576663307,3957
raw,180,2,0.2,volinv,21,-0.046379203080692814,-0.06480377161544662,,-0.6239804125154244,0.4602272727272727,17.755721448668744,0.027880710227135803,3957
raw,180,2,0.3,equal,1,3.499791699719119e-05,4.991270592404093e-05,,-0.49629365342631837,0.4715909090909091,61.19181197877179,0.09608571428571429,3957
raw,180,2,0.3,equal,5,0.05968349723703052,0.08476204064587907,,-0.44752425785120853,0.4772727272727273,24.81880212282032,0.038971428571428574,3957
raw,180,2,0.3,equal,10,-0.03817218061215198,-0.05345533925924671,,-0.5785495077610735,0.4772727272727273,17.640636846095525,0.027700000000000002,3957
raw,180,2,0.3,equal,21,-0.1540229025449301,-0.21707444262021128,,-0.7023626881282196,0.4431818181818182,12.077331311599696,0.018964285714285715,3957
raw,180,2,0.3,rank,1,-0.0066716497544818485,-0.009541979154737918,,-0.5002713303494901,0.4659090909090909,69.35777252523451,0.10890821661998133,3957
raw,180,2,0.3,rank,5,0.024264508485513293,0.034486982539802744,,-0.4716004318441779,0.48295454545454547,28.01100060949323,0.04398394024276378,3957
raw,180,2,0.3,rank,10,-0.02755231061037002,-0.038803349150175255,,-0.5611259482267277,0.4715909090909091,19.576030563855564,0.030739028944911297,3957
raw,180,2,0.3,rank,21,-0.1416340698403835,-0.19987674858547846,,-0.6885197351381815,0.4602272727272727,13.295975858121869,0.020877847805788982,3957
raw,180,2,0.3,volinv,1,0.024367162130029523,0.03448941301630509,,-0.45350959180115913,0.4715909090909091,87.89208700353677,0.13801150328293454,3957
raw,180,2,0.3,volinv,5,0.12761949779940265,0.18002479684143102,,-0.39165366896145337,0.5056818181818182,34.91208175461146,0.054820280755157755,3957
raw,180,2,0.3,volinv,10,0.04183614306167977,0.05836023658557045,,-0.5072014467716467,0.4943181818181818,24.112012167688526,0.037861600058549015,3957
raw,180,2,0.3,volinv,21,-0.06381617887029074,-0.08995626095085038,,-0.646333891219038,0.45454545454545453,15.96568783170966,0.02506993125002981,3957
raw,180,7,0.1,equal,1,-0.19302959668432587,-0.28202213465070036,,-0.703383006507756,0.4431818181818182,108.36997725549658,0.17016666666666666,3957
raw,180,7,0.1,equal,5,-0.08873765335373512,-0.1288921154635038,,-0.6425081107290529,0.4602272727272727,42.98711144806672,0.06749999999999999,3957
raw,180,7,0.1,equal,10,-0.11622829092374133,-0.16716043832009578,,-0.6616927506603347,0.4715909090909091,28.275966641394994,0.0444,3957
raw,180,7,0.1,equal,21,-0.023572059635582118,-0.033499905319619036,,-0.6058819499329609,0.5,18.447308567096282,0.02896666666666667,3957
raw,180,7,0.1,rank,1,-0.1935412034091128,-0.28298760977657766,,-0.7076287492385207,0.4375,109.28216069785769,0.1715990118577075,3957
raw,180,7,0.1,rank,5,-0.1002649297071838,-0.14579899064058832,,-0.6505772613385635,0.4659090909090909,43.434372068910754,0.06820230566534914,3957
raw,180,7,0.1,rank,10,-0.11895161703474709,-0.17144427563512396,,-0.6615202551363488,0.4715909090909091,28.665709739382155,0.04501198945981555,3957
raw,180,7,0.1,rank,21,-0.019746390752101453,-0.028081875552416376,,-0.6031179525902719,0.4943181818181818,18.639830749729555,0.02926897233201581,3957
raw,180,7,0.1,volinv,1,-0.1504749514807336,-0.21971649986385652,,-0.6797955856051184,0.4431818181818182,132.00382888902206,0.20727744083883343,3957
raw,180,7,0.1,volinv,5,-0.07155632518304517,-0.10357069799336874,,-0.6357143702913137,0.4659090909090909,51.54122303270441,0.0809319918811156,3957
raw,180,7,0.1,volinv,10,-0.0929213198284153,-0.1331337456488559,,-0.6529953665826896,0.4602272727272727,33.3189099298165,0.05231862166360471,3957
raw,180,7,0.1,volinv,21,0.004966028507287019,0.0070459008365341734,,-0.5725314838182682,0.4943181818181818,21.04662261247179,0.03304820860220273,3957
raw,180,7,0.2,equal,1,-0.06817855121002837,-0.09679335099239886,,-0.5609040598531384,0.48295454545454547,74.67657316148596,0.11726000000000002,3957
raw,180,7,0.2,equal,5,-0.026166116003254997,-0.03680453241649081,,-0.5501603783822246,0.48863636363636365,30.18225928733889,0.047393333333333336,3957
raw,180,7,0.2,equal,10,-0.139982067257748,-0.19228932898332166,,-0.6712886767380942,0.4602272727272727,20.65504169825625,0.032433333333333335,3957
raw,180,7,0.2,equal,21,0.015452665936731506,0.021466238510496824,,-0.5523798638484165,0.48295454545454547,13.437452615617893,0.0211,3957
raw,180,7,0.2,rank,1,-0.09835278593714887,-0.14036878769642286,,-0.5944260758637752,0.4602272727272727,79.35834164638284,0.12461149122807019,3957
raw,180,7,0.2,rank,5,-0.04774472592719381,-0.06734450503991173,,-0.569541002246754,0.4772727272727273,32.03888911057021,0.050308684210526325,3957
raw,180,7,0.2,rank,10,-0.14232981327928876,-0.19654742239523318,,-0.6736324639495812,0.4602272727272727,21.953369777742306,0.034472017543859645,3957
raw,180,7,0.2,rank,21,0.007002207572166881,0.009767237485612954,,-0.570535225342358,0.48295454545454547,14.225745181756515,0.022337807017543856,3957
raw,180,7,0.2,volinv,1,-0.02149454814790246,-0.030106495763599625,,-0.5250538647739784,0.48295454545454547,103.51470930762365,0.16254273997232807,3957
raw,180,7,0.2,volinv,5,0.03744739368087073,0.05241073578057549,,-0.49019573573872843,0.48295454545454547,40.64637368455513,0.06382448439277168,3957
raw,180,7,0.2,volinv,10,-0.06182560501427845,-0.08457815620337449,,-0.6372724829528195,0.4715909090909091,26.992174376940337,0.04238414047998132,3957
raw,180,7,0.2,volinv,21,0.04763743522078027,0.06580133689267698,,-0.5142175836223977,0.45454545454545453,17.088817086457418,0.026833511591711115,3957
raw,180,7,0.3,equal,1,-0.13579248656077694,-0.1939980784571,,-0.6357699278433901,0.45454545454545453,61.105382865807414,0.09595000000000001,3957
raw,180,7,0.3,equal,5,-0.06945118813576977,-0.09738185067167227,,-0.6073958263110928,0.4715909090909091,24.80060652009098,0.03894285714285714,3957
raw,180,7,0.3,equal,10,-0.06742507499824762,-0.09495262346533025,,-0.6615708792347723,0.4772727272727273,17.308567096285064,0.027178571428571427,3957
raw,180,7,0.3,equal,21,-0.06710848901741973,-0.09415284719732545,,-0.6426891932188052,0.4659090909090909,11.652009097801365,0.018296428571428568,3957
raw,180,7,0.3,rank,1,-0.1383182140463977,-0.1985024694850692,,-0.6354490864862572,0.4602272727272727,69.24471896415882,0.10873069561157796,3957
raw,180,7,0.3,rank,5,-0.07412503464503944,-0.10460153831477159,,-0.602364564512496,0.4659090909090909,27.981447620746554,0.0439375350140056,3957
raw,180,7,0.3,rank,10,-0.10156636364621964,-0.14254154455282908,,-0.6699428483750585,0.4602272727272727,19.380427834515157,0.030431886087768437,3957
raw,180,7,0.3,rank,21,-0.045339385302721434,-0.06351740576124777,,-0.6282276589205147,0.4659090909090909,12.878406100878562,0.02022216386554622,3957
raw,180,7,0.3,volinv,1,-0.10959819453596183,-0.15547386042786385,,-0.6096371334646199,0.4715909090909091,87.8794342979416,0.13799163552260116,3957
raw,180,7,0.3,volinv,5,0.009559434019197474,0.01340579960837035,,-0.529697157323886,0.48295454545454547,34.881501394305154,0.05477226230843869,3957
raw,180,7,0.3,volinv,10,0.029900181188640147,0.04208524293935518,,-0.614754688070488,0.4772727272727273,23.983412211082737,0.03765966750764063,3957
raw,180,7,0.3,volinv,21,0.02058088239262489,0.028866766231535137,,-0.5778951451682509,0.4715909090909091,15.705893799266038,0.02466199276337131,3957
raw,252,0,0.1,equal,1,0.07410543262525082,0.10548021649782262,,-0.3953061194262312,0.48863636363636365,87.07808946171342,0.13673333333333332,3957
raw,252,0,0.1,equal,5,0.2285711116337404,0.33120519101181467,,-0.3692629758563657,0.44886363636363635,34.79302501895375,0.05463333333333333,3957
raw,252,0,0.1,equal,10,0.22252210314040868,0.31352989522609387,,-0.3512253205455469,0.45454545454545453,22.33206974981046,0.03506666666666666,3957
raw,252,0,0.1,equal,21,0.17246699313191616,0.24794627533724725,,-0.46098697920173415,0.4602272727272727,15.963608794541317,0.025066666666666668,3957
raw,252,0,0.1,rank,1,0.07305683008022516,0.1037679497679765,,-0.41386914115584483,0.4943181818181818,88.26728836973754,0.13860065876152833,3957
raw,252,0,0.1,rank,5,0.22722218236281747,0.3283036728020566,,-0.3749233072732576,0.4431818181818182,35.40969173556444,0.055601646903820814,3957
raw,252,0,0.1,rank,10,0.21206055995497772,0.2982632706316002,,-0.35367563970756766,0.44886363636363635,22.860593274938793,0.0358965744400527,3957
raw,252,0,0.1,rank,21,0.17242018317032093,0.24761535576792876,,-0.4605825835324582,0.4602272727272727,16.16750023223966,0.025386824769433467,3957
raw,252,0,0.1,volinv,1,0.08158807496995645,0.11566512578079749,,-0.4315719419120325,0.48863636363636365,106.32085542607746,0.16694905750832875,3957
raw,252,0,0.1,volinv,5,0.2754449296026671,0.40038135055030083,,-0.3829782201138173,0.4715909090909091,42.35974303611459,0.06651488221980373,3957
raw,252,0,0.1,volinv,10,0.27805291713791064,0.3923989127891544,,-0.34113306796433673,0.4715909090909091,27.128632376875316,0.04259841202987921,3957
raw,252,0,0.1,volinv,21,0.245097372322946,0.35378539938045445,,-0.4518814936442752,0.4659090909090909,18.69323205801129,0.029352825100615345,3957
raw,252,0,0.2,equal,1,0.1649116186177506,0.23262622798535607,,-0.30454562197225565,0.4602272727272727,59.64700530705079,0.09366,3957
raw,252,0,0.2,equal,5,0.16656349140257534,0.23603684099700212,,-0.3738848532573864,0.4715909090909091,24.276573161485974,0.03812,3957
raw,252,0,0.2,equal,10,0.14990275542791448,0.2115259555365078,,-0.3784330128571647,0.4772727272727273,16.906141015921154,0.026546666666666666,3957
raw,252,0,0.2,equal,21,0.05591455705359353,0.07988721209916995,,-0.4960520373260917,0.48863636363636365,11.425018953752843,0.017939999999999998,3957
raw,252,0,0.2,rank,1,0.14606235020708944,0.20545710508063672,,-0.3102582647215012,0.4659090909090909,64.71803200191533,0.10162271929824564,3957
raw,252,0,0.2,rank,5,0.18038405751517161,0.2551569773499148,,-0.3724895748362326,0.4715909090909091,26.35492598060732,0.041383508771929825,3957
raw,252,0,0.2,rank,10,0.15386171769690143,0.2160521224716005,,-0.3686775054620879,0.4659090909090909,18.17413511033079,0.028537719298245615,3957
raw,252,0,0.2,rank,21,0.07242159604542937,0.10345496248437112,,-0.4932342559157318,0.48295454545454547,12.177670484018995,0.01912184210526316,3957
raw,252,0,0.2,volinv,1,0.14300624834239095,0.20037549501171706,,-0.32147272744654776,0.4602272727272727,85.33942750187181,0.1340032200892487,3957
raw,252,0,0.2,volinv,5,0.18214135331887385,0.25612362684799395,,-0.3954080306824693,0.45454545454545453,34.29679131377996,0.0538541282653283,3957
raw,252,0,0.2,volinv,10,0.1865765602673122,0.2627193472090718,,-0.359412930849355,0.4715909090909091,23.212495466998764,0.036449144667823064,3957
raw,252,0,0.2,volinv,21,0.06348359758364207,0.08998741941875986,,-0.49248141983198024,0.48295454545454547,15.353313452531458,0.024108357671296425,3957
raw,252,0,0.3,equal,1,0.09431602430649712,0.1346591442235371,,-0.44493110633813704,0.4715909090909091,49.92645943896891,0.07839642857142858,3957
raw,252,0,0.3,equal,5,0.23190759305848296,0.3330998981899903,,-0.4013867627046527,0.48295454545454547,20.724791508718727,0.03254285714285714,3957
raw,252,0,0.3,equal,10,0.2273347333209034,0.32390184861846255,,-0.3917794756262213,0.4772727272727273,13.937831690674752,0.021885714285714286,3957
raw,252,0,0.3,equal,21,0.0971806059395488,0.14086447794025622,,-0.5044974536582971,0.48295454545454547,9.33434420015163,0.014657142857142856,3957
raw,252,0,0.3,rank,1,0.10220572325898841,0.1450875827255039,,-0.4120003716968761,0.4715909090909091,57.23672865658773,0.08987529178338002,3957
raw,252,0,0.3,rank,5,0.22243417639086027,0.3179876926911888,,-0.39418064542756914,0.48863636363636365,23.568226077390776,0.03700772642390289,3957
raw,252,0,0.3,rank,10,0.20442664823577697,0.2893780694302194,,-0.379727316852827,0.4602272727272727,15.924735019102409,0.025005625583566764,3957
raw,252,0,0.3,rank,21,0.09793498696063546,0.14136523322728348,,-0.5007972977215314,0.4659090909090909,10.616940938619573,0.016671125116713353,3957
raw,252,0,0.3,volinv,1,0.1022988890341293,0.1450473588035283,,-0.4447304467296457,0.4943181818181818,75.40800971350097,0.11840852953822356,3957
raw,252,0,0.3,volinv,5,0.24963661536677834,0.35512797151465725,,-0.42418620822110487,0.4943181818181818,31.06662718730709,0.048782001500069117,3957
raw,252,0,0.3,volinv,10,0.26844372924461407,0.38201874312460654,,-0.39775844326092924,0.5113636363636364,20.76891290892216,0.03261213824627182,3957
raw,252,0,0.3,volinv,21,0.12364574393245945,0.18005746042417317,,-0.5148445450341506,0.48863636363636365,13.792743097575732,0.021657890649645697,3957
raw,252,2,0.1,equal,1,0.21644048305962113,0.30824392253236393,,-0.3628836938070177,0.4659090909090909,87.01440485216072,0.13663333333333333,3957
raw,252,2,0.1,equal,5,0.2535713151569592,0.36383508079577537,,-0.36636937953705995,0.4943181818181818,35.09021986353298,0.055099999999999996,3957
raw,252,2,0.1,equal,10,0.1156474438490994,0.16457436098321584,,-0.43349035352657184,0.4715909090909091,24.688400303260043,0.03876666666666667,3957
raw,252,2,0.1,equal,21,0.09053925902545931,0.12875892570340025,,-0.43152702617371697,0.45454545454545453,15.199393479909022,0.023866666666666668,3957
raw,252,2,0.1,rank,1,0.20517051764341454,0.2913874477220688,,-0.36920611525367886,0.4602272727272727,88.20649851516451,0.13850520421607376,3957
raw,252,2,0.1,rank,5,0.24427818534261644,0.3502350119836726,,-0.3708528823948546,0.4943181818181818,35.76209668961095,0.05615500658761528,3957
raw,252,2,0.1,rank,10,0.10029325011794096,0.1425107091492845,,-0.4463140608307018,0.4772727272727273,25.09270108208698,0.03940151515151515,3957
raw,252,2,0.1,rank,21,0.08822951245535328,0.12564333433636518,,-0.43388855414871075,0.45454545454545453,15.47972323025888,0.0243068511198946,3957
raw,252,2,0.1,volinv,1,0.2422960743057978,0.34539641328893284,,-0.39181835794601183,0.4602272727272727,106.30149864043193,0.16691866274610678,3957
raw,252,2,0.1,volinv,5,0.31879582556315544,0.4574098534173442,,-0.37416169611453776,0.4943181818181818,42.693304609581375,0.06703865330956885,3957
raw,252,2,0.1,volinv,10,0.16241312701791957,0.2306174714564698,,-0.3918919483297152,0.4772727272727273,29.356412081578604,0.0460965565900026,3957
raw,252,2,0.1,volinv,21,0.15705176290066494,0.2237512878477125,,-0.417102141117751,0.44886363636363635,17.676325847785588,0.027756040230034747,3957
raw,252,2,0.2,equal,1,0.10796761267393305,0.15273400555745792,,-0.3642215013984207,0.4715909090909091,59.62577710386656,0.09362666666666666,3957
raw,252,2,0.2,equal,5,0.2086566254236867,0.2965053606093636,,-0.34516761338552104,0.5,25.108718726307806,0.039426666666666665,3957
raw,252,2,0.2,equal,10,0.17309041900570094,0.24462214944140165,,-0.37175396146591666,0.4602272727272727,16.75754359363154,0.02631333333333333,3957
raw,252,2,0.2,equal,21,0.015598256695480211,0.022187329411954417,,-0.48464364059571774,0.4659090909090909,10.907050796057618,0.017126666666666665,3957
raw,252,2,0.2,rank,1,0.12401070369851547,0.1750664202968945,,-0.36005460972203374,0.48295454545454547,64.68982083715734,0.1015784210526316,3957
raw,252,2,0.2,rank,5,0.2093818422813289,0.29733668915629924,,-0.3582719916770808,0.48863636363636365,26.94585212082519,0.04231140350877193,3957
raw,252,2,0.2,rank,10,0.15459999473858568,0.21755865830384777,,-0.38642519052659896,0.4659090909090909,18.13631539044731,0.028478333333333335,3957
raw,252,2,0.2,rank,21,0.027385899818685736,0.038974526960699384,,-0.48559986869266647,0.4715909090909091,11.757128606200872,0.018461491228070177,3957
raw,252,2,0.2,volinv,1,0.06681021980398173,0.0934029229898345,,-0.4211822800201749,0.4659090909090909,85.76765526461033,0.1346756396357393,3957
raw,252,2,0.2,volinv,5,0.2249512872374946,0.3160640849916804,,-0.36121726347012706,0.48863636363636365,35.296998425265635,0.055424691574911165,3957
raw,252,2,0.2,volinv,10,0.212376575490974,0.2993343378079107,,-0.35568473564139835,0.48295454545454547,23.23862601908953,0.03649017585616558,3957
raw,252,2,0.2,volinv,21,0.054478087324678376,0.07641839967972856,,-0.4249149470622614,0.4659090909090909,14.79761795105718,0.023235783425529073,3957
raw,252,2,0.3,equal,1,0.13425519770686375,0.1919215860788077,,-0.42308982477004864,0.44886363636363635,49.92645943896892,0.07839642857142859,3957
raw,252,2,0.3,equal,5,0.24813287061970773,0.35616585421161945,,-0.38729695095010164,0.5,20.931766489764975,0.03286785714285714,3957
raw,252,2,0.3,equal,10,0.25635611274801157,0.3692896234023801,,-0.339467622346313,0.48295454545454547,14.033358605003789,0.022035714285714287,3957
raw,252,2,0.3,equal,21,0.040982391372823154,0.05892827489474299,,-0.5238107044936624,0.48295454545454547,9.307050796057617,0.014614285714285715,3957
raw,252,2,0.3,rank,1,0.14119202666159283,0.20070472340523038,,-0.40170553339854254,0.4772727272727273,57.224999628357786,0.08985687441643325,3957
raw,252,2,0.3,rank,5,0.23764452380960413,0.3397417637757912,,-0.3849785367942641,0.48863636363636365,23.76700263122687,0.03731985294117647,3957
raw,252,2,0.3,rank,10,0.21092502137588712,0.30094605404383007,,-0.36146858805090754,0.4772727272727273,16.04957707116205,0.025201657329598507,3957
raw,252,2,0.3,rank,21,0.03587957303420547,0.05136972799450716,,-0.5135674420749682,0.48295454545454547,10.547012739895049,0.016561321195144724,3957
raw,252,2,0.3,volinv,1,0.1102106400055334,0.15522006487991963,,-0.44666656078241807,0.4943181818181818,75.50972269767881,0.11856824314075992,3957
raw,252,2,0.3,volinv,5,0.24894976225430365,0.35360480852325543,,-0.4325412043789524,0.5170454545454546,31.214265664005033,0.04901382906050314,3957
raw,252,2,0.3,volinv,10,0.2598469627536017,0.36945148224608043,,-0.36074008922204936,0.5113636363636364,20.85167000636814,0.03274208659333283,3957
raw,252,2,0.3,volinv,21,0.07191141175520953,0.1020918574760926,,-0.4890959644709326,0.5,13.460885356085628,0.021136794981758262,3957
raw,252,7,0.1,equal,1,0.24396890665567242,0.35085101056216517,,-0.38737633069499733,0.45454545454545453,86.84457922668689,0.13636666666666666,3957
raw,252,7,0.1,equal,5,0.2070877298499366,0.3007194382902069,,-0.3884153310454719,0.4602272727272727,35.026535253980285,0.05499999999999999,3957
raw,252,7,0.1,equal,10,0.18483252598522873,0.26313340106369554,,-0.42126261624496064,0.45454545454545453,21.737680060652007,0.034133333333333335,3957
raw,252,7,0.1,equal,21,0.1243905415316099,0.1787771118049897,,-0.4188807825879439,0.4602272727272727,15.326762699014404,0.024066666666666667,3957
raw,252,7,0.1,rank,1,0.23782708688054077,0.3419331905864602,,-0.39107077908960464,0.45454545454545453,88.04246239964999,0.13824762845849803,3957
raw,252,7,0.1,rank,5,0.1954277809665281,0.28327612366992494,,-0.39483644874661783,0.45454545454545453,35.69761497361458,0.056053754940711464,3957
raw,252,7,0.1,rank,10,0.17863256895509824,0.2542720388132893,,-0.42375768925016666,0.45454545454545453,22.279796348293562,0.034984584980237154,3957
raw,252,7,0.1,rank,21,0.1183216888746488,0.16984238101196444,,-0.4242975921039508,0.45454545454545453,15.558594815212148,0.024430698287220026,3957
raw,252,7,0.1,volinv,1,0.2496275134329306,0.3586495736844332,,-0.3725444990146147,0.4602272727272727,106.62524892149149,0.16742702777077056,3957
raw,252,7,0.1,volinv,5,0.21650305419184207,0.31355125044221593,,-0.3639065512481624,0.4715909090909091,42.72726369076772,0.06709197715252693,3957
raw,252,7,0.1,volinv,10,0.19912765028856882,0.28335169266785193,,-0.40739340729352436,0.4715909090909091,26.323396323826326,0.04133399970372253,3957
raw,252,7,0.1,volinv,21,0.13606009995417007,0.1939955380711418,,-0.40577483518966084,0.45454545454545453,17.95259381135387,0.028189846710923522,3957
raw,252,7,0.2,equal,1,0.19170803533259842,0.27260724415368803,,-0.38446754167839736,0.4659090909090909,59.48991660348748,0.09341333333333335,3957
raw,252,7,0.2,equal,5,0.1369776499154824,0.1937585273135561,,-0.365444114592292,0.4659090909090909,25.108718726307806,0.039426666666666665,3957
raw,252,7,0.2,equal,10,0.20390408561146084,0.28853041665228607,,-0.35314541388430665,0.4772727272727273,17.07172100075815,0.026806666666666666,3957
raw,252,7,0.2,equal,21,0.07879089747806955,0.111809946769584,,-0.41774643870613326,0.4943181818181818,11.49294920394238,0.01804666666666667,3957
raw,252,7,0.2,rank,1,0.19439058748885632,0.27603652202405143,,-0.3743906074779513,0.4602272727272727,64.56937871593314,0.10138929824561405,3957
raw,252,7,0.2,rank,5,0.14939774266134762,0.21099837131431334,,-0.35311345306884045,0.4602272727272727,26.936243565699694,0.04229631578947368,3957
raw,252,7,0.2,rank,10,0.20226999338754265,0.28563892627189313,,-0.343106623540679,0.48295454545454547,18.122908104225687,0.02845728070175439,3957
raw,252,7,0.2,rank,21,0.0749866401644053,0.10618366858811971,,-0.42333735558882046,0.48863636363636365,12.241243366186506,0.019221666666666668,3957
raw,252,7,0.2,volinv,1,0.17060976942088837,0.24039634566934925,,-0.3862108345048402,0.48295454545454547,85.99129817689358,0.13502681225633645,3957
raw,252,7,0.2,volinv,5,0.14647273680671888,0.20592402439005317,,-0.35868868089383077,0.4715909090909091,35.45881455733971,0.055678781429917945,3957
raw,252,7,0.2,volinv,10,0.25616515172498716,0.3584467728750135,,-0.3216286853433763,0.5113636363636364,23.642539174289727,0.03712441567962875,3957
raw,252,7,0.2,volinv,21,0.07434173255304745,0.10469664032301183,,-0.3943361576364557,0.4943181818181818,15.345147105584628,0.024095534562221577,3957
raw,252,7,0.3,equal,1,0.21662917547879426,0.3126799227291881,,-0.38617277969398933,0.4943181818181818,49.8286580742987,0.07824285714285714,3957
raw,252,7,0.3,equal,5,0.27399055249871057,0.39675899846742446,,-0.3509277282113399,0.48295454545454547,20.913570887035632,0.03283928571428571,3957
raw,252,7,0.3,equal,10,0.2430842581413365,0.34954671398982085,,-0.36579655054456084,0.4943181818181818,14.20166793025019,0.022299999999999997,3957
raw,252,7,0.3,equal,21,0.17216130094000232,0.25022087886824884,,-0.4113220705600912,0.5056818181818182,9.336618650492795,0.014660714285714284,3957
raw,252,7,0.3,rank,1,0.21225444457708045,0.3045165160833276,,-0.3776588002782598,0.4772727272727273,57.13264653852443,0.08971185807656396,3957
raw,252,7,0.3,rank,5,0.2344932437350099,0.3366075454610133,,-0.35987106361287435,0.4715909090909091,23.745640636846097,0.03728630952380953,3957
raw,252,7,0.3,rank,10,0.23083734378962484,0.329488020416248,,-0.3543449722634837,0.48295454545454547,15.944952355468342,0.02503737161531279,3957
raw,252,7,0.3,rank,21,0.13922975055759967,0.20081868467705932,,-0.40440226745606,0.4943181818181818,10.637418424534332,0.01670327964519141,3957
raw,252,7,0.3,volinv,1,0.17304547673602666,0.2457937887210358,,-0.4086205112261082,0.48295454545454547,75.43000301776904,0.11844306426242543,3957
raw,252,7,0.3,volinv,5,0.2675000777901271,0.38052889780406984,,-0.33501070645151665,0.5,31.27062118159534,0.0491023206411003,3957
raw,252,7,0.3,volinv,10,0.2732489144630195,0.3898193183007374,,-0.35617651755005575,0.5113636363636364,20.931182683580502,0.03286694042814605,3957
raw,252,7,0.3,volinv,21,0.20583614390723146,0.30037809245373465,,-0.40639552808622237,0.5170454545454546,13.582359301035705,0.02132753799769773,3957
riskadj,10,0,0.1,equal,1,-0.6383100951075305,-0.8155073114805936,,-0.8793454193208845,0.42613636363636365,381.9378316906747,0.5997333333333333,3957
riskadj,10,0,0.1,equal,5,-0.5400879172198086,-0.6558853285247263,,-0.8324333982005327,0.4090909090909091,145.22213798332066,0.2280333333333333,3957
riskadj,10,0,0.1,equal,10,-0.5807099822454734,-0.7072225917090009,,-0.8477952568710185,0.4431818181818182,89.51933282789992,0.14056666666666667,3957
riskadj,10,0,0.1,equal,21,-0.42509879589678135,-0.5995784426393951,,-0.8374004746276247,0.39204545454545453,43.19939347990902,0.06783333333333333,3957
riskadj,10,0,0.1,rank,1,-0.6220983802047543,-0.7935545461516992,,-0.8756253409192049,0.42045454545454547,386.8548037649794,0.6074541501976285,3957
riskadj,10,0,0.1,rank,5,-0.5370197006256866,-0.6498653237295352,,-0.8316165331980905,0.4147727272727273,146.31606169484007,0.2297510540184453,3957
riskadj,10,0,0.1,rank,10,-0.5797923868189755,-0.7045122913290373,,-0.84822796469996,0.45454545454545453,89.80423545205824,0.14101403162055337,3957
riskadj,10,0,0.1,rank,21,-0.4246534997140722,-0.6003944367022046,,-0.8362785482014861,0.3977272727272727,43.306667226039615,0.06800177865612649,3957
riskadj,10,0,0.1,volinv,1,-0.6439410847956343,-0.8018657533545773,,-0.8864649811281861,0.4034090909090909,407.1284423410438,0.6392885898188534,3957
riskadj,10,0,0.1,volinv,5,-0.5327745728387999,-0.6369547019266767,,-0.8351295350388598,0.375,148.81363837456928,0.2336728440667344,3957
riskadj,10,0,0.1,volinv,10,-0.5270501406842484,-0.633118308673971,,-0.8341818769593543,0.42613636363636365,89.92540203574171,0.141204292006123,3957
riskadj,10,0,0.1,volinv,21,-0.41495580913208124,-0.5811102004471939,,-0.8321862604453067,0.375,43.78384734373516,0.06875106505522224,3957
riskadj,10,0,0.2,equal,1,-0.45727879436022345,-0.6371276942540155,,-0.8109830286287709,0.4375,271.9375284306292,0.42700666666666665,3957
riskadj,10,0,0.2,equal,5,-0.3256047808060366,-0.438905529604323,,-0.697275293982498,0.4431818181818182,114.13555724033358,0.17922000000000002,3957
riskadj,10,0,0.2,equal,10,-0.31298106470734677,-0.43048106706606043,,-0.676718791182247,0.4659090909090909,78.31933282789993,0.12298,3957
riskadj,10,0,0.2,equal,21,-0.34038861643455415,-0.4856787340823736,,-0.7884843057076265,0.3977272727272727,37.973009855951474,0.05962666666666667,3957
riskadj,10,0,0.2,rank,1,-0.4864499504239076,-0.6682153194838599,,-0.8250597626575821,0.4431818181818182,289.40359123738085,0.45443254385964915,3957
riskadj,10,0,0.2,rank,5,-0.36398809468748455,-0.4818451750029578,,-0.7262888195123869,0.4431818181818182,119.2043493874945,0.1871792105263158,3957
riskadj,10,0,0.2,rank,10,-0.3584330956410573,-0.4826510785377294,,-0.7141080939865323,0.45454545454545453,80.20925741191493,0.1259476315789474,3957
riskadj,10,0,0.2,rank,21,-0.35773167828737235,-0.5068121068639445,,-0.7991745345536444,0.4034090909090909,38.77711184709309,0.06088929824561404,3957
riskadj,10,0,0.2,volinv,1,-0.5624438559309474,-0.7848256006512664,,-0.8480082423775652,0.4090909090909091,302.5318790921055,0.47504708157438946,3957
riskadj,10,0,0.2,volinv,5,-0.31955866901374935,-0.434585719979311,,-0.6936593475075064,0.4375,120.0209660847618,0.18846149317357241,3957
riskadj,10,0,0.2,volinv,10,-0.33061791573669547,-0.4539002040023924,,-0.6905067895387678,0.4715909090909091,80.19384762704185,0.12592343454770022,3957
riskadj,10,0,0.2,volinv,21,-0.3345201285963754,-0.4764469280043525,,-0.7993004478200444,0.38636363636363635,39.17926016237112,0.061520766850199415,3957
riskadj,10,0,0.3,equal,1,-0.4705722301455704,-0.6498098665880894,,-0.8049544494763106,0.42613636363636365,229.53070507960578,0.3604178571428571,3957
riskadj,10,0,0.3,equal,5,-0.3685534450779796,-0.49073711854498014,,-0.724591509732994,0.4375,98.69977255496588,0.15498214285714285,3957
riskadj,10,0,0.3,equal,10,-0.47004917632894716,-0.6357696947924428,,-0.7960614998264641,0.4375,71.30856709628507,0.11197142857142857,3957
riskadj,10,0,0.3,equal,21,-0.2623443611457479,-0.38287719384558566,,-0.7671648487347746,0.4602272727272727,34.214556482183475,0.053724999999999995,3957
riskadj,10,0,0.3,rank,1,-0.4981822273403337,-0.6809351707818616,,-0.8221785170254128,0.4375,257.3470617966671,0.4040961601307189,3957
riskadj,10,0,0.3,rank,5,-0.391552416244451,-0.5133470832394348,,-0.7420093749122975,0.4375,107.74101740772123,0.16917904995331468,3957
riskadj,10,0,0.3,rank,10,-0.4594625310496406,-0.6120003666925993,,-0.7879451198629676,0.4602272727272727,75.11401983082847,0.1179468954248366,3957
riskadj,10,0,0.3,rank,21,-0.3133253683537358,-0.451625949067561,,-0.7906521710622546,0.42613636363636365,36.10506325350459,0.05669354575163399,3957
riskadj,10,0,0.3,volinv,1,-0.5433898198592002,-0.74335545327664,,-0.8320953933147515,0.4375,259.6876221401495,0.40777139714625854,3957
riskadj,10,0,0.3,volinv,5,-0.380355996052049,-0.4992451831404133,,-0.7294321152176853,0.4318181818181818,105.50963387806132,0.16567524652995583,3957
riskadj,10,0,0.3,volinv,10,-0.4889391824288542,-0.64715958220149,,-0.8033509059599278,0.42045454545454547,73.80923040032383,0.11589806535479419,3957
riskadj,10,0,0.3,volinv,21,-0.19104044740488718,-0.2851504136807448,,-0.7220591155212556,0.42613636363636365,35.73145804124437,0.056106896614763486,3957
riskadj,10,2,0.1,equal,1,-0.5835292901131656,-0.8208457281997815,,-0.8426881117324871,0.42045454545454547,381.59818043972706,0.5992,3957
riskadj,10,2,0.1,equal,5,-0.2817040104099416,-0.39790507434745176,,-0.648223925281986,0.42613636363636365,145.22213798332066,0.2280333333333333,3957
riskadj,10,2,0.1,equal,10,-0.2806780032351088,-0.3865781511064949,,-0.7040236111449788,0.44886363636363635,90.28354814253221,0.14176666666666665,3957
riskadj,10,2,0.1,equal,21,-0.4036195595827155,-0.5975257807529465,,-0.7385224793906209,0.4034090909090909,42.116755117513264,0.06613333333333334,3957
riskadj,10,2,0.1,rank,1,-0.5966402708334904,-0.8352837945759628,,-0.8484593560438473,0.4318181818181818,386.5225362368785,0.6069324110671936,3957
riskadj,10,2,0.1,rank,5,-0.2950313893469008,-0.41520345937098285,,-0.6619545855507813,0.42045454545454547,146.3002873778494,0.22972628458498023,3957
riskadj,10,2,0.1,rank,10,-0.286377272479162,-0.39381442946029,,-0.7089437637571187,0.45454545454545453,90.56903810828062,0.14221495388669303,3957
riskadj,10,2,0.1,rank,21,-0.4054654874363997,-0.6006931592913252,,-0.742102582010099,0.4034090909090909,42.26375832691553,0.06636416337285903,3957
riskadj,10,2,0.1,volinv,1,-0.5956984178593079,-0.8340325434489028,,-0.8477073939116151,0.4431818181818182,406.05802891229837,0.6376077858753828,3957
riskadj,10,2,0.1,volinv,5,-0.30394035401447983,-0.42639454858418874,,-0.6595306058681867,0.42613636363636365,149.448943187973,0.23467042388682902,3957
riskadj,10,2,0.1,volinv,10,-0.25137150403806907,-0.3453849088961154,,-0.665400912331336,0.44886363636363635,90.89889330772476,0.14273290508677258,3957
riskadj,10,2,0.1,volinv,21,-0.3733923115496476,-0.5526527148974802,,-0.7220182828700614,0.38636363636363635,42.77706001822845,0.06717016924290872,3957
riskadj,10,2,0.2,equal,1,-0.5183375486335795,-0.7126555338452781,,-0.816669490685346,0.4659090909090909,271.7422289613343,0.42669999999999997,3957
riskadj,10,2,0.2,equal,5,-0.1430071980066451,-0.19781216340960395,,-0.5023891120045361,0.4772727272727273,115.71918119787718,0.18170666666666668,3957
riskadj,10,2,0.2,equal,10,-0.2792898194617683,-0.3772208182376476,,-0.7127122879476238,0.4602272727272727,78.82880970432146,0.12378,3957
riskadj,10,2,0.2,equal,21,-0.3931523660571087,-0.5899373516494221,,-0.735174883604401,0.42613636363636365,37.56542835481425,0.05898666666666667,3957
riskadj,10,2,0.2,rank,1,-0.5401892934775454,-0.741162631800518,,-0.8269021736636402,0.44886363636363635,289.1954431187901,0.45410570175438597,3957
riskadj,10,2,0.2,rank,5,-0.15968295561417953,-0.22140086106058798,,-0.5233390147152246,0.45454545454545453,120.5480387853637,0.18928912280701754,3957
riskadj,10,2,0.2,rank,10,-0.2744112972090151,-0.37172646046331453,,-0.7068965562782331,0.45454545454545453,80.75102350265351,0.12679833333333335,3957
riskadj,10,2,0.2,rank,21,-0.39731860568342087,-0.6002817412611512,,-0.7397182676238979,0.4318181818181818,38.317688839232275,0.0601678947368421,3957
riskadj,10,2,0.2,volinv,1,-0.5767344096158995,-0.7896510764009551,,-0.843780300961807,0.4431818181818182,301.6539378071693,0.4736685047234004,3957
riskadj,10,2,0.2,volinv,5,-0.18532713605437826,-0.25425394185173833,,-0.5552525329941412,0.48295454545454547,121.9251532544902,0.19145152040794353,3957
riskadj,10,2,0.2,volinv,10,-0.31029369417556796,-0.41679568974880465,,-0.7184451358289984,0.42613636363636365,80.93821089326165,0.12709226210501445,3957
riskadj,10,2,0.2,volinv,21,-0.3447161591026073,-0.509865581972627,,-0.7052337790476795,0.4090909090909091,38.851993911828416,0.06100688091631152,3957
riskadj,10,2,0.3,equal,1,-0.5230516604537635,-0.7014204476428932,,-0.8225248656731095,0.4318181818181818,229.40788476118271,0.360225,3957
riskadj,10,2,0.3,equal,5,-0.16470709221794824,-0.22650893619376058,,-0.5492588964620424,0.48863636363636365,100.43745261561789,0.1577107142857143,3957
riskadj,10,2,0.3,equal,10,-0.24069084709184183,-0.32684024578500737,,-0.7161768242408995,0.4659090909090909,71.16527672479151,0.11174642857142858,3957
riskadj,10,2,0.3,equal,21,-0.49782284703418145,-0.7264616037812409,,-0.7937470551833188,0.4147727272727273,33.97346474601971,0.05334642857142857,3957
riskadj,10,2,0.3,rank,1,-0.5447584761332827,-0.7336720287289615,,-0.8314184665588299,0.4431818181818182,257.1911058585678,0.4038512721755369,3957
riskadj,10,2,0.3,rank,5,-0.17295598021151432,-0.2377968667245818,,-0.5532371558074685,0.4772727272727273,109.27795121081033,0.17159240196078432,3957
riskadj,10,2,0.3,rank,10,-0.25715008216839136,-0.3489444565727407,,-0.7172727251840844,0.4375,75.2059269500067,0.11809121148459384,3957
riskadj,10,2,0.3,rank,21,-0.47864756902846256,-0.7112157260511909,,-0.7848342505057974,0.4090909090909091,35.76810269217619,0.056164437441643324,3957
riskadj,10,2,0.3,volinv,1,-0.5691897729452339,-0.7516992496092961,,-0.8429273470447961,0.4318181818181818,259.2928706950938,0.40715154338908194,3957
riskadj,10,2,0.3,volinv,5,-0.20145777087937547,-0.2666823708929008,,-0.5924944083879031,0.48863636363636365,107.45027415172673,0.16872251381681852,3957
riskadj,10,2,0.3,volinv,10,-0.29385308294484536,-0.39003503175987814,,-0.7366145364242489,0.42613636363636365,74.06051750242528,0.1162926459353559,3957
riskadj,10,2,0.3,volinv,21,-0.4606004458650669,-0.6602007006783457,,-0.7727405826720745,0.4090909090909091,35.492299707191805,0.05573136108784048,3957
riskadj,10,7,0.1,equal,1,-0.6181473833806501,-0.8969304680946041,,-0.8334277350207241,0.44886363636363635,381.0462471569371,0.5983333333333334,3957
riskadj,10,7,0.1,equal,5,-0.17012121284126494,-0.24203959783473647,,-0.6365356138129801,0.4375,145.0310841546626,0.22773333333333332,3957
riskadj,10,7,0.1,equal,10,-0.19883990403623408,-0.28389945604013567,,-0.708736312553738,0.48863636363636365,89.39196360879453,0.14036666666666664,3957
riskadj,10,7,0.1,equal,21,-0.5082342856366321,-0.7258173736837221,,-0.7933105711118276,0.4431818181818182,42.94465504169825,0.06743333333333333,3957
riskadj,10,7,0.1,rank,1,-0.6158457519788855,-0.8900332437501498,,-0.8325009222410801,0.4431818181818182,385.9463541370124,0.6060276679841897,3957
riskadj,10,7,0.1,rank,5,-0.17321930374455624,-0.24598573511091174,,-0.6379824414879796,0.4318181818181818,146.1063387942117,0.2294217391304348,3957
riskadj,10,7,0.1,rank,10,-0.19521334838817087,-0.27846964050739537,,-0.7105196512160248,0.48863636363636365,89.73904053555965,0.14091166007905137,3957
riskadj,10,7,0.1,rank,21,-0.494910954860338,-0.7089553266982479,,-0.7870540453548329,0.45454545454545453,43.11779495185896,0.06770520421607379,3957
riskadj,10,7,0.1,volinv,1,-0.6418669165982973,-0.9264830394376866,,-0.8394008163592852,0.4318181818181818,406.8193150119935,0.6388031863104995,3957
riskadj,10,7,0.1,volinv,5,-0.20594997899621756,-0.2884791436935632,,-0.6481841184704049,0.42045454545454547,149.46972841709933,0.23470306164542143,3957
riskadj,10,7,0.1,volinv,10,-0.2037775244007974,-0.29008424009915096,,-0.6844890696654142,0.44886363636363635,90.35624612703275,0.14188081981137646,3957
riskadj,10,7,0.1,volinv,21,-0.5724812906222809,-0.8135611408060955,,-0.8178919009688917,0.44886363636363635,43.58389959691986,0.06843709948611584,3957
riskadj,10,7,0.2,equal,1,-0.5931095285113257,-0.8744070878186023,,-0.830504138305334,0.42045454545454547,271.31766489764976,0.4260333333333333,3957
riskadj,10,7,0.2,equal,5,-0.0528286076504075,-0.0771401436634544,,-0.5411882040482221,0.4715909090909091,115.53237300985595,0.18141333333333332,3957
riskadj,10,7,0.2,equal,10,-0.13726137262886148,-0.20374827078020608,,-0.6668322420909812,0.45454545454545453,78.15375284306293,0.12272,3957
riskadj,10,7,0.2,equal,21,-0.37767474825800423,-0.5417608745724519,,-0.7603712638508371,0.4943181818181818,36.66959818043972,0.057580000000000006,3957
riskadj,10,7,0.2,rank,1,-0.6086258623864882,-0.8966452631371999,,-0.8355294639055204,0.4034090909090909,288.73345038107016,0.4533802631578947,3957
riskadj,10,7,0.2,rank,5,-0.07629381752403588,-0.11093330351718286,,-0.5622999424653106,0.4602272727272727,120.35966641394997,0.18899333333333335,3957
riskadj,10,7,0.2,rank,10,-0.15051995998673653,-0.2216070555729697,,-0.6807111684826408,0.45454545454545453,80.03781173935597,0.12567842105263158,3957
riskadj,10,7,0.2,rank,21,-0.39677269219098193,-0.57082434491542,,-0.7621665887832707,0.48863636363636365,37.70961254538924,0.0592130701754386,3957
riskadj,10,7,0.2,volinv,1,-0.6973881873123028,-1.0139093625791664,,-0.8611400110268925,0.3806818181818182,301.781620803357,0.4738689974281284,3957
riskadj,10,7,0.2,volinv,5,-0.09975381496819696,-0.1444479372035755,,-0.5715294569635527,0.42613636363636365,121.85608486822196,0.19134306659664851,3957
riskadj,10,7,0.2,volinv,10,-0.1463772346019917,-0.21719036900356511,,-0.6718764022266032,0.4715909090909091,79.95559849377574,0.12554932668248836,3957
riskadj,10,7,0.2,volinv,21,-0.45837505335305917,-0.6506441432730626,,-0.7774231678288629,0.45454545454545453,38.37686143970036,0.060260809808291405,3957
riskadj,10,7,0.3,equal,1,-0.5278135128657727,-0.7617961085900505,,-0.8127241517698077,0.3977272727272727,229.04624715693706,0.3596571428571428,3957
riskadj,10,7,0.3,equal,5,-0.05059992155051832,-0.07053434234912229,,-0.5381860411111834,0.4659090909090909,100.2668688400303,0.15744285714285716,3957
riskadj,10,7,0.3,equal,10,-0.17684377062414325,-0.24887049642930603,,-0.650950289612037,0.4772727272727273,70.05761940864292,0.11000714285714286,3957
riskadj,10,7,0.3,equal,21,-0.1960945322205701,-0.28008714116668876,,-0.6521058301880862,0.5056818181818182,32.38589840788476,0.05085357142857143,3957
riskadj,10,7,0.3,rank,1,-0.5745901328703501,-0.8347580309738578,,-0.8264883475968942,0.3977272727272727,256.7809243485112,0.4032071895424837,3957
riskadj,10,7,0.3,rank,5,-0.07606952908444276,-0.10739017735569723,,-0.5633902624795084,0.44886363636363635,109.09903521681608,0.17131146125116714,3957
riskadj,10,7,0.3,rank,10,-0.17999778342275263,-0.25621922978208733,,-0.6651070045093812,0.4602272727272727,74.16114406338728,0.11645065359477125,3957
riskadj,10,7,0.3,rank,21,-0.2882262881026373,-0.41231868846930164,,-0.7052094197235088,0.48863636363636365,34.58436278226226,0.054305683940242766,3957
riskadj,10,7,0.3,volinv,1,-0.651341747204237,-0.927220617565111,,-0.8549674634601508,0.38636363636363635,259.6840053836418,0.407765717977409,3957
riskadj,10,7,0.3,volinv,5,-0.11794132064375736,-0.16267722832218892,,-0.5907558132235081,0.44886363636363635,107.45508661154466,0.16873007052455646,3957
riskadj,10,7,0.3,volinv,10,-0.22148630101672426,-0.3102015431290271,,-0.6840404715371575,0.48863636363636365,72.7156551874016,0.1141808918954556,3957
riskadj,10,7,0.3,volinv,21,-0.17236971330699247,-0.2539303673333762,,-0.5967899980971332,0.48295454545454547,34.36729200769329,0.05396483114065173,3957
riskadj,20,0,0.1,equal,1,-0.3708332244771708,-0.5265967710077961,,-0.7465942348339176,0.4090909090909091,285.8165276724791,0.44880000000000003,3957
riskadj,20,0,0.1,equal,5,-0.3462093312458249,-0.49918993961068303,,-0.7045359703359901,0.42045454545454547,110.38665655799846,0.1733333333333333,3957
riskadj,20,0,0.1,equal,10,-0.3714600324028825,-0.5217136871742414,,-0.7871057025027732,0.4034090909090909,73.08870356330553,0.11476666666666666,3957
riskadj,20,0,0.1,equal,21,-0.24380534262002704,-0.35747327951245256,,-0.7181289422129534,0.45454545454545453,43.645185746777855,0.06853333333333333,3957
riskadj,20,0,0.1,rank,1,-0.39027162361848095,-0.5532823747609726,,-0.7488604857689998,0.42045454545454547,289.48363684309896,0.4545582345191041,3957
riskadj,20,0,0.1,rank,5,-0.3457399084713788,-0.49812857168237995,,-0.7022175971965561,0.4318181818181818,111.64365146670582,0.17530711462450593,3957
riskadj,20,0,0.1,rank,10,-0.3683522056693114,-0.5162196593672141,,-0.7882671251757293,0.4147727272727273,73.69714749765511,0.11572206851119896,3957
riskadj,20,0,0.1,rank,21,-0.23593608213358083,-0.3455089057068507,,-0.7094106589370269,0.44886363636363635,43.750068173577425,0.06869802371541503,3957
riskadj,20,0,0.1,volinv,1,-0.41639090356905667,-0.5884438439958883,,-0.7877638729864858,0.4090909090909091,312.2844861795761,0.4903609967510249,3957
riskadj,20,0,0.1,volinv,5,-0.35197598315261747,-0.5024883719479099,,-0.7141489032536935,0.42613636363636365,116.60718844183155,0.18310104946997122,3957
riskadj,20,0,0.1,volinv,10,-0.32860323776433936,-0.45816923770066564,,-0.7753439655520624,0.4034090909090909,75.54417417980052,0.11862234017042489,3957
riskadj,20,0,0.1,volinv,21,-0.2538705708297264,-0.3670745838588975,,-0.712467555510808,0.4375,44.03343838220175,0.06914298241205252,3957
riskadj,20,0,0.2,equal,1,-0.4137318731007226,-0.5690675073793277,,-0.7574422659698268,0.42045454545454547,200.18620166793025,0.31434000000000006,3957
riskadj,20,0,0.2,equal,5,-0.3712602728350267,-0.5050017377158152,,-0.7204426806719926,0.4090909090909091,84.01698256254737,0.1319266666666667,3957
riskadj,20,0,0.2,equal,10,-0.38539268445824,-0.5274057879924486,,-0.787056706249833,0.4318181818181818,57.944503411675505,0.09098666666666667,3957
riskadj,20,0,0.2,equal,21,-0.24577893942287876,-0.36127017285205887,,-0.7237645554657277,0.4772727272727273,37.92206216830932,0.05954666666666667,3957
riskadj,20,0,0.2,rank,1,-0.42327530222053683,-0.5862985575181527,,-0.7596881441867489,0.3977272727272727,213.74750409002036,0.3356344736842105,3957
riskadj,20,0,0.2,rank,5,-0.3877068310127567,-0.5292265239358314,,-0.7315961122245791,0.42045454545454547,88.47708391524681,0.13893008771929824,3957
riskadj,20,0,0.2,rank,10,-0.39633872761393024,-0.5428527500982043,,-0.793779147967617,0.4147727272727273,60.473341047843256,0.09495754385964912,3957
riskadj,20,0,0.2,rank,21,-0.25236942017849895,-0.3695311725667626,,-0.7258534481544943,0.4772727272727273,38.827165715653805,0.0609678947368421,3957
riskadj,20,0,0.2,volinv,1,-0.47252194200279707,-0.6478935886076725,,-0.7931845235259936,0.39204545454545453,227.8083274216641,0.3577133141299702,3957
riskadj,20,0,0.2,volinv,5,-0.34089657599718337,-0.45823426902654174,,-0.7010634008878309,0.4431818181818182,91.7492615577163,0.1440681857078902,3957
riskadj,20,0,0.2,volinv,10,-0.3755273687825148,-0.5097589029393689,,-0.7791837817124313,0.3977272727272727,61.48161986862568,0.0965407816746634,3957
riskadj,20,0,0.2,volinv,21,-0.30732951642808876,-0.4444104185399356,,-0.7389243227699032,0.4602272727272727,39.19114632445446,0.061539430954708846,3957
riskadj,20,0,0.3,equal,1,-0.4789039113612568,-0.6594879632002171,,-0.7744620995875552,0.4090909090909091,167.45387920141522,0.26294246031746027,3957
riskadj,20,0,0.3,equal,5,-0.4167862706748847,-0.5753089647978024,,-0.7539786225248075,0.42613636363636365,71.19686631286329,0.11179603174603174,3957
riskadj,20,0,0.3,equal,10,-0.4058332580752098,-0.5655140341967028,,-0.7875033774200991,0.4090909090909091,50.2426080363912,0.07889285714285713,3957
riskadj,20,0,0.3,equal,21,-0.35870041066096575,-0.5386748101509077,,-0.7957443602155574,0.4090909090909091,34.25094768764215,0.05378214285714286,3957
riskadj,20,0,0.3,rank,1,-0.46706261060455717,-0.6462654206314739,,-0.7721382142841294,0.3977272727272727,188.85289657940507,0.29654401260504204,3957
riskadj,20,0,0.3,rank,5,-0.4200860943723168,-0.5785238800948646,,-0.7543596629728486,0.4431818181818182,78.88466455573891,0.12386770541549953,3957
riskadj,20,0,0.3,rank,10,-0.40834897228161865,-0.5664561021985176,,-0.7940621445993046,0.42045454545454547,54.73653540263717,0.08594939309056956,3957
riskadj,20,0,0.3,rank,21,-0.32686068661709655,-0.48707794523940895,,-0.7782261709709247,0.42613636363636365,36.172122374347765,0.05679884453781513,3957
riskadj,20,0,0.3,volinv,1,-0.5568006813353634,-0.7587547780032958,,-0.8133640616935169,0.38636363636363635,195.60542879269232,0.3071470959256681,3957
riskadj,20,0,0.3,volinv,5,-0.37990573223989543,-0.5213992859463082,,-0.7328848879600609,0.4431818181818182,79.43319813599383,0.12472903373973318,3957
riskadj,20,0,0.3,volinv,10,-0.3796057870637051,-0.5262256663085868,,-0.7626218261743094,0.4090909090909091,54.49453302603079,0.08556939173968406,3957
riskadj,20,0,0.3,volinv,21,-0.3450307825236471,-0.5156359600725927,,-0.7714122883093517,0.4431818181818182,35.941867099833516,0.056437288934143334,3957
riskadj,20,2,0.1,equal,1,-0.41173847373525446,-0.5891670131060375,,-0.7340515740255886,0.4431818181818182,285.434420015163,0.44820000000000004,3957
riskadj,20,2,0.1,equal,5,-0.2572402694407807,-0.38030450686781664,,-0.7284947038017482,0.4772727272727273,112.95526914329037,0.17736666666666667,3957
riskadj,20,2,0.1,equal,10,-0.4565162807113659,-0.6512100776017505,,-0.8021095583159817,0.42045454545454547,74.53222137983319,0.11703333333333332,3957
riskadj,20,2,0.1,equal,21,-0.26317355758785277,-0.3895952690891169,,-0.6167075161747717,0.42045454545454547,42.98711144806672,0.0675,3957
riskadj,20,2,0.1,rank,1,-0.4091168011243312,-0.5844531681888928,,-0.7318986039627151,0.4431818181818182,289.094145462936,0.4539466403162055,3957
riskadj,20,2,0.1,rank,5,-0.2655610963657272,-0.3909572574565627,,-0.7279116894222575,0.4715909090909091,114.04751473598097,0.17908175230566536,3957
riskadj,20,2,0.1,rank,10,-0.45637258034451916,-0.6470776741546767,,-0.801294470840395,0.4147727272727273,75.0352794517346,0.11782325428194992,3957
riskadj,20,2,0.1,rank,21,-0.27148613866301746,-0.4008788798072495,,-0.6145878433424375,0.42045454545454547,43.14867233830875,0.06775368906455861,3957
riskadj,20,2,0.1,volinv,1,-0.4503068477231291,-0.638577766588618,,-0.7585874221553681,0.4375,312.5235810423408,0.49073643261291366,3957
riskadj,20,2,0.1,volinv,5,-0.28847106775615455,-0.41992916156078286,,-0.741704516071447,0.45454545454545453,118.81226306896079,0.18656354165233247,3957
riskadj,20,2,0.1,volinv,10,-0.4831658960241529,-0.6816688786689034,,-0.8117492625187641,0.4318181818181818,76.65332989462699,0.12036397872739645,3957
riskadj,20,2,0.1,volinv,21,-0.31028606456029767,-0.4524505494606342,,-0.6507040191178559,0.42613636363636365,43.44601228189642,0.06822058357121595,3957
riskadj,20,2,0.2,equal,1,-0.39752565873343404,-0.545228454007581,,-0.7360976265423544,0.4147727272727273,199.97391963608794,0.31400666666666666,3957
riskadj,20,2,0.2,equal,5,-0.3245622002417435,-0.4475284193672125,,-0.7470675883146922,0.4318181818181818,83.66459438968916,0.13137333333333334,3957
riskadj,20,2,0.2,equal,10,-0.46621031700431337,-0.6421442501725201,,-0.8044434095161848,0.4431818181818182,59.01440485216072,0.09266666666666667,3957
riskadj,20,2,0.2,equal,21,-0.35697594633555235,-0.5297096109235494,,-0.7242519019916089,0.42045454545454547,37.302198635329795,0.05857333333333334,3957
riskadj,20,2,0.2,rank,1,-0.4042303842177073,-0.5572548925630686,,-0.7362710220450328,0.42045454545454547,213.5160049479271,0.3352709649122807,3957
riskadj,20,2,0.2,rank,5,-0.32448378358873153,-0.4507690802445407,,-0.7457836047153787,0.4659090909090909,88.27100275328199,0.13860649122807017,3957
riskadj,20,2,0.2,rank,10,-0.48153819260750486,-0.6635727017533317,,-0.8095843981339714,0.4318181818181818,61.487825705279114,0.09655052631578948,3957
riskadj,20,2,0.2,rank,21,-0.36270581178666444,-0.5375641202042438,,-0.7216964060033151,0.4090909090909091,38.30573400901799,0.06014912280701754,3957
riskadj,20,2,0.2,volinv,1,-0.4719719483738842,-0.6433606205460046,,-0.7775398322624067,0.4147727272727273,229.03183540585,0.3596345129765669,3957
riskadj,20,2,0.2,volinv,5,-0.3079280557825559,-0.42077845141235587,,-0.7348346580247321,0.4431818181818182,90.63136612030635,0.14231282370557627,3957
riskadj,20,2,0.2,volinv,10,-0.5039370469462879,-0.6880370608366948,,-0.8138168261077777,0.4318181818181818,62.29706888332934,0.09782123078227548,3957
riskadj,20,2,0.2,volinv,21,-0.40809894486942166,-0.5948344581415678,,-0.745395660307683,0.4090909090909091,38.46901566016317,0.06040551387589907,3957
riskadj,20,2,0.3,equal,1,-0.4467383349220765,-0.6232678429207036,,-0.7686097361609613,0.39204545454545453,167.315137730604,0.26272460317460317,3957
riskadj,20,2,0.3,equal,5,-0.3708545063690113,-0.5219918384645006,,-0.7695935251291901,0.42045454545454547,70.64215314632297,0.110925,3957
riskadj,20,2,0.3,equal,10,-0.34857016954986564,-0.493492718729114,,-0.7541818760583514,0.45454545454545453,49.944655041698255,0.078425,3957
riskadj,20,2,0.3,equal,21,-0.4430290055038849,-0.6567182935985233,,-0.752985551678022,0.38636363636363635,33.7505686125853,0.05299642857142857,3957
riskadj,20,2,0.3,rank,1,-0.4365926187921604,-0.6073310292561865,,-0.7567679296149266,0.375,188.67454548157397,0.2962639589169001,3957
riskadj,20,2,0.3,rank,5,-0.3544252381444839,-0.49831874726888764,,-0.7616429595494751,0.4318181818181818,78.42107805973035,0.12313976423902895,3957
riskadj,20,2,0.3,rank,10,-0.4035012983684567,-0.5657692068349578,,-0.7783322712899325,0.45454545454545453,54.83007774755088,0.08609627684407097,3957
riskadj,20,2,0.3,rank,21,-0.42481107510782823,-0.6287968737415551,,-0.7452223537269014,0.4034090909090909,35.71699445509819,0.05608418534080299,3957
riskadj,20,2,0.3,volinv,1,-0.5185355775903552,-0.7159821651216363,,-0.7993891643817808,0.375,196.6455068826835,0.30878026616459475,3957
riskadj,20,2,0.3,volinv,5,-0.4062379962983389,-0.5609037509330713,,-0.7843962365390044,0.4090909090909091,78.74819063995203,0.12365340887392468,3957
riskadj,20,2,0.3,volinv,10,-0.4189790318607135,-0.5849274950043643,,-0.7815808732522698,0.44886363636363635,54.00456876315913,0.08480003118881772,3957
riskadj,20,2,0.3,volinv,21,-0.5024030582295893,-0.7309472614632218,,-0.7832208952970666,0.4034090909090909,35.50117145515432,0.055745291844462544,3957
riskadj,20,7,0.1,equal,1,-0.40375395748309184,-0.5891313506409561,,-0.7939524109822704,0.4090909090909091,284.8188021228203,0.44723333333333337,3957
riskadj,20,7,0.1,equal,5,-0.3019295331720646,-0.4351297946340904,,-0.6795443308533522,0.44886363636363635,112.80667172100075,0.1771333333333333,3957
riskadj,20,7,0.1,equal,10,0.022446470888644997,0.032341559252437264,,-0.56921242121626,0.48863636363636365,72.87642153146324,0.11443333333333332,3957
riskadj,20,7,0.1,equal,21,0.02044185008538272,0.029951223142793405,,-0.547433978904518,0.45454545454545453,42.66868840030326,0.067,3957
riskadj,20,7,0.1,rank,1,-0.4121428476401849,-0.5993079300323733,,-0.8016716936049677,0.4147727272727273,288.4624595828077,0.452954743083004,3957
riskadj,20,7,0.1,rank,5,-0.3031219196785607,-0.4358973918824036,,-0.6823207864731585,0.45454545454545453,113.89602255871168,0.17884387351778658,3957
riskadj,20,7,0.1,rank,10,0.0010416130723478027,0.0014990672412262451,,-0.5797193281912454,0.48295454545454547,73.39214940052202,0.1152431488801054,3957
riskadj,20,7,0.1,rank,21,0.019325589375116282,0.028206520921428647,,-0.5525667287177699,0.4602272727272727,42.849505704105695,0.06728392621870884,3957
riskadj,20,7,0.1,volinv,1,-0.4866912715644916,-0.7001240297568482,,-0.8293630965706502,0.4090909090909091,313.57912583815335,0.4923938892625289,3957
riskadj,20,7,0.1,volinv,5,-0.27003315076320994,-0.38532863651684446,,-0.6517904999909185,0.4772727272727273,118.62113379041796,0.18626342317804911,3957
riskadj,20,7,0.1,volinv,10,0.08577130335278003,0.12282191244073201,,-0.5170661601271342,0.5,75.00695286752789,0.11777877480032056,3957
riskadj,20,7,0.1,volinv,21,-0.07430329380738261,-0.10727718118756772,,-0.5973603182620197,0.4318181818181818,43.04735808952603,0.06759460157152956,3957
riskadj,20,7,0.2,equal,1,-0.42279317611181244,-0.6146985686374458,,-0.7847079625325923,0.4431818181818182,199.6470053070508,0.31349333333333335,3957
riskadj,20,7,0.2,equal,5,-0.37011665938444954,-0.5395485224841121,,-0.7491315857917102,0.44886363636363635,83.5669446550417,0.13122,3957
riskadj,20,7,0.2,equal,10,-0.2930929447451773,-0.4244404806303903,,-0.7203436665755905,0.44886363636363635,57.065655799848365,0.08960666666666667,3957
riskadj,20,7,0.2,equal,21,-0.05192252400090337,-0.07533319652697491,,-0.5942301829878909,0.4943181818181818,36.81394996209249,0.057806666666666666,3957
riskadj,20,7,0.2,rank,1,-0.4254492852900884,-0.6202687961469838,,-0.7887859324552744,0.42613636363636365,213.14646662144366,0.334690701754386,3957
riskadj,20,7,0.2,rank,5,-0.3748557035379494,-0.5479942426755592,,-0.7475797903677177,0.4318181818181818,88.16860460476438,0.13844570175438597,3957
riskadj,20,7,0.2,rank,10,-0.2659598212100912,-0.38737940095689244,,-0.7032077649629245,0.4375,59.5343282390966,0.0934830701754386,3957
riskadj,20,7,0.2,rank,21,-0.05024642992061457,-0.07278055782583501,,-0.5990878162814546,0.4772727272727273,37.80156418339253,0.05935745614035087,3957
riskadj,20,7,0.2,volinv,1,-0.5273432634498073,-0.7568405321303568,,-0.8265532071622266,0.42045454545454547,230.7265206665149,0.36229557233230136,3957
riskadj,20,7,0.2,volinv,5,-0.4174649003590286,-0.6031103561987788,,-0.7588653930067825,0.4375,90.7418607970774,0.14248632665636318,3957
riskadj,20,7,0.2,volinv,10,-0.2713793648312539,-0.3912291027513494,,-0.7196860785190936,0.44886363636363635,60.85729311220128,0.09556044001784941,3957
riskadj,20,7,0.2,volinv,21,-0.16383805117600694,-0.2360815187964009,,-0.6426632939792325,0.4772727272727273,37.99704564317996,0.05966440857542185,3957
riskadj,20,7,0.3,equal,1,-0.4280509597775887,-0.6199070101696419,,-0.7909756959551157,0.44886363636363635,167.0262825372757,0.2622710317460317,3957
riskadj,20,7,0.3,equal,5,-0.2875349619902249,-0.41319191266933564,,-0.7219385791801685,0.4602272727272727,70.58984078847611,0.11084285714285713,3957
riskadj,20,7,0.3,equal,10,-0.2919216772694826,-0.4120248637163609,,-0.6918158249360021,0.4659090909090909,49.819560272934034,0.07822857142857143,3957
riskadj,20,7,0.3,equal,21,-0.09224754618818184,-0.1318933488749188,,-0.6527510518499955,0.4772727272727273,32.96588324488249,0.05176428571428571,3957
riskadj,20,7,0.3,rank,1,-0.4314633059943502,-0.6273839618170406,,-0.7950471535912375,0.4602272727272727,188.34254262736178,0.29574263538748835,3957
riskadj,20,7,0.3,rank,5,-0.3212441635813552,-0.4659398668192844,,-0.7309440931240923,0.4431818181818182,78.35047347217886,0.12302889822595706,3957
riskadj,20,7,0.3,rank,10,-0.2768779521638374,-0.3971022578838865,,-0.6901865210802756,0.44886363636363635,54.08934278791122,0.08493314659197013,3957
riskadj,20,7,0.3,rank,21,-0.07666794482603434,-0.10983020776314839,,-0.6377381622822892,0.4943181818181818,35.0041029300272,0.054964775910364146,3957
riskadj,20,7,0.3,volinv,1,-0.57773388257772,-0.8292722758439347,,-0.8430348133076985,0.45454545454545453,197.72203839535666,0.3104706769565184,3957
riskadj,20,7,0.3,volinv,5,-0.3790979501939078,-0.5340822965223818,,-0.7538215746040348,0.44886363636363635,78.87558724530075,0.12385345187684724,3957
riskadj,20,7,0.3,volinv,10,-0.3274798990059389,-0.4510123953145898,,-0.7044726577510818,0.4318181818181818,54.3379387469042,0.08532350143710313,3957
riskadj,20,7,0.3,volinv,21,-0.18359768920553188,-0.25906693659559565,,-0.6710892397663898,0.48863636363636365,34.786652693321,0.05462332726486952,3957
riskadj,30,0,0.1,equal,1,-0.6288909030735089,-0.8541445798723689,,-0.8728719259998574,0.39204545454545453,237.75587566338132,0.37333333333333335,3957
riskadj,30,0,0.1,equal,5,-0.460567036630113,-0.6336537947093455,,-0.8010775073883013,0.4034090909090909,93.40409401061409,0.14666666666666667,3957
riskadj,30,0,0.1,equal,10,-0.2466345663604353,-0.3427246905528075,,-0.7073080798273219,0.44886363636363635,63.026535253980285,0.09896666666666666,3957
riskadj,30,0,0.1,equal,21,-0.12183719639359133,-0.17858028320135017,,-0.6437647184766955,0.4659090909090909,39.229719484457924,0.061599999999999995,3957
riskadj,30,0,0.1,rank,1,-0.6277389880900901,-0.85838746017454,,-0.8708038540541613,0.38636363636363635,241.13057262808394,0.3786324110671937,3957
riskadj,30,0,0.1,rank,5,-0.45778769652444024,-0.6352728620721164,,-0.797915355684755,0.4034090909090909,94.57567267093589,0.14850632411067194,3957
riskadj,30,0,0.1,rank,10,-0.2610865003214349,-0.36486878181205057,,-0.7145900333362005,0.4602272727272727,63.771410249110744,0.1001362977602108,3957
riskadj,30,0,0.1,rank,21,-0.13249234212525698,-0.19391161626753725,,-0.6480500239155808,0.4659090909090909,39.41523552098097,0.06189130434782609,3957
riskadj,30,0,0.1,volinv,1,-0.6752250260114749,-0.9042886789402703,,-0.8812509617423909,0.42045454545454547,263.161925336937,0.4132268803802617,3957
riskadj,30,0,0.1,volinv,5,-0.479248472297621,-0.6533969541560691,,-0.8053126795035446,0.39204545454545453,99.55371258345441,0.1563230320209243,3957
riskadj,30,0,0.1,volinv,10,-0.22174341177377457,-0.30681508761303866,,-0.7164846861428998,0.48863636363636365,65.7631254089122,0.10326376477899428,3957
riskadj,30,0,0.1,volinv,21,-0.10345063789550019,-0.15026084112537022,,-0.6490283983380086,0.45454545454545453,39.971869966033154,0.06276535295856872,3957
riskadj,30,0,0.2,equal,1,-0.4363382679719203,-0.6136362174811882,,-0.7948248370217144,0.4034090909090909,164.67141774071268,0.2585733333333333,3957
riskadj,30,0,0.2,equal,5,-0.23390279388995128,-0.3316113777514401,,-0.6790021494813268,0.44886363636363635,68.59681576952237,0.10771333333333333,3957
riskadj,30,0,0.2,equal,10,-0.15341776148828815,-0.2148977013596592,,-0.6953446560874323,0.44886363636363635,48.15405610310842,0.07561333333333334,3957
riskadj,30,0,0.2,equal,21,-0.16401231968749388,-0.24774452181339376,,-0.6613130178485451,0.4602272727272727,31.44321455648218,0.04937333333333333,3957
riskadj,30,0,0.2,rank,1,-0.4694676547645345,-0.6579883343071911,,-0.8101475585616126,0.4090909090909091,176.5206655759946,0.27717947368421053,3957
riskadj,30,0,0.2,rank,5,-0.27648721274425725,-0.3922646267423521,,-0.7060546030762227,0.42045454545454547,72.68743465943098,0.11413657894736842,3957
riskadj,30,0,0.2,rank,10,-0.18126748756323235,-0.2542786186513053,,-0.7068132248189409,0.4659090909090909,50.711942859423004,0.07962982456140351,3957
riskadj,30,0,0.2,rank,21,-0.1686335753795425,-0.2532080423060132,,-0.6652836708100786,0.4772727272727273,32.62651929292526,0.05123140350877193,3957
riskadj,30,0,0.2,volinv,1,-0.46831447951616023,-0.646378146060026,,-0.8120336364121798,0.4034090909090909,194.36445779167954,0.30519847598479205,3957
riskadj,30,0,0.2,volinv,5,-0.23984335909731014,-0.3358718420463126,,-0.677280023962666,0.42613636363636365,76.72566026436999,0.12047755462940954,3957
riskadj,30,0,0.2,volinv,10,-0.13582064594395912,-0.18882373629051416,,-0.6971899520893321,0.4375,52.57125869243555,0.08254939311347916,3957
riskadj,30,0,0.2,volinv,21,-0.14424491283207846,-0.21646953220010579,,-0.6586279300321435,0.45454545454545453,33.167752958591656,0.052081269229026644,3957
riskadj,30,0,0.3,equal,1,-0.4210229629275021,-0.5873348832412294,,-0.7847774518666147,0.38636363636363635,138.82031842304775,0.2179809523809524,3957
riskadj,30,0,0.3,equal,5,-0.3515369217685482,-0.4934956914241844,,-0.7274013318049375,0.3977272727272727,60.00985595147839,0.0942297619047619,3957
riskadj,30,0,0.3,equal,10,-0.21361083920959828,-0.3008912127392599,,-0.675315117848529,0.4602272727272727,41.388931008339654,0.0649904761904762,3957
riskadj,30,0,0.3,equal,21,-0.2302015218415032,-0.35157648338369063,,-0.6789864187031593,0.44886363636363635,28.34647460197119,0.04451071428571429,3957
riskadj,30,0,0.3,rank,1,-0.4552651216634424,-0.6363950247640591,,-0.8033275028198269,0.39204545454545453,156.74589335355068,0.24612837301587304,3957
riskadj,30,0,0.3,rank,5,-0.3534848450938776,-0.4982923936736589,,-0.7368181811270013,0.4034090909090909,66.1088688697617,0.10380666433239963,3957
riskadj,30,0,0.3,rank,10,-0.21961976310991063,-0.30976660323880595,,-0.6902991429618625,0.44886363636363635,45.64103821968515,0.0716672969187675,3957
riskadj,30,0,0.3,rank,21,-0.21061120097019825,-0.31967671702170636,,-0.6635044882410908,0.4602272727272727,30.322667201831454,0.04761380718954249,3957
riskadj,30,0,0.3,volinv,1,-0.5069734194394494,-0.6912124779056674,,-0.8217594126679935,0.39204545454545453,168.2060511284889,0.26412354933152005,3957
riskadj,30,0,0.3,volinv,5,-0.36885610261302204,-0.5071287051207656,,-0.7344636580115754,0.4090909090909091,69.06206013221313,0.10844387775522513,3957
riskadj,30,0,0.3,volinv,10,-0.22458042946539425,-0.3077020444666017,,-0.6883942467295434,0.4715909090909091,46.52667868925429,0.07305796332276954,3957
riskadj,30,0,0.3,volinv,21,-0.24476531263625578,-0.37300883313187355,,-0.6861329813379679,0.4375,30.506958905024224,0.04790318904253209,3957
riskadj,30,2,0.1,equal,1,-0.5775176852100573,-0.8180812165858544,,-0.8490470812470323,0.3977272727272727,237.56482183472326,0.37303333333333333,3957
riskadj,30,2,0.1,equal,5,-0.22934586221102887,-0.3315753069524598,,-0.6659238786964612,0.4659090909090909,92.4275966641395,0.14513333333333334,3957
riskadj,30,2,0.1,equal,10,-0.2489985603530135,-0.3560289989018017,,-0.6535571065848218,0.45454545454545453,63.09021986353297,0.09906666666666666,3957
riskadj,30,2,0.1,equal,21,-0.14816293468110978,-0.22336539141876305,,-0.6608245965642255,0.48863636363636365,38.40181956027293,0.0603,3957
riskadj,30,2,0.1,rank,1,-0.5653488203248167,-0.8025048690672284,,-0.845249054493017,0.4034090909090909,240.92554846017617,0.37831047430830045,3957
riskadj,30,2,0.1,rank,5,-0.2418520707435727,-0.3491742012567442,,-0.6724046889343691,0.44886363636363635,93.59640642839378,0.14696864295125167,3957
riskadj,30,2,0.1,rank,10,-0.25543635627662153,-0.36472634182655905,,-0.6605530240571382,0.45454545454545453,63.67160413176829,0.09997957839262187,3957
riskadj,30,2,0.1,rank,21,-0.1520631063880257,-0.22906201313220126,,-0.6612644775957507,0.48863636363636365,38.64443358994567,0.060680961791831356,3957
riskadj,30,2,0.1,volinv,1,-0.5893993407274671,-0.8200107996814829,,-0.8492571081576711,0.39204545454545453,262.7199372444181,0.412532853839747,3957
riskadj,30,2,0.1,volinv,5,-0.2359046141737043,-0.33581361111599434,,-0.6603365857900501,0.45454545454545453,99.19974280726524,0.15576721519378917,3957
riskadj,30,2,0.1,volinv,10,-0.23498483570289141,-0.3338267851467087,,-0.6486167667475911,0.4659090909090909,65.95460422024411,0.10356443210297855,3957
riskadj,30,2,0.1,volinv,21,-0.11210558933212518,-0.16864292983858423,,-0.6318622960832254,0.4772727272727273,39.338053345937226,0.061770109956299044,3957
riskadj,30,2,0.2,equal,1,-0.4618272364523007,-0.6490390474959526,,-0.7803320558561436,0.42045454545454547,164.57801364670203,0.25842666666666664,3957
riskadj,30,2,0.2,equal,5,-0.21383717054173682,-0.3137615694899331,,-0.6679463444045066,0.4772727272727273,69.60727824109173,0.10930000000000001,3957
riskadj,30,2,0.2,equal,10,-0.1757979592539341,-0.2552627342816768,,-0.7179761127666342,0.4602272727272727,48.18377558756633,0.07566,3957
riskadj,30,2,0.2,equal,21,-0.4736127231618638,-0.7019551364340162,,-0.7705183081702214,0.45454545454545453,32.309325246398785,0.05073333333333334,3957
riskadj,30,2,0.2,rank,1,-0.46850555007907957,-0.6593312802044112,,-0.7854920418143071,0.42613636363636365,176.41653565300666,0.2770159649122807,3957
riskadj,30,2,0.2,rank,5,-0.22090086024090358,-0.32391095772972084,,-0.671682282789861,0.4659090909090909,73.46137025657396,0.11535184210526316,3957
riskadj,30,2,0.2,rank,10,-0.17954714172999914,-0.2606188208041891,,-0.7090073200495466,0.4659090909090909,50.60474043334265,0.07946149122807017,3957
riskadj,30,2,0.2,rank,21,-0.428119461764703,-0.6358892943514184,,-0.759979612537222,0.4602272727272727,33.34805474641873,0.05236438596491228,3957
riskadj,30,2,0.2,volinv,1,-0.5092348328429075,-0.7092489824155045,,-0.7985584998684079,0.4034090909090909,194.78636381441862,0.30586096889430736,3957
riskadj,30,2,0.2,volinv,5,-0.24512173721730376,-0.3588225364371664,,-0.6846199700096978,0.44886363636363635,77.8184463090231,0.1221934889066684,3957
riskadj,30,2,0.2,volinv,10,-0.16088602941460398,-0.23425027648512015,,-0.7129938025562327,0.4602272727272727,52.454466299133436,0.08236600124828214,3957
riskadj,30,2,0.2,volinv,21,-0.4225020056830458,-0.6249036295485654,,-0.7517639949522765,0.44886363636363635,33.99044273137829,0.05337308805081901,3957
riskadj,30,2,0.3,equal,1,-0.4890403534460665,-0.6834410320457905,,-0.8009424805927157,0.4147727272727273,138.78620166793024,0.21792738095238096,3957
riskadj,30,2,0.3,equal,5,-0.22790549775003957,-0.32236494660024656,,-0.6466633108018892,0.4375,59.47687642153146,0.09339285714285714,3957
riskadj,30,2,0.3,equal,10,-0.22607673406320217,-0.3216620904815202,,-0.7195550480907679,0.4375,41.52918877937831,0.06521071428571429,3957
riskadj,30,2,0.3,equal,21,-0.4812884917193945,-0.7076802432787366,,-0.792725644343244,0.4375,28.435178165276724,0.044649999999999995,3957
riskadj,30,2,0.3,rank,1,-0.4968784705931687,-0.6951336913824168,,-0.8022897035831053,0.4090909090909091,156.6888314082267,0.24603877217553688,3957
riskadj,30,2,0.3,rank,5,-0.2470231636341679,-0.35378603434305433,,-0.6618559643146287,0.4659090909090909,65.83424757317637,0.10337544351073763,3957
riskadj,30,2,0.3,rank,10,-0.22539745097999436,-0.3236312162341502,,-0.7124249379937954,0.4602272727272727,45.70095437720198,0.07176137955182073,3957
riskadj,30,2,0.3,rank,21,-0.4410724024117499,-0.6518184390150066,,-0.779474619212947,0.44886363636363635,30.53309845545496,0.04794423436041083,3957
riskadj,30,2,0.3,volinv,1,-0.5395925614288226,-0.7407631602249564,,-0.8224099502764309,0.4147727272727273,168.50629053376093,0.2645949966833698,3957
riskadj,30,2,0.3,volinv,5,-0.2946987669345918,-0.4086695703651195,,-0.6764191375564206,0.4602272727272727,68.55091872764547,0.10764126404971947,3957
riskadj,30,2,0.3,volinv,10,-0.2537421346445984,-0.3561666830247973,,-0.7311200550389727,0.4602272727272727,46.32572389265257,0.07274241644572468,3957
riskadj,30,2,0.3,volinv,21,-0.4828569346616426,-0.7061603540136678,,-0.7935839668624233,0.4318181818181818,30.562540390696444,0.04799046520872454,3957
riskadj,30,7,0.1,equal,1,-0.45641281207237266,-0.6725271727239819,,-0.7902180181521218,0.4431818181818182,237.05534495830173,0.37223333333333336,3957
riskadj,30,7,0.1,equal,5,-0.05361143726311331,-0.08067906425074088,,-0.6069466825815133,0.4943181818181818,92.25777103866565,0.14486666666666664,3957
riskadj,30,7,0.1,equal,10,-0.09604950770462015,-0.14137754412368458,,-0.694979959751727,0.5284090909090909,61.45564821834723,0.0965,3957
riskadj,30,7,0.1,equal,21,-0.07783849396684377,-0.11312543394881791,,-0.7016597019285762,0.48295454545454547,39.399545109931765,0.06186666666666666,3957
riskadj,30,7,0.1,rank,1,-0.47054139912679765,-0.6932122774028696,,-0.7949891220508533,0.4431818181818182,240.4028983509486,0.37748978919631093,3957
riskadj,30,7,0.1,rank,5,-0.0580661871225649,-0.08733661417778753,,-0.6147952001606334,0.4943181818181818,93.42658080291993,0.14670197628458498,3957
riskadj,30,7,0.1,rank,10,-0.10922009405125013,-0.16054417456256814,,-0.7024767883692917,0.5170454545454546,62.135747826686284,0.09756791831357049,3957
riskadj,30,7,0.1,rank,21,-0.08068056932420042,-0.11739122382236458,,-0.7017962498310686,0.48295454545454547,39.60301701792291,0.062186166007905136,3957
riskadj,30,7,0.1,volinv,1,-0.4467581841530314,-0.6636988768199329,,-0.7806695080719994,0.4715909090909091,263.16053415389,0.413224695891644,3957
riskadj,30,7,0.1,volinv,5,-0.057343833783894606,-0.08633941958732681,,-0.6008931638645225,0.4943181818181818,99.16549215145366,0.15571343350924688,3957
riskadj,30,7,0.1,volinv,10,-0.08756699506690767,-0.12862706354852693,,-0.6973436405201928,0.5113636363636364,64.37162657229311,0.10107878029625549,3957
riskadj,30,7,0.1,volinv,21,-0.1140548312909522,-0.1654419584353085,,-0.7182477449407723,0.4659090909090909,40.10315751587576,0.06297150567076207,3957
riskadj,30,7,0.2,equal,1,-0.2922166017372068,-0.4351009104144226,,-0.72159755609173,0.4431818181818182,164.34874905231237,0.25806666666666667,3957
riskadj,30,7,0.2,equal,5,0.006945113687051127,0.010235345475114172,,-0.5530414468835161,0.48295454545454547,69.56057619408642,0.10922666666666667,3957
riskadj,30,7,0.2,equal,10,-0.016260816593016827,-0.02391233439294382,,-0.6300376632085095,0.5227272727272727,47.85261561789234,0.07514,3957
riskadj,30,7,0.2,equal,21,0.045723541242576105,0.07012582653729976,,-0.6394475825122048,0.4943181818181818,31.659742228961335,0.04971333333333333,3957
riskadj,30,7,0.2,rank,1,-0.3311318791955827,-0.490346014624708,,-0.7430412012520453,0.45454545454545453,176.1520769322852,0.276600701754386,3957
riskadj,30,7,0.2,rank,5,0.005704735542974221,0.008415342680643964,,-0.5639099087342682,0.4659090909090909,73.3980766928694,0.11525245614035087,3957
riskadj,30,7,0.2,rank,10,-0.03307990235592221,-0.04851796642950943,,-0.6528841676374493,0.5113636363636364,50.123418857986515,0.07870570175438596,3957
riskadj,30,7,0.2,rank,21,0.03560301954525289,0.05442298856551432,,-0.6486015062609182,0.48863636363636365,32.89729061090938,0.05165657894736842,3957
riskadj,30,7,0.2,volinv,1,-0.3618831387501177,-0.5355989288823328,,-0.7371005962217477,0.4375,196.13301845540863,0.30797553731271904,3957
riskadj,30,7,0.2,volinv,5,0.0071254479001169576,0.01040658854826014,,-0.516591568997577,0.48863636363636365,77.97655171297068,0.1224417520350099,3957
riskadj,30,7,0.2,volinv,10,0.011710520682598109,0.017090924929951505,,-0.5969468469299808,0.5284090909090909,52.35162159527276,0.08220451057638664,3957
riskadj,30,7,0.2,volinv,21,0.11391854927009505,0.17864766099661913,,-0.5946961156423711,0.4772727272727273,33.45736367916038,0.05253602701525303,3957
riskadj,30,7,0.3,equal,1,-0.34171612455004396,-0.5120801505859818,,-0.770646620046324,0.4659090909090909,138.63381349507202,0.2176880952380952,3957
riskadj,30,7,0.3,equal,5,-0.08503539830283127,-0.12226193821089042,,-0.6149002160986605,0.4318181818181818,59.44275966641395,0.09333928571428571,3957
riskadj,30,7,0.3,equal,10,-0.11650565119435952,-0.16669533272265805,,-0.5997710033494377,0.4715909090909091,40.58301743745262,0.06372499999999999,3957
riskadj,30,7,0.3,equal,21,0.056998234853331074,0.08525305465526106,,-0.6036888407317939,0.4659090909090909,27.87338893100834,0.04376785714285714,3957
riskadj,30,7,0.3,rank,1,-0.36550677510606755,-0.5459678741856157,,-0.7757795704549402,0.4659090909090909,156.48584786454384,0.2457200396825397,3957
riskadj,30,7,0.3,rank,5,-0.05682519190372404,-0.08331181044996522,,-0.5988613457063658,0.45454545454545453,65.78323596307362,0.1032953431372549,3957
riskadj,30,7,0.3,rank,10,-0.10096764461272666,-0.14665335046484168,,-0.6367501612499784,0.5113636363636364,44.7436189032095,0.07025813492063493,3957
riskadj,30,7,0.3,rank,21,0.034977282704467164,0.05248276294661632,,-0.627456825648378,0.48863636363636365,30.10399292393227,0.04727043650793651,3957
riskadj,30,7,0.3,volinv,1,-0.410958605825632,-0.6107520453110278,,-0.7771472817329563,0.4431818181818182,169.37614080325383,0.26596086871368074,3957
riskadj,30,7,0.3,volinv,5,-0.09130058285154376,-0.12878999830343774,,-0.6014052354348154,0.44886363636363635,68.4080871797783,0.10741698451205667,3957
riskadj,30,7,0.3,volinv,10,-0.07439613493165508,-0.10424339562742882,,-0.5734007434544055,0.5170454545454546,45.61897622572766,0.07163265433539855,3957
riskadj,30,7,0.3,volinv,21,0.09534236528860193,0.14599374550928454,,-0.5596304084380952,0.48295454545454547,30.048997422717665,0.04718408047686262,3957
riskadj,45,0,0.1,equal,1,-0.259080783384375,-0.37589913045518847,,-0.6933466980330398,0.4659090909090909,204.00303260045487,0.32033333333333336,3957
riskadj,45,0,0.1,equal,5,-0.2975590968421029,-0.43259646187973344,,-0.7420986081152234,0.44886363636363635,81.13419257012889,0.12739999999999999,3957
riskadj,45,0,0.1,equal,10,-0.09104803865813914,-0.133405156842568,,-0.6735302184358026,0.4602272727272727,52.66717210007582,0.08269999999999998,3957
riskadj,45,0,0.1,equal,21,-0.04186689804381301,-0.06140105421697849,,-0.6142432731184577,0.4375,33.47687642153146,0.052566666666666664,3957
riskadj,45,0,0.1,rank,1,-0.2763542615902556,-0.400205000096078,,-0.7083919142457092,0.4659090909090909,206.87630765911413,0.3248450592885376,3957
riskadj,45,0,0.1,rank,5,-0.31204040769313124,-0.4532298956650137,,-0.7520774899400976,0.4659090909090909,82.30560341856778,0.12923939393939393,3957
riskadj,45,0,0.1,rank,10,-0.112701668391041,-0.16485970411924353,,-0.6870110378143838,0.4431818181818182,53.37521238691427,0.08381179183135704,3957
riskadj,45,0,0.1,rank,21,-0.05125468850363325,-0.0751269922604925,,-0.617463417615695,0.4375,33.76857542694639,0.05302470355731225,3957
riskadj,45,0,0.1,volinv,1,-0.302661262151862,-0.43792387355573975,,-0.7127641817341279,0.45454545454545453,229.05304925334693,0.35966782376805306,3957
riskadj,45,0,0.1,volinv,5,-0.2606505042377052,-0.3778690767666605,,-0.7107607619845178,0.4659090909090909,87.75650507159361,0.1377986073683714,3957
riskadj,45,0,0.1,volinv,10,-0.07417325085479842,-0.10854030574462399,,-0.6623581482573877,0.4431818181818182,55.83428236333374,0.08767311718718715,3957
riskadj,45,0,0.1,volinv,21,-0.03846816038523416,-0.05599868364275828,,-0.6240900448791449,0.4318181818181818,34.59070468791428,0.05431564224209398,3957
riskadj,45,0,0.2,equal,1,-0.2773096805939294,-0.4105881858751708,,-0.6939604278441558,0.45454545454545453,137.94935557240333,0.21661333333333335,3957
riskadj,45,0,0.2,equal,5,-0.22754641422321173,-0.33559906090321023,,-0.6915516343693412,0.4602272727272727,57.75344958301743,0.09068666666666667,3957
riskadj,45,0,0.2,equal,10,-0.17011443296110282,-0.2511680167799899,,-0.661187349767214,0.45454545454545453,39.21273692191054,0.061573333333333334,3957
riskadj,45,0,0.2,equal,21,-0.10114070182837047,-0.15054416602241835,,-0.6394600804141388,0.4431818181818182,26.51827141774071,0.041639999999999996,3957
riskadj,45,0,0.2,rank,1,-0.29281708103127513,-0.43217555787095757,,-0.7160598750900666,0.4375,148.30559035952277,0.2328750877192983,3957
riskadj,45,0,0.2,rank,5,-0.2586148129477854,-0.38123165185668734,,-0.7180854900009404,0.45454545454545453,61.55134272375404,0.09665026315789474,3957
riskadj,45,0,0.2,rank,10,-0.17400774944417946,-0.2573829969807786,,-0.674955674488722,0.4715909090909091,41.50482422888153,0.06517245614035089,3957
riskadj,45,0,0.2,rank,21,-0.10980954625950004,-0.163062555098902,,-0.647715058845015,0.4431818181818182,27.66649375523722,0.04344298245614035,3957
riskadj,45,0,0.2,volinv,1,-0.32945178661866853,-0.4838388903149902,,-0.7025498550215524,0.4602272727272727,167.6407485113107,0.2632358896266891,3957
riskadj,45,0,0.2,volinv,5,-0.20478580296718152,-0.3005368547256118,,-0.6703782616405627,0.4602272727272727,67.24305000569487,0.10558759875894227,3957
riskadj,45,0,0.2,volinv,10,-0.18685275323629316,-0.2728264536977676,,-0.6656302306863926,0.4375,44.399251490924954,0.06971739609110716,3957
riskadj,45,0,0.2,volinv,21,-0.10692624333972772,-0.1697215842931217,,-0.6974960637276669,0.4318181818181818,28.921554756778672,0.04541372705260842,3957
riskadj,45,0,0.3,equal,1,-0.30390301976793477,-0.43587882857905297,,-0.7082469934927732,0.4318181818181818,114.2160727824109,0.17934642857142857,3957
riskadj,45,0,0.3,equal,5,-0.3150651889439888,-0.4498454417163463,,-0.7140654197038867,0.4602272727272727,48.677786201667935,0.07643571428571427,3957
riskadj,45,0,0.3,equal,10,-0.3113084654476233,-0.44690914303336027,,-0.7084131491793846,0.4318181818181818,33.72100075815011,0.05295,3957
riskadj,45,0,0.3,equal,21,-0.12583689411814222,-0.18586897662844515,,-0.595473182783761,0.4147727272727273,22.917361637604245,0.03598571428571429,3957
riskadj,45,0,0.3,rank,1,-0.3179081640510543,-0.4622364250623776,,-0.7301476256144299,0.4431818181818182,130.23507856516375,0.20450008169934641,3957
riskadj,45,0,0.3,rank,5,-0.31698391217174127,-0.45982212048996257,,-0.7346063130217801,0.44886363636363635,54.63861511245893,0.08579563492063491,3957
riskadj,45,0,0.3,rank,10,-0.2801484358946985,-0.4073199619855812,,-0.7000916308463904,0.4431818181818182,37.36067133449286,0.05866514939309057,3957
riskadj,45,0,0.3,rank,21,-0.12313636434175208,-0.18234978393173618,,-0.6198709897638366,0.4090909090909091,24.993652351008635,0.03924598506069095,3957
riskadj,45,0,0.3,volinv,1,-0.3653229973198999,-0.5196989599724371,,-0.7353133301094162,0.4659090909090909,144.35517606473326,0.22667199670164662,3957
riskadj,45,0,0.3,volinv,5,-0.3307697029010203,-0.46573310449565336,,-0.7228475600802873,0.4602272727272727,58.293914904155,0.09153532590307197,3957
riskadj,45,0,0.3,volinv,10,-0.3344158298983435,-0.47185975049737333,,-0.7257716224831212,0.4318181818181818,39.2091011035388,0.061567624232818655,3957
riskadj,45,0,0.3,volinv,21,-0.09912871492499674,-0.15479395700995946,,-0.6286469276208935,0.4090909090909091,25.698313382013815,0.04035247065580502,3957
riskadj,45,2,0.1,equal,1,-0.3704426335145778,-0.5332193043438608,,-0.8122878899922361,0.45454545454545453,203.91811978771796,0.32020000000000004,3957
riskadj,45,2,0.1,equal,5,-0.18990928392660075,-0.27943935703936706,,-0.7784309308961879,0.4602272727272727,80.60348749052311,0.12656666666666666,3957
riskadj,45,2,0.1,equal,10,-0.1591219525316987,-0.22916290095914305,,-0.7416222651514783,0.48863636363636365,53.240333586050035,0.0836,3957
riskadj,45,2,0.1,equal,21,-0.27039037121594495,-0.3882803316225353,,-0.7199781230393694,0.42045454545454547,34.11372251705838,0.053566666666666665,3957
riskadj,45,2,0.1,rank,1,-0.388751593624667,-0.5590451180618116,,-0.8182930844701455,0.4431818181818182,206.7856053364179,0.3247026350461133,3957
riskadj,45,2,0.1,rank,5,-0.21085227403333962,-0.31013662103827244,,-0.7869471728293633,0.45454545454545453,81.8643840255074,0.1285465744400527,3957
riskadj,45,2,0.1,rank,10,-0.17388526486093644,-0.25099008116655525,,-0.7474261917046425,0.48295454545454547,53.95882016259773,0.08472819499341239,3957
riskadj,45,2,0.1,rank,21,-0.2789290305064824,-0.40019130595031954,,-0.7286175892222965,0.4147727272727273,34.37957849250989,0.05398412384716733,3957
riskadj,45,2,0.1,volinv,1,-0.39726501392804997,-0.5658410702756115,,-0.8288764283514418,0.4375,229.14599341051397,0.3598137682243666,3957
riskadj,45,2,0.1,volinv,5,-0.1604509465239583,-0.23571120183716934,,-0.7614573107968823,0.4715909090909091,87.4959347748672,0.13738944996196406,3957
riskadj,45,2,0.1,volinv,10,-0.14023333529707271,-0.20153807677654353,,-0.7390666950991327,0.5,56.39374802103476,0.08855161147588672,3957
riskadj,45,2,0.1,volinv,21,-0.29700385241780497,-0.4226494214652876,,-0.7484982246814587,0.4431818181818182,35.455712447519204,0.055673910378902174,3957
riskadj,45,2,0.2,equal,1,-0.30882926176897785,-0.4522059010605001,,-0.7519082143854683,0.4431818181818182,137.85595147839274,0.2164666666666667,3957
riskadj,45,2,0.2,equal,5,-0.07550748840600742,-0.113812462915679,,-0.6996431521484812,0.4375,56.934040940106144,0.08940000000000001,3957
riskadj,45,2,0.2,equal,10,-0.07094683139369079,-0.10547003568481805,,-0.6596629994929215,0.4943181818181818,39.51417740712661,0.06204666666666667,3957
riskadj,45,2,0.2,equal,21,-0.2908839147991207,-0.42468342119915053,,-0.6957208851330623,0.42613636363636365,26.543745261561785,0.04168,3957
riskadj,45,2,0.2,rank,1,-0.33902057624876875,-0.49585859793542675,,-0.7772931820085704,0.44886363636363635,148.21486772275645,0.23273263157894739,3957
riskadj,45,2,0.2,rank,5,-0.11443106351741314,-0.17166843899050446,,-0.7274527244465231,0.4375,60.78137344878497,0.09544122807017544,3957
riskadj,45,2,0.2,rank,10,-0.08918993885789979,-0.13224290669511707,,-0.6814348214105019,0.48863636363636365,41.79961693467938,0.06563535087719298,3957
riskadj,45,2,0.2,rank,21,-0.29457682186056955,-0.4299308608340531,,-0.7024882437580415,0.42613636363636365,27.724256813375362,0.043533684210526315,3957
riskadj,45,2,0.2,volinv,1,-0.3573924087832081,-0.5213404994641027,,-0.7592230503574416,0.42613636363636365,167.87053064470052,0.26359670228614285,3957
riskadj,45,2,0.2,volinv,5,-0.023521409489624168,-0.03611968954918299,,-0.7028180200974712,0.4659090909090909,66.40861099271838,0.10427733083261374,3957
riskadj,45,2,0.2,volinv,10,-0.07858070665680712,-0.11888535454163249,,-0.6830685251505895,0.4715909090909091,44.79704351992521,0.07034202428902542,3957
riskadj,45,2,0.2,volinv,21,-0.30598546212710714,-0.4477291611194086,,-0.7180224644583519,0.42045454545454547,28.997334345129396,0.045532719049078185,3957
riskadj,45,2,0.3,equal,1,-0.3560814905602137,-0.5046469923458102,,-0.7621443064883934,0.4318181818181818,114.15011372251703,0.17924285714285715,3957
riskadj,45,2,0.3,equal,5,-0.20170455018847433,-0.29822676878197507,,-0.7151315672835743,0.44886363636363635,48.68233510235026,0.07644285714285715,3957
riskadj,45,2,0.3,equal,10,-0.14964273024275315,-0.22203299051752273,,-0.6800593639750423,0.4772727272727273,33.61410159211524,0.052782142857142854,3957
riskadj,45,2,0.3,equal,21,-0.24453020209052365,-0.35867301118122374,,-0.6600637592738052,0.42045454545454547,22.92191053828658,0.035992857142857146,3957
riskadj,45,2,0.3,rank,1,-0.36463632092686377,-0.5249576169482517,,-0.7825312218227466,0.45454545454545453,130.16749171237865,0.204393954248366,3957
riskadj,45,2,0.3,rank,5,-0.1919529769725554,-0.2849232133141501,,-0.7351676990484124,0.45454545454545453,54.50397657167491,0.08558422035480859,3957
riskadj,45,2,0.3,rank,10,-0.1487749174847708,-0.22062873290994026,,-0.6982706942682008,0.4772727272727273,37.34893487341867,0.05864672035480859,3957
riskadj,45,2,0.3,rank,21,-0.25730517130772274,-0.3758675272474081,,-0.681757206162533,0.42045454545454547,25.06466574499398,0.03935749299719887,3957
riskadj,45,2,0.3,volinv,1,-0.39460894854802614,-0.5539650940159608,,-0.7718312911246686,0.4318181818181818,144.49701779777334,0.22689472199436075,3957
riskadj,45,2,0.3,volinv,5,-0.1502240039649425,-0.22606376779076068,,-0.7162769828301343,0.45454545454545453,58.73316895458426,0.09222505934654363,3957
riskadj,45,2,0.3,volinv,10,-0.145955288886106,-0.22138679506375353,,-0.6948073773655752,0.45454545454545453,39.287704429422206,0.061691050169533204,3957
riskadj,45,2,0.3,volinv,21,-0.2445908689426676,-0.37501167489727716,,-0.709408582447115,0.4318181818181818,25.763457161733147,0.04045476190038812,3957
riskadj,45,7,0.1,equal,1,-0.21108016934544088,-0.3104098297205782,,-0.8062498999738837,0.5,203.59969673995448,0.31970000000000004,3957
riskadj,45,7,0.1,equal,5,-0.13529365359873766,-0.19901010991694157,,-0.7562442119099348,0.48863636363636365,80.49734647460197,0.12639999999999998,3957
riskadj,45,7,0.1,equal,10,-0.3391220994234347,-0.48631358873741004,,-0.8087152995119775,0.4943181818181818,52.96436694465504,0.08316666666666667,3957
riskadj,45,7,0.1,equal,21,-0.23393721934810752,-0.3293773312580706,,-0.7578008646127414,0.4375,33.62547384382108,0.05279999999999999,3957
riskadj,45,7,0.1,rank,1,-0.21597631907211862,-0.3182802046184158,,-0.808934415767143,0.4943181818181818,206.4584980237154,0.3241889986824769,3957
riskadj,45,7,0.1,rank,5,-0.1402556941001078,-0.20613390772749174,,-0.759612420358629,0.4715909090909091,81.75534825460659,0.12837536231884059,3957
riskadj,45,7,0.1,rank,10,-0.34536125587912575,-0.4941347369708802,,-0.8125810829550604,0.5113636363636364,53.63120941424663,0.08421376811594203,3957
riskadj,45,7,0.1,rank,21,-0.24003037969113167,-0.3377403421753246,,-0.7612959316752625,0.4318181818181818,33.91058623283299,0.053247694334650854,3957
riskadj,45,7,0.1,volinv,1,-0.23942769244100176,-0.35119254086622353,,-0.823864209701814,0.48863636363636365,229.74140454376462,0.36074870546812565,3957
riskadj,45,7,0.1,volinv,5,-0.1536997507379156,-0.2247528320006325,,-0.7667746124823078,0.4715909090909091,87.59167159986823,0.13753977957169786,3957
riskadj,45,7,0.1,volinv,10,-0.3598320083959851,-0.5141346282478026,,-0.8140419276050808,0.4659090909090909,56.72036291106077,0.08906447461867756,3957
riskadj,45,7,0.1,volinv,21,-0.27508632927200155,-0.3834552510728416,,-0.786731746472871,0.4375,34.74598111430382,0.054559463202103246,3957
riskadj,45,7,0.2,equal,1,-0.1734225947801325,-0.2606831572102952,,-0.7453285447657589,0.48295454545454547,137.55451099317665,0.21599333333333337,3957
riskadj,45,7,0.2,equal,5,-0.0319236087110708,-0.04746377183916185,,-0.6780287254838151,0.5056818181818182,56.88733889310083,0.08932666666666667,3957
riskadj,45,7,0.2,equal,10,-0.3001734178471411,-0.4319552754777262,,-0.7818556039818734,0.48295454545454547,39.628809704321455,0.062226666666666666,3957
riskadj,45,7,0.2,equal,21,-0.1798971772808497,-0.25820947383388365,,-0.7106174417399258,0.4659090909090909,26.191357088703562,0.041126666666666666,3957
riskadj,45,7,0.2,rank,1,-0.19085153132314123,-0.28602567863508416,,-0.7691568085945937,0.48863636363636365,147.89839990423368,0.23223570175438596,3957
riskadj,45,7,0.2,rank,5,-0.048661023656110504,-0.07228380436151033,,-0.6985501636613348,0.5,60.7288057140577,0.09535868421052632,3957
riskadj,45,7,0.2,rank,10,-0.3157990228917474,-0.4529683089491457,,-0.7934549467091291,0.48295454545454547,41.8581062208212,0.06572719298245613,3957
riskadj,45,7,0.2,rank,21,-0.2121580902054807,-0.3031832358324648,,-0.7377321783241075,0.4602272727272727,27.399856350504766,0.04302429824561403,3957
riskadj,45,7,0.2,volinv,1,-0.20420963338261214,-0.313941545189602,,-0.7777225961706816,0.48295454545454547,168.3475985454935,0.2643458124779832,3957
riskadj,45,7,0.2,volinv,5,-0.03980200091784966,-0.06059892220000273,,-0.6953090693319743,0.5170454545454546,66.30748756313461,0.10411854297116019,3957
riskadj,45,7,0.2,volinv,10,-0.2653434149213298,-0.39441891301973686,,-0.7899947504546088,0.48863636363636365,45.03617753999089,0.07071752163719999,3957
riskadj,45,7,0.2,volinv,21,-0.20033692643880263,-0.30176731308329524,,-0.7495420030831064,0.44886363636363635,28.546378419600092,0.04482461087553871,3957
riskadj,45,7,0.3,equal,1,-0.2542479419044639,-0.37809663278336536,,-0.7537885800207134,0.44886363636363635,113.87945413191811,0.17881785714285714,3957
riskadj,45,7,0.3,equal,5,-0.03902495289074526,-0.05850812567184227,,-0.6168515653263064,0.4772727272727273,48.632297194844575,0.07636428571428572,3957
riskadj,45,7,0.3,equal,10,-0.2277091471375123,-0.33489426432122366,,-0.7436251130503708,0.48295454545454547,33.50720242608036,0.05261428571428571,3957
riskadj,45,7,0.3,equal,21,-0.22344537343512286,-0.3230392218926505,,-0.7440099471886839,0.4715909090909091,23.308567096285064,0.036599999999999994,3957
riskadj,45,7,0.3,rank,1,-0.2482545157276867,-0.3699262444393854,,-0.7771841687127423,0.4715909090909091,129.8741693796548,0.20393336834733894,3957
riskadj,45,7,0.3,rank,5,-0.05343305216902184,-0.07982718840709196,,-0.6647132937057935,0.4772727272727273,54.44928570366736,0.08549834267040149,3957
riskadj,45,7,0.3,rank,10,-0.26887775820043713,-0.39171281327760027,,-0.7738714925622538,0.48863636363636365,37.29292839197848,0.05855877684407096,3957
riskadj,45,7,0.3,rank,21,-0.23689212254092287,-0.3406014093731289,,-0.7552600444188722,0.4715909090909091,25.257607516092104,0.03966045751633987,3957
riskadj,45,7,0.3,volinv,1,-0.2736150676563277,-0.41828755276395274,,-0.7653240021472578,0.4375,144.45773435845078,0.22683303764142448,3957
riskadj,45,7,0.3,volinv,5,-0.06193546166607224,-0.09533244521775712,,-0.6405201072796352,0.48295454545454547,58.5869037887021,0.09199538821106915,3957
riskadj,45,7,0.3,volinv,10,-0.20659630275035762,-0.31417226670461423,,-0.736169873523921,0.4715909090909091,39.28126032833121,0.061680931396510555,3957
riskadj,45,7,0.3,volinv,21,-0.22587777183292984,-0.3449790080797601,,-0.7641907201707245,0.45454545454545453,25.80733515203248,0.040523660792298626,3957
riskadj,60,0,0.1,equal,1,-0.21156940578744732,-0.30198839059222055,,-0.7310474798944132,0.4318181818181818,174.45337376800603,0.27393333333333336,3957
riskadj,60,0,0.1,equal,5,-0.08862752848350754,-0.12687910625817533,,-0.6620765310258754,0.4659090909090909,67.86656557998482,0.10656666666666667,3957
riskadj,60,0,0.1,equal,10,-0.18905645170240706,-0.2670360594361218,,-0.7155395399580223,0.4659090909090909,47.33889310083396,0.07433333333333332,3957
riskadj,60,0,0.1,equal,21,-0.11052405454263002,-0.15700073689808455,,-0.625307351509683,0.4602272727272727,30.207733131159966,0.047433333333333334,3957
riskadj,60,0,0.1,rank,1,-0.2210332505552397,-0.3151202780011275,,-0.737929245244619,0.4318181818181818,177.4556961645995,0.27864769433465086,3957
riskadj,60,0,0.1,rank,5,-0.08718197371530652,-0.12492457336179276,,-0.6582966192783931,0.4659090909090909,69.11554747128469,0.10852786561264822,3957
riskadj,60,0,0.1,rank,10,-0.1922243317372771,-0.271180470008747,,-0.7115506761320042,0.4659090909090909,48.05922560809332,0.07546442687747036,3957
riskadj,60,0,0.1,rank,21,-0.10301377011470701,-0.14632926114054232,,-0.6210864603387293,0.45454545454545453,30.571591246212996,0.04800467720685112,3957
riskadj,60,0,0.1,volinv,1,-0.27810090754954453,-0.39548433679587686,,-0.7702363217225427,0.4375,199.53366255020669,0.31331535821871737,3957
riskadj,60,0,0.1,volinv,5,-0.11798363007852766,-0.16859708129752607,,-0.6767515190649871,0.4602272727272727,76.12022781882573,0.11952688153932275,3957
riskadj,60,0,0.1,volinv,10,-0.2302071196382501,-0.3253900308003285,,-0.7503979054214016,0.4772727272727273,51.58535377310007,0.08100128765085594,3957
riskadj,60,0,0.1,volinv,21,-0.1859498319176488,-0.2617075373837602,,-0.6952921484653647,0.44886363636363635,32.104343378388705,0.050411462995350834,3957
riskadj,60,0,0.2,equal,1,-0.18250004988921803,-0.26363553602134615,,-0.7324501940500031,0.4602272727272727,123.87505686125851,0.19451333333333334,3957
riskadj,60,0,0.2,equal,5,-0.08372533094237525,-0.12084259772684774,,-0.6078878713330995,0.4772727272727273,50.514632297194844,0.07932,3957
riskadj,60,0,0.2,equal,10,-0.1463304424881261,-0.20965641513206978,,-0.6945199323959788,0.4943181818181818,35.162395754359366,0.05521333333333333,3957
riskadj,60,0,0.2,equal,21,-0.0656855394729222,-0.09740412278800477,,-0.581904580531563,0.4602272727272727,22.820318423047766,0.035833333333333335,3957
riskadj,60,0,0.2,rank,1,-0.20643308908114888,-0.29706619274351803,,-0.742969421833697,0.45454545454545453,132.31064203343843,0.2077592105263158,3957
riskadj,60,0,0.2,rank,5,-0.0802296018238422,-0.1156163506072063,,-0.6056138459549295,0.4772727272727273,53.633613981884196,0.08421754385964912,3957
riskadj,60,0,0.2,rank,10,-0.14273013375272312,-0.20419145383960377,,-0.6898738889357632,0.5056818181818182,37.222872191851884,0.05844877192982456,3957
riskadj,60,0,0.2,rank,21,-0.06391746668090104,-0.09418292587173213,,-0.585644089416317,0.4715909090909091,24.01451657954591,0.03770850877192982,3957
riskadj,60,0,0.2,volinv,1,-0.217310717670197,-0.3208664013703931,,-0.7471907396678394,0.42613636363636365,151.88221932909337,0.23849124677985017,3957
riskadj,60,0,0.2,volinv,5,-0.10558669395734518,-0.156625216232045,,-0.6446914413315832,0.4659090909090909,60.14309695912268,0.09443898201081287,3957
riskadj,60,0,0.2,volinv,10,-0.15816076519835845,-0.2336645992808115,,-0.7144039319840738,0.5,40.9754060974679,0.06434114362209542,3957
riskadj,60,0,0.2,volinv,21,-0.03721333312693985,-0.05753668290177854,,-0.5815865543756864,0.4602272727272727,25.753083901827356,0.04043847341251224,3957
riskadj,60,0,0.3,equal,1,-0.20418228240635886,-0.2956598359538603,,-0.6846324136580402,0.4659090909090909,100.63760424564062,0.15802499999999997,3957
riskadj,60,0,0.3,equal,5,-0.11904808526243747,-0.17176315592500724,,-0.6107671973430007,0.4943181818181818,42.05231235784685,0.06603214285714286,3957
riskadj,60,0,0.3,equal,10,-0.15304915379485487,-0.2199625767520405,,-0.6390569297861917,0.5,29.82714177407127,0.046835714285714286,3957
riskadj,60,0,0.3,equal,21,-0.010284996260844345,-0.01551570911610581,,-0.5658651389768041,0.4715909090909091,19.439727065959058,0.030525,3957
riskadj,60,0,0.3,rank,1,-0.2223276168899952,-0.32000357691719616,,-0.7147344600982474,0.4659090909090909,114.6424578929373,0.18001595471521942,3957
riskadj,60,0,0.3,rank,5,-0.10125860549860258,-0.14569032924047762,,-0.605559992114102,0.4943181818181818,47.18181480325261,0.07408668300653595,3957
riskadj,60,0,0.3,rank,10,-0.1473739738433901,-0.21099140360553167,,-0.6579979965926658,0.5,33.180142413295876,0.05210072362278245,3957
riskadj,60,0,0.3,rank,21,-0.0249359699672186,-0.03712577441139416,,-0.5711055338002645,0.4659090909090909,21.51291828331029,0.03378040382819794,3957
riskadj,60,0,0.3,volinv,1,-0.19588060860731954,-0.2902097029021011,,-0.6899786110780988,0.44886363636363635,128.02023434995453,0.20102224893760717,3957
riskadj,60,0,0.3,volinv,5,-0.10339545836770869,-0.15331709402658092,,-0.618942709936738,0.48295454545454547,51.27808051111224,0.08051879546923457,3957
riskadj,60,0,0.3,volinv,10,-0.14509375028453955,-0.21488327307574392,,-0.6439356578966451,0.5170454545454546,35.60051044767305,0.05590127771485804,3957
riskadj,60,0,0.3,volinv,21,0.033409643847555,0.05326013751543773,,-0.5439683735526488,0.4772727272727273,22.489859623224213,0.03531443433694373,3957
riskadj,60,2,0.1,equal,1,-0.21814687806696573,-0.307284661103178,,-0.7597316122565868,0.42613636363636365,174.28354814253217,0.2736666666666667,3957
riskadj,60,2,0.1,equal,5,-0.2245445528594206,-0.3173605357092444,,-0.7745544927287947,0.4431818181818182,70.79605761940863,0.11116666666666666,3957
riskadj,60,2,0.1,equal,10,-0.3347584311376934,-0.4618098515946232,,-0.8163368100170575,0.42613636363636365,48.84609552691432,0.07669999999999999,3957
riskadj,60,2,0.1,equal,21,-0.09152441466700624,-0.12939152456595426,,-0.6342946267233541,0.4602272727272727,30.611068991660346,0.04806666666666666,3957
riskadj,60,2,0.1,rank,1,-0.22588822711388654,-0.31723321407948946,,-0.7620674614126394,0.42613636363636365,177.29535191050834,0.2783959156785244,3957
riskadj,60,2,0.1,rank,5,-0.22516848228853684,-0.31768636926516625,,-0.772637402535759,0.4375,72.02632848576745,0.11309848484848485,3957
riskadj,60,2,0.1,rank,10,-0.3331187743477994,-0.45896732201117446,,-0.8165394211341701,0.42045454545454547,49.5467520909061,0.0778001976284585,3957
riskadj,60,2,0.1,rank,21,-0.09787901766309245,-0.1380123665414646,,-0.6376742360507717,0.44886363636363635,30.929911569131008,0.04856732542819499,3957
riskadj,60,2,0.1,volinv,1,-0.27379969210643185,-0.38402783060538903,,-0.7785163382204598,0.42045454545454547,199.615460225949,0.31344380004526995,3957
riskadj,60,2,0.1,volinv,5,-0.19623737539793187,-0.27653857922958447,,-0.7733232879993532,0.45454545454545453,78.63966813368131,0.12348300270038767,3957
riskadj,60,2,0.1,volinv,10,-0.29542630199436987,-0.4046715070413503,,-0.7931979699278007,0.4602272727272727,52.62366620369246,0.08263168538413138,3957
riskadj,60,2,0.1,volinv,21,-0.17797402488485978,-0.24853131025057829,,-0.6813192703071402,0.4375,32.27304728451549,0.050676368295566585,3957
riskadj,60,2,0.2,equal,1,-0.09527562973383245,-0.13742637702793647,,-0.6586717922267598,0.4602272727272727,123.83260045489007,0.19444666666666668,3957
riskadj,60,2,0.2,equal,5,-0.10828351919197135,-0.1554706099732329,,-0.6700247706625798,0.4659090909090909,50.25140257771038,0.07890666666666667,3957
riskadj,60,2,0.2,equal,10,-0.1515945501110765,-0.21760075471312224,,-0.7211064698460123,0.4431818181818182,35.1751326762699,0.05523333333333333,3957
riskadj,60,2,0.2,equal,21,-0.11332738768579294,-0.16772974094946635,,-0.6447972820981221,0.4602272727272727,22.816072782410917,0.035826666666666666,3957
riskadj,60,2,0.2,rank,1,-0.12316754342321566,-0.17715477892765538,,-0.6753966175715169,0.45454545454545453,132.2590239814852,0.20767815789473687,3957
riskadj,60,2,0.2,rank,5,-0.11752820286173879,-0.16838896478945786,,-0.6790499243406579,0.44886363636363635,53.66981365468258,0.08427438596491228,3957
riskadj,60,2,0.2,rank,10,-0.1706805648496267,-0.2433919522382131,,-0.731819002040972,0.44886363636363635,37.439455728023624,0.0587888596491228,3957
riskadj,60,2,0.2,rank,21,-0.12428807529801417,-0.18252721008227452,,-0.6546494957438461,0.4659090909090909,24.084848968516816,0.03781894736842105,3957
riskadj,60,2,0.2,volinv,1,-0.151985716924363,-0.23227068114188756,,-0.707041862840507,0.45454545454545453,151.96727391604824,0.23862480273246148,3957
riskadj,60,2,0.2,volinv,5,-0.1442123814440685,-0.21104685337671358,,-0.7151000794373243,0.45454545454545453,60.20564237091264,0.09453719319908782,3957
riskadj,60,2,0.2,volinv,10,-0.18936083561717662,-0.27697191364368196,,-0.75339886112086,0.4602272727272727,40.65865287694425,0.06384376564843984,3957
riskadj,60,2,0.2,volinv,21,-0.10652586218621966,-0.1655177809825168,,-0.6464333150064421,0.4659090909090909,25.666515850597445,0.04030254096064051,3957
riskadj,60,2,0.3,equal,1,-0.16576111679487318,-0.23766750067779538,,-0.6647398005662187,0.44886363636363635,100.5830174374526,0.1579392857142857,3957
riskadj,60,2,0.3,equal,5,-0.13205202659149493,-0.18964484574944146,,-0.6435384214798199,0.45454545454545453,42.14783927217589,0.06618214285714286,3957
riskadj,60,2,0.3,equal,10,-0.14408221207341296,-0.20912787212624823,,-0.6589073113345272,0.45454545454545453,29.445034116755117,0.04623571428571428,3957
riskadj,60,2,0.3,equal,21,-0.15618172889035561,-0.2349927877945586,,-0.6697666613207338,0.4602272727272727,19.710386656557997,0.03095,3957
riskadj,60,2,0.3,rank,1,-0.16533695340858234,-0.23731441172850037,,-0.6853657166114391,0.4659090909090909,114.58367896059107,0.17992365779645192,3957
riskadj,60,2,0.3,rank,5,-0.13577263707103987,-0.19456436652389605,,-0.6655874594642119,0.45454545454545453,47.47747848191589,0.07455094537815127,3957
riskadj,60,2,0.3,rank,10,-0.1669395132090226,-0.24006295932383376,,-0.6938191727071483,0.4602272727272727,33.15763576090026,0.05206538281979459,3957
riskadj,60,2,0.3,rank,21,-0.148554087621287,-0.22057830870158082,,-0.6708619571156371,0.45454545454545453,21.71741812722056,0.0341015172735761,3957
riskadj,60,2,0.3,volinv,1,-0.19793525605307447,-0.29206692864552336,,-0.6974097982202152,0.4375,127.73075275310092,0.2005676939063573,3957
riskadj,60,2,0.3,volinv,5,-0.0986940397518216,-0.14502989218142895,,-0.6535363305549119,0.4772727272727273,51.38016916548607,0.08067909896342396,3957
riskadj,60,2,0.3,volinv,10,-0.12393570745113491,-0.18408680555353021,,-0.6686590841525042,0.4772727272727273,35.060903019506135,0.0550539655746769,3957
riskadj,60,2,0.3,volinv,21,-0.08787873880828802,-0.1416546998781949,,-0.6606149069942946,0.44886363636363635,22.694047620120184,0.03563505810826015,3957
riskadj,60,7,0.1,equal,1,-0.33542529486313954,-0.47114031919249233,,-0.7947750447703945,0.48863636363636365,173.88021228203183,0.27303333333333335,3957
riskadj,60,7,0.1,equal,5,-0.29641915612886993,-0.40896199600657374,,-0.7928592282000216,0.4602272727272727,70.73237300985595,0.11106666666666666,3957
riskadj,60,7,0.1,equal,10,-0.365742392325995,-0.5157241202299164,,-0.8064038912162836,0.42613636363636365,47.9969673995451,0.07536666666666667,3957
riskadj,60,7,0.1,equal,21,-0.17179073559896213,-0.23532326918809823,,-0.733913363588645,0.4602272727272727,31.078089461713414,0.048799999999999996,3957
riskadj,60,7,0.1,rank,1,-0.3401483977948741,-0.4775270055204061,,-0.7962562518018204,0.4659090909090909,176.89860266641097,0.27777292490118577,3957
riskadj,60,7,0.1,rank,5,-0.2886758308634374,-0.39818487741699216,,-0.7910648442895192,0.4602272727272727,71.95815490834774,0.11299143610013175,3957
riskadj,60,7,0.1,rank,10,-0.36209756515768926,-0.5117375037852762,,-0.8042826725442277,0.4147727272727273,48.63595309657873,0.07637002635046114,3957
riskadj,60,7,0.1,rank,21,-0.17104239223942183,-0.2344456061457512,,-0.7295652916747305,0.4431818181818182,31.385856454914045,0.049283267457180494,3957
riskadj,60,7,0.1,volinv,1,-0.4036913444548901,-0.5628950459729465,,-0.8161300664607216,0.4715909090909091,199.7306757048462,0.31362471577939544,3957
riskadj,60,7,0.1,volinv,5,-0.273930856308864,-0.37816331814808807,,-0.764010474211972,0.44886363636363635,78.62449326671059,0.12345917454618009,3957
riskadj,60,7,0.1,volinv,10,-0.34728310392406675,-0.4928264768073456,,-0.8028384896165917,0.44886363636363635,52.19280799538538,0.08195513541180156,3957
riskadj,60,7,0.1,volinv,21,-0.22766042545339335,-0.3110875097224698,,-0.7551552126095633,0.4715909090909091,32.580144258543456,0.051158583663117645,3957
riskadj,60,7,0.2,equal,1,-0.31433468103461837,-0.4593795053907133,,-0.7837323169597591,0.4602272727272727,123.6882486732373,0.19422,3957
riskadj,60,7,0.2,equal,5,-0.15395699232252452,-0.22656300806356733,,-0.6808709489491636,0.4772727272727273,50.25140257771039,0.07890666666666667,3957
riskadj,60,7,0.2,equal,10,-0.3206528423849336,-0.4680866533666492,,-0.7789058510920166,0.4431818181818182,34.73783169067475,0.05454666666666667,3957
riskadj,60,7,0.2,equal,21,-0.2855704309684538,-0.40128959918793616,,-0.7630207961379087,0.4602272727272727,23.499620924943137,0.0369,3957
riskadj,60,7,0.2,rank,1,-0.31261653659542765,-0.45445366458641473,,-0.789053734853602,0.44886363636363635,132.07992498304137,0.20739692982456143,3957
riskadj,60,7,0.2,rank,5,-0.16800584927539405,-0.24489947212617957,,-0.7012589048012811,0.4772727272727273,53.65540082199434,0.08425175438596491,3957
riskadj,60,7,0.2,rank,10,-0.3460025102297666,-0.5032420316849854,,-0.7922824160847931,0.4375,36.79819640078209,0.0577819298245614,3957
riskadj,60,7,0.2,rank,21,-0.274866498668009,-0.38453742953605713,,-0.7608437856816155,0.4602272727272727,24.775938709548704,0.03890412280701754,3957
riskadj,60,7,0.2,volinv,1,-0.2883493526441499,-0.4427302970748963,,-0.7847686711118067,0.42613636363636365,152.66305845158954,0.23971735011624595,3957
riskadj,60,7,0.2,volinv,5,-0.14454355879864536,-0.22328948853010314,,-0.6871844304123851,0.4659090909090909,59.99667777930759,0.09420906903679369,3957
riskadj,60,7,0.2,volinv,10,-0.260851105465377,-0.40020208667569696,,-0.7686832791128896,0.4772727272727273,40.40860136176486,0.06345112523353315,3957
riskadj,60,7,0.2,volinv,21,-0.28778198981357006,-0.41496294281500173,,-0.7670505109858878,0.4772727272727273,26.08333553886998,0.04095704711401131,3957
riskadj,60,7,0.3,equal,1,-0.24615125444204033,-0.3638564718945554,,-0.7141782219150701,0.4318181818181818,100.44200151630021,0.15771785714285713,3957
riskadj,60,7,0.3,equal,5,-0.10330055626363553,-0.15351035692854628,,-0.6303975978261376,0.44886363636363635,42.129643669446544,0.06615357142857142,3957
riskadj,60,7,0.3,equal,10,-0.3438745920584155,-0.5041251669811166,,-0.7959357635254336,0.44886363636363635,28.82638362395754,0.045264285714285715,3957
riskadj,60,7,0.3,equal,21,-0.13195189269342866,-0.19268799389380828,,-0.7097344967030147,0.4602272727272727,19.8855193328279,0.031225000000000003,3957
riskadj,60,7,0.3,rank,1,-0.2664809887281246,-0.3900720852091386,,-0.7453221683085686,0.4431818181818182,114.40924497168086,0.17964975490196078,3957
riskadj,60,7,0.3,rank,5,-0.13551053917802275,-0.19895694514911022,,-0.67375722913057,0.4772727272727273,47.45397582839049,0.0745140406162465,3957
riskadj,60,7,0.3,rank,10,-0.3634739476929486,-0.5293732364426708,,-0.8062756807674248,0.44886363636363635,32.35793604780806,0.050809663865546216,3957
riskadj,60,7,0.3,rank,21,-0.177197787486551,-0.25460398716285104,,-0.7271442543886204,0.4715909090909091,22.065059685739342,0.034647397292250234,3957
riskadj,60,7,0.3,volinv,1,-0.23254293162602546,-0.368077849579507,,-0.7100701025211807,0.44886363636363635,128.29077893496765,0.20144706835145518,3957
riskadj,60,7,0.3,volinv,5,-0.08657196812520922,-0.13613293692487238,,-0.6502838444711577,0.4715909090909091,51.386785770815386,0.08068948860917322,3957
riskadj,60,7,0.3,volinv,10,-0.28003412294787944,-0.43530723591207354,,-0.7868306557611712,0.48295454545454547,34.78163975713636,0.05461545576150341,3957
riskadj,60,7,0.3,volinv,21,-0.08821456432248775,-0.13647030649302566,,-0.6987487751760766,0.4772727272727273,22.883550215537863,0.035932622302731476,3957
riskadj,90,0,0.1,equal,1,-0.5829379128991922,-0.8311910493696937,,-0.8590552494689494,0.44886363636363635,153.07657316148595,0.24036666666666667,3957
riskadj,90,0,0.1,equal,5,-0.5037187562871317,-0.6885910760267101,,-0.831355372778667,0.4715909090909091,60.26686884003032,0.09463333333333333,3957
riskadj,90,0,0.1,equal,10,-0.40144591438724875,-0.5600810586119918,,-0.8286404440275712,0.45454545454545453,40.80060652009097,0.06406666666666666,3957
riskadj,90,0,0.1,equal,21,-0.259716900287816,-0.3680435994455236,,-0.7833691348637793,0.45454545454545453,25.601213040181953,0.0402,3957
riskadj,90,0,0.1,rank,1,-0.5995180093226258,-0.8526064010538463,,-0.8624314875742608,0.4431818181818182,155.50829320331908,0.244185046113307,3957
riskadj,90,0,0.1,rank,5,-0.5266311667636573,-0.7180419854049552,,-0.8373045113870397,0.4602272727272727,61.14574162363991,0.09601337285902503,3957
riskadj,90,0,0.1,rank,10,-0.4154736162527714,-0.5787823671419163,,-0.832970846103944,0.45454545454545453,41.398268540965574,0.06500513833992094,3957
riskadj,90,0,0.1,rank,21,-0.2794785621807643,-0.3959479529591475,,-0.7944264399829751,0.45454545454545453,25.959071880422044,0.040761923583662714,3957
riskadj,90,0,0.1,volinv,1,-0.5639069093426596,-0.8061655405190812,,-0.8543056428582837,0.4318181818181818,176.19066485305487,0.27666129397759454,3957
riskadj,90,0,0.1,volinv,5,-0.47909031772468097,-0.652578184738556,,-0.8282064996550207,0.4715909090909091,67.76628127547383,0.10640919643136901,3957
riskadj,90,0,0.1,volinv,10,-0.3509193523112962,-0.48774767053062534,,-0.812594905137777,0.4659090909090909,45.178265154740046,0.07094063302274062,3957
riskadj,90,0,0.1,volinv,21,-0.24590944366357478,-0.34555372394015466,,-0.782736133440306,0.44886363636363635,27.489873062043905,0.04316564591528085,3957
riskadj,90,0,0.2,equal,1,-0.33572679057484456,-0.4750261839956219,,-0.756151909671443,0.4659090909090909,100.99954510993177,0.15859333333333334,3957
riskadj,90,0,0.2,equal,5,-0.3041260436914557,-0.4235789042053753,,-0.7656797340242971,0.4715909090909091,42.5710386656558,0.06684666666666667,3957
riskadj,90,0,0.2,equal,10,-0.31293374414929653,-0.4402413762738886,,-0.776317959825519,0.44886363636363635,29.082638362395755,0.04566666666666667,3957
riskadj,90,0,0.2,equal,21,-0.03737878450854143,-0.05333346286068761,,-0.6544920155553954,0.4659090909090909,18.94404852160728,0.029746666666666664,3957
riskadj,90,0,0.2,rank,1,-0.38123013264472916,-0.5400832868307369,,-0.7840711517850136,0.4715909090909091,109.23938390327602,0.17153184210526318,3957
riskadj,90,0,0.2,rank,5,-0.3515020347069117,-0.4883728485491954,,-0.7838436795340258,0.4602272727272727,45.385395634651445,0.07126587719298247,3957
riskadj,90,0,0.2,rank,10,-0.3449331858831749,-0.4844048691331499,,-0.7946428571908164,0.45454545454545453,31.05764335022545,0.04876789473684211,3957
riskadj,90,0,0.2,rank,21,-0.08141091264642396,-0.11637067045529531,,-0.6903257291293411,0.4659090909090909,20.042999082239334,0.03147228070175438,3957
riskadj,90,0,0.2,volinv,1,-0.34715048221384837,-0.4875857176657413,,-0.7435867342367284,0.45454545454545453,128.57115050352317,0.2018873184692227,3957
riskadj,90,0,0.2,volinv,5,-0.2630907561304107,-0.36608516405846747,,-0.7426855153209457,0.48295454545454547,52.0386289759779,0.08171303764204149,3957
riskadj,90,0,0.2,volinv,10,-0.26014426849226946,-0.36952942271735917,,-0.7572946008204611,0.4602272727272727,34.910010348425736,0.054817028154254224,3957
riskadj,90,0,0.2,volinv,21,0.012872350958154474,0.018240949864796317,,-0.6185984501274526,0.4715909090909091,22.037190303767694,0.0346036357269876,3957
riskadj,90,0,0.3,equal,1,-0.4302858971570879,-0.6082237842260764,,-0.7942352725127554,0.4318181818181818,83.84988627748292,0.13166428571428573,3957
riskadj,90,0,0.3,equal,5,-0.346225566779902,-0.48027667686921466,,-0.7623316043226229,0.4659090909090909,36.297952994692956,0.056996428571428566,3957
riskadj,90,0,0.3,equal,10,-0.28933506222173044,-0.40768481437460047,,-0.7552349058878354,0.45454545454545453,24.923426838514025,0.03913571428571428,3957
riskadj,90,0,0.3,equal,21,-0.12167239397575699,-0.1746634762787614,,-0.6883809480006307,0.48295454545454547,16.191811978771796,0.025424999999999996,3957
riskadj,90,0,0.3,rank,1,-0.4434316594217129,-0.6278405461895112,,-0.8058015788023882,0.4318181818181818,95.98621950675647,0.15072121848739495,3957
riskadj,90,0,0.3,rank,5,-0.37611424544833744,-0.5212178306294464,,-0.7823034690297435,0.4715909090909091,40.55272859712497,0.06367743930905695,3957
riskadj,90,0,0.3,rank,10,-0.3289747816437822,-0.46254294420914366,,-0.7819294813896934,0.4602272727272727,27.85113499531731,0.043732913165266105,3957
riskadj,90,0,0.3,rank,21,-0.13557611269499678,-0.19416776052300733,,-0.7079045301597562,0.45454545454545453,17.92664526007522,0.02814910130718954,3957
riskadj,90,0,0.3,volinv,1,-0.3219306012288459,-0.4650434359043124,,-0.7577758354435593,0.44886363636363635,109.91920231301323,0.17259931887007673,3957
riskadj,90,0,0.3,volinv,5,-0.23987646715187688,-0.34106943792871397,,-0.7252373672559314,0.4715909090909091,45.67054699154875,0.07171363271649142,3957
riskadj,90,0,0.3,volinv,10,-0.21066354996082476,-0.307105357164557,,-0.7316853309559276,0.4602272727272727,31.056962599708104,0.048766825796446416,3957
riskadj,90,0,0.3,volinv,21,-0.001636210566345009,-0.002389290282189981,,-0.6395391729797248,0.5,19.644406882186093,0.030846396044766015,3957
riskadj,90,2,0.1,equal,1,-0.5039951510469519,-0.6854818018234875,,-0.8488500433399779,0.4090909090909091,152.9704321455648,0.24020000000000002,3957
riskadj,90,2,0.1,equal,5,-0.5184089030159096,-0.7046977953956337,,-0.8479624149065353,0.45454545454545453,60.26686884003032,0.09463333333333332,3957
riskadj,90,2,0.1,equal,10,-0.5884073831976298,-0.7972781091668479,,-0.8835527952888009,0.4431818181818182,41.8620166793025,0.06573333333333334,3957
riskadj,90,2,0.1,equal,21,-0.2687796727487827,-0.3804334770215468,,-0.7530678293485219,0.4659090909090909,26.68385140257771,0.0419,3957
riskadj,90,2,0.1,rank,1,-0.5153207918293841,-0.700013092687407,,-0.8513237648763305,0.4147727272727273,155.40873880380096,0.24402872200263506,3957
riskadj,90,2,0.1,rank,5,-0.5175379166825655,-0.7036638725436455,,-0.8486577533109554,0.4602272727272727,61.36482003673882,0.09635737812911727,3957
riskadj,90,2,0.1,rank,10,-0.5854281705221556,-0.793424564346155,,-0.8837752293035396,0.44886363636363635,42.3652845160575,0.0665235836627141,3957
riskadj,90,2,0.1,rank,21,-0.29098204622905843,-0.4110982763744135,,-0.7647612320666854,0.45454545454545453,27.001309532014613,0.04239848484848485,3957
riskadj,90,2,0.1,volinv,1,-0.5016561794216721,-0.6804329963841922,,-0.8450630402546693,0.42613636363636365,176.53878281719534,0.27720792206652467,3957
riskadj,90,2,0.1,volinv,5,-0.43632737947993394,-0.5982514285772018,,-0.8205109727596985,0.4715909090909091,67.75065072874412,0.10638465275144464,3957
riskadj,90,2,0.1,volinv,10,-0.5426941418257485,-0.7441067046222007,,-0.8690136829409398,0.44886363636363635,46.08707895023791,0.07236768706590929,3957
riskadj,90,2,0.1,volinv,21,-0.2087512796790634,-0.2930935116930198,,-0.7211804344781045,0.44886363636363635,28.274371528122902,0.04439749529237394,3957
riskadj,90,2,0.2,equal,1,-0.29344278892187226,-0.41247307249009313,,-0.7782801927178898,0.45454545454545453,100.88066717210009,0.15840666666666667,3957
riskadj,90,2,0.2,equal,5,-0.2949099392247452,-0.4170089372279423,,-0.7872894684712719,0.4602272727272727,41.9172100075815,0.06582,3957
riskadj,90,2,0.2,equal,10,-0.28093541388887866,-0.3937379991131758,,-0.7980489358500508,0.4772727272727273,29.112357846853676,0.04571333333333333,3957
riskadj,90,2,0.2,equal,21,-0.11916906668034491,-0.16914277270848177,,-0.705193072066476,0.48295454545454547,19.309173616376043,0.030319999999999996,3957
riskadj,90,2,0.2,rank,1,-0.332531981169774,-0.46502570555558725,,-0.7904483865281435,0.45454545454545453,109.13491879813256,0.17136780701754387,3957
riskadj,90,2,0.2,rank,5,-0.33233468476386097,-0.4684618821545209,,-0.7994698726202037,0.4772727272727273,44.77469374725669,0.07030692982456141,3957
riskadj,90,2,0.2,rank,10,-0.3310222010205917,-0.4623094035688747,,-0.8170289683385921,0.4715909090909091,31.002729340409395,0.048681666666666665,3957
riskadj,90,2,0.2,rank,21,-0.15166388593514749,-0.21504837591759232,,-0.724492524051084,0.4659090909090909,20.457172499102192,0.03212263157894737,3957
riskadj,90,2,0.2,volinv,1,-0.2646610914951537,-0.3707194398538458,,-0.7594101365406252,0.44886363636363635,128.50441962817536,0.20178253510662295,3957
riskadj,90,2,0.2,volinv,5,-0.2379010682017933,-0.33762577701666335,,-0.7627680779596627,0.4602272727272727,51.82748093298424,0.08138148494119786,3957
riskadj,90,2,0.2,volinv,10,-0.21886305355641975,-0.3082320952359681,,-0.773945993975992,0.4659090909090909,34.97695592764365,0.05492214865304998,3957
riskadj,90,2,0.2,volinv,21,-0.06255576287698296,-0.08856476107138932,,-0.6623879569408943,0.4943181818181818,22.141279206114437,0.03476708008674398,3957
riskadj,90,2,0.3,equal,1,-0.37334068314285623,-0.5218344318401075,,-0.777132559402854,0.45454545454545453,83.83169067475359,0.1316357142857143,3957
riskadj,90,2,0.3,equal,5,-0.34863641706235726,-0.48763477875736094,,-0.7857438812048567,0.4772727272727273,34.894617134192565,0.05479285714285714,3957
riskadj,90,2,0.3,equal,10,-0.19858331845600355,-0.2739347335467601,,-0.7537999537032953,0.44886363636363635,24.163760424564064,0.037942857142857146,3957
riskadj,90,2,0.3,equal,21,-0.12497706769815986,-0.17858163030306662,,-0.7113626582267935,0.48863636363636365,16.323730098559512,0.025632142857142853,3957
riskadj,90,2,0.3,rank,1,-0.388537285050817,-0.5406679841838342,,-0.7921831641593775,0.4375,95.94847552364388,0.15066195144724556,3957
riskadj,90,2,0.3,rank,5,-0.3623895550063277,-0.506722157525776,,-0.799745216048993,0.4659090909090909,39.46113365740535,0.06196337535014006,3957
riskadj,90,2,0.3,rank,10,-0.27418736487565104,-0.3784871815515379,,-0.7914047186954003,0.45454545454545453,27.28033715381528,0.04283662464985995,3957
riskadj,90,2,0.3,rank,21,-0.14854673536599525,-0.21167084289106192,,-0.7270819113086703,0.48295454545454547,18.16859920617223,0.028529026610644256,3957
riskadj,90,2,0.3,volinv,1,-0.29600058038167937,-0.4247840831639316,,-0.757083481814427,0.4715909090909091,110.0893689690234,0.17286652103588318,3957
riskadj,90,2,0.3,volinv,5,-0.25121514200655576,-0.3636182534834269,,-0.757208317865464,0.4715909090909091,44.87407032829664,0.07046297471788485,3957
riskadj,90,2,0.3,volinv,10,-0.11862802573714631,-0.1694222011182168,,-0.7218351639341056,0.4659090909090909,30.396750851731326,0.047730136158849544,3957
riskadj,90,2,0.3,volinv,21,-0.008840718643389716,-0.01304960202300337,,-0.6503997774526747,0.4943181818181818,19.748511687297153,0.031009865375648746,3957
riskadj,90,7,0.1,equal,1,-0.5535018329862219,-0.7819499756467365,,-0.875623337884837,0.4375,152.65200909780137,0.2397,3957
riskadj,90,7,0.1,equal,5,-0.40561255687310177,-0.5683887410679129,,-0.8253155620548074,0.4431818181818182,60.22441243366186,0.09456666666666666,3957
riskadj,90,7,0.1,equal,10,-0.2937805594173371,-0.40879849871640167,,-0.7956222277452116,0.45454545454545453,39.463229719484445,0.06196666666666666,3957
riskadj,90,7,0.1,equal,21,-0.11693470690999852,-0.1648100541815367,,-0.7554462744036312,0.4659090909090909,25.601213040181957,0.0402,3957
riskadj,90,7,0.1,rank,1,-0.5582223238566384,-0.7896492223901461,,-0.8765654048315676,0.4375,155.0837291396345,0.24351837944664032,3957
riskadj,90,7,0.1,rank,5,-0.40547427354858046,-0.5688683733000888,,-0.827137404621633,0.4318181818181818,61.32236363037036,0.09629071146245059,3957
riskadj,90,7,0.1,rank,10,-0.30124873785149836,-0.41938583590576023,,-0.7991841997338801,0.4602272727272727,40.11908051074746,0.06299650856389988,3957
riskadj,90,7,0.1,rank,21,-0.11704605833336044,-0.1645812521911825,,-0.7520601631876747,0.4715909090909091,25.939521796066607,0.040731225296442686,3957
riskadj,90,7,0.1,volinv,1,-0.5215020977125288,-0.7290988220772526,,-0.8698119283179944,0.4318181818181818,176.36429059990024,0.27693392773960523,3957
riskadj,90,7,0.1,volinv,5,-0.38794398272328295,-0.5432289736424784,,-0.8225086563093256,0.44886363636363635,67.85863166336475,0.10655420852854536,3957
riskadj,90,7,0.1,volinv,10,-0.2728636291136737,-0.3782532633683115,,-0.7994707423180059,0.4659090909090909,43.41052872245293,0.06816486593442311,3957
riskadj,90,7,0.1,volinv,21,-0.09705593160973078,-0.1382695978884275,,-0.7415143799858268,0.4772727272727273,27.3926514757483,0.043012984876800005,3957
riskadj,90,7,0.2,equal,1,-0.4813590732780904,-0.6757117954625312,,-0.8451538572321536,0.4375,100.68536770280515,0.15810000000000002,3957
riskadj,90,7,0.2,equal,5,-0.4557045264735998,-0.6318659473555465,,-0.8485840312275129,0.45454545454545453,41.8705079605762,0.06574666666666666,3957
riskadj,90,7,0.2,equal,10,-0.4852949524035102,-0.6714189446553699,,-0.8544121378884367,0.4659090909090909,28.861865049279757,0.04532,3957
riskadj,90,7,0.2,equal,21,-0.10844671700963743,-0.15136179407024686,,-0.789310496363886,0.5170454545454546,19.60212282031842,0.030780000000000002,3957
riskadj,90,7,0.2,rank,1,-0.48888338064980436,-0.6885521332521788,,-0.8516245329001924,0.4375,108.91302821116479,0.17101938596491228,3957
riskadj,90,7,0.2,rank,5,-0.4521026640122596,-0.6301348835003917,,-0.8491780791468879,0.44886363636363635,44.7296117473365,0.07023614035087719,3957
riskadj,90,7,0.2,rank,10,-0.47194099458055694,-0.6555981426421787,,-0.8527032762289878,0.4602272727272727,30.690954072064162,0.0481921052631579,3957
riskadj,90,7,0.2,rank,21,-0.10572678583080018,-0.14749835037370976,,-0.7842152692745358,0.5170454545454546,20.634651450460876,0.03240131578947369,3957
riskadj,90,7,0.2,volinv,1,-0.45295603710967325,-0.6386699888169606,,-0.8374173957497941,0.4431818181818182,128.7201383888869,0.20212126492254984,3957
riskadj,90,7,0.2,volinv,5,-0.4097252423716536,-0.5715212845253104,,-0.8280726515892864,0.4431818181818182,51.96291682312452,0.08159415153535862,3957
riskadj,90,7,0.2,volinv,10,-0.39531024863436476,-0.5560515278935152,,-0.8253638540328748,0.4602272727272727,34.60217179068894,0.05433364832371275,3957
riskadj,90,7,0.2,volinv,21,-0.035252056418796064,-0.05172940444019822,,-0.7540311477310051,0.4943181818181818,22.392421775214427,0.03516143371608074,3957
riskadj,90,7,0.3,equal,1,-0.38890589311262036,-0.5506918426312664,,-0.8263505809084936,0.44886363636363635,83.61106899166033,0.13128928571428572,3957
riskadj,90,7,0.3,equal,5,-0.2511581291888196,-0.3475798505947793,,-0.7839914109851487,0.4602272727272727,34.87642153146323,0.05476428571428571,3957
riskadj,90,7,0.3,equal,10,-0.36440700691486805,-0.5086872891354688,,-0.8075452241841536,0.4318181818181818,24.347990902198635,0.03823214285714285,3957
riskadj,90,7,0.3,equal,21,-0.0715218873622515,-0.0998821407264923,,-0.7594048466982823,0.5056818181818182,16.97194844579227,0.02665,3957
riskadj,90,7,0.3,rank,1,-0.4326903707721129,-0.6125121290429762,,-0.8405428161178231,0.45454545454545453,95.71729176886828,0.15029893790849674,3957
riskadj,90,7,0.3,rank,5,-0.3170543111079333,-0.44177944197107366,,-0.8081495036758577,0.44886363636363635,39.43409297001591,0.06192091503267974,3957
riskadj,90,7,0.3,rank,10,-0.39720413228257956,-0.5559614703801626,,-0.8232791458863324,0.4602272727272727,27.25279846586095,0.04279338235294118,3957
riskadj,90,7,0.3,rank,21,-0.08838022870333687,-0.12289131560645992,,-0.7685048497341841,0.48863636363636365,18.61462189121289,0.029229388422035478,3957
riskadj,90,7,0.3,volinv,1,-0.3342219938536215,-0.48534556869976997,,-0.8073330804218829,0.4090909090909091,110.27957221049144,0.17316518541147408,3957
riskadj,90,7,0.3,volinv,5,-0.21033765119596556,-0.2932929877052335,,-0.752909764683288,0.4431818181818182,44.88415180813784,0.07047880504158785,3957
riskadj,90,7,0.3,volinv,10,-0.2829650302141129,-0.39799590922714356,,-0.7756138913097035,0.4375,30.553494174626355,0.047976260495633534,3957
riskadj,90,7,0.3,volinv,21,-0.0057343060939828135,-0.008591123150228716,,-0.7289850173680368,0.5056818181818182,20.2867381736025,0.031855009108311544,3957
riskadj,120,0,0.1,equal,1,-0.04649051148820585,-0.06663455928813075,,-0.6992721748472874,0.4602272727272727,133.8650492797574,0.2102,3957
riskadj,120,0,0.1,equal,5,0.008145691213999731,0.011547900000970536,,-0.6094073849586902,0.45454545454545453,52.83699772554965,0.08296666666666666,3957
riskadj,120,0,0.1,equal,10,0.05222056671956939,0.07434194463695178,,-0.6104049035386826,0.4772727272727273,35.15390447308566,0.0552,3957
riskadj,120,0,0.1,equal,21,-0.0568782418842445,-0.07963123852640988,,-0.6543786819582341,0.4375,22.565579984836997,0.03543333333333333,3957
riskadj,120,0,0.1,rank,1,-0.05224138260014004,-0.0748173873430917,,-0.7000237064606515,0.4602272727272727,135.85823491865617,0.2133297760210804,3957
riskadj,120,0,0.1,rank,5,0.004360829751858702,0.0061766931778749895,,-0.6073958734208786,0.44886363636363635,53.70857069225398,0.08433524374176549,3957
riskadj,120,0,0.1,rank,10,0.057375389949216156,0.08149820314664775,,-0.6025794098683889,0.4772727272727273,35.711962889600755,0.056076284584980235,3957
riskadj,120,0,0.1,rank,21,-0.06473492695400546,-0.09054544523848085,,-0.6657043193897948,0.4375,22.865753490337333,0.035904677206851116,3957
riskadj,120,0,0.1,volinv,1,-0.014770108776613321,-0.02127154696253919,,-0.6561735501811338,0.4602272727272727,157.0058833654666,0.2465366192369648,3957
riskadj,120,0,0.1,volinv,5,-0.004245084813670529,-0.006036412027597172,,-0.6010677227221265,0.4431818181818182,60.89892243447266,0.09562580796555886,3957
riskadj,120,0,0.1,volinv,10,0.07068655564053938,0.10165413860079038,,-0.5826671488368583,0.4715909090909091,39.671589170698745,0.06229384061446624,3957
riskadj,120,0,0.1,volinv,21,-0.03875085490511633,-0.05479319111541805,,-0.6296214806704583,0.42613636363636365,24.868232851583667,0.039049046584808164,3957
riskadj,120,0,0.2,equal,1,0.011552871464086727,0.016373215397506746,,-0.5804555442525641,0.44886363636363635,88.1989385898408,0.13849333333333336,3957
riskadj,120,0,0.2,equal,5,0.031832041119590405,0.0453285155639011,,-0.545316830971268,0.4943181818181818,36.1049279757392,0.05669333333333334,3957
riskadj,120,0,0.2,equal,10,0.04045483464311712,0.058315729651786045,,-0.6277967718374904,0.4602272727272727,25.10022744503412,0.039413333333333335,3957
riskadj,120,0,0.2,equal,21,0.04834260542268582,0.06795062478769125,,-0.5626274646881111,0.4715909090909091,16.481576952236544,0.02588,3957
riskadj,120,0,0.2,rank,1,0.005583254496428261,0.007941139973299881,,-0.5971836710465861,0.4431818181818182,95.63350225449904,0.15016736842105263,3957
riskadj,120,0,0.2,rank,5,0.027817701156790674,0.0396505172219493,,-0.5612261666305689,0.48295454545454547,38.75498982482742,0.06085456140350877,3957
riskadj,120,0,0.2,rank,10,0.061536470007377185,0.0888191024606973,,-0.6198282963560005,0.45454545454545453,26.82362236143809,0.042119473684210526,3957
riskadj,120,0,0.2,rank,21,0.03274767848510559,0.04582393437878582,,-0.587461893151212,0.4772727272727273,17.477626591117673,0.0274440350877193,3957
riskadj,120,0,0.2,volinv,1,0.03782748958237529,0.05580361472815411,,-0.5662071822022696,0.42045454545454547,113.81164640877624,0.1787113828728284,3957
riskadj,120,0,0.2,volinv,5,0.0682998019629232,0.10072123090256459,,-0.5298443596015611,0.4715909090909091,45.55647784199437,0.07153451699236973,3957
riskadj,120,0,0.2,volinv,10,0.12095290628048405,0.18025865776778421,,-0.5614855305851469,0.4715909090909091,31.13455453355278,0.048888663606852525,3957
riskadj,120,0,0.2,volinv,21,0.12661596679891785,0.18310403056925986,,-0.5144695534520833,0.48295454545454547,19.780554587658614,0.031060180358478226,3957
riskadj,120,0,0.3,equal,1,-0.03349639663751948,-0.04808021271065576,,-0.5872596691326321,0.4602272727272727,72.91432903714933,0.11449285714285715,3957
riskadj,120,0,0.3,equal,5,-0.05880089141088673,-0.08321936217123382,,-0.5812095246603155,0.4772727272727273,30.49810462471569,0.04788928571428572,3957
riskadj,120,0,0.3,equal,10,0.050355198593969114,0.07210810122548399,,-0.6056008907737462,0.4431818181818182,20.874905231235783,0.03277857142857143,3957
riskadj,120,0,0.3,equal,21,0.06075281201045058,0.08684158344920057,,-0.5417149470922419,0.4659090909090909,13.685367702805156,0.02148928571428571,3957
riskadj,120,0,0.3,rank,1,-0.02509056494658139,-0.03588998305733374,,-0.6030115526990569,0.4602272727272727,83.70164563171743,0.13143151260504202,3957
riskadj,120,0,0.3,rank,5,-0.0249682809525033,-0.03549807816802298,,-0.5826492118341636,0.4602272727272727,34.39344274480073,0.054005894024276385,3957
riskadj,120,0,0.3,rank,10,0.07008752673809805,0.10076338679613855,,-0.6072101185562431,0.4602272727272727,23.592650403603447,0.037046078431372545,3957
riskadj,120,0,0.3,rank,21,0.047164672822234605,0.0666551735786747,,-0.5704243000314171,0.4715909090909091,15.345783347455736,0.02409653361344538,3957
riskadj,120,0,0.3,volinv,1,0.003165807211603087,0.004717753963712634,,-0.5562423653647806,0.4318181818181818,98.00340628779234,0.15388868201618822,3957
riskadj,120,0,0.3,volinv,5,0.016219991109306015,0.023777065503430676,,-0.5489743925399824,0.44886363636363635,40.13100399250336,0.06301523126918088,3957
riskadj,120,0,0.3,volinv,10,0.1453288553701498,0.2173079164660671,,-0.5341193985501789,0.45454545454545453,27.34250359267528,0.042934240760403204,3957
riskadj,120,0,0.3,volinv,21,0.18141495796571638,0.2673871560416107,,-0.4697504743389467,0.4772727272727273,17.203193982484308,0.027013110551067625,3957
riskadj,120,2,0.1,equal,1,-0.10325992575513787,-0.14483149998480788,,-0.709785390821833,0.42045454545454547,133.75890826383622,0.21003333333333335,3957
riskadj,120,2,0.1,equal,5,0.21753814218289047,0.31250989682568636,,-0.5430192257274253,0.48295454545454547,53.83472327520849,0.08453333333333332,3957
riskadj,120,2,0.1,equal,10,0.0592379185061806,0.08352445677737201,,-0.6438781459555584,0.4602272727272727,34.70811220621683,0.0545,3957
riskadj,120,2,0.1,equal,21,0.002002073758478964,0.002821070649289951,,-0.6302655290311311,0.4772727272727273,22.374526156178923,0.035133333333333336,3957
riskadj,120,2,0.1,rank,1,-0.11724927342125,-0.16410967824486863,,-0.7152012031705487,0.42613636363636365,135.75129679629137,0.2131618577075099,3957
riskadj,120,2,0.1,rank,5,0.20033894475557085,0.28693666567732773,,-0.548813846539648,0.48295454545454547,54.61429337712424,0.08575744400527009,3957
riskadj,120,2,0.1,rank,10,0.05989111376585697,0.08429328528166016,,-0.6413805089335005,0.4602272727272727,35.275442229261,0.055390843214756263,3957
riskadj,120,2,0.1,rank,21,-0.003085392351826064,-0.004346089328962927,,-0.6359375729844541,0.4772727272727273,22.725001273572328,0.0356836627140975,3957
riskadj,120,2,0.1,volinv,1,-0.10612582920655188,-0.14959436400201023,,-0.6902198465730065,0.4147727272727273,157.6090042004728,0.24748366254812337,3957
riskadj,120,2,0.1,volinv,5,0.2234183867260317,0.3188527889125269,,-0.5101983557440392,0.48295454545454547,61.786528916554595,0.0970195614773042,3957
riskadj,120,2,0.1,volinv,10,0.05999870984216439,0.08485529991506778,,-0.6416220925011475,0.4772727272727273,39.514427772590516,0.06204705980005583,3957
riskadj,120,2,0.1,volinv,21,0.03241383440819674,0.04595768980781423,,-0.6252590422648769,0.44886363636363635,24.651036215625595,0.03870799615286923,3957
riskadj,120,2,0.2,equal,1,0.04849715513853577,0.06981629628483575,,-0.5904182171155177,0.44886363636363635,88.15223654283548,0.13842,3957
riskadj,120,2,0.2,equal,5,0.02830477604804675,0.04107573230379569,,-0.5947802420804364,0.48295454545454547,36.04548900682335,0.056600000000000004,3957
riskadj,120,2,0.2,equal,10,-0.04244455374409143,-0.060091606373287414,,-0.6778618470268529,0.4375,25.13843821076573,0.03947333333333333,3957
riskadj,120,2,0.2,equal,21,-0.08856614159809277,-0.12635135342230172,,-0.7007191596969908,0.4431818181818182,16.15890826383624,0.025373333333333335,3957
riskadj,120,2,0.2,rank,1,0.008521119980661187,0.012219808603459368,,-0.6178875498507472,0.4431818181818182,95.58037588284586,0.15008394736842107,3957
riskadj,120,2,0.2,rank,5,0.041951053221740205,0.0609860746722571,,-0.6003964117797747,0.4943181818181818,38.99822034236464,0.06123649122807018,3957
riskadj,120,2,0.2,rank,10,-0.01954937562175082,-0.027780810292001194,,-0.6691488957879188,0.44886363636363635,26.769602170703482,0.04203464912280702,3957
riskadj,120,2,0.2,rank,21,-0.06630290064697174,-0.09453696232796435,,-0.6972930460129064,0.44886363636363635,17.23104425202506,0.027056842105263157,3957
riskadj,120,2,0.2,volinv,1,0.07383713584788115,0.11037665095079639,,-0.5781263230908872,0.4375,114.32783179594591,0.17952191683196747,3957
riskadj,120,2,0.2,volinv,5,0.03842147137821113,0.05487193275017798,,-0.5309770889036396,0.5,45.68312011706743,0.07173337551715706,3957
riskadj,120,2,0.2,volinv,10,-0.02456627739066944,-0.034383491824494856,,-0.6414083172437468,0.4659090909090909,31.16052754019747,0.04892944741133389,3957
riskadj,120,2,0.2,volinv,21,-0.008473277554078737,-0.012372555183219093,,-0.6366617366220138,0.4431818181818182,19.513208123593795,0.03064038275597645,3957
riskadj,120,2,0.3,equal,1,0.0339348223084114,0.04859704512836597,,-0.583673995829771,0.4659090909090909,72.86201667930249,0.11441071428571428,3957
riskadj,120,2,0.3,equal,5,0.08322281863992276,0.12009867239200683,,-0.5414212720394979,0.48295454545454547,29.192570128885517,0.045839285714285714,3957
riskadj,120,2,0.3,equal,10,0.05365639173953576,0.07574667825689496,,-0.6239977163023841,0.4375,20.87945413191812,0.03278571428571428,3957
riskadj,120,2,0.3,equal,21,-0.13810649411888662,-0.1984010720591661,,-0.6905474706618664,0.4431818181818182,13.8013646702047,0.02167142857142857,3957
riskadj,120,2,0.3,rank,1,0.007617844096841142,0.010897829808218698,,-0.6115050035820132,0.4602272727272727,83.64491073154053,0.13134242530345475,3957
riskadj,120,2,0.3,rank,5,0.07696738132128386,0.11160729632881135,,-0.5672962001730693,0.4659090909090909,33.72514085239858,0.05295650093370682,3957
riskadj,120,2,0.3,rank,10,0.04281442309392119,0.06065091581409268,,-0.6405840932325635,0.45454545454545453,23.527523822265827,0.036943814192343605,3957
riskadj,120,2,0.3,rank,21,-0.09804652279772381,-0.14003747518864332,,-0.6884622731983189,0.4659090909090909,15.383044195691923,0.024155042016806724,3957
riskadj,120,2,0.3,volinv,1,0.014495277704812728,0.021301028599076777,,-0.5993493296215646,0.4375,98.30434046191351,0.15436122032055233,3957
riskadj,120,2,0.3,volinv,5,0.13324935964799622,0.19637565614099142,,-0.5216818099217977,0.4715909090909091,39.20058422840017,0.06155425071102359,3957
riskadj,120,2,0.3,volinv,10,0.12054860829099212,0.1767207891520382,,-0.5747170864128555,0.4715909090909091,27.46993782478411,0.04313434284629791,3957
riskadj,120,2,0.3,volinv,21,-0.013360000228487667,-0.020090889983863356,,-0.6321719203278178,0.4715909090909091,17.424579794775063,0.027360738987271795,3957
riskadj,120,7,0.1,equal,1,0.017731541673464923,0.02516795504247606,,-0.6423635087867017,0.4602272727272727,133.5253980288097,0.20966666666666667,3957
riskadj,120,7,0.1,equal,5,-0.06991130075207977,-0.09787845918165322,,-0.6455841900331714,0.4431818181818182,53.68612585291888,0.0843,3957
riskadj,120,7,0.1,equal,10,-0.1437578162363952,-0.19946963200461074,,-0.6869803086344939,0.44886363636363635,36.363912054586805,0.0571,3957
riskadj,120,7,0.1,equal,21,-0.13226216087550488,-0.18147924030303333,,-0.6931893429920157,0.4659090909090909,22.990144048521607,0.0361,3957
riskadj,120,7,0.1,rank,1,0.008203411772867394,0.011633063495647696,,-0.6478817326571906,0.4715909090909091,135.5091022963258,0.21278155467720686,3957
riskadj,120,7,0.1,rank,5,-0.07101085297378487,-0.09933537898898284,,-0.6455669377472999,0.4431818181818182,54.466493061278314,0.08552536231884059,3957
riskadj,120,7,0.1,rank,10,-0.1472743117936465,-0.2039517765784104,,-0.6935402503325747,0.44886363636363635,36.811760017020916,0.0578032279314888,3957
riskadj,120,7,0.1,rank,21,-0.13708145410077127,-0.18758255994991274,,-0.6967607701685004,0.4659090909090909,23.230156994009715,0.03647687747035573,3957
riskadj,120,7,0.1,volinv,1,0.0422897073903286,0.06043563547199569,,-0.6240653063101129,0.48295454545454547,157.55420684127424,0.24739761764719131,3957
riskadj,120,7,0.1,volinv,5,-0.09749237312033114,-0.13651625085088623,,-0.6663446163056732,0.45454545454545453,61.461617807392884,0.09650937367613241,3957
riskadj,120,7,0.1,volinv,10,-0.12176721249302754,-0.16804999455416622,,-0.6684057791119848,0.4431818181818182,41.21593931632148,0.06471883804550957,3957
riskadj,120,7,0.1,volinv,21,-0.14754812022922664,-0.20049311349874546,,-0.6987079045672131,0.44886363636363635,25.246680776536245,0.03964329993363251,3957
riskadj,120,7,0.2,equal,1,-0.06919787972259706,-0.09839696820864371,,-0.709748559543502,0.4431818181818182,87.88051554207733,0.13799333333333336,3957
riskadj,120,7,0.2,equal,5,-0.023230166449564188,-0.032873959122360207,,-0.6726765339752848,0.45454545454545453,35.95633055344958,0.05646,3957
riskadj,120,7,0.2,equal,10,-0.0905601731696249,-0.1269603726150264,,-0.7131213212464494,0.44886363636363635,24.815769522365425,0.03896666666666666,3957
riskadj,120,7,0.2,equal,21,-0.169728507935517,-0.23640387882373817,,-0.7137194572582957,0.4602272727272727,16.218347232752084,0.025466666666666665,3957
riskadj,120,7,0.2,rank,1,-0.054355504776360954,-0.07747771898815646,,-0.7024861464856992,0.45454545454545453,95.2969235066438,0.14963885964912282,3957
riskadj,120,7,0.2,rank,5,-0.029524634039218695,-0.04173182513135738,,-0.6654334887988068,0.4431818181818182,38.89839192370616,0.06107973684210527,3957
riskadj,120,7,0.2,rank,10,-0.09802892375298845,-0.13717431383025475,,-0.7146096860968414,0.4375,26.632959578628146,0.04182008771929825,3957
riskadj,120,7,0.2,rank,21,-0.16441786911724257,-0.22852895602204595,,-0.7112300658063047,0.4602272727272727,17.31092933242887,0.027182280701754387,3957
riskadj,120,7,0.2,volinv,1,-0.03432044545358742,-0.05022182200367869,,-0.6863059915475214,0.45454545454545453,114.12904182380018,0.1792097692447529,3957
riskadj,120,7,0.2,volinv,5,0.039893974696948185,0.05847016088942119,,-0.6330326949887337,0.45454545454545453,45.58447267980504,0.07157847555317005,3957
riskadj,120,7,0.2,volinv,10,-0.01860351092679979,-0.026921587999210725,,-0.6650741320723361,0.45454545454545453,30.758768776490896,0.04829859049546606,3957
riskadj,120,7,0.2,volinv,21,-0.08473347833503568,-0.12335270855542171,,-0.6587119737556828,0.4375,19.26965902696347,0.030257952686386688,3957
riskadj,120,7,0.3,equal,1,-0.006907470189417137,-0.009763891449680734,,-0.6677156452174366,0.4659090909090909,72.6800606520091,0.114125,3957
riskadj,120,7,0.3,equal,5,0.040611336924045914,0.05689338938132771,,-0.5912044576496231,0.45454545454545453,29.142532221379835,0.045760714285714287,3957
riskadj,120,7,0.3,equal,10,0.04014557179395683,0.05621918215351889,,-0.6010111245425858,0.44886363636363635,19.990144048521604,0.03138928571428572,3957
riskadj,120,7,0.3,equal,21,-0.04497552750930875,-0.0629197915129535,,-0.6264462431341785,0.4659090909090909,13.792266868840029,0.021657142857142854,3957
riskadj,120,7,0.3,rank,1,-0.019283779887492074,-0.02735563659006709,,-0.679970781342948,0.4602272727272727,83.42460122790588,0.1309964869281046,3957
riskadj,120,7,0.3,rank,5,0.012800549135964826,0.017961206148362403,,-0.6171560834478645,0.45454545454545453,33.65452883200286,0.05284562324929972,3957
riskadj,120,7,0.3,rank,10,-0.011214725775283934,-0.0156725459685073,,-0.6494741727277005,0.4375,23.01591371954392,0.03614046451914099,3957
riskadj,120,7,0.3,rank,21,-0.0843265824372375,-0.11747401993452938,,-0.6577184592093094,0.45454545454545453,15.421501731852711,0.02421542950513539,3957
riskadj,120,7,0.3,volinv,1,0.032780916809507336,0.04780032414249486,,-0.6306028974605551,0.48295454545454547,98.0743383798969,0.15400006228938573,3957
riskadj,120,7,0.3,volinv,5,0.13572891067825388,0.1975161396927786,,-0.5110835040067061,0.4659090909090909,39.043615635053584,0.061307772645994844,3957
riskadj,120,7,0.3,volinv,10,0.16038928072908012,0.23079512757990034,,-0.5325021102667141,0.48295454545454547,26.28218097993871,0.04126928180064185,3957
riskadj,120,7,0.3,volinv,21,0.04177816852625439,0.059778872972543515,,-0.5885883138664713,0.4602272727272727,17.294022557212436,0.027155733039241903,3957
riskadj,180,0,0.1,equal,1,-0.0007576070948639198,-0.0010870649286422159,,-0.5130932173027845,0.4602272727272727,107.07505686125852,0.16813333333333333,3957
riskadj,180,0,0.1,equal,5,0.08327415210277034,0.11707752342705854,,-0.484474882276398,0.48863636363636365,42.71114480667171,0.06706666666666666,3957
riskadj,180,0,0.1,equal,10,-0.018352739095849495,-0.02550663698147062,,-0.5412360254816446,0.4375,28.95526914329037,0.04546666666666667,3957
riskadj,180,0,0.1,equal,21,0.15848906206355928,0.22481813458956126,,-0.5281282471103949,0.48295454545454547,19.020470053070504,0.029866666666666666,3957
riskadj,180,0,0.1,rank,1,-0.0059095853062583895,-0.008483438223114037,,-0.5201928996926022,0.4659090909090909,109.03115607404101,0.17120487483530963,3957
riskadj,180,0,0.1,rank,5,0.08803710661592198,0.12400974303958485,,-0.4796786961724985,0.48863636363636365,43.58309535011252,0.06843583662714098,3957
riskadj,180,0,0.1,rank,10,-0.008540584836125579,-0.011908981416053862,,-0.5333780665949635,0.4375,29.56132175830894,0.04641831357048748,3957
riskadj,180,0,0.1,rank,21,0.15931795821629094,0.22585742449660343,,-0.5200565497745825,0.48863636363636365,19.2871231349657,0.03028537549407115,3957
riskadj,180,0,0.1,volinv,1,0.028017449491107155,0.039159210581717334,,-0.4695727734977333,0.45454545454545453,128.38776627293478,0.20159936156428687,3957
riskadj,180,0,0.1,volinv,5,0.10237319926636378,0.14116624084869683,,-0.48798935418224987,0.48295454545454547,50.731775878572016,0.07966096712361484,3957
riskadj,180,0,0.1,volinv,10,0.05637304826582619,0.07739706882594882,,-0.5029746466739755,0.4659090909090909,33.8873399394947,0.05321119211927799,3957
riskadj,180,0,0.1,volinv,21,0.20575316393667012,0.28911155921910964,,-0.5177596155680221,0.4943181818181818,21.507265873405796,0.03377152819883601,3957
riskadj,180,0,0.2,equal,1,0.06698216582391622,0.0959661797673166,,-0.5187071050333478,0.4715909090909091,74.88885519332828,0.11759333333333334,3957
riskadj,180,0,0.2,equal,5,0.08617075256138007,0.12081577129241174,,-0.45946891040820415,0.4772727272727273,30.844579226686886,0.04843333333333333,3957
riskadj,180,0,0.2,equal,10,-0.06549631766848403,-0.09161440477744792,,-0.6311399926538044,0.44886363636363635,21.2027293404094,0.03329333333333334,3957
riskadj,180,0,0.2,equal,21,0.08894099816668818,0.12565585481903987,,-0.5059417622106749,0.48295454545454547,13.509628506444276,0.021213333333333334,3957
riskadj,180,0,0.2,rank,1,0.05107198646022126,0.07338633778475798,,-0.5228336213415052,0.4602272727272727,80.30031523083676,0.12609061403508773,3957
riskadj,180,0,0.2,rank,5,0.08068428712257086,0.11333820934383887,,-0.46094838105364455,0.4602272727272727,32.84500219464507,0.05157447368421053,3957
riskadj,180,0,0.2,rank,10,-0.05867428071929158,-0.08206643501179929,,-0.6221924270933734,0.4431818181818182,22.599545109931768,0.035486666666666666,3957
riskadj,180,0,0.2,rank,21,0.09709241412703094,0.13739025610170033,,-0.511574594681361,0.4659090909090909,14.461657555564422,0.02270824561403509,3957
riskadj,180,0,0.2,volinv,1,0.14439803228481288,0.21211579960041302,,-0.4958883494058579,0.4772727272727273,99.57774344069426,0.15636076618842348,3957
riskadj,180,0,0.2,volinv,5,0.13538437043972432,0.18836898264960214,,-0.4198649802919009,0.48295454545454547,40.4787912891349,0.06356134013139159,3957
riskadj,180,0,0.2,volinv,10,0.031973810364289194,0.04454834529365153,,-0.5783280034608443,0.4602272727272727,27.05215633058271,0.042478326428617375,3957
riskadj,180,0,0.2,volinv,21,0.2091980613875571,0.30187244350530607,,-0.4333259280696218,0.5056818181818182,16.882149670661704,0.02650899454238427,3957
riskadj,180,0,0.3,equal,1,0.017901632226228387,0.025772397416788217,,-0.5312292646594563,0.44886363636363635,61.153146322971935,0.096025,3957
riskadj,180,0,0.3,equal,5,0.06656879596519798,0.09482865290251977,,-0.5082484444370339,0.48295454545454547,25.826383623957543,0.040553571428571425,3957
riskadj,180,0,0.3,equal,10,0.02465831663215615,0.035373026330382376,,-0.5810762262396004,0.44886363636363635,17.576952236542834,0.0276,3957
riskadj,180,0,0.3,equal,21,-0.033322269166036464,-0.04772471146706955,,-0.6235659878259752,0.4602272727272727,11.258529188779377,0.017678571428571425,3957
riskadj,180,0,0.3,rank,1,0.02146864858139297,0.03096665876081644,,-0.53015859373436,0.4659090909090909,69.91131873522723,0.10977741596638656,3957
riskadj,180,0,0.3,rank,5,0.07439583220856394,0.10601598130900318,,-0.4906978413601705,0.4715909090909091,29.04455990129183,0.04560687441643324,3957
riskadj,180,0,0.3,rank,10,0.012258309651333685,0.017506898752817697,,-0.5842474525335924,0.4602272727272727,19.86613447501821,0.031194561157796452,3957
riskadj,180,0,0.3,rank,21,0.014947962863347847,0.021375499852245752,,-0.5912454200596964,0.4602272727272727,12.753541750286164,0.020026097105508872,3957
riskadj,180,0,0.3,volinv,1,0.06815679140297948,0.10085732352056553,,-0.5442747132661588,0.4431818181818182,83.5927755479045,0.1312605606520072,3957
riskadj,180,0,0.3,volinv,5,0.1480049310121059,0.21666535212877186,,-0.48299595002125373,0.48295454545454547,34.67374990818982,0.054446043010598064,3957
riskadj,180,0,0.3,volinv,10,0.11387884416815083,0.16757121715081597,,-0.548355435741517,0.4602272727272727,23.41702810910351,0.03677030961417563,3957
riskadj,180,0,0.3,volinv,21,0.08233734378715571,0.12046889617583585,,-0.5794742512591402,0.4715909090909091,14.792593691371806,0.02322789414157073,3957
riskadj,180,2,0.1,equal,1,0.13368740106436583,0.18962182314962286,,-0.5109628353146651,0.48863636363636365,106.90523123578467,0.16786666666666666,3957
riskadj,180,2,0.1,equal,5,0.10482762218517498,0.14616755836882814,,-0.4533912546660007,0.4943181818181818,41.18271417740712,0.06466666666666666,3957
riskadj,180,2,0.1,equal,10,0.022447816083652167,0.03117665709523185,,-0.5218981487102641,0.4602272727272727,29.783169067475356,0.046766666666666665,3957
riskadj,180,2,0.1,equal,21,0.17193220270886875,0.24631576739394756,,-0.49569587179501606,0.48295454545454547,18.27748294162244,0.028700000000000003,3957
riskadj,180,2,0.1,rank,1,0.13001456275626166,0.18448672834119306,,-0.5108743852831096,0.48295454545454547,108.85394672572046,0.1709266139657444,3957
riskadj,180,2,0.1,rank,5,0.1045266810318935,0.1461416600589035,,-0.45521161662446075,0.48863636363636365,42.05365784955065,0.06603425559947299,3957
riskadj,180,2,0.1,rank,10,0.0244272959338338,0.03403706594828161,,-0.5222107772565754,0.4659090909090909,30.165989925293747,0.04736778656126482,3957
riskadj,180,2,0.1,rank,21,0.17115801858010987,0.24453692338774688,,-0.501630430194894,0.4772727272727273,18.6240564327389,0.029244202898550724,3957
riskadj,180,2,0.1,volinv,1,0.14024329755178402,0.1946836764845698,,-0.5087974549154766,0.4772727272727273,127.99379814237659,0.2009807377973747,3957
riskadj,180,2,0.1,volinv,5,0.1689724046140931,0.23157100973185601,,-0.4376852064309982,0.5,48.992306581525426,0.07692958616789529,3957
riskadj,180,2,0.1,volinv,10,0.07045853105516202,0.09670169550518837,,-0.4812639642076927,0.4602272727272727,34.666759263536484,0.05443506603405312,3957
riskadj,180,2,0.1,volinv,21,0.22546738786578985,0.32067961263018907,,-0.5096755751545949,0.5056818181818182,20.89382569796116,0.032808281066203294,3957
riskadj,180,2,0.2,equal,1,0.035637122145854225,0.05096122031975921,,-0.49494249002840696,0.4772727272727273,74.81243366186504,0.11747333333333335,3957
riskadj,180,2,0.2,equal,5,0.0603505285955134,0.08610583441583114,,-0.48566895296760704,0.4772727272727273,30.691736163760428,0.04819333333333334,3957
riskadj,180,2,0.2,equal,10,0.06553761703656037,0.09137620793337191,,-0.5237241244062206,0.48295454545454547,21.436239575435938,0.03366,3957
riskadj,180,2,0.2,equal,21,-0.07161239904620723,-0.1012934812619475,,-0.6383984861506551,0.4318181818181818,13.946929492039423,0.021900000000000003,3957
riskadj,180,2,0.2,rank,1,0.040801269633231114,0.05815727774444141,,-0.4965874248608211,0.4715909090909091,80.21596105502574,0.12595815789473686,3957
riskadj,180,2,0.2,rank,5,0.060384141854167676,0.08621863308707776,,-0.48899742105481137,0.4943181818181818,32.559985635050474,0.05112692982456141,3957
riskadj,180,2,0.2,rank,10,0.05984701469626341,0.0839662511441139,,-0.5314629415771919,0.48863636363636365,22.732109652448024,0.03569482456140351,3957
riskadj,180,2,0.2,rank,21,-0.03757600904048034,-0.05327617423841801,,-0.6223702553242648,0.45454545454545453,14.780359921790831,0.02320868421052632,3957
riskadj,180,2,0.2,volinv,1,0.09571392325633676,0.13529953714503934,,-0.4366883521668481,0.4659090909090909,99.76429549405692,0.15665369732935844,3957
riskadj,180,2,0.2,volinv,5,0.15775199276781537,0.2295156126685414,,-0.4400951844993347,0.4772727272727273,40.26119824936298,0.06321966725108306,3957
riskadj,180,2,0.2,volinv,10,0.18486269488741144,0.2634427519728635,,-0.4719878996368655,0.4772727272727273,27.194808942266558,0.04270232499386856,3957
riskadj,180,2,0.2,volinv,21,0.021253252182666722,0.029882867932745992,,-0.5915490595050735,0.4318181818181818,17.225728141180586,0.027048494545496654,3957
riskadj,180,2,0.3,equal,1,0.07589769401758609,0.10918374186180634,,-0.4778183113768769,0.48295454545454547,61.08263836239574,0.09591428571428572,3957
riskadj,180,2,0.3,equal,5,0.11105075660289361,0.15914695770757298,,-0.4337939889737116,0.4715909090909091,24.402577710386655,0.03831785714285714,3957
riskadj,180,2,0.3,equal,10,0.036610428675913576,0.0514941892528345,,-0.5708130259487509,0.44886363636363635,17.2289613343442,0.027053571428571427,3957
riskadj,180,2,0.3,equal,21,-0.13646161789524502,-0.19497278321878664,,-0.7098056758025679,0.4147727272727273,11.629264594389689,0.018260714285714283,3957
riskadj,180,2,0.3,rank,1,0.07639344259570212,0.10983191441547255,,-0.4768028362022326,0.48295454545454547,69.8303378970997,0.10965025676937443,3957
riskadj,180,2,0.3,rank,5,0.10074689713929191,0.1441313786905974,,-0.44883274540198814,0.4772727272727273,27.915733844713017,0.04383434873949579,3957
riskadj,180,2,0.3,rank,10,0.0408765753955231,0.057561859857682994,,-0.5607784449516436,0.4659090909090909,19.61205755994589,0.030795599906629313,3957
riskadj,180,2,0.3,rank,21,-0.08821003291145067,-0.12567332590267138,,-0.6779509188225459,0.4431818181818182,13.063052817791256,0.020512103174603176,3957
riskadj,180,2,0.3,volinv,1,0.13512418029415457,0.19988693140720734,,-0.4690550498274699,0.48295454545454547,83.59024355468956,0.13125658481980423,3957
riskadj,180,2,0.3,volinv,5,0.1795327645660107,0.26248514463297706,,-0.4259094658064332,0.45454545454545453,33.37930272775594,0.052413452735607255,3957
riskadj,180,2,0.3,volinv,10,0.12124180297743833,0.17420597603305304,,-0.5400485113035673,0.45454545454545453,23.17206399493911,0.036385657630148435,3957
riskadj,180,2,0.3,volinv,21,-0.030776472037731872,-0.044709807349795724,,-0.685367642168488,0.44886363636363635,15.094757885341554,0.02370236386995894,3957
riskadj,180,7,0.1,equal,1,-0.1432237569429013,-0.2069383752864708,,-0.6869603022378215,0.42613636363636365,106.79909021986353,0.16770000000000002,3957
riskadj,180,7,0.1,equal,5,0.06464267729151395,0.09294335636305417,,-0.5509428966340253,0.48863636363636365,41.0978013646702,0.06453333333333333,3957
riskadj,180,7,0.1,equal,10,0.09378173949082572,0.13365034697298417,,-0.5301687282690604,0.4772727272727273,27.21455648218347,0.04273333333333333,3957
riskadj,180,7,0.1,equal,21,0.09448534507799357,0.13263837357907413,,-0.5465341844423746,0.4772727272727273,18.25625473843821,0.028666666666666667,3957
riskadj,180,7,0.1,rank,1,-0.13487309284900925,-0.19461414213662082,,-0.6776438672768446,0.42613636363636365,108.71906792485623,0.17071482213438735,3957
riskadj,180,7,0.1,rank,5,0.06894635781125823,0.09902014440255144,,-0.5414221954533363,0.48863636363636365,41.95926366543105,0.06588603425559947,3957
riskadj,180,7,0.1,rank,10,0.09905905015311034,0.1411715117282517,,-0.527757818287803,0.4772727272727273,27.737710027059666,0.04355480895915678,3957
riskadj,180,7,0.1,rank,21,0.11472157837869496,0.16087328162313916,,-0.5330091178096021,0.48863636363636365,18.46484490885717,0.028994202898550724,3957
riskadj,180,7,0.1,volinv,1,-0.13072938460715233,-0.1866955807060915,,-0.6785803586136481,0.4375,127.49552616738384,0.20019833216045152,3957
riskadj,180,7,0.1,volinv,5,0.07725511659442079,0.11019922726175567,,-0.5668902449660644,0.48863636363636365,48.78318027920432,0.07660120808127441,3957
riskadj,180,7,0.1,volinv,10,0.10819879920072602,0.15318146841484342,,-0.5714107004661361,0.4659090909090909,32.34013937892672,0.050781718858100414,3957
riskadj,180,7,0.1,volinv,21,0.12100536723727165,0.1693555076990624,,-0.5378690664290943,0.48863636363636365,20.92607932042395,0.0328589269329038,3957
riskadj,180,7,0.2,equal,1,-0.07406127867942058,-0.10476618628416615,,-0.6041580519741245,0.4375,74.69355572403336,0.11728666666666668,3957
riskadj,180,7,0.2,equal,5,0.018354336047363553,0.02560334324756089,,-0.5440985628265369,0.4715909090909091,30.66626231993935,0.04815333333333333,3957
riskadj,180,7,0.2,equal,10,0.014759540520047394,0.02058460592922347,,-0.6267853998860682,0.48295454545454547,20.76118271417741,0.0326,3957
riskadj,180,7,0.2,equal,21,0.058258003690532134,0.081827923079579,,-0.5299512291191982,0.4659090909090909,13.823805913570887,0.021706666666666666,3957
riskadj,180,7,0.2,rank,1,-0.0898466247520916,-0.12724680791146425,,-0.620516303194724,0.44886363636363635,80.07630182355054,0.1257388596491228,3957
riskadj,180,7,0.2,rank,5,0.030478135342975266,0.042704510653400946,,-0.540854887960174,0.48295454545454547,32.514847771437694,0.05105605263157895,3957
riskadj,180,7,0.2,rank,10,0.029818852279751073,0.041787425741363265,,-0.6051602312304416,0.48863636363636365,21.96761501935278,0.034494385964912284,3957
riskadj,180,7,0.2,rank,21,0.07607890765253957,0.10693903552057453,,-0.5310808567257377,0.4715909090909091,14.539531543034993,0.022830526315789475,3957
riskadj,180,7,0.2,volinv,1,-0.04708860989582115,-0.06595340579599977,,-0.6031154610983004,0.4659090909090909,100.1482357220596,0.15725657490166262,3957
riskadj,180,7,0.2,volinv,5,0.06901529728777149,0.09592796052058479,,-0.5158272124132066,0.48863636363636365,40.3796658351675,0.0634056895673642,3957
riskadj,180,7,0.2,volinv,10,0.07919373421753106,0.10982450038428523,,-0.6232283075410054,0.4943181818181818,26.570173036691735,0.04172149789928144,3957
riskadj,180,7,0.2,volinv,21,0.13975598313177232,0.20208683855064402,,-0.5073828810982952,0.45454545454545453,17.290258341166364,0.02714982232380766,3957
riskadj,180,7,0.3,equal,1,-0.05562881829328159,-0.08025918855110153,,-0.619108301158271,0.45454545454545453,60.9802880970432,0.09575357142857142,3957
riskadj,180,7,0.3,equal,5,-0.019703289338275528,-0.02786734589578277,,-0.6036764041951441,0.44886363636363635,24.40257771038666,0.03831785714285714,3957
riskadj,180,7,0.3,equal,10,-0.07085481246102902,-0.10043425219002991,,-0.6867541218552692,0.4772727272727273,17.149355572403334,0.026928571428571427,3957
riskadj,180,7,0.3,equal,21,-0.004876768864845182,-0.0068538679770207694,,-0.611466415613439,0.45454545454545453,11.845337376800606,0.0186,3957
riskadj,180,7,0.3,rank,1,-0.0744110278083906,-0.10695549941042533,,-0.6275901166657618,0.4659090909090909,69.70932375982993,0.10946023576097107,3957
riskadj,180,7,0.3,rank,5,0.006179521521891024,0.00875938388196132,,-0.5793624682570466,0.4715909090909091,27.89301907267835,0.04379868113912232,3957
riskadj,180,7,0.3,rank,10,-0.03134830137952254,-0.04444679033916104,,-0.6509377153050357,0.4772727272727273,19.238103732774384,0.030208403361344536,3957
riskadj,180,7,0.3,rank,21,0.031955154987071376,0.044894844518195094,,-0.5866107705323038,0.4602272727272727,13.042069898467346,0.020479154995331466,3957
riskadj,180,7,0.3,volinv,1,-0.01606782944057388,-0.023545464057164463,,-0.6287404167418521,0.4602272727272727,83.81903564218315,0.13161584287147568,3957
riskadj,180,7,0.3,volinv,5,0.07061247960207505,0.10210778557206109,,-0.5665843214835917,0.48863636363636365,33.34182065330792,0.052354596954420414,3957
riskadj,180,7,0.3,volinv,10,0.020303716534641823,0.02937723970237654,,-0.6723201803795431,0.48863636363636365,23.184267959858964,0.03640482076077854,3957
riskadj,180,7,0.3,volinv,21,0.08791717811213641,0.12674082298238182,,-0.5930697726769016,0.4772727272727273,15.580246173826607,0.02446469607533011,3957
riskadj,252,0,0.1,equal,1,0.06091213603402776,0.08397188580362151,,-0.5830592976059257,0.4659090909090909,87.94844579226687,0.1381,3957
riskadj,252,0,0.1,equal,5,0.22073884221853804,0.3084223760010976,,-0.44038319927205294,0.4772727272727273,35.28127369219105,0.0554,3957
riskadj,252,0,0.1,equal,10,0.11052680790746237,0.1493609843931395,,-0.4632630813308872,0.48295454545454547,24.62471569370735,0.03866666666666666,3957
riskadj,252,0,0.1,equal,21,0.12043033561477064,0.17359608958963196,,-0.5474199911816887,0.45454545454545453,15.984836997725548,0.025099999999999997,3957
riskadj,252,0,0.1,rank,1,0.06265846356411393,0.08662516395822037,,-0.5854516468065876,0.4715909090909091,89.31976254618573,0.14025329380764162,3957
riskadj,252,0,0.1,rank,5,0.22509359445904098,0.3169749798176238,,-0.4457563611466706,0.4772727272727273,35.839835544354784,0.05627707509881423,3957
riskadj,252,0,0.1,rank,10,0.10777127827481295,0.14641615132758837,,-0.4740624142862703,0.4715909090909091,25.09693833212968,0.039408168642951255,3957
riskadj,252,0,0.1,rank,21,0.12304980238472733,0.1763248769080569,,-0.5477776917527899,0.45454545454545453,16.182141819020877,0.025409815546772067,3957
riskadj,252,0,0.1,volinv,1,0.05827077510557885,0.07865103819808332,,-0.5491059234478715,0.4659090909090909,107.59355325397347,0.16894749612141788,3957
riskadj,252,0,0.1,volinv,5,0.28412855822935057,0.38980400494568357,,-0.4131147927576748,0.48863636363636365,42.802794146985924,0.06721057795223148,3957
riskadj,252,0,0.1,volinv,10,0.1421209674026605,0.18924821596642966,,-0.4254702694429079,0.4715909090909091,29.493234916406607,0.04631140101754799,3957
riskadj,252,0,0.1,volinv,21,0.1667625688428048,0.2481497276099665,,-0.5048309109389835,0.44886363636363635,18.471006318640715,0.029003877778913223,3957
riskadj,252,0,0.2,equal,1,0.12647484641053183,0.17813146324790974,,-0.4312128514173613,0.4715909090909091,62.3005307050796,0.09782666666666667,3957
riskadj,252,0,0.2,equal,5,0.1073744786409618,0.15316495117568657,,-0.46993149114429555,0.4715909090909091,26.05125094768764,0.04090666666666666,3957
riskadj,252,0,0.2,equal,10,0.14297194366989116,0.20008001234212155,,-0.4679674308580646,0.44886363636363635,17.292494313874144,0.027153333333333335,3957
riskadj,252,0,0.2,equal,21,0.11673325799368416,0.16612841408645806,,-0.488499790770471,0.4715909090909091,11.717968157695223,0.0184,3957
riskadj,252,0,0.2,rank,1,0.12496193065168029,0.17557378380772976,,-0.4348262441396237,0.4602272727272727,66.79476477395157,0.10488368421052632,3957
riskadj,252,0,0.2,rank,5,0.14577269965520698,0.2079562375613443,,-0.4559465566908101,0.4715909090909091,27.615210885439527,0.04336245614035088,3957
riskadj,252,0,0.2,rank,10,0.14622030361668767,0.20383155010500092,,-0.4650622037207731,0.4431818181818182,18.586465025338175,0.029185175438596493,3957
riskadj,252,0,0.2,rank,21,0.1323623171549311,0.18788718431366888,,-0.4858405355669847,0.48295454545454547,12.476261920912972,0.019590701754385965,3957
riskadj,252,0,0.2,volinv,1,0.1511778987984132,0.21792419843192473,,-0.44625021646038954,0.4602272727272727,85.41540723121147,0.13412252635472371,3957
riskadj,252,0,0.2,volinv,5,0.14659274894009183,0.21446600116449827,,-0.48518127061869154,0.4772727272727273,35.02301563467167,0.054994473359680884,3957
riskadj,252,0,0.2,volinv,10,0.19705259036936287,0.28562065134894105,,-0.4570562610806006,0.45454545454545453,22.98812910585518,0.03609683606026546,3957
riskadj,252,0,0.2,volinv,21,0.1942601315372067,0.2820846613248084,,-0.47510818266848953,0.5,15.408316266679392,0.02419472518541681,3957
riskadj,252,0,0.3,equal,1,0.17036780436663562,0.24575774468177214,,-0.4475560101155941,0.48295454545454547,51.81197877179681,0.08135714285714286,3957
riskadj,252,0,0.3,equal,5,0.21899553902824762,0.31432902667947454,,-0.4307624024515032,0.5056818181818182,21.643669446550415,0.033985714285714286,3957
riskadj,252,0,0.3,equal,10,0.229280707424353,0.32930565373503656,,-0.43333527365162106,0.5056818181818182,14.652009097801363,0.023007142857142858,3957
riskadj,252,0,0.3,equal,21,0.13907471574088046,0.2004317377749068,,-0.5364348586546238,0.5,9.504927975739196,0.014924999999999999,3957
riskadj,252,0,0.3,rank,1,0.15638708240976185,0.22313907252331194,,-0.4438531826548059,0.4772727272727273,58.853810819248096,0.09241449579831934,3957
riskadj,252,0,0.3,rank,5,0.2132305336731544,0.3044627286756366,,-0.43703581561139215,0.4943181818181818,24.27635314929611,0.038119654528478056,3957
riskadj,252,0,0.3,rank,10,0.2072060380855173,0.29375081795933655,,-0.4261865823420933,0.48863636363636365,16.537691953202813,0.025968113912231562,3957
riskadj,252,0,0.3,rank,21,0.14250042435497426,0.20389984233849753,,-0.5171879896691487,0.48295454545454547,10.82395308388708,0.016996183473389354,3957
riskadj,252,0,0.3,volinv,1,0.17971542677451874,0.2654511968872024,,-0.4815902061124365,0.4715909090909091,74.76441723806131,0.11739793611547962,3957
riskadj,252,0,0.3,volinv,5,0.2420267421052404,0.35382181595756634,,-0.4553578579921166,0.5,31.057110862206567,0.048767058603869595,3957
riskadj,252,0,0.3,volinv,10,0.2824927886184143,0.4169574310209551,,-0.43949464111867476,0.5,20.94318521426781,0.03288578725907053,3957
riskadj,252,0,0.3,volinv,21,0.191638464235838,0.27965267758545437,,-0.5254148587189473,0.5,13.32672280475533,0.02092612783270509,3957
riskadj,252,2,0.1,equal,1,0.23804569576650947,0.35096221517302995,,-0.49365596101124587,0.44886363636363635,87.84230477634573,0.13793333333333335,3957
riskadj,252,2,0.1,equal,5,0.238994927141818,0.34976464593883216,,-0.47241766483811487,0.48295454545454547,34.05003790750568,0.05346666666666666,3957
riskadj,252,2,0.1,equal,10,0.13531210716623768,0.19314766104162326,,-0.512058936328329,0.48863636363636365,23.88172858225929,0.037500000000000006,3957
riskadj,252,2,0.1,equal,21,0.11136174042289546,0.1567685524612427,,-0.5265792599814788,0.4659090909090909,14.774829416224412,0.0232,3957
riskadj,252,2,0.1,rank,1,0.2317801653902403,0.3408670386955838,,-0.4963576750219646,0.44886363636363635,89.22020814666759,0.1400969696969697,3957
riskadj,252,2,0.1,rank,5,0.23949714606758735,0.35009597030538464,,-0.4723060027878908,0.48295454545454547,34.59349669021027,0.05432002635046114,3957
riskadj,252,2,0.1,rank,10,0.13262327954838227,0.18879162356515417,,-0.517524447169011,0.48295454545454547,24.223603340655128,0.03803682476943347,3957
riskadj,252,2,0.1,rank,21,0.10567462348109707,0.14811220145953152,,-0.5336520829234965,0.4715909090909091,15.095769642231062,0.02370395256916996,3957
riskadj,252,2,0.1,volinv,1,0.30299012621644544,0.46754030438861777,,-0.4631226217319171,0.4715909090909091,107.84538198729088,0.16934292719194843,3957
riskadj,252,2,0.1,volinv,5,0.27725910733246384,0.4229239547501361,,-0.4633660605270403,0.4943181818181818,41.61101321896493,0.06533919813787469,3957
riskadj,252,2,0.1,volinv,10,0.1687328091839086,0.24968356631395444,,-0.4808222461472764,0.48295454545454547,28.559260106296172,0.04484483819071983,3957
riskadj,252,2,0.1,volinv,21,0.16875858216890882,0.24775979668363157,,-0.4663625160390419,0.4659090909090909,17.45132085851656,0.027402728824265882,3957
riskadj,252,2,0.2,equal,1,0.07928104630787833,0.11301926227496618,,-0.47110289436568986,0.4659090909090909,62.30053070507961,0.09782666666666667,3957
riskadj,252,2,0.2,equal,5,0.24510237716796238,0.347593129578558,,-0.41414465054610994,0.5113636363636364,25.996057619408642,0.040819999999999995,3957
riskadj,252,2,0.2,equal,10,0.22254724565852368,0.3117370601145733,,-0.3797315123489594,0.48863636363636365,17.250037907505686,0.02708666666666667,3957
riskadj,252,2,0.2,equal,21,0.08707278844059137,0.12352658239227915,,-0.4884871979676151,0.4602272727272727,11.501440485216074,0.01806,3957
riskadj,252,2,0.2,rank,1,0.11340939310475542,0.16173794135087077,,-0.46185642616140843,0.4659090909090909,66.7872790391445,0.10487192982456142,3957
riskadj,252,2,0.2,rank,5,0.2511338429616869,0.35593369172458555,,-0.41919184227598316,0.5056818181818182,27.540297673676235,0.04324482456140351,3957
riskadj,252,2,0.2,rank,10,0.2136008028614912,0.29804896084730953,,-0.3866879878634447,0.4659090909090909,18.438984876900367,0.02895359649122807,3957
riskadj,252,2,0.2,rank,21,0.09556044886589203,0.13511259460989192,,-0.4929685667589332,0.4602272727272727,12.264035752763258,0.019257456140350876,3957
riskadj,252,2,0.2,volinv,1,0.1144475119580586,0.16644631955993364,,-0.4764053087262453,0.4772727272727273,85.85875831465685,0.13481869311551475,3957
riskadj,252,2,0.2,volinv,5,0.2922723949026055,0.4244701920299375,,-0.42384291962579457,0.4943181818181818,35.42257988563137,0.05562188436803307,3957
riskadj,252,2,0.2,volinv,10,0.3009881002728496,0.43423440020718473,,-0.3786214256320142,0.5056818181818182,23.04486327060831,0.036185922207062335,3957
riskadj,252,2,0.2,volinv,21,0.18300851333836285,0.26590790387888125,,-0.44231122749668395,0.48295454545454547,15.131155107511812,0.023759516174771525,3957
riskadj,252,2,0.3,equal,1,0.17077325792712425,0.24487029973426677,,-0.44838798123503265,0.5056818181818182,51.81197877179681,0.08135714285714286,3957
riskadj,252,2,0.3,equal,5,0.2839348389801816,0.4069291937181175,,-0.4379166458425062,0.5113636363636364,21.336618650492795,0.033503571428571424,3957
riskadj,252,2,0.3,equal,10,0.23961207360611292,0.34565336427870463,,-0.4322142446154251,0.5,14.233510235026536,0.022350000000000002,3957
riskadj,252,2,0.3,equal,21,0.0637376831180811,0.09074171160335326,,-0.5372373203427772,0.48863636363636365,9.748294162244123,0.015307142857142856,3957
riskadj,252,2,0.3,rank,1,0.17044833861111977,0.24311501364756916,,-0.44214170048781964,0.5,58.84776048402682,0.09240499533146591,3957
riskadj,252,2,0.3,rank,5,0.27406097891542536,0.3896055512065173,,-0.4328297858234387,0.5227272727272727,24.027791404658906,0.03772935340802988,3957
riskadj,252,2,0.3,rank,10,0.2290915158815334,0.325448163617707,,-0.4165070420087047,0.5,16.13735896178031,0.025339495798319327,3957
riskadj,252,2,0.3,rank,21,0.078082983941505,0.11055647332720026,,-0.5252009253486336,0.4715909090909091,10.92252003151526,0.01715095704948646,3957
riskadj,252,2,0.3,volinv,1,0.1686928876334997,0.24618984950280273,,-0.47308203395353954,0.5056818181818182,74.90273657849725,0.11761513041314034,3957
riskadj,252,2,0.3,volinv,5,0.29493797866945953,0.4306920184931567,,-0.4659148837351986,0.5284090909090909,30.9570314952466,0.04860991016932174,3957
riskadj,252,2,0.3,volinv,10,0.26189932428493334,0.3841703747903196,,-0.4525641035925758,0.5,20.4675040255837,0.0321388545354106,3957
riskadj,252,2,0.3,volinv,21,0.11314066705762413,0.16185952816647925,,-0.5245033853839114,0.5056818181818182,13.606294674097283,0.02136512223230276,3957
riskadj,252,7,0.1,equal,1,0.2593792663908353,0.3719269510533382,,-0.49978320152865263,0.48295454545454547,87.56633813495073,0.1375,3957
riskadj,252,7,0.1,equal,5,0.2439122847483875,0.35216524706079266,,-0.4823977451460536,0.4772727272727273,33.94389689158454,0.0533,3957
riskadj,252,7,0.1,equal,10,0.26833346944614495,0.3782758354448458,,-0.45418925448199043,0.5056818181818182,22.71417740712661,0.035666666666666666,3957
riskadj,252,7,0.1,equal,21,0.19737261097700795,0.28669946343811853,,-0.4377411787727694,0.4772727272727273,15.730098559514781,0.0247,3957
riskadj,252,7,0.1,rank,1,0.2539738555692307,0.36355013598549435,,-0.4958029287715482,0.4772727272727273,88.95661763163494,0.139683069828722,3957
riskadj,252,7,0.1,rank,5,0.24157029460261492,0.3472555283151444,,-0.47984757626137853,0.4772727272727273,34.49394229069214,0.054163702239789197,3957
riskadj,252,7,0.1,rank,10,0.2622585121671684,0.3676073978718169,,-0.4560520580908338,0.5056818181818182,23.071532811718065,0.036227799736495384,3957
riskadj,252,7,0.1,rank,21,0.1996969570819009,0.288721832178947,,-0.43820515949253536,0.48295454545454547,15.964405900984996,0.025067918313570487,3957
riskadj,252,7,0.1,volinv,1,0.22854052146026596,0.33664938385497817,,-0.5057352898917513,0.4772727272727273,107.05309910298072,0.1680988544247995,3957
riskadj,252,7,0.1,volinv,5,0.25712791820595177,0.382497143023472,,-0.45607045403090185,0.4772727272727273,41.73385945793148,0.06553209598215669,3957
riskadj,252,7,0.1,volinv,10,0.2694239918129599,0.38994217739834247,,-0.42530861733154945,0.4943181818181818,27.60727658569409,0.04334999740063156,3957
riskadj,252,7,0.1,volinv,21,0.2420642014260004,0.3717585044724316,,-0.4339184557788668,0.4943181818181818,18.264931369628314,0.028680291043499704,3957
riskadj,252,7,0.2,equal,1,0.2018174049307402,0.2810171465726399,,-0.40974567245467963,0.4943181818181818,62.25807429871114,0.09776000000000001,3957
riskadj,252,7,0.2,equal,5,0.2442879351243735,0.34220331220227124,,-0.348303696662425,0.4602272727272727,25.974829416224413,0.040786666666666666,3957
riskadj,252,7,0.2,equal,10,0.2538754400367941,0.35508605943018046,,-0.3245675344159018,0.4715909090909091,17.203335860500378,0.027013333333333337,3957
riskadj,252,7,0.2,equal,21,0.1446513781581663,0.20369750619866608,,-0.4624140605817024,0.48863636363636365,11.446247156937075,0.017973333333333334,3957
riskadj,252,7,0.2,rank,1,0.21769871599734486,0.30303121957960133,,-0.398572384156443,0.48295454545454547,66.71923706156977,0.10476508771929827,3957
riskadj,252,7,0.2,rank,5,0.25725015010907976,0.3602929871093268,,-0.3571619866157285,0.4659090909090909,27.515326603088464,0.04320561403508772,3957
riskadj,252,7,0.2,rank,10,0.2707117814161629,0.37717981153858526,,-0.33825715079876384,0.4602272727272727,18.31312397749491,0.0287559649122807,3957
riskadj,252,7,0.2,rank,21,0.1409170088319524,0.19809737376090084,,-0.45289603555122493,0.48295454545454547,12.237835680938511,0.019216315789473686,3957
riskadj,252,7,0.2,volinv,1,0.21370040422888595,0.30483785312190415,,-0.43184491426787985,0.48295454545454547,85.93966299900868,0.13494573273296717,3957
riskadj,252,7,0.2,volinv,5,0.30582382150535653,0.4400544925938264,,-0.35712982452649455,0.48295454545454547,35.42501004862585,0.05562570030254464,3957
riskadj,252,7,0.2,volinv,10,0.34380909055827075,0.49340809437783983,,-0.31360608610273033,0.5170454545454546,23.34578645783502,0.03665844325938618,3957
riskadj,252,7,0.2,volinv,21,0.22454142280869993,0.3288062289204834,,-0.4381573555325793,0.48863636363636365,15.111090079549223,0.02372800930348265,3957
riskadj,252,7,0.3,equal,1,0.2595312273434236,0.37573761260583166,,-0.411066231023678,0.48863636363636365,51.709628506444275,0.08119642857142859,3957
riskadj,252,7,0.3,equal,5,0.17426784487378755,0.2523172513303938,,-0.43658520408207724,0.4772727272727273,21.318423047763456,0.033475,3957
riskadj,252,7,0.3,equal,10,0.21301646297630605,0.3040749284639745,,-0.3871852383436063,0.5,14.601971190295677,0.02292857142857143,3957
riskadj,252,7,0.3,equal,21,0.07459248928916787,0.10726304623591239,,-0.48793976554634677,0.5113636363636364,9.793783169067474,0.015378571428571429,3957
riskadj,252,7,0.3,rank,1,0.2578696179132923,0.36806573582459684,,-0.4006526668565956,0.48295454545454547,58.74070522826265,0.09223689309056957,3957
riskadj,252,7,0.3,rank,5,0.2132039352696346,0.3045040909313668,,-0.3888557540068607,0.48863636363636365,24.002891376414098,0.03769025443510737,3957
riskadj,252,7,0.3,rank,10,0.24416922541578337,0.3447140594159679,,-0.3594736986834214,0.5056818181818182,16.339770176455723,0.02565732959850607,3957
riskadj,252,7,0.3,rank,21,0.0967302527673655,0.13781066555644714,,-0.4730625072504153,0.4943181818181818,10.93850064665745,0.017176050420168065,3957
riskadj,252,7,0.3,volinv,1,0.27537646138752414,0.40542518544983697,,-0.4395854327457973,0.5113636363636364,74.95443402576834,0.11769630771427192,3957
riskadj,252,7,0.3,volinv,5,0.19927253933800432,0.292806900528781,,-0.4376808214450678,0.4943181818181818,30.917445552556057,0.04854775081407315,3957
riskadj,252,7,0.3,volinv,10,0.278744899112303,0.40488193349020324,,-0.3607996791652217,0.5113636363636364,20.88894941952973,0.032800624148047276,3957
riskadj,252,7,0.3,volinv,21,0.0957008900804235,0.13886943981466,,-0.49739014334569265,0.4943181818181818,13.708054789536023,0.02152490984214049,3957
blend,10,0,0.1,equal,1,-0.6547408473378263,-0.8482207527688104,,-0.8781374325101076,0.36363636363636365,398.1455648218347,0.6251833333333333,3957
blend,10,0,0.1,equal,5,-0.49727942645476825,-0.6981065757187292,,-0.8076410153818094,0.3977272727272727,146.58074298711145,0.23016666666666666,3957
blend,10,0,0.1,equal,10,-0.2455655351276678,-0.3527265230936599,,-0.6477196032230264,0.4431818181818182,83.38438210765732,0.13093333333333335,3957
blend,10,0,0.1,equal,21,-0.23437858334164635,-0.33751271488712814,,-0.7310552292754624,0.4375,43.36921910538287,0.0681,3957
blend,10,0,0.1,rank,1,-0.6531309577833972,-0.849042035821217,,-0.8764117217112177,0.3693181818181818,400.701651448726,0.6291969979296067,3957
blend,10,0,0.1,rank,5,-0.500213529773869,-0.6999181994047123,,-0.8073943995562697,0.4034090909090909,147.45504789131385,0.23153953353409876,3957
blend,10,0,0.1,rank,10,-0.2464200135398658,-0.3529591772285448,,-0.6512308528225164,0.4318181818181818,83.7656517044393,0.13153201737875653,3957
blend,10,0,0.1,rank,21,-0.24709499308781033,-0.35560934062286526,,-0.73812214357057,0.4318181818181818,43.47747075528332,0.06826998086454608,3957
blend,10,0,0.1,volinv,1,-0.6970316774719959,-0.903829884659753,,-0.8904514029806744,0.375,420.1742025876843,0.659773539539471,3957
blend,10,0,0.1,volinv,5,-0.46460753756253775,-0.6452488223889414,,-0.8008998212591542,0.4431818181818182,149.51540659719743,0.23477478726393264,3957
blend,10,0,0.1,volinv,10,-0.24414484527059402,-0.3470335810675976,,-0.6620351392607802,0.4431818181818182,84.67566527834583,0.13296095535968827,3957
blend,10,0,0.1,volinv,21,-0.2127797485989428,-0.3054040822994676,,-0.7175556949976625,0.4034090909090909,43.73704241365914,0.06867757017097192,3957
blend,10,0,0.2,equal,1,-0.4550178485091942,-0.5975824591841871,,-0.7890421900591355,0.3977272727272727,295.08870356330556,0.46335952380952383,3957
blend,10,0,0.2,equal,5,-0.4373062722603771,-0.5595250061812546,,-0.7801215712910649,0.42045454545454547,117.020773313116,0.1837504761904762,3957
blend,10,0,0.2,equal,10,-0.4800213289444053,-0.6260193187486635,,-0.8216532750242695,0.42045454545454547,71.86231993934798,0.11284095238095238,3957
blend,10,0,0.2,equal,21,-0.28643162309147335,-0.411616747035023,,-0.7840330861030627,0.4318181818181818,38.38119787717969,0.06026761904761905,3957
blend,10,0,0.2,rank,1,-0.4756536795061152,-0.6234338464202842,,-0.8005920269664413,0.4147727272727273,304.43956213505714,0.47804259816207184,3957
blend,10,0,0.2,rank,5,-0.4588691327683295,-0.5880541932359249,,-0.7887399032293289,0.4034090909090909,120.89817245919956,0.18983891604010023,3957
blend,10,0,0.2,rank,10,-0.4488999151833862,-0.5882379114518386,,-0.8067333850259871,0.4318181818181818,73.4013309746441,0.11525756613756614,3957
blend,10,0,0.2,rank,21,-0.28933338365019284,-0.41544975514385796,,-0.7836761590967645,0.42613636363636365,39.13185649238082,0.06144633180172654,3957
blend,10,0,0.2,volinv,1,-0.5100517615077501,-0.6649632603795927,,-0.8167831468303426,0.3806818181818182,318.23089756859974,0.4996982784440274,3957
blend,10,0,0.2,volinv,5,-0.46561899248853517,-0.5893575953307433,,-0.7881325139824029,0.38636363636363635,121.72214122268136,0.19113274318180562,3957
blend,10,0,0.2,volinv,10,-0.48935068248336283,-0.6223591706804313,,-0.8221139028310043,0.4147727272727273,74.06806369982921,0.11630449526199374,3957
blend,10,0,0.2,volinv,21,-0.2597040160974951,-0.37189337610907003,,-0.7662267215699222,0.4375,39.36139495142015,0.06180676183443236,3957
blend,10,0,0.3,equal,1,-0.4210757032685094,-0.5666682759749995,,-0.7700090577506611,0.3806818181818182,241.91675511751328,0.37986690476190477,3957
blend,10,0,0.3,equal,5,-0.37035445821380797,-0.4935054788853422,,-0.7291614582570597,0.4034090909090909,99.05974222896133,0.15554738095238096,3957
blend,10,0,0.3,equal,10,-0.4238878043895432,-0.5793325245022978,,-0.7961082117852698,0.4318181818181818,61.72479150871872,0.09692261904761904,3957
blend,10,0,0.3,equal,21,-0.2491944858457316,-0.3581860067131629,,-0.7679188863135025,0.4318181818181818,34.19565327268133,0.05369531746031746,3957
blend,10,0,0.3,rank,1,-0.45378064636653564,-0.6078432973076943,,-0.785668814559142,0.4034090909090909,262.41971012950626,0.4120614257866889,3957
blend,10,0,0.3,rank,5,-0.41411295927741265,-0.5443127185984643,,-0.7573177407230429,0.4090909090909091,107.35324129059735,0.16857014912178322,3957
blend,10,0,0.3,rank,10,-0.4248361700954261,-0.5738846452814046,,-0.7955843190434965,0.4431818181818182,65.98896433877809,0.1036183856700575,3957
blend,10,0,0.3,rank,21,-0.25810347423106206,-0.37140788943774583,,-0.7747144823842377,0.4318181818181818,36.00463025446669,0.05653584203052566,3957
blend,10,0,0.3,volinv,1,-0.46748935033953737,-0.6250204481615259,,-0.7892372751841059,0.38636363636363635,265.8301071179063,0.41741656105776,3957
blend,10,0,0.3,volinv,5,-0.3811013024866687,-0.49636857618431646,,-0.7370252551187839,0.4147727272727273,104.53638219763089,0.16414700966508944,3957
blend,10,0,0.3,volinv,10,-0.4257397320309615,-0.5647747652992513,,-0.7891502492339428,0.4375,64.67906189534078,0.10156152695232679,3957
blend,10,0,0.3,volinv,21,-0.22073016936506992,-0.31762729384613014,,-0.7439530654958597,0.4318181818181818,35.61188037473935,0.05591913120747762,3957
blend,10,2,0.1,equal,1,-0.6367970729009507,-0.9138876863122618,,-0.8564489993559415,0.4375,398.081880212282,0.6250833333333333,3957
blend,10,2,0.1,equal,5,-0.43037350578090616,-0.6047344855664482,,-0.7584061548127355,0.42045454545454547,146.28354814253223,0.2297,3957
blend,10,2,0.1,equal,10,-0.3943453780503731,-0.550045330677171,,-0.792975661192297,0.4375,85.44351781652766,0.13416666666666666,3957
blend,10,2,0.1,equal,21,-0.46587696352965297,-0.6575559679256274,,-0.7621110399637357,0.4147727272727273,43.17816527672479,0.0678,3957
blend,10,2,0.1,rank,1,-0.6396099912212304,-0.9142439337953,,-0.8561057434164876,0.4431818181818182,400.6255907128109,0.629077564464521,3957
blend,10,2,0.1,rank,5,-0.45157344030744534,-0.6316565662322262,,-0.7695055666182007,0.4034090909090909,147.21348368478934,0.23116022021456806,3957
blend,10,2,0.1,rank,10,-0.3934825271570192,-0.5472200735534775,,-0.791349472859156,0.4318181818181818,85.7792904154443,0.13469390959282262,3957
blend,10,2,0.1,rank,21,-0.458281802398084,-0.6493084875893884,,-0.7556364237179312,0.4318181818181818,43.257333529113865,0.06792431300583475,3957
blend,10,2,0.1,volinv,1,-0.6435189306610549,-0.9222790379424438,,-0.8594789898813062,0.4375,419.6430775047763,0.6589395467009522,3957
blend,10,2,0.1,volinv,5,-0.38865243200248223,-0.5464404028404591,,-0.7558084217582128,0.45454545454545453,149.89515838288312,0.23537108798455098,3957
blend,10,2,0.1,volinv,10,-0.35785720934734866,-0.5028021209097896,,-0.7724850530720717,0.4375,86.55585109160516,0.1359132947497943,3957
blend,10,2,0.1,volinv,21,-0.5198935778479322,-0.7316682860580995,,-0.7920586589395544,0.42045454545454547,43.59940844345593,0.06846145206775997,3957
blend,10,2,0.2,equal,1,-0.5628325854059884,-0.774293661424302,,-0.8284194110881555,0.4318181818181818,294.9188779378316,0.4630928571428571,3957
blend,10,2,0.2,equal,5,-0.3013334983319111,-0.4169994140799031,,-0.6992687536920333,0.3806818181818182,117.91569370735407,0.18515571428571428,3957
blend,10,2,0.2,equal,10,-0.24298506745638182,-0.33847516474728895,,-0.6914972278268368,0.45454545454545453,71.44351781652767,0.11218333333333333,3957
blend,10,2,0.2,equal,21,-0.6294770283089995,-0.9094385757888795,,-0.8421317901659514,0.42613636363636365,37.88870356330554,0.059494285714285715,3957
blend,10,2,0.2,rank,1,-0.5751528080804846,-0.7949447943763215,,-0.8324274646537215,0.4318181818181818,304.2705186012796,0.47777715956558064,3957
blend,10,2,0.2,rank,5,-0.34315048562965017,-0.4745211662561391,,-0.723952092614192,0.38636363636363635,121.85743984677386,0.191345194235589,3957
blend,10,2,0.2,rank,10,-0.28364986850536783,-0.3949387502497733,,-0.7175027369645772,0.44886363636363635,73.41284554575724,0.11527564675577834,3957
blend,10,2,0.2,rank,21,-0.6298245765324139,-0.9084455298100736,,-0.8419696842340442,0.4147727272727273,38.600287298990466,0.06061164160401002,3957
blend,10,2,0.2,volinv,1,-0.5880658250401518,-0.8076242526040037,,-0.8394143403204654,0.4318181818181818,317.4775927686366,0.49851541054979964,3957
blend,10,2,0.2,volinv,5,-0.32264868901247185,-0.4448754967101442,,-0.711063515329267,0.42045454545454547,122.8655130420579,0.19292810916961234,3957
blend,10,2,0.2,volinv,10,-0.24420124206134425,-0.3420165211896587,,-0.6946096875318972,0.4431818181818182,73.68696184846156,0.11570607461681046,3957
blend,10,2,0.2,volinv,21,-0.5977822600226139,-0.8491025402420009,,-0.8353632682051866,0.42613636363636365,38.87990639372328,0.06105071015871549,3957
blend,10,2,0.3,equal,1,-0.45963743606625,-0.6125658720846908,,-0.7777795424212506,0.4431818181818182,241.76512509476876,0.3796288095238095,3957
blend,10,2,0.3,equal,5,-0.3074511587694722,-0.42337802189163104,,-0.7095291374800686,0.38636363636363635,99.58867829163508,0.1563779365079365,3957
blend,10,2,0.3,equal,10,-0.3253098399464302,-0.4454668753408788,,-0.7477464904008053,0.42613636363636365,61.32701541571898,0.09629801587301587,3957
blend,10,2,0.3,equal,21,-0.6050337907415531,-0.8413957222942455,,-0.8308471231961143,0.4034090909090909,34.24230477634572,0.05376857142857143,3957
blend,10,2,0.3,rank,1,-0.5023634734703959,-0.6777307962201679,,-0.7997892665928273,0.4431818181818182,262.26964843689893,0.4118257932003211,3957
blend,10,2,0.3,rank,5,-0.33723481085420876,-0.46407722594786455,,-0.7269168934751,0.39204545454545453,107.96654746079696,0.16953318583427524,3957
blend,10,2,0.3,rank,10,-0.3245235013873072,-0.44673320101102243,,-0.7461449640472855,0.4318181818181818,65.90033641444288,0.10347921872696447,3957
blend,10,2,0.3,rank,21,-0.6204159196166518,-0.8682765686522886,,-0.8370499578891599,0.4034090909090909,35.869151248078865,0.05632310773359051,3957
blend,10,2,0.3,volinv,1,-0.4964328842383266,-0.6449332097878311,,-0.8008834187716278,0.4318181818181818,265.209647723806,0.41644229208059524,3957
blend,10,2,0.3,volinv,5,-0.36091475727703926,-0.4859808372253143,,-0.7434709511351598,0.42045454545454547,105.891125616211,0.166274279390217,3957
blend,10,2,0.3,volinv,10,-0.3810220626948843,-0.5134836503348312,,-0.7770255105137027,0.42045454545454547,64.5543994181394,0.10136577718157841,3957
blend,10,2,0.3,volinv,21,-0.5845496567142978,-0.7988677875923397,,-0.8276715867157378,0.4034090909090909,35.46842376634155,0.055693870175957755,3957
blend,10,7,0.1,equal,1,-0.290042434250701,-0.42435920103512115,,-0.6823686920838125,0.4375,397.43442001516297,0.6240666666666667,3957
blend,10,7,0.1,equal,5,-0.16950629687126134,-0.23783528353885075,,-0.6839571531254308,0.44886363636363635,146.1243366186505,0.22945,3957
blend,10,7,0.1,equal,10,-0.3318065457879627,-0.4577744110251833,,-0.7954245406962919,0.42613636363636365,84.99772554965882,0.13346666666666668,3957
blend,10,7,0.1,equal,21,-0.27349639760301925,-0.4056565027275114,,-0.7042088111697649,0.48863636363636365,43.316148597422284,0.06801666666666667,3957
blend,10,7,0.1,rank,1,-0.310817808593071,-0.4527577294997884,,-0.6991400963289973,0.42045454545454547,399.98659203033395,0.6280741843904887,3957
blend,10,7,0.1,rank,5,-0.1726649745558161,-0.2418367907431533,,-0.6844272707612002,0.4431818181818182,147.04848265094827,0.23090112930547715,3957
blend,10,7,0.1,rank,10,-0.3265410052568665,-0.45023764858049414,,-0.7927077829926261,0.4375,85.34892185859651,0.13401812848986763,3957
blend,10,7,0.1,rank,21,-0.27284051927325786,-0.4040378953537999,,-0.702748738450862,0.48863636363636365,43.40460643618503,0.06815556653491436,3957
blend,10,7,0.1,volinv,1,-0.36922289539733455,-0.5227558021663485,,-0.730374529673828,0.4431818181818182,420.39407040244663,0.6601187843581275,3957
blend,10,7,0.1,volinv,5,-0.18005206181060698,-0.24879710767983426,,-0.6712189862853111,0.45454545454545453,149.74921769516163,0.23514192635704548,3957
blend,10,7,0.1,volinv,10,-0.3564453407035682,-0.4836761759729827,,-0.7985266279224994,0.4147727272727273,85.95177384713526,0.13496474964806118,3957
blend,10,7,0.1,volinv,21,-0.35199381543108,-0.519442065463255,,-0.7513480925838474,0.48863636363636365,43.79633145462456,0.06877066808172594,3957
blend,10,7,0.2,equal,1,-0.5352273173651662,-0.7609544637152821,,-0.837227447612009,0.4318181818181818,294.4009097801365,0.4622795238095238,3957
blend,10,7,0.2,equal,5,-0.19606779698591598,-0.26882205075873455,,-0.6406898482917209,0.48863636363636365,117.8010614101592,0.1849757142857143,3957
blend,10,7,0.2,equal,10,-0.37845400705683235,-0.5173535199421895,,-0.7649185908274567,0.4375,70.76330553449583,0.1111152380952381,3957
blend,10,7,0.2,equal,21,-0.2543541262708868,-0.37269502272779714,,-0.6771337379908022,0.4772727272727273,37.53692191053829,0.058941904761904765,3957
blend,10,7,0.2,rank,1,-0.5256514222186032,-0.7455083694661482,,-0.8337555544887938,0.44886363636363635,303.7322719231741,0.4769319841269841,3957
blend,10,7,0.2,rank,5,-0.2086711033265787,-0.2841371714196428,,-0.6559727909426718,0.48295454545454547,121.72945612704999,0.19114422932330827,3957
blend,10,7,0.2,rank,10,-0.37012538514346266,-0.5011356343436126,,-0.7696671838502043,0.4318181818181818,72.91030463446968,0.11448653787245892,3957
blend,10,7,0.2,rank,21,-0.26059578598583405,-0.38314835113125684,,-0.6799664817040054,0.48295454545454547,38.33904694766991,0.06020143205235311,3957
blend,10,7,0.2,volinv,1,-0.6052162826350255,-0.8375376344485743,,-0.8638921987684781,0.4147727272727273,318.9232220236613,0.50078539267763,3957
blend,10,7,0.2,volinv,5,-0.19335717752316275,-0.26461167723363127,,-0.6202939250709609,0.48863636363636365,122.89806764441364,0.19297922764640663,3957
blend,10,7,0.2,volinv,10,-0.3896887532573388,-0.5316983131412687,,-0.7561876866265046,0.4318181818181818,73.23164887099897,0.11499112483434243,3957
blend,10,7,0.2,volinv,21,-0.29973796135794917,-0.4372788444957535,,-0.6886462685104013,0.48295454545454547,38.73558806444541,0.06082409602024226,3957
blend,10,7,0.3,equal,1,-0.6501974138535513,-0.9463904801383927,,-0.8729370073478311,0.3977272727272727,241.35117513267627,0.37897880952380947,3957
blend,10,7,0.3,equal,5,-0.2299287001808898,-0.32485065528481905,,-0.6622555490581203,0.4431818181818182,99.50224917867071,0.15624222222222223,3957
blend,10,7,0.3,equal,10,-0.3077377683472234,-0.44057209762586186,,-0.7438747844076288,0.4431818181818182,61.11801870103614,0.09596984126984127,3957
blend,10,7,0.3,equal,21,-0.20773113542349939,-0.31055759174496206,,-0.6554584107754162,0.48295454545454547,33.26029820571139,0.0522265873015873,3957
blend,10,7,0.3,rank,1,-0.6019391404259113,-0.8698958191539453,,-0.8591819507447729,0.39204545454545453,261.8065004787013,0.4110985406326273,3957
blend,10,7,0.3,rank,5,-0.2348366866847645,-0.3259693696437103,,-0.6757363883969951,0.4375,107.85777521801053,0.1693623875149475,3957
blend,10,7,0.3,rank,10,-0.33176920375427826,-0.4650277332426393,,-0.7600161631512149,0.4318181818181818,65.7040463589104,0.10317099660405098,3957
blend,10,7,0.3,rank,21,-0.2393608038816283,-0.35523638465295937,,-0.6710868901961219,0.5,35.16256182952811,0.05521359411088997,3957
blend,10,7,0.3,volinv,1,-0.7241169168544095,-1.0362663744729346,,-0.8926104271180113,0.39204545454545453,265.8774372222837,0.41749088059070494,3957
blend,10,7,0.3,volinv,5,-0.28742781039117077,-0.39625869198433905,,-0.6975046052531686,0.4375,105.73950361092352,0.16603619674143827,3957
blend,10,7,0.3,volinv,10,-0.36377629363627684,-0.5142884366033335,,-0.760832657977414,0.4431818181818182,64.25576256317048,0.10089684621526412,3957
blend,10,7,0.3,volinv,21,-0.2567763721064915,-0.38169879625601927,,-0.667857585082352,0.4602272727272727,34.98587317018997,0.05493615084700068,3957
blend,20,0,0.1,equal,1,-0.3907176681944523,-0.48887874687657645,,-0.7473194480204366,0.42613636363636365,304.69901440485216,0.47845000000000004,3957
blend,20,0,0.1,equal,5,-0.41084263167092855,-0.5857525908034983,,-0.7373689307190139,0.3977272727272727,111.85140257771037,0.17563333333333334,3957
blend,20,0,0.1,equal,10,-0.2312885742639142,-0.3332807225568031,,-0.6933322491627332,0.4659090909090909,72.82335102350265,0.11435,3957
blend,20,0,0.1,equal,21,-0.17787542098474823,-0.2649822870962094,,-0.6750034983880702,0.45454545454545453,40.36542835481425,0.06338333333333332,3957
blend,20,0,0.1,rank,1,-0.3977829904171976,-0.4932295192757416,,-0.7521931187952836,0.42613636363636365,306.75044575031393,0.4816712356484095,3957
blend,20,0,0.1,rank,5,-0.4193004868774288,-0.596183508731376,,-0.7361863355286458,0.3977272727272727,112.66297380636308,0.17690769339356296,3957
blend,20,0,0.1,rank,10,-0.25087052591786496,-0.36106226860041435,,-0.7026185015803315,0.4659090909090909,73.34916958089981,0.11517566033000816,3957
blend,20,0,0.1,rank,21,-0.1734155338786427,-0.258331759082384,,-0.6734295257966783,0.44886363636363635,40.54508396087985,0.06366543541000062,3957
blend,20,0,0.1,volinv,1,-0.4143253382995937,-0.49853084815929527,,-0.7669583892162172,0.4318181818181818,325.3663732754328,0.5109026742265428,3957
blend,20,0,0.1,volinv,5,-0.3559894741302135,-0.5014285506214365,,-0.709381614147194,0.42613636363636365,116.31078668245964,0.18263562813590983,3957
blend,20,0,0.1,volinv,10,-0.17210735371499056,-0.24326968625383827,,-0.6577620608912872,0.4715909090909091,74.52787272916245,0.11702650491638723,3957
blend,20,0,0.1,volinv,21,-0.18242114558213832,-0.26935153074052365,,-0.680725213301143,0.44886363636363635,41.04465199591791,0.06444987616978061,3957
blend,20,0,0.2,equal,1,-0.4829052066903992,-0.6445745326400202,,-0.8058371013916692,0.375,228.43244882486732,0.35869333333333336,3957
blend,20,0,0.2,equal,5,-0.4171502623735404,-0.5379937155698954,,-0.7691707598090824,0.3977272727272727,86.66808188021228,0.13608952380952383,3957
blend,20,0,0.2,equal,10,-0.4407059555363543,-0.5884917929224937,,-0.798103434757556,0.42045454545454547,59.03320697498104,0.09269619047619049,3957
blend,20,0,0.2,equal,21,-0.2344145324191561,-0.3547550766336798,,-0.7071655662944629,0.4431818181818182,34.011523881728586,0.05340619047619048,3957
blend,20,0,0.2,rank,1,-0.47980049740426584,-0.6353988026494755,,-0.8024167999518146,0.39204545454545453,234.66920830345677,0.36848653065745174,3957
blend,20,0,0.2,rank,5,-0.4289659355333512,-0.5569105812030157,,-0.7697867371782349,0.4034090909090909,89.55338174853358,0.14062013157894737,3957
blend,20,0,0.2,rank,10,-0.4274243073640346,-0.5753227329626033,,-0.788656233821558,0.4318181818181818,60.955367569796366,0.09571444026733501,3957
blend,20,0,0.2,rank,21,-0.23130662415813763,-0.35047509864068627,,-0.7025171931112536,0.4375,34.96388633955371,0.05490162628794208,3957
blend,20,0,0.2,volinv,1,-0.49747908009366704,-0.6579869763517201,,-0.8155425163235467,0.38636363636363635,250.5578845584225,0.3934355353959039,3957
blend,20,0,0.2,volinv,5,-0.39754960196214634,-0.4980115070461953,,-0.759317978475987,0.42045454545454547,93.00836946552062,0.1460452849107401,3957
blend,20,0,0.2,volinv,10,-0.40221150493099894,-0.5190109094932909,,-0.7831095350472042,0.4375,61.94976026944351,0.09727587356594762,3957
blend,20,0,0.2,volinv,21,-0.20266491430400377,-0.3036180024628748,,-0.6852245716515573,0.4090909090909091,35.64945450949283,0.055978131545263154,3957
blend,20,0,0.3,equal,1,-0.4289240957793465,-0.5960866209091725,,-0.7750422482573678,0.38636363636363635,180.67915087187262,0.28370928571428566,3957
blend,20,0,0.3,equal,5,-0.35891095345201474,-0.4865512858835331,,-0.7328083291652356,0.375,71.71089208996715,0.1126031746031746,3957
blend,20,0,0.3,equal,10,-0.31764731551840014,-0.43819956856936254,,-0.7323395683587701,0.44886363636363635,49.7625473843821,0.07813904761904762,3957
blend,20,0,0.3,equal,21,-0.28541601169686526,-0.42309719732123524,,-0.7689654403724019,0.4431818181818182,29.76573161485974,0.04673928571428572,3957
blend,20,0,0.3,rank,1,-0.4462565304211411,-0.6113707707683871,,-0.7796682328289142,0.39204545454545453,196.2574227870923,0.30817088173354135,3957
blend,20,0,0.3,rank,5,-0.38455380156112967,-0.5148004513535995,,-0.7446992096439815,0.3977272727272727,78.10491556810533,0.12264331385039395,3957
blend,20,0,0.3,rank,10,-0.3525167389647774,-0.48311814242606044,,-0.750823987124303,0.4431818181818182,53.971622766593306,0.08474829812992449,3957
blend,20,0,0.3,rank,21,-0.27383562433674513,-0.40952271134632934,,-0.7523413108286512,0.42613636363636365,31.79211542463839,0.049921190767973855,3957
blend,20,0,0.3,volinv,1,-0.46399780332143176,-0.6399066137361685,,-0.794653491121142,0.38636363636363635,203.49557203984276,0.3195364994292293,3957
blend,20,0,0.3,volinv,5,-0.34658059357909254,-0.45774634346826276,,-0.7292842513203304,0.4090909090909091,78.70137213295571,0.12357989267067689,3957
blend,20,0,0.3,volinv,10,-0.2949472846546716,-0.3943394475314942,,-0.7162271300615439,0.4602272727272727,53.6549106133671,0.08425098464170382,3957
blend,20,0,0.3,volinv,21,-0.28702508583354996,-0.4252415417850126,,-0.7586314717211512,0.4375,31.868991750874553,0.05004190490405183,3957
blend,20,2,0.1,equal,1,-0.6378903074607573,-0.8874732517522665,,-0.8535985415654026,0.3977272727272727,304.42304776345713,0.47801666666666665,3957
blend,20,2,0.1,equal,5,-0.35001521286043763,-0.49712257536612664,,-0.7252133848171316,0.4375,112.2228961334344,0.17621666666666663,3957
blend,20,2,0.1,equal,10,-0.27484283894302447,-0.39285270712864767,,-0.7340197404793247,0.4318181818181818,74.35178165276724,0.11674999999999999,3957
blend,20,2,0.1,equal,21,-0.2508167498597954,-0.3682640508928067,,-0.6970979315223642,0.4090909090909091,40.80060652009097,0.06406666666666666,3957
blend,20,2,0.1,rank,1,-0.6464119525229585,-0.8982004094767093,,-0.8566273030865018,0.38636363636363635,306.47712214607424,0.4812420525127047,3957
blend,20,2,0.1,rank,5,-0.3575326273967147,-0.5077949406467807,,-0.7243137148488675,0.4318181818181818,113.15862817781267,0.1776859887696844,3957
blend,20,2,0.1,rank,10,-0.28260279280162215,-0.403185214449862,,-0.7355072826185629,0.4318181818181818,74.74966362707406,0.11737476943346509,3957
blend,20,2,0.1,rank,21,-0.24867867223241502,-0.3646675197413251,,-0.6928970002323873,0.4090909090909091,40.99589759879176,0.06437332015810276,3957
blend,20,2,0.1,volinv,1,-0.6118126934131183,-0.8483433067398108,,-0.8445474809000261,0.42613636363636365,324.5331667659085,0.5095943416240872,3957
blend,20,2,0.1,volinv,5,-0.3604087969910412,-0.5089292158208287,,-0.7364279263074596,0.4147727272727273,116.78857121542674,0.18338586361089032,3957
blend,20,2,0.1,volinv,10,-0.2505722140286409,-0.357911294581053,,-0.7273228396516609,0.42613636363636365,75.89507886954414,0.119173344082058,3957
blend,20,2,0.1,volinv,21,-0.27041340769313615,-0.392098048479436,,-0.7054430973381196,0.4034090909090909,41.470365707921864,0.06511834805803446,3957
blend,20,2,0.2,equal,1,-0.5305813679900995,-0.6886979877238527,,-0.8286421311654852,0.4034090909090909,228.24139499620924,0.35839333333333334,3957
blend,20,2,0.2,equal,5,-0.2761411514601424,-0.36698834535733943,,-0.7029579479344976,0.4375,87.00166793025018,0.13661333333333334,3957
blend,20,2,0.2,equal,10,-0.2301241481464644,-0.3072734385712108,,-0.701755301780399,0.4375,59.23396512509476,0.09301142857142858,3957
blend,20,2,0.2,equal,21,-0.3951014088565802,-0.5903641688736815,,-0.7195414919782567,0.42045454545454547,34.46307808946172,0.05411523809523809,3957
blend,20,2,0.2,rank,1,-0.5369533354299451,-0.7003396339988798,,-0.827061532172276,0.42045454545454547,234.48133870527627,0.3681915306574517,3957
blend,20,2,0.2,rank,5,-0.2894136927304728,-0.3852944208777877,,-0.7020448225132048,0.4318181818181818,90.04431675600424,0.1413910164299638,3957
blend,20,2,0.2,rank,10,-0.2542806326245182,-0.33949327709782706,,-0.7153810497809134,0.4318181818181818,61.27903426749842,0.09622267404622668,3957
blend,20,2,0.2,rank,21,-0.36770222833137955,-0.5490503833538444,,-0.704341851533084,0.4375,35.326894821081005,0.05547163603453077,3957
blend,20,2,0.2,volinv,1,-0.5597516765494146,-0.7221709344993479,,-0.8414119183186612,0.42045454545454547,250.130322504672,0.39276416117102664,3957
blend,20,2,0.2,volinv,5,-0.28756618613296636,-0.3717315190062237,,-0.7087590485349913,0.45454545454545453,93.02458823516463,0.146070752240693,3957
blend,20,2,0.2,volinv,10,-0.26985268324976797,-0.3524162879677943,,-0.7320579768188054,0.42613636363636365,61.958111531199705,0.09728898703530049,3957
blend,20,2,0.2,volinv,21,-0.38445626177558745,-0.5670861167049563,,-0.7161341036162874,0.3977272727272727,35.85572131391967,0.05630201953935721,3957
blend,20,2,0.3,equal,1,-0.4989772358233909,-0.6684267699182428,,-0.8099554157477568,0.3977272727272727,180.54571645185746,0.2834997619047619,3957
blend,20,2,0.3,equal,5,-0.32097602789286106,-0.43871103293214986,,-0.7328905243373925,0.4034090909090909,71.8845084660096,0.11287579365079364,3957
blend,20,2,0.3,equal,10,-0.2782482796433055,-0.3834180532646084,,-0.7314149872551348,0.42045454545454547,50.26231993934799,0.07892380952380952,3957
blend,20,2,0.3,equal,21,-0.4096681552642514,-0.6030717590055861,,-0.7401203282078228,0.4375,29.80252716704574,0.04679706349206349,3957
blend,20,2,0.3,rank,1,-0.5102149224488444,-0.6766855496096874,,-0.8133417996675578,0.42045454545454547,196.11199918929836,0.3079425320603387,3957
blend,20,2,0.3,rank,5,-0.33087749230753305,-0.4474920387016832,,-0.7297552904487312,0.4147727272727273,78.31665814823594,0.12297580011609907,3957
blend,20,2,0.3,rank,10,-0.2863774279178281,-0.38938922764434203,,-0.7384000722062771,0.4431818181818182,54.40569219600906,0.08542989048397137,3957
blend,20,2,0.3,rank,21,-0.39127603954478857,-0.5790947916685101,,-0.7269916057306492,0.4431818181818182,31.848444514339263,0.05000964085049225,3957
blend,20,2,0.3,volinv,1,-0.5667341959418462,-0.7474612450706187,,-0.8342688906357505,0.4147727272727273,203.52727707709366,0.3195862838865316,3957
blend,20,2,0.3,volinv,5,-0.3209803521400215,-0.4315766218676616,,-0.72431747404166,0.3977272727272727,78.35328425057477,0.12303331181727158,3957
blend,20,2,0.3,volinv,10,-0.30492816612677726,-0.41565674478046166,,-0.7392177336543964,0.42613636363636365,53.46679031991102,0.0839555909904317,3957
blend,20,2,0.3,volinv,21,-0.40873965826828695,-0.5947058619002498,,-0.7407322126964847,0.4090909090909091,31.648274243127425,0.049695325865101274,3957
blend,20,7,0.1,equal,1,-0.19279612889319742,-0.2899308171334039,,-0.6569552987722064,0.44886363636363635,303.87111448066713,0.47715,3957
blend,20,7,0.1,equal,5,-0.0050394091842052655,-0.007653972316377063,,-0.5339961610980335,0.48295454545454547,112.0106141015921,0.1758833333333333,3957
blend,20,7,0.1,equal,10,-0.11287062082802263,-0.1666311865888901,,-0.6530756149345613,0.5227272727272727,72.7915087187263,0.11429999999999998,3957
blend,20,7,0.1,equal,21,-0.2067705772180381,-0.29225171302587927,,-0.6940160997841911,0.4602272727272727,40.01516300227445,0.06283333333333334,3957
blend,20,7,0.1,rank,1,-0.2060548881363243,-0.3096320108346179,,-0.6674584074546068,0.44886363636363635,305.9046319076316,0.48034310653115,3957
blend,20,7,0.1,rank,5,-0.013204753442714354,-0.020027222751421745,,-0.5466228008785483,0.48863636363636365,112.94265428454702,0.17734685833490182,3957
blend,20,7,0.1,rank,10,-0.1181521468207653,-0.17429294267196754,,-0.6576978562688451,0.5227272727272727,73.34598814728689,0.11517066472175166,3957
blend,20,7,0.1,rank,21,-0.19794123540857658,-0.2791902786066885,,-0.6922526617660663,0.45454545454545453,40.17966559486816,0.0630916415709894,3957
blend,20,7,0.1,volinv,1,-0.27245765717758097,-0.40369174055785345,,-0.6841965095444584,0.4431818181818182,326.12638138962274,0.5120960679201338,3957
blend,20,7,0.1,volinv,5,0.01585221460653881,0.023988887052761167,,-0.525230536992429,0.48295454545454547,116.50895993103293,0.18294680732027674,3957
blend,20,7,0.1,volinv,10,-0.08879737728201105,-0.1316345480259052,,-0.6239884606116815,0.5227272727272727,74.69672509847543,0.11729164333915368,3957
blend,20,7,0.1,volinv,21,-0.224607359195707,-0.3134397762711097,,-0.6854241033149243,0.4431818181818182,40.60736691525628,0.06376323447764648,3957
blend,20,7,0.2,equal,1,-0.4617152504325591,-0.6844035509801127,,-0.7830735179217747,0.3806818181818182,227.74768764215315,0.35761809523809523,3957
blend,20,7,0.2,equal,5,-0.042000559399268104,-0.06355516515388845,,-0.5922054609075444,0.45454545454545453,86.91250947687642,0.13647333333333334,3957
blend,20,7,0.2,equal,10,-0.17277144469536987,-0.2594926446333483,,-0.7214518210059477,0.48863636363636365,58.431539044730854,0.09175142857142857,3957
blend,20,7,0.2,equal,21,0.012723556252646036,0.018715482357833775,,-0.5071711857548405,0.4772727272727273,33.39833206974981,0.052443333333333335,3957
blend,20,7,0.2,rank,1,-0.4395484629021816,-0.6558777133987697,,-0.7761163299763136,0.39204545454545453,233.9703295675723,0.36738912464241413,3957
blend,20,7,0.2,rank,5,-0.061782055081378996,-0.09355107374572719,,-0.6013851360203972,0.4659090909090909,89.94074546994223,0.14122838485101644,3957
blend,20,7,0.2,rank,10,-0.1822257304721162,-0.27375269701751853,,-0.7183540989901525,0.4943181818181818,60.3140240036533,0.09470737816764133,3957
blend,20,7,0.2,rank,21,-0.014080661611266422,-0.020540647350982946,,-0.538127304060404,0.48295454545454547,34.28048700564562,0.05382852661957925,3957
blend,20,7,0.2,volinv,1,-0.5357759090758277,-0.7825011946666609,,-0.8067139431216084,0.3693181818181818,251.62730097477962,0.39511477379254084,3957
blend,20,7,0.2,volinv,5,-0.10419447400617482,-0.1552197046570823,,-0.6088702669609807,0.4715909090909091,93.09541139676412,0.14618196146706175,3957
blend,20,7,0.2,volinv,10,-0.19099884678594967,-0.2867301282423165,,-0.7144689795386757,0.4943181818181818,61.51669743620704,0.09659586180756796,3957
blend,20,7,0.2,volinv,21,-0.06757854204053095,-0.10116083248489033,,-0.5551022985520556,0.4772727272727273,34.85041272217592,0.054723445691131,3957
blend,20,7,0.3,equal,1,-0.5805739410261138,-0.8442712064214924,,-0.8486348525795219,0.3977272727272727,180.19570381602225,0.2829501587301587,3957
blend,20,7,0.3,equal,5,-0.19161040544089572,-0.278164451524422,,-0.682117067611443,0.44886363636363635,71.8208238564569,0.11277579365079365,3957
blend,20,7,0.3,equal,10,-0.22932474677472936,-0.3352204389888642,,-0.7084361891652571,0.48295454545454547,49.33484963356077,0.07746746031746031,3957
blend,20,7,0.3,equal,21,-0.023855643902035758,-0.03434958744000352,,-0.5991689752364588,0.48863636363636365,28.33080616628759,0.04448611111111111,3957
blend,20,7,0.3,rank,1,-0.5246717454715184,-0.7759833830762797,,-0.8241340585322869,0.3977272727272727,195.7067976848907,0.30730626922187,3957
blend,20,7,0.3,rank,5,-0.15235600682240433,-0.22470280327271375,,-0.658857301312086,0.4715909090909091,78.23832433176774,0.1228527973733353,3957
blend,20,7,0.3,rank,10,-0.21978895327618594,-0.32548530461272795,,-0.7116915771119223,0.4943181818181818,53.45975440513382,0.08394454292901371,3957
blend,20,7,0.3,rank,21,-0.04256317302715039,-0.06134954048791035,,-0.5929234456783239,0.5,30.50378933246017,0.047898212058946385,3957
blend,20,7,0.3,volinv,1,-0.6723682221377065,-0.9550065114642246,,-0.8681434438271215,0.4034090909090909,204.8977580258646,0.32173826528108973,3957
blend,20,7,0.3,volinv,5,-0.23247930997821015,-0.33355175266417075,,-0.6862609331179379,0.4659090909090909,78.53806669255314,0.12332346424699717,3957
blend,20,7,0.3,volinv,10,-0.2601503884513637,-0.37733979580736354,,-0.7137582158245941,0.4715909090909091,53.14514334874286,0.08345052866308551,3957
blend,20,7,0.3,volinv,21,-0.08857235503216598,-0.12973232370791304,,-0.6297427839438536,0.45454545454545453,30.570960989814342,0.04800368755424419,3957
blend,30,0,0.1,equal,1,-0.4867892163767672,-0.687937190131737,,-0.7935394706895375,0.4034090909090909,270.21592115238815,0.42430333333333337,3957
blend,30,0,0.1,equal,5,-0.3983534926716774,-0.5633215423587636,,-0.7449025003528896,0.42045454545454547,97.26762699014404,0.15273333333333333,3957
blend,30,0,0.1,equal,10,-0.2703662696808304,-0.3830988634146815,,-0.6944364873557223,0.4659090909090909,63.09021986353297,0.09906666666666666,3957
blend,30,0,0.1,equal,21,-0.12185282615713036,-0.18120446718850233,,-0.5689591825413637,0.4715909090909091,36.576194086429105,0.057433333333333336,3957
blend,30,0,0.1,rank,1,-0.48917084815330925,-0.6932583195331148,,-0.7958785268727081,0.3977272727272727,270.892321707366,0.4253654432523998,3957
blend,30,0,0.1,rank,5,-0.40275229804004964,-0.5714576413806535,,-0.748982047900417,0.42045454545454547,98.0280255833211,0.15392734017190537,3957
blend,30,0,0.1,rank,10,-0.2796272828631342,-0.3975226408302105,,-0.699665827351396,0.4659090909090909,63.75838185394173,0.1001158400777966,3957
blend,30,0,0.1,rank,21,-0.11969682000434002,-0.17774510709937805,,-0.5620395809826717,0.4715909090909091,36.83738529108869,0.05784346571303093,3957
blend,30,0,0.1,volinv,1,-0.49347896093808946,-0.6921912904547441,,-0.7881656587576183,0.4034090909090909,290.0639869627593,0.4554695223855709,3957
blend,30,0,0.1,volinv,5,-0.3878529795228561,-0.5446836252514523,,-0.7580706854145406,0.4318181818181818,103.26432259379628,0.16214957321573487,3957
blend,30,0,0.1,volinv,10,-0.23266014911219626,-0.3307273282360838,,-0.6747065296759253,0.48295454545454547,65.9705549676968,0.1035894785742763,3957
blend,30,0,0.1,volinv,21,-0.09497920871155457,-0.1399295678385648,,-0.5569627604612043,0.4772727272727273,37.86699402116777,0.059460196564190826,3957
blend,30,0,0.2,equal,1,-0.46421213934064287,-0.6480429633443987,,-0.7987460596941576,0.3977272727272727,193.51448066717208,0.30386380952380954,3957
blend,30,0,0.2,equal,5,-0.33543163526723735,-0.47119856239886954,,-0.6844091320636789,0.3693181818181818,73.52873388931009,0.11545761904761906,3957
blend,30,0,0.2,equal,10,-0.3610815945619744,-0.5030268947204544,,-0.7406582030265708,0.4318181818181818,49.525701288855196,0.07776714285714285,3957
blend,30,0,0.2,equal,21,-0.2530476537221633,-0.37879111429866935,,-0.6522965357868016,0.4375,30.422744503411675,0.047770952380952386,3957
blend,30,0,0.2,rank,1,-0.47577735965969786,-0.6661120785539139,,-0.8006010727717976,0.39204545454545453,198.1208216396437,0.3110968615984405,3957
blend,30,0,0.2,rank,5,-0.366746159818808,-0.512403848589683,,-0.7075710175154034,0.38636363636363635,76.09311546493223,0.11948430868838764,3957
blend,30,0,0.2,rank,10,-0.371294344332234,-0.5154223768244213,,-0.7393070098440774,0.42613636363636365,51.271086548820875,0.08050781328320802,3957
blend,30,0,0.2,rank,21,-0.24251739390598887,-0.3630283007620363,,-0.6434985195836624,0.4659090909090909,31.266054826224014,0.049095150375939846,3957
blend,30,0,0.2,volinv,1,-0.4764839147399625,-0.6566399653497074,,-0.8133593768396095,0.39204545454545453,213.32227447002106,0.334966761935664,3957
blend,30,0,0.2,volinv,5,-0.35100717632872347,-0.4891529342210186,,-0.7090396073453824,0.3977272727272727,80.10569456449267,0.1257850132506736,3957
blend,30,0,0.2,volinv,10,-0.33196369423523014,-0.45974778900702984,,-0.7128221747103711,0.4318181818181818,53.1816658842744,0.08350787773971183,3957
blend,30,0,0.2,volinv,21,-0.19589108433281202,-0.2919453148494026,,-0.6472302042657497,0.4602272727272727,32.08774406244939,0.05038539811710802,3957
blend,30,0,0.3,equal,1,-0.3594982413120495,-0.5029650074324545,,-0.7398487790513986,0.38636363636363635,154.94834470558504,0.24330579365079366,3957
blend,30,0,0.3,equal,5,-0.2718048596917552,-0.368862130898476,,-0.6523344453084945,0.3977272727272727,59.942380591357086,0.09412380952380953,3957
blend,30,0,0.3,equal,10,-0.32232283506952186,-0.44006942604837507,,-0.7300833974283576,0.4147727272727273,41.17159464240586,0.06464920634920635,3957
blend,30,0,0.3,equal,21,-0.2823438783134564,-0.41985662782882904,,-0.667069789359672,0.4375,25.899671468284055,0.04066865079365079,3957
blend,30,0,0.3,rank,1,-0.3929837936508801,-0.5502787371848306,,-0.7626971521158393,0.39204545454545453,166.6410151322277,0.26166607018977184,3957
blend,30,0,0.3,rank,5,-0.31598217274433854,-0.4331545063747767,,-0.6761747508087033,0.3806818181818182,65.5978625552345,0.1030042627504218,3957
blend,30,0,0.3,rank,10,-0.344765913464247,-0.4736380321339247,,-0.7334188077977586,0.42045454545454547,44.981091577726815,0.07063102356074008,3957
blend,30,0,0.3,rank,21,-0.26665630666686446,-0.3964275082485939,,-0.6576118062388707,0.4431818181818182,27.915865761398397,0.04383455588010057,3957
blend,30,0,0.3,volinv,1,-0.34928685039519125,-0.5053777605666658,,-0.7673948501677949,0.4034090909090909,177.264676106741,0.27834774736284695,3957
blend,30,0,0.3,volinv,5,-0.3307492180125953,-0.4368298678118195,,-0.7024701078880953,0.38636363636363635,67.42166481445456,0.10586806653603045,3957
blend,30,0,0.3,volinv,10,-0.3544650300907001,-0.4774775117417911,,-0.744693911406378,0.4090909090909091,45.52861846776338,0.07149077114164273,3957
blend,30,0,0.3,volinv,21,-0.22342222134852183,-0.34159525294930004,,-0.6379122119910503,0.4375,28.24594655382543,0.04435286131487588,3957
blend,30,2,0.1,equal,1,-0.5330868188800891,-0.7525208696746044,,-0.844223265764049,0.4147727272727273,269.99302501895374,0.42395333333333335,3957
blend,30,2,0.1,equal,5,-0.17527281208423817,-0.2544368924810855,,-0.6769209336971237,0.42613636363636365,98.1485974222896,0.15411666666666668,3957
blend,30,2,0.1,equal,10,-0.1079554668207494,-0.15563738744288177,,-0.6846348853949746,0.45454545454545453,64.97952994692949,0.10203333333333334,3957
blend,30,2,0.1,equal,21,-0.2807346009897494,-0.4097945807960798,,-0.6949401685488901,0.44886363636363635,36.82031842304776,0.05781666666666666,3957
blend,30,2,0.1,rank,1,-0.5307129162736617,-0.7515829393810892,,-0.8430843428344517,0.4090909090909091,270.68295041258756,0.4250366804692892,3957
blend,30,2,0.1,rank,5,-0.18795369524450758,-0.27216603693940983,,-0.6815546665630351,0.42613636363636365,98.94997108241661,0.1553750141163185,3957
blend,30,2,0.1,rank,10,-0.10743458070418904,-0.1545887779659497,,-0.684832429401661,0.45454545454545453,65.39322919007792,0.10268293964489617,3957
blend,30,2,0.1,rank,21,-0.28973256352594134,-0.4227010136799747,,-0.6999392724960463,0.4431818181818182,37.052860743106976,0.0581818134763787,3957
blend,30,2,0.1,volinv,1,-0.49765610351037287,-0.694789084217085,,-0.8296707229013102,0.4034090909090909,289.7054494771219,0.4549065331670521,3957
blend,30,2,0.1,volinv,5,-0.11923335201156282,-0.1718238819480645,,-0.612009449508268,0.4034090909090909,103.1495344869053,0.16196932855741442,3957
blend,30,2,0.1,volinv,10,-0.049277843391376225,-0.07074209810419965,,-0.6142226816849922,0.44886363636363635,67.2710461144347,0.105631559315404,3957
blend,30,2,0.1,volinv,21,-0.28316052432580346,-0.40853964635700835,,-0.6860121152376141,0.42613636363636365,37.91275859101603,0.059532057835178745,3957
blend,30,2,0.2,equal,1,-0.43339807353804005,-0.6000325458140128,,-0.770797055345317,0.4090909090909091,193.31068991660348,0.30354380952380955,3957
blend,30,2,0.2,equal,5,-0.09003217804731208,-0.1306870892086561,,-0.5480212786175089,0.4715909090909091,72.48127369219105,0.11381285714285715,3957
blend,30,2,0.2,equal,10,-0.12891632869055517,-0.18509466006568479,,-0.6522591859389923,0.45454545454545453,49.02016679302502,0.07697333333333334,3957
blend,30,2,0.2,equal,21,-0.5621282460293101,-0.8122110607734119,,-0.8153772260267989,0.42613636363636365,31.240333586050042,0.04905476190476191,3957
blend,30,2,0.2,rank,1,-0.44165474494979123,-0.6156464083418947,,-0.7753419317578127,0.38636363636363635,197.92423730541924,0.3107881773879142,3957
blend,30,2,0.2,rank,5,-0.1037029235777657,-0.15052517722899852,,-0.5612679390771615,0.45454545454545453,75.10901489255107,0.1179390364800891,3957
blend,30,2,0.2,rank,10,-0.12256705218891438,-0.17591324236385952,,-0.6598018816546006,0.4602272727272727,50.957046140749895,0.08001469507101086,3957
blend,30,2,0.2,rank,21,-0.5356858309543414,-0.7740708583480754,,-0.8026001474077924,0.4375,31.983381881542364,0.0502215246449457,3957
blend,30,2,0.2,volinv,1,-0.451832119374932,-0.6160223548170072,,-0.7803495139933257,0.39204545454545453,213.03111914114103,0.334509578746625,3957
blend,30,2,0.2,volinv,5,-0.10019425861328722,-0.14522249557385802,,-0.5713375202534996,0.4715909090909091,78.61719013295408,0.123447706887341,3957
blend,30,2,0.2,volinv,10,-0.14318636762787795,-0.20495778942857198,,-0.6291146183387416,0.4659090909090909,52.63935780773123,0.08265632493856845,3957
blend,30,2,0.2,volinv,21,-0.4870178476645039,-0.7007446029411943,,-0.7731715414533562,0.4147727272727273,33.009378382140994,0.05183258343576663,3957
blend,30,2,0.3,equal,1,-0.3760331002847497,-0.524068171147783,,-0.7387814757248012,0.38636363636363635,154.8634318928481,0.24317246031746031,3957
blend,30,2,0.3,equal,5,-0.10371134039354797,-0.1492481963414518,,-0.55474191123063,0.4318181818181818,60.60247662370482,0.09516031746031745,3957
blend,30,2,0.3,equal,10,-0.2646382273144806,-0.3823454279491728,,-0.7186310162463317,0.42045454545454547,41.80085923679555,0.06563730158730158,3957
blend,30,2,0.3,equal,21,-0.5114737575315756,-0.7413210466005198,,-0.7929455306737426,0.4318181818181818,26.5802375537023,0.04173730158730159,3957
blend,30,2,0.3,rank,1,-0.39652763115794804,-0.5543688091036658,,-0.7459870109513504,0.375,166.53689584994314,0.26150257812627975,3957
blend,30,2,0.3,rank,5,-0.1158922410678476,-0.16741629717697767,,-0.5697062269002562,0.4375,65.72967118401037,0.10321123368060674,3957
blend,30,2,0.3,rank,10,-0.21401023961615356,-0.30882574517060707,,-0.6883809669326142,0.4318181818181818,45.25187732781686,0.07105622166117909,3957
blend,30,2,0.3,rank,21,-0.5001680035944803,-0.7272511837669752,,-0.792185232170204,0.45454545454545453,28.53823561033953,0.044811824726235516,3957
blend,30,2,0.3,volinv,1,-0.4776072314150445,-0.656644252310311,,-0.791595352583997,0.4147727272727273,177.02981967445803,0.2779789668459644,3957
blend,30,2,0.3,volinv,5,-0.1532909290104253,-0.22027402767884888,,-0.5928612495285359,0.42613636363636365,67.5686361803434,0.10609884657365828,3957
blend,30,2,0.3,volinv,10,-0.28548265108055265,-0.41128243743006343,,-0.7110026982952578,0.4375,46.01703105488657,0.07225769519213737,3957
blend,30,2,0.3,volinv,21,-0.47813405505403955,-0.6911055797009658,,-0.7854524035895586,0.4318181818181818,28.74853993023644,0.04514205258093079,3957
blend,30,7,0.1,equal,1,-0.2970760630401844,-0.44593978025973346,,-0.7563783135344746,0.4431818181818182,269.3243366186505,0.42290333333333335,3957
blend,30,7,0.1,equal,5,-0.01461430838191673,-0.021960915769306925,,-0.5903582809042538,0.4715909090909091,98.05307050796057,0.15396666666666667,3957
blend,30,7,0.1,equal,10,-0.21201327726976432,-0.30659885416781574,,-0.6947114924350527,0.4715909090909091,62.856709628506444,0.09869999999999998,3957
blend,30,7,0.1,equal,21,-0.09331236163630702,-0.13709347120738366,,-0.6869276730170177,0.4772727272727273,37.244882486732365,0.05848333333333333,3957
blend,30,7,0.1,rank,1,-0.2982238556673521,-0.4479606784354241,,-0.7594685811743211,0.4375,270.0372682223228,0.42402280569671874,3957
blend,30,7,0.1,rank,5,-0.012941896351314111,-0.019443787918193768,,-0.5906862726218913,0.4659090909090909,98.85299679059773,0.15522274138904574,3957
blend,30,7,0.1,rank,10,-0.22006438514421917,-0.31806586467829345,,-0.697129792586423,0.4715909090909091,63.419826374634034,0.09958422736683606,3957
blend,30,7,0.1,rank,21,-0.10914507655644937,-0.15962990500171023,,-0.6888354366939349,0.4715909090909091,37.44647450208317,0.05879988079553297,3957
blend,30,7,0.1,volinv,1,-0.30920280542957573,-0.46182191381507054,,-0.751871779508742,0.4090909090909091,290.6201250228438,0.4563427915537273,3957
blend,30,7,0.1,volinv,5,-0.007381587324076908,-0.01107200519349714,,-0.5533173324876245,0.4715909090909091,103.20750659333018,0.16206035856738393,3957
blend,30,7,0.1,volinv,10,-0.2165405418692497,-0.30994935419601016,,-0.6913284716539443,0.5,65.12494662143038,0.10226167213531746,3957
blend,30,7,0.1,volinv,21,-0.20206213005677842,-0.2921630046673855,,-0.7061749941231057,0.4431818181818182,38.14854770062957,0.059902302877536194,3957
blend,30,7,0.2,equal,1,-0.38970434234189527,-0.5678428036396345,,-0.7872547948887736,0.42613636363636365,192.7842304776346,0.3027171428571429,3957
blend,30,7,0.2,equal,5,-0.08282053699940857,-0.12165819371731666,,-0.6103181541865911,0.44886363636363635,72.40909780136468,0.1136995238095238,3957
blend,30,7,0.2,equal,10,-0.3256090284064409,-0.46971487932870076,,-0.7541897404313598,0.42613636363636365,48.52494313874148,0.07619571428571428,3957
blend,30,7,0.2,equal,21,-0.13777086645502035,-0.20358818973348103,,-0.7202268575571128,0.48863636363636365,29.519939347990903,0.04635333333333334,3957
blend,30,7,0.2,rank,1,-0.3595345268652735,-0.5269693110855059,,-0.7838399384620647,0.4090909090909091,197.4066881254184,0.3099755019493178,3957
blend,30,7,0.2,rank,5,-0.06709534692469044,-0.09906311069105399,,-0.6136867234699774,0.45454545454545453,75.03739763865057,0.11782658033973824,3957
blend,30,7,0.2,rank,10,-0.31171033418998123,-0.4503579641073215,,-0.7545076133200654,0.4375,50.21858265831371,0.07885513157894737,3957
blend,30,7,0.2,rank,21,-0.1415850417414252,-0.20798201224478927,,-0.7232247115927297,0.48295454545454547,30.594708910258966,0.04804097744360902,3957
blend,30,7,0.2,volinv,1,-0.4472675080914,-0.6446759680274651,,-0.7947279420783122,0.42045454545454547,215.06833458272664,0.3377084920412101,3957
blend,30,7,0.2,volinv,5,-0.1256906205972608,-0.1828826138098686,,-0.5928848801865862,0.4431818181818182,79.0362541179367,0.124105737120903,3957
blend,30,7,0.2,volinv,10,-0.3137322571606832,-0.44855669714357194,,-0.7497488141893518,0.4375,52.029443363284585,0.08169861404306235,3957
blend,30,7,0.2,volinv,21,-0.1487895398723445,-0.221002634507976,,-0.7139539079552975,0.4602272727272727,31.22918440623601,0.04903725503788725,3957
blend,30,7,0.3,equal,1,-0.4118603434348957,-0.6121267089885212,,-0.7830286708058585,0.42045454545454547,154.50988122314885,0.24261730158730155,3957
blend,30,7,0.3,equal,5,-0.12675530096489432,-0.18834474125938808,,-0.6179732901738555,0.4602272727272727,60.533737680060646,0.09505238095238094,3957
blend,30,7,0.3,equal,10,-0.18423360325845634,-0.2691929890092325,,-0.6569780048234459,0.48295454545454547,40.264341672984585,0.06322460317460318,3957
blend,30,7,0.3,equal,21,-0.11771794785916082,-0.1723313399129391,,-0.7054146014607112,0.48863636363636365,25.367955521859994,0.03983373015873015,3957
blend,30,7,0.3,rank,1,-0.37413400751374654,-0.5553527752054596,,-0.7696708756980704,0.42613636363636365,166.14749657241558,0.2608911285464478,3957
blend,30,7,0.3,rank,5,-0.09315305101237821,-0.13871205255987198,,-0.6056723434218246,0.45454545454545453,65.66325872061711,0.10310695030058807,3957
blend,30,7,0.3,rank,10,-0.21856466056048426,-0.3181573710024723,,-0.6970547929900924,0.4772727272727273,44.020134939375374,0.06912209283932871,3957
blend,30,7,0.3,rank,21,-0.1309437863363386,-0.191824123515811,,-0.7145769944936589,0.4943181818181818,27.447060675220435,0.04309842027454257,3957
blend,30,7,0.3,volinv,1,-0.5288790866125861,-0.7733392310376035,,-0.80191489343952,0.4090909090909091,178.15873176952454,0.2797516276238129,3957
blend,30,7,0.3,volinv,5,-0.16130153277258033,-0.2357781311394792,,-0.6125967983530125,0.4375,67.84348832362579,0.10653042987959814,3957
blend,30,7,0.3,volinv,10,-0.17914290797959154,-0.2569274294517064,,-0.6361525842343088,0.5,44.819417315624676,0.0703771564753678,3957
blend,30,7,0.3,volinv,21,-0.164621680985355,-0.24628276175434305,,-0.7121919604541382,0.48295454545454547,27.69234094133662,0.04348356869240834,3957
blend,45,0,0.1,equal,1,-0.410560281967432,-0.5885002511990578,,-0.7925235712893748,0.42613636363636365,233.36163760424563,0.3664333333333334,3957
blend,45,0,0.1,equal,5,-0.2582076569938706,-0.3666354046381284,,-0.7462784807241187,0.4772727272727273,84.26535253980288,0.13231666666666664,3957
blend,45,0,0.1,equal,10,-0.23227368962772546,-0.3279246329847959,,-0.7468986038528971,0.4431818181818182,54.047005307050796,0.08486666666666666,3957
blend,45,0,0.1,equal,21,-0.25205168158920854,-0.3590586209573901,,-0.6958987464248636,0.4034090909090909,33.786808188021226,0.05305333333333333,3957
blend,45,0,0.1,rank,1,-0.4180212229464596,-0.5988946135085846,,-0.7969200836851662,0.42613636363636365,234.08337903210503,0.3675666392182696,3957
blend,45,0,0.1,rank,5,-0.2713583627773646,-0.38504616464199637,,-0.7531548988693456,0.4659090909090909,84.91062918468397,0.13332990463642638,3957
blend,45,0,0.1,rank,10,-0.24919395923801704,-0.3514368389991035,,-0.7570771663217877,0.4431818181818182,54.70082737251541,0.08589332298136645,3957
blend,45,0,0.1,rank,21,-0.25171967814676627,-0.3581011319169002,,-0.7000252304755533,0.4090909090909091,34.040036119510034,0.05345096147813539,3957
blend,45,0,0.1,volinv,1,-0.4217025524632979,-0.6015214568659193,,-0.8045720093941018,0.4375,252.45124987764254,0.3964085697483458,3957
blend,45,0,0.1,volinv,5,-0.24679091207989845,-0.3506149150329318,,-0.7403879421351449,0.45454545454545453,89.57613118491487,0.1406558536105985,3957
blend,45,0,0.1,volinv,10,-0.21203536531553374,-0.3010725117339213,,-0.7349463266126546,0.42613636363636365,57.19316407255108,0.08980688501392246,3957
blend,45,0,0.1,volinv,21,-0.25956908533211326,-0.3675774763723008,,-0.7029101865592684,0.42613636363636365,34.99085084395819,0.054943966979977214,3957
blend,45,0,0.2,equal,1,-0.2509023224408946,-0.35832005368135866,,-0.7040405293574686,0.4090909090909091,165.44685367702806,0.2597909523809524,3957
blend,45,0,0.2,equal,5,-0.36276623062755076,-0.506061358887777,,-0.7822335859722351,0.3977272727272727,62.218347232752095,0.09769761904761906,3957
blend,45,0,0.2,equal,10,-0.23471419152761105,-0.32733038527535735,,-0.707407622898435,0.4147727272727273,41.13752843062926,0.06459571428571428,3957
blend,45,0,0.2,equal,21,-0.2987867723276818,-0.43083749582416664,,-0.7317022398178341,0.4090909090909091,27.053222137983322,0.042480000000000004,3957
blend,45,0,0.2,rank,1,-0.29613893718351875,-0.4217624048755282,,-0.7347000705557145,0.4147727272727273,169.17367179637242,0.2656429441659705,3957
blend,45,0,0.2,rank,5,-0.36182560113331375,-0.5057826935512783,,-0.7837561585405317,0.4147727272727273,64.47718322847807,0.10124452937900306,3957
blend,45,0,0.2,rank,10,-0.2448740675371496,-0.34289047109928933,,-0.7217948219453005,0.4147727272727273,42.75253492589193,0.06713165900863269,3957
blend,45,0,0.2,rank,21,-0.2992783885385499,-0.4316838530638169,,-0.7374163628825456,0.4090909090909091,28.00869079446151,0.04398031328320802,3957
blend,45,0,0.2,volinv,1,-0.3061941165170745,-0.4350958457814973,,-0.712088789361726,0.4147727272727273,189.3339143727847,0.29729932506869405,3957
blend,45,0,0.2,volinv,5,-0.35717968408966594,-0.4961840502635321,,-0.7618191322703987,0.3977272727272727,69.86926522840623,0.10971138194793789,3957
blend,45,0,0.2,volinv,10,-0.2892169346284201,-0.40085410108377095,,-0.7258870729156537,0.4431818181818182,45.487053784273314,0.07142550469221012,3957
blend,45,0,0.2,volinv,21,-0.2492336443018903,-0.3569727310718706,,-0.7122092876592555,0.42613636363636365,29.157842330052947,0.045784754801595044,3957
blend,45,0,0.3,equal,1,-0.29781560947319113,-0.40590748513319563,,-0.7263243315590168,0.4318181818181818,133.3976750063179,0.20946611111111108,3957
blend,45,0,0.3,equal,5,-0.2751201839505981,-0.387738359527598,,-0.7284917751792317,0.4375,51.14879959565327,0.08031579365079365,3957
blend,45,0,0.3,equal,10,-0.2782000378319746,-0.39290897938551067,,-0.7316037320084391,0.4034090909090909,34.181147333838766,0.05367253968253968,3957
blend,45,0,0.3,equal,21,-0.23872525139484435,-0.3452403372809423,,-0.7352131374815425,0.42045454545454547,22.714430123831185,0.03566706349206349,3957
blend,45,0,0.3,rank,1,-0.3228616332591591,-0.44903125846184416,,-0.7404821034717635,0.4318181818181818,142.44175657474193,0.2236674725262912,3957
blend,45,0,0.3,rank,5,-0.3064635310809548,-0.4304265798457071,,-0.7494489866952418,0.4318181818181818,55.7419852194632,0.08752818869579995,3957
blend,45,0,0.3,rank,10,-0.27373251114311226,-0.3860172156009509,,-0.7304972761785153,0.4147727272727273,37.34408460024208,0.0586391042710944,3957
blend,45,0,0.3,rank,21,-0.2599001088942954,-0.3751924303818431,,-0.7438128766184663,0.4034090909090909,24.75588228122075,0.03887262943920258,3957
blend,45,0,0.3,volinv,1,-0.39987384446191254,-0.5290043686431143,,-0.7503912120925844,0.42613636363636365,155.27555449005916,0.24381959091950953,3957
blend,45,0,0.3,volinv,5,-0.33284353076717726,-0.4622183739846415,,-0.7309555607407036,0.42045454545454547,58.60638406010854,0.09202597687533709,3957
blend,45,0,0.3,volinv,10,-0.3165871595299327,-0.4401040773760692,,-0.729397654185697,0.3806818181818182,39.008910441376386,0.061253277228780295,3957
blend,45,0,0.3,volinv,21,-0.2013599103826977,-0.29964133399098236,,-0.7319814361365669,0.4090909090909091,25.376209573976023,0.039846690985802825,3957
blend,45,2,0.1,equal,1,-0.3774166760093497,-0.5339477581558985,,-0.7969695613505106,0.4431818181818182,233.36163760424563,0.3664333333333334,3957
blend,45,2,0.1,equal,5,-0.2062680863397659,-0.30046277689463213,,-0.7147268146384179,0.44886363636363635,82.73692191053827,0.12991666666666665,3957
blend,45,2,0.1,equal,10,-0.1557461986892896,-0.2270026668519321,,-0.7040860263107656,0.4659090909090909,55.53297952994692,0.0872,3957
blend,45,2,0.1,equal,21,-0.31597465282298176,-0.4501211821144439,,-0.7128607307085018,0.4375,34.4109173616376,0.05403333333333333,3957
blend,45,2,0.1,rank,1,-0.3982712303374987,-0.5620390088373576,,-0.8053866875022884,0.45454545454545453,234.07968717068167,0.3675608421168204,3957
blend,45,2,0.1,rank,5,-0.23109220901804944,-0.33555605245627756,,-0.7260544625666323,0.45454545454545453,83.50166563282562,0.1311174963924964,3957
blend,45,2,0.1,rank,10,-0.17925772137297463,-0.26005127548764273,,-0.7161866549155775,0.4602272727272727,56.13940073177968,0.08815222567287785,3957
blend,45,2,0.1,rank,21,-0.3294525339906389,-0.4674798619059054,,-0.7220214376617093,0.4318181818181818,34.608230173974974,0.05434316142794404,3957
blend,45,2,0.1,volinv,1,-0.36209350154788894,-0.5158738104761088,,-0.7942313022055281,0.4659090909090909,252.51679887913417,0.39651149728759283,3957
blend,45,2,0.1,volinv,5,-0.12335024629692846,-0.18075756143561708,,-0.6544641582445483,0.45454545454545453,88.54185542515215,0.1390317944116377,3957
blend,45,2,0.1,volinv,10,-0.1706573795872908,-0.24837498710608955,,-0.706903470685813,0.44886363636363635,58.40618563610105,0.09171161768335392,3957
blend,45,2,0.1,volinv,21,-0.2908480804885867,-0.40921787633352,,-0.7129494854297285,0.4147727272727273,35.5957518015905,0.055893805507497465,3957
blend,45,2,0.2,equal,1,-0.33768016580405774,-0.47327353327230626,,-0.7834245080832382,0.4090909090909091,165.30250189537526,0.2595642857142857,3957
blend,45,2,0.2,equal,5,-0.18545174373261414,-0.26774383185126194,,-0.7077559277604927,0.4375,60.09037149355572,0.09435619047619048,3957
blend,45,2,0.2,equal,10,-0.2789131830655592,-0.3996875346615781,,-0.7539371039320252,0.4147727272727273,40.969825625473845,0.06433238095238096,3957
blend,45,2,0.2,equal,21,-0.3238282887717719,-0.4604876425128983,,-0.757874069044963,0.42613636363636365,27.211827141774073,0.042729047619047625,3957
blend,45,2,0.2,rank,1,-0.3647824141251546,-0.5111431004993523,,-0.793056955349482,0.4318181818181818,169.039487206771,0.2654322424115845,3957
blend,45,2,0.2,rank,5,-0.20541616115807734,-0.29687394834689546,,-0.712745259597133,0.4431818181818182,62.342633751424295,0.09789277847396269,3957
blend,45,2,0.2,rank,10,-0.2795657184595175,-0.40099806281504813,,-0.756869484125502,0.42613636363636365,42.658888312517455,0.06698461152882206,3957
blend,45,2,0.2,rank,21,-0.33103052332832755,-0.47032919320467587,,-0.7627392602774858,0.42613636363636365,28.183757409698117,0.04425520955165692,3957
blend,45,2,0.2,volinv,1,-0.3725547224948135,-0.518479230797597,,-0.7664481280965364,0.42045454545454547,189.06372006846678,0.2968750556789377,3957
blend,45,2,0.2,volinv,5,-0.1428072795791226,-0.20418231950787205,,-0.6777414185561362,0.4375,67.09565337118613,0.10535615094832679,3957
blend,45,2,0.2,volinv,10,-0.2602751034968391,-0.36995952220340506,,-0.7470433978801165,0.4318181818181818,44.818669692607,0.07037598252922457,3957
blend,45,2,0.2,volinv,21,-0.28938209367377693,-0.40952432899951347,,-0.7337327308453123,0.4431818181818182,29.46010904910287,0.04625938551876986,3957
blend,45,2,0.3,equal,1,-0.36359720385160416,-0.5035659628048517,,-0.7898487953610279,0.4375,133.32944149608286,0.20935896825396824,3957
blend,45,2,0.3,equal,5,-0.28149199781527284,-0.4057450954322915,,-0.7530702144562265,0.4431818181818182,50.08951225676017,0.07865246031746032,3957
blend,45,2,0.3,equal,10,-0.309571128052512,-0.435167122175787,,-0.7374855486109921,0.4431818181818182,34.05307050796058,0.05347142857142857,3957
blend,45,2,0.3,equal,21,-0.36055990127722676,-0.5135720916660726,,-0.7177914224878388,0.4431818181818182,23.164771291382362,0.03637420634920635,3957
blend,45,2,0.3,rank,1,-0.3854126863601908,-0.5366920882681369,,-0.799864550663383,0.4431818181818182,142.36930825061359,0.22355371140780872,3957
blend,45,2,0.3,rank,5,-0.2617337424696664,-0.3793884266168923,,-0.7466971295464462,0.4431818181818182,54.32502620729602,0.08530322567550414,3957
blend,45,2,0.3,rank,10,-0.28899700525451455,-0.41104322105345764,,-0.7377970658916051,0.4318181818181818,37.34503295618821,0.05864059341572887,3957
blend,45,2,0.3,rank,21,-0.35520918822856073,-0.5049410808619933,,-0.7402086159147554,0.44886363636363635,25.08956189381569,0.03939658587850345,3957
blend,45,2,0.3,volinv,1,-0.44921370810934896,-0.6071003973581793,,-0.7926739040900608,0.42613636363636365,155.15935950257173,0.24363713712368107,3957
blend,45,2,0.3,volinv,5,-0.2291109897977082,-0.33398127427654306,,-0.7383876093023132,0.4375,57.96567065819055,0.09101990428351586,3957
blend,45,2,0.3,volinv,10,-0.24902452328052818,-0.35606410807952726,,-0.7269368267725145,0.44886363636363635,38.823456500228815,0.06096207038547835,3957
blend,45,2,0.3,volinv,21,-0.3534644018300635,-0.5010900747777092,,-0.707925618934043,0.3977272727272727,25.568212155276008,0.040148180753344115,3957
blend,45,7,0.1,equal,1,-0.36519886838654875,-0.523141405209633,,-0.8208086216164208,0.4602272727272727,233.04321455648216,0.36593333333333333,3957
blend,45,7,0.1,equal,5,-0.10770109011590791,-0.15481980751207677,,-0.7284573273691551,0.5,82.67323730098559,0.12981666666666664,3957
blend,45,7,0.1,equal,10,-0.32138118035296537,-0.44637198974779857,,-0.7907346437084047,0.4715909090909091,53.38893100833965,0.08383333333333333,3957
blend,45,7,0.1,equal,21,0.03806233185897703,0.05401759884290797,,-0.5755807703225628,0.5056818181818182,33.63608794541319,0.052816666666666665,3957
blend,45,7,0.1,rank,1,-0.3775817094661488,-0.5412796238917313,,-0.8244389011400586,0.4602272727272727,233.75098564509187,0.36704470245937637,3957
blend,45,7,0.1,rank,5,-0.1193645650257568,-0.17146145876447294,,-0.7327614010131674,0.5056818181818182,83.42770254544655,0.1310013567350524,3957
blend,45,7,0.1,rank,10,-0.3226985372035455,-0.44823872331522274,,-0.79158176671118,0.4715909090909091,53.889923395873225,0.08462001066566284,3957
blend,45,7,0.1,rank,21,0.02523243152513579,0.03585929633940555,,-0.5834672034275111,0.5,33.87584218091519,0.0531931379007466,3957
blend,45,7,0.1,volinv,1,-0.41144486045760637,-0.5872615993565197,,-0.8372608683327686,0.4659090909090909,253.51922059103273,0.3980855380471098,3957
blend,45,7,0.1,volinv,5,-0.1354207181256807,-0.1932830250733248,,-0.7464041131370124,0.4943181818181818,88.66397988422216,0.13922355888962978,3957
blend,45,7,0.1,volinv,10,-0.2913507584322848,-0.4042455654170654,,-0.7851314578820399,0.4659090909090909,56.649697102986934,0.08895351247480926,3957
blend,45,7,0.1,volinv,21,-0.00895165796896013,-0.012569120879947722,,-0.6176443246247101,0.48295454545454547,34.81039687750258,0.05466061128741179,3957
blend,45,7,0.2,equal,1,-0.4387628079918066,-0.6352577256778438,,-0.8323700844931026,0.42613636363636365,164.85246398786958,0.25885761904761906,3957
blend,45,7,0.2,equal,5,-0.24466902983352748,-0.3572307483231588,,-0.7623271869257913,0.4431818181818182,60.01394996209249,0.09423619047619049,3957
blend,45,7,0.2,equal,10,-0.2620802424172831,-0.37303056230990544,,-0.7847402968911941,0.4659090909090909,40.695375284306294,0.06390142857142858,3957
blend,45,7,0.2,equal,21,-0.08708041476649646,-0.12353090453414037,,-0.7340427624506405,0.48295454545454547,26.94313874147081,0.042307142857142856,3957
blend,45,7,0.2,rank,1,-0.4366551732497719,-0.6308129467191359,,-0.8346122594456681,0.4318181818181818,168.60464422364984,0.26474943539404067,3957
blend,45,7,0.2,rank,5,-0.23724025555556952,-0.34580501162962596,,-0.7636519322168775,0.45454545454545453,62.26062585070206,0.09776400654413812,3957
blend,45,7,0.2,rank,10,-0.2762873584305801,-0.39243201914028975,,-0.7934247266339614,0.4602272727272727,42.13337899968521,0.06615943678641047,3957
blend,45,7,0.2,rank,21,-0.07699132848910457,-0.10929581232867931,,-0.7215470892486253,0.48863636363636365,27.86835011460924,0.04375994500139237,3957
blend,45,7,0.2,volinv,1,-0.48084588982054244,-0.688791076807039,,-0.8340873012887228,0.42045454545454547,190.05326422276002,0.2984288756069291,3957
blend,45,7,0.2,volinv,5,-0.22645997116786512,-0.328905189632806,,-0.7559173627967082,0.4375,67.03908864246313,0.10526733085643913,3957
blend,45,7,0.2,volinv,10,-0.2308838616730248,-0.3294241959369597,,-0.7751694496755179,0.42613636363636365,44.94102645703742,0.07056811178194326,3957
blend,45,7,0.2,volinv,21,-0.05946231003546578,-0.08645445161689021,,-0.7196007889788552,0.4715909090909091,28.65344921000264,0.04499273750951605,3957
blend,45,7,0.3,equal,1,-0.44210442470413047,-0.6420346598806191,,-0.8141407680136542,0.4431818181818182,132.9935809957038,0.2088315873015873,3957
blend,45,7,0.3,equal,5,-0.2240486350898717,-0.32508115513995733,,-0.7235779440401934,0.4715909090909091,50.07359110437199,0.07862746031746032,3957
blend,45,7,0.3,equal,10,-0.1855752658585988,-0.26821884154863135,,-0.7138618120531701,0.4715909090909091,34.23735152893607,0.05376079365079365,3957
blend,45,7,0.3,equal,21,-0.11884163340807753,-0.16989702780277272,,-0.7508909840766552,0.5113636363636364,23.096285064442757,0.03626666666666667,3957
blend,45,7,0.3,rank,1,-0.4397477791220494,-0.6380423699759793,,-0.825184841921695,0.4431818181818182,142.0346165649932,0.22302816577288812,3957
blend,45,7,0.3,rank,5,-0.22214033085042256,-0.3230501800591384,,-0.7408891706721898,0.4431818181818182,54.29406841098569,0.08525461456439301,3957
blend,45,7,0.3,rank,10,-0.23207876310280523,-0.3326135601515636,,-0.7574472282524631,0.4602272727272727,37.10664237430604,0.05826626344251151,3957
blend,45,7,0.3,rank,21,-0.10218538320128918,-0.1451646847800996,,-0.7388978154331209,0.48295454545454547,24.86110261876055,0.039037850421601385,3957
blend,45,7,0.3,volinv,1,-0.47559880424822026,-0.699511024714238,,-0.8173074916882008,0.4602272727272727,155.72726672274572,0.2445288866753591,3957
blend,45,7,0.3,volinv,5,-0.19366850775084857,-0.28869199366982834,,-0.7038328367577669,0.45454545454545453,57.827617656724485,0.0908031282014519,3957
blend,45,7,0.3,volinv,10,-0.15583309578530266,-0.23065253255479967,,-0.7087814299766011,0.4659090909090909,39.050411498476535,0.06131844376963161,3957
blend,45,7,0.3,volinv,21,-0.08912753334624124,-0.13402590131086847,,-0.7292868480594451,0.4943181818181818,25.191632145388606,0.03955686047591378,3957
blend,60,0,0.1,equal,1,-0.28943864937185043,-0.4081622698558214,,-0.7962522058932957,0.42613636363636365,205.2342683851402,0.3222666666666667,3957
blend,60,0,0.1,equal,5,-0.00231598557501719,-0.0033473226659691225,,-0.5888521663162098,0.4602272727272727,72.35633055344957,0.11361666666666666,3957
blend,60,0,0.1,equal,10,-0.008576522138755881,-0.012287625964519808,,-0.6535335011743632,0.4715909090909091,49.09021986353297,0.07708333333333334,3957
blend,60,0,0.1,equal,21,-0.042804072269968074,-0.060277804785293855,,-0.613277039539168,0.4431818181818182,29.634571645185744,0.04653333333333333,3957
blend,60,0,0.1,rank,1,-0.2786663996711029,-0.3939154135083645,,-0.7905309244365639,0.4431818181818182,205.72742455707152,0.32304103927473493,3957
blend,60,0,0.1,rank,5,-0.0035818451878119914,-0.005179450731141927,,-0.5861949502840065,0.45454545454545453,72.74186137340041,0.11422204184704185,3957
blend,60,0,0.1,rank,10,-0.0013341997896318212,-0.0019098700430921125,,-0.6483663181009567,0.4659090909090909,49.41458824657559,0.07759266892527764,3957
blend,60,0,0.1,rank,21,-0.047351253693673524,-0.06670669557801362,,-0.6249714272046645,0.4375,29.863627873154194,0.046893006148440934,3957
blend,60,0,0.1,volinv,1,-0.2657985694518036,-0.368713748684546,,-0.7747962016649068,0.42613636363636365,225.10575320292511,0.35346962913649793,3957
blend,60,0,0.1,volinv,5,0.04318235217366926,0.06282690280291904,,-0.5467470593438416,0.4659090909090909,79.2979441206406,0.1245166527322916,3957
blend,60,0,0.1,volinv,10,0.01601306681042116,0.022975771316069482,,-0.6618494972302693,0.44886363636363635,52.43352343653936,0.08233311596761358,3957
blend,60,0,0.1,volinv,21,-0.08151491258522334,-0.11474606509711839,,-0.6570557821462013,0.42613636363636365,31.285093803273273,0.049125046102996964,3957
blend,60,0,0.2,equal,1,-0.265251636534654,-0.38059241651514053,,-0.7503243691055925,0.42613636363636365,151.81137225170585,0.23838000000000004,3957
blend,60,0,0.2,equal,5,-0.1058715120354686,-0.14764165289340214,,-0.6450558577918766,0.45454545454545453,54.488855193328284,0.08556047619047619,3957
blend,60,0,0.2,equal,10,0.0289679738858466,0.04113440442024615,,-0.6330224989675828,0.4772727272727273,36.6705079605762,0.057581428571428575,3957
blend,60,0,0.2,equal,21,0.01722235203002903,0.02515104328281486,,-0.612408032441782,0.5113636363636364,23.490219863532978,0.036885238095238096,3957
blend,60,0,0.2,rank,1,-0.2542619214416117,-0.3642841585017751,,-0.7494963119225146,0.4147727272727273,153.6963697467069,0.2413398948760791,3957
blend,60,0,0.2,rank,5,-0.09675410122345456,-0.13533604062112528,,-0.6352999438794388,0.44886363636363635,55.90380050454669,0.08778227722082985,3957
blend,60,0,0.2,rank,10,0.02765425346932599,0.03920894914561214,,-0.6361619961509155,0.4602272727272727,37.84662711871921,0.059428215678084095,3957
blend,60,0,0.2,rank,21,0.0017566779697675572,0.0025571071101959343,,-0.6333339240838132,0.4772727272727273,24.300130791978685,0.03815699108883319,3957
blend,60,0,0.2,volinv,1,-0.25202164165612917,-0.37166650109834887,,-0.7445973516288109,0.4034090909090909,173.30353550685712,0.2721278134923149,3957
blend,60,0,0.2,volinv,5,-0.08179586596750765,-0.11675268616981199,,-0.656184113048867,0.45454545454545453,62.11361442275045,0.09753316359953314,3957
blend,60,0,0.2,volinv,10,0.09463306111817991,0.13958606413286892,,-0.6152644833213126,0.48863636363636365,41.35274029917884,0.0649336481602582,3957
blend,60,0,0.2,volinv,21,0.010029361756856207,0.01457936219168396,,-0.6313937103935782,0.5056818181818182,25.671401391479087,0.04031021242304871,3957
blend,60,0,0.3,equal,1,-0.23349630387097176,-0.33510749805775186,,-0.7341700659024448,0.4090909090909091,115.77366691938336,0.18179222222222222,3957
blend,60,0,0.3,equal,5,-0.2253669364970211,-0.32176991725380494,,-0.7154141604307684,0.42613636363636365,44.22820318423047,0.06944880952380952,3957
blend,60,0,0.3,equal,10,-0.09370277153391689,-0.1346010437052933,,-0.6605731034379492,0.4375,29.623704826889057,0.046516269841269844,3957
blend,60,0,0.3,equal,21,-0.03313336668435607,-0.04820157201539364,,-0.587858386032035,0.48295454545454547,19.490523123578466,0.030604761904761905,3957
blend,60,0,0.3,rank,1,-0.23019985688703784,-0.3303013430205418,,-0.739011777174893,0.4034090909090909,124.16485103471712,0.19496837918427606,3957
blend,60,0,0.3,rank,5,-0.16749588786729475,-0.23866407444396964,,-0.6845106530124492,0.4318181818181818,47.80789474988218,0.07506977758939834,3957
blend,60,0,0.3,rank,10,-0.05352789767894618,-0.07668798100443232,,-0.6559404125666578,0.45454545454545453,32.38359784478813,0.050849958996756595,3957
blend,60,0,0.3,rank,21,-0.022386717768450047,-0.032504389750391736,,-0.6104413713789625,0.4715909090909091,21.21733696903738,0.03331627078828607,3957
blend,60,0,0.3,volinv,1,-0.19256755091554942,-0.2859822948745259,,-0.7218989230345569,0.3977272727272727,136.26763592908011,0.21397263308387698,3957
blend,60,0,0.3,volinv,5,-0.16659193942282946,-0.24708873424602212,,-0.6960902806343765,0.42045454545454547,51.740606550397764,0.08124507147616028,3957
blend,60,0,0.3,volinv,10,-0.028405232928021974,-0.04283410363555582,,-0.6366285509951743,0.4318181818181818,34.30404343881609,0.053865515828331455,3957
blend,60,0,0.3,volinv,21,0.024096589261867345,0.03648304962422281,,-0.5712789168393624,0.4715909090909091,22.178505294929177,0.0348255339095376,3957
blend,60,2,0.1,equal,1,-0.17223004271373824,-0.24055616473607142,,-0.7018524880754373,0.4147727272727273,205.19181197877177,0.32220000000000004,3957
blend,60,2,0.1,equal,5,-0.1047735908746561,-0.14747317556737122,,-0.6614513255942329,0.4772727272727273,73.11630022744502,0.11481,3957
blend,60,2,0.1,equal,10,-0.08746851144465723,-0.12420340951585661,,-0.7327196648956078,0.4715909090909091,48.9734647460197,0.0769,3957
blend,60,2,0.1,equal,21,-0.030818976304037373,-0.044341695665161884,,-0.613636164245239,0.45454545454545453,30.22259287338893,0.04745666666666666,3957
blend,60,2,0.1,rank,1,-0.18292768097657158,-0.25527824418385187,,-0.7048776567701773,0.4147727272727273,205.6886600121264,0.32298016970951754,3957
blend,60,2,0.1,rank,5,-0.10279648785380816,-0.14510816310396973,,-0.6620078182493532,0.4772727272727273,73.63086380167832,0.11561798732668298,3957
blend,60,2,0.1,rank,10,-0.0830722833140619,-0.1182189171808451,,-0.7340197773778161,0.4602272727272727,49.27978635949101,0.07738099786686743,3957
blend,60,2,0.1,rank,21,-0.043245844078633765,-0.062248920832569964,,-0.624690593202289,0.4431818181818182,30.43437406667126,0.04778921356421356,3957
blend,60,2,0.1,volinv,1,-0.1836719109790105,-0.2581140074053237,,-0.704810548920936,0.42045454545454547,225.49913757928434,0.3540873362703287,3957
blend,60,2,0.1,volinv,5,-0.07444860494011347,-0.10295703377808886,,-0.6458280566027705,0.4602272727272727,78.97944075699397,0.1240165266172322,3957
blend,60,2,0.1,volinv,10,-0.04749246643541965,-0.06638672256714455,,-0.7205289665542498,0.4659090909090909,52.0232010445953,0.08168881211645379,3957
blend,60,2,0.1,volinv,21,-0.03404892101007903,-0.04841376759365651,,-0.6280979507194187,0.4431818181818182,31.718146658500007,0.049805042193525606,3957
blend,60,2,0.2,equal,1,-0.24232229457497975,-0.33690483119756703,,-0.7294521553978568,0.4318181818181818,151.7179681576952,0.23823333333333335,3957
blend,60,2,0.2,equal,5,-0.10704034008372092,-0.15479297722953958,,-0.6849867886784201,0.44886363636363635,54.4275966641395,0.08546428571428571,3957
blend,60,2,0.2,equal,10,-0.06478240431634782,-0.09489619762139571,,-0.6731722729417434,0.44886363636363635,35.926004548900686,0.05641238095238096,3957
blend,60,2,0.2,equal,21,-0.19357313002411128,-0.2806305086659338,,-0.7289448203506146,0.4659090909090909,23.949962092494314,0.03760714285714285,3957
blend,60,2,0.2,rank,1,-0.2432268326017959,-0.3381851333620306,,-0.728151382453073,0.42613636363636365,153.61765780384752,0.24121629838485104,3957
blend,60,2,0.2,rank,5,-0.10895760989792486,-0.15761986416461407,,-0.68433226387563,0.45454545454545453,56.128510877902364,0.0881351260094681,3957
blend,60,2,0.2,rank,10,-0.05750017751168209,-0.08409810373145894,,-0.6764427226011447,0.4431818181818182,37.25875796390141,0.05850512113617377,3957
blend,60,2,0.2,rank,21,-0.17392582730383987,-0.25166444733681004,,-0.7235090293094844,0.45454545454545453,24.72039423805914,0.03881690476190476,3957
blend,60,2,0.2,volinv,1,-0.24031749189858814,-0.34065258859001707,,-0.7331052718746238,0.4318181818181818,173.41385058002803,0.2723010344226869,3957
blend,60,2,0.2,volinv,5,-0.10221414877727054,-0.14629877913258751,,-0.678808831409746,0.4147727272727273,61.925272713237746,0.09723742227233403,3957
blend,60,2,0.2,volinv,10,-0.08015062355685706,-0.11583918279949708,,-0.6745298524931291,0.4602272727272727,40.18302326940359,0.06309691391945635,3957
blend,60,2,0.2,volinv,21,-0.19175264957040278,-0.2765033872966146,,-0.7189436172331682,0.45454545454545453,26.17896750218111,0.04110721206592487,3957
blend,60,2,0.3,equal,1,-0.23864203160487135,-0.3374092515989659,,-0.7229088563861132,0.42045454545454547,115.69481930755622,0.1816684126984127,3957
blend,60,2,0.3,equal,5,-0.03999616608624542,-0.058408555678542494,,-0.6013817087661106,0.4318181818181818,43.35759413697245,0.06808174603174602,3957
blend,60,2,0.3,equal,10,-0.042126096741139894,-0.06160417003218585,,-0.6237649322769663,0.4318181818181818,29.32069749810462,0.04604047619047619,3957
blend,60,2,0.3,equal,21,-0.2451523121563297,-0.3580250223678652,,-0.7640599877072592,0.4375,19.51806924437705,0.030648015873015872,3957
blend,60,2,0.3,rank,1,-0.23319495794887918,-0.328120402573729,,-0.7249718146242166,0.4147727272727273,124.09834937719285,0.19486395574823495,3957
blend,60,2,0.3,rank,5,-0.053325301434783694,-0.07787109006456727,,-0.6288814697919902,0.4431818181818182,47.499377818775784,0.07458533255114912,3957
blend,60,2,0.3,rank,10,-0.04198798921764168,-0.061560881443142874,,-0.6495489162032504,0.42045454545454547,32.17527743417173,0.05052284635199109,3957
blend,60,2,0.3,rank,21,-0.21752343096148127,-0.3158571468670543,,-0.7558176175437291,0.4375,21.386209690838015,0.03358144116930398,3957
blend,60,2,0.3,volinv,1,-0.22963100374218554,-0.3314076005001998,,-0.7237410160314661,0.4034090909090909,136.38736714380812,0.214160639598432,3957
blend,60,2,0.3,volinv,5,-0.02169302900372565,-0.03242305658024708,,-0.5871230962101956,0.44886363636363635,51.00138410569754,0.08008431623263695,3957
blend,60,2,0.3,volinv,10,-0.014984939070135574,-0.02240836413686884,,-0.6256823808353096,0.4318181818181818,34.26566054410121,0.05380524554484464,3957
blend,60,2,0.3,volinv,21,-0.16338427399089983,-0.25241380122275614,,-0.7430988918061199,0.45454545454545453,22.041175974748974,0.0346098941793975,3957
blend,60,7,0.1,equal,1,-0.31861157554227193,-0.4501847611282775,,-0.7864363961385894,0.42045454545454547,204.87338893100835,0.3217,3957
blend,60,7,0.1,equal,5,0.04244023290287441,0.06325601702780002,,-0.6763422454218462,0.4602272727272727,73.01015921152387,0.11464333333333333,3957
blend,60,7,0.1,equal,10,-0.10220011242458829,-0.15035155313246612,,-0.732374219725893,0.4659090909090909,46.76573161485974,0.07343333333333334,3957
blend,60,7,0.1,equal,21,-0.05152136832596104,-0.07497188371152749,,-0.709040738942236,0.4715909090909091,29.793783169067474,0.04678333333333333,3957
blend,60,7,0.1,rank,1,-0.31417412108697285,-0.44323468943173566,,-0.7824371325925913,0.42045454545454547,205.38051544218933,0.32249630936696155,3957
blend,60,7,0.1,rank,5,0.03813210567643201,0.0567485783970065,,-0.680155484680924,0.45454545454545453,73.52761754073683,0.11545586611456177,3957
blend,60,7,0.1,rank,10,-0.10305364452382419,-0.15162193454255937,,-0.735197084860488,0.4659090909090909,47.2027567097284,0.07411956678587114,3957
blend,60,7,0.1,rank,21,-0.053059673393363684,-0.07713952759228097,,-0.7048907153901515,0.4659090909090909,29.987888576905288,0.047088125039211996,3957
blend,60,7,0.1,volinv,1,-0.31340399352393455,-0.44322752590148906,,-0.7912957917408947,0.42613636363636365,226.1699019339869,0.35514059601301035,3957
blend,60,7,0.1,volinv,5,0.04734656924102287,0.07044207738837271,,-0.6602240492200208,0.44886363636363635,78.97962738075964,0.12401681966097855,3957
blend,60,7,0.1,volinv,10,-0.10329811264448928,-0.15110090790007139,,-0.7353330213049225,0.4715909090909091,50.49954336456007,0.07929630678316038,3957
blend,60,7,0.1,volinv,21,-0.04883529176431233,-0.07100869047334825,,-0.6985307166725365,0.4602272727272727,31.2992534660716,0.04914728014493862,3957
blend,60,7,0.2,equal,1,-0.2296855932515832,-0.33683548778855893,,-0.7411717118283169,0.42613636363636365,151.34435178165276,0.2376466666666667,3957
blend,60,7,0.2,equal,5,-0.052690778669292566,-0.07793880135824673,,-0.6462348413031395,0.45454545454545453,54.35542077331312,0.08535095238095239,3957
blend,60,7,0.2,equal,10,-0.21939824886978426,-0.32082811213295315,,-0.7751818630631846,0.4602272727272727,36.30235026535254,0.057003333333333336,3957
blend,60,7,0.2,equal,21,-0.04854889854114161,-0.07041646880376302,,-0.6816586459738908,0.5,22.582562547384384,0.03546,3957
blend,60,7,0.2,rank,1,-0.23638301634186631,-0.34580880838442224,,-0.7463302288759298,0.4375,153.26532549468186,0.24066305277081593,3957
blend,60,7,0.2,rank,5,-0.01634750192277321,-0.02432063769072725,,-0.6426772547411996,0.4659090909090909,56.068321739400304,0.08804061473127262,3957
blend,60,7,0.2,rank,10,-0.19331098490139983,-0.28477173345205986,,-0.7695214967879547,0.4602272727272727,37.56850484817047,0.058991497493734335,3957
blend,60,7,0.2,rank,21,-0.06346781442851693,-0.09192861414986636,,-0.6930150049184867,0.5,23.56514415936227,0.03700288707880813,3957
blend,60,7,0.2,volinv,1,-0.23453239662033482,-0.34420815425292894,,-0.7237245820635856,0.4318181818181818,173.62534047022658,0.27263312390503436,3957
blend,60,7,0.2,volinv,5,-0.1124035652563586,-0.16328800981923738,,-0.6397795268935484,0.4659090909090909,61.79403394451108,0.09703134615810727,3957
blend,60,7,0.2,volinv,10,-0.18854707938627374,-0.2723472849034439,,-0.7538762148272181,0.48863636363636365,40.75991321809494,0.06400276849365145,3957
blend,60,7,0.2,volinv,21,-0.01975700681102535,-0.029321060492270096,,-0.6688617399212715,0.5056818181818182,24.819403938658716,0.038972373565584334,3957
blend,60,7,0.3,equal,1,-0.19442126369221246,-0.28693115262405905,,-0.713654751648267,0.4147727272727273,115.45600202173364,0.1812934126984127,3957
blend,60,7,0.3,equal,5,-0.032145184440968484,-0.04757363902709036,,-0.5826232521478586,0.42613636363636365,43.341672984584285,0.06805674603174602,3957
blend,60,7,0.3,equal,10,-0.1781843413722809,-0.26197877241911055,,-0.7334669502362755,0.42045454545454547,28.953247409653777,0.04546349206349206,3957
blend,60,7,0.3,equal,21,-0.07801087245123481,-0.11468595465628803,,-0.6913048971403166,0.5056818181818182,19.004548900682334,0.029841666666666666,3957
blend,60,7,0.3,rank,1,-0.2128552840021443,-0.3132581596756576,,-0.7327800228398516,0.4318181818181818,123.83565779563224,0.19445146741957017,3957
blend,60,7,0.3,rank,5,-0.012571780274556806,-0.01866743089243527,,-0.6077155051043481,0.42613636363636365,47.471170174838754,0.07454103983406228,3957
blend,60,7,0.3,rank,10,-0.16181990397497195,-0.23852772272668687,,-0.7421031708846438,0.44886363636363635,31.92897253903091,0.05013608902259734,3957
blend,60,7,0.3,rank,21,-0.08348303264486145,-0.12205571602444139,,-0.6956600410650775,0.4943181818181818,20.777444424493122,0.03262553475703146,3957
blend,60,7,0.3,volinv,1,-0.1677860068368901,-0.25343311048367306,,-0.6867289798398287,0.4431818181818182,137.2415965584868,0.21550198316743344,3957
blend,60,7,0.3,volinv,5,0.003659949148643496,0.005483140025692898,,-0.5389002852958003,0.45454545454545453,50.99399126656254,0.08007270771499522,3957
blend,60,7,0.3,volinv,10,-0.08715744811589946,-0.12961121133785283,,-0.6840668368707485,0.4772727272727273,33.75749264415704,0.05300730094957517,3957
blend,60,7,0.3,volinv,21,-0.009763384012996779,-0.014815372150703115,,-0.6629640170083332,0.5113636363636364,21.461623684772402,0.03369985909549381,3957
blend,90,0,0.1,equal,1,-0.2407715424138028,-0.34082682826912153,,-0.7709968094060461,0.42045454545454547,181.08718726307805,0.28435,3957
blend,90,0,0.1,equal,5,-0.07491929538144611,-0.10447170397176811,,-0.7052456828617403,0.4431818181818182,62.389689158453365,0.09796666666666667,3957
blend,90,0,0.1,equal,10,-0.10352750459614349,-0.14599023428306793,,-0.7319860897899432,0.45454545454545453,40.85367702805156,0.06415,3957
blend,90,0,0.1,equal,21,-0.1340413838690422,-0.19028077039715643,,-0.7377538336223132,0.4375,24.932524639878697,0.03915,3957
blend,90,0,0.1,rank,1,-0.24601474181970473,-0.3478835262341386,,-0.7726493117274645,0.4318181818181818,181.61076533206275,0.28517214222975096,3957
blend,90,0,0.1,rank,5,-0.0798277000900541,-0.11126472740597591,,-0.7063867850245613,0.4431818181818182,62.86380067943834,0.09871113463830855,3957
blend,90,0,0.1,rank,10,-0.10234763868579927,-0.14425976704683535,,-0.7317243810344558,0.4602272727272727,41.25220128236246,0.06477577796599536,3957
blend,90,0,0.1,rank,21,-0.1323980652033577,-0.18804930457974037,,-0.7368806108213174,0.4318181818181818,25.161065445635444,0.039508863479515655,3957
blend,90,0,0.1,volinv,1,-0.2711454689397247,-0.380949621598524,,-0.789191507444706,0.4318181818181818,200.33611859872317,0.31457540527585226,3957
blend,90,0,0.1,volinv,5,-0.0869670968805762,-0.12117223700071769,,-0.7162561637949039,0.4375,68.51788948445389,0.1075894002738032,3957
blend,90,0,0.1,volinv,10,-0.11112333445681362,-0.1560638388286566,,-0.7481884706028705,0.4602272727272727,44.56226914821197,0.06997337262677569,3957
blend,90,0,0.1,volinv,21,-0.08992305437501454,-0.12692470168856138,,-0.7208150815022984,0.44886363636363635,26.793928246164153,0.042072846853203,3957
blend,90,0,0.2,equal,1,-0.2620250504041887,-0.37388780457149345,,-0.7196820666568334,0.4431818181818182,128.3781652767248,0.20158428571428572,3957
blend,90,0,0.2,equal,5,-0.23887096330398577,-0.33660439551606786,,-0.7218505752042977,0.42613636363636365,45.52721758908264,0.07148857142857143,3957
blend,90,0,0.2,equal,10,-0.2079144539442176,-0.2959159588656808,,-0.7510687985911728,0.42613636363636365,30.054586808188024,0.04719285714285715,3957
blend,90,0,0.2,equal,21,-0.006212797835309592,-0.008992298009308257,,-0.6456651285062347,0.4772727272727273,19.299772554965884,0.030305238095238093,3957
blend,90,0,0.2,rank,1,-0.25818288476153756,-0.36820084580914336,,-0.7268781051463173,0.4375,129.81677196529358,0.20384324074074076,3957
blend,90,0,0.2,rank,5,-0.20845471802970236,-0.2943283459385466,,-0.7195566697393624,0.42045454545454547,46.773092321402444,0.07344489139515456,3957
blend,90,0,0.2,rank,10,-0.17679141594530096,-0.25218672567223516,,-0.7455241831074281,0.4147727272727273,31.037647695179317,0.048736496797549426,3957
blend,90,0,0.2,rank,21,-0.02596007471859624,-0.03746420699953033,,-0.6682090229736192,0.4772727272727273,19.98526306922221,0.03138162141464773,3957
blend,90,0,0.2,volinv,1,-0.27512939831768696,-0.3909538809824744,,-0.7249856413987326,0.4375,148.0324007882366,0.23244611504724294,3957
blend,90,0,0.2,volinv,5,-0.20403140433996486,-0.2874480906091376,,-0.7033538807757106,0.4090909090909091,53.25522586790699,0.08362338442829681,3957
blend,90,0,0.2,volinv,10,-0.16853963288968335,-0.24016809687535043,,-0.7251562856993641,0.4147727272727273,34.59248775109149,0.05431844207582104,3957
blend,90,0,0.2,volinv,21,0.0006912857426259404,0.0009983089388099953,,-0.6546423962289696,0.4659090909090909,21.873196080109633,0.03434612574960072,3957
blend,90,0,0.3,equal,1,-0.18863886013815123,-0.2723084246808275,,-0.6471988125262773,0.4147727272727273,100.29118018701035,0.15748103174603173,3957
blend,90,0,0.3,equal,5,-0.26068901846561937,-0.369659978022649,,-0.7289848799828886,0.4147727272727273,36.736568107151875,0.057685158730158725,3957
blend,90,0,0.3,equal,10,-0.13468918886451497,-0.19283691483359242,,-0.7288824976925616,0.42045454545454547,24.82072276977508,0.038974444444444444,3957
blend,90,0,0.3,equal,21,0.04338229772077656,0.06345203789435024,,-0.5746507374057299,0.4715909090909091,15.467020470053068,0.02428690476190476,3957
blend,90,0,0.3,rank,1,-0.2018832604807381,-0.2902953231493155,,-0.6757205121583466,0.4431818181818182,105.87883520419327,0.16625498051706064,3957
blend,90,0,0.3,rank,5,-0.2237674498958761,-0.3176891914036424,,-0.7264741864881941,0.42045454545454547,39.56298161570734,0.062123300894188084,3957
blend,90,0,0.3,rank,10,-0.13561218664138788,-0.19410773954503482,,-0.7344131770355677,0.4147727272727273,26.784207693358926,0.04205758327088145,3957
blend,90,0,0.3,rank,21,0.010281997384916206,0.014957267185596658,,-0.6112135618985067,0.4715909090909091,16.998099522785317,0.026691063417325994,3957
blend,90,0,0.3,volinv,1,-0.13028731218050915,-0.19342566428782657,,-0.6356974071369087,0.4147727272727273,120.32406534804397,0.18893743118341666,3957
blend,90,0,0.3,volinv,5,-0.15591429776446847,-0.22816680844718767,,-0.7025687921056551,0.4090909090909091,44.348155405235936,0.06963716307084071,3957
blend,90,0,0.3,volinv,10,-0.06735933296234131,-0.0996865310246948,,-0.7131846632149901,0.45454545454545453,29.717932544884704,0.04666422979369396,3957
blend,90,0,0.3,volinv,21,0.10270946383876778,0.15327237851160916,,-0.5534432494317381,0.4659090909090909,18.29365337443086,0.028725391429612272,3957
blend,90,2,0.1,equal,1,-0.1424696744884917,-0.20211330977428396,,-0.7518288212521707,0.42613636363636365,181.00227445034116,0.2842166666666667,3957
blend,90,2,0.1,equal,5,-0.13330062420183522,-0.1876918897677363,,-0.741916352328071,0.4431818181818182,63.398028809704314,0.09955,3957
blend,90,2,0.1,equal,10,-0.0857838775658609,-0.11961180855993044,,-0.7232034358434591,0.44886363636363635,41.22517058377558,0.06473333333333334,3957
blend,90,2,0.1,equal,21,-0.0032041004455912988,-0.004595119158266999,,-0.6859537225689561,0.4431818181818182,25.919636087945413,0.0407,3957
blend,90,2,0.1,rank,1,-0.14778554606288283,-0.20952407174325122,,-0.7529901288989329,0.4147727272727273,181.52989598659903,0.2850451581027668,3957
blend,90,2,0.1,rank,5,-0.14441920029564617,-0.20346963322936495,,-0.7480360658119627,0.4375,63.911721959683206,0.10035662055335969,3957
blend,90,2,0.1,rank,10,-0.08990685515528223,-0.1253066375239666,,-0.7267615688184743,0.4602272727272727,41.658489832897324,0.06541374772570424,3957
blend,90,2,0.1,rank,21,-0.007935129436696475,-0.0113441723166542,,-0.68757930689976,0.4431818181818182,26.117780967535392,0.04101113463830855,3957
blend,90,2,0.1,volinv,1,-0.15946856288756125,-0.22629818667607776,,-0.7599143168421686,0.4318181818181818,200.63249734341346,0.3150407904713837,3957
blend,90,2,0.1,volinv,5,-0.08404636300204145,-0.11888632947397307,,-0.7207325270299065,0.4431818181818182,70.24873023582093,0.11030723235839027,3957
blend,90,2,0.1,volinv,10,-0.05436996477350748,-0.07635235226367405,,-0.7065615668957201,0.4602272727272727,44.577802250269954,0.06999776329536438,3957
blend,90,2,0.1,volinv,21,0.009889388145255562,0.014097564455983147,,-0.6885983250075967,0.42045454545454547,27.4134065516925,0.04304557528771715,3957
blend,90,2,0.2,equal,1,-0.19974070701269048,-0.27969080134075575,,-0.7283063327884922,0.4318181818181818,128.2847611827142,0.20143761904761906,3957
blend,90,2,0.2,equal,5,-0.07441246374585501,-0.10634323254755962,,-0.7105261634212321,0.48295454545454547,45.53206974981047,0.07149619047619048,3957
blend,90,2,0.2,equal,10,-0.09105695484374951,-0.1299421349438626,,-0.7401410531225261,0.4715909090909091,30.731463229719484,0.048255714285714284,3957
blend,90,2,0.2,equal,21,-0.03871514522143584,-0.05617358567789081,,-0.6832596264431723,0.44886363636363635,19.177862016679306,0.030113809523809522,3957
blend,90,2,0.2,rank,1,-0.1925914540237694,-0.2705965789882721,,-0.7353279810918931,0.4375,129.74258498153392,0.20372674951267056,3957
blend,90,2,0.2,rank,5,-0.08797189536869976,-0.1256342129327798,,-0.7195894236712593,0.48295454545454547,46.8510501044119,0.07356730367585632,3957
blend,90,2,0.2,rank,10,-0.10137641333195288,-0.144330113893235,,-0.7482328220925281,0.4715909090909091,31.7621957978089,0.04987420983013088,3957
blend,90,2,0.2,rank,21,-0.04145077240700692,-0.05994501625329025,,-0.6949528943176904,0.4602272727272727,19.867911628958673,0.031197351712614868,3957
blend,90,2,0.2,volinv,1,-0.19954340553105443,-0.27780726630169583,,-0.7301113162314882,0.42045454545454547,148.38779839177647,0.2330041739032776,3957
blend,90,2,0.2,volinv,5,-0.005030916752262729,-0.007316521101857198,,-0.6927462476721428,0.48295454545454547,52.63105583348344,0.08264328886233888,3957
blend,90,2,0.2,volinv,10,-0.04320070145443385,-0.06311140119799939,,-0.7319934292029333,0.4715909090909091,35.014748530973336,0.05498149203851647,3957
blend,90,2,0.2,volinv,21,0.009182637204543286,0.013367692144043515,,-0.6646658996012842,0.4715909090909091,21.759970740563677,0.03416833500809939,3957
blend,90,2,0.3,equal,1,-0.22023809178240963,-0.31361289579194157,,-0.7189788564152162,0.42045454545454547,100.22749557745767,0.15738103174603174,3957
blend,90,2,0.3,equal,5,-0.185698972641211,-0.26749429883737913,,-0.7271379385628695,0.44886363636363635,35.92317412180945,0.056407936507936504,3957
blend,90,2,0.3,equal,10,-0.12335690004128146,-0.17466632842744953,,-0.7443374936029645,0.44886363636363635,24.35633055344958,0.038245238095238096,3957
blend,90,2,0.3,equal,21,-0.02755326584235933,-0.04037644326985589,,-0.6779335981425502,0.4715909090909091,16.111953500126358,0.025299603174603173,3957
blend,90,2,0.3,rank,1,-0.20528106220208067,-0.2912508163794615,,-0.731504121916405,0.4431818181818182,105.82356692154802,0.16616819615419265,3957
blend,90,2,0.3,rank,5,-0.15841887518145814,-0.2269400158012223,,-0.7304641448266359,0.44886363636363635,39.1086396806172,0.06140987587944535,3957
blend,90,2,0.3,rank,10,-0.1190879017173407,-0.16874942921554562,,-0.7509042054744532,0.45454545454545453,26.708983381203456,0.041939463190246856,3957
blend,90,2,0.3,rank,21,-0.04858363474187727,-0.07075292163665675,,-0.6946878651200942,0.44886363636363635,17.499157431683688,0.02747784363379855,3957
blend,90,2,0.3,volinv,1,-0.1413528853549135,-0.2100410323652418,,-0.7045320480804012,0.42613636363636365,120.42862816031774,0.1891016196945942,3957
blend,90,2,0.3,volinv,5,-0.08858698480491324,-0.1308002425906033,,-0.7015775781703246,0.4431818181818182,43.716417152367534,0.06864518359996759,3957
blend,90,2,0.3,volinv,10,-0.0665210361550798,-0.0968410407974531,,-0.7331284932532607,0.4431818181818182,29.40570550624822,0.04617395900326357,3957
blend,90,2,0.3,volinv,21,0.011784582467940351,0.017584508818388078,,-0.6641180839436086,0.4715909090909091,18.902635123145505,0.02968163777074872,3957
blend,90,7,0.1,equal,1,-0.23861124782611756,-0.34319274743355577,,-0.7893727784405608,0.4090909090909091,180.5564821834723,0.28351666666666664,3957
blend,90,7,0.1,equal,5,-0.12116724743831628,-0.1724008497075905,,-0.7465426850578402,0.4602272727272727,63.36618650492797,0.09949999999999999,3957
blend,90,7,0.1,equal,10,-0.12724009524109992,-0.17946177586223486,,-0.7773215191343186,0.5,40.85367702805156,0.06415,3957
blend,90,7,0.1,equal,21,0.12376783266050782,0.1782008930351352,,-0.6517785412769346,0.4772727272727273,25.155420773313114,0.03949999999999999,3957
blend,90,7,0.1,rank,1,-0.23786610059099927,-0.34221981185265804,,-0.7891709217510698,0.4147727272727273,181.09568273964885,0.28436333992094864,3957
blend,90,7,0.1,rank,5,-0.11972001597586858,-0.17042801812170585,,-0.7441985601088359,0.4715909090909091,63.882774409886515,0.10031116600790513,3957
blend,90,7,0.1,rank,10,-0.12943944412811367,-0.18281606660242808,,-0.7752962618290666,0.5,41.2224146731514,0.06472900589748415,3957
blend,90,7,0.1,rank,21,0.13413351025826914,0.19274577820275707,,-0.645411633341298,0.4772727272727273,25.357735977968698,0.03981768304159608,3957
blend,90,7,0.1,volinv,1,-0.22645778033909147,-0.3235540362319688,,-0.7915926918868064,0.4147727272727273,200.08175408879387,0.3141759924322846,3957
blend,90,7,0.1,volinv,5,-0.10938254164607435,-0.1549654249684294,,-0.7439957963363344,0.4772727272727273,70.33251547099717,0.11043879512648247,3957
blend,90,7,0.1,volinv,10,-0.13341455033866992,-0.18787111936072007,,-0.777021224042453,0.4602272727272727,44.70274589589159,0.07019395456747737,3957
blend,90,7,0.1,volinv,21,0.15496656713802712,0.2247940388262993,,-0.6408953671640591,0.48863636363636365,26.52062859340655,0.04164370132702766,3957
blend,90,7,0.2,equal,1,-0.29960654763479805,-0.43395904726940726,,-0.8041631369627478,0.4147727272727273,128.04275966641396,0.20105761904761907,3957
blend,90,7,0.2,equal,5,-0.10981125358150269,-0.15628983895915638,,-0.7365203242743339,0.4715909090909091,45.48536770280516,0.07142285714285715,3957
blend,90,7,0.2,equal,10,-0.151837601583674,-0.21237807601796663,,-0.7772893580046419,0.4715909090909091,29.798635329795296,0.04679095238095238,3957
blend,90,7,0.2,equal,21,0.02287603152298799,0.03237936370591338,,-0.7020636838731888,0.4943181818181818,19.518423047763456,0.030648571428571428,3957
blend,90,7,0.2,rank,1,-0.27985863462764027,-0.40709423556581714,,-0.8006560625659068,0.42613636363636365,129.4967625660056,0.20334074979114453,3957
blend,90,7,0.2,rank,5,-0.11089403181717716,-0.15854394358816662,,-0.7404478211723191,0.4715909090909091,46.8049066943325,0.07349484753550543,3957
blend,90,7,0.2,rank,10,-0.14427116827382985,-0.20287564890826423,,-0.779835629319112,0.4772727272727273,30.843363082966448,0.04843142369813422,3957
blend,90,7,0.2,rank,21,0.04357506100763337,0.061841894139124616,,-0.6988615488484167,0.48295454545454547,20.28586870258791,0.031853643831801726,3957
blend,90,7,0.2,volinv,1,-0.29063267432054657,-0.4169857389281165,,-0.80235253505418,0.4147727272727273,148.97063478143832,0.23391936580561562,3957
blend,90,7,0.2,volinv,5,-0.07812691072840659,-0.10969580373105868,,-0.7176106939812673,0.4715909090909091,52.66560381078298,0.08269753741240804,3957
blend,90,7,0.2,volinv,10,-0.06967085270740521,-0.09742296947373429,,-0.7412987050147799,0.48863636363636365,34.123662244115465,0.05358227440474798,3957
blend,90,7,0.2,volinv,21,0.09961220836936331,0.14877189353952255,,-0.6716491846158477,0.48295454545454547,21.625004578819116,0.03395640599936002,3957
blend,90,7,0.3,equal,1,-0.29612952797541386,-0.4293723709186288,,-0.8041830385480794,0.42045454545454547,100.00459944402326,0.15703103174603172,3957
blend,90,7,0.3,equal,5,-0.13620518012415594,-0.19512139165168993,,-0.7536623410777302,0.45454545454545453,35.890826383623946,0.056357142857142856,3957
blend,90,7,0.3,equal,10,-0.10579839496708553,-0.15114569321955956,,-0.7429983903096231,0.4659090909090909,24.149608289107906,0.037920634920634924,3957
blend,90,7,0.3,equal,21,0.06737406509819839,0.09745689882797096,,-0.6657079439246153,0.48295454545454547,15.61612332575183,0.024521031746031745,3957
blend,90,7,0.3,rank,1,-0.2761548400589461,-0.40113503236919507,,-0.8048178360823884,0.4318181818181818,105.58605781631381,0.165795250309188,3957
blend,90,7,0.3,rank,5,-0.12758854825031307,-0.18318615768572177,,-0.7550695798445737,0.4659090909090909,39.071891698634424,0.06135217279821285,3957
blend,90,7,0.3,rank,10,-0.12224906386580678,-0.17387160771241025,,-0.7639870721138174,0.4772727272727273,26.390561904769356,0.041439465657608074,3957
blend,90,7,0.3,rank,21,0.06862305932632014,0.09865213138719088,,-0.6811007420302043,0.4943181818181818,17.282055249244134,0.02713694151637263,3957
blend,90,7,0.3,volinv,1,-0.22916222507311096,-0.3396112873947573,,-0.7889481303912743,0.4090909090909091,120.71864132932168,0.18955700942068487,3957
blend,90,7,0.3,volinv,5,-0.10308856288910397,-0.14670771912003022,,-0.7300490881837438,0.45454545454545453,43.55422110051491,0.06839049718045137,3957
blend,90,7,0.3,volinv,10,-0.055833104862114256,-0.07886033278286579,,-0.7252866285079066,0.4715909090909091,28.872972361239636,0.0453374411243751,3957
blend,90,7,0.3,volinv,21,0.12078229255215106,0.1836400831384662,,-0.6435414331782895,0.48863636363636365,18.464744206525666,0.02899404477191351,3957
blend,120,0,0.1,equal,1,0.07254750204944202,0.09982906252218636,,-0.6053277341765296,0.4659090909090909,151.8347232752085,0.23841666666666667,3957
blend,120,0,0.1,equal,5,0.2468718665361133,0.34601156272168004,,-0.5403056968231075,0.5,53.261561789234264,0.08363333333333332,3957
blend,120,0,0.1,equal,10,0.2838984941694073,0.3990293855262194,,-0.5338182980030487,0.4943181818181818,35.42987111448066,0.05563333333333334,3957
blend,120,0,0.1,equal,21,0.2862009202636952,0.40315131058010045,,-0.40116554819527983,0.5113636363636364,21.100833965125094,0.03313333333333333,3957
blend,120,0,0.1,rank,1,0.07217316550438121,0.09966897704069334,,-0.6069593800320264,0.4602272727272727,152.50391461172026,0.23946745639626074,3957
blend,120,0,0.1,rank,5,0.24938525860326358,0.3493291544007609,,-0.531456241324596,0.5,53.66695534306044,0.08426989773511512,3957
blend,120,0,0.1,rank,10,0.28787767516725676,0.40399195558571127,,-0.5297427458838972,0.48863636363636365,35.73038523814804,0.056105212058472936,3957
blend,120,0,0.1,rank,21,0.2884529477843043,0.40564743862597336,,-0.3969372360433282,0.5056818181818182,21.289331659210028,0.03342931959345003,3957
blend,120,0,0.1,volinv,1,0.07215828406733946,0.09704972566289488,,-0.5815167500797814,0.4659090909090909,170.46652306258744,0.2676730284756582,3957
blend,120,0,0.1,volinv,5,0.2786963793808453,0.3905648026058334,,-0.5315693704640738,0.48863636363636365,59.61685426078791,0.09361265567854674,3957
blend,120,0,0.1,volinv,10,0.32776615298503264,0.4650581223297666,,-0.5140914931599221,0.4772727272727273,39.55981173877145,0.06211832343266613,3957
blend,120,0,0.1,volinv,21,0.30693062844335744,0.42726155442367764,,-0.40143482263160335,0.4715909090909091,22.965022203566193,0.03606055272202835,3957
blend,120,0,0.2,equal,1,0.09968226475149708,0.14318350301864588,,-0.5942581610681683,0.4659090909090909,112.40333586050038,0.17650000000000002,3957
blend,120,0,0.2,equal,5,0.1316983543778106,0.18558142615844825,,-0.5557462123213734,0.4602272727272727,38.94283548142533,0.06114952380952381,3957
blend,120,0,0.2,equal,10,0.09090587514551196,0.1288519346225929,,-0.6394238916245369,0.45454545454545453,25.616679302501893,0.04022428571428571,3957
blend,120,0,0.2,equal,21,0.19762323212642482,0.28015011657756733,,-0.45092104198679783,0.5,16.4964366944655,0.025903333333333334,3957
blend,120,0,0.2,rank,1,0.09676245650051536,0.13864058902898166,,-0.5974436050136027,0.48295454545454547,113.40905612527656,0.1780792202729045,3957
blend,120,0,0.2,rank,5,0.15027564760853587,0.21198656878040031,,-0.5329119745806764,0.4602272727272727,40.15694948769447,0.06305597187412977,3957
blend,120,0,0.2,rank,10,0.12572396914272513,0.17857885087264372,,-0.6225153321746832,0.4659090909090909,26.665955512992742,0.04187189919242551,3957
blend,120,0,0.2,rank,21,0.2038130035762918,0.2878183107396609,,-0.4522561184765084,0.4943181818181818,17.091169989669652,0.026837206209969367,3957
blend,120,0,0.2,volinv,1,0.10192795281489052,0.15018408821895307,,-0.6114836108370406,0.44886363636363635,131.63921830031416,0.20670491540251706,3957
blend,120,0,0.2,volinv,5,0.17885327655576364,0.2594216112423889,,-0.52922771330125,0.4602272727272727,46.25302989144827,0.07262826955573842,3957
blend,120,0,0.2,volinv,10,0.19587484986176137,0.28787601017783765,,-0.592357487322089,0.44886363636363635,30.296520030794316,0.04757274990549726,3957
blend,120,0,0.2,volinv,21,0.24362407597701596,0.361830214136513,,-0.44106465742200696,0.5,19.26296548390835,0.03024744223008942,3957
blend,120,0,0.3,equal,1,0.002742795016131067,0.003979427677831606,,-0.5957687190649398,0.45454545454545453,89.48319433914581,0.14050992063492063,3957
blend,120,0,0.3,equal,5,0.04795385319345131,0.06884491085130358,,-0.557294772811763,0.4659090909090909,31.636846095526913,0.04967738095238095,3957
blend,120,0,0.3,equal,10,0.10136045650103268,0.14648647637911363,,-0.5783820641018882,0.44886363636363635,21.217589082638362,0.03331666666666666,3957
blend,120,0,0.3,equal,21,0.2085217253617544,0.3029701514620715,,-0.4349644358919791,0.4943181818181818,13.232499368208238,0.0207781746031746,3957
blend,120,0,0.3,rank,1,0.040358639729172655,0.058245797928219094,,-0.5932827948020476,0.4659090909090909,93.13561103391385,0.14624508446872903,3957
blend,120,0,0.3,rank,5,0.09132221775831206,0.1304231321262762,,-0.5389282886969871,0.4715909090909091,34.06457915235844,0.05348949988328665,3957
blend,120,0,0.3,rank,10,0.12796188830450494,0.1837780289310651,,-0.584736099172066,0.44886363636363635,23.035987354254313,0.036171984905073146,3957
blend,120,0,0.3,rank,21,0.21198952438898297,0.30532022591942565,,-0.4318875361901513,0.4943181818181818,14.541014516084024,0.02283285493656527,3957
blend,120,0,0.3,volinv,1,0.04075770987377488,0.060278356917086114,,-0.5907571924467463,0.4431818181818182,108.80636639425923,0.1708519015166999,3957
blend,120,0,0.3,volinv,5,0.11205685283475915,0.1631327252482541,,-0.5412690498593234,0.44886363636363635,39.311713753034404,0.06172875052410998,3957
blend,120,0,0.3,volinv,10,0.16417601076662075,0.2444750733009458,,-0.5480892068742722,0.4772727272727273,26.55655471194345,0.041700113886968336,3957
blend,120,0,0.3,volinv,21,0.25831487657638796,0.38939751913326054,,-0.4378102519826259,0.48863636363636365,16.485428434779678,0.02588604774461238,3957
blend,120,2,0.1,equal,1,0.22213504575285534,0.3196086455764837,,-0.5058067467547835,0.4659090909090909,151.70735405610313,0.23821666666666666,3957
blend,120,2,0.1,equal,5,0.20047967449949017,0.2853197180173194,,-0.5147680730987594,0.48295454545454547,55.59666413949962,0.0873,3957
blend,120,2,0.1,equal,10,0.18046651397476668,0.2546365640084294,,-0.5086706967309951,0.48295454545454547,35.14329037149355,0.055183333333333334,3957
blend,120,2,0.1,equal,21,0.27239036498350244,0.38305243375778303,,-0.49865569904175366,0.48863636363636365,21.11144806671721,0.03315,3957
blend,120,2,0.1,rank,1,0.22264652315924116,0.3197257281393431,,-0.5083569823356289,0.4659090909090909,152.3802372540382,0.23927325349771,3957
blend,120,2,0.1,rank,5,0.19468290784823114,0.2756572004737161,,-0.5188777919943424,0.4772727272727273,55.759009150742024,0.08755492032122467,3957
blend,120,2,0.1,rank,10,0.17070604805093612,0.23993311989818775,,-0.5196472090313661,0.4715909090909091,35.423066742182016,0.0556226488487358,3957
blend,120,2,0.1,rank,21,0.2822251374467657,0.3964192527140416,,-0.4989711554478822,0.4943181818181818,21.271567572750946,0.033401425748164876,3957
blend,120,2,0.1,volinv,1,0.20774502009890566,0.2974240538807293,,-0.5277971062834257,0.4772727272727273,170.29960541256628,0.2674109280228273,3957
blend,120,2,0.1,volinv,5,0.2683376108816125,0.3797457490455061,,-0.47606892116116706,0.48863636363636365,61.423058768932265,0.09644882680502578,3957
blend,120,2,0.1,volinv,10,0.2414044311726377,0.3427774122634813,,-0.46799788361226513,0.4659090909090909,38.984786316789254,0.06121539660933931,3957
blend,120,2,0.1,volinv,21,0.2993574267090037,0.41894029274426886,,-0.4960838967245387,0.4772727272727273,23.009604196818948,0.036130557066195466,3957
blend,120,2,0.2,equal,1,0.0020601468392903947,0.002924230546735577,,-0.6197828305654866,0.44886363636363635,112.29052312357847,0.17632285714285717,3957
blend,120,2,0.2,equal,5,0.084075797311182,0.12001049379869831,,-0.5724246448532693,0.4943181818181818,39.6054586808188,0.06219,3957
blend,120,2,0.2,equal,10,-0.004601383242933399,-0.0065232579595596255,,-0.6057917954437821,0.4375,26.072175890826387,0.040939523809523815,3957
blend,120,2,0.2,equal,21,0.11141402239013488,0.15825246620371233,,-0.5832859735722784,0.4659090909090909,16.040030326004548,0.025186666666666666,3957
blend,120,2,0.2,rank,1,0.041353049461368335,0.05888307110699955,,-0.6000523907940236,0.45454545454545453,113.3091239597604,0.17792230297967143,3957
blend,120,2,0.2,rank,5,0.0961344854610342,0.13700783477027084,,-0.5623804048223676,0.4943181818181818,40.658800083352176,0.06384399679754943,3957
blend,120,2,0.2,rank,10,0.01815898927635198,0.025761445974021493,,-0.5974792665123507,0.4375,27.00241898656168,0.04240022695627959,3957
blend,120,2,0.2,rank,21,0.15441079677567798,0.2192137572331487,,-0.5535583863081021,0.4659090909090909,16.65581891296348,0.026153601364522418,3957
blend,120,2,0.2,volinv,1,0.07380288701748246,0.10714260071479922,,-0.5853098214463872,0.4659090909090909,131.87215544783314,0.2070706821853475,3957
blend,120,2,0.2,volinv,5,0.1650241525347453,0.24214045044977411,,-0.5259606020297969,0.48863636363636365,47.022658875437386,0.07383677030559752,3957
blend,120,2,0.2,volinv,10,0.07799775463376692,0.11317757049754373,,-0.5700735427099433,0.48295454545454547,31.055285048657016,0.048764191641879284,3957
blend,120,2,0.2,volinv,21,0.17188229645915049,0.256547725042184,,-0.5708620854565031,0.48863636363636365,18.6295943759617,0.02925289878796843,3957
blend,120,2,0.3,equal,1,0.08790589730162066,0.12664430501221677,,-0.5443056323732289,0.4772727272727273,89.44680313368713,0.14045277777777776,3957
blend,120,2,0.3,equal,5,0.12322453770265385,0.17740972778221217,,-0.5178476520280193,0.48863636363636365,31.425827647207473,0.04934603174603175,3957
blend,120,2,0.3,equal,10,0.007713288166861799,0.01086239689119997,,-0.6159320125441554,0.4431818181818182,21.03108415466262,0.033023809523809525,3957
blend,120,2,0.3,equal,21,0.037821464940875855,0.05358579512709739,,-0.6360882543629953,0.4772727272727273,13.501137225170584,0.021199999999999997,3957
blend,120,2,0.3,rank,1,0.10555928337950009,0.151464320267725,,-0.5479438289365752,0.45454545454545453,93.0834844971733,0.14616323339496617,3957
blend,120,2,0.3,rank,5,0.12302715308314949,0.17634499035232404,,-0.5305258923559423,0.4943181818181818,34.02686350533456,0.0534302773375432,3957
blend,120,2,0.3,rank,10,0.021597835571100447,0.030471319994925607,,-0.6102093293052547,0.45454545454545453,23.00056183174492,0.03611635840008518,3957
blend,120,2,0.3,rank,21,0.10602391869209954,0.14994272639639886,,-0.5892243698160018,0.48295454545454547,14.644984473179559,0.02299611252395695,3957
blend,120,2,0.3,volinv,1,0.0879094971606033,0.12885656301304918,,-0.5667094508332231,0.4602272727272727,108.92484939914142,0.1710379480446042,3957
blend,120,2,0.3,volinv,5,0.14960759085737796,0.21829758353662715,,-0.5214228033011676,0.4943181818181818,39.2507343213671,0.06163299829747999,3957
blend,120,2,0.3,volinv,10,0.048840143008380764,0.07063637037701581,,-0.6189432538050276,0.4602272727272727,26.21774296467805,0.04116809877429803,3957
blend,120,2,0.3,volinv,21,0.08906386665260958,0.13128825335772512,,-0.6262226978519748,0.48863636363636365,16.560753953078187,0.02600432674298825,3957
blend,120,7,0.1,equal,1,0.14986190762459647,0.21312948563701398,,-0.5763872696194379,0.48295454545454547,151.2615617892343,0.23751666666666668,3957
blend,120,7,0.1,equal,5,0.16356083748265332,0.23100856774103887,,-0.5054672090329394,0.4772727272727273,55.49052312357846,0.08713333333333334,3957
blend,120,7,0.1,equal,10,-0.015081762055272159,-0.021188280381968884,,-0.6043033101615272,0.45454545454545453,34.6125852918878,0.054349999999999996,3957
blend,120,7,0.1,equal,21,0.09807201961226819,0.14050998527075967,,-0.608281676214036,0.4772727272727273,22.71417740712661,0.035666666666666666,3957
blend,120,7,0.1,rank,1,0.15111866503586735,0.21491825904710582,,-0.5757066604603167,0.4943181818181818,151.95440960683072,0.23860460270405923,3957
blend,120,7,0.1,rank,5,0.1649601689982582,0.23313554522011168,,-0.5076903940997756,0.48295454545454547,55.659454751223876,0.08739859621055274,3957
blend,120,7,0.1,rank,10,-0.0117182042450181,-0.01648429254279658,,-0.6057784671093732,0.4602272727272727,34.926938901491425,0.05484361001317523,3957
blend,120,7,0.1,rank,21,0.10129419966172648,0.145021396413179,,-0.6085056820752361,0.4715909090909091,22.943620201753834,0.03602694648346822,3957
blend,120,7,0.1,volinv,1,0.18151507353476587,0.25931414241359263,,-0.5476756002092551,0.48863636363636365,170.37887292993395,0.26753539689831296,3957
blend,120,7,0.1,volinv,5,0.17753982630945542,0.25016503154758823,,-0.5036467378922787,0.48295454545454547,61.64833988586709,0.09680257179697464,3957
blend,120,7,0.1,volinv,10,0.0039148495150528725,0.005498251245466298,,-0.6079214588555808,0.45454545454545453,38.117298035436356,0.05985323346278639,3957
blend,120,7,0.1,volinv,21,0.10987747530736598,0.15655015233269876,,-0.5826540747860567,0.4602272727272727,24.344879599584097,0.0382272573712517,3957
blend,120,7,0.2,equal,1,-0.04347511978161752,-0.06223731131684692,,-0.6582552427743342,0.44886363636363635,111.95936315390448,0.17580285714285715,3957
blend,120,7,0.2,equal,5,0.034668976348333776,0.049266381197881605,,-0.5600554756237557,0.44886363636363635,39.56300227445034,0.062123333333333336,3957
blend,120,7,0.2,equal,10,-0.020913660168086278,-0.02958669773470651,,-0.6352855349446409,0.4659090909090909,25.408642911296436,0.03989761904761905,3957
blend,120,7,0.2,equal,21,0.042284844179576,0.05763184021731163,,-0.6802083979686857,0.4602272727272727,16.548597422289614,0.025985238095238096,3957
blend,120,7,0.2,rank,1,-0.02252435201501728,-0.03220422557031628,,-0.6516848905510422,0.4602272727272727,112.99444377940048,0.17742818017265385,3957
blend,120,7,0.2,rank,5,0.05837677627141215,0.08300441891773178,,-0.5525412053329783,0.4431818181818182,40.614164992972704,0.06377390907825119,3957
blend,120,7,0.2,rank,10,-0.016011034924393496,-0.02261602823178828,,-0.6350759451850885,0.4602272727272727,26.308195558393077,0.04131013088276246,3957
blend,120,7,0.2,rank,21,0.052322275376805005,0.07189025738402777,,-0.6712222252961448,0.4715909090909091,17.222575582245984,0.027043544277360068,3957
blend,120,7,0.2,volinv,1,0.025904508994207338,0.03921946950089768,,-0.6380458617759427,0.45454545454545453,132.21363090274411,0.20760687995323746,3957
blend,120,7,0.2,volinv,5,0.11268047890981772,0.16352636777340693,,-0.5113732892935277,0.4715909090909091,47.07405110960099,0.0739174683494806,3957
blend,120,7,0.2,volinv,10,0.05166653912430489,0.07438320032137047,,-0.6100781191094469,0.4772727272727273,29.966055870305325,0.047053842491586576,3957
blend,120,7,0.2,volinv,21,0.1152085815167889,0.16594154669637431,,-0.644598886186959,0.4375,19.12026286030747,0.030023365134220895,3957
blend,120,7,0.3,equal,1,-0.0463381159709551,-0.0666296774279314,,-0.6426812369927436,0.4602272727272727,89.20368966388679,0.14007103174603175,3957
blend,120,7,0.3,equal,5,0.07191667351040407,0.10212492457353603,,-0.5610080180572092,0.4659090909090909,31.36113217083649,0.04924444444444444,3957
blend,120,7,0.3,equal,10,0.06861651202896177,0.09831151889938523,,-0.5682579725336288,0.4943181818181818,20.87642153146323,0.032780952380952376,3957
blend,120,7,0.3,equal,21,0.0245236634393781,0.03424622063523614,,-0.6915185832735209,0.4715909090909091,13.435430881981299,0.02109682539682539,3957
blend,120,7,0.3,rank,1,-0.01688619743313756,-0.02420164520738285,,-0.640230499318913,0.45454545454545453,92.83848556254765,0.14577852673452424,3957
blend,120,7,0.3,rank,5,0.08276840467546996,0.11752584994538384,,-0.5529534153817783,0.4602272727272727,33.96883033502828,0.05333915144274084,3957
blend,120,7,0.3,rank,10,0.04986355556922636,0.07092804969587992,,-0.5863939472533953,0.4772727272727273,22.622420917145174,0.035522587130612474,3957
blend,120,7,0.3,rank,21,0.03041752055335073,0.04229295740869543,,-0.6854954529962352,0.4772727272727273,14.912662009924542,0.023416429989393417,3957
blend,120,7,0.3,volinv,1,0.00637848914461155,0.00933098900523796,,-0.609202746444913,0.4602272727272727,109.0793344254436,0.17128052631804774,3957
blend,120,7,0.3,volinv,5,0.11842093288611916,0.170647502430476,,-0.5220570146917666,0.4715909090909091,39.21191895971861,0.061572048937939106,3957
blend,120,7,0.3,volinv,10,0.12146526774971435,0.17613912634726042,,-0.5530506705503722,0.4943181818181818,26.026123146046814,0.040867210035280654,3957
blend,120,7,0.3,volinv,21,0.0848232119074055,0.12349155750252767,,-0.6670435544777362,0.4772727272727273,16.6205007650688,0.02609814346324494,3957
blend,180,0,0.1,equal,1,-0.0017619316566153443,-0.002419211718831162,,-0.5517330106969102,0.44886363636363635,133.91811978771796,0.21028333333333332,3957
blend,180,0,0.1,equal,5,0.16276142190355317,0.22413855520334205,,-0.5097121535507525,0.4602272727272727,45.15238817285822,0.07089999999999999,3957
blend,180,0,0.1,equal,10,0.03242158924948407,0.04521871485269311,,-0.5354184579068734,0.44886363636363635,28.817285822592872,0.04525,3957
blend,180,0,0.1,equal,21,0.2789895650294467,0.39451517517411894,,-0.42852586915583535,0.4943181818181818,18.288097043214552,0.028716666666666665,3957
blend,180,0,0.1,rank,1,-0.01960756023339497,-0.02687692936576639,,-0.5612495095065266,0.44886363636363635,134.2226983551439,0.21076159420289858,3957
blend,180,0,0.1,rank,5,0.1598582478670843,0.22038968322043445,,-0.5114087333146795,0.4659090909090909,45.4956433837668,0.07143899240855764,3957
blend,180,0,0.1,rank,10,0.03054423350197946,0.04261857285879422,,-0.5380398048967225,0.45454545454545453,29.17133293577899,0.045805938264633916,3957
blend,180,0,0.1,rank,21,0.2702696563265823,0.38120642794437387,,-0.4327596225655779,0.4943181818181818,18.52145444956204,0.029083093355919437,3957
blend,180,0,0.1,volinv,1,0.017707127070419673,0.024191543478883325,,-0.5594149748904834,0.48295454545454547,151.7083463163894,0.23821822475156862,3957
blend,180,0,0.1,volinv,5,0.1997096459954974,0.2740397689903596,,-0.5245263841631455,0.45454545454545453,51.48075030877373,0.08083703530627685,3957
blend,180,0,0.1,volinv,10,0.06011010307609402,0.08337825676678993,,-0.5145818681876191,0.4431818181818182,32.939387176395286,0.05172268057817307,3957
blend,180,0,0.1,volinv,21,0.2955085446157702,0.40955666702239735,,-0.4548565599529306,0.4943181818181818,20.604162128283008,0.03235344029429201,3957
blend,180,0,0.2,equal,1,-0.2132605325531344,-0.29151933965974447,,-0.6712759831789679,0.4034090909090909,100.78968915845338,0.15826380952380953,3957
blend,180,0,0.2,equal,5,-0.15119079299338886,-0.2024817004073208,,-0.5995287711921395,0.4431818181818182,33.97968157695224,0.053356190476190474,3957
blend,180,0,0.2,equal,10,-0.18373647856789163,-0.2459721148431122,,-0.6573935241988262,0.4147727272727273,21.89871114480667,0.03438619047619048,3957
blend,180,0,0.2,equal,21,-0.1026064294776352,-0.14154171140166713,,-0.688214727023756,0.4431818181818182,14.041849886277483,0.02204904761904762,3957
blend,180,0,0.2,rank,1,-0.1930428192928322,-0.26391310618401986,,-0.6616794673438711,0.42045454545454547,100.54493036989746,0.1578794799498747,3957
blend,180,0,0.2,rank,5,-0.10536067825803566,-0.14187055437496995,,-0.5760808318534749,0.4375,34.54357501030819,0.05424163742690059,3957
blend,180,0,0.2,rank,10,-0.15503123615707398,-0.20877434503278808,,-0.644182992150819,0.4318181818181818,22.483293652377085,0.03530412419938735,3957
blend,180,0,0.2,rank,21,-0.050700262140838184,-0.06991958901266795,,-0.6623627578861737,0.44886363636363635,14.485089714430122,0.022745039682539683,3957
blend,180,0,0.2,volinv,1,-0.20888877428073985,-0.28304578743077075,,-0.6541731985762338,0.3977272727272727,121.61640949261286,0.1909667191913766,3957
blend,180,0,0.2,volinv,5,-0.14275133297039144,-0.1886549564026847,,-0.5715512227688133,0.4431818181818182,41.55425213868099,0.06525006972728598,3957
blend,180,0,0.2,volinv,10,-0.12799877267813967,-0.17064516017631767,,-0.5975994072990902,0.4375,26.93079050227063,0.04228775318154162,3957
blend,180,0,0.2,volinv,21,-0.06784422885555694,-0.09303344018491107,,-0.6740403180409358,0.44886363636363635,17.008461991055327,0.026707334959764253,3957
blend,180,0,0.3,equal,1,-0.23713837963765652,-0.32646819016518824,,-0.6814744584937062,0.4090909090909091,80.11528936062673,0.12580007936507936,3957
blend,180,0,0.3,equal,5,-0.14945539198276298,-0.20258571384538762,,-0.6479738233514061,0.4431818181818182,27.309072529694216,0.042881746031746035,3957
blend,180,0,0.3,equal,10,-0.10954558730664217,-0.1491444018804336,,-0.6416771303415725,0.4375,17.873136214303763,0.028065079365079366,3957
blend,180,0,0.3,equal,21,-0.012770788138751646,-0.01787106991820276,,-0.609570982688235,0.4659090909090909,11.060399292393228,0.017367460317460316,3957
blend,180,0,0.3,rank,1,-0.20340148487899776,-0.28031549443824033,,-0.6680008879563717,0.4318181818181818,81.90199374636995,0.12860563065650238,3957
blend,180,0,0.3,rank,5,-0.10805513282838934,-0.14655656941987752,,-0.612558394580868,0.42613636363636365,29.07327537475227,0.04565196454678363,3957
blend,180,0,0.3,rank,10,-0.10647874871309773,-0.14454081514567516,,-0.6342189473663897,0.4318181818181818,19.14785967989739,0.030066698711648403,3957
blend,180,0,0.3,rank,21,-0.00184415133663293,-0.0025609794338146905,,-0.6150489859544255,0.4659090909090909,12.137298863322513,0.019058449048479042,3957
blend,180,0,0.3,volinv,1,-0.21391071965434735,-0.2959403780359125,,-0.6850587175898608,0.4147727272727273,98.62542167968138,0.15486539428035678,3957
blend,180,0,0.3,volinv,5,-0.08861257015673618,-0.12196594634829212,,-0.6312511991693768,0.4147727272727273,34.76361993725304,0.054587160353853297,3957
blend,180,0,0.3,volinv,10,-0.06435955849863292,-0.08967665290583775,,-0.617704419106448,0.4375,22.934865461383833,0.03601319945662533,3957
blend,180,0,0.3,volinv,21,0.06098468789993697,0.09008989767840835,,-0.5699278661134273,0.4602272727272727,14.148305256807735,0.02221620789729691,3957
blend,180,2,0.1,equal,1,-0.02293135543427178,-0.031559489519359614,,-0.5740828359776193,0.4318181818181818,133.85443517816526,0.21018333333333333,3957
blend,180,2,0.1,equal,5,0.034191337746258835,0.04741585389012377,,-0.5538798621896837,0.4602272727272727,46.489764973464744,0.073,3957
blend,180,2,0.1,equal,10,-0.0455196844614001,-0.06307936381475737,,-0.6394271682930643,0.4318181818181818,31.0674753601213,0.04878333333333333,3957
blend,180,2,0.1,equal,21,0.14367383309086917,0.1984855595409965,,-0.563513610257989,0.4375,17.959059893858985,0.028199999999999996,3957
blend,180,2,0.1,rank,1,-0.025586211332040223,-0.03519819455448183,,-0.565099810820874,0.45454545454545453,134.16190850057086,0.21066613965744402,3957
blend,180,2,0.1,rank,5,0.02619896217092264,0.0363244983748971,,-0.5545066754518415,0.4602272727272727,46.777583329088095,0.07345194334650856,3957
blend,180,2,0.1,rank,10,-0.050873810108938544,-0.07048312064697973,,-0.6416899936067856,0.4318181818181818,31.34075001922844,0.049212439613526573,3957
blend,180,2,0.1,rank,21,0.14687433059659027,0.20241107455390034,,-0.5546870454559444,0.44886363636363635,18.178206230815256,0.02854411192672062,3957
blend,180,2,0.1,volinv,1,-0.0034680040835559415,-0.0047443039163104096,,-0.5670785132874925,0.4375,151.89736049964603,0.23851502202265848,3957
blend,180,2,0.1,volinv,5,0.10738392802342964,0.14797310018646784,,-0.5472899343957698,0.45454545454545453,53.35579048947035,0.08378129482810881,3957
blend,180,2,0.1,volinv,10,-0.012643446171664503,-0.017379901588503055,,-0.6174771952839724,0.4431818181818182,35.553526741756635,0.05582750210997263,3957
blend,180,2,0.1,volinv,21,0.14342538682932215,0.19666861555282458,,-0.563252018639564,0.4602272727272727,20.399483451025784,0.03203204603797978,3957
blend,180,2,0.2,equal,1,-0.13139575868036532,-0.17721107033897995,,-0.5762787085544363,0.4147727272727273,100.70962850644429,0.15813809523809524,3957
blend,180,2,0.2,equal,5,-0.07445202387235997,-0.10065519179379406,,-0.6043862239426707,0.4602272727272727,33.56542835481425,0.052705714285714286,3957
blend,180,2,0.2,equal,10,-0.09346764144143346,-0.12527004336456277,,-0.6335314258025706,0.4602272727272727,22.061865049279756,0.03464238095238095,3957
blend,180,2,0.2,equal,21,-0.03275017452939287,-0.04517817647442436,,-0.6405181801771112,0.4659090909090909,13.889006823351023,0.021809047619047624,3957
blend,180,2,0.2,rank,1,-0.1018826104026971,-0.13785508335578436,,-0.5574910993768722,0.42613636363636365,100.47352859023981,0.15776736215538847,3957
blend,180,2,0.2,rank,5,-0.057036425807733354,-0.07728042829206075,,-0.5959674572397284,0.4715909090909091,34.326161055912465,0.05390024575327207,3957
blend,180,2,0.2,rank,10,-0.09115171783612223,-0.12253308918051561,,-0.6319936905449259,0.45454545454545453,22.761473560068985,0.035740932887774995,3957
blend,180,2,0.2,rank,21,0.0017851106220512073,0.0024549591142475086,,-0.6253912982878813,0.4602272727272727,14.264004274015846,0.02239788290169869,3957
blend,180,2,0.2,volinv,1,-0.13655844736110068,-0.1811298946588077,,-0.5572698727250109,0.42613636363636365,121.86120959568034,0.1913511136389314,3957
blend,180,2,0.2,volinv,5,-0.018000956695842785,-0.024475546649440818,,-0.5587880855504828,0.4715909090909091,41.68303740528131,0.0654522932590072,3957
blend,180,2,0.2,volinv,10,-0.005687033574771779,-0.007724592535506374,,-0.5902158164739864,0.45454545454545453,27.08450640661431,0.04252912375038605,3957
blend,180,2,0.2,volinv,21,0.015280279090189263,0.021016073519585704,,-0.6156946867345477,0.4602272727272727,16.693324235245036,0.0262124936503431,3957
blend,180,2,0.3,equal,1,-0.10247491116359915,-0.14091613502568917,,-0.5939256875240041,0.42613636363636365,80.05160475107404,0.12570007936507938,3957
blend,180,2,0.3,equal,5,-0.07621467157479184,-0.10425490833714023,,-0.600549227592918,0.42613636363636365,27.222946676775333,0.04274650793650794,3957
blend,180,2,0.3,equal,10,-0.04644108900172752,-0.06394015809753592,,-0.6218218300457317,0.4318181818181818,17.68764215314632,0.02777380952380952,3957
blend,180,2,0.3,equal,21,-0.0048737356483460215,-0.006797816561165827,,-0.6355529550819725,0.45454545454545453,11.338893100833964,0.017804761904761903,3957
blend,180,2,0.3,rank,1,-0.07760691245433364,-0.106288790373898,,-0.5685858489522057,0.4431818181818182,81.84655309019847,0.12851857562615687,3957
blend,180,2,0.3,rank,5,-0.06023834031151969,-0.08242491687128613,,-0.5891617249327705,0.4375,28.963509125967935,0.045479605401371075,3957
blend,180,2,0.3,rank,10,-0.06226734855264045,-0.08540018702266723,,-0.624304521248916,0.4375,19.260118399340904,0.030242971629441253,3957
blend,180,2,0.3,rank,21,0.01746284064597269,0.02425757749754281,,-0.6257502306479716,0.48863636363636365,12.177130872566362,0.01912099478680361,3957
blend,180,2,0.3,volinv,1,-0.06772927798762596,-0.09451483597544409,,-0.6003241195519531,0.4318181818181818,98.89611711796829,0.1552904505697621,3957
blend,180,2,0.3,volinv,5,-0.010092986024729803,-0.013967908315043218,,-0.580764818249023,0.4375,35.23022342133675,0.055319838919932356,3957
blend,180,2,0.3,volinv,10,0.025312199524003477,0.03533715251150449,,-0.583585806045057,0.4375,22.893363592792802,0.035948031641540125,3957
blend,180,2,0.3,volinv,21,0.07099889797463728,0.10082981449564553,,-0.5944764534178588,0.4772727272727273,14.407121194031266,0.02262261054158005,3957
blend,180,7,0.1,equal,1,-0.12924973402105347,-0.17833735709389648,,-0.6478253648030886,0.4147727272727273,133.65276724791508,0.2098666666666667,3957
blend,180,7,0.1,equal,5,-0.025411986864253798,-0.03457905487477085,,-0.6092635135869435,0.4431818181818182,46.44730856709628,0.07293333333333334,3957
blend,180,7,0.1,equal,10,0.03502460266295072,0.046874037675100386,,-0.5155405859025148,0.42613636363636365,28.870356330553445,0.04533333333333334,3957
blend,180,7,0.1,equal,21,0.3372231408869732,0.4685131342318924,,-0.4786727210327102,0.44886363636363635,17.91660348749052,0.02813333333333333,3957
blend,180,7,0.1,rank,1,-0.1307284072581064,-0.18047226015292095,,-0.6475545396202488,0.4318181818181818,133.96154111241302,0.21035151515151518,3957
blend,180,7,0.1,rank,5,-0.028078473568580436,-0.0381806691239003,,-0.6117489827709126,0.45454545454545453,46.736972853431304,0.07338817523056654,3957
blend,180,7,0.1,rank,10,0.03381884624846042,0.045184318692162016,,-0.5152861501594197,0.42045454545454547,29.057158924845247,0.04562665788317963,3957
blend,180,7,0.1,rank,21,0.33110610096001986,0.45944912226384277,,-0.48794215780299055,0.44886363636363635,18.089004226262357,0.028404043541000065,3957
blend,180,7,0.1,volinv,1,-0.12573474971435422,-0.17196383352649924,,-0.6308608992661102,0.4090909090909091,151.67686023469912,0.23816878410662878,3957
blend,180,7,0.1,volinv,5,0.023956657981916405,0.03249589982624376,,-0.6106094673503129,0.4375,53.194487135360454,0.08352801015659576,3957
blend,180,7,0.1,volinv,10,0.05100693680850146,0.06846332548888089,,-0.535649891754715,0.4375,32.986998279272896,0.0517974413456678,3957
blend,180,7,0.1,volinv,21,0.36835903337098663,0.5094315626587765,,-0.4820008616281013,0.4715909090909091,20.01352313268903,0.031425996442877184,3957
blend,180,7,0.2,equal,1,-0.2036637715912192,-0.27467228342519523,,-0.6876726181226656,0.4318181818181818,100.39545109931765,0.15764476190476193,3957
blend,180,7,0.2,equal,5,-0.05760867723212633,-0.07784098275770691,,-0.590692094749825,0.4602272727272727,33.51872630780895,0.05263238095238095,3957
blend,180,7,0.2,equal,10,-0.06980999046546253,-0.09459534707350262,,-0.6411100323026542,0.45454545454545453,22.2013646702047,0.03486142857142858,3957
blend,180,7,0.2,equal,21,0.07306085888256737,0.09917226530065763,,-0.5993480384514195,0.48863636363636365,13.985443517816528,0.02196047619047619,3957
blend,180,7,0.2,rank,1,-0.1873275260858111,-0.2531977158689168,,-0.6772931656576311,0.4318181818181818,100.19258209967678,0.15732620927318297,3957
blend,180,7,0.2,rank,5,-0.05409906762222961,-0.07303288288694361,,-0.587993514415424,0.45454545454545453,34.28320187631069,0.05383278961292119,3957
blend,180,7,0.2,rank,10,-0.060800600638005645,-0.08204292402325394,,-0.6306915137011195,0.45454545454545453,22.71444963178733,0.03566709412419939,3957
blend,180,7,0.2,rank,21,0.10791540914596803,0.1462351561663222,,-0.587038374934383,0.48295454545454547,14.261260302639338,0.022393574213311056,3957
blend,180,7,0.2,volinv,1,-0.20245187191803254,-0.2706929947062163,,-0.6881671495165487,0.4318181818181818,121.81120926807174,0.19127260121974599,3957
blend,180,7,0.2,volinv,5,-0.019551663811857953,-0.026015542041855626,,-0.5745358065634589,0.44886363636363635,41.601357825018646,0.06532403687047571,3957
blend,180,7,0.2,volinv,10,-0.05242786841805071,-0.06995757188519695,,-0.6314364461269046,0.4431818181818182,27.28961877174769,0.04285119899992286,3957
blend,180,7,0.2,volinv,21,0.09375261195173654,0.13165440504533682,,-0.6033652768173412,0.44886363636363635,16.5191063556389,0.025938930098913942,3957
blend,180,7,0.3,equal,1,-0.15162439759745336,-0.2100519467991372,,-0.6805872854263033,0.4431818181818182,79.91261056355825,0.1254818253968254,3957
blend,180,7,0.3,equal,5,-0.04276796067781181,-0.058830340086383937,,-0.620213698271417,0.45454545454545453,27.222946676775333,0.04274650793650794,3957
blend,180,7,0.3,equal,10,-0.06647082786973775,-0.09032635479243976,,-0.6313498589303935,0.4602272727272727,17.723629011877687,0.027830317460317458,3957
blend,180,7,0.3,equal,21,0.07125934811930587,0.09853670090065411,,-0.6119824521760246,0.44886363636363635,11.11877685114986,0.017459126984126983,3957
blend,180,7,0.3,rank,1,-0.14552320841254668,-0.2000898657877407,,-0.6687509514194341,0.4375,81.69353591289541,0.12827830222512981,3957
blend,180,7,0.3,rank,5,-0.04270673741525051,-0.05842405584212867,,-0.6048480400103906,0.44886363636363635,28.950011080805968,0.045458410256646514,3957
blend,180,7,0.3,rank,10,-0.05671477006105728,-0.07674325670182731,,-0.6232023204636978,0.44886363636363635,19.122041643227128,0.0300261582469245,3957
blend,180,7,0.3,rank,21,0.09757292767529338,0.13400972709520453,,-0.5871881593584298,0.4715909090909091,12.08915916731802,0.0189828582639196,3957
blend,180,7,0.3,volinv,1,-0.12063817700607189,-0.16881110954841122,,-0.6785526594987599,0.44886363636363635,98.88850899078129,0.1552785039986197,3957
blend,180,7,0.3,volinv,5,-0.0032496068795187343,-0.0045064631495629675,,-0.6056550648477754,0.4602272727272727,35.1538046661789,0.05519984327939282,3957
blend,180,7,0.3,volinv,10,-0.02817197414975264,-0.03879282368309121,,-0.6210898466454456,0.44886363636363635,22.977864791616117,0.03608071864302578,3957
blend,180,7,0.3,volinv,21,0.10702487202710516,0.15193315207532337,,-0.5930275058423617,0.4431818181818182,14.193301289782719,0.022286862382408817,3957
blend,252,0,0.1,equal,1,0.07465643515720892,0.10338136853391103,,-0.48998133391828824,0.39204545454545453,112.94465504169825,0.17735,3957
blend,252,0,0.1,equal,5,0.1768035053217961,0.24359264835089206,,-0.40499891520342,0.4090909090909091,37.563305534495825,0.05898333333333333,3957
blend,252,0,0.1,equal,10,0.1174769764101203,0.15931878784511985,,-0.4168770547511228,0.4034090909090909,24.524943138741467,0.03851,3957
blend,252,0,0.1,equal,21,0.024215129943534662,0.0336801237942169,,-0.515174545575754,0.4375,15.103866565579985,0.023716666666666667,3957
blend,252,0,0.1,rank,1,0.06745786988565325,0.09318577386195474,,-0.4920978167952128,0.39204545454545453,113.57464981755453,0.17833924179685048,3957
blend,252,0,0.1,rank,5,0.17312066463332187,0.23849444544060253,,-0.4024605900146512,0.4034090909090909,38.024423621120725,0.05970739851935505,3957
blend,252,0,0.1,rank,10,0.1115684079155457,0.15085294706942312,,-0.4186807606853119,0.3977272727272727,24.73820347390575,0.0388448695024782,3957
blend,252,0,0.1,rank,21,0.0191151282744422,0.02651576749364146,,-0.5180643771605588,0.4431818181818182,15.30214829176493,0.02402801618671184,3957
blend,252,0,0.1,volinv,1,0.13223344499156134,0.18266611507160516,,-0.45821759755792457,0.42045454545454547,129.71413872082525,0.20368208211043873,3957
blend,252,0,0.1,volinv,5,0.23209009432899932,0.320483087212744,,-0.3846498698916646,0.4318181818181818,43.746545294887994,0.06869249195709197,3957
blend,252,0,0.1,volinv,10,0.19829634175152258,0.27123053496619215,,-0.4071288812639201,0.4147727272727273,28.5722735316928,0.04486527236702715,3957
blend,252,0,0.1,volinv,21,0.02986737274728936,0.040867209838515814,,-0.5145210378638554,0.4375,17.56003575616562,0.027573437098074353,3957
blend,252,0,0.2,equal,1,0.02418741549058755,0.03351284833573968,,-0.532365288685696,0.4034090909090909,86.76846095526913,0.13624714285714284,3957
blend,252,0,0.2,equal,5,0.11694653891331809,0.1618026225251879,,-0.4185404992338043,0.42613636363636365,28.4606520090978,0.04469000000000001,3957
blend,252,0,0.2,equal,10,0.0696531509219323,0.09560335770214172,,-0.4387247565540239,0.4375,18.957391963608792,0.02976761904761905,3957
blend,252,0,0.2,equal,21,-0.027205535237487893,-0.03665410810167552,,-0.5057871508544698,0.4318181818181818,11.933889310083396,0.01873904761904762,3957
blend,252,0,0.2,rank,1,0.021542604969278397,0.02977456044182902,,-0.5308901150687606,0.4090909090909091,85.77806951039463,0.134691992481203,3957
blend,252,0,0.2,rank,5,0.12170785988239473,0.16784691381157638,,-0.4140735597074755,0.42613636363636365,28.857839759874796,0.045313679337231974,3957
blend,252,0,0.2,rank,10,0.07590897904053104,0.10372002346359305,,-0.42680058792537734,0.4318181818181818,19.156173603075164,0.03007975355054302,3957
blend,252,0,0.2,rank,21,-0.020600841249391866,-0.02782889347120705,,-0.5071392343030885,0.42613636363636365,12.111687925905235,0.019018233778891676,3957
blend,252,0,0.2,volinv,1,0.05372182522722404,0.07574409875566049,,-0.5006074296141902,0.42613636363636365,106.45901416778696,0.1671659996277512,3957
blend,252,0,0.2,volinv,5,0.1498196453614463,0.2152509180855041,,-0.41507475138867833,0.4318181818181818,35.837043791530824,0.05627269138217758,3957
blend,252,0,0.2,volinv,10,0.1239475268257666,0.17784197611077676,,-0.40724978582820337,0.4431818181818182,23.709713460957154,0.03722989530357439,3957
blend,252,0,0.2,volinv,21,0.04903827445599503,0.06779298643800642,,-0.5039320702367354,0.4431818181818182,14.965820642574679,0.023499901699471432,3957
blend,252,0,0.3,equal,1,-0.07550288116838283,-0.10338952708809024,,-0.5701960518281217,0.4147727272727273,66.35006317917613,0.10418539682539682,3957
blend,252,0,0.3,equal,5,0.027666592997174888,0.03780637294079435,,-0.46019633032462903,0.45454545454545453,22.38665655799848,0.03515238095238095,3957
blend,252,0,0.3,equal,10,-0.06268460702564392,-0.0850587013386954,,-0.5980786113126371,0.42045454545454547,15.184483194339144,0.023843253968253965,3957
blend,252,0,0.3,equal,21,0.0034201287676662822,0.00470222513552552,,-0.48754848939579853,0.42613636363636365,9.732120293151377,0.015281746031746032,3957
blend,252,0,0.3,rank,1,-0.04327681609814489,-0.059385163085073495,,-0.5562644773920045,0.4090909090909091,68.22759910263403,0.1071335752575884,3957
blend,252,0,0.3,rank,5,0.06248727174008136,0.08557663138319156,,-0.4407227658812106,0.4318181818181818,24.030392085142317,0.037733437095598475,3957
blend,252,0,0.3,rank,10,-0.009080826569180899,-0.012352021183373984,,-0.5417433557608872,0.42613636363636365,16.249801115995922,0.025516056752379314,3957
blend,252,0,0.3,rank,21,-0.0022251093054529232,-0.003050627246407976,,-0.49447337850539563,0.4318181818181818,10.449372452783834,0.016408002696692715,3957
blend,252,0,0.3,volinv,1,-0.03970532233719883,-0.05544759171658438,,-0.5699868800750052,0.42613636363636365,84.40830784433604,0.132541140531761,3957
blend,252,0,0.3,volinv,5,0.07857613800978414,0.10960664874190673,,-0.44044749931368876,0.4431818181818182,29.91274804147236,0.04697013650797862,3957
blend,252,0,0.3,volinv,10,-0.022186894964984372,-0.030823102415544267,,-0.5738385511305095,0.4375,20.505361251238995,0.03219829939331456,3957
blend,252,0,0.3,volinv,21,0.06637042470025227,0.0942402777394998,,-0.4670811306376049,0.42613636363636365,13.029760471594692,0.02045982626432547,3957
blend,252,2,0.1,equal,1,0.04571706599419711,0.06331609426727498,,-0.4977883572281917,0.42045454545454547,112.79605761940863,0.17711666666666667,3957
blend,252,2,0.1,equal,5,0.17924109775468455,0.24136747274163955,,-0.4096761439886075,0.42045454545454547,38.49734647460197,0.06045,3957
blend,252,2,0.1,equal,10,0.029810058517673314,0.04020883227209424,,-0.48251354377434474,0.42045454545454547,24.019711902956782,0.03771666666666666,3957
blend,252,2,0.1,equal,21,-0.0036870304586274056,-0.0049929407575194,,-0.550675255899201,0.42613636363636365,14.254738438210765,0.02238333333333333,3957
blend,252,2,0.1,rank,1,0.0422067132000387,0.05842298236366447,,-0.49339536589639954,0.4034090909090909,113.43588537249744,0.17812134857895728,3957
blend,252,2,0.1,rank,5,0.1749206230758842,0.23523038411525748,,-0.4094879576262894,0.42045454545454547,38.90451503864169,0.06108935159043855,3957
blend,252,2,0.1,rank,10,0.03593217257299528,0.048369137496217345,,-0.4730786945080948,0.42613636363636365,24.348502328889314,0.038232945918815486,3957
blend,252,2,0.1,rank,21,-0.005108112774409643,-0.006905520875773643,,-0.5493252967303686,0.42045454545454547,14.402083264660316,0.022614699792960664,3957
blend,252,2,0.1,volinv,1,0.07069765189025276,0.09765145678846593,,-0.44818561464676954,0.42613636363636365,129.6172465454432,0.20352993832552335,3957
blend,252,2,0.1,volinv,5,0.2182099676200841,0.29538274093664724,,-0.38734609841009715,0.4375,45.19780391451521,0.07097131352767329,3957
blend,252,2,0.1,volinv,10,0.06554106655569712,0.088674616371882,,-0.4028253914471237,0.4318181818181818,28.006487849455496,0.04397685413503786,3957
blend,252,2,0.1,volinv,21,0.04716266169452715,0.06359184252096428,,-0.48983338478621075,0.42613636363636365,16.42311158369151,0.025788195451058454,3957
blend,252,2,0.2,equal,1,0.013778777499271477,0.018785888328383613,,-0.48975836830335506,0.42045454545454547,86.64958301743745,0.1360604761904762,3957
blend,252,2,0.2,equal,5,0.009980202240000954,0.013779108781456986,,-0.4934642156683099,0.4147727272727273,28.786656557998484,0.04520190476190476,3957
blend,252,2,0.2,equal,10,0.02375855033351722,0.03279278042096153,,-0.4514370118406891,0.4147727272727273,18.7945413191812,0.029511904761904767,3957
blend,252,2,0.2,equal,21,-0.09305565312547558,-0.12565114051170337,,-0.571301105620176,0.42045454545454547,11.823199393479909,0.018565238095238093,3957
blend,252,2,0.2,rank,1,0.017673400926672248,0.02414829040916691,,-0.4883669984268596,0.4147727272727273,85.68184829017197,0.1345409022556391,3957
blend,252,2,0.2,rank,5,0.03764197077833136,0.05176003819308162,,-0.4604641961612487,0.42613636363636365,29.166221530576504,0.045797912141464774,3957
blend,252,2,0.2,rank,10,0.030723540479249422,0.04227836099984319,,-0.45130333532633105,0.42045454545454547,19.213604582596243,0.030169933862433863,3957
blend,252,2,0.2,rank,21,-0.07114394503825504,-0.09613060881001516,,-0.562920913197104,0.4034090909090909,11.926959108663748,0.018728165552770813,3957
blend,252,2,0.2,volinv,1,0.05370585665354903,0.07428419798504397,,-0.4747255900486663,0.4147727272727273,106.46856044020555,0.1671809895483704,3957
blend,252,2,0.2,volinv,5,0.09445411036344,0.1349401542355245,,-0.4560494508467905,0.44886363636363635,36.14902457745596,0.05676257549721955,3957
blend,252,2,0.2,volinv,10,0.12167252418797474,0.17320505661997795,,-0.37349505217917534,0.4375,23.451507787148966,0.036824450918154145,3957
blend,252,2,0.2,volinv,21,-0.019450116505212986,-0.0270224449621123,,-0.5311749664314303,0.44886363636363635,14.613702796879274,0.022946992844147335,3957
blend,252,2,0.3,equal,1,-0.04484855048713999,-0.06121215748451659,,-0.5521455737642317,0.4431818181818182,66.31822087439978,0.10413539682539683,3957
blend,252,2,0.3,equal,5,-0.002352996712565013,-0.0031786598904023087,,-0.5050420750691057,0.45454545454545453,23.00530705079606,0.036123809523809516,3957
blend,252,2,0.3,equal,10,0.009317175095545653,0.012548104550907843,,-0.5292717425056379,0.4375,14.923174121809451,0.023432936507936507,3957
blend,252,2,0.3,equal,21,-0.12239983321226063,-0.1644555454493652,,-0.6136512950468532,0.4147727272727273,9.884862269396006,0.0155215873015873,3957
blend,252,2,0.3,rank,1,-0.008951701268149594,-0.012245492707049013,,-0.5281142825809355,0.4318181818181818,68.18361153034961,0.10706450429587039,3957
blend,252,2,0.3,rank,5,0.029284918367221628,0.03969136324945587,,-0.468888488170065,0.4318181818181818,24.373917200853448,0.03827285331895916,3957
blend,252,2,0.3,rank,10,0.03229490201507865,0.04387187520540303,,-0.49471375152579267,0.4318181818181818,16.11505459358903,0.025304472629695155,3957
blend,252,2,0.3,rank,21,-0.09545488907334741,-0.12859048942162316,,-0.5877917961725491,0.4147727272727273,10.434670378133562,0.01638491693899782,3957
blend,252,2,0.3,volinv,1,-0.005443443870736844,-0.0075804691170489056,,-0.5405814988608479,0.4659090909090909,84.50635959153183,0.1326951051205125,3957
blend,252,2,0.3,volinv,5,0.05987657997333242,0.08229044828679452,,-0.45626293498693926,0.44886363636363635,30.36723553657777,0.04768379008660248,3957
blend,252,2,0.3,volinv,10,0.05547292769414328,0.07630423488285497,,-0.47930422248450044,0.45454545454545453,20.217833187152795,0.03174681187363635,3957
blend,252,2,0.3,volinv,21,-0.06648206180858408,-0.09337921681773569,,-0.6110535195125757,0.4375,13.163178250682515,0.02066932394363124,3957
blend,252,7,0.1,equal,1,0.04708756212768876,0.06435506021509824,,-0.46367129141020114,0.4034090909090909,112.47763457164518,0.17661666666666667,3957
blend,252,7,0.1,equal,5,0.07926820437344062,0.10961589582682106,,-0.3854503587234239,0.4375,38.391205458680815,0.06028333333333333,3957
blend,252,7,0.1,equal,10,0.10138778459354486,0.13812047156586724,,-0.39684345818526556,0.42045454545454547,23.128127369219104,0.036316666666666664,3957
blend,252,7,0.1,equal,21,0.062221737890470946,0.08414835596048621,,-0.4137685556712437,0.4602272727272727,14.880970432145563,0.023366666666666664,3957
blend,252,7,0.1,rank,1,0.0351738271627739,0.04797747072675171,,-0.46456882768826024,0.4034090909090909,113.12404894113699,0.177631691134952,3957
blend,252,7,0.1,rank,5,0.07952425130008134,0.10975946227774594,,-0.38306391806750484,0.4318181818181818,38.8012687777002,0.060927230378317335,3957
blend,252,7,0.1,rank,10,0.08967968867874596,0.12186323625426254,,-0.40934932380655276,0.42045454545454547,23.485352919377377,0.03687759583411757,3957
blend,252,7,0.1,rank,21,0.05751058858615453,0.077852885833491,,-0.42800802625232914,0.4602272727272727,15.030149202743726,0.02360091285526068,3957
blend,252,7,0.1,volinv,1,0.007760749489561171,0.010492721891522923,,-0.4674698615326979,0.4147727272727273,129.62547260774372,0.20354285520192136,3957
blend,252,7,0.1,volinv,5,0.09778103016350245,0.13403101065688847,,-0.35161371211313086,0.4318181818181818,45.23300168694853,0.07102658241081561,3957
blend,252,7,0.1,volinv,10,0.09368662612028313,0.12680787575310362,,-0.390358854211709,0.4147727272727273,27.426889959525244,0.04306674744834976,3957
blend,252,7,0.1,volinv,21,0.07695966148275885,0.10426191815874691,,-0.39539333017779943,0.4602272727272727,16.95530523920562,0.026623866202990735,3957
blend,252,7,0.2,equal,1,-0.07874257739872925,-0.10839704855088061,,-0.5906540471362154,0.42045454545454547,86.46702047005309,0.13577380952380955,3957
blend,252,7,0.2,equal,5,0.048382365079584294,0.06559924741116954,,-0.4683771921729507,0.45454545454545453,28.761182714177405,0.045161904761904764,3957
blend,252,7,0.2,equal,10,0.04928471817100635,0.06570559545362259,,-0.41212088759831333,0.4147727272727273,17.90022744503412,0.028107619047619048,3957
blend,252,7,0.2,equal,21,-0.06937426594318091,-0.09326402574248381,,-0.5103027495045847,0.4318181818181818,11.585746777862017,0.018192380952380953,3957
blend,252,7,0.2,rank,1,-0.06467809141047463,-0.0888639290596397,,-0.5711685551049652,0.4090909090909091,85.48973305135469,0.13423923558897244,3957
blend,252,7,0.2,rank,5,0.058797054109163104,0.0799145802308358,,-0.45436546578024684,0.45454545454545453,29.13141845009288,0.045743263018657755,3957
blend,252,7,0.2,rank,10,0.043919120468535654,0.05874232182440137,,-0.4168235235888934,0.4090909090909091,18.25543097065383,0.028665373155109995,3957
blend,252,7,0.2,rank,21,-0.045488562737008215,-0.06138874220449828,,-0.4949356089982111,0.42613636363636365,11.918423934488738,0.018714763297131717,3957
blend,252,7,0.2,volinv,1,-0.03579713629712888,-0.05120816052169695,,-0.5752243101139874,0.42613636363636365,106.35632730164501,0.16700475679865448,3957
blend,252,7,0.2,volinv,5,0.14394305731899737,0.20068616032738962,,-0.36501974802012493,0.4659090909090909,36.08942207068867,0.056668985370521854,3957
blend,252,7,0.2,volinv,10,0.14443314863327816,0.1974885853994806,,-0.35725055064617717,0.42045454545454547,22.72000258961695,0.035675813590124714,3957
blend,252,7,0.2,volinv,21,-0.028843595380310557,-0.039808274380097576,,-0.48615026617786117,0.4318181818181818,14.480914310877587,0.022738483304818497,3957
blend,252,7,0.3,equal,1,-0.05464413892747689,-0.07447624961856913,,-0.5458902132543924,0.42613636363636365,66.19919130654536,0.10394849206349206,3957
blend,252,7,0.3,equal,5,0.007629642929378527,0.01031055365756392,,-0.5278023293520033,0.4318181818181818,22.989385898407882,0.03609880952380952,3957
blend,252,7,0.3,equal,10,0.01770647902885308,0.024044993369945353,,-0.4362446493306703,0.4431818181818182,15.192570128885519,0.02385595238095238,3957
blend,252,7,0.3,equal,21,-0.01058902684372667,-0.014530381125453424,,-0.5337744638964196,0.44886363636363635,9.907758402830426,0.015557539682539683,3957
blend,252,7,0.3,rank,1,-0.03908440694416333,-0.0534654759030479,,-0.5372973688163264,0.42613636363636365,68.04301928131959,0.10684374099054827,3957
blend,252,7,0.3,rank,5,0.045102893516855154,0.061370259276461336,,-0.4877151503530157,0.4431818181818182,24.348363082314446,0.03823272726853899,3957
blend,252,7,0.3,rank,10,0.03589495908029053,0.04868634305916704,,-0.42218477996697024,0.42613636363636365,15.966988212161022,0.025071973156952837,3957
blend,252,7,0.3,rank,21,-0.009907144624891997,-0.013494968998944036,,-0.5018007245401692,0.4431818181818182,10.551408419665167,0.016568223458974234,3957
blend,252,7,0.3,volinv,1,-0.05898794219354752,-0.08107197436396778,,-0.5678360630535775,0.4375,84.43933354878632,0.13258985827482045,3957
blend,252,7,0.3,volinv,5,0.025403875781294393,0.03498376055816787,,-0.5100821430721518,0.45454545454545453,30.312815721258442,0.04759833801945225,3957
blend,252,7,0.3,volinv,10,0.05715681789622551,0.07896633526981847,,-0.39539893138684745,0.4431818181818182,20.117132843222183,0.031588688357392924,3957
blend,252,7,0.3,volinv,21,0.05204908679921831,0.07500780443110676,,-0.5142827175909892,0.4602272727272727,13.241406669990713,0.02079216118775923,3957
PLACEBO,0,0,0.3,equal,5,-0.7029417908506171,-0.9239955118157485,,-0.8307737266157935,0.4090909090909091,141.13874147081123,0.22162142857142858,3957
PLACEBO,0,0,0.3,equal,5,-0.39042432653065534,-0.5631636953940503,,-0.7209530531491091,0.48863636363636365,141.1523881728582,0.22164285714285714,3957
PLACEBO,0,0,0.3,equal,5,-0.31629909902708686,-0.448342051917116,,-0.5971071247782174,0.3806818181818182,140.06065200909782,0.21992857142857142,3957
PLACEBO,0,0,0.3,equal,5,-0.2787183246322798,-0.4245425909531477,,-0.5391399485096096,0.44886363636363635,140.8885519332828,0.2212285714285714,3957
PLACEBO,0,0,0.3,equal,5,-0.5643120413981599,-0.8179509206603989,,-0.7382080598569466,0.3977272727272727,141.1182714177407,0.2215892857142857,3957
PLACEBO,0,0,0.3,equal,5,-0.5619494052660083,-0.79048284400302,,-0.7541499412295097,0.3977272727272727,139.76042456406367,0.21945714285714285,3957
PLACEBO,0,0,0.3,equal,5,-0.3685749148962787,-0.4817930694118902,,-0.6492316684419245,0.45454545454545453,141.26156178923426,0.22181428571428569,3957
PLACEBO,0,0,0.3,equal,5,-0.08867556435714326,-0.12510361469496903,,-0.3565478405147702,0.5113636363636364,141.84382107657316,0.22272857142857144,3957
PLACEBO,0,0,0.3,equal,5,-0.21692085758890942,-0.3055056099406773,,-0.6016157340816349,0.5056818181818182,142.91508718726308,0.22441071428571427,3957
PLACEBO,0,0,0.3,equal,5,-0.7849806251833449,-1.1057498064174032,,-0.8332390764637042,0.3806818181818182,140.36997725549656,0.22041428571428573,3957
PLACEBO,0,0,0.3,equal,5,-0.44839010850488425,-0.6332625438646015,,-0.6620709979115975,0.4318181818181818,139.84003032600455,0.21958214285714284,3957
PLACEBO,0,0,0.3,equal,5,0.06516347030878132,0.09889746212040924,,-0.5379775836131983,0.48295454545454547,141.35936315390447,0.22196785714285713,3957
PLACEBO,0,0,0.3,equal,5,-0.466002324191566,-0.647669672271144,,-0.691761256705703,0.4602272727272727,141.91432903714934,0.22283928571428568,3957
PLACEBO,0,0,0.3,equal,5,-0.06697005746827978,-0.0954266934856474,,-0.5593337767429294,0.4602272727272727,141.78468536770282,0.2226357142857143,3957
PLACEBO,0,0,0.3,equal,5,-0.12260805824899805,-0.20050534973877607,,-0.48523116767937724,0.45454545454545453,140.7907505686126,0.221075,3957
PLACEBO,0,0,0.3,equal,5,-0.2204077477320087,-0.25712481740549104,,-0.5355938729772465,0.45454545454545453,139.68536770280514,0.2193392857142857,3957
PLACEBO,0,0,0.3,equal,5,-0.26811484049698625,-0.3645536933197198,,-0.5805851681997724,0.4375,141.6800606520091,0.22247142857142857,3957
PLACEBO,0,0,0.3,equal,5,-0.14051772924680497,-0.21011777296519427,,-0.4491598670393845,0.4659090909090909,142.04397270659592,0.22304285714285713,3957
PLACEBO,0,0,0.3,equal,5,-0.39322343487697525,-0.5521838474728791,,-0.7368154074026836,0.42045454545454547,142.20090978013647,0.22328928571428572,3957
PLACEBO,0,0,0.3,equal,5,-0.327403644479477,-0.46783806471417233,,-0.6137251717006502,0.4943181818181818,141.54131918119788,0.22225357142857144,3957
PLACEBO,0,0,0.3,equal,5,-0.6571977684320529,-0.9009215085953047,,-0.8304317157527358,0.4318181818181818,139.95602729340408,0.2197642857142857,3957
PLACEBO,0,0,0.3,equal,5,-0.8083699748148442,-1.1392861496377518,,-0.8352654860261612,0.42045454545454547,141.45261561789232,0.2221142857142857,3957
PLACEBO,0,0,0.3,equal,5,-0.3852714592687992,-0.5642111641711547,,-0.6273273549585016,0.39204545454545453,140.8726307808946,0.22120357142857144,3957
PLACEBO,0,0,0.3,equal,5,-0.24840162579594627,-0.35730296417841884,,-0.6259168797782785,0.4318181818181818,140.49734647460195,0.2206142857142857,3957
