signal,lookback_d,skip_d,top_frac,weighting,rebal_d,sharpe,sortino,mc_p5,max_dd,months_in_profit,ann_turnover,cost_drag,n_obs
raw,5,0,0.1,equal,5,0.10575987243550676,0.1348410188192796,,-0.4140870964103749,0.5,55.04479382972412,0.11791618917169296,3371
raw,5,0,0.1,equal,10,-0.33493819644653233,-0.4413063958979328,,-0.5673664431951708,0.4625,28.845565114209435,0.06143711261006296,3371
raw,5,0,0.1,equal,21,-0.16290561173421111,-0.2315121261182286,,-0.4799891956812149,0.4125,12.937644615840997,0.027720851727714373,3371
raw,5,0,0.1,volinv,5,0.041912028959979954,0.053134042765598494,,-0.39184852625722444,0.4875,57.87135150722651,0.12383760018118188,3371
raw,5,0,0.1,volinv,10,-0.3864199572239113,-0.48970703241389224,,-0.6124316654608188,0.4625,30.214638392004034,0.06436460832491105,3371
raw,5,0,0.1,volinv,21,-0.15268217594130853,-0.21613283791826543,,-0.4843223965986243,0.4375,13.52279081819192,0.02890156981791693,3371
raw,5,0,0.2,equal,5,-0.21922336770779738,-0.27115937694873915,,-0.5169533836430678,0.5,49.875062700574425,0.1049921348065263,3371
raw,5,0,0.2,equal,10,-0.5201597853852771,-0.6553258673586685,,-0.6462785664137252,0.425,25.363102397454224,0.053223105335900106,3371
raw,5,0,0.2,equal,21,-0.06746369152245878,-0.09890459816292202,,-0.5256515560190733,0.3875,11.909193387449099,0.025077402874227602,3371
raw,5,0,0.2,volinv,5,-0.175804548929897,-0.22336795124396244,,-0.48892785110897163,0.4875,53.67935617138593,0.1127304510131667,3371
raw,5,0,0.2,volinv,10,-0.47804775927743864,-0.5924913004203833,,-0.6179587958446533,0.425,27.100573326198244,0.05673758054514207,3371
raw,5,0,0.2,volinv,21,-0.09374213154271224,-0.1376034917515506,,-0.5549630871534349,0.4,12.664071497909417,0.026577081831695635,3371
raw,5,0,0.3,equal,5,-0.36901937580672645,-0.47342892504203754,,-0.5728701160938732,0.4625,45.07402712979694,0.09421770919852741,3371
raw,5,0,0.3,equal,10,-0.4950304818443385,-0.6294569305536049,,-0.636541822869656,0.4125,22.649486259809603,0.047211119298090284,3371
raw,5,0,0.3,equal,21,-0.1132328178329691,-0.15784860930432693,,-0.489202705732961,0.4375,11.116107979827945,0.023223911017357213,3371
raw,5,0,0.3,volinv,5,-0.3869525109217243,-0.5092928767985547,,-0.567803543965735,0.4625,49.27558725640692,0.10268218999339973,3371
raw,5,0,0.3,volinv,10,-0.49572751023409717,-0.6278135273755905,,-0.6269848212451278,0.45,24.692335138360765,0.05131036707077624,3371
raw,5,0,0.3,volinv,21,-0.12254024731242703,-0.1700983142943746,,-0.4896090461144633,0.4125,11.919648326246811,0.024815171357096842,3371
raw,5,2,0.1,equal,5,-0.2810532388243615,-0.3498557636450201,,-0.4660120272190036,0.425,55.75247700978938,0.11945252502456416,3371
raw,5,2,0.1,equal,10,0.00890165128849968,0.0107508853376243,,-0.5774835813131038,0.4875,27.405280332245628,0.05822237560592287,3371
raw,5,2,0.1,equal,21,0.25412791583210875,0.36053301798743903,,-0.3887038586549445,0.4125,12.847938297241175,0.02740169499541328,3371
raw,5,2,0.1,volinv,5,-0.39556545670677384,-0.468276468086645,,-0.5104357394435559,0.45,58.80456170209138,0.12584919047177673,3371
raw,5,2,0.1,volinv,10,-0.13023918690068664,-0.1490066914645725,,-0.6022230001989957,0.4875,29.085259030354376,0.061790001191503054,3371
raw,5,2,0.1,volinv,21,0.2558133519200628,0.36242386247800734,,-0.3642665156818443,0.4375,13.422705800684781,0.028610055770120043,3371
raw,5,2,0.2,equal,5,-0.5501605396545936,-0.6638059288039673,,-0.5617691581144487,0.4,50.18272430624849,0.10586350187882626,3371
raw,5,2,0.2,equal,10,-0.12783035814305027,-0.15159991843736256,,-0.5754515957927921,0.45,24.72049836843667,0.051843537151110626,3371
raw,5,2,0.2,equal,21,0.21049407924473065,0.3040709945960238,,-0.32109341079788567,0.4375,12.015209945794345,0.025235200982298908,3371
raw,5,2,0.2,volinv,5,-0.6474694873185931,-0.7976666582645581,,-0.6158632124042567,0.4375,54.01581352718983,0.11365578164163587,3371
raw,5,2,0.2,volinv,10,-0.2736453081918803,-0.3264488103172022,,-0.6033486011307944,0.4875,26.744134115136937,0.05600190664221541,3371
raw,5,2,0.2,volinv,21,0.06423071397880244,0.09202741789790465,,-0.371170186243603,0.45,12.731819509205232,0.026666807315623542,3371
raw,5,2,0.3,equal,5,-0.6021846278180372,-0.7211710606569304,,-0.619933905377713,0.4125,44.69028343356435,0.0934625188748626,3371
raw,5,2,0.3,equal,10,-0.3763926501718608,-0.4348743155356865,,-0.6060946465838627,0.3875,22.000587902160134,0.045918595108402654,3371
raw,5,2,0.3,equal,21,0.046707526176809656,0.06666977269809198,,-0.39793463189391887,0.425,10.992761791753187,0.022908636365659228,3371
raw,5,2,0.3,volinv,5,-0.6481475092854245,-0.7964825933053521,,-0.6367192363813119,0.4,49.01585512270439,0.10215906171887498,3371
raw,5,2,0.3,volinv,10,-0.45035723537248357,-0.5278954383414874,,-0.6493562868273848,0.3625,24.132268599654516,0.050206060205952294,3371
raw,5,2,0.3,volinv,21,-0.08841924631391754,-0.12600255370684585,,-0.4501387670891971,0.425,11.844412204561923,0.024617403626234526,3371
raw,10,0,0.1,equal,5,-0.04104361338653039,-0.05317330811970342,,-0.3448287207281697,0.45,41.399466033817866,0.08857127875383586,3371
raw,10,0,0.1,equal,10,-0.27289538435482963,-0.35153532071795107,,-0.5300347743018202,0.4125,27.599644022545238,0.05873239843586053,3371
raw,10,0,0.1,equal,21,0.3835096082705748,0.5436928531767408,,-0.32362280948674127,0.475,11.911005636309701,0.02534463617691106,3371
raw,10,0,0.1,volinv,5,-0.022240775505784894,-0.02792629330272325,,-0.3053059657727186,0.45,47.073283341273616,0.10055647731915712,3371
raw,10,0,0.1,volinv,10,-0.2856386533875251,-0.3500188645742243,,-0.528779194621733,0.4375,28.998056874833285,0.061690330336279874,3371
raw,10,0,0.1,volinv,21,0.37448506879237287,0.5258754892840831,,-0.25359963977556144,0.4875,12.435958516221445,0.026401872844306274,3371
raw,10,0,0.2,equal,5,-0.31507571002280144,-0.3766772496253881,,-0.44354106622265144,0.4625,36.14057873304388,0.07598898969764992,3371
raw,10,0,0.2,equal,10,-0.15455504411260798,-0.18643088502591948,,-0.4810452709348473,0.45,25.42047949084437,0.05335426549742861,3371
raw,10,0,0.2,equal,21,0.24735624589354233,0.34687922909387386,,-0.34043588685389714,0.5,11.661821417976862,0.024493825923698226,3371
raw,10,0,0.2,volinv,5,-0.28614048626268307,-0.35400440635557806,,-0.4366718838332472,0.425,42.08089361441697,0.08819440752782884,3371
raw,10,0,0.2,volinv,10,-0.00747602523282633,-0.009181366693758545,,-0.474152552908676,0.475,27.221603557160233,0.0570047906324062,3371
raw,10,0,0.2,volinv,21,0.21190650166592995,0.2973701273699873,,-0.3454766905440271,0.4625,12.359199724532104,0.02589408079615556,3371
raw,10,0,0.3,equal,5,-0.3619534109999422,-0.4481826374624526,,-0.5087596816732207,0.5125,31.27284593187886,0.06527175090577783,3371
raw,10,0,0.3,equal,10,-0.2698729607897743,-0.3347230563578007,,-0.5595073282374023,0.4375,22.700795555675413,0.0472735138085595,3371
raw,10,0,0.3,equal,21,0.31467706487063,0.44210348961627394,,-0.33318936537292465,0.475,10.300029664787896,0.0215232574176641,3371
raw,10,0,0.3,volinv,5,-0.31798002762941185,-0.3998848629869813,,-0.5056567184708977,0.5,37.178550247071854,0.07727176637833023,3371
raw,10,0,0.3,volinv,10,-0.19082081662341638,-0.23923450555762651,,-0.5691908880141294,0.4625,24.855277110455383,0.05160616048328625,3371
raw,10,0,0.3,volinv,21,0.22685195661470467,0.32241598775463665,,-0.33917556709620644,0.5375,11.245064895741926,0.02341424000645259,3371
raw,10,2,0.1,equal,5,-0.23332285382729995,-0.2904105421952517,,-0.4891217509441679,0.475,39.78973598338772,0.08484974443810062,3371
raw,10,2,0.1,equal,10,0.06589162569545848,0.08441338618419472,,-0.26239937824226256,0.5,26.62284188668051,0.05676982231467399,3371
raw,10,2,0.1,equal,21,0.4002776455639606,0.5548646559317668,,-0.30635999887742926,0.5625,12.708395134974785,0.026991752072932942,3371
raw,10,2,0.1,volinv,5,-0.09204636205013998,-0.11515141226520272,,-0.43026890132709006,0.4625,45.57006798927843,0.09715010993349162,3371
raw,10,2,0.1,volinv,10,0.0457074708312221,0.05802897373404135,,-0.32222166546982123,0.5125,28.164139463328233,0.05996339209238415,3371
raw,10,2,0.1,volinv,21,0.33533745085908495,0.468253229284458,,-0.2903168862293025,0.525,13.391773126685933,0.02841885359632921,3371
raw,10,2,0.2,equal,5,-0.3304428575763018,-0.4149370918521569,,-0.4978648812803439,0.4375,35.01361883444352,0.07355150645046507,3371
raw,10,2,0.2,equal,10,-0.03505142693083349,-0.04400509775388473,,-0.33042481279467084,0.5,24.500698470915026,0.051360750473200795,3371
raw,10,2,0.2,equal,21,0.3478796729597046,0.4703780628067097,,-0.26520886552130907,0.4625,11.365518729268361,0.023827653823601393,3371
raw,10,2,0.2,volinv,5,-0.3068711895674478,-0.3834127615126308,,-0.4732790541461096,0.425,40.84647689257023,0.08556661066799807,3371
raw,10,2,0.2,volinv,10,-0.08304701112003901,-0.10271246040567393,,-0.3931435295591835,0.525,26.450661113695595,0.055297506195412585,3371
raw,10,2,0.2,volinv,21,0.3463375725674851,0.46373891806789297,,-0.24100823362152923,0.475,12.2493621411487,0.025644641820190273,3371
raw,10,2,0.3,equal,5,-0.30164169035205723,-0.3756951484187106,,-0.4483687598646654,0.4125,29.688374099943367,0.061937020147424235,3371
raw,10,2,0.3,equal,10,0.07869419290471695,0.09976794837574944,,-0.33284550033130333,0.5,21.504598042123998,0.04475652736744243,3371
raw,10,2,0.3,equal,21,0.3289045999976117,0.4395393042537083,,-0.24960482886732327,0.475,10.317472560071195,0.021464874349666627,3371
raw,10,2,0.3,volinv,5,-0.3237910464098704,-0.3993627733710966,,-0.4455817074226711,0.425,35.74238612970305,0.07426353231938083,3371
raw,10,2,0.3,volinv,10,-0.01564881787312556,-0.019488729126152057,,-0.3508653527922957,0.4875,23.79475033339389,0.04935986676601209,3371
raw,10,2,0.3,volinv,21,0.3115636430011987,0.41877980856294544,,-0.2363589591924793,0.4875,11.415936426738227,0.023704079040625124,3371
raw,20,0,0.1,equal,5,0.4328244581189088,0.5780829395528193,,-0.2450950633105986,0.5375,29.049896173242363,0.06216891688871227,3371
raw,20,0,0.1,equal,10,0.41871953944985457,0.5504321009024159,,-0.39904224785686193,0.525,19.715455354494217,0.04188642075009118,3371
raw,20,0,0.1,equal,21,0.5999895342183612,0.8327167814175545,,-0.31756340870758837,0.5375,11.801364580243252,0.025144576915180294,3371
raw,20,0,0.1,volinv,5,0.4507039174643173,0.6144214456338398,,-0.2710761383141329,0.5,35.84197152130604,0.0765588046875955,3371
raw,20,0,0.1,volinv,10,0.42352946517635776,0.5624679253691554,,-0.3855927239093705,0.525,22.63174645476658,0.048024927581872934,3371
raw,20,0,0.1,volinv,21,0.5702945971259443,0.7966835130558545,,-0.27000142992176135,0.6,12.657973563214483,0.02692380977474946,3371
raw,20,0,0.2,equal,5,0.324742587770226,0.4367204537785915,,-0.27251706421965993,0.5,24.322839189881613,0.05108660687305311,3371
raw,20,0,0.2,equal,10,0.3286912345521221,0.4347075063452186,,-0.3372350301647563,0.5125,16.971969472236456,0.035440749616457504,3371
raw,20,0,0.2,equal,21,0.56406160675151,0.7911503049552345,,-0.27297199474996114,0.475,11.126301879668834,0.023361853433057522,3371
raw,20,0,0.2,volinv,5,0.21197488243929402,0.2802301696097618,,-0.31458325332929904,0.45,31.35190481728826,0.06559026733830677,3371
raw,20,0,0.2,volinv,10,0.29338063890631505,0.38525922352088054,,-0.32655485524647143,0.5125,20.029055232349013,0.041731283918613936,3371
raw,20,0,0.2,volinv,21,0.43695917627437253,0.6094292322143618,,-0.2450479856686092,0.55,12.104935958409058,0.025356386173482404,3371
raw,20,0,0.3,equal,5,0.24679711667785537,0.3135620726967481,,-0.3047722709005748,0.4875,20.882996682937357,0.04354419311217028,3371
raw,20,0,0.3,equal,10,0.17457435225851448,0.22300932933105092,,-0.3633217355654962,0.5,15.044836978506511,0.03131220244967492,3371
raw,20,0,0.3,equal,21,0.5132925069555634,0.706963819935863,,-0.2940485050274385,0.5,9.942450311480274,0.020723692566970695,3371
raw,20,0,0.3,volinv,5,0.17235989578379596,0.21734280614174617,,-0.3075606467522851,0.4875,27.590625889941006,0.05723185617396514,3371
raw,20,0,0.3,volinv,10,0.11617974629377699,0.14868604207499214,,-0.34993809697384504,0.5,18.073699390608898,0.037452262073074595,3371
raw,20,0,0.3,volinv,21,0.37418702430916934,0.5181330232058546,,-0.29310508384537637,0.475,10.997240460793684,0.022853438696272963,3371
raw,20,2,0.1,equal,5,-0.20430105713266344,-0.2350826127691064,,-0.3950101036679833,0.475,28.715989320676357,0.061269981093771735,3371
raw,20,2,0.1,equal,10,0.2330980049161564,0.3110110690424845,,-0.4083270396102159,0.525,19.057609018095523,0.0403786468000249,3371
raw,20,2,0.1,equal,21,0.11148121465407529,0.12996019815748275,,-0.25206119795229753,0.475,11.93094037377633,0.025354544985750998,3371
raw,20,2,0.1,volinv,5,-0.22733754001114626,-0.2564557372412664,,-0.4275028928723714,0.4625,34.98002616470282,0.07439824479999572,3371
raw,20,2,0.1,volinv,10,0.30585744132081505,0.4119197772338325,,-0.3542481572713744,0.5,22.089539882956252,0.04671248300981182,3371
raw,20,2,0.1,volinv,21,0.018065419354219073,0.021133908861102738,,-0.26060752000478893,0.45,12.802710704643724,0.02719228431593556,3371
raw,20,2,0.2,equal,5,-0.04219819958650316,-0.051257654830549025,,-0.3857438971531224,0.4125,23.843434643078666,0.049942024379258945,3371
raw,20,2,0.2,equal,10,0.13109797416221713,0.174382019255233,,-0.4256592863997699,0.5125,17.169245705347755,0.03586287213512288,3371
raw,20,2,0.2,equal,21,-0.009723791264402861,-0.01122478382728071,,-0.3333322914882082,0.4,10.900676896523828,0.022783651072963665,3371
raw,20,2,0.2,volinv,5,-0.006877287909193678,-0.008204460223586682,,-0.33645728959585264,0.45,30.68470991013983,0.06405633021748386,3371
raw,20,2,0.2,volinv,10,0.1065221236918024,0.1405102172205849,,-0.4604705655524023,0.4875,20.210153746573685,0.04208523006354222,3371
raw,20,2,0.2,volinv,21,-0.09072595570231476,-0.10479006941011347,,-0.29584818020729853,0.4375,11.938566323012116,0.024899687939403958,3371
raw,20,2,0.3,equal,5,-0.10307575122623976,-0.12176765401484424,,-0.3904487400651724,0.425,20.514883633127475,0.04272993013431583,3371
raw,20,2,0.3,equal,10,0.17940708819300494,0.22840395728529492,,-0.36580597548489124,0.5,14.581014535746071,0.030340104613612903,3371
raw,20,2,0.3,equal,21,-0.01845292654254767,-0.02159263827225725,,-0.323978985932899,0.4125,9.72815188371403,0.02020453719513743,3371
raw,20,2,0.3,volinv,5,-0.141547430974273,-0.1606140294056702,,-0.3765572909631194,0.4375,27.29394944264951,0.056560085269005245,3371
raw,20,2,0.3,volinv,10,0.14464794134686257,0.1826198255210521,,-0.38177238903477984,0.5,17.65736119942302,0.03658906936793852,3371
raw,20,2,0.3,volinv,21,-0.12216318853112763,-0.1439762813747977,,-0.3078750563934919,0.425,10.810113863289756,0.022390841174120213,3371
raw,30,0,0.1,equal,5,0.39337686841845343,0.5500894521709632,,-0.2223080512152572,0.4625,24.903470780183923,0.052994913994151294,3371
raw,30,0,0.1,equal,10,0.3082084063061518,0.4293859662761876,,-0.21845722262337042,0.475,16.819934737466628,0.03564173484779083,3371
raw,30,0,0.1,equal,21,0.42506601584219317,0.47506639237896714,,-0.2378626480565198,0.575,9.578641352714328,0.02040343749818339,3371
raw,30,0,0.1,volinv,5,0.24653938975731843,0.3265689221322443,,-0.2818467127236821,0.475,32.486574339417444,0.06899046327855218,3371
raw,30,0,0.1,volinv,10,0.1760398832310466,0.2351592585310463,,-0.28973343180325895,0.475,20.223028245568894,0.042760082160294505,3371
raw,30,0,0.1,volinv,21,0.37346925635618355,0.41563653963898944,,-0.23801856964229495,0.5625,10.655893617117535,0.022632501892175496,3371
raw,30,0,0.2,equal,5,0.23347012248123092,0.31964855331544245,,-0.33018687516185596,0.475,19.68005177853888,0.0411796919822123,3371
raw,30,0,0.2,equal,10,0.09321720396520496,0.1255373232314326,,-0.3240786193232913,0.5,14.252236994687308,0.029727468112353852,3371
raw,30,0,0.2,equal,21,0.5318837117213416,0.6279882281590609,,-0.21785730534054681,0.5375,8.79937434265527,0.01839237330969866,3371
raw,30,0,0.2,volinv,5,0.11571251534488661,0.15124432770366805,,-0.3976167790061703,0.4875,26.88451094620294,0.056063649188145256,3371
raw,30,0,0.2,volinv,10,0.0038038872660994968,0.004905277539694526,,-0.38666595959991046,0.5,17.662105083628532,0.036734344195971505,3371
raw,30,0,0.2,volinv,21,0.44120004465379387,0.523373283180545,,-0.19865076839504114,0.525,10.030082499227744,0.020896564309884506,3371
raw,30,0,0.3,equal,5,0.15786345478035319,0.20832045252949172,,-0.3202607595614644,0.45,16.489312585960462,0.0343210635487903,3371
raw,30,0,0.3,equal,10,0.18435216975882956,0.24105789932946312,,-0.33179452245888297,0.5,11.96038941776112,0.02481903910611733,3371
raw,30,0,0.3,equal,21,0.3561285316659171,0.42029078470609615,,-0.24563084492883613,0.4875,7.770809848709582,0.016146780365827368,3371
raw,30,0,0.3,volinv,5,0.033470680060546446,0.042609687757153986,,-0.37503911006434887,0.45,23.78296392637984,0.04924572892652125,3371
raw,30,0,0.3,volinv,10,0.07781025551460262,0.0986682871225887,,-0.38184404308784603,0.4375,15.404816646083962,0.03183060030937854,3371
raw,30,0,0.3,volinv,21,0.21586305116996585,0.2519847534060929,,-0.23239051633479835,0.4625,9.106140740105554,0.0188540914455622,3371
raw,30,2,0.1,equal,5,0.375747285298727,0.47946277916162655,,-0.18953831877398897,0.525,23.65754968851973,0.05021807834078226,3371
raw,30,2,0.1,equal,10,0.022062275289879172,0.021888251145681388,,-0.27957985958963383,0.55,15.828181548501929,0.03352006523802268,3371
raw,30,2,0.1,equal,21,0.2812107371419419,0.3083997098120905,,-0.2647859499741173,0.525,9.80789083358054,0.02082285076968201,3371
raw,30,2,0.1,volinv,5,0.2562936418529208,0.3280532980182368,,-0.2949875278363623,0.525,31.30358068062498,0.06638464696296927,3371
raw,30,2,0.1,volinv,10,-0.045804188823926825,-0.04588878534244593,,-0.2716664857565315,0.525,19.514857260047823,0.041220079602060186,3371
raw,30,2,0.1,volinv,21,0.17641657797949706,0.19211461344947234,,-0.24670859746509521,0.5125,10.956660759015566,0.023204049177378117,3371
raw,30,2,0.2,equal,5,0.0681866579154443,0.08319664354290517,,-0.2801949775328897,0.425,19.163075429465227,0.04006943336528884,3371
raw,30,2,0.2,equal,10,-0.1354461218605838,-0.13705027187832616,,-0.2500477196568993,0.4875,13.567401094900355,0.028343199811752814,3371
raw,30,2,0.2,equal,21,0.16651367349887458,0.18920701762323602,,-0.24444448077833492,0.5125,9.065774925163831,0.018948550356961073,3371
raw,30,2,0.2,volinv,5,-0.03841692041348258,-0.04613583697065165,,-0.3649356598525132,0.4875,26.85533066947378,0.055997857646595886,3371
raw,30,2,0.2,volinv,10,-0.10317076830599627,-0.1051081795618421,,-0.2825279949917865,0.475,17.055258940077298,0.03551370116428743,3371
raw,30,2,0.2,volinv,21,0.057328427952456275,0.06550532913138475,,-0.22023351694922422,0.475,10.186948239071446,0.02123210509290505,3371
raw,30,2,0.3,equal,5,-0.017191905285533465,-0.020961925480635312,,-0.33897738381422604,0.4875,17.181025322941668,0.035745483966523814,3371
raw,30,2,0.3,equal,10,0.02352651644718218,0.025133563323417634,,-0.2752850337902958,0.5,11.538475229902105,0.023979183491873654,3371
raw,30,2,0.3,equal,21,0.17964133259346673,0.20936163617038075,,-0.24650282722479655,0.45,8.010026698309106,0.016645160065014337,3371
raw,30,2,0.3,volinv,5,-0.14047631506991892,-0.16950657993714754,,-0.42405676871468556,0.425,24.32033437237484,0.050367362577082284,3371
raw,30,2,0.3,volinv,10,0.0017471425080757936,0.0018955250342683812,,-0.32281596869660645,0.4375,15.078014537301366,0.031197341870336466,3371
raw,30,2,0.3,volinv,21,0.002969503151571112,0.0034508864911112834,,-0.28106857092567084,0.4625,9.261706955763467,0.019182285980176045,3371
raw,45,0,0.1,equal,5,0.31813899195704903,0.39233656721046056,,-0.25933941284490847,0.5375,19.127380599228715,0.04065291579845872,3371
raw,45,0,0.1,equal,10,0.27936209151599456,0.35539395593736384,,-0.24951225398217647,0.4375,12.857905665974489,0.02730674782292344,3371
raw,45,0,0.1,equal,21,0.06846836470520458,0.08236128512334584,,-0.40906621955107814,0.4,8.29285078611688,0.017543213420412943,3371
raw,45,0,0.1,volinv,5,0.216576563157355,0.2655838622763908,,-0.2557133532779571,0.5,26.670712861311753,0.056558536423159056,3371
raw,45,0,0.1,volinv,10,0.3016218866366962,0.37080146446808443,,-0.2157762435330728,0.45,16.34988264446689,0.034624145807190476,3371
raw,45,0,0.1,volinv,21,0.14956006398506455,0.181419154935094,,-0.40622772368738236,0.4375,9.636740523999402,0.020343574162834995,3371
raw,45,0,0.2,equal,5,0.3469880165284361,0.4304305067187508,,-0.22359600162811832,0.4875,16.04442167147596,0.033599976332481754,3371
raw,45,0,0.2,equal,10,0.3365860508830744,0.40831587374077133,,-0.2611726643305823,0.45,10.884366656778406,0.022704280143357985,3371
raw,45,0,0.2,equal,21,0.34520719880210304,0.4268286275649907,,-0.25241327557815363,0.4875,7.005247970658829,0.014596585404046094,3371
raw,45,0,0.2,volinv,5,0.2974401448936865,0.3664278277968133,,-0.26185781931819585,0.4375,23.821398691675846,0.049655435300483684,3371
raw,45,0,0.2,volinv,10,0.34235398145374707,0.4115281598499067,,-0.21740580279217803,0.425,14.533597019658558,0.03020256158057657,3371
raw,45,0,0.2,volinv,21,0.3987173115101772,0.4895976653922429,,-0.2394829013590809,0.5125,8.36862325795454,0.017374106470872737,3371
raw,45,0,0.3,equal,5,0.12589530088345963,0.15173807499420253,,-0.2888056431426952,0.45,13.532515304333755,0.028123558100574222,3371
raw,45,0,0.3,equal,10,0.31867001383452,0.38792739934569725,,-0.248795694206696,0.5125,9.032927914565409,0.01878882180802836,3371
raw,45,0,0.3,equal,21,0.3146246318089538,0.3827868757993181,,-0.215828201663678,0.4875,6.17229308810442,0.012789837963946725,3371
raw,45,0,0.3,volinv,5,0.06877541495274327,0.08246315836992879,,-0.3095586468402298,0.4375,21.2111016926128,0.0438676953583496,3371
raw,45,0,0.3,volinv,10,0.3325506342800205,0.4057875332864085,,-0.25923010189679874,0.5,12.548741780463441,0.02597469362518905,3371
raw,45,0,0.3,volinv,21,0.2579689835014992,0.309263039363421,,-0.21589001413187114,0.5125,7.5890628370858,0.015665833320280157,3371
raw,45,2,0.1,equal,5,0.3992707686245964,0.5048166807573833,,-0.2267408375754162,0.4625,18.49943636902996,0.039285017171582795,3371
raw,45,2,0.1,equal,10,0.43480986343246575,0.5429539464837169,,-0.2493350768763446,0.5125,12.77816671610798,0.027129445392121587,3371
raw,45,2,0.1,equal,21,0.23497598456432697,0.28896294721347726,,-0.33073785221227303,0.475,7.7645802432512605,0.016406062022843535,3371
raw,45,2,0.1,volinv,5,0.27782266395389366,0.3349192030202575,,-0.23159162033994773,0.4625,26.24688097235188,0.05567094688969159,3371
raw,45,2,0.1,volinv,10,0.5266813062650136,0.6454599708873561,,-0.22118560001500787,0.4875,16.46136748275428,0.03486754341446474,3371
raw,45,2,0.1,volinv,21,0.3035936065607515,0.36915504237584684,,-0.2867798714182659,0.5125,9.138846565209267,0.01926256758890546,3371
raw,45,2,0.2,equal,5,0.43509351821948594,0.5355235222980976,,-0.23458111892519729,0.4625,15.814816213154986,0.033056620537434904,3371
raw,45,2,0.2,equal,10,0.5340968457852765,0.6515289927712855,,-0.21399674902043087,0.5,10.753884738815026,0.022490722728317234,3371
raw,45,2,0.2,equal,21,0.2986039139255363,0.36208470362838413,,-0.28801363951756354,0.4375,7.010684717240637,0.01460028749872801,3371
raw,45,2,0.2,volinv,5,0.3734866386080031,0.4536815553956582,,-0.22423282380053444,0.475,23.405836219958932,0.048740976617312165,3371
raw,45,2,0.2,volinv,10,0.5903644319045535,0.7077238736471062,,-0.21298943279274596,0.5375,14.465029439181627,0.030134448777904756,3371
raw,45,2,0.2,volinv,21,0.2787698312914406,0.3360879240926493,,-0.2849091690334282,0.45,8.400129790982572,0.017443785979070002,3371
raw,45,2,0.3,equal,5,0.2712644654176889,0.33322405422108087,,-0.22869085946731438,0.5125,13.170178797767049,0.02731707858164959,3371
raw,45,2,0.3,equal,10,0.4005703833700164,0.4895677267568245,,-0.218359576691597,0.5375,9.112666864431917,0.018968590316739968,3371
raw,45,2,0.3,equal,21,0.2656716990114765,0.3145049109882664,,-0.25161399504207427,0.475,6.192227825571046,0.012826621478349471,3371
raw,45,2,0.3,volinv,5,0.1525735729436672,0.18449082462221664,,-0.2491411759749208,0.5125,20.740189132968723,0.042823040447024514,3371
raw,45,2,0.3,volinv,10,0.40625225953948185,0.4950186516579975,,-0.22484616892469433,0.5375,12.848585502454654,0.02659872658563993,3371
raw,45,2,0.3,volinv,21,0.20098421891193524,0.2345540792033892,,-0.27018144286414236,0.4625,7.667406949650429,0.01582794574375479,3371
raw,60,0,0.1,equal,5,0.006786258205764202,0.007571474786790101,,-0.35518333335871344,0.4375,16.147137347967963,0.034356729422070104,3371
raw,60,0,0.1,equal,10,-0.1270632086573042,-0.14113367244747718,,-0.33258572544461995,0.425,11.532245624443785,0.024451526242951396,3371
raw,60,0,0.1,equal,21,0.3700416411573196,0.45746419699826296,,-0.28897391709707676,0.4625,7.216374962919015,0.015276928997221748,3371
raw,60,0,0.1,volinv,5,-0.024584385228334355,-0.027047678796668834,,-0.3278527117930321,0.4625,23.361047716499126,0.04946351465237301,3371
raw,60,0,0.1,volinv,10,0.13214626788379386,0.14584320900582237,,-0.24338402620275446,0.475,14.96254015018577,0.031595306058950154,3371
raw,60,0,0.1,volinv,21,0.4341608535634723,0.5314791973641511,,-0.28263158453139825,0.5,8.401114324536842,0.01774659908755146,3371
raw,60,0,0.2,equal,5,0.04708628901845473,0.05271953761577314,,-0.2788493053667255,0.5,13.989428548313152,0.029243327405993464,3371
raw,60,0,0.2,equal,10,-0.18456365216799095,-0.20308010057929413,,-0.3450997562735836,0.4375,9.954003397966616,0.020838252767170624,3371
raw,60,0,0.2,equal,21,0.3232847319101182,0.3958204789899519,,-0.23965900208379187,0.5125,6.467010059059897,0.013487180158350626,3371
raw,60,0,0.2,volinv,5,-0.02538280389402462,-0.027939388234103805,,-0.24496946118845508,0.4875,21.775638975449812,0.04531509848557238,3371
raw,60,0,0.2,volinv,10,-0.09610840799609754,-0.10506195874440495,,-0.2610887540701393,0.5125,13.52860180763566,0.028217021409904248,3371
raw,60,0,0.2,volinv,21,0.30991164185695463,0.3725580805914472,,-0.21499189175898126,0.525,7.923437622236046,0.016486135955620384,3371
raw,60,0,0.3,equal,5,0.0848120301195325,0.09853214221419487,,-0.2447711115911384,0.5125,11.942946522477818,0.02480421839710687,3371
raw,60,0,0.3,equal,10,-0.03890512428830384,-0.04391540789109804,,-0.2735976380944607,0.475,8.522893125859603,0.017693632271089922,3371
raw,60,0,0.3,equal,21,0.30905301389806117,0.36899766023056285,,-0.21745291628295726,0.475,5.494512014239098,0.011373965867230294,3371
raw,60,0,0.3,volinv,5,0.04879937335340729,0.05621635382605758,,-0.22697427528888836,0.5,19.520864925386995,0.04033430868035445,3371
raw,60,0,0.3,volinv,10,0.01030264624202243,0.011654499692969798,,-0.2597190344896695,0.55,12.17511951272815,0.02515363769775055,3371
raw,60,0,0.3,volinv,21,0.30957295766279086,0.36499467036226807,,-0.21913080495890136,0.5,6.9084993100382865,0.014248609555848488,3371
raw,60,2,0.1,equal,5,0.14671941992839962,0.19385798199702375,,-0.30490185670378955,0.5,16.884722634233167,0.03583503885028766,3371
raw,60,2,0.1,equal,10,0.021458822882877156,0.025311803151164654,,-0.32446290319292137,0.4625,11.63191931177692,0.024623085251247213,3371
raw,60,2,0.1,equal,21,0.40881197105993805,0.5093931666279474,,-0.2780775390074003,0.4625,7.485493918718481,0.015811291343451453,3371
raw,60,2,0.1,volinv,5,-0.03539999421364768,-0.04189722152293489,,-0.29605977616742973,0.4375,24.134893988595604,0.05102476317115105,3371
raw,60,2,0.1,volinv,10,0.11540226146272718,0.13538936107375096,,-0.32755275182465937,0.4875,14.817083772204535,0.031256968386818074,3371
raw,60,2,0.1,volinv,21,0.3515845154313222,0.4310196763416565,,-0.268828845876791,0.5125,8.8206357597515,0.018602136688032938,3371
raw,60,2,0.2,equal,5,0.08680579909045082,0.10612097625566279,,-0.2706683177185242,0.45,13.845257679134868,0.028961932483217018,3371
raw,60,2,0.2,equal,10,0.08018550129103169,0.09360925797276816,,-0.24638019327589122,0.475,9.141889377309136,0.019109178531048203,3371
raw,60,2,0.2,equal,21,0.3108834025217683,0.3761218242266041,,-0.2544975020978876,0.45,6.254976942369408,0.013022198749624918,3371
raw,60,2,0.2,volinv,5,0.01545741419874527,0.018137239408831114,,-0.28957803928962,0.4875,21.656499452421606,0.04515238397589656,3371
raw,60,2,0.2,volinv,10,0.21549482116307606,0.25088088950590887,,-0.22626814720294341,0.5125,12.557567607814338,0.026140215362589467,3371
raw,60,2,0.2,volinv,21,0.28539625863996504,0.3385746178824004,,-0.23604038096826285,0.525,7.719326080872785,0.016035516594722462,3371
raw,60,2,0.3,equal,5,0.005134547308684104,0.006169657292897282,,-0.26050085281764335,0.525,11.721399099269167,0.024256831023102412,3371
raw,60,2,0.3,equal,10,0.05837511325614099,0.06804459652241067,,-0.283626824703042,0.4875,7.937763274992585,0.016410231365570543,3371
raw,60,2,0.3,equal,21,0.3645371093624941,0.43186365081263217,,-0.23946938114128047,0.4875,5.381133194897656,0.011130939303075855,3371
raw,60,2,0.3,volinv,5,-0.021833644832267893,-0.025684898588379565,,-0.25078404432592416,0.5,19.492501846162323,0.04016668718498755,3371
raw,60,2,0.3,volinv,10,0.2289120202470005,0.266855714315534,,-0.23418432402519396,0.4875,11.530918639401635,0.023740296267207965,3371
raw,60,2,0.3,volinv,21,0.3201496214568745,0.37658136116193847,,-0.2236935578594056,0.475,6.8861015915087505,0.014199156336938525,3371
raw,90,0,0.1,equal,5,0.3674339349943759,0.45294003007514105,,-0.24640741399649457,0.525,12.718362503708098,0.026989713927467997,3371
raw,90,0,0.1,equal,10,0.22871969397039052,0.27513662511467024,,-0.20410168765549774,0.425,9.13010975971522,0.019262480811331043,3371
raw,90,0,0.1,equal,21,0.12710183235907674,0.13690064131456192,,-0.2591319430544937,0.45,5.282705428656184,0.011138196366135143,3371
raw,90,0,0.1,volinv,5,0.35414526168421684,0.4165124643818254,,-0.20093111200591696,0.4875,19.639829553127022,0.0415043706954526,3371
raw,90,0,0.1,volinv,10,0.17226734747978856,0.19736622211937963,,-0.21087317156527874,0.475,12.398724095260736,0.026105899054873368,3371
raw,90,0,0.1,volinv,21,0.1591170887083006,0.16952376043540754,,-0.2513507082424473,0.4625,6.717131674539309,0.01413182601439983,3371
raw,90,0,0.2,equal,5,0.3183124957883687,0.3877952280611343,,-0.20891637833954146,0.475,11.177756802675226,0.02323496510876694,3371
raw,90,0,0.2,equal,10,0.19658384016087557,0.22885531780015636,,-0.20604981951613144,0.475,7.696200210350314,0.015975360333467113,3371
raw,90,0,0.2,equal,21,0.012837687099409632,0.0141529740773373,,-0.29384392538849147,0.4375,4.62395296782719,0.009592066852931631,3371
raw,90,0,0.2,volinv,5,0.2760756150085762,0.32443218550734015,,-0.19687873981651827,0.425,18.73694295280323,0.03883415798350449,3371
raw,90,0,0.2,volinv,10,0.23719991352951497,0.26737811871740425,,-0.21837636331234733,0.4375,11.482935937838826,0.02378599674984646,3371
raw,90,0,0.2,volinv,21,-0.012480594705091764,-0.013733539469833009,,-0.28963009035564313,0.425,6.1539808626435,0.0127341512445542,3371
raw,90,0,0.3,equal,5,0.17716223809319478,0.20844495157261442,,-0.22693047623080342,0.425,9.380086836924571,0.0194175121059003,3371
raw,90,0,0.3,equal,10,0.09588934948786507,0.1088802389759841,,-0.27853389316627486,0.4375,6.657749251638306,0.013784399745916222,3371
raw,90,0,0.3,equal,21,0.041098664201556105,0.04516910062420727,,-0.23967521719471796,0.4375,4.231148027291605,0.008724174610931562,3371
raw,90,0,0.3,volinv,5,0.11549656223217135,0.1311937290875981,,-0.22054020230681015,0.425,16.64525280731583,0.034292970868765225,3371
raw,90,0,0.3,volinv,10,0.07499539616758802,0.08286160068430226,,-0.2692185744844682,0.4125,10.334576138038614,0.021303879270021222,3371
raw,90,0,0.3,volinv,21,0.02019991356138724,0.022329063608882593,,-0.24634710433984863,0.4375,5.830300009682267,0.011989294661845569,3371
raw,90,2,0.1,equal,5,0.019558751797393675,0.021148649219674884,,-0.24497494411658693,0.4375,13.38119252447345,0.028309821513344283,3371
raw,90,2,0.1,equal,10,-0.2845559931156842,-0.31270453729271763,,-0.3828673156133138,0.425,9.478967665381193,0.02003526887063381,3371
raw,90,2,0.1,equal,21,-0.06108174776395216,-0.0645692636146059,,-0.28547181883297457,0.4,5.402313853455948,0.011407050780341165,3371
raw,90,2,0.1,volinv,5,0.09407314989312383,0.09704714822783829,,-0.2653059352371008,0.45,20.160155117136902,0.04249933610298216,3371
raw,90,2,0.1,volinv,10,-0.20747011318107694,-0.22549741924453742,,-0.29868406907136946,0.475,12.585525780356193,0.026537238377786543,3371
raw,90,2,0.1,volinv,21,-0.06227866175694524,-0.06494213300395349,,-0.26405233070537093,0.425,6.783128724164662,0.014288507598640489,3371
raw,90,2,0.2,equal,5,-0.06465780500093399,-0.06742975168954543,,-0.27489071588616065,0.4625,10.926404358027023,0.02274524959609995,3371
raw,90,2,0.2,equal,10,-0.225244883383506,-0.24774217178867972,,-0.3991929439536708,0.45,7.630473827566679,0.015850700022081585,3371
raw,90,2,0.2,equal,21,0.07546636564841981,0.08223055867955417,,-0.23004211058396262,0.425,4.816957471481352,0.009984482830287578,3371
raw,90,2,0.2,volinv,5,-0.021416734111710505,-0.021760461807840522,,-0.23322989960663365,0.4125,18.422753199203072,0.03820289311563948,3371
raw,90,2,0.2,volinv,10,-0.038636806098968975,-0.04247463915144614,,-0.32797297707252837,0.45,11.215109342661457,0.023229995836990258,3371
raw,90,2,0.2,volinv,21,0.07947259337106848,0.08731704774662528,,-0.20946567449006848,0.4375,6.316158318400795,0.01306783688892698,3371
raw,90,2,0.3,equal,5,-0.05363664972074366,-0.05673708768115595,,-0.24305680202378632,0.425,8.85532752622637,0.018353368884397772,3371
raw,90,2,0.3,equal,10,-0.13421873615601312,-0.15028761043665906,,-0.38620789305154735,0.45,6.152358350637792,0.012749905547424388,3371
raw,90,2,0.3,equal,21,0.12355133986314526,0.13748041685219445,,-0.21771345795440744,0.45,4.282230792049837,0.00882877357444017,3371
raw,90,2,0.3,volinv,5,0.0086375616594674,0.009091409622219267,,-0.24336222281562836,0.425,16.22273220082373,0.033444513395607695,3371
raw,90,2,0.3,volinv,10,0.03630989646380746,0.04075739984489613,,-0.32027146542920015,0.425,9.754929889765927,0.020113066851485083,3371
raw,90,2,0.3,volinv,21,0.12763533794071125,0.1434894049827633,,-0.2116470558313891,0.4375,5.8142989643965155,0.011955528250956905,3371
riskadj,5,0,0.1,equal,5,0.08914963294930209,0.11387770086639439,,-0.43717993531577826,0.475,57.67119549095224,0.12282302022396771,3371
riskadj,5,0,0.1,equal,10,-0.4278251719314995,-0.5435981985221817,,-0.6071304612125137,0.4375,29.80243251260754,0.06310372204471838,3371
riskadj,5,0,0.1,equal,21,-0.35268156775728793,-0.48236820160178207,,-0.5854877212149816,0.425,13.426045683773362,0.028586105330235055,3371
riskadj,5,0,0.1,volinv,5,0.0735163089689726,0.0898913808166013,,-0.40226681269341225,0.5,59.10442123172278,0.12557957014763033,3371
riskadj,5,0,0.1,volinv,10,-0.5203748471059575,-0.6232907381823001,,-0.623115173323596,0.45,30.429731752661972,0.06426710190123056,3371
riskadj,5,0,0.1,volinv,21,-0.4302817591343915,-0.5767745938897175,,-0.612268137464487,0.4375,13.691252036747434,0.02908015895666917,3371
riskadj,5,0,0.2,equal,5,-0.13079534551126765,-0.16381828473006046,,-0.46489968896846245,0.4875,51.02221622933578,0.10703374031319292,3371
riskadj,5,0,0.2,equal,10,-0.6331933827933098,-0.7947225153108453,,-0.6614284048422969,0.35,26.650349235457515,0.05565888520664286,3371
riskadj,5,0,0.2,equal,21,-0.21411212878881838,-0.3082195818647152,,-0.5280497765500674,0.3625,12.485488525120681,0.026182117191089437,3371
riskadj,5,0,0.2,volinv,5,-0.12249253149182271,-0.15529579402303018,,-0.471685389383831,0.4375,53.47094168863206,0.1118246600800104,3371
riskadj,5,0,0.2,volinv,10,-0.6365233352297638,-0.790342916070822,,-0.6637418686352988,0.3625,27.688425627136894,0.05769859855886114,3371
riskadj,5,0,0.2,volinv,21,-0.2900799669431192,-0.4094058780019686,,-0.5767160863082196,0.375,12.869000432792667,0.026889212500602763,3371
riskadj,5,0,0.3,equal,5,-0.17686234987483115,-0.22529913787662695,,-0.4781558757606633,0.425,45.28458779428818,0.09445150083633658,3371
riskadj,5,0,0.3,equal,10,-0.44799288071131016,-0.5702687710313772,,-0.6112783766277505,0.4125,23.05916776785955,0.047927568876795695,3371
riskadj,5,0,0.3,equal,21,-0.2747519372006256,-0.368212621818967,,-0.520378693586433,0.4125,11.093681400177987,0.023141138133868297,3371
riskadj,5,0,0.3,volinv,5,-0.2095531726900106,-0.27494937081567555,,-0.5023497800705805,0.4375,48.43206512768142,0.10067444698978961,3371
riskadj,5,0,0.3,volinv,10,-0.3956108848842431,-0.5057400969978099,,-0.6103378651166749,0.425,24.548162574553807,0.05086615813768433,3371
riskadj,5,0,0.3,volinv,21,-0.2815302946804957,-0.3696374344522346,,-0.5342052981495498,0.45,11.697080551012956,0.024298180680547364,3371
riskadj,5,2,0.1,equal,5,-0.4485043763727133,-0.5529947844164205,,-0.5515886023418991,0.4125,58.22438445565115,0.12361396669836028,3371
riskadj,5,2,0.1,equal,10,-0.10880293702971998,-0.13312055312813098,,-0.5027182648846915,0.5375,28.995075645209138,0.06123545679096559,3371
riskadj,5,2,0.1,equal,21,-0.15522294523136698,-0.2020630802138399,,-0.5215364280921617,0.45,13.505784633639871,0.02862509598308928,3371
riskadj,5,2,0.1,volinv,5,-0.511045311047575,-0.6210350879278687,,-0.5983694133159254,0.425,59.57808508010764,0.1263498135612353,3371
riskadj,5,2,0.1,volinv,10,-0.09202249054034714,-0.11069318693748578,,-0.5054927531105398,0.525,29.770976036774872,0.06277177337243534,3371
riskadj,5,2,0.1,volinv,21,-0.32367504530207153,-0.4128797791512245,,-0.5300548326803189,0.4875,13.806354744547946,0.029236885860670588,3371
riskadj,5,2,0.2,equal,5,-0.3440027180726523,-0.4257272528171679,,-0.4982835840858647,0.425,51.769089291011575,0.10868356847805155,3371
riskadj,5,2,0.2,equal,10,-0.13140087296554243,-0.15651098173950587,,-0.5263184612556615,0.4625,25.6467840673121,0.05360825277120159,3371
riskadj,5,2,0.2,equal,21,-0.10518342151600105,-0.14152270147960272,,-0.43293664424998746,0.4,12.297920768048328,0.02570517343986646,3371
riskadj,5,2,0.2,volinv,5,-0.5116236666471602,-0.6460341147629264,,-0.5873780848075845,0.425,54.108279752771715,0.11321285789878366,3371
riskadj,5,2,0.2,volinv,10,-0.22753273853468997,-0.27087648241061096,,-0.5780159732848169,0.425,26.974812261168022,0.05621100089441494,3371
riskadj,5,2,0.2,volinv,21,-0.23659085535689633,-0.3127263402995664,,-0.4935946675563678,0.3875,12.813806877712878,0.026714541120190557,3371
riskadj,5,2,0.3,equal,5,-0.4950220393557062,-0.5794413579531735,,-0.5838303688585744,0.4,45.32615625252824,0.09458958400057602,3371
riskadj,5,2,0.3,equal,10,-0.2690692192703469,-0.3079083358265769,,-0.5503798525719177,0.45,22.35522235106928,0.04650413752853561,3371
riskadj,5,2,0.3,equal,21,-0.14476939736357108,-0.19211079339446702,,-0.44561121786140845,0.475,10.994007712844853,0.022851404863542337,3371
riskadj,5,2,0.3,volinv,5,-0.6474338781259132,-0.7737640956075115,,-0.6110094364769992,0.4,48.29103432393806,0.10038569988991838,3371
riskadj,5,2,0.3,volinv,10,-0.4382842579167936,-0.5037228548430245,,-0.6240466641718869,0.4375,24.00038889888419,0.049760042574432076,3371
riskadj,5,2,0.3,volinv,21,-0.2805776046832203,-0.3703839803407962,,-0.5054735373992318,0.4125,11.749194388169661,0.024363998329602128,3371
riskadj,10,0,0.1,equal,5,-0.055685322849005674,-0.07288194418534438,,-0.4123649896202408,0.475,45.76018985464255,0.09740274350420458,3371
riskadj,10,0,0.1,equal,10,-0.16128196005081907,-0.20845186444064998,,-0.5439777006361943,0.4625,29.927024621773953,0.06330792793263729,3371
riskadj,10,0,0.1,equal,21,-0.030424196185582234,-0.04517278606723726,,-0.45957708120216456,0.4625,13.037318303174134,0.02763115985534665,3371
riskadj,10,0,0.1,volinv,5,-0.0884844549626573,-0.1085480566604351,,-0.3517732604518048,0.475,48.85752427793358,0.1037673866812359,3371
riskadj,10,0,0.1,volinv,10,-0.036328432006151774,-0.043605983362883356,,-0.4571867710155324,0.4625,30.53248718467693,0.06446845353656566,3371
riskadj,10,0,0.1,volinv,21,-0.13298439219690264,-0.19759788773938589,,-0.43638723623760156,0.475,13.34098829257949,0.028194223492444034,3371
riskadj,10,0,0.2,equal,5,-0.02823508561073238,-0.03524090377598053,,-0.2910693541330871,0.4625,37.480057172136675,0.07854055385634988,3371
riskadj,10,0,0.2,equal,10,-0.22429510126386257,-0.27251760757711785,,-0.5340041933215771,0.4125,26.231234324856402,0.05480804604708045,3371
riskadj,10,0,0.2,equal,21,0.010788757370425558,0.015058219163833061,,-0.42521933551662205,0.55,12.25714516868477,0.02564803982754499,3371
riskadj,10,0,0.2,volinv,5,0.09029998848855197,0.11996499314833993,,-0.25130871210245864,0.4625,42.05390543150712,0.08779800708662888,3371
riskadj,10,0,0.2,volinv,10,-0.08469712781926901,-0.10786465615026285,,-0.5557684029068529,0.4625,27.592532548838456,0.05750183810902505,3371
riskadj,10,0,0.2,volinv,21,-0.06207092561019091,-0.0861124666259613,,-0.4390199707629283,0.4875,12.664590934110592,0.02641768182961177,3371
riskadj,10,0,0.3,equal,5,-0.16067949345241864,-0.20356533947054467,,-0.4852320803495288,0.475,31.584552735902484,0.06579578170477572,3371
riskadj,10,0,0.3,equal,10,-0.25643417711181643,-0.32046637705440156,,-0.6108015583188143,0.4375,22.91611337342574,0.047618944143513586,3371
riskadj,10,0,0.3,equal,21,0.061139643548806584,0.08569091180946554,,-0.40145224789440304,0.5,10.807119549095225,0.0225124329924196,3371
riskadj,10,0,0.3,volinv,5,-0.2051922547352315,-0.265173960625904,,-0.4807662057447001,0.5,36.616048547001725,0.07597993309976317,3371
riskadj,10,0,0.3,volinv,10,-0.1980208578741763,-0.2512850224110766,,-0.6249623847245421,0.425,24.671385026849627,0.05112283241944722,3371
riskadj,10,0,0.3,volinv,21,-0.09521827527008853,-0.1324772245227316,,-0.4416476172495566,0.5125,11.57063737904176,0.024021688518277462,3371
riskadj,10,2,0.1,equal,5,-0.4203655510703839,-0.5302644113897379,,-0.5700266311515774,0.4,43.21352714328093,0.09173691863769254,3371
riskadj,10,2,0.1,equal,10,-0.10586089707627153,-0.13461097429999397,,-0.4468537137085218,0.5125,28.55651142094334,0.060363600277550146,3371
riskadj,10,2,0.1,equal,21,0.26665185597859736,0.3493293575190124,,-0.2540669093319914,0.55,13.13699199050727,0.02784542493199807,3371
riskadj,10,2,0.1,volinv,5,-0.15934083960139314,-0.20227800238643098,,-0.5237942061207888,0.4625,46.84043476508729,0.09917832235528586,3371
riskadj,10,2,0.1,volinv,10,-0.06832734793319102,-0.08711688756635022,,-0.458584624281442,0.4875,29.32502657054198,0.06179642697008215,3371
riskadj,10,2,0.1,volinv,21,0.22239859945265428,0.2886417441039614,,-0.32760647648633234,0.5375,13.582424288681484,0.028736847270484388,3371
riskadj,10,2,0.2,equal,5,-0.25748713153278946,-0.320075391019565,,-0.515750800833314,0.4375,36.54746096383593,0.07646676529980997,3371
riskadj,10,2,0.2,equal,10,-0.0950637146759769,-0.11664539270592282,,-0.4150233918882342,0.4625,25.269998112240774,0.05278112929912779,3371
riskadj,10,2,0.2,equal,21,0.3493822169320242,0.47311507413194154,,-0.2735645294699318,0.575,11.85754429492193,0.024768856892477403,3371
riskadj,10,2,0.2,volinv,5,-0.2619282646636722,-0.3220444122417544,,-0.524036301838671,0.425,41.00809915331557,0.08550110466413446,3371
riskadj,10,2,0.2,volinv,10,-0.23635727261872969,-0.2832011971475731,,-0.5115918107830717,0.45,26.83993512700444,0.055874838035206716,3371
riskadj,10,2,0.2,volinv,21,0.2972041916447713,0.3980849468637245,,-0.29868936863750895,0.575,12.458324237676848,0.025965485859482343,3371
riskadj,10,2,0.3,equal,5,-0.45318772238908006,-0.5611904440526787,,-0.5404516669230646,0.4375,30.355961273967797,0.06312883908992738,3371
riskadj,10,2,0.3,equal,10,-0.18381308822012715,-0.22799168258608032,,-0.4239075289777442,0.475,22.321922278255713,0.04636593760093673,3371
riskadj,10,2,0.3,equal,21,0.051473628501037406,0.06830127925404415,,-0.3911686733905658,0.4625,10.632690596262236,0.022083651042002436,3371
riskadj,10,2,0.3,volinv,5,-0.5317908436186645,-0.6510793672360319,,-0.5640383452452755,0.4125,35.25988450168828,0.07306510630035816,3371
riskadj,10,2,0.3,volinv,10,-0.3560031664228806,-0.4298177406330731,,-0.5292877113027066,0.4875,24.084323415490882,0.049868753995288465,3371
riskadj,10,2,0.3,volinv,21,0.005901642240737045,0.007791896079773884,,-0.37967374237729057,0.4875,11.405278380003733,0.023627504864654265,3371
riskadj,20,0,0.1,equal,5,0.25718352466908795,0.33538939166445264,,-0.29407385330153235,0.55,32.06502521506972,0.06824141076967864,3371
riskadj,20,0,0.1,equal,10,0.30102265486570995,0.4061491012073316,,-0.350803321989828,0.525,21.878374369623256,0.04618195560296321,3371
riskadj,20,0,0.1,equal,21,0.29833350730392577,0.4060046907615297,,-0.2865621892771729,0.4875,12.578819341441708,0.026701943730175634,3371
riskadj,20,0,0.1,volinv,5,0.27813772785199764,0.36086168019660714,,-0.2837351280781062,0.5375,37.841892896145986,0.08026248691668914,3371
riskadj,20,0,0.1,volinv,10,0.26845979566354167,0.3560282174192868,,-0.36569425604222094,0.5375,24.034546638178472,0.050640529079212335,3371
riskadj,20,0,0.1,volinv,21,0.28687718138850876,0.38791658891445263,,-0.26983014468556576,0.475,13.147909108830008,0.027831793699134084,3371
riskadj,20,0,0.2,equal,5,0.36407008107258965,0.48298996252008003,,-0.2843306804011899,0.525,25.25378495725574,0.05294924809369541,3371
riskadj,20,0,0.2,equal,10,0.2828841448010697,0.37092366667460586,,-0.3519426404190419,0.4875,18.135918664545184,0.03786856731180403,3371
riskadj,20,0,0.2,equal,21,0.31734175186893254,0.43983179802912614,,-0.349987595020395,0.5375,11.58842533912246,0.02424150894576977,3371
riskadj,20,0,0.2,volinv,5,0.19965419453330394,0.2621244862827421,,-0.30741086110688776,0.475,31.119152493953393,0.0649392956135818,3371
riskadj,20,0,0.2,volinv,10,0.15563906056159965,0.19947967508760586,,-0.3725475954243751,0.4875,20.59976393679016,0.04285382627724995,3371
riskadj,20,0,0.2,volinv,21,0.17537202501758922,0.23925464059537488,,-0.3328413485564954,0.55,12.361861974457064,0.02579239939294635,3371
riskadj,20,0,0.3,equal,5,0.3729267516797443,0.48074473257216427,,-0.2736388178678685,0.5,21.081890995388473,0.043857792291089985,3371
riskadj,20,0,0.3,equal,10,0.2265916670359592,0.29143707900370075,,-0.34593385424407985,0.4625,15.50061756694803,0.03219294303149427,3371
riskadj,20,0,0.3,equal,21,0.267379110447375,0.35562892139609276,,-0.31110073094390867,0.475,10.508098487095817,0.021848413678473674,3371
riskadj,20,0,0.3,volinv,5,0.2500429755291408,0.3191761227118582,,-0.28077943687805906,0.4875,27.093205817435525,0.05608085743217418,3371
riskadj,20,0,0.3,volinv,10,0.12843007285007357,0.16323342774345528,,-0.3570994426338484,0.4375,18.16648708066738,0.037577182689763775,3371
riskadj,20,0,0.3,volinv,21,0.08730568124600897,0.11598276480762508,,-0.35241931337430266,0.4875,11.368639285422097,0.02356609593534223,3371
riskadj,20,2,0.1,equal,5,0.15886293543984314,0.20234735288094727,,-0.31143398574245196,0.475,31.22776624147137,0.06632548673809471,3371
riskadj,20,2,0.1,equal,10,0.22097545752362244,0.286765299656831,,-0.3857078576770512,0.4875,20.80189854642539,0.043882363608458326,3371
riskadj,20,2,0.1,equal,21,-0.0815346501043108,-0.09196693527256719,,-0.28494073154856103,0.4875,12.419341441708692,0.02625151406607555,3371
riskadj,20,2,0.1,volinv,5,0.14582425465759416,0.180908965281062,,-0.2949004891054454,0.475,36.284344191360454,0.07679540955081324,3371
riskadj,20,2,0.1,volinv,10,0.19101984240640288,0.2486303289102048,,-0.4073496410509183,0.4875,22.912509306714963,0.048236231045842855,3371
riskadj,20,2,0.1,volinv,21,-0.11256548170795713,-0.12836405414059565,,-0.2767553105409686,0.5,12.960036707314687,0.027329898553769577,3371
riskadj,20,2,0.2,equal,5,-0.18722043291653245,-0.22363267591913863,,-0.43124153096659135,0.4,25.192912812491574,0.05261090483628353,3371
riskadj,20,2,0.2,equal,10,0.009015372836826265,0.011784238512439054,,-0.4567152127958146,0.5125,17.832528788328258,0.037209275709218115,3371
riskadj,20,2,0.2,equal,21,-0.03358888350377156,-0.03871262018592631,,-0.32473022319448874,0.475,11.351926862813842,0.023641231373092986,3371
riskadj,20,2,0.2,volinv,5,-0.2885821628686794,-0.3363238157105961,,-0.47327081494513557,0.375,30.67096184950743,0.0637947151048697,3371
riskadj,20,2,0.2,volinv,10,-0.15471052672053864,-0.19644839798216565,,-0.5220516602915717,0.475,20.269364275269474,0.04216410513492394,3371
riskadj,20,2,0.2,volinv,21,-0.16370889511049183,-0.18803356091251852,,-0.33770099668454756,0.45,12.12884336585058,0.02519360745943476,3371
riskadj,20,2,0.3,equal,5,-0.04340589488235617,-0.05249777911453469,,-0.3854720780654405,0.425,21.547299155901943,0.04479372660447796,3371
riskadj,20,2,0.3,equal,10,0.09379136450229371,0.12012634139946159,,-0.42991024047512694,0.5,15.546603381785818,0.03227102070915876,3371
riskadj,20,2,0.3,equal,21,-0.09568797042121235,-0.11075709641979496,,-0.3289096959549783,0.425,10.138059922871552,0.021003565755989932,3371
riskadj,20,2,0.3,volinv,5,-0.1956589018123791,-0.22991344931222374,,-0.43216952075648274,0.4125,27.47307577615525,0.056805935340486294,3371
riskadj,20,2,0.3,volinv,10,-0.045999831458681695,-0.058107765302340915,,-0.484074286602325,0.4875,18.204739334292146,0.03764773497303173,3371
riskadj,20,2,0.3,volinv,21,-0.21093856993608132,-0.25011651799967033,,-0.3750392185919098,0.4125,10.989267902263292,0.02270525087022631,3371
riskadj,30,0,0.1,equal,5,0.3561067638748149,0.5061890723602338,,-0.29439512488399766,0.5,25.451676060516167,0.05402273287975311,3371
riskadj,30,0,0.1,equal,10,0.3528981501232043,0.5118022353821184,,-0.2255192674434957,0.55,18.075823197864135,0.038158921482095265,3371
riskadj,30,0,0.1,equal,21,0.14100984564431915,0.15434297636909455,,-0.3045363475996279,0.5,10.924236131711657,0.02313281758117671,3371
riskadj,30,0,0.1,volinv,5,0.1168514025898907,0.156021620269765,,-0.4349567104645816,0.475,31.071527040372033,0.06573642938684238,3371
riskadj,30,0,0.1,volinv,10,0.13217784555319753,0.17975777699661327,,-0.32585906493467964,0.5,20.77577662936724,0.04374789990042234,3371
riskadj,30,0,0.1,volinv,21,0.15654724364431935,0.17299505968679257,,-0.2995947299316317,0.5,11.684690391973989,0.02466804164389632,3371
riskadj,30,0,0.2,equal,5,0.3553163160886404,0.47893470607009253,,-0.27189354324721515,0.5125,20.976618753539547,0.04380849187067823,3371
riskadj,30,0,0.2,equal,10,-0.017760776531619133,-0.02346033974505062,,-0.390445621915547,0.4875,15.41366198322591,0.032144205373272845,3371
riskadj,30,0,0.2,equal,21,0.22732926692227612,0.2725991480062842,,-0.27698801509839643,0.4375,9.318583641217876,0.01944177354557556,3371
riskadj,30,0,0.2,volinv,5,0.11800631685589909,0.15224658930503013,,-0.40352825881736776,0.4875,27.520831737924574,0.05728190052745776,3371
riskadj,30,0,0.2,volinv,10,-0.22097518659877416,-0.2786814918744246,,-0.4988416970454006,0.4875,18.19771882044787,0.037837404711918064,3371
riskadj,30,0,0.2,volinv,21,0.17010708280982606,0.20710636095944868,,-0.27776629670849173,0.4375,10.188816386523929,0.021186110609195192,3371
riskadj,30,0,0.3,equal,5,-0.04560713907102145,-0.05923559456606316,,-0.4250963309091145,0.5,17.549138372751543,0.03642327835985667,3371
riskadj,30,0,0.3,equal,10,-0.05146573111467394,-0.065930614480772,,-0.4384906499602732,0.4625,12.697521641811168,0.02634087575010153,3371
riskadj,30,0,0.3,equal,21,0.025505566036827364,0.03004605933866583,,-0.32540180683374165,0.425,8.262948679916938,0.017138862669161422,3371
riskadj,30,0,0.3,volinv,5,-0.18729251614734843,-0.23646532594015782,,-0.48587210281061743,0.5125,24.12936645024134,0.049852486614968994,3371
riskadj,30,0,0.3,volinv,10,-0.23219572998251523,-0.29040530954483995,,-0.5066663454648184,0.4375,15.823414963743508,0.03270031087114679,3371
riskadj,30,0,0.3,volinv,21,-0.14513296721701066,-0.16906744578255772,,-0.35259593628271935,0.45,9.337840739564415,0.019297744069699075,3371
riskadj,30,2,0.1,equal,5,0.18035038844613727,0.22333653940529802,,-0.30867908681404865,0.4875,25.581251854049242,0.05409488256888996,3371
riskadj,30,2,0.1,equal,10,0.07866878865698419,0.07432514996590431,,-0.26457383789828015,0.5375,17.492732126965294,0.03684800689059713,3371
riskadj,30,2,0.1,equal,21,-0.01934876498152559,-0.020658382351892473,,-0.3120028132806498,0.45,10.974072975378226,0.023179371666743127,3371
riskadj,30,2,0.1,volinv,5,0.05010330294879429,0.061049487006937485,,-0.43436504778522067,0.5125,31.84281049297371,0.067202016161791,3371
riskadj,30,2,0.1,volinv,10,-0.025513305028217415,-0.02464984464493699,,-0.2775223736829817,0.525,20.27782149135942,0.04258319107118243,3371
riskadj,30,2,0.1,volinv,21,-0.08141083453516335,-0.08695159551785335,,-0.3110007259941102,0.4875,11.591010619158162,0.024413897597210927,3371
riskadj,30,2,0.2,equal,5,-0.03823736181976675,-0.04699135856434425,,-0.3468120806671646,0.475,20.81662306841779,0.043491902387047095,3371
riskadj,30,2,0.2,equal,10,-0.14473110618286344,-0.1465903912374015,,-0.2980792818425433,0.4625,14.654750411261835,0.030592129415612422,3371
riskadj,30,2,0.2,equal,21,-0.0660976689228231,-0.07557505261839591,,-0.2689993194507807,0.4,9.487122785253906,0.01976458990270198,3371
riskadj,30,2,0.2,volinv,5,-0.20128838262051432,-0.2443392918475887,,-0.45982067989243647,0.4375,27.245146990753405,0.056722862582761005,3371
riskadj,30,2,0.2,volinv,10,-0.24312026481138407,-0.24724208448564053,,-0.36857747529479334,0.425,17.713671446292462,0.036845867818067146,3371
riskadj,30,2,0.2,volinv,21,-0.14443353402240064,-0.1649397874675113,,-0.25414844069275777,0.425,10.329999181938575,0.021452516084366765,3371
riskadj,30,2,0.3,equal,5,-0.09630136761396411,-0.11713286422966325,,-0.37992007126683247,0.425,18.025986354197567,0.03739469581143394,3371
riskadj,30,2,0.3,equal,10,-0.09578445043368891,-0.10181653606334248,,-0.2987942975214486,0.4625,12.090418273509345,0.0250854273014552,3371
riskadj,30,2,0.3,equal,21,-0.004226065253320703,-0.004917559240277112,,-0.28520150626424234,0.4125,8.05861762088401,0.0167120359785161,3371
riskadj,30,2,0.3,volinv,5,-0.2843222836076265,-0.33899094911030225,,-0.4805568084567231,0.4125,24.445868013874477,0.05050181864007562,3371
riskadj,30,2,0.3,volinv,10,-0.19862356670712628,-0.2120366316215696,,-0.38850859671491134,0.4375,15.12625401624909,0.03124154655160569,3371
riskadj,30,2,0.3,volinv,21,-0.15990276956578572,-0.18570370861657665,,-0.3168918017800346,0.45,9.05173470457956,0.018706239513351226,3371
riskadj,45,0,0.1,equal,5,0.19196974293064453,0.2455612659402161,,-0.33115803623545326,0.475,21.21056066449125,0.045090120847692094,3371
riskadj,45,0,0.1,equal,10,0.1421964964286167,0.17751734864179303,,-0.33131581812915767,0.4625,14.542390981904482,0.030801263352621806,3371
riskadj,45,0,0.1,equal,21,0.2993402176518192,0.3732138885104923,,-0.4195230910005212,0.45,8.77128448531593,0.018513574734369927,3371
riskadj,45,0,0.1,volinv,5,0.006610164171119907,0.008190017991337431,,-0.40005062029824356,0.425,28.101159502440694,0.05949586283592427,3371
riskadj,45,0,0.1,volinv,10,0.13785190119405877,0.16835253439187187,,-0.29407151631579054,0.4375,17.473670794658297,0.03686292647135786,3371
riskadj,45,0,0.1,volinv,21,0.31043770558825473,0.38648567050959726,,-0.42296253567176556,0.425,9.753735772424701,0.020493763232283937,3371
riskadj,45,0,0.2,equal,5,0.25383374901757916,0.3132848600411366,,-0.27057297690510673,0.475,16.890515358269734,0.035258097232544555,3371
riskadj,45,0,0.2,equal,10,0.072266085919066,0.08794255273864428,,-0.3935020545905381,0.425,11.773274722903913,0.024595600145718214,3371
riskadj,45,0,0.2,equal,21,0.23729576861890794,0.2924977066387086,,-0.30927953464608826,0.45,7.994735848547775,0.016591123328319538,3371
riskadj,45,0,0.2,volinv,5,-0.003988509429469791,-0.004788470652916344,,-0.3494103682300266,0.4125,23.98991666654194,0.049860049432427896,3371
riskadj,45,0,0.2,volinv,10,0.0389958899407257,0.046740162824943275,,-0.3457752125073613,0.4375,14.915178811009687,0.03103606499239047,3371
riskadj,45,0,0.2,volinv,21,0.21496563574423846,0.2638586581972632,,-0.2788663908660267,0.475,9.077448852752088,0.01877842313421254,3371
riskadj,45,0,0.3,equal,5,0.1601816106943597,0.1947804502001095,,-0.3026408925995563,0.425,14.607745206439954,0.030313028064804976,3371
riskadj,45,0,0.3,equal,10,0.17013085013548707,0.20562956212568492,,-0.35742616493263557,0.475,9.895105309997032,0.020523093208472083,3371
riskadj,45,0,0.3,equal,21,0.11046207684391193,0.1322283600869388,,-0.3203629024274792,0.45,6.76659744882824,0.013980928184678203,3371
riskadj,45,0,0.3,volinv,5,-0.07917167935799448,-0.09321386160894686,,-0.40372707885932413,0.425,21.89825269435552,0.045254949306811995,3371
riskadj,45,0,0.3,volinv,10,0.04575715624838878,0.0548530874901909,,-0.3160762733526431,0.45,13.336021184697135,0.027534309486997734,3371
riskadj,45,0,0.3,volinv,21,0.006864637129999269,0.008091973334162013,,-0.3078072159190234,0.425,7.964161786748777,0.016402865681762753,3371
riskadj,45,2,0.1,equal,5,0.3930071728395207,0.5125881164331192,,-0.1758576486004637,0.475,21.330169089291015,0.045167815451999674,3371
riskadj,45,2,0.1,equal,10,0.4793307711519455,0.6079283726269451,,-0.2605577931770835,0.5125,14.572293088104422,0.03110305680145535,3371
riskadj,45,2,0.1,equal,21,0.2024546717884596,0.24514939001076141,,-0.3793600203576659,0.4375,8.970631859982202,0.018905485037711858,3371
riskadj,45,2,0.1,volinv,5,0.261088161474253,0.3289914782378532,,-0.22094644376127892,0.4625,27.775365560495004,0.0586684800135884,3371
riskadj,45,2,0.1,volinv,10,0.4271641357486708,0.5292866095624003,,-0.261631214422517,0.5,17.621565256134616,0.037449811199537754,3371
riskadj,45,2,0.1,volinv,21,0.1699650300625918,0.2065510231067872,,-0.33089153468378396,0.425,9.95604378270927,0.02089898289039213,3371
riskadj,45,2,0.2,equal,5,0.0737733264323266,0.08966565660562047,,-0.31604418951629354,0.4875,17.396132790377823,0.036357115675388726,3371
riskadj,45,2,0.2,equal,10,0.13086500592453826,0.15559358765936432,,-0.27393128066880135,0.45,11.925503627194523,0.024790991529917834,3371
riskadj,45,2,0.2,equal,21,0.24734178000157916,0.3012571513995292,,-0.30272391800735543,0.4375,7.565232868584991,0.01570631558310648,3371
riskadj,45,2,0.2,volinv,5,-0.09783114834298139,-0.11580464478725015,,-0.36876087243281375,0.4375,24.29232750532314,0.05051992138874997,3371
riskadj,45,2,0.2,volinv,10,0.036615209882959424,0.04244344785881514,,-0.30942426406946133,0.4125,15.151856380533522,0.03138926977535201,3371
riskadj,45,2,0.2,volinv,21,0.1863037247278798,0.2242048654913017,,-0.3075584818149254,0.45,8.863438390126973,0.01834531392703416,3371
riskadj,45,2,0.3,equal,5,-0.02164637846406993,-0.026286701702735685,,-0.36279567234232146,0.4375,14.396165151964617,0.02988399599220342,3371
riskadj,45,2,0.3,equal,10,0.1953848396259651,0.235018549974282,,-0.24208950948155483,0.45,9.758053989913972,0.020216176735176603,3371
riskadj,45,2,0.3,equal,21,0.07632118150962106,0.09036612108593992,,-0.3765300930626295,0.425,6.6071195490952235,0.013643821222857466,3371
riskadj,45,2,0.3,volinv,5,-0.21932139403864603,-0.2606288266950529,,-0.43091621640469824,0.4375,21.35831187276235,0.044107364465567664,3371
riskadj,45,2,0.3,volinv,10,0.10531978389818017,0.12653227344688514,,-0.2911700209524708,0.45,13.212749946270698,0.027258082088835227,3371
riskadj,45,2,0.3,volinv,21,0.038721378206810396,0.04530561556347143,,-0.33050012661099726,0.4375,7.941035751900621,0.016354304212262447,3371
riskadj,60,0,0.1,equal,5,-0.009662594190023287,-0.010870524558878929,,-0.23666249854040156,0.4875,17.4578463363987,0.036834788985298766,3371
riskadj,60,0,0.1,equal,10,-0.14218769347447524,-0.15732097041955645,,-0.30585078727500337,0.4125,12.514031444675169,0.026470514191113913,3371
riskadj,60,0,0.1,equal,21,0.20079846090201556,0.24356144044193442,,-0.3911836692452977,0.475,7.525363393651736,0.01587480348745897,3371
riskadj,60,0,0.1,volinv,5,-0.03770542917891588,-0.04209114446891744,,-0.19489561580661297,0.425,24.0774074584663,0.05059175835502256,3371
riskadj,60,0,0.1,volinv,10,0.09555277542783402,0.10604874523581857,,-0.2139031084503168,0.4375,15.389564381294875,0.03237531144363797,3371
riskadj,60,0,0.1,volinv,21,0.3510618376627502,0.4321009773280975,,-0.33260163893649275,0.5125,8.68811198305046,0.018282681737699414,3371
riskadj,60,0,0.2,equal,5,-0.22384677659531482,-0.24794020632750416,,-0.36713826151609075,0.4375,15.446379547477145,0.0321628194230427,3371
riskadj,60,0,0.2,equal,10,-0.27984960850480906,-0.3043699637173832,,-0.392076481952896,0.45,10.61854858283218,0.0221365427197334,3371
riskadj,60,0,0.2,equal,21,0.17969738515936254,0.21746011354726263,,-0.31440341400169924,0.45,7.010684717240635,0.014562629796533404,3371
riskadj,60,0,0.2,volinv,5,-0.32509221640410335,-0.3556902374043402,,-0.4108953907074272,0.425,22.453196067999112,0.04654185238262974,3371
riskadj,60,0,0.2,volinv,10,-0.20659627636902522,-0.22603915921994802,,-0.32884062711404705,0.4625,13.977049471819592,0.029030271418684594,3371
riskadj,60,0,0.2,volinv,21,0.1747952130128376,0.21319460048418065,,-0.2974524640069207,0.4375,8.260118068982193,0.017100907828653818,3371
riskadj,60,0,0.3,equal,5,-0.1683428907283277,-0.1924296193291124,,-0.32575503852698806,0.45,12.31502386667026,0.025503566411014773,3371
riskadj,60,0,0.3,equal,10,-0.28209566020239646,-0.3154684564555583,,-0.37281049837495484,0.4875,8.926798090666379,0.018489571983379485,3371
riskadj,60,0,0.3,equal,21,0.08808811042604782,0.10532304084748347,,-0.3299383003110803,0.4875,6.005339661821417,0.012398199740019128,3371
riskadj,60,0,0.3,volinv,5,-0.2241373847771137,-0.25417945884665055,,-0.3415583047416495,0.475,19.581698262224723,0.04034654581658842,3371
riskadj,60,0,0.3,volinv,10,-0.2262710273704689,-0.25706686734466994,,-0.31745240741607506,0.475,12.440777357764826,0.025644279581159946,3371
riskadj,60,0,0.3,volinv,21,0.10418311148636819,0.12319027984576836,,-0.27701000428628797,0.4625,7.244495517401496,0.014914730069835767,3371
riskadj,60,2,0.1,equal,5,0.24591192355343036,0.33713081254521005,,-0.250299285108747,0.5125,18.21038267576387,0.03850154883682623,3371
riskadj,60,2,0.1,equal,10,0.2946254286120543,0.34709353500601753,,-0.219908402233436,0.4375,12.459210916641949,0.026267061324449247,3371
riskadj,60,2,0.1,equal,21,0.1422539624112915,0.1748766946948634,,-0.32350256795222954,0.45,7.6449718184514985,0.016112742549446654,3371
riskadj,60,2,0.1,volinv,5,0.23064205368493074,0.3035612361588565,,-0.2333211133134382,0.5,24.586227741599654,0.05175663193755181,3371
riskadj,60,2,0.1,volinv,10,0.47552186987854334,0.5644559761150053,,-0.19334175063782988,0.4875,15.272940151844661,0.03203306077353713,3371
riskadj,60,2,0.1,volinv,21,0.1621324666961673,0.19752330561267453,,-0.292115997502864,0.475,8.900596837349223,0.018697217312431503,3371
riskadj,60,2,0.2,equal,5,-0.124562075933677,-0.14732946302320266,,-0.3701015710153712,0.45,15.682101345702652,0.03273012221901301,3371
riskadj,60,2,0.2,equal,10,-0.020260802504775983,-0.02279868444466726,,-0.3149491802067005,0.4375,10.223801947088807,0.021211506766870614,3371
riskadj,60,2,0.2,equal,21,0.19842254033344242,0.23485881939451236,,-0.2605844479164128,0.4625,6.787778107386533,0.01409289149101567,3371
riskadj,60,2,0.2,volinv,5,-0.21817040772010884,-0.25081627360213804,,-0.37821023125674647,0.4125,22.622483215680926,0.04698778865397374,3371
riskadj,60,2,0.2,volinv,10,0.10031524880612153,0.11362618685516959,,-0.25089099521100944,0.4625,13.299316997236211,0.027488320949491434,3371
riskadj,60,2,0.2,volinv,21,0.22173830768635538,0.26409848772475963,,-0.22236419698950594,0.4625,8.031189354987976,0.016623587105370367,3371
riskadj,60,2,0.3,equal,5,-0.07775460117383251,-0.09318681378778738,,-0.3361378738491795,0.4875,12.24842372104312,0.02532441104791574,3371
riskadj,60,2,0.3,equal,10,-0.14577734954425164,-0.17057381783472522,,-0.3567505625578741,0.4625,8.325244734500147,0.017189456770826318,3371
riskadj,60,2,0.3,equal,21,0.21181132468636962,0.25010075513696756,,-0.2552755333788542,0.475,5.741204390388607,0.011856221196755916,3371
riskadj,60,2,0.3,volinv,5,-0.17552410617095177,-0.20303241131149327,,-0.34251285485989824,0.4875,19.49191094323899,0.04011924067282879,3371
riskadj,60,2,0.3,volinv,10,-0.05060658282530936,-0.05929890397205214,,-0.36037947403116233,0.45,11.66965193539514,0.023992840501305457,3371
riskadj,60,2,0.3,volinv,21,0.17357057384609575,0.2047771871188918,,-0.2233880747146244,0.4375,7.157814165854011,0.014738472740151609,3371
riskadj,90,0,0.1,equal,5,0.2198730205523812,0.2576355988219375,,-0.2326694036115774,0.45,14.103826757638684,0.02984175890375379,3371
riskadj,90,0,0.1,equal,10,0.16679517041404202,0.19826399307600376,,-0.19925119351964493,0.425,9.822841886680509,0.020705730590040272,3371
riskadj,90,0,0.1,equal,21,0.0762369654504767,0.08330209164303551,,-0.2725163699192701,0.4375,5.711302284188668,0.012013108392261749,3371
riskadj,90,0,0.1,volinv,5,0.1858018225052292,0.21432437811740032,,-0.21890261879097406,0.4,20.842912935432,0.04389711228063315,3371
riskadj,90,0,0.1,volinv,10,0.26244945271973263,0.30455272648171416,,-0.23688759764764367,0.425,13.067632647211488,0.027445471553396522,3371
riskadj,90,0,0.1,volinv,21,0.06393959223421926,0.06958178183959955,,-0.25567239483488047,0.4375,7.2487586886244575,0.015196760075251194,3371
riskadj,90,0,0.2,equal,5,0.0663922851073872,0.07885272165779147,,-0.3262451644086668,0.45,12.025792184676787,0.02500313390725392,3371
riskadj,90,0,0.2,equal,10,0.10525186200792509,0.12062863425557002,,-0.31819727907566175,0.4125,8.517148944203232,0.017674467619048232,3371
riskadj,90,0,0.2,equal,21,-0.18457066261386168,-0.20380690485128924,,-0.3317122452439447,0.4,5.096949920444433,0.010544257762113558,3371
riskadj,90,0,0.2,volinv,5,0.05838968740274632,0.0666169377633761,,-0.30576390651317376,0.3875,19.011403154947086,0.03936838647456785,3371
riskadj,90,0,0.2,volinv,10,0.08165920879891514,0.09116785161699399,,-0.3301140519449962,0.425,11.937573785715344,0.024679376214420526,3371
riskadj,90,0,0.2,volinv,21,-0.1378678329606998,-0.15377275359205977,,-0.2933180040312876,0.3875,6.562411159604111,0.013545490449935893,3371
riskadj,90,0,0.3,equal,5,0.23461627143301536,0.2750730978413712,,-0.20810259042690682,0.45,9.536846363366685,0.019689370174634027,3371
riskadj,90,0,0.3,equal,10,0.06595922524291986,0.07475548010023456,,-0.2696265352355872,0.45,7.138448261913109,0.014741879943075499,3371
riskadj,90,0,0.3,equal,21,0.020716805557333996,0.022827116518382148,,-0.2594449431367023,0.3875,4.573776327499258,0.009417969635140674,3371
riskadj,90,0,0.3,volinv,5,0.02664837980626263,0.03010237061846194,,-0.227192815848128,0.4125,16.564183174810097,0.03405659725225707,3371
riskadj,90,0,0.3,volinv,10,0.004864706415835869,0.0053810992141600945,,-0.2599014017060961,0.4125,10.84734924379425,0.02232169368691534,3371
riskadj,90,0,0.3,volinv,21,-0.011708247963699016,-0.01286509780046208,,-0.23123311770190247,0.45,5.981418122474076,0.01228507494158379,3371
riskadj,90,2,0.1,equal,5,0.14303350604600595,0.1519362194816508,,-0.239176839797271,0.425,15.045743102936813,0.03170551193321763,3371
riskadj,90,2,0.1,equal,10,0.05705120073560252,0.06396723617391695,,-0.27493748967103815,0.4375,9.907564520913676,0.020859500290674245,3371
riskadj,90,2,0.1,equal,21,-0.07908767465270343,-0.08429831404810909,,-0.2726213061902544,0.4375,5.721269652921982,0.012039026752682765,3371
riskadj,90,2,0.1,volinv,5,0.16334925037026368,0.16882388839827187,,-0.24506437816268123,0.425,21.409425145699263,0.044910899456152426,3371
riskadj,90,2,0.1,volinv,10,0.1277719218722418,0.1426910487714326,,-0.2677020313015297,0.475,13.240223392144419,0.02776474868682892,3371
riskadj,90,2,0.1,volinv,21,-0.022459259272323135,-0.023782202866204,,-0.313731866498976,0.4375,6.944440486225146,0.014567454335725632,3371
riskadj,90,2,0.2,equal,5,-0.020028665698823105,-0.021393477651991517,,-0.33856472560961004,0.475,11.91861060920687,0.02478203412726498,3371
riskadj,90,2,0.2,equal,10,-0.17898497373564687,-0.1948158239134725,,-0.42325208655534874,0.4375,8.016482834875005,0.016640409882003673,3371
riskadj,90,2,0.2,equal,21,-0.10839493182358399,-0.11661143843527233,,-0.22340300791535694,0.45,5.306264663844018,0.0109803682458131,3371
riskadj,90,2,0.2,volinv,5,0.03352923081801739,0.034670114864568474,,-0.3067877319338833,0.4375,18.864546225082083,0.03904465086002148,3371
riskadj,90,2,0.2,volinv,10,0.04318744124587484,0.047866234456214934,,-0.354289208837299,0.4125,11.379221038654679,0.023520769263370718,3371
riskadj,90,2,0.2,volinv,21,-0.1337807101495171,-0.1439026633265746,,-0.25344266744684196,0.4375,6.727489959171987,0.013885543703477573,3371
riskadj,90,2,0.3,equal,5,-0.09591565248999429,-0.10464728148238268,,-0.3560429037160835,0.375,9.547266794315146,0.019752183128714747,3371
riskadj,90,2,0.3,equal,10,-0.2984032598457542,-0.33110374268554393,,-0.4191899265657911,0.4,6.8762385048946895,0.014205967031763186,3371
riskadj,90,2,0.3,equal,21,0.16460947978691293,0.18302194649196396,,-0.22328745951835227,0.4625,4.672204093740729,0.009615867207382826,3371
riskadj,90,2,0.3,volinv,5,-0.16145615937918248,-0.17074719321247223,,-0.34514883542977814,0.3625,16.616079530518387,0.03421098725978349,3371
riskadj,90,2,0.3,volinv,10,-0.1886179007710901,-0.20552218901261382,,-0.37736739857197854,0.4375,10.43086198695918,0.021467837102050073,3371
riskadj,90,2,0.3,volinv,21,0.09713948574800482,0.10848530157525699,,-0.22093003952419243,0.425,6.11521606541459,0.01255581948604436,3371
blend,5,0,0.1,equal,5,0.20836128219449132,0.2731192496978769,,-0.2262704018119901,0.4875,52.682527439928805,0.11206635947087291,3371
blend,5,0,0.1,equal,10,-0.4274726023327846,-0.5658054618526737,,-0.6631474795157402,0.425,30.400474636606347,0.06444634489642535,3371
blend,5,0,0.1,equal,21,-0.19096498109565432,-0.2735628312995492,,-0.49175064203918895,0.375,14.263304657371698,0.030261156953252863,3371
blend,5,0,0.1,volinv,5,0.13999146191967554,0.17744450355800234,,-0.24136764375702946,0.4875,54.76295656492215,0.11615430290550427,3371
blend,5,0,0.1,volinv,10,-0.4311873740695217,-0.5377539590938994,,-0.6257430647848867,0.4375,30.792855949118735,0.06513322466517935,3371
blend,5,0,0.1,volinv,21,-0.2669306847259085,-0.3742576865791019,,-0.5362828689151673,0.3625,14.350146671844872,0.030370585679005514,3371
blend,5,0,0.2,equal,5,0.025579503562682033,0.03182170334774089,,-0.34104504386193935,0.5,45.775701841913644,0.09589980645435556,3371
blend,5,0,0.2,equal,10,-0.45262522754669876,-0.5619882039634405,,-0.6135394319091885,0.45,26.470030473827567,0.05536940515977769,3371
blend,5,0,0.2,equal,21,-0.0016176148825223103,-0.002292531584745111,,-0.4285314028670629,0.45,12.384908713357246,0.025941598632069275,3371
blend,5,0,0.2,volinv,5,-0.007622919886980458,-0.009908818592885876,,-0.3565072000613765,0.4625,48.781500755263906,0.10186279174802002,3371
blend,5,0,0.2,volinv,10,-0.4397695551511752,-0.5495014647064217,,-0.6136309590094944,0.4375,27.399747279789846,0.05714618777665338,3371
blend,5,0,0.2,volinv,21,-0.10113755133703173,-0.14200112812569493,,-0.4505483867478727,0.4375,12.672627364264589,0.026440383260299388,3371
blend,5,0,0.3,equal,5,0.04373822050369164,0.055870597734888575,,-0.3459341581987905,0.4625,38.502012287884874,0.08023642189771907,3371
blend,5,0,0.3,equal,10,-0.48529903008088787,-0.6091369571603743,,-0.653013525352816,0.4375,23.488428035921363,0.0488345784320719,3371
blend,5,0,0.3,equal,21,-0.07148661760167652,-0.09503670284704142,,-0.42907605929213744,0.4625,11.013942450311479,0.022951927772533003,3371
blend,5,0,0.3,volinv,5,-0.018366200445304924,-0.02410149404699813,,-0.37584463060727036,0.525,42.31202893960247,0.08785710485152369,3371
blend,5,0,0.3,volinv,10,-0.4877731417598308,-0.6191487933339002,,-0.6549995413175927,0.4625,24.944920582098415,0.05171006980352367,3371
blend,5,0,0.3,volinv,21,-0.23217312227745399,-0.30864267556231845,,-0.4896112901320756,0.475,11.56336973773082,0.02400507595404703,3371
blend,5,2,0.1,equal,5,-0.5494082664550584,-0.6594998288718433,,-0.6201836709226102,0.4875,52.74090774250964,0.11196161426438425,3371
blend,5,2,0.1,equal,10,0.07192378372158606,0.0908197837382898,,-0.42742083542318987,0.4875,28.65333728863839,0.060664129102472875,3371
blend,5,2,0.1,equal,21,-0.2775742390452514,-0.3567983121515192,,-0.5200077847045469,0.4375,13.530703055473154,0.02866885664840816,3371
blend,5,2,0.1,volinv,5,-0.5263502213593703,-0.6272757593354717,,-0.6223242890929841,0.45,54.84580315403546,0.11620332804968944,3371
blend,5,2,0.1,volinv,10,-0.08805400972936556,-0.1075181456773799,,-0.49640079464676534,0.475,29.294942496908167,0.061837167030300864,3371
blend,5,2,0.1,volinv,21,-0.3851181390952781,-0.48793158639166445,,-0.5425697808245923,0.475,13.828887343409983,0.029265318178661043,3371
blend,5,2,0.2,equal,5,-0.3667941628519427,-0.43071204457335427,,-0.5532916792490352,0.45,45.146711253741806,0.0945728730333527,3371
blend,5,2,0.2,equal,10,-0.019044019797397446,-0.02324426566230584,,-0.4409892027143695,0.475,24.957385183786847,0.05205787598129448,3371
blend,5,2,0.2,equal,21,-0.0934325873199513,-0.1218303139363708,,-0.4516443709919772,0.475,12.325104500957364,0.025749122247369402,3371
blend,5,2,0.2,volinv,5,-0.5050233800305508,-0.5945075634642923,,-0.6151143761143689,0.4375,48.1299670541021,0.10047068483625285,3371
blend,5,2,0.2,volinv,10,-0.16170371391195945,-0.19326140084184332,,-0.5289314547407805,0.4125,26.27337073243829,0.054666787656162966,3371
blend,5,2,0.2,volinv,21,-0.23907719758587803,-0.3118297681378984,,-0.4827493768460962,0.4375,12.840961591269439,0.026762844925482494,3371
blend,5,2,0.3,equal,5,-0.3562112743716693,-0.4226307560589077,,-0.4726224902467716,0.4,38.43887007298807,0.08015945827382505,3371
blend,5,2,0.3,equal,10,-0.05626499729471738,-0.06696847765439039,,-0.48023703049202815,0.45,21.898686024394927,0.04557024448941366,3371
blend,5,2,0.3,equal,21,-0.13375037272572657,-0.1740852550904841,,-0.4470293781690462,0.4625,10.902165529516465,0.022657876595874427,3371
blend,5,2,0.3,volinv,5,-0.5213584517390216,-0.621320122762112,,-0.5660031909106105,0.4125,42.038779992424736,0.08730675110123966,3371
blend,5,2,0.3,volinv,10,-0.23929947587582528,-0.2812332286256828,,-0.5446128789011127,0.45,23.361298130989624,0.048451333220049055,3371
blend,5,2,0.3,volinv,21,-0.24062511238779613,-0.3127155966414235,,-0.4724574553857438,0.4625,11.636415189683,0.02412579496841626,3371
blend,10,0,0.1,equal,5,0.05207721645491532,0.06945916125416472,,-0.31078267421571126,0.5125,44.82824087807772,0.0955745285483921,3371
blend,10,0,0.1,equal,10,-0.2622698037144744,-0.35308176191520946,,-0.5823288861265209,0.4375,26.86704242064669,0.056724333107759345,3371
blend,10,0,0.1,equal,21,0.15511297218494646,0.21811760648152034,,-0.3681216698121579,0.4625,13.41607831504005,0.028466801866152844,3371
blend,10,0,0.1,volinv,5,0.014089310557588245,0.018487644540378052,,-0.34558269930927366,0.5375,47.7739771523652,0.10143158703106336,3371
blend,10,0,0.1,volinv,10,-0.2123964303975886,-0.27886246297972045,,-0.5421300769968325,0.45,27.58732089187108,0.05807171004820279,3371
blend,10,0,0.1,volinv,21,0.12097646255394223,0.16752218061298857,,-0.3435972664042528,0.5,13.60921761604789,0.028798767002520223,3371
blend,10,0,0.2,equal,5,0.08935635326420507,0.11787838169043001,,-0.38107904716042995,0.475,37.47033790890214,0.07849536080518503,3371
blend,10,0,0.2,equal,10,-0.2166963139300574,-0.2846285903115309,,-0.6054853360806773,0.4125,23.660990803915755,0.04933967809593537,3371
blend,10,0,0.2,equal,21,0.05573239340015114,0.07628378860334838,,-0.3383585555078995,0.4625,12.099479517812359,0.0253472756126552,3371
blend,10,0,0.2,volinv,5,0.058762860914857086,0.07773738465511483,,-0.3636786979341472,0.4875,41.287871625766904,0.08613914639755076,3371
blend,10,0,0.2,volinv,10,-0.16745445519022073,-0.21715946473520048,,-0.5658080051865149,0.4625,24.963181068774716,0.05190725916343776,3371
blend,10,0,0.2,volinv,21,-0.01281921144639034,-0.01754957196384315,,-0.3903728490362063,0.475,12.580325666784569,0.026264666288229956,3371
blend,10,0,0.3,equal,5,0.07780002010731304,0.10055377674518462,,-0.3436606097752076,0.45,30.885898438553436,0.06433526701455665,3371
blend,10,0,0.3,equal,10,0.08320188143332495,0.10827921484086306,,-0.46586190668138816,0.475,19.585539764299778,0.04062458418637168,3371
blend,10,0,0.3,equal,21,0.12736110462547606,0.1739206041692355,,-0.41803323028957595,0.4875,10.912488875704538,0.02275667053818976,3371
blend,10,0,0.3,volinv,5,-0.03585646763670828,-0.046503082598628266,,-0.3966317275730934,0.475,35.37915200810352,0.07338765566414393,3371
blend,10,0,0.3,volinv,10,0.0015212880357289582,0.001956143370305608,,-0.47472661770287217,0.45,21.504630236010644,0.04448034701772369,3371
blend,10,0,0.3,volinv,21,-0.006119884616803104,-0.008280162807707757,,-0.4442350568827036,0.45,11.526620000670347,0.02394736737744125,3371
blend,10,2,0.1,equal,5,-0.3838828466998873,-0.37846459241398306,,-0.5104238189514662,0.45,44.06929694452685,0.0937487591789532,3371
blend,10,2,0.1,equal,10,0.015013598507893496,0.019487588676624625,,-0.46048422605617134,0.475,25.795550281815487,0.054442024852548426,3371
blend,10,2,0.1,equal,21,-0.009203428268599873,-0.011133913254069778,,-0.3371636728328954,0.5,12.538949866508453,0.026446428724617776,3371
blend,10,2,0.1,volinv,5,-0.3548370177950765,-0.33555091363071854,,-0.5097633644508051,0.4375,46.81919949910122,0.09926723358087228,3371
blend,10,2,0.1,volinv,10,0.007237658889696606,0.009267549923534162,,-0.48421244239165107,0.5,26.65584472700211,0.056053601421145474,3371
blend,10,2,0.1,volinv,21,-0.08732684130737318,-0.10609266126150307,,-0.3606148642477608,0.475,12.949847379518117,0.02728030929170263,3371
blend,10,2,0.2,equal,5,-0.2782663682419422,-0.3266048708021274,,-0.46908545136644064,0.45,36.09381624012297,0.0754954633400999,3371
blend,10,2,0.2,equal,10,0.043225326966521156,0.05388058706704435,,-0.4571710370393748,0.5,22.524441088428034,0.04691215706947233,3371
blend,10,2,0.2,equal,21,-0.0011528367066280353,-0.001387610142854133,,-0.3340643401678356,0.45,11.436196434831857,0.023821553204720937,3371
blend,10,2,0.2,volinv,5,-0.3608280712307011,-0.406048641399146,,-0.4944376812824175,0.4375,40.125785069337894,0.0836212987372584,3371
blend,10,2,0.2,volinv,10,-0.13848233655688752,-0.16758907610117443,,-0.5360330307408531,0.475,24.044044218039947,0.04992071702363274,3371
blend,10,2,0.2,volinv,21,-0.012193461115983217,-0.014839672510796103,,-0.34483000120730445,0.4875,12.050068018355578,0.025026981005173463,3371
blend,10,2,0.3,equal,5,-0.2729742817770596,-0.31557959268776864,,-0.4868940428456743,0.425,30.49331622187992,0.06347565934645952,3371
blend,10,2,0.3,equal,10,-0.041151127636989755,-0.0502314299344388,,-0.4389924040944361,0.4875,19.231912331826827,0.03990519801705571,3371
blend,10,2,0.3,equal,21,-0.3384942084458365,-0.4039527659523048,,-0.46187228443357686,0.4125,10.361079798279441,0.021460366624843588,3371
blend,10,2,0.3,volinv,5,-0.5082151933481593,-0.5557019484136935,,-0.5661697282483972,0.425,35.09180927134324,0.07274574724258878,3371
blend,10,2,0.3,volinv,10,-0.3021497097267995,-0.3593554492603257,,-0.5547505026324725,0.4625,21.213814429932455,0.04386485065669064,3371
blend,10,2,0.3,volinv,21,-0.2876618520580348,-0.3554832387337957,,-0.4883228058180348,0.425,11.106084690034185,0.022949847315143084,3371
blend,20,0,0.1,equal,5,-0.10207771052463663,-0.10243010137462752,,-0.27883426514570053,0.4625,33.84420053396619,0.07188297437562403,3371
blend,20,0,0.1,equal,10,-0.30598773229222376,-0.30584265147468537,,-0.44429408551248395,0.4625,22.267101750222487,0.047029832594187665,3371
blend,20,0,0.1,equal,21,0.3299182822789823,0.3909045781839018,,-0.2101960338950244,0.4625,11.651854049243548,0.024629415801605443,3371
blend,20,0,0.1,volinv,5,-0.15021021534229376,-0.1533255669431146,,-0.26810357329577217,0.4875,38.28305399632264,0.08108376086293922,3371
blend,20,0,0.1,volinv,10,-0.38087881868173384,-0.38252358408567666,,-0.45509399388816074,0.45,24.12783325443595,0.05081605131578287,3371
blend,20,0,0.1,volinv,21,0.19872119089689388,0.23398094378510362,,-0.25328512843944107,0.475,12.13712713883626,0.025592242401803036,3371
blend,20,0,0.2,equal,5,-0.09308691066115855,-0.09917318728149027,,-0.2265985717267005,0.4375,26.326959898600364,0.054961070861098145,3371
blend,20,0,0.2,equal,10,-0.35521818219789814,-0.37437152851174804,,-0.43791860454345277,0.4875,18.592670100590603,0.038619976871188295,3371
blend,20,0,0.2,equal,21,0.19237824352674032,0.23033789684279754,,-0.30304127186793894,0.5125,10.365157358215798,0.021613031781214043,3371
blend,20,0,0.2,volinv,5,-0.1755936340883365,-0.19064436930853618,,-0.26058195449726407,0.45,31.845634979944347,0.06624335108815788,3371
blend,20,0,0.2,volinv,10,-0.45535028147898066,-0.4827171783677737,,-0.479087894261796,0.45,20.781158663693397,0.043037155378119196,3371
blend,20,0,0.2,volinv,21,0.12069028987357158,0.14664278438122302,,-0.3309979920877584,0.5375,11.154888913206156,0.023189866202815344,3371
blend,20,0,0.3,equal,5,0.06496249310303327,0.07191120895041471,,-0.25987113677939044,0.4875,21.25552423391082,0.044160308722719824,3371
blend,20,0,0.3,equal,10,-0.05124935744390512,-0.056109407796566826,,-0.322075309921646,0.4375,15.135628362075394,0.0313553911112519,3371
blend,20,0,0.3,equal,21,0.028697598838588637,0.03397218535804098,,-0.3755150716139214,0.4375,9.274992583803026,0.019238710381413584,3371
blend,20,0,0.3,volinv,5,-0.02864567367716083,-0.03244450004555226,,-0.2993297553950053,0.4625,26.811436220222426,0.055482259719772456,3371
blend,20,0,0.3,volinv,10,-0.19054747615288145,-0.21180291767385875,,-0.40978207111010456,0.4375,17.87742706984541,0.036912618269602446,3371
blend,20,0,0.3,volinv,21,-0.02836461400680861,-0.03437046070717245,,-0.3886731093206869,0.4625,10.160760630311644,0.021007650059915846,3371
blend,20,2,0.1,equal,5,0.11352180839985887,0.14118731827629397,,-0.31504454625805345,0.45,31.65849896173242,0.06726002066568462,3371
blend,20,2,0.1,equal,10,-0.03826100132791675,-0.04661509526174355,,-0.3558486118877693,0.4375,21.768733313556808,0.04583730918654898,3371
blend,20,2,0.1,equal,21,-0.16358721194707343,-0.17610501925017688,,-0.3926004412998002,0.4875,11.721625630376744,0.024772334007213813,3371
blend,20,2,0.1,volinv,5,-0.042528299237710905,-0.05146386230839789,,-0.37809520205805325,0.4375,36.300094801079325,0.07683847507888926,3371
blend,20,2,0.1,volinv,10,-0.153316769408224,-0.18415668431175894,,-0.42436821701536953,0.3875,23.5289330261999,0.049437027107375534,3371
blend,20,2,0.1,volinv,21,-0.195757517849203,-0.20910933936876097,,-0.3296444810663789,0.4625,12.249555093340966,0.02584222610641207,3371
blend,20,2,0.2,equal,5,-0.012405722912796582,-0.015105822443544999,,-0.44759743916769434,0.4625,25.291723524176803,0.05267086226412343,3371
blend,20,2,0.2,equal,10,-0.007306579948997966,-0.008643640695676242,,-0.36031896733948154,0.4625,18.12973760146706,0.03768136345975064,3371
blend,20,2,0.2,equal,21,0.030824054977267847,0.035451334112020394,,-0.3296907981047754,0.475,10.101777190474907,0.021013532153136585,3371
blend,20,2,0.2,volinv,5,-0.19341405428466846,-0.2285547136381522,,-0.5067334964684325,0.4625,30.532512870441973,0.06337620171039084,3371
blend,20,2,0.2,volinv,10,-0.2343721826772604,-0.2702456147611013,,-0.48047092710831396,0.4375,20.34309646983628,0.04215794975291428,3371
blend,20,2,0.2,volinv,21,-0.05589629109810464,-0.06515251181142208,,-0.30875602250480416,0.475,10.9928987191206,0.02281660850135306,3371
blend,20,2,0.3,equal,5,-0.03999338063955768,-0.047776861295581875,,-0.4612335807744872,0.4125,20.85966207523434,0.04330702434705438,3371
blend,20,2,0.3,equal,10,0.07978075802058876,0.09482188887161394,,-0.2794509171499564,0.4,14.915727572547855,0.03086468302956054,3371
blend,20,2,0.3,equal,21,-0.011048736022323891,-0.012770140710306363,,-0.34217116903035194,0.45,8.807238208246812,0.01825780702197149,3371
blend,20,2,0.3,volinv,5,-0.2335713498984856,-0.2752700557709491,,-0.506622520002656,0.45,26.346424443410143,0.054441868441714086,3371
blend,20,2,0.3,volinv,10,-0.15327647897544935,-0.1785049124940404,,-0.42221179606734194,0.4625,17.488662444756358,0.036069389728220574,3371
blend,20,2,0.3,volinv,21,-0.10983992539549305,-0.1299979792938424,,-0.3451233667489382,0.4125,9.800433187710237,0.020258629926390485,3371
blend,30,0,0.1,equal,5,-0.209951369240521,-0.234671447271751,,-0.31394330201403675,0.425,26.78943933550875,0.05675166325903605,3371
blend,30,0,0.1,equal,10,-0.2291117312139347,-0.25568489079076145,,-0.2927812637449898,0.4125,18.382675763868292,0.038724064857662714,3371
blend,30,0,0.1,equal,21,0.5547542021650713,0.7086965406251194,,-0.29407997340579983,0.4625,10.216552951646396,0.021516781048174175,3371
blend,30,0,0.1,volinv,5,-0.3061563617067426,-0.3423379150236376,,-0.3620626961288481,0.425,31.745066761021974,0.06705237077045274,3371
blend,30,0,0.1,volinv,10,-0.23171164387382054,-0.2579718074617387,,-0.3305470120557654,0.4,20.30742536547483,0.04263478000613355,3371
blend,30,0,0.1,volinv,21,0.41318232060571347,0.5052971678669841,,-0.2824410679209227,0.5,10.83096251702625,0.022773891297802114,3371
blend,30,0,0.2,equal,5,-0.06997997699767047,-0.08115623847609774,,-0.24454092740105682,0.425,20.967018149456596,0.043681795170418175,3371
blend,30,0,0.2,equal,10,-0.3981179159635005,-0.4535602834349682,,-0.4084362775588498,0.4,14.908141635878213,0.03096456572749523,3371
blend,30,0,0.2,equal,21,0.35148968986130247,0.44435682996841247,,-0.2698841711160691,0.4625,8.228515951565491,0.017091932958709727,3371
blend,30,0,0.2,volinv,5,-0.21967812515458385,-0.2524110096851309,,-0.3157113019110135,0.4375,27.10265358704669,0.05632324166383726,3371
blend,30,0,0.2,volinv,10,-0.45055954705401025,-0.5060893538885459,,-0.45287142831609073,0.4375,17.52913641974598,0.0362909788276195,3371
blend,30,0,0.2,volinv,21,0.2071021046353064,0.25453429110743564,,-0.23588238447536747,0.4625,9.265720006192398,0.01919419179171885,3371
blend,30,0,0.3,equal,5,-0.09542198557565808,-0.10704172259959481,,-0.2946190541827719,0.4,17.243328992015886,0.03570641680823751,3371
blend,30,0,0.3,equal,10,-0.17636640855160582,-0.19734408277823054,,-0.3274365588236111,0.4125,12.375054610177717,0.02563000689104817,3371
blend,30,0,0.3,equal,21,0.10124899311096393,0.12340963667018927,,-0.26755293379437783,0.4375,7.6673983981014535,0.015850432046240676,3371
blend,30,0,0.3,volinv,5,-0.1676745615024292,-0.1894612139904417,,-0.3214024813683969,0.4125,23.269475245376647,0.048011519073227205,3371
blend,30,0,0.3,volinv,10,-0.2634891837490662,-0.2946931315543497,,-0.36742309209838164,0.425,15.228689077733616,0.03141995643907865,3371
blend,30,0,0.3,volinv,21,-0.08732403617368054,-0.10417123374529684,,-0.2925533170643666,0.4625,8.809264742196307,0.018155685803788152,3371
blend,30,2,0.1,equal,5,0.26613204828881365,0.3408086029267551,,-0.22277902638430613,0.5,25.501512904182736,0.053934753541868136,3371
blend,30,2,0.1,equal,10,0.35920671558158507,0.4158767148361479,,-0.219961335297715,0.525,16.964461584099674,0.035722212560652875,3371
blend,30,2,0.1,equal,21,0.24519479698921112,0.30485249369161466,,-0.30137028315171155,0.5,10.854464550578463,0.022835640048210343,3371
blend,30,2,0.1,volinv,5,0.024658695338361437,0.02888947928525087,,-0.24825084166641032,0.4875,30.26386121154331,0.06380875573680661,3371
blend,30,2,0.1,volinv,10,0.23121023746268124,0.25997512870742473,,-0.2834455833518952,0.525,19.04867168691502,0.03998619923019195,3371
blend,30,2,0.1,volinv,21,0.1515204717402494,0.1865379784275702,,-0.3155777650412259,0.475,11.468439804242596,0.024046407252667185,3371
blend,30,2,0.2,equal,5,0.04518488580318251,0.055547377074886044,,-0.27910849325815346,0.5125,20.848563954585906,0.04334562640809293,3371
blend,30,2,0.2,equal,10,-0.11856525979321088,-0.13738078572555587,,-0.367041869881526,0.45,14.372643671961383,0.029854663953991636,3371
blend,30,2,0.2,equal,21,0.05360347607631639,0.06440224185931114,,-0.2966848702440924,0.425,8.894517407836899,0.01844313526675085,3371
blend,30,2,0.2,volinv,5,-0.11760218308813396,-0.1349517497925978,,-0.3469065336560967,0.5125,26.15597525141974,0.05422563167863141,3371
blend,30,2,0.2,volinv,10,-0.13525222665439177,-0.15332481402635156,,-0.3974340275242976,0.45,16.74822731708664,0.03467466737468497,3371
blend,30,2,0.2,volinv,21,-0.09423291106897473,-0.11027746650571743,,-0.3090721778258422,0.4125,9.668370840848358,0.020007214771701504,3371
blend,30,2,0.3,equal,5,-0.20026579271126255,-0.2294769193200604,,-0.39808863161939,0.4,17.169721611035936,0.035571535455469594,3371
blend,30,2,0.3,equal,10,-0.017555387214754206,-0.020005536325516913,,-0.3079875290258276,0.425,11.80100860278849,0.024419991568652745,3371
blend,30,2,0.3,equal,21,0.09982595253990453,0.12147646520042726,,-0.2947193808820281,0.475,7.372115099377039,0.015227900805985356,3371
blend,30,2,0.3,volinv,5,-0.3358334513817683,-0.36824859678681576,,-0.42443024364216375,0.4375,22.975966042527634,0.04742612336392081,3371
blend,30,2,0.3,volinv,10,-0.14005509022891835,-0.15670130460570592,,-0.38811533810494747,0.425,14.555723225295848,0.029999334648975085,3371
blend,30,2,0.3,volinv,21,-0.06986609484929272,-0.08355258668147707,,-0.2864868788076854,0.425,8.394311655645012,0.017289528469435794,3371
blend,45,0,0.1,equal,5,0.07838674016275905,0.09004470749674903,,-0.3102414065892021,0.4625,20.924354790863248,0.044160256867679215,3371
blend,45,0,0.1,equal,10,-0.23643839291560415,-0.261457893727874,,-0.4577258103978994,0.45,14.647048353604273,0.03085068407620436,3371
blend,45,0,0.1,equal,21,0.653604721065884,0.7894360024346767,0.020940836614702092,-0.2216316101448379,0.5,7.934025511717591,0.016640530960395306,3371
blend,45,0,0.1,volinv,5,-0.10721517134335662,-0.11861605665625416,,-0.30786116526138463,0.4375,26.509725618436352,0.055783620691046545,3371
blend,45,0,0.1,volinv,10,-0.26719634106033635,-0.294151921702765,,-0.4275643491612301,0.4125,16.9893241441734,0.03566842303778151,3371
blend,45,0,0.1,volinv,21,0.6529988870326361,0.7836977422908841,0.05581623362555211,-0.20603981180471498,0.4875,8.892750608061949,0.01860808549012466,3371
blend,45,0,0.2,equal,5,-0.10674212950467452,-0.12187616846166349,,-0.268675520137177,0.45,17.08549391871848,0.03555195176055716,3371
blend,45,0,0.2,equal,10,-0.2772279513760117,-0.3098803509956273,,-0.3979904134702049,0.475,12.070515897629516,0.025048828373859768,3371
blend,45,0,0.2,equal,21,0.3065573877520731,0.3677057786411994,,-0.2323564636193226,0.475,7.184660607858472,0.014871938219672748,3371
blend,45,0,0.2,volinv,5,-0.4238485691768405,-0.4688327548868155,,-0.41444761060096713,0.3875,23.178244480425697,0.0480829916039421,3371
blend,45,0,0.2,volinv,10,-0.37567554145770254,-0.4156541196890245,,-0.4086859768517259,0.4125,14.861304907904957,0.03074401504815747,3371
blend,45,0,0.2,volinv,21,0.15382530509967593,0.1807136036777926,,-0.22007704773127879,0.5,8.272695819586579,0.01708426869862617,3371
blend,45,0,0.3,equal,5,-0.028430038008607224,-0.0326028185027259,,-0.29154789861200314,0.4625,13.913566326182586,0.02874409225347145,3371
blend,45,0,0.3,equal,10,-0.12747595359701466,-0.14157832804986512,,-0.3444125688013693,0.4125,9.679059356543782,0.02002410805336686,3371
blend,45,0,0.3,equal,21,-0.08281574934404612,-0.09641979934466405,,-0.3205421728133895,0.4,6.369148620587362,0.013130316945591417,3371
blend,45,0,0.3,volinv,5,-0.1989509948880417,-0.22339317720491395,,-0.3530237335407125,0.4625,19.808524408936083,0.04079006569619104,3371
blend,45,0,0.3,volinv,10,-0.14269633478678878,-0.15876460986990623,,-0.33795356296379875,0.3875,12.641618420179254,0.026056007457211743,3371
blend,45,0,0.3,volinv,21,-0.16203118578317469,-0.18575410762516012,,-0.33906220918962504,0.4125,7.38130028253546,0.015176875538946753,3371
blend,45,2,0.1,equal,5,0.17849239323088278,0.20897706058428062,,-0.25995959897696574,0.45,20.463008009492732,0.0434566240344146,3371
blend,45,2,0.1,equal,10,-0.054292346700712826,-0.059537616234385554,,-0.2881405418909905,0.45,13.406110946306733,0.02838742029046395,3371
blend,45,2,0.1,equal,21,0.46498923763397854,0.5354847428335083,,-0.20622228865013315,0.4375,7.983862355384161,0.016744431620118825,3371
blend,45,2,0.1,volinv,5,-0.003822332694845537,-0.00427069792545209,,-0.3229111360626633,0.4375,25.645280498183816,0.054283691284671386,3371
blend,45,2,0.1,volinv,10,-0.03790127370097268,-0.0419132835899911,,-0.262986224329248,0.4625,15.73268504096469,0.03318176991868824,3371
blend,45,2,0.1,volinv,21,0.3691926209662866,0.4220564022644781,,-0.1996276958909705,0.4375,8.81094840787271,0.01842480781177149,3371
blend,45,2,0.2,equal,5,-0.14274910352136844,-0.15830828518077686,,-0.31220818471226264,0.475,17.30600577114965,0.03602629738944393,3371
blend,45,2,0.2,equal,10,-0.21071152507113236,-0.23106115256370158,,-0.3539623683750732,0.475,11.472290391305522,0.023863951944165133,3371
blend,45,2,0.2,equal,21,0.14863024218833334,0.17252545846195724,,-0.2453748529689681,0.4375,7.443208111971091,0.015404957651646905,3371
blend,45,2,0.2,volinv,5,-0.253419107729197,-0.2789650434409613,,-0.33306700658552846,0.4375,22.958853864811406,0.04764687322002227,3371
blend,45,2,0.2,volinv,10,-0.1946759177124817,-0.21462478363960028,,-0.33752049446625254,0.4375,14.046065835001945,0.029095540779667736,3371
blend,45,2,0.2,volinv,21,-0.04134358028779238,-0.04703082114541798,,-0.2924453252386341,0.4375,8.42601199167297,0.017401014561399274,3371
blend,45,2,0.3,equal,5,-0.09333602297679623,-0.10541548148252702,,-0.3338787916535426,0.45,13.46358512445727,0.027860535730559646,3371
blend,45,2,0.3,equal,10,-0.12902338633610771,-0.14479782228873128,,-0.28924357102855125,0.4125,9.399762681696826,0.019382428464267618,3371
blend,45,2,0.3,equal,21,-0.07285517091131226,-0.08352443377555029,,-0.304548558492891,0.375,6.129931770987836,0.012632142599640395,3371
blend,45,2,0.3,volinv,5,-0.22819485396122777,-0.25432374611326747,,-0.36425910505156467,0.4375,19.508191123495564,0.040208128337289636,3371
blend,45,2,0.3,volinv,10,-0.2050582746997162,-0.22968975227469562,,-0.3437793095989463,0.4125,12.408344941309231,0.025521901158428326,3371
blend,45,2,0.3,volinv,21,-0.20230689383456454,-0.22907460421393477,,-0.3134455150312364,0.3875,7.358511987172281,0.015128798919341362,3371
blend,60,0,0.1,equal,5,0.05840871726685583,0.06621408561491479,,-0.27174717121273806,0.4375,17.633699199050728,0.03726233338692282,3371
blend,60,0,0.1,equal,10,0.20832562407825664,0.2357708810809273,,-0.25116646092713635,0.4375,11.681044200533968,0.024537112426752973,3371
blend,60,0,0.1,equal,21,0.5738322040595318,0.6460977827701997,,-0.2139559778196215,0.4625,6.653218629486799,0.013976274858465202,3371
blend,60,0,0.1,volinv,5,-0.047287910840459954,-0.05229076439680457,,-0.2513691077529726,0.425,22.425589895316044,0.047210161677470185,3371
blend,60,0,0.1,volinv,10,0.200875853312722,0.22220797870177758,,-0.22502309594549852,0.425,13.85850350504974,0.02899736834891221,3371
blend,60,0,0.1,volinv,21,0.49661486389481985,0.5542035680710508,,-0.1968270821757535,0.4375,7.687039194592494,0.016101804591594337,3371
blend,60,0,0.2,equal,5,0.14969302111222496,0.16272402159894286,,-0.2184152319980628,0.475,14.038963350502954,0.029180556122398824,3371
blend,60,0,0.2,equal,10,-0.09521082791806645,-0.10061997895164128,,-0.26480627021916714,0.4,9.924716161915805,0.020593925690690067,3371
blend,60,0,0.2,equal,21,0.21568607199414588,0.23696113740892158,,-0.20128826896351404,0.45,6.260413688951216,0.012952070923487519,3371
blend,60,0,0.2,volinv,5,0.041672925963519236,0.044503104733949604,,-0.22913135483548774,0.4375,19.85796769335611,0.04115463969436249,3371
blend,60,0,0.2,volinv,10,-0.03378785146894415,-0.0354620999218115,,-0.24236200263005814,0.375,12.718268035784575,0.026304769884185206,3371
blend,60,0,0.2,volinv,21,0.04916895013950849,0.05318468553664402,,-0.26551384463524497,0.4,7.454707253235412,0.015394264899339361,3371
blend,60,0,0.3,equal,5,-0.013191567274705572,-0.014413364559825774,,-0.25720060344553775,0.4125,11.54606402200588,0.023875249172103208,3371
blend,60,0,0.3,equal,10,-0.023843169343350602,-0.025843865963133865,,-0.3144010800788113,0.4375,8.131220840861896,0.01677174426356786,3371
blend,60,0,0.3,equal,21,0.22594993451032996,0.2487784506216566,,-0.19242365631247527,0.4125,5.0385048946900035,0.010387070561733873,3371
blend,60,0,0.3,volinv,5,-0.06438051193076037,-0.06972345404122597,,-0.2614790295879307,0.4,17.48739518745865,0.036024248593311756,3371
blend,60,0,0.3,volinv,10,-0.05333497766811461,-0.057902796043109245,,-0.3169897907244601,0.4,11.040978599425273,0.022692400582507242,3371
blend,60,0,0.3,volinv,21,0.10032606160791424,0.10837748000869309,,-0.24802466805849532,0.4125,6.1990454737504015,0.012749349372956421,3371
blend,60,2,0.1,equal,5,0.33357112855237603,0.37379197274354914,,-0.2516212532561981,0.45,17.692079501631564,0.0372816105636416,3371
blend,60,2,0.1,equal,10,0.16281746697173,0.1702641719367278,,-0.18972319230453227,0.425,10.85944823494512,0.022827595838821258,3371
blend,60,2,0.1,equal,21,0.3673392583023096,0.40615486418589164,,-0.23848526477298548,0.45,6.688104420053397,0.01403039801166896,3371
blend,60,2,0.1,volinv,5,0.23697498166577063,0.2618742696789711,,-0.25902701190806676,0.45,22.496163318624163,0.04734256060545643,3371
blend,60,2,0.1,volinv,10,0.16372723557160132,0.1678894659940944,,-0.2414589612489948,0.425,13.08642241243916,0.0273962276198291,3371
blend,60,2,0.1,volinv,21,0.24164962381077404,0.26446125733161363,,-0.25884005134668897,0.4125,7.567056598846402,0.01583826924102285,3371
blend,60,2,0.2,equal,5,-0.15636105262903519,-0.16678202306607567,,-0.283267814905262,0.425,13.619988673444624,0.028377197789776376,3371
blend,60,2,0.2,equal,10,-0.23301800012951362,-0.23869825536017708,,-0.303331820798194,0.4375,9.269350880504842,0.019280305106136427,3371
blend,60,2,0.2,equal,21,0.1815363378987076,0.19626727803361366,,-0.18459702139244027,0.4375,6.284425986354197,0.012991862601272136,3371
blend,60,2,0.2,volinv,5,-0.24620471049882198,-0.26076532688375786,,-0.33694423122819084,0.425,19.22986794233847,0.03994526741299906,3371
blend,60,2,0.2,volinv,10,-0.2111857731716268,-0.2161988212599591,,-0.2672587050255544,0.3875,11.920167091053973,0.024708640419109064,3371
blend,60,2,0.2,volinv,21,0.05226908930140689,0.05545904868154566,,-0.2163180907001785,0.4125,7.24145210227023,0.014946902307882821,3371
blend,60,2,0.3,equal,5,-0.1636791240569451,-0.17384126247346243,,-0.33426887026133767,0.4375,11.611897959475044,0.024055356494551566,3371
blend,60,2,0.3,equal,10,-0.3118962512358679,-0.32455043914761617,,-0.3448224629526597,0.425,7.738405430401172,0.016019263090410327,3371
blend,60,2,0.3,equal,21,0.02317196038122491,0.025194020900512724,,-0.25932094020931806,0.4,5.265262533372887,0.010847641949672821,3371
blend,60,2,0.3,volinv,5,-0.20894288709690406,-0.22081377504817173,,-0.3482670839477837,0.4,17.526025577244962,0.03613425708255877,3371
blend,60,2,0.3,volinv,10,-0.2624442255326844,-0.27181677066427495,,-0.30213730570177333,0.3875,10.550913036529534,0.02174139975917829,3371
blend,60,2,0.3,volinv,21,-0.16310985266230857,-0.17513609577973765,,-0.296188660946875,0.3375,6.349171912994625,0.013050175020450965,3371
blend,90,0,0.1,equal,5,-0.16600421534692458,-0.16206121718839134,,-0.2749699228416307,0.375,14.067517057253044,0.0296959583308408,3371
blend,90,0,0.1,equal,10,-0.11198783404794596,-0.10716737350092768,,-0.2564714709015796,0.3625,8.6018392168496,0.01802978545933022,3371
blend,90,0,0.1,equal,21,0.08908133545262034,0.09026824795629747,,-0.2585630289816957,0.3625,4.968733313556808,0.01049391914674792,3371
blend,90,0,0.1,volinv,5,-0.32666485477462126,-0.3150569811609346,,-0.3523807407200634,0.35,18.864239091721288,0.039759380425323634,3371
blend,90,0,0.1,volinv,10,-0.21289322398000687,-0.20385699146275688,,-0.25447449823731594,0.3625,10.979726196092392,0.02295450210279837,3371
blend,90,0,0.1,volinv,21,0.04511384357629191,0.046208767468186064,,-0.2628265817122759,0.3375,5.991822171595973,0.012613472428275554,3371
blend,90,0,0.2,equal,5,0.20073787906827467,0.2142290753072293,,-0.2076075575776436,0.375,9.884393624767402,0.02053213095898189,3371
blend,90,0,0.2,equal,10,-0.008329005473752442,-0.00851385105162479,,-0.2459624689326495,0.3625,6.794735848547775,0.014033700305437088,3371
blend,90,0,0.2,equal,21,0.15304015636173582,0.1548869334711239,,-0.20952449417789765,0.3375,4.3355033575146305,0.0089782459543776,3371
blend,90,0,0.2,volinv,5,0.04080911816322113,0.04167732844945864,,-0.2227644867641514,0.375,15.012710092088218,0.031064300343110175,3371
blend,90,0,0.2,volinv,10,-0.023823573711671427,-0.023860361292012272,,-0.2372127264994497,0.325,9.504433497846906,0.019591256831925145,3371
blend,90,0,0.2,volinv,21,0.08635129679450615,0.08868824074094356,,-0.25471155688074976,0.3625,5.460751088003914,0.011289057793213417,3371
blend,90,0,0.3,equal,5,-0.009245577116856191,-0.009485037908734199,,-0.24156004740243542,0.325,8.119923791635799,0.01674679368429353,3371
blend,90,0,0.3,equal,10,-0.18104909011881373,-0.18186040858448707,,-0.28781257409360184,0.3,5.897510854615572,0.012125408353907562,3371
blend,90,0,0.3,equal,21,0.22191155478502053,0.23056899050595803,,-0.2394828046180938,0.3125,3.695203029298341,0.007611597237876093,3371
blend,90,0,0.3,volinv,5,-0.0935166258839996,-0.0936512551875146,,-0.24000554635345162,0.35,13.478808299142742,0.02770137840851342,3371
blend,90,0,0.3,volinv,10,-0.15620989245560668,-0.15524605366037522,,-0.2941648545150657,0.3125,8.59498105060026,0.017627144519482475,3371
blend,90,0,0.3,volinv,21,0.03631528397489917,0.036717894149939416,,-0.22331957576635453,0.3375,4.688702257751543,0.009638936034520611,3371
blend,90,2,0.1,equal,5,0.001966971584726221,0.002095989573803535,,-0.23103570957713393,0.3875,12.363808958765945,0.026115769045617014,3371
blend,90,2,0.1,equal,10,0.18107304765293536,0.1816441407888646,,-0.24217582701089935,0.4125,7.854286561851083,0.016463164621047854,3371
blend,90,2,0.1,equal,21,0.05636683695220296,0.054807501542428784,,-0.23015705207208803,0.325,4.884010679323643,0.010268029690429198,3371
blend,90,2,0.1,volinv,5,-0.08825333828408727,-0.09223644287233382,,-0.2504460744183088,0.3875,16.965834490384538,0.03576234219862237,3371
blend,90,2,0.1,volinv,10,0.2881992608773425,0.2886703896171393,,-0.20041781978082374,0.3875,10.232906484781196,0.021395919920270304,3371
blend,90,2,0.1,volinv,21,0.06944803867861113,0.06854946470444459,,-0.25853342971856286,0.3125,5.857700440703758,0.012290084381814781,3371
blend,90,2,0.2,equal,5,0.07538875491014183,0.07820059651014684,,-0.25079891967247825,0.3875,10.56219627302392,0.021994668164004062,3371
blend,90,2,0.2,equal,10,0.21417740050139067,0.21499171853018276,,-0.30022212027572137,0.375,6.693994228850355,0.013821896950490305,3371
blend,90,2,0.2,equal,21,0.326127275064643,0.33702883720726295,,-0.24996513928806408,0.3625,4.044939456864702,0.008384115757426917,3371
blend,90,2,0.2,volinv,5,-0.06320935955537169,-0.0641506728198443,,-0.24712536943364938,0.3375,15.59750665809612,0.03234727336836113,3371
blend,90,2,0.2,volinv,10,0.2077846577215898,0.2088068292828735,,-0.29813908338933803,0.3625,9.36715959833382,0.019302482063517205,3371
blend,90,2,0.2,volinv,21,0.3309179961913781,0.3389506464182607,,-0.2821438639761986,0.35,5.127238646598074,0.010595289936567295,3371
blend,90,2,0.3,equal,5,0.16506963028545968,0.17229398512624713,,-0.2368574660899142,0.4,7.889047665127376,0.01628896844287289,3371
blend,90,2,0.3,equal,10,0.14237598923871356,0.1456334640243357,,-0.28938264326348495,0.35,5.574104385153646,0.011452266372246656,3371
blend,90,2,0.3,equal,21,0.22384381820354488,0.22989391314198052,,-0.2101487702259821,0.3,3.878552358350638,0.007981045488708713,3371
blend,90,2,0.3,volinv,5,0.012237890226421692,0.012312832343676906,,-0.24545600225580977,0.35,13.190292068939025,0.027127139989667745,3371
blend,90,2,0.3,volinv,10,0.13677073879670218,0.13678252650602207,,-0.2944337008380987,0.3625,8.148071764559225,0.01669956171351818,3371
blend,90,2,0.3,volinv,21,0.10719451005628505,0.1091618882703803,,-0.2495566013037639,0.3125,4.973260764862495,0.010214915507896494,3371
PLACEBO,0,0,0.3,equal,5,0.36214345099992334,0.48500549616873534,,-0.42037692233457036,0.575,46.19671529894016,0.09269590909090908,3371
PLACEBO,0,0,0.3,equal,5,-0.11520131225380453,-0.15018436520691683,,-0.45993799542264024,0.475,45.309053153906305,0.09091477272727272,3371
PLACEBO,0,0,0.3,equal,5,-0.14921416628905115,-0.2062869624058041,,-0.4103533982538733,0.475,45.58813947843909,0.09147477272727272,3371
PLACEBO,0,0,0.3,equal,5,0.03777501539571097,0.050929810368432096,,-0.3774673751836797,0.475,46.20781532321134,0.09271818181818181,3371
PLACEBO,0,0,0.3,equal,5,-0.7579517933293499,-0.9925294071822035,,-0.7045121501161795,0.375,46.096928346053225,0.09249568181818182,3371
PLACEBO,0,0,0.3,equal,5,-0.5523271488087944,-0.7057117116174175,,-0.616201023550141,0.4375,46.43876378738438,0.0931815909090909,3371
PLACEBO,0,0,0.3,equal,5,0.2843639381980265,0.38584927492274823,,-0.30256036455276836,0.4875,45.9292953264475,0.09215931818181816,3371
PLACEBO,0,0,0.3,equal,5,-0.005352596611650518,-0.0067843921644565345,,-0.4476597806155248,0.475,44.952606456136564,0.09019954545454545,3371
PLACEBO,0,0,0.3,equal,5,0.12334437244142059,0.1608408191355199,,-0.41410437718104387,0.5,44.910018607912406,0.0901140909090909,3371
PLACEBO,0,0,0.3,equal,5,-0.5683161213716948,-0.7510450712010706,,-0.6407340833449837,0.4375,45.61520994579434,0.09152909090909091,3371
PLACEBO,0,0,0.3,equal,5,-0.20006203246380846,-0.2642356057882957,,-0.4748503180543553,0.4875,45.745805129311506,0.09179113636363637,3371
PLACEBO,0,0,0.3,equal,5,0.3174868951270757,0.3989349377560274,,-0.22940927678548195,0.5375,46.332407432377764,0.09296818181818181,3371
PLACEBO,0,0,0.3,equal,5,0.16409449843737087,0.2109224213142857,,-0.2830767672654021,0.575,45.78001132655538,0.09185977272727272,3371
PLACEBO,0,0,0.3,equal,5,-0.5305209616953035,-0.6858848471354121,,-0.5706649878698951,0.4625,45.949343329467915,0.09219954545454545,3371
PLACEBO,0,0,0.3,equal,5,-0.09540583877089841,-0.12414709945235292,,-0.4269979812993503,0.5125,45.83154715352876,0.0919631818181818,3371
PLACEBO,0,0,0.3,equal,5,0.3358266642708717,0.4477172388561083,,-0.29636353581019037,0.525,45.076972034195414,0.0904490909090909,3371
PLACEBO,0,0,0.3,equal,5,-0.02986161157310868,-0.039418726921139964,,-0.3559140953803669,0.5,45.90754834012027,0.0921156818181818,3371
PLACEBO,0,0,0.3,equal,5,0.06244327652982333,0.08172634429968059,,-0.43331644247445966,0.5125,44.9925891966236,0.09027977272727272,3371
PLACEBO,0,0,0.3,equal,5,-0.4963723830040418,-0.6353851864437374,,-0.5770735191537363,0.425,44.621531242415244,0.08953522727272725,3371
PLACEBO,0,0,0.3,equal,5,0.2866276058428824,0.3901096402050855,,-0.24830231188742957,0.55,46.0393894447291,0.09238022727272727,3371
PLACEBO,0,0,0.3,equal,5,0.1376520043239238,0.18555787584506508,,-0.28565525749573495,0.475,46.09794773603731,0.09249772727272726,3371
PLACEBO,0,0,0.3,equal,5,0.08275995313320249,0.10964239371891141,,-0.41400400774237545,0.4875,46.751489981392076,0.0938090909090909,3371
PLACEBO,0,0,0.3,equal,5,-0.10546778761841477,-0.13903164725443926,,-0.4704288188836687,0.4625,45.90381057684528,0.09210818181818181,3371
PLACEBO,0,0,0.3,equal,5,0.15333481629575307,0.20067971029630738,,-0.3823573869487257,0.5375,45.981624012297395,0.09226431818181818,3371
