signal,lookback_d,skip_d,top_frac,weighting,rebal_d,sharpe,sortino,mc_p5,max_dd,months_in_profit,ann_turnover,cost_drag,n_obs
raw,5,0,0.1,equal,5,-0.1529790908984374,-0.2016623041934452,,-0.3727311403586834,0.4875,174.20809986523867,0.12183333333333332,42297
raw,5,0,0.1,equal,10,-0.12357842759482691,-0.1644473813611397,,-0.3438253510253676,0.4875,88.0334775515994,0.061566666666666665,42297
raw,5,0,0.1,equal,21,0.16544161848086428,0.2173868426180517,,-0.35826114008811616,0.4875,39.41726363571884,0.027566666666666663,42297
raw,5,0,0.1,volinv,5,-0.1354427749414895,-0.1766739339909291,,-0.3560664076205077,0.5,178.56743266610664,0.12488205521624193,42297
raw,5,0,0.1,volinv,10,-0.09511421499868268,-0.12636066777336422,,-0.3301216914230437,0.4625,90.95444765032333,0.06360946217370578,42297
raw,5,0,0.1,volinv,21,0.11295446953344165,0.1480583852604212,,-0.38639857699036706,0.475,40.4610690658088,0.02829665737891062,42297
raw,5,0,0.2,equal,5,-0.10453677983400819,-0.13920482918603125,,-0.375814486964135,0.5,152.55481949074402,0.10669000000000001,42297
raw,5,0,0.2,equal,10,-0.15679148679955796,-0.20739472208668336,,-0.36369010045295447,0.4375,77.67155117384213,0.05432,42297
raw,5,0,0.2,equal,21,0.3717374225543806,0.4899650199456393,,-0.21776561369938552,0.5125,34.26966451521384,0.023966666666666664,42297
raw,5,0,0.2,volinv,5,-0.09404146515819435,-0.12482519561073803,,-0.39055637830787127,0.4875,161.3160294511196,0.1128171973825067,42297
raw,5,0,0.2,volinv,10,-0.23045312023975129,-0.3007064135665686,,-0.39980868634458655,0.4125,82.45581152597353,0.05766589715797127,42297
raw,5,0,0.2,volinv,21,0.42989500920742024,0.5624811243960578,,-0.19922372092549556,0.5125,36.523386928784426,0.02554281906294303,42297
raw,5,0,0.3,equal,5,-0.13083153927632152,-0.1737785307905304,,-0.40915591560858233,0.4875,137.9280800056742,0.09646071428571429,42297
raw,5,0,0.3,equal,10,-0.07431939782507141,-0.09868938922679417,,-0.3165472493983609,0.4375,71.30037591318533,0.049864285714285715,42297
raw,5,0,0.3,equal,21,0.4228600028732084,0.5573461020834878,,-0.20207352443025772,0.525,30.094049223349174,0.02104642857142857,42297
raw,5,0,0.3,volinv,5,-0.08145599329527017,-0.108236027852891,,-0.40579347941030597,0.475,148.75777236068558,0.10403451550165206,42297
raw,5,0,0.3,volinv,10,-0.09324260935126255,-0.1225515097094833,,-0.3232581476828753,0.4375,77.13394359142443,0.05394402136386374,42297
raw,5,0,0.3,volinv,21,0.4965006522734286,0.6521144933789114,,-0.1854068691713665,0.5625,32.867366453871945,0.02298596228338991,42297
raw,5,2,0.1,equal,5,-0.40896190981520814,-0.5409482282156041,,-0.518851838555606,0.425,174.16043691041915,0.12179999999999998,42297
raw,5,2,0.1,equal,10,-0.19144428292456583,-0.25391126209103876,,-0.39716629849209206,0.5,86.26994822327826,0.06033333333333333,42297
raw,5,2,0.1,equal,21,-0.13418522449954196,-0.18009367509161114,,-0.29892042884070935,0.4375,41.27611887367898,0.02886666666666667,42297
raw,5,2,0.1,volinv,5,-0.3922184427865916,-0.510733546657933,,-0.5084150670857488,0.4375,178.44021457711767,0.12479308458942373,42297
raw,5,2,0.1,volinv,10,-0.1691220467571689,-0.22334303047170556,,-0.36192490947174427,0.525,89.21392567622294,0.062392219152235466,42297
raw,5,2,0.1,volinv,21,-0.20694239024523828,-0.2759224384991503,,-0.33601164644091985,0.4375,42.2325880377927,0.02953557831075591,42297
raw,5,2,0.2,equal,5,-0.1814395915742422,-0.24408037494851992,,-0.3695863655263917,0.4625,153.68443151996595,0.10748000000000002,42297
raw,5,2,0.2,equal,10,0.06693992671027084,0.08976668254730738,,-0.23803704639495626,0.525,76.00334775515994,0.05315333333333333,42297
raw,5,2,0.2,equal,21,0.35354531456765376,0.47651668728831464,,-0.27362018893864637,0.525,36.19524788992126,0.025313333333333334,42297
raw,5,2,0.2,volinv,5,-0.22708496474851164,-0.3026296624407204,,-0.3882964825851557,0.4875,162.79365801709852,0.1138505845428111,42297
raw,5,2,0.2,volinv,10,0.0035650093374430644,0.004771513873661198,,-0.24597235191078282,0.5125,81.11475712383566,0.05672802384369837,42297
raw,5,2,0.2,volinv,21,0.3789584345421208,0.5080527868237327,,-0.27728517796008945,0.5625,38.1942804366501,0.026711367057357622,42297
raw,5,2,0.3,equal,5,-0.14847169331555046,-0.19953865613805088,,-0.37229328598515643,0.5,139.27115398255194,0.0974,42297
raw,5,2,0.3,equal,10,-0.16340744978536512,-0.21818790521190776,,-0.34304793270251754,0.5125,69.80920632668983,0.04882142857142857,42297
raw,5,2,0.3,equal,21,0.15756301141949802,0.21195294763328135,,-0.30158265296483633,0.5,32.581034115894745,0.022785714285714284,42297
raw,5,2,0.3,volinv,5,-0.1908054807732129,-0.254319430685509,,-0.3637350435401312,0.4875,150.07044230749545,0.10495253800066362,42297
raw,5,2,0.3,volinv,10,-0.27213051492240814,-0.3605666511570698,,-0.38778813200244966,0.5,75.67286753608988,0.05292221028726841,42297
raw,5,2,0.3,volinv,21,0.13383303581436548,0.17948703469585475,,-0.3116776912660918,0.5375,34.95862216432397,0.024448492752718435,42297
raw,10,0,0.1,equal,5,-0.15586124846069055,-0.20769947310387588,,-0.42270952375812676,0.475,136.84034328675793,0.0957,42297
raw,10,0,0.1,equal,10,0.06757652139249481,0.09141436146545728,,-0.30899516763986923,0.5125,87.22320731966805,0.061,42297
raw,10,0,0.1,equal,21,-0.3972748756831716,-0.5213705966981935,,-0.5311153850974168,0.475,41.37144478331796,0.02893333333333333,42297
raw,10,0,0.1,volinv,5,-0.18288496582781566,-0.24064101122276654,,-0.4552409878654342,0.475,145.6593333619878,0.10186760620390208,42297
raw,10,0,0.1,volinv,10,0.06737943006897541,0.09060934204991268,,-0.25811475903537684,0.4625,89.67441615569956,0.06271426554460358,42297
raw,10,0,0.1,volinv,21,-0.3309588519817866,-0.432297954739574,,-0.5004153813468084,0.4875,42.38289868690559,0.029640698838625093,42297
raw,10,0,0.2,equal,5,-0.1789102646892452,-0.23849006364172412,,-0.35628462989611964,0.4625,109.73918717639548,0.07674666666666667,42297
raw,10,0,0.2,equal,10,-0.2194874228630208,-0.2946456960395811,,-0.42398472220485306,0.5,77.72398042414356,0.05435666666666667,42297
raw,10,0,0.2,equal,21,-0.212698913278614,-0.28179211919990205,,-0.4046501425441976,0.5125,35.871139797148736,0.02508666666666667,42297
raw,10,0,0.2,volinv,5,-0.23605182622621268,-0.3101317815305857,,-0.4074418618092811,0.4375,124.70024933803806,0.08720976266949398,42297
raw,10,0,0.2,volinv,10,-0.2739905146254354,-0.3643468755399911,,-0.4349425174391158,0.5125,82.43067386834825,0.05764831700743264,42297
raw,10,0,0.2,volinv,21,-0.10900369000053765,-0.1444034835888987,,-0.33778779486080823,0.525,37.92045141438481,0.026519863318026356,42297
raw,10,0,0.3,equal,5,-0.17770628937788543,-0.23666393393619925,,-0.3458656784356403,0.475,98.97893467621817,0.06922142857142857,42297
raw,10,0,0.3,equal,10,-0.23158464909328635,-0.30834976618833854,,-0.38635469944297496,0.5125,69.6900489396411,0.04873809523809524,42297
raw,10,0,0.3,equal,21,-0.3419338101564304,-0.45004442827100866,,-0.47348477977275427,0.5375,33.275551457550186,0.02327142857142857,42297
raw,10,0,0.3,volinv,5,-0.22067832645109098,-0.29065767297445994,,-0.41518003774435897,0.4625,115.43437463612378,0.08072962539656295,42297
raw,10,0,0.3,volinv,10,-0.30155230887350454,-0.3986304695940421,,-0.40636394989020475,0.4875,75.427155957517,0.052750370627233735,42297
raw,10,0,0.3,volinv,21,-0.26938354077843685,-0.35452680142620463,,-0.4318327862822128,0.5,35.65912496177052,0.024938392997817586,42297
raw,10,2,0.1,equal,5,-0.2581478941666157,-0.34443618431909884,,-0.42529755281275006,0.45,139.17582807291296,0.09733333333333333,42297
raw,10,2,0.1,equal,10,-0.08759606652087736,-0.11694120486115783,,-0.3243667755281604,0.5,86.46060004255621,0.06046666666666666,42297
raw,10,2,0.1,equal,21,-0.4229775035510066,-0.55531825493814,,-0.448606828020756,0.475,41.228455918859495,0.02883333333333333,42297
raw,10,2,0.1,volinv,5,-0.24094674074680633,-0.31762183472007743,,-0.44720251505225284,0.45,147.67215051548345,0.10327528026377981,42297
raw,10,2,0.1,volinv,10,-0.0015894102599844822,-0.002119177078636597,,-0.32377956574292055,0.5,88.6914557391854,0.06202682710648685,42297
raw,10,2,0.1,volinv,21,-0.45611000686235514,-0.598760028799468,,-0.46707330002074876,0.4625,42.410562317171944,0.029660045541161074,42297
raw,10,2,0.2,equal,5,-0.2388404485063503,-0.3196730531489935,,-0.3997831772729782,0.4625,111.51224909568054,0.07798666666666668,42297
raw,10,2,0.2,equal,10,-0.05629328271393136,-0.07526154797979288,,-0.27802226369910377,0.475,75.02149088587844,0.05246666666666667,42297
raw,10,2,0.2,equal,21,-0.4803942410022825,-0.6328514360299612,,-0.5020671709048171,0.5125,36.50029080076601,0.025526666666666666,42297
raw,10,2,0.2,volinv,5,-0.3612252016038552,-0.4776048827915548,,-0.4799711472814664,0.4875,126.29978594710336,0.08832840684862155,42297
raw,10,2,0.2,volinv,10,-0.002406209098575381,-0.003210730807022677,,-0.2733706905574732,0.4875,80.10239056373437,0.05602002006736562,42297
raw,10,2,0.2,volinv,21,-0.40403146663233874,-0.5327624838652779,,-0.461316399999288,0.5125,38.51453109953609,0.026935336010533696,42297
raw,10,2,0.3,equal,5,-0.2450957481014609,-0.3304139118759887,,-0.409639918561036,0.45,98.95850769558125,0.06920714285714286,42297
raw,10,2,0.3,equal,10,-0.08105369716210298,-0.10912944708979716,,-0.2571848602945076,0.45,68.05248599191432,0.04759285714285714,42297
raw,10,2,0.3,equal,21,-0.42122161138553743,-0.5578418231869228,,-0.45121287938948185,0.5125,33.09681537697709,0.023146428571428568,42297
raw,10,2,0.3,volinv,5,-0.3407691034828511,-0.4549232985055297,,-0.4523861579561058,0.45,115.07069384607067,0.08047528335990825,42297
raw,10,2,0.3,volinv,10,-0.10858330643399192,-0.1452590847643661,,-0.26050800054605316,0.4,74.4548073977229,0.05207035364585789,42297
raw,10,2,0.3,volinv,21,-0.35504169024075066,-0.46978133148212525,,-0.42052929210855794,0.5625,35.5391107995426,0.02485446047434281,42297
raw,20,0,0.1,equal,5,-0.39434665148856307,-0.5158111280708338,,-0.5360069838452459,0.425,99.04362011490177,0.06926666666666667,42297
raw,20,0,0.1,equal,10,-0.23739448229923557,-0.3137024488167979,,-0.4483459698729001,0.4625,65.63188878643874,0.045899999999999996,42297
raw,20,0,0.1,equal,21,-0.19697041945643676,-0.25907471858564635,,-0.41657560472394894,0.475,40.704163415845095,0.028466666666666664,42297
raw,20,0,0.1,volinv,5,-0.3615629553075276,-0.46725346135067886,,-0.5201216276090352,0.425,110.96161189177138,0.07760157569752403,42297
raw,20,0,0.1,volinv,10,-0.1676602419832021,-0.22000918123904253,,-0.41296312102924937,0.475,70.28430278428728,0.049153689729943766,42297
raw,20,0,0.1,volinv,21,-0.22654832800367533,-0.29854586248549186,,-0.43822281951779773,0.4375,41.770275350555345,0.029212257547990065,42297
raw,20,0,0.2,equal,5,-0.3715957400379264,-0.48680466022074975,,-0.5178667573554836,0.425,78.94891836300445,0.055213333333333336,42297
raw,20,0,0.2,equal,10,-0.2628654355615955,-0.3462811866633687,,-0.4310706165751931,0.425,54.955386906872825,0.03843333333333333,42297
raw,20,0,0.2,equal,21,0.007133331860562633,0.00934498475771727,,-0.29890009582696997,0.475,34.965543655578415,0.024453333333333334,42297
raw,20,0,0.2,volinv,5,-0.49923429917557294,-0.6491932587175301,,-0.5539528402147781,0.4125,97.44426338379388,0.06814814828611657,42297
raw,20,0,0.2,volinv,10,-0.2453643412410038,-0.32201645076969304,,-0.4187813757765162,0.4125,62.476607488486,0.04369333774703195,42297
raw,20,0,0.2,volinv,21,0.07108453642186847,0.09344846271623237,,-0.2567997365574268,0.5,37.131195955258725,0.025967893441130586,42297
raw,20,0,0.3,equal,5,-0.3959661028179447,-0.5212472319748734,,-0.5095610494593042,0.4375,71.12163983261225,0.049739285714285715,42297
raw,20,0,0.3,equal,10,-0.13891970632500864,-0.18399260464283734,,-0.37054621870538784,0.4875,47.88594935811051,0.03348928571428571,42297
raw,20,0,0.3,equal,21,-0.10683930891033329,-0.1405565768278231,,-0.3458462210548334,0.475,32.499326193347045,0.022728571428571428,42297
raw,20,0,0.3,volinv,5,-0.506035422635737,-0.6626765093303119,,-0.5484420079683501,0.4125,90.94414249075459,0.06360225520719985,42297
raw,20,0,0.3,volinv,10,-0.17530446082816423,-0.2313639866481832,,-0.3964602911166403,0.4375,56.43507520749888,0.039468160979688825,42297
raw,20,0,0.3,volinv,21,-0.0356894968074383,-0.04712746277670148,,-0.3058816594037702,0.4875,34.961885202041756,0.024450774774979502,42297
raw,20,2,0.1,equal,5,-0.46795081297751934,-0.6142057629382792,,-0.5464260546248864,0.4375,104.28654514504574,0.07293333333333334,42297
raw,20,2,0.1,equal,10,-0.26624488081973435,-0.3550779380302119,,-0.5123107895257933,0.4375,66.77579970210653,0.0467,42297
raw,20,2,0.1,equal,21,0.02583394696824046,0.03403464679420146,,-0.3482597633525516,0.4625,40.03688204837223,0.027999999999999997,42297
raw,20,2,0.1,volinv,5,-0.3802649851367932,-0.49674923785897246,,-0.5029428245085239,0.475,116.21787120623102,0.08127756776471484,42297
raw,20,2,0.1,volinv,10,-0.2137969339061954,-0.28249088959062213,,-0.497263168989198,0.4375,71.40834484761628,0.04993979434556258,42297
raw,20,2,0.1,volinv,21,0.08187286472634514,0.10789145774390484,,-0.32923501911085684,0.4875,41.01155825365186,0.02868164483225385,42297
raw,20,2,0.2,equal,5,-0.5695487724263888,-0.7488492247218531,,-0.6088364805319657,0.425,80.56945882686716,0.05634666666666667,42297
raw,20,2,0.2,equal,10,-0.15280783717479032,-0.203848753263159,,-0.4419461043083702,0.475,55.05071281651182,0.0385,42297
raw,20,2,0.2,equal,21,-0.1290611467541345,-0.16986594969922567,,-0.4269915886567418,0.5125,35.97599829775161,0.02516,42297
raw,20,2,0.2,volinv,5,-0.5847074929625099,-0.7640119992922516,,-0.601229119202995,0.425,98.37866212290514,0.06880162486462499,42297
raw,20,2,0.2,volinv,10,-0.13691096823618304,-0.1818988234894019,,-0.4547593340038881,0.475,62.806163175481956,0.04392381421682144,42297
raw,20,2,0.2,volinv,21,-0.11222949537658707,-0.146834825222902,,-0.4075013694398213,0.5,37.992547767566236,0.026570284274549417,42297
raw,20,2,0.3,equal,5,-0.5094008587107216,-0.6772433314697441,,-0.5753046993057943,0.4375,70.58543159089297,0.049364285714285715,42297
raw,20,2,0.3,equal,10,-0.2122976115528391,-0.2827827173167452,,-0.4687128167303488,0.4875,48.697921838428265,0.034057142857142855,42297
raw,20,2,0.3,equal,21,-0.11720990831874466,-0.1551499632376415,,-0.4007780056987318,0.5375,32.790410667423224,0.02293214285714286,42297
raw,20,2,0.3,volinv,5,-0.5628150423970733,-0.7445743906423025,,-0.5900240227691036,0.425,89.92113188418925,0.06288680746206271,42297
raw,20,2,0.3,volinv,10,-0.2023697671088059,-0.26871945702044475,,-0.48477285240680235,0.5,56.6070770936616,0.03958845138608804,42297
raw,20,2,0.3,volinv,21,-0.08237246098997027,-0.10838772191169911,,-0.37501404872071364,0.55,35.41605551809161,0.02476840112845107,42297
raw,30,0,0.1,equal,5,-0.018949701176969386,-0.02523325564633093,,-0.3547016256882418,0.45,84.26810412085963,0.05893333333333333,42297
raw,30,0,0.1,equal,10,-0.07588270478914695,-0.09490888709977985,,-0.3725808798362885,0.4625,57.576849421944814,0.040266666666666666,42297
raw,30,0,0.1,equal,21,-0.2740922206919496,-0.3548195092281653,,-0.4648341116812468,0.4375,38.178026810412085,0.026699999999999998,42297
raw,30,0,0.1,volinv,5,-0.03915230815600516,-0.05187293894913268,,-0.35682185570594827,0.4625,97.46536181126902,0.06816290358021239,42297
raw,30,0,0.1,volinv,10,-0.07431387278527418,-0.09356461841617549,,-0.3717958424032678,0.4625,63.18495047888277,0.04418872107151628,42297
raw,30,0,0.1,volinv,21,-0.25677481417082204,-0.3308520714036526,,-0.46979401403372345,0.4375,39.42902883182018,0.02757489471725361,42297
raw,30,0,0.2,equal,5,-0.09112421752369385,-0.11991130880375545,,-0.35098509349977247,0.4375,65.49843251294418,0.04580666666666667,42297
raw,30,0,0.2,equal,10,-0.15987910605731437,-0.20297166661594876,,-0.3824130711878896,0.475,45.50858926164976,0.03182666666666667,42297
raw,30,0,0.2,equal,21,-0.13124073759010577,-0.16902266028736246,,-0.4226770098974477,0.475,30.35176962905171,0.02122666666666667,42297
raw,30,0,0.2,volinv,5,-0.10024524351122775,-0.13058379183901841,,-0.35271820402518594,0.4625,85.0263359833767,0.059463606697898214,42297
raw,30,0,0.2,volinv,10,-0.1344841346558411,-0.1711278849058588,,-0.35983245833834776,0.4625,53.76292195581205,0.03759937681820407,42297
raw,30,0,0.2,volinv,21,-0.09029025274145625,-0.11616872204510069,,-0.4303283961258769,0.4625,33.23781180036816,0.02324503514748962,42297
raw,30,0,0.3,equal,5,0.05061086862278007,0.06685511742550827,,-0.24384292426784304,0.5,57.650046102560474,0.04031785714285714,42297
raw,30,0,0.3,equal,10,-0.08388475532600637,-0.10710291440708943,,-0.3362872684236192,0.525,39.83261224200298,0.02785714285714285,42297
raw,30,0,0.3,equal,21,-0.07372133314828165,-0.0948946163369958,,-0.38961574588347614,0.4875,26.815518831122773,0.01875357142857143,42297
raw,30,0,0.3,volinv,5,0.03967931123777656,0.052140971571279386,,-0.26821478791674225,0.4625,78.99784167505004,0.05524754810399457,42297
raw,30,0,0.3,volinv,10,-0.027655054673833605,-0.03552540240497261,,-0.29314146939694863,0.4875,49.35784453406254,0.03451866319869779,42297
raw,30,0,0.3,volinv,21,0.00937359792807527,0.012093268361150898,,-0.3700044831425934,0.5,29.996485437943647,0.020978196834799973,42297
raw,30,2,0.1,equal,5,-0.07962892052846031,-0.10498174292032082,,-0.38530163888151203,0.45,88.22412937087739,0.0617,42297
raw,30,2,0.1,equal,10,-0.2994909853277013,-0.36941086725783795,,-0.51533462876371,0.4375,56.480601461096526,0.03949999999999999,42297
raw,30,2,0.1,equal,21,-0.2809289462605726,-0.3638718404885163,,-0.509070718037959,0.4125,37.367756578480744,0.02613333333333333,42297
raw,30,2,0.1,volinv,5,-0.029043896013775165,-0.03825642030190867,,-0.3696367862512536,0.425,101.55701254669016,0.07102442062975121,42297
raw,30,2,0.1,volinv,10,-0.29932091169933717,-0.3722694715891491,,-0.5330064518639823,0.45,62.170542750012714,0.043479289793275255,42297
raw,30,2,0.1,volinv,21,-0.22651927817274178,-0.2931544472310415,,-0.492187074617049,0.425,38.806015450318164,0.02713918709494226,42297
raw,30,2,0.2,equal,5,-0.11737767868545383,-0.1542867516103171,,-0.40192184780254137,0.5,65.67001915029435,0.04592666666666668,42297
raw,30,2,0.2,equal,10,-0.3025342793095159,-0.3838280051428814,,-0.4603456264711784,0.45,45.63251294418044,0.031913333333333335,42297
raw,30,2,0.2,equal,21,-0.3253540785302155,-0.4209906500895775,,-0.4966657106680026,0.4375,30.590084403149163,0.021393333333333334,42297
raw,30,2,0.2,volinv,5,-0.16264517827957317,-0.21286553725929627,,-0.41291576725063805,0.475,84.78772940295485,0.05929673595497324,42297
raw,30,2,0.2,volinv,10,-0.2983894030854051,-0.3805324358138597,,-0.4731352935600375,0.45,53.827217903022024,0.03764434252057081,42297
raw,30,2,0.2,volinv,21,-0.2310945115220786,-0.2982172748786335,,-0.4498937818855502,0.4625,33.33616956605859,0.02331382215832639,42297
raw,30,2,0.3,equal,5,-0.12728871699026278,-0.16656269252354017,,-0.4143182549976784,0.5,57.68068657351585,0.04033928571428571,42297
raw,30,2,0.3,equal,10,-0.2165910187226806,-0.2789497714264974,,-0.46377994667084266,0.5,39.75601106461451,0.027803571428571427,42297
raw,30,2,0.3,equal,21,-0.19047518851675405,-0.24648677131617827,,-0.43583952986899743,0.4625,27.780693666217466,0.019428571428571427,42297
raw,30,2,0.3,volinv,5,-0.1614868445082384,-0.2103805403843768,,-0.40553469114891594,0.4875,78.16569397147487,0.054665581314673826,42297
raw,30,2,0.3,volinv,10,-0.2346723882782136,-0.30292860292990215,,-0.4731599887769391,0.4875,49.16490874621053,0.03438373256015983,42297
raw,30,2,0.3,volinv,21,-0.12133028021910135,-0.15687503656326462,,-0.4232519361547813,0.4625,31.051307722685053,0.021715892241177412,42297
raw,45,0,0.1,equal,5,-0.4806711260701928,-0.6216363981094991,,-0.5128075906223091,0.3875,75.2121427051564,0.0526,42297
raw,45,0,0.1,equal,10,-0.15986653483405827,-0.20887610293621423,,-0.3986919143510895,0.4875,48.3778991417831,0.033833333333333326,42297
raw,45,0,0.1,equal,21,0.07630643980909423,0.09871220932642126,,-0.43219061460767405,0.5125,30.21831335555713,0.021133333333333334,42297
raw,45,0,0.1,volinv,5,-0.5006452491307296,-0.6491342615764785,,-0.5279156590481734,0.375,88.85579897702932,0.062141761397675424,42297
raw,45,0,0.1,volinv,10,-0.1887875599860696,-0.24666847708644346,,-0.4145651923420962,0.45,54.87986571266335,0.03838051719656947,42297
raw,45,0,0.1,volinv,21,0.029889000524510767,0.038480324975158055,,-0.4660559508426452,0.5125,32.41313319138687,0.02266829190800414,42297
raw,45,0,0.2,equal,5,-0.45622824194745876,-0.5841757957133097,,-0.5014222969558323,0.4375,55.23183204482587,0.03862666666666667,42297
raw,45,0,0.2,equal,10,-0.22312163408589916,-0.2908299978235003,,-0.3699829419679532,0.4625,38.21615717426768,0.026726666666666666,42297
raw,45,0,0.2,equal,21,0.019551300835752187,0.025026024907498005,,-0.4002835670294035,0.5,24.85146464288248,0.017380000000000003,42297
raw,45,0,0.2,volinv,5,-0.4712784916174424,-0.6036036290841373,,-0.5151151893502138,0.425,75.07201052835194,0.05250199783924771,42297
raw,45,0,0.2,volinv,10,-0.19259408050857926,-0.24960606645234343,,-0.3706111595480951,0.45,47.55700153561791,0.03325923435767246,42297
raw,45,0,0.2,volinv,21,0.018167324231953164,0.023235972932406108,,-0.3999446284968007,0.5,28.379975903849466,0.019847682552994725,42297
raw,45,0,0.3,equal,5,-0.46103298086538747,-0.5914368633707774,,-0.5006380265182753,0.4375,48.457904815944396,0.03388928571428571,42297
raw,45,0,0.3,equal,10,-0.27452551005441894,-0.3566435109377706,,-0.3716965632917347,0.425,32.64742180296475,0.022832142857142856,42297
raw,45,0,0.3,equal,21,-0.012735305522467627,-0.016317355644292753,,-0.40091617444437355,0.5,21.78537484928009,0.015235714285714285,42297
raw,45,0,0.3,volinv,5,-0.4506253855111464,-0.5774245730705471,,-0.497960139537277,0.45,69.97298874852781,0.04893597065305028,42297
raw,45,0,0.3,volinv,10,-0.18456028189880452,-0.23777730156819682,,-0.3379158246740275,0.425,42.62820239232403,0.029812253250465097,42297
raw,45,0,0.3,volinv,21,0.02870587174514099,0.03680897464707932,,-0.3694913748992189,0.475,25.60541986681012,0.01790728247530535,42297
raw,45,2,0.1,equal,5,-0.41751633661480847,-0.5438384287365627,,-0.4858483157807755,0.475,72.87665791900133,0.05096666666666666,42297
raw,45,2,0.1,equal,10,-0.17518948559506062,-0.2292250301750668,,-0.4060533409732663,0.475,48.71153982551953,0.03406666666666666,42297
raw,45,2,0.1,equal,21,0.019172618568706695,0.02459830017228953,,-0.34160686632662585,0.5,30.69494290375204,0.021466666666666665,42297
raw,45,2,0.1,volinv,5,-0.4023520439523464,-0.5242471919260648,,-0.4840047818888995,0.45,86.20610376082202,0.06028868337915822,42297
raw,45,2,0.1,volinv,10,-0.19152674602170686,-0.2501037598638221,,-0.44736507424204575,0.475,54.946860066205815,0.038427370043325186,42297
raw,45,2,0.1,volinv,21,0.013409252083359474,0.017132514611588993,,-0.3492845033254087,0.4875,32.699978489939454,0.022868898647304382,42297
raw,45,2,0.2,equal,5,-0.3586206240161622,-0.45722011496386983,,-0.45784497973539295,0.475,54.0497907653025,0.03779999999999999,42297
raw,45,2,0.2,equal,10,-0.11380791674547636,-0.1473067702741849,,-0.3549114805658893,0.45,37.67279948932549,0.026346666666666668,42297
raw,45,2,0.2,equal,21,-0.17734093546674498,-0.22657114401962625,,-0.47028231597107517,0.475,25.842854103127884,0.018073333333333334,42297
raw,45,2,0.2,volinv,5,-0.3277092995701136,-0.417337393010847,,-0.47020018583946266,0.4625,74.54317942545896,0.052132157079342545,42297
raw,45,2,0.2,volinv,10,-0.09006357708261511,-0.11559934225456575,,-0.36508213139259416,0.45,46.9003639837053,0.032800011498326447,42297
raw,45,2,0.2,volinv,21,-0.2171754186692564,-0.2759018473128198,,-0.4617579346156262,0.475,29.32388943854841,0.020507813352881647,42297
raw,45,2,0.3,equal,5,-0.31865981766672125,-0.40754914158440614,,-0.4546532874486898,0.4375,47.20164550677353,0.03301071428571428,42297
raw,45,2,0.3,equal,10,-0.19118972416965138,-0.24735912105661698,,-0.36043309454365335,0.45,33.08660188665863,0.023139285714285716,42297
raw,45,2,0.3,equal,21,-0.23069924502459732,-0.29631197748145105,,-0.4865914873482664,0.475,22.107099794311655,0.015460714285714284,42297
raw,45,2,0.3,volinv,5,-0.31637249962360037,-0.40382229022943944,,-0.4716320504250291,0.425,69.12984777149447,0.048346315661225214,42297
raw,45,2,0.3,volinv,10,-0.10959992578582409,-0.14066531017960934,,-0.3128995744448939,0.4375,43.28249615141489,0.03026983696621024,42297
raw,45,2,0.3,volinv,21,-0.21228625795361614,-0.27159004017996213,,-0.46454552510907554,0.4875,25.940762518523712,0.0181418060887235,42297
raw,60,0,0.1,equal,5,-0.1812404719149472,-0.23158029549274692,,-0.32878254964845255,0.4875,63.63004468402015,0.0445,42297
raw,60,0,0.1,equal,10,-0.05959908398278756,-0.07677316165194256,,-0.37705356801825607,0.4625,43.42095184055607,0.030366666666666667,42297
raw,60,0,0.1,equal,21,-0.3167322372089569,-0.4034841453000996,,-0.4186993214057021,0.4375,27.596850840485143,0.019299999999999998,42297
raw,60,0,0.1,volinv,5,-0.23660237474222473,-0.30157382953044254,,-0.3496596107920623,0.4625,79.00507563960454,0.05525260721442383,42297
raw,60,0,0.1,volinv,10,-0.08836147250421343,-0.11376254085928791,,-0.40277111494365825,0.475,50.087478435739314,0.03502893643181987,42297
raw,60,0,0.1,volinv,21,-0.33865380190683264,-0.4279388441749987,,-0.44350447774916324,0.475,30.01195934450497,0.020989018591179343,42297
raw,60,0,0.2,equal,5,-0.012781468561168595,-0.016471283125041047,,-0.313192796417221,0.4875,47.11959713454855,0.032953333333333334,42297
raw,60,0,0.2,equal,10,0.0743684462798144,0.09614270558827963,,-0.2783001800610715,0.475,32.23922263990354,0.02254666666666667,42297
raw,60,0,0.2,equal,21,-0.33548962962235823,-0.4266366570806045,,-0.45874935109326087,0.5,22.08701326335201,0.015446666666666666,42297
raw,60,0,0.2,volinv,5,0.0007774306020088997,0.0009981714913027385,,-0.3084288574240578,0.4875,68.2981805006579,0.04776468486501865,42297
raw,60,0,0.2,volinv,10,0.08653132411149832,0.11120920536865447,,-0.27771705899318766,0.45,41.88251436854578,0.029290752484232487,42297
raw,60,0,0.2,volinv,21,-0.2955182836022861,-0.3740797622579716,,-0.43114934146967987,0.4875,25.80491287781458,0.018046798941681933,42297
raw,60,0,0.3,equal,5,-0.04142812384225785,-0.053059592190827794,,-0.32148519877554105,0.4875,39.245336548691405,0.027446428571428573,42297
raw,60,0,0.3,equal,10,-0.004925356673843031,-0.006337179353332365,,-0.29709007107501695,0.4875,27.58663735016668,0.019292857142857143,42297
raw,60,0,0.3,equal,21,-0.20820601494881022,-0.26357757478481614,,-0.37448808736862005,0.5,18.63451308603447,0.013032142857142857,42297
raw,60,0,0.3,volinv,5,-0.10400013082013254,-0.13236895422441214,,-0.34540090586744965,0.5,62.11717571627922,0.04344196728292761,42297
raw,60,0,0.3,volinv,10,-0.052924395968136057,-0.06745718307349936,,-0.30254236339630525,0.45,38.473787133465905,0.026906841507675378,42297
raw,60,0,0.3,volinv,21,-0.17740560650814627,-0.2231900642887202,,-0.3573090697400919,0.4875,22.754323130825995,0.01591335326495613,42297
raw,60,2,0.1,equal,5,-0.39295526562139915,-0.5009947749023977,,-0.5021683635490954,0.45,65.72721469607774,0.04596666666666666,42297
raw,60,2,0.1,equal,10,-0.06724468203475358,-0.08654564979248311,,-0.45099555475054587,0.5125,43.70692956947302,0.030566666666666666,42297
raw,60,2,0.1,equal,21,-0.4549258909731433,-0.5731091487911157,,-0.5103115748757105,0.4125,27.072558337470745,0.01893333333333333,42297
raw,60,2,0.1,volinv,5,-0.4758933639299695,-0.6044610479411925,,-0.5361906720686114,0.425,81.06360229866311,0.05669224845281999,42297
raw,60,2,0.1,volinv,10,-0.13363332829597444,-0.17140815006071997,,-0.49159773313691546,0.5,50.344610818288835,0.035208763290032453,42297
raw,60,2,0.1,volinv,21,-0.43519808181539044,-0.5465629247347489,,-0.49937576069827105,0.45,29.075055153641145,0.020333789812062818,42297
raw,60,2,0.2,equal,5,-0.23596330468473886,-0.3017490982919059,,-0.39029126043488305,0.5,45.89942549116959,0.0321,42297
raw,60,2,0.2,equal,10,0.13293583435062054,0.17215384067125836,,-0.30891319694263975,0.55,30.876062132066107,0.02159333333333333,42297
raw,60,2,0.2,equal,21,-0.4825116461337049,-0.606336950855959,,-0.526295860599862,0.4375,22.620838357330307,0.01582,42297
raw,60,2,0.2,volinv,5,-0.24009976970738017,-0.3046530561035587,,-0.3792907674823054,0.4375,67.13968629393833,0.046954485965190286,42297
raw,60,2,0.2,volinv,10,0.14073739737588478,0.18100072818293067,,-0.31112709980973763,0.5375,40.787493639712544,0.028524944088606504,42297
raw,60,2,0.2,volinv,21,-0.4366658049809858,-0.5455097957914183,,-0.5082331260186528,0.425,26.212402425969888,0.01833177885931296,42297
raw,60,2,0.3,equal,5,-0.23970013804076934,-0.30527001533948733,,-0.3856782168829612,0.475,39.929640400028376,0.027924999999999995,42297
raw,60,2,0.3,equal,10,0.08760069632404802,0.11249898710416859,,-0.273234665449936,0.5125,28.27604794666288,0.019774999999999997,42297
raw,60,2,0.3,equal,21,-0.3689414542928699,-0.4632738389692019,,-0.4753841422667491,0.4625,18.731541244059862,0.013099999999999999,42297
raw,60,2,0.3,volinv,5,-0.3066194428344908,-0.38772569788012184,,-0.3991619670225056,0.4375,62.49937676324758,0.043709261556797,42297
raw,60,2,0.3,volinv,10,0.08787371348836548,0.11207816609491178,,-0.27962495926608366,0.5125,38.97585717837195,0.027257966783624316,42297
raw,60,2,0.3,volinv,21,-0.3077043765163336,-0.3851225795887999,,-0.4438015784825118,0.4625,23.008919392599996,0.0160914064740212,42297
raw,90,0,0.1,equal,5,-0.08000979516603987,-0.1012094580790459,,-0.38068045764612735,0.425,54.81239804241436,0.03833333333333333,42297
raw,90,0,0.1,equal,10,-0.20512474081260498,-0.2576338444995156,,-0.4101087091645168,0.425,38.70231931342648,0.027066666666666666,42297
raw,90,0,0.1,equal,21,-0.32811693797026986,-0.4100600249181532,,-0.5122290238988577,0.4625,25.166040144691113,0.017599999999999998,42297
raw,90,0,0.1,volinv,5,-0.23715033689695098,-0.2976487480480965,,-0.4323983837792964,0.45,69.12526524083808,0.04834311084477063,42297
raw,90,0,0.1,volinv,10,-0.2941963683994233,-0.36732846621906096,,-0.43087747808021437,0.45,45.041291371492264,0.0314998594765213,42297
raw,90,0,0.1,volinv,21,-0.38109601866068293,-0.4741861873399509,,-0.52446093574531,0.4875,27.69126455182845,0.019366028716082805,42297
raw,90,0,0.2,equal,5,-0.11885124631197402,-0.14720767522019956,,-0.3489979581540248,0.4625,39.1503510887297,0.02738,42297
raw,90,0,0.2,equal,10,-0.19564711106713617,-0.24283157008051795,,-0.4077838048466348,0.425,27.06302574650685,0.018926666666666668,42297
raw,90,0,0.2,equal,21,-0.3139454139062467,-0.39009832676906364,,-0.5048569488216627,0.5,17.873608057309028,0.012499999999999999,42297
raw,90,0,0.2,volinv,5,-0.17596870619859814,-0.21595159429860028,,-0.37244672735026707,0.4625,59.85179415992254,0.0418576610049974,42297
raw,90,0,0.2,volinv,10,-0.19363683025025194,-0.23867503463115744,,-0.39848106729633104,0.4625,36.99197862118601,0.025870531080362177,42297
raw,90,0,0.2,volinv,21,-0.2782991611191862,-0.3444951057966101,,-0.4770001870074464,0.475,21.738605402456116,0.015203005831806985,42297
raw,90,0,0.3,equal,5,-0.11951248523880632,-0.14796249867261393,,-0.32817788948167437,0.4625,34.930136889141075,0.024428571428571424,42297
raw,90,0,0.3,equal,10,-0.16140056193276728,-0.1994784848766308,,-0.34382268707463914,0.45,23.649336832399463,0.016539285714285715,42297
raw,90,0,0.3,equal,21,-0.2855151791031787,-0.35181785481352107,,-0.48144859984695565,0.45,15.345769203489606,0.010732142857142857,42297
raw,90,0,0.3,volinv,5,-0.1282885138406019,-0.15787988343996834,,-0.3436743399944605,0.475,56.21464891302801,0.03931400471353084,42297
raw,90,0,0.3,volinv,10,-0.1700709675963973,-0.20898336526760564,,-0.36664768868179776,0.45,33.59431468367339,0.0234943572780313,42297
raw,90,0,0.3,volinv,21,-0.25752396745056605,-0.31555884629473013,,-0.4722822218328212,0.4625,19.621210309511252,0.013722194650486068,42297
raw,90,2,0.1,equal,5,-0.26237081445395977,-0.3288602789810879,,-0.48917522229483634,0.4,54.90772395205333,0.038400000000000004,42297
raw,90,2,0.1,equal,10,-0.1795679892825852,-0.2232985425877034,,-0.401599497638103,0.4625,38.416341584509546,0.02686666666666666,42297
raw,90,2,0.1,equal,21,-0.40904405477578715,-0.5127482793193607,,-0.5036456261259032,0.4625,24.403432867579255,0.017066666666666664,42297
raw,90,2,0.1,volinv,5,-0.3008424871407625,-0.37410888307611645,,-0.49510189005445315,0.425,69.10766614339407,0.04833080282518418,42297
raw,90,2,0.1,volinv,10,-0.12468238053525972,-0.15470382410270508,,-0.39471915259182677,0.5,45.16500408370919,0.031586378600010706,42297
raw,90,2,0.1,volinv,21,-0.43897862967026813,-0.546976439814328,,-0.5159786303189466,0.4875,26.756141803665432,0.01871204579810908,42297
raw,90,2,0.2,equal,5,-0.24235894459653717,-0.3026024640262072,,-0.47143823660499096,0.45,39.188481452585286,0.027406666666666666,42297
raw,90,2,0.2,equal,10,-0.14810831821855305,-0.18519093276002382,,-0.41853294357379445,0.4875,26.90097170012058,0.01881333333333333,42297
raw,90,2,0.2,equal,21,-0.3020305991330858,-0.37411459127710267,,-0.48319061039089617,0.4625,18.512291651890205,0.012946666666666667,42297
raw,90,2,0.2,volinv,5,-0.22656994038743067,-0.2805490022485675,,-0.453984352371669,0.45,60.18319465623946,0.04208942765170239,42297
raw,90,2,0.2,volinv,10,-0.09731843357789252,-0.12105100753968472,,-0.4025770711991081,0.5,36.58816636594803,0.025588122896503036,42297
raw,90,2,0.2,volinv,21,-0.27559150860784526,-0.3410916001617212,,-0.4684420811808442,0.4625,21.98829747976117,0.01537762927416432,42297
raw,90,2,0.3,equal,5,-0.06448640732723299,-0.07990054797111135,,-0.3441421214198156,0.475,34.49606355060643,0.024125,42297
raw,90,2,0.3,equal,10,-0.06780396941228904,-0.08389931175553479,,-0.39724594513253997,0.4625,22.96503298106249,0.016060714285714286,42297
raw,90,2,0.3,equal,21,-0.24290537705095894,-0.29849756168935015,,-0.444316286682074,0.4625,15.79516277750195,0.011046428571428572,42297
raw,90,2,0.3,volinv,5,-0.09925274166894897,-0.12234577879707059,,-0.35557992753303824,0.4875,56.33951193190515,0.039401328309917195,42297
raw,90,2,0.3,volinv,10,0.07106447169637112,0.08781289155955417,,-0.3722277501734257,0.4875,33.562162970547966,0.023471871811595033,42297
raw,90,2,0.3,volinv,21,-0.24652234747505908,-0.30129929150863305,,-0.4491718871784123,0.4625,19.617225636422198,0.013719407948805381,42297
riskadj,5,0,0.1,equal,5,-0.013122188860829172,-0.01717666980316058,,-0.36836326411696874,0.4625,180.2136321724945,0.12603333333333333,42297
riskadj,5,0,0.1,equal,10,-0.360890145320398,-0.4718153535046473,,-0.5079976066318826,0.4375,93.56238031066033,0.06543333333333333,42297
riskadj,5,0,0.1,equal,21,0.28948390344295005,0.3758959347314743,,-0.2794605867651587,0.5,42.46769274416626,0.029699999999999997,42297
riskadj,5,0,0.1,volinv,5,-0.04972419247820045,-0.06405498001344455,,-0.36215068513930415,0.45,182.24942529991876,0.12745707575910487,42297
riskadj,5,0,0.1,volinv,10,-0.2900973436106066,-0.3774532132652663,,-0.48074190349868096,0.45,94.52038324467728,0.06610331762731671,42297
riskadj,5,0,0.1,volinv,21,0.3672940877175664,0.4757496501760887,,-0.2719468483509818,0.5,42.9611297893185,0.030045087743035784,42297
riskadj,5,0,0.2,equal,5,0.07394643314704936,0.0979620929731429,,-0.33366787256220465,0.525,156.03421519256685,0.10912333333333335,42297
riskadj,5,0,0.2,equal,10,-0.20351823805348754,-0.265068770328081,,-0.3664046699935374,0.425,80.19768777927514,0.056086666666666674,42297
riskadj,5,0,0.2,equal,21,0.3761510332726462,0.49212395636481704,,-0.2187752949626861,0.575,35.48030356762891,0.024813333333333337,42297
riskadj,5,0,0.2,volinv,5,0.03472535348468736,0.045706809272216764,,-0.3565227455136587,0.525,162.03926106789922,0.11332299314465828,42297
riskadj,5,0,0.2,volinv,10,-0.2357503812608408,-0.3046937473623057,,-0.38965550873489785,0.425,83.26918033370661,0.05823473082960961,42297
riskadj,5,0,0.2,volinv,21,0.4467905191509705,0.58194522890109,,-0.21149083806828517,0.55,36.80759832915079,0.025741583771959176,42297
riskadj,5,0,0.3,equal,5,-0.09109577647746493,-0.12072160262940265,,-0.39172578854541684,0.525,139.38350237605505,0.09747857142857143,42297
riskadj,5,0,0.3,equal,10,-0.22666498540309396,-0.2988710580789526,,-0.3963000865148967,0.4125,72.60259592878928,0.050775,42297
riskadj,5,0,0.3,equal,21,0.40924964363784017,0.5397484600321515,,-0.1927418539439254,0.5125,30.997943116533087,0.02167857142857143,42297
riskadj,5,0,0.3,volinv,5,-0.11988011959617415,-0.1582480832703696,,-0.39958085519260933,0.475,147.58978315003245,0.10321767622184065,42297
riskadj,5,0,0.3,volinv,10,-0.28581724950331183,-0.37311522346573633,,-0.4291279748261637,0.3875,77.07299296041623,0.053901395225640296,42297
riskadj,5,0,0.3,volinv,21,0.5084697539886651,0.6691367573089694,,-0.19730615969210752,0.5,32.98662435172692,0.023069365909474098,42297
riskadj,5,2,0.1,equal,5,-0.3251480666853014,-0.43022369834648744,,-0.4702690834553034,0.4875,180.6902617206894,0.12636666666666668,42297
riskadj,5,2,0.1,equal,10,-0.36886791811009084,-0.48919690900679874,,-0.447110082038611,0.4875,90.89325484076885,0.06356666666666666,42297
riskadj,5,2,0.1,equal,21,0.08340213241292439,0.11200611024150359,,-0.28600751508083544,0.4875,42.420029789346756,0.029666666666666664,42297
riskadj,5,2,0.1,volinv,5,-0.407776467314129,-0.5360514938156752,,-0.5233144367046381,0.4375,182.8119793598123,0.12785050084295604,42297
riskadj,5,2,0.1,volinv,10,-0.3559139946039621,-0.470638862491924,,-0.4552997921297103,0.5125,92.12946060820704,0.06443121354737653,42297
riskadj,5,2,0.1,volinv,21,0.04780135487914556,0.06386886389985863,,-0.2938243512000349,0.475,43.09114642516687,0.030136015548037083,42297
riskadj,5,2,0.2,equal,5,-0.1846841661177686,-0.24829559824630318,,-0.395800735279324,0.4625,157.03990353925815,0.10982666666666667,42297
riskadj,5,2,0.2,equal,10,-0.08309632124755278,-0.1115032226677208,,-0.2748649159817971,0.5125,79.20629831902971,0.05539333333333333,42297
riskadj,5,2,0.2,equal,21,0.3437552455882249,0.46313878718733564,,-0.29065355882489174,0.6125,36.53842116462161,0.02555333333333333,42297
riskadj,5,2,0.2,volinv,5,-0.25044758281267077,-0.3311709753555822,,-0.41530469606815335,0.4625,163.21246827149284,0.11414348165475091,42297
riskadj,5,2,0.2,volinv,10,-0.1213845154033623,-0.1622073839333597,,-0.28325490102591466,0.5,82.56209271839074,0.05774022545816423,42297
riskadj,5,2,0.2,volinv,21,0.3200823899010026,0.4294879214938791,,-0.2982207731173794,0.6,38.25994503200808,0.026757289930867165,42297
riskadj,5,2,0.3,equal,5,-0.2205493271655312,-0.294128858899823,,-0.39185811476633425,0.4625,140.92063266898364,0.09855357142857143,42297
riskadj,5,2,0.3,equal,10,-0.05731055884114388,-0.07662840802757971,,-0.2667355178744798,0.4875,71.65784807433151,0.05011428571428571,42297
riskadj,5,2,0.3,equal,21,0.28632380518375417,0.3852324059270759,,-0.27950545013013084,0.55,32.94361302220016,0.023039285714285714,42297
riskadj,5,2,0.3,volinv,5,-0.2660405587719346,-0.3501168186459305,,-0.40760408939549087,0.425,149.07394840580525,0.10425563484987342,42297
riskadj,5,2,0.3,volinv,10,-0.13748873215575083,-0.18239552403312717,,-0.3115466892241726,0.5125,75.9870136916132,0.05314191002172889,42297
riskadj,5,2,0.3,volinv,21,0.3069460015986499,0.4123907536008978,,-0.28534610384444004,0.6125,34.884550337117794,0.024396690238245224,42297
riskadj,10,0,0.1,equal,5,-0.4040988337156176,-0.5278302193270203,,-0.48441632407256197,0.475,145.80097879282218,0.10196666666666665,42297
riskadj,10,0,0.1,equal,10,-0.589143691985578,-0.773014623485922,,-0.5459493089106838,0.4375,91.56053620824171,0.06403333333333333,42297
riskadj,10,0,0.1,equal,21,-0.20070990484290824,-0.268494725966899,,-0.34390533836171366,0.5125,42.18171501524931,0.029499999999999995,42297
riskadj,10,0,0.1,volinv,5,-0.4494567123592275,-0.5818333989523803,,-0.507553243775042,0.45,152.33119347576383,0.10653360599279732,42297
riskadj,10,0,0.1,volinv,10,-0.5563958839960211,-0.7287253382071769,,-0.528280751112807,0.475,92.46028613723385,0.06466257808774108,42297
riskadj,10,0,0.1,volinv,21,-0.18944542101871203,-0.2512004883319976,,-0.29126929667622015,0.4875,42.63312062779793,0.029815692843815623,42297
riskadj,10,0,0.2,equal,5,-0.3095787855355887,-0.4106485264475698,,-0.40937562156067064,0.4625,115.50640470955388,0.08077999999999999,42297
riskadj,10,0,0.2,equal,10,-0.4243831675334182,-0.5666064641338443,,-0.4729158539013607,0.45,79.17293425065608,0.055369999999999996,42297
riskadj,10,0,0.2,equal,21,-0.15693882807897888,-0.20875327765760154,,-0.3376127967969411,0.5375,35.89973757004043,0.02510666666666667,42297
riskadj,10,0,0.2,volinv,5,-0.3562904949954429,-0.4659512876781418,,-0.4863489969128052,0.45,126.8504338266811,0.08871350528384807,42297
riskadj,10,0,0.2,volinv,10,-0.43020150542216784,-0.5684278431777946,,-0.4748509083062107,0.4625,82.16821235830665,0.05746476319641694,42297
riskadj,10,0,0.2,volinv,21,-0.10892467242529161,-0.14472646204255493,,-0.31494100533950653,0.5125,37.254018209814994,0.026053789818461393,42297
riskadj,10,0,0.3,equal,5,-0.21143951189990773,-0.2809378413468998,,-0.36803377784595226,0.475,100.10752535640826,0.07001071428571429,42297
riskadj,10,0,0.3,equal,10,-0.35906925520806376,-0.47915910258886196,,-0.4114522150409532,0.5,71.16079154549968,0.04976666666666667,42297
riskadj,10,0,0.3,equal,21,-0.25711032997248506,-0.3397847406648423,,-0.4074785174375183,0.5125,33.11213561245478,0.023157142857142855,42297
riskadj,10,0,0.3,volinv,5,-0.25030303804255155,-0.32938716622363806,,-0.4327930496747894,0.475,113.91451921188136,0.079666706665095,42297
riskadj,10,0,0.3,volinv,10,-0.41398808442657353,-0.5462464755109963,,-0.4501668924576465,0.5,75.50110028199221,0.052802083972014295,42297
riskadj,10,0,0.3,volinv,21,-0.22174264364371124,-0.29357964319918006,,-0.3490535007479625,0.5,34.97106440431076,0.024457194297439356,42297
riskadj,10,2,0.1,equal,5,-0.611595830137449,-0.8072760373442499,,-0.5990899738960931,0.325,146.754237889212,0.10263333333333333,42297
riskadj,10,2,0.1,equal,10,-0.5538966896648182,-0.7345595427084305,,-0.5306291849431861,0.425,90.17831051847648,0.06306666666666666,42297
riskadj,10,2,0.1,equal,21,-0.24552254101823395,-0.32201220418232696,,-0.3353788259435859,0.4625,43.420951840556064,0.030366666666666663,42297
riskadj,10,2,0.1,volinv,5,-0.6707386170421591,-0.8775733332514812,,-0.6229162439516895,0.375,151.9326220108778,0.10625486298270664,42297
riskadj,10,2,0.1,volinv,10,-0.5897340720104267,-0.780076471719215,,-0.5514186491940807,0.425,91.53323169485223,0.06401423778103778,42297
riskadj,10,2,0.1,volinv,21,-0.22063613520303535,-0.28879001625937906,,-0.3309805246857759,0.4875,43.99750770478828,0.030769883984613593,42297
riskadj,10,2,0.2,equal,5,-0.2349186657192867,-0.31265126185312625,,-0.43205886621237977,0.475,114.40062415774167,0.08000666666666668,42297
riskadj,10,2,0.2,equal,10,-0.08373047973327093,-0.11240159763538338,,-0.26256704688514876,0.425,77.43323639974466,0.05415333333333333,42297
riskadj,10,2,0.2,equal,21,-0.37261936356315195,-0.49425845426762577,,-0.4222543652974995,0.5375,36.767203347755164,0.025713333333333335,42297
riskadj,10,2,0.2,volinv,5,-0.39502605764038795,-0.5205585675681441,,-0.5115272833889102,0.45,125.87698991722573,0.08803272226403598,42297
riskadj,10,2,0.2,volinv,10,-0.05797342662764174,-0.07763631687079807,,-0.24783770036470498,0.4875,80.47669296697897,0.05628179038399982,42297
riskadj,10,2,0.2,volinv,21,-0.3060532234815624,-0.40630088394243374,,-0.384679427266851,0.575,38.22454675918205,0.026732533966156127,42297
riskadj,10,2,0.3,equal,5,-0.19714251559944496,-0.26406440231598444,,-0.3951789655326262,0.5375,99.39768777927515,0.06951428571428571,42297
riskadj,10,2,0.3,equal,10,-0.15019160882172541,-0.2016018903303849,,-0.31841081606242005,0.4125,68.67550890134052,0.04802857142857143,42297
riskadj,10,2,0.3,equal,21,-0.411573526338864,-0.5457321995402777,,-0.45089734113593405,0.5125,32.85679835449322,0.022978571428571428,42297
riskadj,10,2,0.3,volinv,5,-0.390224083739299,-0.5173981118413534,,-0.49707205280582833,0.45,112.80095894129744,0.0788879325453052,42297
riskadj,10,2,0.3,volinv,10,-0.20143593190289855,-0.2694710665350668,,-0.33325889207023274,0.4375,73.37294210657902,0.05131374557344531,42297
riskadj,10,2,0.3,volinv,21,-0.3158954907702069,-0.4183960232351258,,-0.38277599039752097,0.5375,34.68202631241477,0.024255054016802374,42297
riskadj,20,0,0.1,equal,5,-0.3685268816279337,-0.48570064187216366,,-0.49062681806471053,0.4625,110.14908858784311,0.07703333333333333,42297
riskadj,20,0,0.1,equal,10,-0.22789367312125852,-0.3026545018043928,,-0.41169798668472046,0.5,72.16171359670896,0.05046666666666667,42297
riskadj,20,0,0.1,equal,21,-0.09649787908981232,-0.12586419137890673,,-0.2951333640874855,0.4625,41.943400241151856,0.029333333333333333,42297
riskadj,20,0,0.1,volinv,5,-0.5177255087379524,-0.6813666944679313,,-0.5577655173380992,0.4625,120.95008287285344,0.08458706440597026,42297
riskadj,20,0,0.1,volinv,10,-0.2614288686471571,-0.3453997196419745,,-0.3953964510880653,0.5,75.17525903330557,0.05257420521381821,42297
riskadj,20,0,0.1,volinv,21,-0.07187332029599473,-0.09337092769297256,,-0.31004992036766255,0.4875,42.4879175038015,0.029714144289984982,42297
riskadj,20,0,0.2,equal,5,-0.40345894368986573,-0.5254789885841484,,-0.5327565399865868,0.425,83.60082275338678,0.05846666666666667,42297
riskadj,20,0,0.2,equal,10,-0.375570057833852,-0.49886526368834677,,-0.5007696195120284,0.4,56.87143769061636,0.039773333333333334,42297
riskadj,20,0,0.2,equal,21,0.10212549782391245,0.13372325259702836,,-0.2469115343370022,0.5125,36.0427264344989,0.025206666666666665,42297
riskadj,20,0,0.2,volinv,5,-0.5035379065808421,-0.6562732688335552,,-0.5502309257037313,0.4375,99.33935476986176,0.0694734902232282,42297
riskadj,20,0,0.2,volinv,10,-0.37399471222676456,-0.4965733679882063,,-0.49007292898815924,0.4,62.42869133119985,0.04365982733524735,42297
riskadj,20,0,0.2,volinv,21,0.11442425391384921,0.15050388224201094,,-0.24782603367182898,0.4875,37.418887627751154,0.026169092096411873,42297
riskadj,20,0,0.3,equal,5,-0.37134848068369847,-0.4867012003930259,,-0.4732101808568845,0.4375,71.02971841974609,0.049675,42297
riskadj,20,0,0.3,equal,10,-0.22608111310534004,-0.30004829456521703,,-0.4066475518797723,0.45,49.19838286403291,0.03440714285714286,42297
riskadj,20,0,0.3,equal,21,-0.02300840464083195,-0.030348694834533847,,-0.3064876883454386,0.5,32.80573090290091,0.022942857142857143,42297
riskadj,20,0,0.3,volinv,5,-0.4355853410492571,-0.5708482994483701,,-0.4991156304149713,0.4375,88.84468660979441,0.06213398990632398,42297
riskadj,20,0,0.3,volinv,10,-0.2217658274204981,-0.2935134319627699,,-0.41166659937880756,0.4375,56.22580444027353,0.039321806389058356,42297
riskadj,20,0,0.3,volinv,21,0.0183753746580345,0.024299511345642313,,-0.28204738371711546,0.475,34.485855587120476,0.024117861008075975,42297
riskadj,20,2,0.1,equal,5,-0.7035622521554413,-0.9308283673723957,,-0.6235387401431796,0.4,112.10326973544223,0.0784,42297
riskadj,20,2,0.1,equal,10,-0.551148992566278,-0.7320162814623574,,-0.5947711255750663,0.3625,73.1149726930988,0.051133333333333336,42297
riskadj,20,2,0.1,equal,21,-0.24613315802951127,-0.32428704527895313,,-0.43701652669307045,0.4625,42.706007518263704,0.029866666666666663,42297
riskadj,20,2,0.1,volinv,5,-0.7424226872879972,-0.9779702995381303,,-0.6363908997521812,0.3875,121.86599272717686,0.08522761068752313,42297
riskadj,20,2,0.1,volinv,10,-0.5169674571143935,-0.6813848524117846,,-0.584780985263741,0.375,76.70180303475998,0.053641801636263926,42297
riskadj,20,2,0.1,volinv,21,-0.2350609475479831,-0.3092442585167995,,-0.41949933398826333,0.4125,43.24103748607879,0.03024084263473337,42297
riskadj,20,2,0.2,equal,5,-0.5190261407448766,-0.6891984643256994,,-0.5663971550282343,0.4375,83.73427902688135,0.05856000000000001,42297
riskadj,20,2,0.2,equal,10,-0.31027378820683454,-0.41388145026832784,,-0.4925548494898816,0.475,57.233676147244495,0.04002666666666667,42297
riskadj,20,2,0.2,equal,21,-0.2419717830500002,-0.31757712634270663,,-0.46509242488035996,0.4625,37.062713667636004,0.025920000000000002,42297
riskadj,20,2,0.2,volinv,5,-0.546666374085268,-0.7250195301505479,,-0.5742636505498555,0.4625,99.65749373419202,0.06969598234912566,42297
riskadj,20,2,0.2,volinv,10,-0.30397153933018123,-0.40355692872299165,,-0.5003163402368939,0.45,63.1236655331032,0.04414586112853283,42297
riskadj,20,2,0.2,volinv,21,-0.18362062474323196,-0.24080173871027832,,-0.4108755365362049,0.475,38.32064857668795,0.026799743267992233,42297
riskadj,20,2,0.3,equal,5,-0.595963938512174,-0.7880325772716026,,-0.6142266697328187,0.45,72.02042698063693,0.050367857142857145,42297
riskadj,20,2,0.3,equal,10,-0.2788462963077312,-0.37254567822484314,,-0.46573170191756963,0.475,49.7703383218668,0.03480714285714285,42297
riskadj,20,2,0.3,equal,21,-0.27303677595416176,-0.36132050572454827,,-0.46791675542235567,0.4625,33.770905737995605,0.023617857142857142,42297
riskadj,20,2,0.3,volinv,5,-0.6214734824888836,-0.8197313098759141,,-0.6120030582369445,0.4625,89.6896357178075,0.06272490942387737,42297
riskadj,20,2,0.3,volinv,10,-0.27547367438608744,-0.3664578424583825,,-0.4715791575375353,0.4875,56.7304681805711,0.03967474557925951,42297
riskadj,20,2,0.3,volinv,21,-0.21804561043457799,-0.28826337438492733,,-0.44168547712312334,0.475,35.43622755178043,0.02478250854427343,42297
riskadj,30,0,0.1,equal,5,-0.12732538793237028,-0.1669166393983114,,-0.36203768213666476,0.45,90.79792893112987,0.0635,42297
riskadj,30,0,0.1,equal,10,-0.1447390419959308,-0.185939662571889,,-0.3493811856539998,0.4625,60.2459748918363,0.04213333333333333,42297
riskadj,30,0,0.1,equal,21,-0.1983622749982974,-0.2533197444926892,,-0.41067849538391943,0.425,38.082700900773105,0.026633333333333332,42297
riskadj,30,0,0.1,volinv,5,-0.1074666088228021,-0.1406043079343317,,-0.33630531297380306,0.45,103.80100115029691,0.0725937656358153,42297
riskadj,30,0,0.1,volinv,10,-0.14351206639718275,-0.18385911838742175,,-0.35249104425392364,0.45,64.93987549157447,0.045416036932326806,42297
riskadj,30,0,0.1,volinv,21,-0.125372345641843,-0.1604349553781252,,-0.39186849791098133,0.4375,38.809753787284585,0.027141801520184784,42297
riskadj,30,0,0.2,equal,5,-0.06749961610090034,-0.08887382175189057,,-0.30478892364288934,0.4375,67.56700475211008,0.047253333333333335,42297
riskadj,30,0,0.2,equal,10,-0.14561387338478562,-0.18773409635384672,,-0.38503967387946536,0.5,47.17679268033194,0.03299333333333333,42297
riskadj,30,0,0.2,equal,21,-0.1513438069626388,-0.19433234872389474,,-0.4356569420608619,0.425,31.085779133271867,0.021740000000000002,42297
riskadj,30,0,0.2,volinv,5,-0.07702878104786208,-0.10084007611632026,,-0.3294334903726557,0.475,85.2127592778449,0.05959398279059201,42297
riskadj,30,0,0.2,volinv,10,-0.08239236799877878,-0.10656852231720496,,-0.3297072642672799,0.5,54.29170275695148,0.037969182399318395,42297
riskadj,30,0,0.2,volinv,21,-0.040340926187125946,-0.05194385679386128,,-0.41061530481064634,0.45,32.79635166663614,0.022936297725590422,42297
riskadj,30,0,0.3,equal,5,0.10026359755577574,0.13327745407610245,,-0.23742966766509144,0.475,58.324136463578974,0.040789285714285715,42297
riskadj,30,0,0.3,equal,10,-0.1332664128542308,-0.17150310808538116,,-0.3718834448670115,0.4625,40.53734307397688,0.02835,42297
riskadj,30,0,0.3,equal,21,-0.027642428489873624,-0.03551983488339855,,-0.36405943454279754,0.5,26.927867224625864,0.01883214285714286,42297
riskadj,30,0,0.3,volinv,5,0.04366096043453239,0.057773433985374954,,-0.264632760693123,0.4625,77.69331214662633,0.05433521864857562,42297
riskadj,30,0,0.3,volinv,10,-0.1248573784016294,-0.16114005292370492,,-0.3559938061927309,0.4375,49.08728270804245,0.034329444389915205,42297
riskadj,30,0,0.3,volinv,21,0.04066945953027319,0.05239777019979326,,-0.35913665180292476,0.5125,29.692553738300454,0.020765640632752876,42297
riskadj,30,2,0.1,equal,5,-0.4709805115732282,-0.6078051431449283,,-0.5724994560593555,0.4125,95.13525781970354,0.06653333333333332,42297
riskadj,30,2,0.1,equal,10,-0.4144159050834618,-0.5358731992307186,,-0.5495320241088368,0.4125,63.15341513582523,0.04416666666666666,42297
riskadj,30,2,0.1,equal,21,-0.17553379735043156,-0.22590600549752476,,-0.4747310985164821,0.4375,38.70231931342648,0.027066666666666662,42297
riskadj,30,2,0.1,volinv,5,-0.5508867353380802,-0.7069716862634945,,-0.5907162129229668,0.4125,107.23366794280827,0.0749944188653598,42297
riskadj,30,2,0.1,volinv,10,-0.4378708211675087,-0.5674482038501655,,-0.5386035646276236,0.3875,67.6959322466372,0.04734349944173303,42297
riskadj,30,2,0.1,volinv,21,-0.12699264304689367,-0.16232928833710553,,-0.45324978076527644,0.45,39.70699732333838,0.027769293415761294,42297
riskadj,30,2,0.2,equal,5,-0.044034024963287795,-0.0578658493718851,,-0.400566176164017,0.475,68.87296971416414,0.04816666666666666,42297
riskadj,30,2,0.2,equal,10,-0.2724197401979548,-0.3493307362571793,,-0.4695917559756102,0.45,47.59622668274346,0.03328666666666667,42297
riskadj,30,2,0.2,equal,21,-0.2558720116510738,-0.33171348966918834,,-0.47295968494296703,0.425,31.562408681466774,0.022073333333333334,42297
riskadj,30,2,0.2,volinv,5,-0.10421940023654562,-0.1371185580709454,,-0.3987934230978779,0.4625,86.34263298690168,0.06038416579773445,42297
riskadj,30,2,0.2,volinv,10,-0.2504044124275916,-0.3245662476215828,,-0.46445284619205296,0.4375,54.84205286460167,0.038354072586211256,42297
riskadj,30,2,0.2,volinv,21,-0.22186992626116486,-0.28794787674925676,,-0.4416594720254544,0.4375,33.55490411839654,0.02346679529589647,42297
riskadj,30,2,0.3,equal,5,-0.05484544071857189,-0.07222904953091544,,-0.36394216644240185,0.5,58.523299524788996,0.04092857142857143,42297
riskadj,30,2,0.3,equal,10,-0.2065501266397203,-0.2665261805280881,,-0.44852298206308205,0.4625,40.823320802893825,0.02855,42297
riskadj,30,2,0.3,equal,21,-0.1938283241592954,-0.25124954361014995,,-0.45174422084489785,0.475,27.663238527555144,0.019346428571428573,42297
riskadj,30,2,0.3,volinv,5,-0.174258222366393,-0.2290442466597468,,-0.3944123400111703,0.45,77.91861283637321,0.05449278384821556,42297
riskadj,30,2,0.3,volinv,10,-0.22145755808276005,-0.2871288921507317,,-0.44282109430675287,0.4625,49.54386352741697,0.03464875654132202,42297
riskadj,30,2,0.3,volinv,21,-0.20864926427147118,-0.270769974458996,,-0.4541100132835877,0.4875,30.549062736334772,0.021364644619026985,42297
riskadj,45,0,0.1,equal,5,-0.3558591782485287,-0.45918628936843386,,-0.44855804865044213,0.425,78.59621249734023,0.05496666666666666,42297
riskadj,45,0,0.1,equal,10,-0.1333476127180005,-0.17246282603670848,,-0.359955994032802,0.4875,52.5245762110788,0.03673333333333333,42297
riskadj,45,0,0.1,equal,21,0.0008401823657713339,0.0010831579112101177,,-0.41593449872447197,0.5375,32.839775870629126,0.022966666666666663,42297
riskadj,45,0,0.1,volinv,5,-0.3429517502071077,-0.4418795333353796,,-0.4377116707584249,0.4375,90.94427464760398,0.06360234763177423,42297
riskadj,45,0,0.1,volinv,10,-0.09993396823905479,-0.12914330627450057,,-0.36472481647980093,0.4875,56.9614264584377,0.03983626744233695,42297
riskadj,45,0,0.1,volinv,21,0.0426623269546912,0.05496507514419567,,-0.419230117290452,0.525,34.45687658379206,0.024097594392603387,42297
riskadj,45,0,0.2,equal,5,-0.3662371994350592,-0.46979594130362734,,-0.482922584432218,0.45,57.186013192425,0.03999333333333334,42297
riskadj,45,0,0.2,equal,10,-0.1385786400195857,-0.18044898410055227,,-0.34241111061185514,0.4625,38.95969926945173,0.027246666666666673,42297
riskadj,45,0,0.2,equal,21,0.013882975027478638,0.017793971347475915,,-0.39484704022872696,0.5375,25.366224554932977,0.017740000000000002,42297
riskadj,45,0,0.2,volinv,5,-0.3973567699941192,-0.5090698067068968,,-0.48011833015536765,0.425,75.76644903871164,0.05298765699388867,42297
riskadj,45,0,0.2,volinv,10,-0.06503361993442776,-0.08428786509930285,,-0.31395691298071315,0.475,47.170038891651586,0.032988610036378756,42297
riskadj,45,0,0.2,volinv,21,0.04400845283198196,0.056307515155752115,,-0.3751865568689654,0.5,28.099264508470363,0.019651365590522007,42297
riskadj,45,0,0.3,equal,5,-0.42877309448613227,-0.5472984097437321,,-0.48014628018947025,0.4625,48.61110717072133,0.03399642857142857,42297
riskadj,45,0,0.3,equal,10,-0.2914073482919406,-0.37669531407182877,,-0.40158594816735116,0.4125,33.49003475423789,0.02342142857142857,42297
riskadj,45,0,0.3,equal,21,0.024186667080941,0.03115818852771402,,-0.3908920445184346,0.5125,21.969217675012413,0.015364285714285714,42297
riskadj,45,0,0.3,volinv,5,-0.46497679997383506,-0.5923500752562721,,-0.5018875281486018,0.425,69.23415171862854,0.04841926116472934,42297
riskadj,45,0,0.3,volinv,10,-0.2295318726962856,-0.2944378894129409,,-0.3929282490328151,0.425,43.075897174911624,0.03012535090620431,42297
riskadj,45,0,0.3,volinv,21,0.03310532200695583,0.042619066099026374,,-0.36747194882273493,0.4625,25.31738874026635,0.017705846421082107,42297
riskadj,45,2,0.1,equal,5,-0.5112424045155265,-0.6563676058137828,,-0.5495111797047777,0.4375,79.59713454854955,0.05566666666666666,42297
riskadj,45,2,0.1,equal,10,-0.22500717947972196,-0.2885810481383386,,-0.3987157241421675,0.4875,54.6217462231364,0.0382,42297
riskadj,45,2,0.1,equal,21,-0.0716127866717799,-0.09123953959766982,,-0.3940476982212555,0.475,33.60238314774097,0.0235,42297
riskadj,45,2,0.1,volinv,5,-0.4614652892091498,-0.5887391820331961,,-0.5376270173776097,0.4125,91.50760315625577,0.06399631433035961,42297
riskadj,45,2,0.1,volinv,10,-0.2022882782098289,-0.25897217792852206,,-0.426146622308759,0.475,59.22589299861113,0.041419933798979076,42297
riskadj,45,2,0.1,volinv,21,-0.08748833176888746,-0.11093240485885586,,-0.4116902346908047,0.4625,35.11621032828981,0.024558702848142766,42297
riskadj,45,2,0.2,equal,5,-0.27968271440978676,-0.3580371941871314,,-0.4731308019542386,0.475,58.54917370026244,0.040946666666666666,42297
riskadj,45,2,0.2,equal,10,-0.044021610837168254,-0.05709037578287402,,-0.3573870406869132,0.45,40.08454500319172,0.028033333333333337,42297
riskadj,45,2,0.2,equal,21,-0.17138062641417115,-0.21823162905478133,,-0.4609375901208067,0.5125,25.90004964891127,0.018113333333333332,42297
riskadj,45,2,0.2,volinv,5,-0.32377627877521015,-0.4123085425150672,,-0.5007541310149215,0.4375,76.71058093389428,0.053647940505306316,42297
riskadj,45,2,0.2,volinv,10,-0.03501601769929094,-0.04510539188599587,,-0.3642640841152599,0.45,47.99128576808843,0.03356295327600589,42297
riskadj,45,2,0.2,volinv,21,-0.18869384503638675,-0.23939014478725146,,-0.4569128585584836,0.475,28.687980925104135,0.02006308745352396,42297
riskadj,45,2,0.3,equal,5,-0.44404600031059815,-0.5651042358065494,,-0.5047167529680109,0.45,48.815376977090565,0.03413928571428571,42297
riskadj,45,2,0.3,equal,10,-0.2598872368581462,-0.33833957994883546,,-0.4151973769272864,0.45,34.061990212071784,0.023821428571428566,42297
riskadj,45,2,0.3,equal,21,-0.20053484760716525,-0.255505482239916,,-0.4447110628224654,0.5,22.239875168451665,0.015553571428571429,42297
riskadj,45,2,0.3,volinv,5,-0.4624144814000894,-0.5880193101259495,,-0.5241371520099395,0.425,69.76417665707294,0.048789936839686084,42297
riskadj,45,2,0.3,volinv,10,-0.1855515326891897,-0.23979043734578534,,-0.38509291204697504,0.45,43.442281745741425,0.030381583845893276,42297
riskadj,45,2,0.3,volinv,21,-0.1619599516012919,-0.20622123942172313,,-0.42708427981883057,0.475,25.403668051316096,0.017766186302356435,42297
riskadj,60,0,0.1,equal,5,-0.28961179642721746,-0.36453673073722903,,-0.3501289037462407,0.45,67.25242925030142,0.04703333333333333,42297
riskadj,60,0,0.1,equal,10,-0.28600374465656797,-0.36512183726780273,,-0.4805080616523806,0.45,46.09007731044755,0.03223333333333333,42297
riskadj,60,0,0.1,equal,21,-0.29981455584060174,-0.38254947135916156,,-0.40628403289026005,0.475,29.503369033264768,0.02063333333333333,42297
riskadj,60,0,0.1,volinv,5,-0.3402579031720167,-0.4272375959743715,,-0.3936361217267428,0.425,81.51191345392631,0.057005777171969585,42297
riskadj,60,0,0.1,volinv,10,-0.1592269840693059,-0.20346246093849882,,-0.42892984046032867,0.4625,52.04166269151811,0.03639560527220803,42297
riskadj,60,0,0.1,volinv,21,-0.22343101119423592,-0.285435665382771,,-0.3933902999820589,0.475,31.122999121592347,0.021766029990839805,42297
riskadj,60,0,0.2,equal,5,0.0038226839845595037,0.004864964913863945,,-0.29962399118034655,0.525,47.8822044116604,0.033486666666666665,42297
riskadj,60,0,0.2,equal,10,-0.0011984896981670204,-0.0015413051602493236,,-0.31852574696666835,0.5,32.57286332363997,0.022779999999999998,42297
riskadj,60,0,0.2,equal,21,-0.3485652292600062,-0.4410869539345617,,-0.45979585408277635,0.4875,23.1546634513086,0.016193333333333334,42297
riskadj,60,0,0.2,volinv,5,0.026166194654746056,0.03314700936897581,,-0.3340980150674294,0.525,67.63242639867775,0.04729908629935307,42297
riskadj,60,0,0.2,volinv,10,0.023495816546727326,0.029919835618387954,,-0.3099647227569847,0.4625,41.285427414721966,0.028873176642865324,42297
riskadj,60,0,0.2,volinv,21,-0.25992243666836273,-0.3276631564554127,,-0.4041749956056486,0.475,26.382600153814913,0.018450807518285543,42297
riskadj,60,0,0.3,equal,5,-0.020729905177642227,-0.02640929957368308,,-0.298341979866391,0.475,39.6232356904745,0.027710714285714283,42297
riskadj,60,0,0.3,equal,10,-0.011348656708265919,-0.01465017174785052,,-0.2840470626801298,0.525,28.21476700475211,0.019732142857142854,42297
riskadj,60,0,0.3,equal,21,-0.15080119506782466,-0.1908751124468044,,-0.3636652918707415,0.4875,18.67536704730832,0.013060714285714285,42297
riskadj,60,0,0.3,volinv,5,-0.08957901766506078,-0.11331264464116338,,-0.3313028903647002,0.475,61.62910106647065,0.043100629758738566,42297
riskadj,60,0,0.3,volinv,10,-0.019094927379505206,-0.024390876814376104,,-0.27997413847709274,0.475,37.86772716673202,0.026482990343440215,42297
riskadj,60,0,0.3,volinv,21,-0.02978740508586823,-0.037604382178147655,,-0.33225054822252886,0.4625,22.39249811174135,0.015660309071301653,42297
riskadj,60,2,0.1,equal,5,-0.33067122552671074,-0.4202546160323606,,-0.43593368602089666,0.45,66.58514788282858,0.046566666666666666,42297
riskadj,60,2,0.1,equal,10,-0.0047899740563214326,-0.006092717404245146,,-0.4125452831112919,0.4875,46.04241435562806,0.0322,42297
riskadj,60,2,0.1,equal,21,-0.4838795333794666,-0.608451911055681,,-0.5467332884634416,0.425,30.742605858571526,0.021500000000000002,42297
riskadj,60,2,0.1,volinv,5,-0.42361920312256257,-0.5371360430558898,,-0.49385053058721695,0.425,80.88000761633457,0.05656385056461811,42297
riskadj,60,2,0.1,volinv,10,-0.037414135234452285,-0.0475430228945199,,-0.4380090348443638,0.425,51.99827139032717,0.036365259341876136,42297
riskadj,60,2,0.1,volinv,21,-0.3641602278158531,-0.45898966037044353,,-0.5232868665071664,0.4625,32.37834940659778,0.02264396568867173,42297
riskadj,60,2,0.2,equal,5,-0.20038745399759147,-0.255288358911498,,-0.3567977522257446,0.4875,47.9393999574438,0.03352666666666666,42297
riskadj,60,2,0.2,equal,10,0.1988222055104042,0.25605424068478366,,-0.27959217213417076,0.5,33.80256755798284,0.02364,42297
riskadj,60,2,0.2,equal,21,-0.46968524340910917,-0.5893861856788556,,-0.5194153325610624,0.425,22.92588126817505,0.016033333333333333,42297
riskadj,60,2,0.2,volinv,5,-0.2117006257074986,-0.2684399086819899,,-0.34366764539668804,0.45,67.71132689723031,0.04735426577004216,42297
riskadj,60,2,0.2,volinv,10,0.24206894638632695,0.3103318158283418,,-0.281272135051546,0.475,42.13563379308112,0.02946777285955609,42297
riskadj,60,2,0.2,volinv,21,-0.3468634228021304,-0.4350309432443397,,-0.46593722487612244,0.4625,25.97428334110217,0.018165249048918627,42297
riskadj,60,2,0.3,equal,5,-0.2491430558322781,-0.3159780034054475,,-0.3486702125370149,0.45,41.589332576778496,0.029085714285714284,42297
riskadj,60,2,0.3,equal,10,0.09843192929373104,0.1265011191256148,,-0.2713941656059975,0.5375,28.46499751755444,0.019907142857142856,42297
riskadj,60,2,0.3,equal,21,-0.42550909966914496,-0.5337958404220814,,-0.4951611184721115,0.475,19.33924391800837,0.013525,42297
riskadj,60,2,0.3,volinv,5,-0.3271951405587351,-0.41273349749890204,,-0.36104070459838156,0.4,63.107941512194486,0.044134864453394346,42297
riskadj,60,2,0.3,volinv,10,0.0946496217070868,0.12076897708052182,,-0.26800845212596713,0.5375,38.46931401344844,0.02690371320811555,42297
riskadj,60,2,0.3,volinv,21,-0.3223061990387147,-0.4040332063597489,,-0.4462589377247329,0.45,22.947509513374865,0.016048459158188106,42297
riskadj,90,0,0.1,equal,5,-0.13184675580249092,-0.1633261458283923,,-0.42154842299105677,0.4375,55.52734236470672,0.03883333333333333,42297
riskadj,90,0,0.1,equal,10,-0.1513520377148438,-0.18596152233664642,,-0.42809365722959825,0.5,36.65281225618838,0.025633333333333327,42297
riskadj,90,0,0.1,equal,21,-0.20425682206531415,-0.2508648365066429,,-0.4661081257186058,0.5,23.974466274203845,0.016766666666666666,42297
riskadj,90,0,0.1,volinv,5,-0.13919765736477244,-0.1724985112013182,,-0.4311532030527324,0.4375,69.11472622348886,0.0483357403286195,42297
riskadj,90,0,0.1,volinv,10,-0.0886160643704091,-0.10947373247706274,,-0.43735901313569336,0.5,43.2551168917846,0.030250689139745587,42297
riskadj,90,0,0.1,volinv,21,-0.26543028138496666,-0.32661456494869057,,-0.512683227483252,0.4375,26.66229653858348,0.018646414627851608,42297
riskadj,90,0,0.2,equal,5,-0.05739034718626817,-0.0710072384098267,,-0.30629077370132696,0.5125,41.2284559188595,0.028833333333333336,42297
riskadj,90,0,0.2,equal,10,-0.19560517005976782,-0.24100340233129264,,-0.37061088434020506,0.5,28.66450102844173,0.020046666666666667,42297
riskadj,90,0,0.2,equal,21,-0.3296773881170102,-0.4068257283871339,,-0.5125316628630785,0.475,18.69341088020427,0.013073333333333333,42297
riskadj,90,0,0.2,volinv,5,-0.10992530024244855,-0.13482023637902452,,-0.32610065357186824,0.475,59.57757621954765,0.04166588527377988,42297
riskadj,90,0,0.2,volinv,10,-0.13682402825014375,-0.16821164672905706,,-0.37294866256154746,0.5,36.46578025414038,0.025502531537853434,42297
riskadj,90,0,0.2,volinv,21,-0.29926001118035717,-0.3690445926936872,,-0.5113581028907599,0.4625,21.969574681625858,0.015364535388702525,42297
riskadj,90,0,0.3,equal,5,-0.11348462687428508,-0.14036239908775933,,-0.34121113103720024,0.4875,34.65947939570183,0.024239285714285713,42297
riskadj,90,0,0.3,equal,10,-0.17901879428201223,-0.2212403067492934,,-0.37506001547362255,0.475,23.919994325838715,0.016728571428571426,42297
riskadj,90,0,0.3,equal,21,-0.35262797132089363,-0.4352119496698615,,-0.49594050843551474,0.475,16.540747570749698,0.01156785714285714,42297
riskadj,90,0,0.3,volinv,5,-0.17699926478330355,-0.21854841611378906,,-0.39653606802083663,0.45,55.840807971741214,0.03905255712269739,42297
riskadj,90,0,0.3,volinv,10,-0.21197823238133653,-0.26115504003565015,,-0.40921378169432643,0.475,33.80801228521071,0.023643807798074692,42297
riskadj,90,0,0.3,volinv,21,-0.3137997512194421,-0.3862942618663781,,-0.48372856324668523,0.475,20.409620641366217,0.014273573483264997,42297
riskadj,90,2,0.1,equal,5,-0.18378771175901576,-0.22647261033664542,,-0.4531330317108204,0.45,56.05163486772112,0.0392,42297
riskadj,90,2,0.1,equal,10,0.04932905790484413,0.06096192437946876,,-0.3781986608572929,0.4875,37.41541953330023,0.026166666666666668,42297
riskadj,90,2,0.1,equal,21,-0.26816380724345146,-0.33247453292039786,,-0.4378316213056186,0.45,25.07071423505213,0.017533333333333335,42297
riskadj,90,2,0.1,volinv,5,-0.19020093465369695,-0.23395655954851358,,-0.4416567009999012,0.5,69.27898268893115,0.04845061393508136,42297
riskadj,90,2,0.1,volinv,10,0.079698548150302,0.09846467274382832,,-0.40746981927659887,0.5125,43.756584589422495,0.030601393161025184,42297
riskadj,90,2,0.1,volinv,21,-0.2783401355356118,-0.3445052724514392,,-0.449048306295442,0.475,27.072194888643057,0.018933079153520757,42297
riskadj,90,2,0.2,equal,5,-0.2725796771122721,-0.33713641470292005,,-0.45321365145056514,0.475,39.903425774877654,0.02790666666666667,42297
riskadj,90,2,0.2,equal,10,-0.22928968054389873,-0.2840558932821858,,-0.41265958249149726,0.45,27.787502659763106,0.019433333333333334,42297
riskadj,90,2,0.2,equal,21,-0.3129174227675237,-0.38554184586354984,,-0.4899263830012798,0.4625,19.122377473579686,0.013373333333333334,42297
riskadj,90,2,0.2,volinv,5,-0.30624556000170156,-0.3785919369638486,,-0.4497354514637979,0.4625,59.07562377749333,0.04131484224399198,42297
riskadj,90,2,0.2,volinv,10,-0.1196848009849679,-0.1483811410438507,,-0.3860065872927537,0.45,36.63207262251005,0.025618828963530214,42297
riskadj,90,2,0.2,volinv,21,-0.25375929617592113,-0.3113136959036114,,-0.5031275061816642,0.5,22.30413512272393,0.015598511959091501,42297
riskadj,90,2,0.3,equal,5,-0.17114936004672898,-0.2114933331218007,,-0.38520396022309544,0.4875,34.35818143130718,0.024028571428571427,42297
riskadj,90,2,0.3,equal,10,-0.09639375618585178,-0.1192454218375106,,-0.41418494237398007,0.45,23.235690474501737,0.01625,42297
riskadj,90,2,0.3,equal,21,-0.24058251528941557,-0.2972083991705779,,-0.43706201971710934,0.4625,15.468331087311158,0.010817857142857143,42297
riskadj,90,2,0.3,volinv,5,-0.1747865808058184,-0.21597459086789253,,-0.38203753747159985,0.5,55.98481075091589,0.039153266209184676,42297
riskadj,90,2,0.3,volinv,10,-0.011248207261549851,-0.013914998033000212,,-0.40233146977674517,0.475,33.67011141939009,0.023547366116169692,42297
riskadj,90,2,0.3,volinv,21,-0.19253549274110904,-0.23740297508766117,,-0.46319587504521964,0.475,19.324684016243754,0.013514817457590311,42297
blend,5,0,0.1,equal,5,-0.3625382940925132,-0.47314571294289154,,-0.48025651953409043,0.4375,167.89275835165614,0.11741666666666666,42297
blend,5,0,0.1,equal,10,-0.5082880540674343,-0.6707128597367388,,-0.5399491311785352,0.425,90.91708631817859,0.06358333333333333,42297
blend,5,0,0.1,equal,21,0.23962329806772106,0.3136952008116796,,-0.3193046808850365,0.5125,41.99106319597134,0.029366666666666662,42297
blend,5,0,0.1,volinv,5,-0.36424556978861494,-0.47251823251096975,,-0.5033086641168116,0.4375,170.83007204936644,0.1194708921539691,42297
blend,5,0,0.1,volinv,10,-0.4162057919678322,-0.5444871752325404,,-0.49250427276852626,0.4375,91.70469590886114,0.06413415216364253,42297
blend,5,0,0.1,volinv,21,0.25880737214079713,0.3386773016995366,,-0.33849848881356637,0.4875,42.72687847479637,0.029881262877785416,42297
blend,5,0,0.2,equal,5,-0.3768274930045868,-0.4938731302585582,,-0.5143136086190347,0.475,140.991105752181,0.09860285714285716,42297
blend,5,0,0.2,equal,10,-0.5002218539612191,-0.6574395324079428,,-0.5426607686787778,0.425,81.31300092205123,0.05686666666666666,42297
blend,5,0,0.2,equal,21,0.0829139602594099,0.10963661347621771,,-0.34958067245868674,0.5375,36.180949003475426,0.025303333333333334,42297
blend,5,0,0.2,volinv,5,-0.3627650774222551,-0.47045679822774567,,-0.5480469901834099,0.45,148.2150100196278,0.10365493185846886,42297
blend,5,0,0.2,volinv,10,-0.4604547766703485,-0.5998204829628181,,-0.5044127506959448,0.425,83.53937578452279,0.058423693412003305,42297
blend,5,0,0.2,volinv,21,0.1023336337154825,0.1341886616577099,,-0.31967545700701816,0.5375,37.610274941069726,0.026302939801296735,42297
blend,5,0,0.3,equal,5,-0.27139227651773734,-0.35970728950295566,,-0.4703431691472707,0.5125,121.61883821547627,0.08505476190476191,42297
blend,5,0,0.3,equal,10,-0.40717278622766945,-0.5388037900790016,,-0.48109851813085935,0.425,72.49819136108944,0.05070198412698412,42297
blend,5,0,0.3,equal,21,0.25470849713344634,0.33732709951912576,,-0.31346635165933934,0.575,31.372437761543377,0.02194047619047619,42297
blend,5,0,0.3,volinv,5,-0.21471450707626508,-0.28287912978402996,,-0.4899008355329846,0.45,130.87824433275483,0.09153037533965824,42297
blend,5,0,0.3,volinv,10,-0.4433425101626884,-0.5801343713263319,,-0.4826355429104475,0.425,76.17402524161068,0.05327269751396175,42297
blend,5,0,0.3,volinv,21,0.28090993055649094,0.37038964645988814,,-0.2677746742823346,0.55,33.32987656451201,0.023309421115230895,42297
blend,5,2,0.1,equal,5,-0.33437523772616784,-0.43643156782213044,,-0.46414861732205237,0.475,167.9880842612951,0.11748333333333333,42297
blend,5,2,0.1,equal,10,-0.18564901168654235,-0.24298220928166128,,-0.3713090762169382,0.4375,91.13156961486631,0.06373333333333334,42297
blend,5,2,0.1,equal,21,0.09206272478695626,0.12212592669058875,,-0.31772588722419615,0.55,43.15880558904887,0.03018333333333333,42297
blend,5,2,0.1,volinv,5,-0.34449504051357277,-0.4422316137367202,,-0.4644576849956602,0.475,171.97233914170573,0.12026974253764428,42297
blend,5,2,0.1,volinv,10,-0.17248912291470006,-0.2243797542112894,,-0.3331645212950317,0.425,92.21370655748385,0.06449013138660536,42297
blend,5,2,0.1,volinv,21,0.0907434643087577,0.11979969084396871,,-0.3075469855062105,0.5375,43.72428526613974,0.030578804462663894,42297
blend,5,2,0.2,equal,5,-0.2048762980858551,-0.2735254131722807,,-0.40878289355055775,0.3875,140.86377757287752,0.09851380952380953,42297
blend,5,2,0.2,equal,10,-0.04405771991944585,-0.058305257596409504,,-0.2564583676248674,0.4625,78.32657635293283,0.05477809523809524,42297
blend,5,2,0.2,equal,21,0.17604162562410267,0.2350684604122361,,-0.2663195452062386,0.5625,37.01436981346195,0.025886190476190476,42297
blend,5,2,0.2,volinv,5,-0.36547001406616997,-0.4812996859257605,,-0.4518390355271611,0.4,148.32813602095052,0.10373404711108042,42297
blend,5,2,0.2,volinv,10,-0.16219816335794296,-0.21382705432572563,,-0.3055235863408412,0.45,81.3938392792347,0.05692320138878621,42297
blend,5,2,0.2,volinv,21,0.24192366642618873,0.32172232590236094,,-0.23405899798633067,0.575,38.06321752798528,0.026619707536064702,42297
blend,5,2,0.3,equal,5,-0.29607829656125895,-0.39428638738583144,,-0.39758491746556657,0.4125,123.571317114689,0.0864202380952381,42297
blend,5,2,0.3,equal,10,-0.03547842241457232,-0.04698218860748386,,-0.2961922171117656,0.5125,70.15759982977517,0.04906507936507936,42297
blend,5,2,0.3,equal,21,0.34539302827123297,0.46212619257284,,-0.25012297742684,0.6125,32.87722533513015,0.02299285714285714,42297
blend,5,2,0.3,volinv,5,-0.39148001488416845,-0.5183958776219924,,-0.45545813207426955,0.4125,133.4599932211375,0.09333593474329449,42297
blend,5,2,0.3,volinv,10,-0.09922370611638631,-0.13084322649557603,,-0.31030881116536924,0.45,74.3935745950825,0.05202753016944783,42297
blend,5,2,0.3,volinv,21,0.3971354119229852,0.5302291881157464,,-0.2404088686183361,0.6125,34.652033634335815,0.024234078482663724,42297
blend,10,0,0.1,equal,5,-0.3933899617210329,-0.5133472043808561,,-0.4738077164721378,0.4,147.0163841407192,0.10281666666666667,42297
blend,10,0,0.1,equal,10,-0.2695489088025004,-0.3543301377909477,,-0.3857723210087848,0.4875,86.05546492659053,0.06018333333333334,42297
blend,10,0,0.1,equal,21,0.005970860794650418,0.00783545822321407,,-0.2534188834886746,0.5,41.728916944464146,0.029183333333333332,42297
blend,10,0,0.1,volinv,5,-0.4436204812144919,-0.5749796181893407,,-0.49196229087214616,0.4,152.76637852896337,0.10683795490475467,42297
blend,10,0,0.1,volinv,10,-0.3561299790056416,-0.46412283736772264,,-0.42078263767256985,0.475,87.85315907403731,0.06144056000916924,42297
blend,10,0,0.1,volinv,21,0.0490379536897987,0.06413919606912438,,-0.2314062882478276,0.5125,42.18524190324519,0.029502466547314192,42297
blend,10,0,0.2,equal,5,-0.2043381086914774,-0.2676204940993478,,-0.4024918820197254,0.4125,116.67891339811335,0.0816,42297
blend,10,0,0.2,equal,10,-0.1978110317798988,-0.2588687083383028,,-0.3069712780531316,0.4375,71.51009291439108,0.05001095238095238,42297
blend,10,0,0.2,equal,21,-0.054734812264203764,-0.0714565420662202,,-0.30622590043218456,0.5375,36.68141002908008,0.025653333333333334,42297
blend,10,0,0.2,volinv,5,-0.23466735895217905,-0.30498453390379276,,-0.41762885598670607,0.4125,126.59867425903042,0.08853743593145187,42297
blend,10,0,0.2,volinv,10,-0.25760560819167583,-0.3351886742929477,,-0.339910545311664,0.4125,74.92650199600253,0.0524002356965099,42297
blend,10,0,0.2,volinv,21,0.010398658279539296,0.013561138211826381,,-0.2917245350550829,0.525,38.051243841463574,0.02661133367662673,42297
blend,10,0,0.3,equal,5,-0.14076213565047538,-0.18392010251083482,,-0.3954380494311234,0.5,98.42854103127883,0.06883650793650793,42297
blend,10,0,0.3,equal,10,-0.11639901175813326,-0.15264823908284944,,-0.28334446845937,0.4625,61.26845875594014,0.04284841269841269,42297
blend,10,0,0.3,equal,21,0.05388598382077448,0.07007061443113055,,-0.3123606097854079,0.575,32.88914107383503,0.023001190476190474,42297
blend,10,0,0.3,volinv,5,-0.2159073456378382,-0.28131393023580176,,-0.3991446713472696,0.45,111.57633301863339,0.0780314840887754,42297
blend,10,0,0.3,volinv,10,-0.17912665941118575,-0.23237373149984933,,-0.27997426521706226,0.45,66.57810628565946,0.04656174208936075,42297
blend,10,0,0.3,volinv,21,0.08418293899054814,0.10937509854577636,,-0.29135023564605067,0.575,34.472251923558275,0.024108347215786117,42297
blend,10,2,0.1,equal,5,-0.5688201471435035,-0.7510891495311222,,-0.5896829904112875,0.425,146.9687211858997,0.10278333333333334,42297
blend,10,2,0.1,equal,10,-0.4814843539660576,-0.6378619620455249,,-0.5214775593057003,0.425,84.53025037236684,0.059116666666666665,42297
blend,10,2,0.1,equal,21,0.010746849778609548,0.014118105331625119,,-0.2658805364353688,0.425,42.63451308603447,0.02981666666666666,42297
blend,10,2,0.1,volinv,5,-0.6240532425432166,-0.816962720848862,,-0.6180214681898846,0.4375,152.44954889646036,0.10661637846682513,42297
blend,10,2,0.1,volinv,10,-0.5127796762144443,-0.6748742042662996,,-0.5414038193031077,0.4375,86.4132266465577,0.06043353583778854,42297
blend,10,2,0.1,volinv,21,0.028728396105235393,0.03757645214995638,,-0.2698002267042322,0.4875,43.444203761320196,0.03038292801740344,42297
blend,10,2,0.2,equal,5,-0.32465179841551584,-0.42994830732200184,,-0.4651308151490202,0.4375,117.87184906730974,0.08243428571428574,42297
blend,10,2,0.2,equal,10,-0.11471120063830947,-0.15283722831887855,,-0.36950747842855347,0.4375,71.12129938293496,0.04973904761904763,42297
blend,10,2,0.2,equal,21,-0.2194420641422677,-0.2908260548392289,,-0.3794331466600114,0.5125,36.797843818710554,0.025734761904761906,42297
blend,10,2,0.2,volinv,5,-0.4835899078318312,-0.6317440581126965,,-0.5559298242547263,0.425,127.96310524532458,0.08949165778044796,42297
blend,10,2,0.2,volinv,10,-0.1483252588107817,-0.19658901248243246,,-0.3807061312730885,0.475,74.37865988886807,0.052017099492715824,42297
blend,10,2,0.2,volinv,21,-0.0995949221056488,-0.1314864228740452,,-0.3181816886180635,0.525,37.99266999081838,0.026570369752011325,42297
blend,10,2,0.3,equal,5,-0.21879912057241244,-0.29182780205276826,,-0.3937038783431678,0.45,98.59683665508193,0.06895420634920633,42297
blend,10,2,0.3,equal,10,-0.0037421419262368073,-0.004997446844453394,,-0.3318201712334773,0.4875,60.98645293992481,0.042651190476190474,42297
blend,10,2,0.3,equal,21,-0.22032304942761535,-0.29223402161044876,,-0.3657682139995113,0.525,33.09000638343145,0.023141666666666668,42297
blend,10,2,0.3,volinv,5,-0.4008792738871191,-0.5301352652661291,,-0.5010920041052818,0.4125,111.536872618612,0.07800388725445488,42297
blend,10,2,0.3,volinv,10,-0.1098170682117705,-0.1451588471369477,,-0.34490271576753095,0.45,66.33204137896892,0.04638965532748427,42297
blend,10,2,0.3,volinv,21,-0.1060855532924134,-0.14024455198240476,,-0.3029591414523106,0.55,34.66114949867956,0.024240453709418807,42297
blend,20,0,0.1,equal,5,-0.4038787369156549,-0.5219927915531658,,-0.514706366186503,0.375,109.67245903964819,0.07669999999999999,42297
blend,20,0,0.1,equal,10,-0.3230134305999941,-0.41886543248086405,,-0.4941152035591503,0.425,71.40387261507908,0.04993666666666666,42297
blend,20,0,0.1,equal,21,0.12285589358564408,0.15892152964772346,,-0.30085169774183496,0.5125,38.273352720051065,0.026766666666666664,42297
blend,20,0,0.1,volinv,5,-0.4121838268040023,-0.5298996092382869,,-0.5315590294223994,0.4125,118.529669207786,0.08289433562304438,42297
blend,20,0,0.1,volinv,10,-0.24917195589763977,-0.32117468594242865,,-0.4515477024394421,0.4375,74.03486158361129,0.0517766623743718,42297
blend,20,0,0.1,volinv,21,0.09803673124176755,0.12631644962186328,,-0.27634865878133374,0.5125,39.370686984390005,0.027534093045283467,42297
blend,20,0,0.2,equal,5,-0.41119227431212285,-0.5288073148030293,,-0.4759989135661712,0.45,85.72522873962693,0.059952380952380965,42297
blend,20,0,0.2,equal,10,-0.3809222442928507,-0.4963654138833947,,-0.4723032059777631,0.45,58.68058727569332,0.04103857142857143,42297
blend,20,0,0.2,equal,21,-0.0019059290380404048,-0.0024662933568102103,,-0.31378935457397106,0.5125,32.210624867011845,0.02252666666666667,42297
blend,20,0,0.2,volinv,5,-0.4937832356801566,-0.6355085779383556,,-0.526858591685121,0.425,99.08351965409237,0.06929457061523056,42297
blend,20,0,0.2,volinv,10,-0.3730544013515744,-0.4861070275289004,,-0.46849386946695615,0.4625,63.42313250231469,0.04435529489832018,42297
blend,20,0,0.2,volinv,21,0.010105419108503728,0.01309467335339858,,-0.3104307978195284,0.525,34.01460375659242,0.023788288609335146,42297
blend,20,0,0.3,equal,5,-0.3516577263481032,-0.45484643804668484,,-0.42245437330872493,0.4625,72.06979218384282,0.05040238095238095,42297
blend,20,0,0.3,equal,10,-0.22502114923851715,-0.29466231084570266,,-0.3818856251833441,0.4625,49.42307965103908,0.034564285714285714,42297
blend,20,0,0.3,equal,21,0.04374389531709193,0.05681462771964894,,-0.3151710390782769,0.5375,28.48996382722179,0.01992460317460317,42297
blend,20,0,0.3,volinv,5,-0.4834141300814188,-0.6220395282932581,,-0.4946049961981892,0.45,88.20429760006196,0.06168613054877349,42297
blend,20,0,0.3,volinv,10,-0.2534156831998707,-0.32926463952973073,,-0.40417729237056843,0.425,55.66273931392162,0.038928023888243096,42297
blend,20,0,0.3,volinv,21,0.10972604394281038,0.143115587826311,,-0.3065177954782089,0.5125,30.57319307198979,0.02138152029374921,42297
blend,20,2,0.1,equal,5,-0.38909126678408373,-0.5107022482768672,,-0.5014028748771194,0.425,114.00978792822185,0.07973333333333334,42297
blend,20,2,0.1,equal,10,-0.076271449784019,-0.09957559171231432,,-0.46025172377634893,0.45,74.0682317894886,0.0518,42297
blend,20,2,0.1,equal,21,-0.057255597779489756,-0.07352914100841731,,-0.40158587953726965,0.4875,39.77473579686502,0.02781666666666666,42297
blend,20,2,0.1,volinv,5,-0.46917835889849374,-0.610532645090466,,-0.5381296732033247,0.4125,122.54634115468542,0.08570341587003519,42297
blend,20,2,0.1,volinv,10,-0.09565046971290553,-0.12440094629279658,,-0.47725730445211967,0.4,76.19593926009011,0.05328802319583386,42297
blend,20,2,0.1,volinv,21,-0.004294433111929781,-0.005499967368050184,,-0.34432109977566816,0.5,40.45574949962932,0.028292937112860798,42297
blend,20,2,0.2,equal,5,-0.1874473054049237,-0.24529364421849514,,-0.37129728545038854,0.45,86.15147173558408,0.0602504761904762,42297
blend,20,2,0.2,equal,10,0.06903672133133266,0.09119354659332332,,-0.3409404517454072,0.475,57.673537130292935,0.04033428571428572,42297
blend,20,2,0.2,equal,21,-0.16596033506291527,-0.21387427777269366,,-0.4667180252825476,0.4625,32.97799843960565,0.023063333333333335,42297
blend,20,2,0.2,volinv,5,-0.33823184153251423,-0.4432430577516683,,-0.47638542249614657,0.425,100.16957342544208,0.07005410792288233,42297
blend,20,2,0.2,volinv,10,0.012695371555559203,0.01667475253317697,,-0.40943512943929317,0.425,62.84284706890973,0.043949469286932455,42297
blend,20,2,0.2,volinv,21,-0.07297980178794436,-0.09425296832172303,,-0.4048647035049421,0.475,34.62525392289893,0.02421534995332103,42297
blend,20,2,0.3,equal,5,-0.42157923420184135,-0.5527395296462959,,-0.510081636543273,0.4375,71.96255053549898,0.05032738095238095,42297
blend,20,2,0.3,equal,10,-0.17703302262074255,-0.23325726900373758,,-0.4205026095975637,0.4875,48.98730406411802,0.0342595238095238,42297
blend,20,2,0.3,equal,21,-0.15160087517350973,-0.19637504664144265,,-0.43947158389780105,0.5125,28.512660472373927,0.01994047619047619,42297
blend,20,2,0.3,volinv,5,-0.5292648591118985,-0.69521613577115,,-0.573697959027496,0.425,88.03968741373694,0.061571009565787545,42297
blend,20,2,0.3,volinv,10,-0.2147744477265458,-0.28109278496994744,,-0.4537586271136701,0.45,55.43276758925545,0.03876719197623574,42297
blend,20,2,0.3,volinv,21,-0.048154909242758,-0.06253290068075387,,-0.38759393677837617,0.55,30.68990337630312,0.021463142247147696,42297
blend,30,0,0.1,equal,5,-0.06982785415914011,-0.09032849122978005,,-0.2815086189913045,0.4375,93.94368394921625,0.0657,42297
blend,30,0,0.1,equal,10,-0.14840408455157622,-0.18847418828132814,,-0.41037385406476323,0.4625,62.48613376835236,0.043699999999999996,42297
blend,30,0,0.1,equal,21,-0.05619418757866096,-0.07106133748549637,,-0.3575789821098222,0.45,35.60422725015959,0.024899999999999995,42297
blend,30,0,0.1,volinv,5,-0.12858264242229261,-0.16595440605227196,,-0.3039816095084874,0.475,104.1272125671653,0.07282190327303889,42297
blend,30,0,0.1,volinv,10,-0.13251950264893758,-0.1681752968325655,,-0.38461017288862687,0.475,66.49096208467458,0.046500797342848565,42297
blend,30,0,0.1,volinv,21,-0.03531302813152011,-0.044791258746479344,,-0.3540581864428499,0.45,36.4421236263013,0.025485987153136012,42297
blend,30,0,0.2,equal,5,-0.04569234679341327,-0.05828707189803419,,-0.3087016363490884,0.45,69.88001985956451,0.04887095238095238,42297
blend,30,0,0.2,equal,10,-0.1114842036035188,-0.14174575986867766,,-0.3654092766053112,0.4875,47.25305340804312,0.03304666666666666,42297
blend,30,0,0.2,equal,21,-0.1853045439204425,-0.23430399339794772,,-0.39682136941984736,0.4875,29.688573657706222,0.020762857142857142,42297
blend,30,0,0.2,volinv,5,-0.12909924652239363,-0.16389891908600338,,-0.33755739450829947,0.4625,85.79023016518421,0.05999784003466925,42297
blend,30,0,0.2,volinv,10,-0.07756193379552062,-0.0983712026110813,,-0.36077215875702584,0.4875,54.09551044816176,0.03783197429606313,42297
blend,30,0,0.2,volinv,21,-0.12138040257919018,-0.15392423379769687,,-0.3854249203832807,0.475,31.576233426321043,0.022083001739965292,42297
blend,30,0,0.3,equal,5,-0.06193946761177195,-0.07955887001640864,,-0.2946170020857065,0.45,58.79338960209944,0.04111746031746032,42297
blend,30,0,0.3,equal,10,-0.04971781224468451,-0.0641325563241286,,-0.3475426648760148,0.5125,39.75828072912972,0.02780515873015873,42297
blend,30,0,0.3,equal,21,-0.040509099197434936,-0.0514329605150085,,-0.3681455374030509,0.55,24.422157599829774,0.017079761904761903,42297
blend,30,0,0.3,volinv,5,-0.12425901057384874,-0.1596672784903203,,-0.2956567370310348,0.45,76.99947403128728,0.05384997938328965,42297
blend,30,0,0.3,volinv,10,-0.013511839754004624,-0.01728682099157878,,-0.3479253311765387,0.475,47.87093542131102,0.03347878564013215,42297
blend,30,0,0.3,volinv,21,0.0037952942916992163,0.0048245686369241605,,-0.3551463874356747,0.5,27.054518574817713,0.01892071713225967,42297
blend,30,2,0.1,equal,5,-0.3490386674241514,-0.44827318101153923,,-0.4492813586605745,0.4125,98.61465352152635,0.06896666666666668,42297
blend,30,2,0.1,equal,10,0.059434129885236615,0.07753186440442578,,-0.4329059530739031,0.4625,62.819774452088794,0.04393333333333333,42297
blend,30,2,0.1,equal,21,-0.17743305641573698,-0.2255039288743701,,-0.4860628529933291,0.4375,36.033193843535,0.0252,42297
blend,30,2,0.1,volinv,5,-0.38681276496517597,-0.49486370356459436,,-0.48888306252521607,0.4125,108.380156464821,0.07579622152765433,42297
blend,30,2,0.1,volinv,10,0.04780339011687529,0.062084505224470815,,-0.4232101671223324,0.4875,66.67345834715832,0.04662842704546553,42297
blend,30,2,0.1,volinv,21,-0.10203182748976536,-0.1295362150701928,,-0.46247106683250017,0.425,37.132733085346956,0.02596896844098744,42297
blend,30,2,0.2,equal,5,-0.18537684725802664,-0.2384385226177555,,-0.34779970023917306,0.45,71.53937158663734,0.050031428571428574,42297
blend,30,2,0.2,equal,10,-0.14639479792024357,-0.1877125937185243,,-0.4410593352331945,0.45,47.12912972551244,0.03296,42297
blend,30,2,0.2,equal,21,-0.28560913785657166,-0.3594154624409838,,-0.5400049808444614,0.45,29.273225051422084,0.020472380952380954,42297
blend,30,2,0.2,volinv,5,-0.31482997285564207,-0.40386283212899254,,-0.43109167610004107,0.425,86.70626667850682,0.06063847489584661,42297
blend,30,2,0.2,volinv,10,-0.20143344584264794,-0.25750363264833603,,-0.4894801686400767,0.425,54.193023641906116,0.037900170651152504,42297
blend,30,2,0.2,volinv,21,-0.17237972918859334,-0.21731773320413217,,-0.4740401032684699,0.4875,30.90908462130152,0.021616427781534234,42297
blend,30,2,0.3,equal,5,-0.08487300547692679,-0.10918229415517798,,-0.3102517987990602,0.5,58.07447336690546,0.04061468253968254,42297
blend,30,2,0.3,equal,10,-0.15901067508962122,-0.205871195444898,,-0.43947361750082803,0.4875,39.98411234839351,0.02796309523809524,42297
blend,30,2,0.3,equal,21,-0.06649254653649697,-0.08509438766727745,,-0.42234637771591343,0.475,24.668983615859283,0.017252380952380953,42297
blend,30,2,0.3,volinv,5,-0.2076377560223718,-0.2664949285193443,,-0.3720679061498471,0.45,75.8364866063337,0.053036638128110054,42297
blend,30,2,0.3,volinv,10,-0.16836558721968428,-0.21628441043936894,,-0.4692842480958219,0.475,47.99445974770187,0.03356517301502225,42297
blend,30,2,0.3,volinv,21,0.023015747033220388,0.029600680623262963,,-0.38362547123674695,0.475,27.374703397544287,0.0191446400397806,42297
blend,45,0,0.1,equal,5,-0.35187621576151945,-0.44423435772136644,,-0.42517047129519236,0.4,80.64571955457832,0.05639999999999999,42297
blend,45,0,0.1,equal,10,-0.16843010758624472,-0.21187525792411088,,-0.3837652854221981,0.425,53.334846443010136,0.0373,42297
blend,45,0,0.1,equal,21,-0.14208318880238455,-0.17750138444037908,,-0.4946077703641907,0.4375,32.839775870629126,0.022966666666666663,42297
blend,45,0,0.1,volinv,5,-0.3541176565345563,-0.4443900503781023,,-0.45028244724902455,0.425,91.15628820287864,0.0637506204053763,42297
blend,45,0,0.1,volinv,10,-0.11167847253523239,-0.13999788298615096,,-0.3651054989096748,0.4375,57.45796681050791,0.04018352549907495,42297
blend,45,0,0.1,volinv,21,-0.13092511934590584,-0.1630460764544667,,-0.48415546356723715,0.4375,34.3297415373544,0.02400868184202181,42297
blend,45,0,0.2,equal,5,-0.3468707740640098,-0.43850765399514513,,-0.44084502802014214,0.475,57.80563160507838,0.040426666666666666,42297
blend,45,0,0.2,equal,10,-0.1800483919462138,-0.22581775192333195,,-0.39283440739326214,0.4625,39.55957160082275,0.027666190476190476,42297
blend,45,0,0.2,equal,21,-0.056522429076006,-0.07074125651244274,,-0.4326012280041768,0.4375,24.615192566848716,0.017214761904761903,42297
blend,45,0,0.2,volinv,5,-0.39717058882933515,-0.5003681068102854,,-0.4630071149799282,0.45,74.54090334279888,0.05213056528919252,42297
blend,45,0,0.2,volinv,10,-0.13593283779320828,-0.1703522968379993,,-0.36966237996137463,0.4625,46.85009759974452,0.032764857443392754,42297
blend,45,0,0.2,volinv,21,0.017034451870550162,0.02127247851622091,,-0.3800855350081479,0.475,27.16721187542381,0.018999529773392868,42297
blend,45,0,0.3,equal,5,-0.4479746110877511,-0.5599883387424568,,-0.49180504261055735,0.4375,49.19497836726009,0.0344047619047619,42297
blend,45,0,0.3,equal,10,-0.2299469081845969,-0.2890083261920942,,-0.40483196497066953,0.45,33.768068657351584,0.02361587301587302,42297
blend,45,0,0.3,equal,21,-0.11899012855705965,-0.14836928547904019,,-0.41733335646251035,0.5,21.636144407404778,0.015131349206349207,42297
blend,45,0,0.3,volinv,5,-0.4811489187681554,-0.6014845261316224,,-0.5077135350376567,0.4125,67.73150802847601,0.04736837954828785,42297
blend,45,0,0.3,volinv,10,-0.19337051472810765,-0.2417830923922331,,-0.3806792545134152,0.425,41.919580953749566,0.02931667519181126,42297
blend,45,0,0.3,volinv,21,-0.020183142741242267,-0.025142774315062344,,-0.3828283008580221,0.4875,24.705576680731433,0.017277972501073036,42297
blend,45,2,0.1,equal,5,-0.4020123706754485,-0.5104700089351593,,-0.4927110627406751,0.425,81.3606638768707,0.0569,42297
blend,45,2,0.1,equal,10,-0.07355591933560555,-0.09384681206334175,,-0.3742191311454216,0.4625,52.953542804454216,0.037033333333333335,42297
blend,45,2,0.1,equal,21,0.20510701080858496,0.2580508382310329,,-0.33619234789423613,0.4625,33.38789985105326,0.023350000000000003,42297
blend,45,2,0.1,volinv,5,-0.43773310024524237,-0.5506202898000686,,-0.5199731280560859,0.4375,91.62017868078706,0.06407504460418734,42297
blend,45,2,0.1,volinv,10,-0.1524183682766462,-0.19265100326511686,,-0.428802038014772,0.475,56.97982739019924,0.03984913622888984,42297
blend,45,2,0.1,volinv,21,0.18080292771659312,0.22640841216659707,,-0.34820026175555374,0.45,34.94352333740368,0.024437933310220955,42297
blend,45,2,0.2,equal,5,-0.36172789070130457,-0.45512445960665004,,-0.47051893113041576,0.4625,59.588907014681894,0.04167380952380952,42297
blend,45,2,0.2,equal,10,-0.09082277945695343,-0.11653715845914478,,-0.40021061750295395,0.4875,40.23979005603235,0.02814190476190476,42297
blend,45,2,0.2,equal,21,-0.13490322635457797,-0.16846637465214265,,-0.41530030820050967,0.4375,25.375076246542307,0.017746190476190478,42297
blend,45,2,0.2,volinv,5,-0.39826547769192855,-0.4976440634095157,,-0.4974669630863897,0.4,75.3119257139701,0.052669783761967494,42297
blend,45,2,0.2,volinv,10,-0.04821517612307432,-0.06140913690271087,,-0.40956443506757856,0.4625,47.046363214070844,0.03290211681325321,42297
blend,45,2,0.2,volinv,21,-0.10842313829713472,-0.13468477813428759,,-0.3909756914203252,0.4375,27.774160121544664,0.019424002160399707,42297
blend,45,2,0.3,equal,5,-0.2518015228989137,-0.3216355118820857,,-0.410724659971611,0.4375,47.51088729697142,0.03322698412698412,42297
blend,45,2,0.3,equal,10,-0.0858360271161123,-0.10979125435586776,,-0.3558587262536851,0.4625,33.062770409248884,0.023122619047619048,42297
blend,45,2,0.3,equal,21,-0.06558173549495759,-0.08218451753152237,,-0.3723859971408108,0.4375,21.32122845591886,0.01491111111111111,42297
blend,45,2,0.3,volinv,5,-0.3489473175355349,-0.44191276045573863,,-0.462138021641583,0.4125,66.6538183817687,0.046614691734353016,42297
blend,45,2,0.3,volinv,10,-0.06811752393826466,-0.08613580030739922,,-0.37288614297668976,0.45,41.62593050081371,0.02911130923268712,42297
blend,45,2,0.3,volinv,21,0.016268032622521415,0.020471537915096746,,-0.329001228369424,0.425,24.132912491409872,0.016877476846050985,42297
blend,60,0,0.1,equal,5,0.028049593318118262,0.03483073802233462,,-0.3554666765768042,0.45,70.20753244910986,0.049100000000000005,42297
blend,60,0,0.1,equal,10,0.06634800548597419,0.08231241893306838,,-0.248320877762079,0.4625,46.519043903822975,0.03253333333333333,42297
blend,60,0,0.1,equal,21,-0.15333112544251318,-0.18834761249237167,,-0.4016508885133978,0.425,29.813178239591462,0.02085,42297
blend,60,0,0.1,volinv,5,0.11864686921404036,0.14743272693268303,,-0.29064983961672364,0.45,80.73610249060594,0.056463209772572076,42297
blend,60,0,0.1,volinv,10,0.15601278561966006,0.19392450762666374,,-0.25076142763147347,0.4625,50.70631156637167,0.03546172057412073,42297
blend,60,0,0.1,volinv,21,-0.09937649597847756,-0.1221263226245892,,-0.3642048338174927,0.4125,31.22909946673966,0.021840231814561628,42297
blend,60,0,0.2,equal,5,0.1222229293903686,0.15240694160931784,,-0.32208357164717893,0.475,47.27620398609831,0.033062857142857144,42297
blend,60,0,0.2,equal,10,0.09403240600333873,0.11700887799356995,,-0.24703410741000786,0.475,33.044045676998365,0.023109523809523812,42297
blend,60,0,0.2,equal,21,-0.1840053199909659,-0.227519333549443,,-0.4075723199582396,0.45,21.367983544932265,0.014943809523809522,42297
blend,60,0,0.2,volinv,5,0.09326129855589037,0.11612514897506462,,-0.36219579919989464,0.4625,64.25151811444493,0.0449346306495813,42297
blend,60,0,0.2,volinv,10,0.18813226044542902,0.23347025375272107,,-0.23585666298789898,0.4625,40.54871392076214,0.028357952260358407,42297
blend,60,0,0.2,volinv,21,-0.1246883713255498,-0.15424556926615135,,-0.3690301949867192,0.4875,24.260076063323545,0.01696640934607136,42297
blend,60,0,0.3,equal,5,0.01552073067982632,0.019373043603047098,,-0.3203538839887845,0.5,41.45485495425208,0.028991666666666666,42297
blend,60,0,0.3,equal,10,-0.06519102946208774,-0.08146212430381644,,-0.32594786307458845,0.45,28.66416057876445,0.02004642857142857,42297
blend,60,0,0.3,equal,21,-0.18611942079719201,-0.22927501992035623,,-0.4322360162739658,0.475,17.961557557273565,0.012561507936507935,42297
blend,60,0,0.3,volinv,5,-0.00349513873275539,-0.004357479291562761,,-0.3585432343079219,0.4625,60.03525631177636,0.04198596620732811,42297
blend,60,0,0.3,volinv,10,-0.02504212042736591,-0.031173022303419767,,-0.3141672304258347,0.45,37.2938516961633,0.02608164757262928,42297
blend,60,0,0.3,volinv,21,-0.10155096684723124,-0.12512721366016924,,-0.40263295142103217,0.475,21.503838420359273,0.015038820331778046,42297
blend,60,2,0.1,equal,5,-0.07693408766393582,-0.09529214246838488,,-0.34050184782930404,0.45,73.06730973827932,0.05109999999999999,42297
blend,60,2,0.1,equal,10,-0.024441642014579837,-0.030473841193482256,,-0.35905189892662315,0.425,45.92325696857934,0.03211666666666666,42297
blend,60,2,0.1,equal,21,-0.22681123102406275,-0.2777324251230736,,-0.43772344866145696,0.425,30.24214483296688,0.021149999999999995,42297
blend,60,2,0.1,volinv,5,-0.14070756522219624,-0.17344608427781202,,-0.36223002405426086,0.425,83.96544722764212,0.05872166867373642,42297
blend,60,2,0.1,volinv,10,-0.04981198328406799,-0.06201070182855154,,-0.33674642355969153,0.4,50.9413491645645,0.03562609533091244,42297
blend,60,2,0.1,volinv,21,-0.19563016390404855,-0.23941328154151126,,-0.4296342043607163,0.4375,31.375121747205384,0.021942353249694877,42297
blend,60,2,0.2,equal,5,-0.05515380294563159,-0.06848353193242541,,-0.3415865587810287,0.4125,50.47030285835876,0.03529666666666667,42297
blend,60,2,0.2,equal,10,0.018444167497532138,0.02289818144016875,,-0.31567955927807356,0.475,34.311199375842264,0.02399571428571429,42297
blend,60,2,0.2,equal,21,-0.3126871570743177,-0.3837512992584975,,-0.4912547051997519,0.425,22.320561741967516,0.015610000000000002,42297
blend,60,2,0.2,volinv,5,-0.09697459117440065,-0.12023740666872242,,-0.38865041031461145,0.4125,67.21617590354809,0.04700797936826015,42297
blend,60,2,0.2,volinv,10,0.047092457794588136,0.058156405253389436,,-0.31354419214717466,0.475,41.763898398920176,0.02920779779396704,42297
blend,60,2,0.2,volinv,21,-0.2731587959009354,-0.33456691921631615,,-0.46810598656174507,0.4375,24.960477948267332,0.01745623901749113,42297
blend,60,2,0.3,equal,5,-0.005207602109067572,-0.006448413032895555,,-0.3095500805261636,0.45,41.49741116391234,0.029021428571428573,42297
blend,60,2,0.3,equal,10,0.04132765586580336,0.051716022401406776,,-0.3189718034979062,0.4875,27.403929356691968,0.019165079365079364,42297
blend,60,2,0.3,equal,21,-0.28603856348439005,-0.35438023933145185,,-0.4658638500128959,0.475,18.27704092488829,0.012782142857142857,42297
blend,60,2,0.3,volinv,5,-0.07200585986387342,-0.08896386789710134,,-0.3675183575997987,0.45,60.298971475830726,0.0421703967677449,42297
blend,60,2,0.3,volinv,10,0.04881232016703706,0.06083072485485951,,-0.29328537243987507,0.4875,36.132158106833224,0.02526921116806754,42297
blend,60,2,0.3,volinv,21,-0.2167736827355336,-0.2683067940585448,,-0.42676795388501965,0.4625,21.638372255892932,0.015132907263682263,42297
blend,90,0,0.1,equal,5,-0.13650873580570672,-0.16376346383719612,,-0.37483030312176524,0.425,59.07823249875877,0.04131666666666666,42297
blend,90,0,0.1,equal,10,-0.027385360561750456,-0.03304289056650452,,-0.31014847495915,0.4375,37.48691396552947,0.026216666666666666,42297
blend,90,0,0.1,equal,21,-0.1530815305926462,-0.18438039912112456,,-0.43582549425891204,0.4125,22.92588126817505,0.016033333333333333,42297
blend,90,0,0.1,volinv,5,-0.23870836909780624,-0.28488838403367855,,-0.42059998735321,0.4375,70.39315112182929,0.04922981337632298,42297
blend,90,0,0.1,volinv,10,-0.03494680793078321,-0.042211901037805956,,-0.33830253392066356,0.4,41.78282344748604,0.02922103312431079,42297
blend,90,0,0.1,volinv,21,-0.12073535958478637,-0.14539212819783554,,-0.42607494250934597,0.4,24.85825914455914,0.017384751769798576,42297
blend,90,0,0.2,equal,5,-0.20860469835602713,-0.25039918997065724,,-0.31024730688936886,0.3875,42.60046811830626,0.02979285714285715,42297
blend,90,0,0.2,equal,10,-0.20441512558357045,-0.24736189211450055,,-0.36418983233718416,0.4,28.416653663380384,0.019873333333333333,42297
blend,90,0,0.2,equal,21,-0.3008717211381217,-0.3623246399631566,,-0.4312436826058975,0.425,17.981190155330165,0.012575238095238096,42297
blend,90,0,0.2,volinv,5,-0.2438553893917741,-0.2924526751939999,,-0.34286266372511454,0.4,57.95493521755615,0.04053108291827004,42297
blend,90,0,0.2,volinv,10,-0.18353534034207333,-0.2215624939361272,,-0.3827806419395632,0.3875,35.654134857367765,0.024934903142560916,42297
blend,90,0,0.2,volinv,21,-0.2293963789401455,-0.27444639887956007,,-0.4083890705434965,0.4375,20.719113016332948,0.014490018572285625,42297
blend,90,0,0.3,equal,5,-0.21274869359471157,-0.25634880813059346,,-0.35249334877188987,0.3875,34.12383857011135,0.02386468253968254,42297
blend,90,0,0.3,equal,10,-0.20790957664503848,-0.2510027856178463,,-0.370952610823998,0.3375,22.89353854883325,0.016010714285714284,42297
blend,90,0,0.3,equal,21,-0.17353488694052577,-0.20895135550088925,,-0.40610897190078543,0.475,14.458330378040994,0.010111507936507936,42297
blend,90,0,0.3,volinv,5,-0.26575930714448215,-0.31895771160126657,,-0.39475578153974145,0.3625,52.47986647716221,0.036702065350273316,42297
blend,90,0,0.3,volinv,10,-0.13978866722849803,-0.16773850231453694,,-0.3601855888284361,0.3375,31.536413976125893,0.022055153802053522,42297
blend,90,0,0.3,volinv,21,-0.0858238525223034,-0.10284148425360026,,-0.3766603849896979,0.4625,18.171163478739167,0.012708096918985293,42297
blend,90,2,0.1,equal,5,-0.04993071974239412,-0.060684700508643774,,-0.40674407329665985,0.4,58.29179374423718,0.040766666666666666,42297
blend,90,2,0.1,equal,10,0.18146533410056204,0.22025471495125415,,-0.29586834311903765,0.45,36.748138165827356,0.025699999999999997,42297
blend,90,2,0.1,equal,21,-0.25016913296293936,-0.30004710996591744,,-0.4376517119072382,0.45,23.73615150010639,0.0166,42297
blend,90,2,0.1,volinv,5,-0.16046807331757912,-0.19388802412644027,,-0.4671114324523453,0.4,70.13839570266738,0.04905164885971763,42297
blend,90,2,0.1,volinv,10,0.1397342757622474,0.16979421277909912,,-0.3003784943359461,0.425,41.32074288354774,0.0288978746981716,42297
blend,90,2,0.1,volinv,21,-0.23357672050384823,-0.27898421122728995,,-0.435658900749442,0.4375,25.10152448391818,0.01755488063981956,42297
blend,90,2,0.2,equal,5,-0.09820094124485569,-0.11961035931083792,,-0.31604763876904307,0.425,40.27587772182424,0.028167142857142863,42297
blend,90,2,0.2,equal,10,-0.0653809973653507,-0.07996570353199663,,-0.32414672380507525,0.4125,26.910504291084482,0.01882,42297
blend,90,2,0.2,equal,21,-0.36645317602342414,-0.4412784570826342,,-0.4763057294950772,0.4375,17.648230370948294,0.012342380952380952,42297
blend,90,2,0.2,volinv,5,-0.15539545919854916,-0.18746651556089722,,-0.3858681161680263,0.425,57.627557228723795,0.04030212943292544,42297
blend,90,2,0.2,volinv,10,0.02667449129090573,0.032433154156651954,,-0.29452439390000673,0.4375,34.59281255132881,0.02419266191275719,42297
blend,90,2,0.2,volinv,21,-0.3255989963457496,-0.38986664924944014,,-0.4499787377548694,0.4625,20.267709902233577,0.014174327475773373,42297
blend,90,2,0.3,equal,5,-0.1135652899060092,-0.13826551093746745,,-0.3436926614172414,0.4125,32.52883183204483,0.02274920634920635,42297
blend,90,2,0.3,equal,10,-0.1287765188344794,-0.15615690597063075,,-0.35933788292971236,0.375,22.086672813674728,0.015446428571428571,42297
blend,90,2,0.3,equal,21,-0.32549594204209564,-0.3915530550107669,,-0.46067776651512693,0.4375,14.38343144903894,0.010059126984126983,42297
blend,90,2,0.3,volinv,5,-0.08892689720668533,-0.10793437617467727,,-0.3432348946760031,0.425,51.5127018328183,0.03602567376690998,42297
blend,90,2,0.3,volinv,10,0.042446308832566115,0.05131409470132645,,-0.3143965913641791,0.3875,31.23979555915186,0.021847712181968362,42297
blend,90,2,0.3,volinv,21,-0.19773332838399652,-0.23625517879248312,,-0.4014284547830733,0.425,17.953365732100483,0.012555778941313725,42297
PLACEBO,0,0,0.3,equal,5,-0.19130873108945423,-0.2608326495441005,,-0.43436029620554306,0.5375,142.3249875877722,0.09953571428571428,42297
PLACEBO,0,0,0.3,equal,5,-0.3941392476260254,-0.5350714577684571,,-0.3338327847934871,0.4125,142.94290375203917,0.09996785714285714,42297
PLACEBO,0,0,0.3,equal,5,-0.7793218744909971,-1.0643873176350938,,-0.5696902039668252,0.35,139.50606425987658,0.0975642857142857,42297
PLACEBO,0,0,0.3,equal,5,-0.1635649914022149,-0.22154661528872896,,-0.29247187713048406,0.4625,141.2576778494929,0.09878928571428572,42297
PLACEBO,0,0,0.3,equal,5,-0.3395461801939802,-0.4646782355775012,,-0.38446745258576565,0.4375,142.51904390382296,0.09967142857142858,42297
PLACEBO,0,0,0.3,equal,5,-0.3637971313323762,-0.4831928203002175,,-0.40093935055613417,0.4,139.05156394070502,0.09724642857142857,42297
PLACEBO,0,0,0.3,equal,5,-0.13257448227922683,-0.18294870908206334,,-0.3067702409581331,0.475,141.48237463649903,0.09894642857142857,42297
PLACEBO,0,0,0.3,equal,5,-0.3917374292935507,-0.5274380572068609,,-0.5139521493338401,0.45,142.21774593942834,0.09946071428571429,42297
PLACEBO,0,0,0.3,equal,5,-0.3905365333954366,-0.5212322428032664,,-0.4398883500870666,0.3625,142.10539754592526,0.09938214285714285,42297
PLACEBO,0,0,0.3,equal,5,-0.7863800390718263,-1.0380954935221336,,-0.5547631445745727,0.425,140.38953117242357,0.09818214285714286,42297
PLACEBO,0,0,0.3,equal,5,-0.3595952343887067,-0.4806344973905832,,-0.3995550445375323,0.4375,141.25257110433367,0.0987857142857143,42297
PLACEBO,0,0,0.3,equal,5,-0.04743221285139805,-0.06458419564181724,,-0.36421548826391237,0.425,140.3435704659905,0.09815,42297
PLACEBO,0,0,0.3,equal,5,-0.316161709782309,-0.41343268971381086,,-0.4376531461713381,0.4375,141.31385204624442,0.09882857142857142,42297
PLACEBO,0,0,0.3,equal,5,-0.7279543465383971,-0.9732782721768467,,-0.5540283518766007,0.425,140.54784027235976,0.09829285714285714,42297
PLACEBO,0,0,0.3,equal,5,-0.5771244788260272,-0.7544263636768753,,-0.4452067620637309,0.4375,142.27392013617987,0.0995,42297
PLACEBO,0,0,0.3,equal,5,-0.2899531306102415,-0.39210459853142804,,-0.3174663721887976,0.45,141.57429604936522,0.09901071428571429,42297
PLACEBO,0,0,0.3,equal,5,-0.48035944015827015,-0.6459796244188598,,-0.46746814952558724,0.4375,139.73076104688275,0.09772142857142858,42297
PLACEBO,0,0,0.3,equal,5,-0.24071680621909738,-0.32660244770356817,,-0.28617585248102895,0.5125,140.56826725299666,0.09830714285714286,42297
PLACEBO,0,0,0.3,equal,5,-0.707276054734532,-0.9392712604665546,,-0.5856619132459135,0.4375,140.15972764025818,0.09802142857142858,42297
PLACEBO,0,0,0.3,equal,5,-0.2926285545619385,-0.3975058571437962,,-0.3874114003553736,0.425,141.31385204624442,0.09882857142857145,42297
PLACEBO,0,0,0.3,equal,5,-0.18241635240744575,-0.24901302568381423,,-0.4472711740687656,0.475,141.5436555784098,0.09898928571428571,42297
PLACEBO,0,0,0.3,equal,5,0.3470719184598107,0.47450612921863144,,-0.18076851618957168,0.5875,139.53670473083199,0.0975857142857143,42297
PLACEBO,0,0,0.3,equal,5,0.30361699717902424,0.41660165988802117,,-0.25889213042903825,0.5625,142.33520107809065,0.09954285714285716,42297
PLACEBO,0,0,0.3,equal,5,-1.0085671222257493,-1.3535747484526428,,-0.6528361757054152,0.325,142.83055535853606,0.09988928571428572,42297
