signal,lookback_d,skip_d,top_frac,weighting,rebal_d,sharpe,sortino,mc_p5,max_dd,months_in_profit,ann_turnover,cost_drag,n_obs
raw,5,0,0.1,equal,5,-0.4573438069044496,-0.6076198037733973,,-0.6083352827628785,0.4625,174.61049902786777,0.12473333333333333,10801
raw,5,0,0.1,equal,10,-0.6515538226156574,-0.8431370716806001,,-0.6504997342269451,0.475,87.0252754374595,0.06216666666666666,10801
raw,5,0,0.1,equal,21,0.07101834009595341,0.09699808292266174,,-0.3972006163037205,0.525,40.45625405055087,0.028899999999999995,10801
raw,5,0,0.1,volinv,5,-0.48707952631201895,-0.6446434728331043,,-0.6044262520801194,0.475,178.45473493263307,0.1274794703708578,10801
raw,5,0,0.1,volinv,10,-0.6312144542403946,-0.8168441109833734,,-0.6573894026317166,0.4625,89.29234934524735,0.06378615511097993,10801
raw,5,0,0.1,volinv,21,0.1223079479756583,0.16702214630099943,,-0.38077756711173305,0.55,41.56325748369156,0.029690789952470403,10801
raw,5,0,0.2,equal,5,-0.4079575479273095,-0.5406961564791437,,-0.5338148120803984,0.4875,152.90317563188594,0.10922666666666667,10801
raw,5,0,0.2,equal,10,-0.7559998802519551,-0.9698304941896561,,-0.6664644271306671,0.4125,78.24342190537912,0.05589333333333334,10801
raw,5,0,0.2,equal,21,0.24206536885463906,0.32964028689831804,,-0.3428573792879479,0.5375,35.454050550874925,0.025326666666666667,10801
raw,5,0,0.2,volinv,5,-0.44264339587260476,-0.5796454799510812,,-0.545955124583439,0.4875,161.02933910977737,0.11503160659554929,10801
raw,5,0,0.2,volinv,10,-0.7530027740038711,-0.9642948648459156,,-0.6697036547369725,0.4375,82.2880942161932,0.058782652488697275,10801
raw,5,0,0.2,volinv,21,0.34173572514596434,0.4645168073010779,,-0.32703915943470807,0.575,37.39435170977127,0.02671272439267457,10801
raw,5,0,0.3,equal,5,-0.35051087561128436,-0.4607665401702306,,-0.5022108185317513,0.475,138.26219794463475,0.09876785714285713,10801
raw,5,0,0.3,equal,10,-0.7274352978400764,-0.9422067897110467,,-0.6573122760385832,0.425,70.82844181094343,0.05059642857142857,10801
raw,5,0,0.3,equal,21,0.2854929094852665,0.3875796699041889,,-0.3426804072482923,0.4875,31.917044718081662,0.0228,10801
raw,5,0,0.3,volinv,5,-0.40048778687501896,-0.5234188084827397,,-0.5237607108202631,0.4625,147.90650908990096,0.10565728866931352,10801
raw,5,0,0.3,volinv,10,-0.7406132863836065,-0.9643757553185083,,-0.6512826412984261,0.3625,75.58625928011203,0.05399518429130225,10801
raw,5,0,0.3,volinv,21,0.3905753962361291,0.5298949717749183,,-0.30187821452369423,0.5,34.22291346185568,0.024447201607242272,10801
raw,5,2,0.1,equal,5,-0.4574380293240222,-0.5946106023016696,,-0.5607598266589817,0.4875,173.3039533376539,0.1238,10801
raw,5,2,0.1,equal,10,-0.3023589693899736,-0.3986426568047159,,-0.4781207086112732,0.5,87.91186001296175,0.0628,10801
raw,5,2,0.1,equal,21,-0.015946600735595368,-0.021972488800795116,,-0.29221581664869023,0.5125,40.36292935839274,0.02883333333333333,10801
raw,5,2,0.1,volinv,5,-0.516854160106366,-0.6685784032423021,,-0.5805552212719929,0.475,177.60543233235046,0.1268727694855633,10801
raw,5,2,0.1,volinv,10,-0.3124872830331382,-0.41228211602181597,,-0.5015201728965843,0.525,89.49131083565406,0.06392828362009917,10801
raw,5,2,0.1,volinv,21,-0.08284306423006724,-0.11286879150522484,,-0.30976065419864085,0.5125,41.72094571888112,0.029803434835293314,10801
raw,5,2,0.2,equal,5,-0.3114891050804739,-0.41092779896452,,-0.48801830394709556,0.5,151.0553467271549,0.10790666666666668,10801
raw,5,2,0.2,equal,10,-0.18118020612077523,-0.2404822629471383,,-0.3496739044198931,0.525,78.0847699287103,0.05578,10801
raw,5,2,0.2,equal,21,0.15805189954354157,0.21628627114265497,,-0.2626913218034589,0.5125,34.90343486714193,0.024933333333333335,10801
raw,5,2,0.2,volinv,5,-0.30864383943865836,-0.41183974218133756,,-0.4622534800847018,0.4875,159.53944947258242,0.11396730117416422,10801
raw,5,2,0.2,volinv,10,-0.16398192817391943,-0.22126000603929535,,-0.3627098661339344,0.5,81.90634842550548,0.05850995167618285,10801
raw,5,2,0.2,volinv,21,0.15482650245102908,0.21199517197862153,,-0.27848861057767194,0.4875,37.111326100457724,0.026510544524539933,10801
raw,5,2,0.3,equal,5,-0.3277755338054383,-0.43667357206105206,,-0.4575117085298397,0.5375,137.47727062309045,0.09820714285714285,10801
raw,5,2,0.3,equal,10,-0.1521059709615502,-0.20319659039892685,,-0.31433772357807,0.5,71.81335061568373,0.0513,10801
raw,5,2,0.3,equal,21,0.18848532801907625,0.2601301176738161,,-0.2133836660310371,0.5375,32.53698731598926,0.02324285714285714,10801
raw,5,2,0.3,volinv,5,-0.3499785401205502,-0.4714497237811032,,-0.4704350303228946,0.5125,147.95476705752378,0.10569176183785149,10801
raw,5,2,0.3,volinv,10,-0.14401895546469634,-0.1964737764875646,,-0.3204132765388922,0.4875,76.56129765162868,0.05469170475762178,10801
raw,5,2,0.3,volinv,21,0.099727342485141,0.1374288162461134,,-0.23350060650759163,0.5375,35.052970640442155,0.02504015448990845,10801
raw,10,0,0.1,equal,5,-0.571893167734272,-0.7558164542795718,,-0.5614822071301333,0.425,139.00712896953985,0.0993,10801
raw,10,0,0.1,equal,10,-0.7683414100457884,-1.0336367752869362,,-0.627729224324413,0.375,88.61179520414777,0.0633,10801
raw,10,0,0.1,equal,21,0.03714251223534488,0.05045683206101732,,-0.5086395822721024,0.55,39.896305897602076,0.0285,10801
raw,10,0,0.1,volinv,5,-0.6231170155807362,-0.814520199480593,,-0.5855500384305945,0.45,147.55835329467925,0.10540858293226393,10801
raw,10,0,0.1,volinv,10,-0.772669634323694,-1.0340687271005216,,-0.6310932940555216,0.4375,89.999642876609,0.06429141155491097,10801
raw,10,0,0.1,volinv,21,0.015951335065536497,0.02157955097636654,,-0.49912209676036656,0.5375,40.74044758785867,0.029103014179660144,10801
raw,10,0,0.2,equal,5,-0.641298501344572,-0.8205334620225831,,-0.6183977595096901,0.475,111.77498379779651,0.07984666666666668,10801
raw,10,0,0.2,equal,10,-0.7688071834634654,-1.008549320660197,,-0.6315909450743422,0.3875,77.7208036292936,0.05552,10801
raw,10,0,0.2,equal,21,0.16702758077712346,0.22574322097515495,,-0.4378070743578685,0.575,33.9048606610499,0.02422,10801
raw,10,0,0.2,volinv,5,-0.7804928211808946,-0.9932807115518196,,-0.6748586548934374,0.4625,125.9535469086428,0.08997514948149807,10801
raw,10,0,0.2,volinv,10,-0.8728349306822707,-1.1385217733226738,,-0.6706471324063933,0.4,82.05780787269462,0.05861814701276287,10801
raw,10,0,0.2,volinv,21,0.09020553570091899,0.12151845838873981,,-0.4371074980289399,0.525,36.29241567526075,0.02592555434579969,10801
raw,10,0,0.3,equal,5,-0.517006887007951,-0.6722223345834705,,-0.5617682571597247,0.475,97.15600407369688,0.06940357142857143,10801
raw,10,0,0.3,equal,10,-0.6730179339101884,-0.8982680299504455,,-0.5909623696283379,0.4125,70.26349412091474,0.05019285714285714,10801
raw,10,0,0.3,equal,21,0.18281128347360023,0.24838026881050232,,-0.3874513220062442,0.55,31.327099342653458,0.022378571428571428,10801
raw,10,0,0.3,volinv,5,-0.5871275417563055,-0.764989902721492,,-0.5979605134482506,0.4375,112.46702426755535,0.0803410270577953,10801
raw,10,0,0.3,volinv,10,-0.7198935422806115,-0.9601857437315642,,-0.6018870036438468,0.4625,75.62997842419432,0.05402641514283882,10801
raw,10,0,0.3,volinv,21,0.13623548838420405,0.18532665033909926,,-0.35699480523464144,0.525,33.987213814819235,0.024278829127900966,10801
raw,10,2,0.1,equal,5,-0.18624621041834588,-0.243789212359399,,-0.47002954634577854,0.4625,139.14711600777704,0.0994,10801
raw,10,2,0.1,equal,10,-0.41390117729058845,-0.5415571400294287,,-0.5156449351151401,0.4375,88.65845755022683,0.06333333333333332,10801
raw,10,2,0.1,equal,21,-0.2988217110803261,-0.4059615241666119,,-0.4458547311234998,0.4875,39.7096565132858,0.028366666666666665,10801
raw,10,2,0.1,volinv,5,-0.194859000063125,-0.2540411055366439,,-0.48141083158772224,0.4875,146.85639916724483,0.1049071407014161,10801
raw,10,2,0.1,volinv,10,-0.4799578025634614,-0.6241335040229944,,-0.5327423987348281,0.45,90.25551120141522,0.0644741915665665,10801
raw,10,2,0.1,volinv,21,-0.3025519417061622,-0.4094968289434505,,-0.43177916303130637,0.4625,41.080508376428725,0.029345937233717374,10801
raw,10,2,0.2,equal,5,-0.40105957357564725,-0.516736597608649,,-0.5403170769267057,0.4625,110.87906675307843,0.07920666666666668,10801
raw,10,2,0.2,equal,10,-0.31874768283901517,-0.4129604928844738,,-0.4196543727562474,0.4625,75.94763447828906,0.054253333333333334,10801
raw,10,2,0.2,equal,21,-0.10990396674594012,-0.14994724442914562,,-0.25010838382152667,0.475,33.9701879455606,0.02426666666666667,10801
raw,10,2,0.2,volinv,5,-0.42209070621098627,-0.5441944004242609,,-0.5446324929688624,0.5,124.56123868915306,0.08898055152655701,10801
raw,10,2,0.2,volinv,10,-0.3661326831150479,-0.4740048207537611,,-0.44366852128907885,0.45,80.25237644270132,0.05732843372735561,10801
raw,10,2,0.2,volinv,21,-0.20841172422221632,-0.2827146294134286,,-0.28907909869048687,0.4625,36.274622906641845,0.0259128440485872,10801
raw,10,2,0.3,equal,5,-0.43235432721460637,-0.561685059049145,,-0.5646811869793404,0.475,99.18081659105638,0.07085,10801
raw,10,2,0.3,equal,10,-0.20353921116449708,-0.26539095293844617,,-0.35063331614617277,0.475,69.13859827793723,0.04938928571428571,10801
raw,10,2,0.3,equal,21,-0.029518782621071642,-0.04015858158613686,,-0.22464235869944282,0.525,30.85214332006296,0.022039285714285713,10801
raw,10,2,0.3,volinv,5,-0.4502993580060278,-0.5880869428054357,,-0.5618312774914411,0.5,114.10716696653067,0.08151266603210963,10801
raw,10,2,0.3,volinv,10,-0.25544020810132617,-0.33269609667789485,,-0.3901118650351256,0.4625,74.15659755559786,0.05297390279087384,10801
raw,10,2,0.3,volinv,21,-0.1594296204003395,-0.21566137239237182,,-0.25926315357248586,0.475,33.7614666671845,0.024117566234937812,10801
raw,20,0,0.1,equal,5,-0.7005282611700439,-0.9075729401694165,,-0.6424690527338728,0.375,100.09073233959819,0.0715,10801
raw,20,0,0.1,equal,10,-0.3782173428604633,-0.5119929885348832,,-0.5400333181930206,0.45,65.98055735580039,0.04713333333333333,10801
raw,20,0,0.1,equal,21,-0.16335668487993643,-0.21671735106680615,,-0.5669887754970052,0.5,41.15618924173687,0.0294,10801
raw,20,0,0.1,volinv,5,-0.7041320957264022,-0.8965073922452812,,-0.650159276462731,0.375,111.22031108968936,0.07945043519045863,10801
raw,20,0,0.1,volinv,10,-0.35514348240832494,-0.4740761715149791,,-0.5312970239777582,0.4375,69.97947735682003,0.049989969241469125,10801
raw,20,0,0.1,volinv,21,-0.16486984088744133,-0.21793126107851374,,-0.549684572119195,0.5125,42.01044808835624,0.030010241389043367,10801
raw,20,0,0.2,equal,5,-0.9359709655408249,-1.215563842316236,,-0.7325371925949198,0.35,81.7151004536617,0.05837333333333333,10801
raw,20,0,0.2,equal,10,-0.5310638892442211,-0.7073914852584059,,-0.6184010337940364,0.4625,54.305638366817895,0.03879333333333333,10801
raw,20,0,0.2,equal,21,-0.22114155681702605,-0.2973046903976372,,-0.5990107962027666,0.525,36.54594944912508,0.026106666666666667,10801
raw,20,0,0.2,volinv,5,-1.0140973810751366,-1.3049024754261411,,-0.7535330420082006,0.3375,97.7950201675248,0.06986005375856053,10801
raw,20,0,0.2,volinv,10,-0.5485075355068654,-0.7265634919926787,,-0.6201636203914451,0.4375,61.37968694051471,0.0438466930320436,10801
raw,20,0,0.2,volinv,21,-0.23120670591431364,-0.3116794075404195,,-0.5610566240573761,0.525,38.509683530800935,0.027509463744456404,10801
raw,20,0,0.3,equal,5,-0.8575687586316708,-1.1096667753188154,,-0.7141598591218512,0.425,71.75335617072491,0.05125714285714285,10801
raw,20,0,0.3,equal,10,-0.5162184290830076,-0.6846700170713698,,-0.6039659619156232,0.4375,49.0554578279789,0.03504285714285714,10801
raw,20,0,0.3,equal,21,-0.25519050214467,-0.3432564393954558,,-0.5834007633659347,0.55,33.401907230811965,0.023860714285714284,10801
raw,20,0,0.3,volinv,5,-0.9150945679641355,-1.1788733545705774,,-0.7322013137005199,0.375,89.39323930043955,0.06385822603730473,10801
raw,20,0,0.3,volinv,10,-0.5310796284405472,-0.7060558489749774,,-0.5936335072269692,0.4375,57.06370805056594,0.0407635655194552,10801
raw,20,0,0.3,volinv,21,-0.33142431574022974,-0.44519752193272494,,-0.5628103024324314,0.525,35.71290219377783,0.02551157781712925,10801
raw,20,2,0.1,equal,5,-0.3971331693577808,-0.5116038177919856,,-0.5565411099552539,0.5,102.65716137394685,0.07333333333333333,10801
raw,20,2,0.1,equal,10,-0.3108011572785825,-0.41662791389019577,,-0.5064644643667885,0.45,67.33376539209333,0.04809999999999999,10801
raw,20,2,0.1,equal,21,-0.4111563534015593,-0.5364816218568319,,-0.4881528497074876,0.45,40.73622812702528,0.0291,10801
raw,20,2,0.1,volinv,5,-0.3411087128651164,-0.4380332181764597,,-0.5248187514582121,0.45,111.8570285608684,0.07990527549510182,10801
raw,20,2,0.1,volinv,10,-0.22727527743635462,-0.30163245973796193,,-0.4630787955736252,0.4625,71.0770066711194,0.050773991339600574,10801
raw,20,2,0.1,volinv,21,-0.3920935876552058,-0.5115039198676321,,-0.45966057295072427,0.4625,41.62290359537637,0.029733398262808207,10801
raw,20,2,0.2,equal,5,-0.5021144626613294,-0.6432104636242729,,-0.5787577028153259,0.4625,78.7847051198963,0.05628,10801
raw,20,2,0.2,equal,10,-0.27500885928479124,-0.3706823927241511,,-0.48446428296935184,0.4875,54.46429034348672,0.038906666666666666,10801
raw,20,2,0.2,equal,21,-0.5328307075751489,-0.6995148276764205,,-0.5104277765443215,0.45,35.2953985742061,0.025213333333333334,10801
raw,20,2,0.2,volinv,5,-0.47955167632104434,-0.6159499649748126,,-0.5682559009508749,0.3875,95.18198706861243,0.06799342872540232,10801
raw,20,2,0.2,volinv,10,-0.1988110662683409,-0.2673382844872381,,-0.46180960417978156,0.475,61.60986251276228,0.044011119378329716,10801
raw,20,2,0.2,volinv,21,-0.5912207514688335,-0.7765747798927732,,-0.5352482035761427,0.4375,37.322652430629155,0.02666150587984295,10801
raw,20,2,0.3,equal,5,-0.5201227834571027,-0.6677522860696351,,-0.5927049534023929,0.4375,69.93852421072123,0.04996071428571428,10801
raw,20,2,0.3,equal,10,-0.2374845278148602,-0.32060781929300386,,-0.4680707654581997,0.5,47.670586056846595,0.03405357142857143,10801
raw,20,2,0.3,equal,21,-0.5885477679222841,-0.7714251568319707,,-0.5540442311891043,0.5,32.616979909267656,0.0233,10801
raw,20,2,0.3,volinv,5,-0.48254747631909245,-0.6217541040494333,,-0.5705204686504608,0.4125,87.94557197099189,0.06282408219964838,10801
raw,20,2,0.3,volinv,10,-0.16688781626720847,-0.22506069276242566,,-0.4353254643354084,0.475,55.492094053602344,0.03964088015032797,10801
raw,20,2,0.3,volinv,21,-0.6190028044151761,-0.8121990806984242,,-0.5464662646126759,0.475,35.02898841046272,0.025023022739511104,10801
raw,30,0,0.1,equal,5,-0.47925997925102026,-0.6360389206670887,,-0.6182986367475516,0.375,84.41218405703177,0.06029999999999999,10801
raw,30,0,0.1,equal,10,-0.1506190625441693,-0.20465973239647492,,-0.3851053919727718,0.475,55.94815294880103,0.039966666666666664,10801
raw,30,0,0.1,equal,21,-0.5517059734748718,-0.7030374647482381,,-0.5862739044029892,0.475,38.07647440051847,0.0272,10801
raw,30,0,0.1,volinv,5,-0.48208446723459214,-0.6372159279533125,,-0.6160288374176885,0.4125,96.91033446736526,0.06922807689034474,10801
raw,30,0,0.1,volinv,10,-0.08541285200965414,-0.11558673944833255,,-0.3464196221492276,0.4625,60.71799019738503,0.043374008738224584,10801
raw,30,0,0.1,volinv,21,-0.5083997476753094,-0.6457238769464801,,-0.5676810991993536,0.4375,39.27950440495551,0.028059386711502942,10801
raw,30,0,0.2,equal,5,-0.45996841954906853,-0.6085047674627605,,-0.5852298394632697,0.4125,65.83123784834737,0.04702666666666666,10801
raw,30,0,0.2,equal,10,-0.19119605622296726,-0.2566875541900711,,-0.39925162271776204,0.475,44.91717433570966,0.032086666666666666,10801
raw,30,0,0.2,equal,21,-0.45027646974279284,-0.5754918798852364,,-0.5659036999672822,0.4625,31.683732987686323,0.022633333333333335,10801
raw,30,0,0.2,volinv,5,-0.4424844428170377,-0.5829538857292587,,-0.5762980083746465,0.4,82.92101354505651,0.0592347795833436,10801
raw,30,0,0.2,volinv,10,-0.19332282486217728,-0.25883487241870395,,-0.38695925949898025,0.475,52.96087860017089,0.037832701703733186,10801
raw,30,0,0.2,volinv,21,-0.38839334358645516,-0.4970678376046691,,-0.5164813000599802,0.4875,34.01921196094694,0.024301687062843115,10801
raw,30,0,0.3,equal,5,-0.37829920522238475,-0.5044451645176004,,-0.5776803691637076,0.425,58.38459401907232,0.04170714285714286,10801
raw,30,0,0.3,equal,10,-0.3337232987731378,-0.4436368569031546,,-0.4838189649810921,0.4625,40.491250810110174,0.028925,10801
raw,30,0,0.3,equal,21,-0.42598412039051786,-0.5445030084894594,,-0.5736829276351691,0.4875,28.58235348578835,0.02041785714285714,10801
raw,30,0,0.3,volinv,5,-0.3919421417497368,-0.51970047659369,,-0.5736706955202325,0.45,76.83376224772887,0.05488634034641003,10801
raw,30,0,0.3,volinv,10,-0.40847705054599737,-0.540040875340386,,-0.5104158441169226,0.4625,49.14861794353875,0.035109406243926056,10801
raw,30,0,0.3,volinv,21,-0.38028654131049816,-0.48676507869717084,,-0.5265819677878851,0.5,31.472181951805183,0.02248221145909046,10801
raw,30,2,0.1,equal,5,-0.35524965087265176,-0.4620796623965426,,-0.5291958465296025,0.4625,83.52559948152948,0.059666666666666666,10801
raw,30,2,0.1,equal,10,-0.09234569940906272,-0.12092511927683747,,-0.4054810990973964,0.5,54.968243681140635,0.039266666666666665,10801
raw,30,2,0.1,equal,21,-0.5338406357305927,-0.6848914745734302,,-0.5548659964749072,0.45,36.2099805573558,0.025866666666666666,10801
raw,30,2,0.1,volinv,5,-0.32131576754292185,-0.4173652253667059,,-0.5132626908379756,0.4625,96.55468118404433,0.06897401530878722,10801
raw,30,2,0.1,volinv,10,-0.028150443377568213,-0.036979472733890045,,-0.37515398412253975,0.5125,60.61698002238831,0.043301851932659806,10801
raw,30,2,0.1,volinv,21,-0.4572797957666983,-0.585349428952423,,-0.514200700159254,0.45,38.104663915746634,0.02722013723240604,10801
raw,30,2,0.2,equal,5,-0.3401152144769111,-0.44469288103754395,,-0.5179076213146286,0.425,66.0552171095269,0.04718666666666667,10801
raw,30,2,0.2,equal,10,-0.25195206767754735,-0.33125918000892757,,-0.4550861358809317,0.475,45.691769280622175,0.03264,10801
raw,30,2,0.2,equal,21,-0.37695968457868745,-0.48271731823098124,,-0.5192184061501286,0.4375,29.22929358392741,0.020880000000000003,10801
raw,30,2,0.2,volinv,5,-0.336526010568767,-0.43678364758846094,,-0.5033610011448792,0.4375,83.0013984020653,0.059292202654808696,10801
raw,30,2,0.2,volinv,10,-0.2716411965123304,-0.3553721851516622,,-0.447749083616957,0.4875,53.91079351166441,0.03851127517986027,10801
raw,30,2,0.2,volinv,21,-0.32067519115016757,-0.41095134456248067,,-0.4762924309262908,0.4375,32.06145165426624,0.022903157362283707,10801
raw,30,2,0.3,equal,5,-0.3111603374091813,-0.4089280419475696,,-0.486504495223267,0.4375,56.83473752430331,0.0406,10801
raw,30,2,0.3,equal,10,-0.17812415580324667,-0.23815765181440354,,-0.40151371448224393,0.475,39.95130080548097,0.02853928571428571,10801
raw,30,2,0.3,equal,21,-0.34675689252070657,-0.4448146096728241,,-0.4735774326124962,0.4625,26.287565966114247,0.01877857142857143,10801
raw,30,2,0.3,volinv,5,-0.38452504699356127,-0.50399178998671,,-0.502883522918016,0.4375,75.00381607607514,0.05357911490989997,10801
raw,30,2,0.3,volinv,10,-0.2529008385995739,-0.33488536141447556,,-0.4199542666746122,0.45,48.481631786815534,0.03463294344771128,10801
raw,30,2,0.3,volinv,21,-0.30900826344552573,-0.3963873880486038,,-0.4385569011248657,0.45,29.666104449583717,0.021192036650790592,10801
raw,45,0,0.1,equal,5,-0.6435817088146837,-0.826237130382232,,-0.6181311677126096,0.3875,74.65975372650679,0.05333333333333333,10801
raw,45,0,0.1,equal,10,-0.612649278569553,-0.7900483716294064,,-0.5933599051508305,0.4625,49.88204795852235,0.03563333333333333,10801
raw,45,0,0.1,equal,21,-0.28984172029738275,-0.3774186306075545,,-0.4852242755349411,0.4625,31.03046014257939,0.022166666666666664,10801
raw,45,0,0.1,volinv,5,-0.6776798221039934,-0.8637079288122761,,-0.628485028023068,0.4125,87.05231839143704,0.06218598485092007,10801
raw,45,0,0.1,volinv,10,-0.6681382392993985,-0.8596912111609568,,-0.6173449060522356,0.4375,55.11243876687929,0.03936967269319201,10801
raw,45,0,0.1,volinv,21,-0.3095477512567261,-0.4010533907966288,,-0.4887125859615191,0.45,33.087694542087185,0.023636255869648386,10801
raw,45,0,0.2,equal,5,-0.5359378447313802,-0.6746626049572986,,-0.5493778980086859,0.4375,56.17213220998056,0.040126666666666665,10801
raw,45,0,0.2,equal,10,-0.5139548097576753,-0.6540705324690111,,-0.5380140244533596,0.45,38.683084899546344,0.027633333333333333,10801
raw,45,0,0.2,equal,21,-0.3332791071035078,-0.4344180134102394,,-0.5586769621974075,0.4875,24.6750486066105,0.017626666666666665,10801
raw,45,0,0.2,volinv,5,-0.5724057911229288,-0.7194529043361597,,-0.559646177665074,0.4375,73.92948534923777,0.052811664765682345,10801
raw,45,0,0.2,volinv,10,-0.5523994584870806,-0.7031924473307012,,-0.5508633248321559,0.4625,47.13960273892914,0.03367426251211466,10801
raw,45,0,0.2,volinv,21,-0.26897043533498305,-0.3468595225956071,,-0.530257301619266,0.4625,27.411700173400913,0.01958159878127667,10801
raw,45,0,0.3,equal,5,-0.6658838355577398,-0.8387728390738475,,-0.6137861751886706,0.375,48.615498564947686,0.03472857142857143,10801
raw,45,0,0.3,equal,10,-0.5226195408046063,-0.666251018810081,,-0.5269466061712491,0.4375,32.17202110915656,0.022982142857142854,10801
raw,45,0,0.3,equal,21,-0.4372282931489143,-0.5691174429517664,,-0.588344666476684,0.45,21.99796315156004,0.015714285714285715,10801
raw,45,0,0.3,volinv,5,-0.6374908419979152,-0.8068540318739623,,-0.5981122830121605,0.3875,67.83553289961027,0.04845843854819381,10801
raw,45,0,0.3,volinv,10,-0.4912328289840644,-0.6279861630912317,,-0.5200786469064319,0.3875,41.03761556600061,0.02931529667515692,10801
raw,45,0,0.3,volinv,21,-0.34192453778396475,-0.44253900535284446,,-0.5489018961830652,0.4375,25.434137551015713,0.018168923259822802,10801
raw,45,2,0.1,equal,5,-0.6096965109707702,-0.7717817421972304,,-0.6071031668095686,0.375,75.73298768632534,0.0541,10801
raw,45,2,0.1,equal,10,-0.4150254220857991,-0.5317648451468914,,-0.49764544548369594,0.4125,49.695398574206095,0.0355,10801
raw,45,2,0.1,equal,21,-0.1202611633132079,-0.15688140832852926,,-0.4567711720767913,0.5125,30.377187297472453,0.0217,10801
raw,45,2,0.1,volinv,5,-0.6342877911057627,-0.8020325221088238,,-0.6129698639444869,0.375,88.67837858556314,0.06334756396181662,10801
raw,45,2,0.1,volinv,10,-0.45716457885632067,-0.5859901317711029,,-0.5267114062986673,0.4125,54.97177497371872,0.03926918925205926,10801
raw,45,2,0.1,volinv,21,-0.1332400666998122,-0.17305468295738238,,-0.4645402026091586,0.5125,32.297660155735905,0.023071893342731714,10801
raw,45,2,0.2,equal,5,-0.480225342117936,-0.6012366401747237,,-0.5306462696708103,0.4625,55.033570965651336,0.03931333333333333,10801
raw,45,2,0.2,equal,10,-0.5312042076380968,-0.6747740143406252,,-0.5442087843151692,0.4625,38.91639662994167,0.0278,10801
raw,45,2,0.2,equal,21,-0.2680949591854713,-0.3493110335298357,,-0.4635117415065605,0.475,24.731043421905383,0.017666666666666667,10801
raw,45,2,0.2,volinv,5,-0.48035101673602576,-0.6031034921534615,,-0.5238515323200832,0.4125,72.6708539798314,0.051912559116148074,10801
raw,45,2,0.2,volinv,10,-0.5221062534233463,-0.6634871268080035,,-0.5345832051978355,0.45,47.193564112942795,0.03371280991956978,10801
raw,45,2,0.2,volinv,21,-0.2849772878152085,-0.3666320511399151,,-0.4705596054669493,0.45,27.819843267857834,0.019873156556622515,10801
raw,45,2,0.3,equal,5,-0.5312515625885228,-0.6657546713341588,,-0.5534116887958942,0.425,48.76048514026479,0.03483214285714285,10801
raw,45,2,0.3,equal,10,-0.4802518521926038,-0.6072865796834535,,-0.5256945135276518,0.4625,33.11693361725766,0.023657142857142856,10801
raw,45,2,0.3,equal,21,-0.4060627465390482,-0.5289632326967086,,-0.5345564800475848,0.475,22.02796037403944,0.015735714285714283,10801
raw,45,2,0.3,volinv,5,-0.5061756288365376,-0.6381391791522781,,-0.5317358237852101,0.4,67.34278775594164,0.04810644514232314,10801
raw,45,2,0.3,volinv,10,-0.4205959878887959,-0.537009032411494,,-0.49108617272271504,0.4375,41.979857484665615,0.029988388934647704,10801
raw,45,2,0.3,volinv,21,-0.42960515927290305,-0.5525987879314407,,-0.5401585751795359,0.425,25.618472796191703,0.018300603483575834,10801
raw,60,0,0.1,equal,5,-0.46633291453603887,-0.5820179125631793,,-0.5008603035123678,0.425,64.76733635774465,0.046266666666666664,10801
raw,60,0,0.1,equal,10,-0.4705017089492979,-0.5929322244946535,,-0.535241621809245,0.4375,43.395981853532085,0.031,10801
raw,60,0,0.1,equal,21,-0.20508584211956205,-0.2656250942467469,,-0.49525482878626104,0.45,27.53078418664938,0.019666666666666666,10801
raw,60,0,0.1,volinv,5,-0.477563158244243,-0.5925498640550623,,-0.5026904834618351,0.4375,77.93541828440418,0.05567331037631279,10801
raw,60,0,0.1,volinv,10,-0.4714563756038412,-0.587696473416458,,-0.535427012785719,0.4125,49.28677720781872,0.03520810057021495,10801
raw,60,0,0.1,volinv,21,-0.20232410920811636,-0.26129754359665197,,-0.4878011750661677,0.4625,29.886471054167245,0.02134945594286114,10801
raw,60,0,0.2,equal,5,-0.4387497511044876,-0.5537103090788131,,-0.4554288662644187,0.4375,46.61568373298769,0.0333,10801
raw,60,0,0.2,equal,10,-0.318859824819923,-0.40195291240891645,,-0.46446238189216693,0.4625,31.711730395333767,0.022653333333333334,10801
raw,60,0,0.2,equal,21,-0.1999859439993109,-0.2542618728619442,,-0.4993862985494062,0.45,21.576668826960468,0.015413333333333331,10801
raw,60,0,0.2,volinv,5,-0.5027577521402539,-0.6339017595797193,,-0.48978965396929774,0.4125,65.6854478308462,0.04692252129768318,10801
raw,60,0,0.2,volinv,10,-0.31008637316104076,-0.39363449162849223,,-0.45946608382800247,0.4625,40.76285045531265,0.029119017709512692,10801
raw,60,0,0.2,volinv,21,-0.21511092271495696,-0.2718485164097366,,-0.5019981269138629,0.45,24.98226113608934,0.01784612450601197,10801
raw,60,0,0.3,equal,5,-0.3978243373698948,-0.5016299155925953,,-0.4269515212188818,0.475,40.161281362836775,0.028689285714285716,10801
raw,60,0,0.3,equal,10,-0.32053647068969326,-0.40554147152410785,,-0.42507483204464336,0.4625,27.847421535043054,0.019892857142857143,10801
raw,60,0,0.3,equal,21,-0.013045972807324382,-0.016748441142083365,,-0.3721091103226525,0.4875,18.338302009073235,0.013099999999999999,10801
raw,60,0,0.3,volinv,5,-0.41715783576594884,-0.5278737452991653,,-0.43426152056940903,0.4375,59.41108442494544,0.04244041817948649,10801
raw,60,0,0.3,volinv,10,-0.2740715570934831,-0.3499120650927549,,-0.38450279746916116,0.5,37.32550397086412,0.026663542882890426,10801
raw,60,0,0.3,volinv,21,0.007633779126425084,0.009760231547313343,,-0.3457006437050253,0.475,22.406730603472468,0.01600628950053612,10801
raw,60,2,0.1,equal,5,-0.4243107799105453,-0.5333985216561287,,-0.4426750536934363,0.3875,65.70058327932598,0.04693333333333333,10801
raw,60,2,0.1,equal,10,-0.4543228343801235,-0.5731149339683068,,-0.5651764048093866,0.45,44.37589112119248,0.0317,10801
raw,60,2,0.1,equal,21,-0.38543056984882973,-0.49880335730796616,,-0.5378040338158276,0.4,29.44394037589112,0.02103333333333333,10801
raw,60,2,0.1,volinv,5,-0.43929809788779917,-0.5477197820372294,,-0.4529490712519634,0.4125,78.85742005703567,0.05633194405000279,10801
raw,60,2,0.1,volinv,10,-0.4167508893143665,-0.5226047447625498,,-0.564061325875676,0.4375,50.52558109720492,0.03609304242267925,10801
raw,60,2,0.1,volinv,21,-0.3565206853114283,-0.46024868051180795,,-0.5302822644991412,0.4,31.52999993056401,0.022523513839287156,10801
raw,60,2,0.2,equal,5,-0.44071995828203453,-0.548755222133174,,-0.4707596029774266,0.4375,47.01697990926766,0.03358666666666667,10801
raw,60,2,0.2,equal,10,-0.2198306424095385,-0.2807550151833653,,-0.4311969643867526,0.525,31.79572261827609,0.022713333333333335,10801
raw,60,2,0.2,equal,21,-0.37844023176731306,-0.48043699468154866,,-0.5007845189608936,0.4375,22.35126377187298,0.015966666666666667,10801
raw,60,2,0.2,volinv,5,-0.47939954603827645,-0.5987347490752922,,-0.4947058764469452,0.4375,65.28041253859136,0.04663318358659558,10801
raw,60,2,0.2,volinv,10,-0.2459384253783354,-0.31495824650863624,,-0.4377850383672439,0.5125,40.862219314606904,0.029190002038165946,10801
raw,60,2,0.2,volinv,21,-0.41611558742566235,-0.5225203155705264,,-0.518233913667087,0.425,26.038439175279375,0.01860060724419263,10801
raw,60,2,0.3,equal,5,-0.3581834366882064,-0.4477677036849241,,-0.4494997368086193,0.4625,40.90121285066197,0.029217857142857143,10801
raw,60,2,0.3,equal,10,-0.17989998640765115,-0.2314306317768695,,-0.4014025967237057,0.5,27.737431719285254,0.01981428571428571,10801
raw,60,2,0.3,equal,21,-0.25309900548506664,-0.3231192992114857,,-0.44586334779498116,0.4625,19.438200166651235,0.013885714285714286,10801
raw,60,2,0.3,volinv,5,-0.35257610424637525,-0.44234815349994355,,-0.4366391553958895,0.4375,60.10582100484495,0.04293670454188692,10801
raw,60,2,0.3,volinv,10,-0.1669112683951933,-0.2155750413935682,,-0.37565509433512223,0.5,37.27028869247029,0.026624099746519282,10801
raw,60,2,0.3,volinv,21,-0.30015323076124817,-0.37892474922370667,,-0.4594212844769967,0.4375,23.25974184958953,0.016615639663850303,10801
raw,90,0,0.1,equal,5,-0.29952429489117793,-0.3707074350810094,,-0.5018194019438043,0.3875,55.80816591056384,0.03986666666666666,10801
raw,90,0,0.1,equal,10,-0.2000021572164885,-0.25081950753366905,,-0.5217922178212879,0.45,37.4698639014906,0.026766666666666664,10801
raw,90,0,0.1,equal,21,-0.14673289550952454,-0.1842481133919856,,-0.5336193457489715,0.4625,24.871030460142574,0.017766666666666667,10801
raw,90,0,0.1,volinv,5,-0.338628485221935,-0.4151844953396387,,-0.502585719438012,0.4125,68.57318116127178,0.048985378949927015,10801
raw,90,0,0.1,volinv,10,-0.2177901385334808,-0.2707971522777131,,-0.521769990846717,0.4375,43.84322701718868,0.031319490410889876,10801
raw,90,0,0.1,volinv,21,-0.1706858221385218,-0.21224775210945396,,-0.5320017605889511,0.475,27.65554960669728,0.019755793075524955,10801
raw,90,0,0.2,equal,5,-0.21042408163153825,-0.2584547596118042,,-0.5112097544215359,0.425,39.00972132209981,0.027866666666666665,10801
raw,90,0,0.2,equal,10,-0.19063903243442581,-0.23488598476075795,,-0.534297524688647,0.4375,27.260142579390802,0.019473333333333336,10801
raw,90,0,0.2,equal,21,-0.05574786864066594,-0.06916846289972675,,-0.5522692966531344,0.5,18.207647440051847,0.013006666666666666,10801
raw,90,0,0.2,volinv,5,-0.1725645809416217,-0.21135449301392525,,-0.47849831495140493,0.4125,56.81876586510233,0.04058859061567263,10801
raw,90,0,0.2,volinv,10,-0.1462869796960385,-0.17932817696094305,,-0.5048100040203833,0.475,35.667924869226326,0.025479448182044548,10801
raw,90,0,0.2,volinv,21,-0.03336202333277193,-0.04103166532865523,,-0.521474374880226,0.4875,22.015921214181265,0.015727114089574855,10801
raw,90,0,0.3,equal,5,-0.22976184389118914,-0.2823540272601693,,-0.49539747877918916,0.4375,33.30191648921396,0.023789285714285714,10801
raw,90,0,0.3,equal,10,-0.22019859654870708,-0.2718294821034043,,-0.5138776554318588,0.4,23.24784742153504,0.016607142857142855,10801
raw,90,0,0.3,equal,21,0.06382328351183314,0.07968162819218341,,-0.49813319682784074,0.525,15.343579298213129,0.010960714285714284,10801
raw,90,0,0.3,volinv,5,-0.16252964164902345,-0.1990340575434826,,-0.4317982652586482,0.425,52.57191129933793,0.03755484219207334,10801
raw,90,0,0.3,volinv,10,-0.16305900791560377,-0.19968074219839582,,-0.46287810208769764,0.4375,32.66216030254327,0.023332274697603825,10801
raw,90,0,0.3,volinv,21,0.10439298613009039,0.12886435121056292,,-0.447752862679475,0.475,19.35410032513439,0.013825637408186278,10801
raw,90,2,0.1,equal,5,-0.4776781409802513,-0.5872685372953174,,-0.5807417588659898,0.375,56.648088139987046,0.040466666666666665,10801
raw,90,2,0.1,equal,10,-0.27581870681396115,-0.34766203815142394,,-0.5493187509498941,0.425,37.329876863253396,0.02666666666666667,10801
raw,90,2,0.1,equal,21,-0.08411456004037017,-0.10774856557453949,,-0.4671872339391293,0.4,24.964355152300712,0.017833333333333333,10801
raw,90,2,0.1,volinv,5,-0.5360154302129588,-0.6536315865357606,,-0.596679410846451,0.3625,70.43343760241915,0.05031425658357998,10801
raw,90,2,0.1,volinv,10,-0.28127421568332234,-0.351231954917578,,-0.5586021442534754,0.4125,43.870153626918075,0.03133872548441416,10801
raw,90,2,0.1,volinv,21,-0.10420896341274613,-0.1320143687841939,,-0.46904736583623075,0.45,27.480903303763338,0.019631034165605014,10801
raw,90,2,0.2,equal,5,-0.32550577748737103,-0.40036740942672827,,-0.528910874986101,0.4,38.64575502268308,0.027606666666666665,10801
raw,90,2,0.2,equal,10,-0.20678913072707958,-0.2591235142682164,,-0.5322916071578632,0.425,26.42955281918341,0.01888,10801
raw,90,2,0.2,equal,21,-0.06783034113074878,-0.08477546694939683,,-0.4824368580550906,0.4875,18.244977316915104,0.013033333333333334,10801
raw,90,2,0.2,volinv,5,-0.2578842578348886,-0.3173517584260856,,-0.49671580097081025,0.4125,55.91536445863413,0.03994324414799651,10801
raw,90,2,0.2,volinv,10,-0.12371478983983678,-0.15436689928390337,,-0.48626071381190916,0.4375,34.89557936191978,0.024927721738630657,10801
raw,90,2,0.2,volinv,21,-0.07606124525842374,-0.09412198339929095,,-0.4765219303490472,0.5125,22.13272314507257,0.01581055176520693,10801
raw,90,2,0.3,equal,5,-0.30259836511568144,-0.37160646462079283,,-0.5143202784386403,0.3875,34.10684195907786,0.024364285714285713,10801
raw,90,2,0.3,equal,10,-0.2762676775166104,-0.34149451862476926,,-0.5410174393632929,0.375,23.382834922692343,0.01670357142857143,10801
raw,90,2,0.3,equal,21,0.005370833942519076,0.00671376414616687,,-0.4583244790681009,0.525,15.298583464494028,0.01092857142857143,10801
raw,90,2,0.3,volinv,5,-0.275029175980412,-0.33806976428422214,,-0.48064079856731123,0.425,52.594460421249714,0.037570950199068656,10801
raw,90,2,0.3,volinv,10,-0.1654155510282154,-0.20455008366965277,,-0.4717745966641367,0.4375,32.297328565922975,0.023071656470934794,10801
raw,90,2,0.3,volinv,21,-0.026120555022521093,-0.03237941537321766,,-0.4464483229628423,0.4875,19.424362218949533,0.013875829122147743,10801
riskadj,5,0,0.1,equal,5,-0.1649484779239872,-0.21580671856049086,,-0.45989088758291574,0.45,178.29682436811405,0.12736666666666666,10801
riskadj,5,0,0.1,equal,10,-0.5460878500372378,-0.703687573277589,,-0.5822511982371006,0.425,91.22488658457549,0.06516666666666666,10801
riskadj,5,0,0.1,equal,21,0.44789885698114923,0.6119597209230832,,-0.2779713368269662,0.575,41.43616331821128,0.029599999999999998,10801
riskadj,5,0,0.1,volinv,5,-0.21002508332454758,-0.27237846980731384,,-0.45531590025172075,0.4375,180.58256519912862,0.1289994898621553,10801
riskadj,5,0,0.1,volinv,10,-0.5788935261053972,-0.740348651720084,,-0.5994993942363819,0.4375,92.3804432783154,0.06599214073075955,10801
riskadj,5,0,0.1,volinv,21,0.38161839776122286,0.5206067224150899,,-0.3553036252045849,0.55,42.42673851131965,0.03030761922359547,10801
riskadj,5,0,0.2,equal,5,-0.3433186886613514,-0.4574036123564727,,-0.49389787295419063,0.45,157.17744653272845,0.11228000000000002,10801
riskadj,5,0,0.2,equal,10,-0.8160303711583391,-1.053964933020398,,-0.6782827567311239,0.425,79.78327932598835,0.05699333333333333,10801
riskadj,5,0,0.2,equal,21,0.5765161332486457,0.7967992197935413,,-0.24576882165240999,0.5875,35.342060920285164,0.025246666666666664,10801
riskadj,5,0,0.2,volinv,5,-0.43256158617573587,-0.5686246667235746,,-0.5283236073800126,0.425,161.83376112566347,0.11560624695226795,10801
riskadj,5,0,0.2,volinv,10,-0.8812226505928014,-1.1294716530632989,,-0.6967481652821306,0.4375,82.36277599112786,0.05883600155292143,10801
riskadj,5,0,0.2,volinv,21,0.5809755575481191,0.7987860962209511,,-0.22320923414240568,0.6,36.80276539690743,0.02629012361455008,10801
riskadj,5,0,0.3,equal,5,-0.29619097455730214,-0.39356534960359985,,-0.45898453062819056,0.5,139.24710674937504,0.09947142857142857,10801
riskadj,5,0,0.3,equal,10,-0.7128751243192917,-0.9242802867647802,,-0.6600325595889102,0.3875,71.94333857976113,0.051392857142857136,10801
riskadj,5,0,0.3,equal,21,0.3492484939856368,0.4808891638041537,,-0.31856735566915784,0.5,31.67706693824646,0.02262857142857143,10801
riskadj,5,0,0.3,volinv,5,-0.31569685773518114,-0.41878205814289626,,-0.4624150176248044,0.475,146.01707357031282,0.10430756690694104,10801
riskadj,5,0,0.3,volinv,10,-0.7797252057311802,-1.0120682897569673,,-0.6689631347098141,0.3875,75.43070748222694,0.05388406557642414,10801
riskadj,5,0,0.3,volinv,21,0.40530475497999857,0.5561828974878709,,-0.28557896773275315,0.5,33.59603043404782,0.02399938655543323,10801
riskadj,5,2,0.1,equal,5,-0.4758288578552928,-0.6157920489831766,,-0.6055414564238295,0.4625,180.44329228775112,0.1289,10801
riskadj,5,2,0.1,equal,10,-0.26429390839678496,-0.35086981902326814,,-0.47684955466427525,0.4875,90.99157485418016,0.065,10801
riskadj,5,2,0.1,equal,21,0.13547089299676254,0.18524790454720735,,-0.30560527737054877,0.475,41.57615035644848,0.029699999999999997,10801
riskadj,5,2,0.1,volinv,5,-0.47476119896890545,-0.6140590262151588,,-0.604451166508312,0.4875,182.6411357864977,0.13047003357341014,10801
riskadj,5,2,0.1,volinv,10,-0.2590461330804862,-0.3467103551647771,,-0.4844040702122411,0.4375,92.3097713539255,0.06594165611069772,10801
riskadj,5,2,0.1,volinv,21,0.195408863004774,0.26668251019256556,,-0.2517392036155832,0.5125,42.0898668392024,0.030066974320782085,10801
riskadj,5,2,0.2,equal,5,-0.3419080953873426,-0.45197656937057107,,-0.5218112170062392,0.525,156.0948801036941,0.11150666666666667,10801
riskadj,5,2,0.2,equal,10,-0.17622665504026128,-0.2369360244883257,,-0.3825083145046675,0.5,79.77394685677253,0.056986666666666665,10801
riskadj,5,2,0.2,equal,21,0.09281316119763537,0.12687483437927252,,-0.2523296179505182,0.475,35.77135450421258,0.02555333333333333,10801
riskadj,5,2,0.2,volinv,5,-0.4137181117862913,-0.5486998906549703,,-0.5359755223086271,0.4875,161.03272010738146,0.1150340218174489,10801
riskadj,5,2,0.2,volinv,10,-0.3014901262175874,-0.40480556312159555,,-0.4485412136259932,0.475,82.4748192996263,0.05891603989783491,10801
riskadj,5,2,0.2,volinv,21,0.04712971272195225,0.06416380237896491,,-0.2693919822299021,0.5,37.60950346647557,0.026866418448505465,10801
riskadj,5,2,0.3,equal,5,-0.23960967487991647,-0.31983322792218727,,-0.4387238181036003,0.5,139.11711878529766,0.09937857142857143,10801
riskadj,5,2,0.3,equal,10,-0.10707160582283291,-0.14590452696299394,,-0.310701339481249,0.525,72.37829830571245,0.051703571428571425,10801
riskadj,5,2,0.3,equal,21,0.23298920580264737,0.3218820746782339,,-0.20031874125573046,0.525,32.40199981483195,0.023146428571428575,10801
riskadj,5,2,0.3,volinv,5,-0.26684849074691297,-0.35784151365005773,,-0.4302602217350088,0.5,146.47023608466048,0.10463128438825514,10801
riskadj,5,2,0.3,volinv,10,-0.16851860036486638,-0.23126257271527148,,-0.3559960018019499,0.5,76.06048626960207,0.05433394921944258,10801
riskadj,5,2,0.3,volinv,21,0.1547182451314342,0.212620800576367,,-0.2171756127259714,0.5875,34.34158963701945,0.02453197815274121,10801
riskadj,10,0,0.1,equal,5,-0.8747719703082362,-1.1317426251354918,,-0.6889190906030336,0.425,148.6662346079067,0.1062,10801
riskadj,10,0,0.1,equal,10,-0.9221299435247471,-1.2350041830855707,,-0.6886598201551648,0.4125,91.6448476992871,0.06546666666666667,10801
riskadj,10,0,0.1,equal,21,-0.21224219342539444,-0.2818772536446978,,-0.5353263089143108,0.4625,41.156189241736875,0.029399999999999996,10801
riskadj,10,0,0.1,volinv,5,-0.8687929286618226,-1.116732795863015,,-0.6902720060592749,0.45,154.0537779557416,0.110048601567458,10801
riskadj,10,0,0.1,volinv,10,-0.965074493738568,-1.2811315723809038,,-0.7038241097324391,0.4,92.52113503305134,0.06609264414629548,10801
riskadj,10,0,0.1,volinv,21,-0.2950590600130726,-0.388662154568002,,-0.5167294211267623,0.4375,41.81096056513058,0.02986773710740577,10801
riskadj,10,0,0.2,equal,5,-0.6683744841364445,-0.8672702079575146,,-0.6273386645134235,0.4625,114.81736876215165,0.08202,10801
riskadj,10,0,0.2,equal,10,-0.7275253772245326,-0.9634987663101794,,-0.6093226602669362,0.4125,79.63395981853533,0.05688666666666667,10801
riskadj,10,0,0.2,equal,21,0.06003202397012826,0.07979217621154208,,-0.44517322783060953,0.5375,35.56604018146468,0.025406666666666668,10801
riskadj,10,0,0.2,volinv,5,-0.742991216914884,-0.9602853135717664,,-0.6567931486377369,0.475,125.1734768424259,0.08941790498512184,10801
riskadj,10,0,0.2,volinv,10,-0.8906604278503795,-1.173970133760733,,-0.672902646323222,0.4,82.69425089537751,0.05907279126461458,10801
riskadj,10,0,0.2,volinv,21,-0.04968983765356014,-0.06549117021050423,,-0.452597706740575,0.4875,37.25350387997854,0.026612109484632815,10801
riskadj,10,0,0.3,equal,5,-0.5484718261119559,-0.7136495415577848,,-0.573171402079037,0.4875,99.3308027034534,0.07095714285714286,10801
riskadj,10,0,0.3,equal,10,-0.6317044911545947,-0.8510427679011312,,-0.5691702651782222,0.4125,71.42838626053144,0.05102500000000001,10801
riskadj,10,0,0.3,equal,21,0.12401872266025972,0.166705994880683,,-0.4104455711095568,0.5375,32.03203407091936,0.022882142857142858,10801
riskadj,10,0,0.3,volinv,5,-0.6205347235527277,-0.8091733954441211,,-0.5957515027721052,0.475,111.7343383103856,0.07981763148746526,10801
riskadj,10,0,0.3,volinv,10,-0.7044738689164178,-0.9505182830426551,,-0.5911717729961194,0.425,75.65901253885608,0.054047155716414316,10801
riskadj,10,0,0.3,volinv,21,0.03465632806303859,0.04616666985303839,,-0.4104320121220749,0.525,34.139902408061666,0.024387902507240343,10801
riskadj,10,2,0.1,equal,5,-0.6408452181714975,-0.8224937076120368,,-0.6417006932962125,0.4375,147.91963707064158,0.10566666666666666,10801
riskadj,10,2,0.1,equal,10,-0.7437027291064886,-0.9624153278688035,,-0.622562395521886,0.425,91.17822423849643,0.06513333333333333,10801
riskadj,10,2,0.1,equal,21,-0.2950504200995983,-0.39406662176355317,,-0.43635302155573286,0.5125,41.66947504860661,0.02976666666666667,10801
riskadj,10,2,0.1,volinv,5,-0.551194403934636,-0.7060077124994019,,-0.6135252302127443,0.4625,152.70159173581848,0.10908266483720735,10801
riskadj,10,2,0.1,volinv,10,-0.7752368246588907,-1.0003495710974022,,-0.6355523120487756,0.3875,91.99017134822344,0.06571334925477257,10801
riskadj,10,2,0.1,volinv,21,-0.20729570474777584,-0.2761045167850647,,-0.37227088524778784,0.5125,42.507892919448246,0.030365592025328073,10801
riskadj,10,2,0.2,equal,5,-0.4588765367267799,-0.5943015179604971,,-0.5382392173671144,0.4875,117.24381075826312,0.08375333333333333,10801
riskadj,10,2,0.2,equal,10,-0.425751730495584,-0.5567798013485427,,-0.4569528825153676,0.45,78.64471808165911,0.05618,10801
riskadj,10,2,0.2,equal,21,-0.15401120644170044,-0.21126906794340564,,-0.31223421124308204,0.5,35.127414128321455,0.025093333333333336,10801
riskadj,10,2,0.2,volinv,5,-0.5191571649740875,-0.6719563086530554,,-0.5681065192007251,0.4625,126.98480722500885,0.09071183219823548,10801
riskadj,10,2,0.2,volinv,10,-0.47073518241856077,-0.6163209130826104,,-0.48891942732780436,0.475,81.02748289610413,0.057882132457726235,10801
riskadj,10,2,0.2,volinv,21,-0.22194720314952024,-0.3029522514607663,,-0.33284138056711743,0.4625,36.87033160652507,0.02633838966151305,10801
riskadj,10,2,0.3,equal,5,-0.49056158530870225,-0.6389768736964759,,-0.5624348379209403,0.475,99.82075733728358,0.07130714285714285,10801
riskadj,10,2,0.3,equal,10,-0.3403679630709796,-0.44308787891136475,,-0.41203003418475026,0.4375,70.73845014350523,0.05053214285714286,10801
riskadj,10,2,0.3,equal,21,-0.0620193079651127,-0.08457188336348855,,-0.22838886054866336,0.5,31.49208406629016,0.02249642857142857,10801
riskadj,10,2,0.3,volinv,5,-0.5402912883335728,-0.7070754227540256,,-0.5881891111508446,0.425,111.93957381383181,0.0799642418494178,10801
riskadj,10,2,0.3,volinv,10,-0.4298947515054635,-0.5618175036013313,,-0.4664143893660688,0.4375,74.76690444298912,0.05340987664607971,10801
riskadj,10,2,0.3,volinv,21,-0.17721830341349135,-0.2401866350578879,,-0.28989771118129815,0.4375,33.66074368058425,0.024045614582935877,10801
riskadj,20,0,0.1,equal,5,-0.728827728344659,-0.9473574827156621,,-0.6401423785196874,0.3875,111.47634478289046,0.07963333333333333,10801
riskadj,20,0,0.1,equal,10,-0.4271925100819176,-0.5769175334585266,,-0.5234605213486321,0.45,71.90667530784187,0.05136666666666666,10801
riskadj,20,0,0.1,equal,21,-0.40832470919955766,-0.5422685074133271,,-0.5941774816421235,0.5125,42.696046662346085,0.030500000000000003,10801
riskadj,20,0,0.1,volinv,5,-0.7280297016472282,-0.9400117389422002,,-0.6344831868188314,0.3875,121.62171630181275,0.08688069826560049,10801
riskadj,20,0,0.1,volinv,10,-0.4674916415825489,-0.6245515927569519,,-0.5329433594300541,0.4125,75.31757091475167,0.05380324625993604,10801
riskadj,20,0,0.1,volinv,21,-0.41069530500348067,-0.5410168188180529,,-0.5713775742266722,0.4875,43.33273336249575,0.030954818323301367,10801
riskadj,20,0,0.2,equal,5,-0.9429889115848059,-1.2261853610529154,,-0.7338803402633696,0.35,85.4200907323396,0.06101999999999999,10801
riskadj,20,0,0.2,equal,10,-0.5317649946131998,-0.7116394800573869,,-0.6026783187884964,0.4,56.937394685677255,0.04067333333333333,10801
riskadj,20,0,0.2,equal,21,-0.30847085454343987,-0.409766775927364,,-0.5689759982576603,0.5125,37.54452365521712,0.02682,10801
riskadj,20,0,0.2,volinv,5,-1.0142881406143998,-1.3130257349391696,,-0.7481186171873062,0.3375,99.57682400310361,0.071132888628143,10801
riskadj,20,0,0.2,volinv,10,-0.5687734258864485,-0.758633483333303,,-0.6093189918638235,0.4125,62.56889608574034,0.0446962067871747,10801
riskadj,20,0,0.2,volinv,21,-0.34028012799389257,-0.4527014085512225,,-0.5379585926361259,0.5,38.88725310867954,0.02777918127161691,10801
riskadj,20,0,0.3,equal,5,-0.7819331587269525,-1.0129263221740765,,-0.6961708039337191,0.3625,72.39329691695214,0.05171428571428571,10801
riskadj,20,0,0.3,equal,10,-0.4177294866701145,-0.5545817746410971,,-0.5464305375731778,0.4375,49.01546153133969,0.03501428571428572,10801
riskadj,20,0,0.3,equal,21,-0.2625882591447346,-0.3508880995489468,,-0.5527453576047618,0.525,33.99685214332006,0.024285714285714285,10801
riskadj,20,0,0.3,volinv,5,-0.7277018086698449,-0.9462222445380861,,-0.6738034883733719,0.425,87.90064281325716,0.06279198697261842,10801
riskadj,20,0,0.3,volinv,10,-0.41377470878021944,-0.5498502466372257,,-0.5355256312889847,0.45,55.694605946601655,0.03978554489611405,10801
riskadj,20,0,0.3,volinv,21,-0.2987739434877611,-0.397433408259932,,-0.4983116308668989,0.4875,35.83749130477776,0.025600578279292626,10801
riskadj,20,2,0.1,equal,5,-0.42333210412150035,-0.5439678723691891,,-0.5154163320316798,0.4875,112.40959170447181,0.08029999999999998,10801
riskadj,20,2,0.1,equal,10,-0.42313517214808904,-0.566088715993342,,-0.5485885011707471,0.45,73.5398574206092,0.05253333333333333,10801
riskadj,20,2,0.1,equal,21,-0.7086658141218255,-0.9200974551834804,,-0.5938949213357441,0.475,42.41607258587168,0.030299999999999997,10801
riskadj,20,2,0.1,volinv,5,-0.46990230300000474,-0.6019691198660908,,-0.5349278846768821,0.4625,121.03050181261877,0.08645836310040311,10801
riskadj,20,2,0.1,volinv,10,-0.3960962695922115,-0.5259516915982148,,-0.5273924081622527,0.45,76.36676088217902,0.05455273705611214,10801
riskadj,20,2,0.1,volinv,21,-0.680987451652211,-0.8773070553650545,,-0.5796642362630455,0.4625,43.20536783901746,0.030863834525742567,10801
riskadj,20,2,0.2,equal,5,-0.4783500159507755,-0.6155530217563555,,-0.5665806640070383,0.4375,82.74167206740117,0.05910666666666667,10801
riskadj,20,2,0.2,equal,10,-0.38352157313709145,-0.5121510199112285,,-0.538439467944844,0.45,56.91872974724563,0.04066,10801
riskadj,20,2,0.2,equal,21,-0.6927630989234327,-0.908059250603672,,-0.5887248166330951,0.45,37.329876863253396,0.02666666666666667,10801
riskadj,20,2,0.2,volinv,5,-0.5017327089399308,-0.6511638337430959,,-0.5774257376432979,0.4625,96.46742357156688,0.06891168267172577,10801
riskadj,20,2,0.2,volinv,10,-0.3176601435024897,-0.4274631300524439,,-0.5068212120790798,0.45,62.66300930566037,0.0447634367401083,10801
riskadj,20,2,0.2,volinv,21,-0.7217904513399706,-0.9445051950994761,,-0.6048480559650357,0.425,38.61798798934617,0.027586831234982005,10801
riskadj,20,2,0.3,equal,5,-0.500172796288754,-0.6393559736393061,,-0.5739660659596045,0.4375,70.90843440422184,0.05065357142857143,10801
riskadj,20,2,0.3,equal,10,-0.3292872372967947,-0.44200354680544773,,-0.48841310383330816,0.475,48.41051754467179,0.03458214285714285,10801
riskadj,20,2,0.3,equal,21,-0.5885371312802425,-0.7745127389464921,,-0.5643066253246468,0.425,32.69697250254606,0.023357142857142854,10801
riskadj,20,2,0.3,volinv,5,-0.5043695102866678,-0.650531276166125,,-0.5739974314339082,0.4375,86.65925573337447,0.06190519981323924,10801
riskadj,20,2,0.3,volinv,10,-0.289673721838817,-0.3894474637641749,,-0.4606407008991198,0.475,54.93605251042965,0.03924367084425599,10801
riskadj,20,2,0.3,volinv,21,-0.6006392277911631,-0.7924569721965042,,-0.5350351656601569,0.4375,34.792711120738296,0.02485423762004592,10801
riskadj,30,0,0.1,equal,5,-0.5610843139568169,-0.7280559074266254,,-0.6228724457180288,0.45,93.97796500324044,0.06713333333333332,10801
riskadj,30,0,0.1,equal,10,-0.5449052828909774,-0.722110405854445,,-0.5810665590588163,0.4625,62.24756966947505,0.04446666666666666,10801
riskadj,30,0,0.1,equal,21,-0.5341522482576121,-0.68773588602586,,-0.5968204055838767,0.4625,39.896305897602076,0.028499999999999998,10801
riskadj,30,0,0.1,volinv,5,-0.5397604412288735,-0.700557685485919,,-0.6105068861391685,0.425,104.2224702023799,0.07445151459364452,10801
riskadj,30,0,0.1,volinv,10,-0.4891761814298012,-0.6457526170605382,,-0.5450821045927111,0.4125,66.14201743145219,0.047248672637375325,10801
riskadj,30,0,0.1,volinv,21,-0.42932776272407414,-0.5553785943909259,,-0.5599827573273078,0.4875,40.609084251529715,0.02900917453708813,10801
riskadj,30,0,0.2,equal,5,-0.35793311617182966,-0.4762657671682646,,-0.558674223150603,0.45,68.31367465975373,0.0488,10801
riskadj,30,0,0.2,equal,10,-0.2408075570711756,-0.32265743563313376,,-0.45183442562945497,0.425,47.21296176279974,0.03372666666666667,10801
riskadj,30,0,0.2,equal,21,-0.36137886881898545,-0.46309744064078867,,-0.5185162077223305,0.475,32.54232015554115,0.023246666666666665,10801
riskadj,30,0,0.2,volinv,5,-0.37187583659827905,-0.49493048785416055,,-0.5427673091961778,0.4375,84.21491838110141,0.060159082899092345,10801
riskadj,30,0,0.2,volinv,10,-0.3273191709914074,-0.4370486354605718,,-0.48284882372464333,0.45,54.13232858795029,0.03866952917185523,10801
riskadj,30,0,0.2,volinv,21,-0.27666124767293454,-0.3546699092889574,,-0.48115827669593636,0.525,34.52302372837415,0.024661585931889496,10801
riskadj,30,0,0.3,equal,5,-0.35283573840435983,-0.4723648471764994,,-0.5581666812782663,0.3875,58.684566243866314,0.04192142857142857,10801
riskadj,30,0,0.3,equal,10,-0.3077840470475151,-0.41024685040919995,,-0.45447142376527705,0.4375,40.81122118322378,0.029153571428571428,10801
riskadj,30,0,0.3,equal,21,-0.46047654002786176,-0.5880538077443901,,-0.5590950453447254,0.4875,29.672252569206552,0.021196428571428574,10801
riskadj,30,0,0.3,volinv,5,-0.3724084147234006,-0.49717676215499795,,-0.5539082429873581,0.4375,75.65702057287736,0.05404573275182858,10801
riskadj,30,0,0.3,volinv,10,-0.43062860993858704,-0.5718208425261176,,-0.4970504627738723,0.4625,48.360355833228,0.034546309745680924,10801
riskadj,30,0,0.3,volinv,21,-0.42599920364153604,-0.5436043931634361,,-0.5174144591997986,0.5,31.976222058210354,0.022842273442508602,10801
riskadj,30,2,0.1,equal,5,-0.5578787565248705,-0.7169645301893263,,-0.5679607870415796,0.4625,92.57809462086843,0.06613333333333334,10801
riskadj,30,2,0.1,equal,10,-0.1284943288477035,-0.16809373128218716,,-0.40790121470760254,0.4625,62.200907323395974,0.044433333333333325,10801
riskadj,30,2,0.1,equal,21,-0.1952461278121404,-0.2534713431248304,,-0.423189842392215,0.4875,37.23655217109527,0.0266,10801
riskadj,30,2,0.1,volinv,5,-0.4937884972861864,-0.6357790715024502,,-0.5477930151619619,0.45,103.35366254621322,0.07383088023555878,10801
riskadj,30,2,0.1,volinv,10,-0.15115289502909568,-0.19724226696187616,,-0.3881586631267081,0.4625,66.35863552104861,0.04740341417082315,10801
riskadj,30,2,0.1,volinv,21,-0.1259420950166796,-0.16332472849381421,,-0.3837080451486563,0.475,38.28385311707586,0.02734814137020743,10801
riskadj,30,2,0.2,equal,5,-0.42634927031991304,-0.5603264330436795,,-0.5213861454186017,0.3875,68.53765392093325,0.04896,10801
riskadj,30,2,0.2,equal,10,-0.2784441196139793,-0.36744150510788565,,-0.45139162095790664,0.5,47.39027867790019,0.03385333333333333,10801
riskadj,30,2,0.2,equal,21,-0.4997673211688801,-0.6477968606533877,,-0.5584063039760998,0.4125,30.61049902786779,0.021866666666666666,10801
riskadj,30,2,0.2,volinv,5,-0.45203448284622827,-0.5930405534698207,,-0.536126160655449,0.4125,83.90896639567679,0.05994052553172652,10801
riskadj,30,2,0.2,volinv,10,-0.30913705847074013,-0.4066387089098309,,-0.42866286322518454,0.475,54.293502172062794,0.038784663820135595,10801
riskadj,30,2,0.2,volinv,21,-0.3609194277621828,-0.4690543324661864,,-0.5054964860913895,0.4625,32.995701252317204,0.023570540292743265,10801
riskadj,30,2,0.3,equal,5,-0.36015242978630274,-0.47581186763134586,,-0.5016751983525917,0.45,58.66456809554671,0.04190714285714285,10801
riskadj,30,2,0.3,equal,10,-0.30366936449434934,-0.4034341986838095,,-0.4426986246639546,0.425,41.07619664845848,0.029342857142857143,10801
riskadj,30,2,0.3,equal,21,-0.4993854876744617,-0.6452908368888401,,-0.5386015268594067,0.425,27.657439126006853,0.01975714285714286,10801
riskadj,30,2,0.3,volinv,5,-0.44711474793319633,-0.5903274113621673,,-0.5347341550797441,0.4625,75.34814465667836,0.05382508666909941,10801
riskadj,30,2,0.3,volinv,10,-0.4124739021333396,-0.5459392712419867,,-0.47524621000623035,0.4375,48.68871406947815,0.03478087305981703,10801
riskadj,30,2,0.3,volinv,21,-0.43831071082023976,-0.5665799307436591,,-0.49173901490181493,0.4625,30.595984842276952,0.021856298431311736,10801
riskadj,45,0,0.1,equal,5,-0.6738680198845408,-0.8682809011533755,,-0.6364887739021495,0.4125,80.07258587167856,0.0572,10801
riskadj,45,0,0.1,equal,10,-0.6978864554089951,-0.9024589151695626,,-0.6285862744396529,0.4375,52.2151652624757,0.0373,10801
riskadj,45,0,0.1,equal,21,-0.18769511142192866,-0.2442807735940557,,-0.5239968545988392,0.4625,33.456902138690864,0.023899999999999998,10801
riskadj,45,0,0.1,volinv,5,-0.6515340293698852,-0.8358937079840826,,-0.6173673980466918,0.425,90.530955447748,0.06467095567401626,10801
riskadj,45,0,0.1,volinv,10,-0.7322941382330365,-0.9430950075569853,,-0.632773906091834,0.425,56.794012299049875,0.04057090785992313,10801
riskadj,45,0,0.1,volinv,21,-0.157425111192961,-0.20222461289198887,,-0.5207575098725471,0.4875,34.30806688082001,0.02450803110977096,10801
riskadj,45,0,0.2,equal,5,-0.38806032263009027,-0.4932683342806641,,-0.47954630156628375,0.425,57.90797148412184,0.04136666666666666,10801
riskadj,45,0,0.2,equal,10,-0.4023841179303493,-0.5149471979609442,,-0.4821551566787271,0.4125,39.411017498379785,0.028153333333333336,10801
riskadj,45,0,0.2,equal,21,-0.3785025756683267,-0.4860547632956473,,-0.549872005255906,0.4625,26.2149060272197,0.018726666666666666,10801
riskadj,45,0,0.2,volinv,5,-0.4361033854585777,-0.5553333468424103,,-0.49345016980201917,0.425,74.22105492499894,0.053019948032070996,10801
riskadj,45,0,0.2,volinv,10,-0.4442941878415344,-0.5706220173076709,,-0.49241778829531224,0.4125,46.8033954568321,0.033434092217542566,10801
riskadj,45,0,0.2,volinv,21,-0.3228012602766614,-0.4106970036525788,,-0.5204748793436197,0.475,28.491619583796925,0.02035304121194382,10801
riskadj,45,0,0.3,equal,5,-0.5631703973641002,-0.7131005475039813,,-0.5608435599838535,0.425,48.930469400981394,0.03495357142857143,10801
riskadj,45,0,0.3,equal,10,-0.5156269756043041,-0.6540557135377428,,-0.528005592262996,0.4125,33.28691787797426,0.023778571428571427,10801
riskadj,45,0,0.3,equal,21,-0.3803405682807708,-0.49437030792150327,,-0.5706910037940491,0.425,22.65290250902694,0.016182142857142857,10801
riskadj,45,0,0.3,volinv,5,-0.5592561072311598,-0.7141585841381061,,-0.5480313212286931,0.4,66.49248162601182,0.047499027383766775,10801
riskadj,45,0,0.3,volinv,10,-0.520604301380639,-0.6627116886906966,,-0.516045735271857,0.3625,41.614000815549396,0.029727038545552177,10801
riskadj,45,0,0.3,volinv,21,-0.29598734886242173,-0.3828305893431885,,-0.5343724966244091,0.4125,25.750475382041397,0.018394899775226792,10801
riskadj,45,2,0.1,equal,5,-0.48546619729546603,-0.6234152669750809,,-0.5792245720897766,0.3875,78.48606610499027,0.05606666666666667,10801
riskadj,45,2,0.1,equal,10,-0.5114151581756049,-0.6536369328419183,,-0.5545100242645994,0.425,53.42838626053143,0.03816666666666666,10801
riskadj,45,2,0.1,equal,21,-0.023194081594128002,-0.029986170387121237,,-0.4235087794693694,0.5,31.870382372002588,0.022766666666666664,10801
riskadj,45,2,0.1,volinv,5,-0.46359663130156736,-0.5946652587520981,,-0.5560938341911901,0.375,89.78243940649197,0.06413625185380423,10801
riskadj,45,2,0.1,volinv,10,-0.45926648717920093,-0.5874612472613017,,-0.5246071509028575,0.425,57.439403320328,0.04103194413114171,10801
riskadj,45,2,0.1,volinv,21,-0.07950185361982622,-0.10135086986061165,,-0.4394844293634619,0.5,33.354513904741616,0.02382685877547052,10801
riskadj,45,2,0.2,equal,5,-0.40035288756814025,-0.5030113961963962,,-0.5157690702467468,0.4375,56.46143875567076,0.04033333333333333,10801
riskadj,45,2,0.2,equal,10,-0.36172602985167035,-0.4637169555641059,,-0.45229971030863136,0.45,39.41101749837978,0.028153333333333332,10801
riskadj,45,2,0.2,equal,21,-0.2042776258187373,-0.26496564318519383,,-0.45809533096104993,0.475,25.69228775113416,0.018353333333333333,10801
riskadj,45,2,0.2,volinv,5,-0.4600651828652339,-0.5793445577282726,,-0.5314226324917654,0.4125,72.57852388951474,0.051846602945148715,10801
riskadj,45,2,0.2,volinv,10,-0.3752182233198871,-0.4825760737909269,,-0.4526862564441786,0.4125,46.8468004332925,0.033465098642856635,10801
riskadj,45,2,0.2,volinv,21,-0.2050309077702175,-0.26283424680582684,,-0.44113999163655615,0.4875,28.345203230990457,0.020248448419175124,10801
riskadj,45,2,0.3,equal,5,-0.4823779926796389,-0.6072290835010442,,-0.5281052840467213,0.4125,48.650495324507,0.034753571428571425,10801
riskadj,45,2,0.3,equal,10,-0.4958363537737546,-0.6328471376643688,,-0.5299269562063903,0.4375,34.33682066475326,0.024528571428571427,10801
riskadj,45,2,0.3,equal,21,-0.40956415212601294,-0.5363558742110144,,-0.5287145213525661,0.4625,22.277937228034443,0.015914285714285714,10801
riskadj,45,2,0.3,volinv,5,-0.517763092711196,-0.6543245128925594,,-0.5499057692436546,0.4,66.30491518362642,0.04736503894830349,10801
riskadj,45,2,0.3,volinv,10,-0.4603763567150179,-0.5926663253277946,,-0.5056322415615735,0.4375,42.567308906127984,0.030408035945442356,10801
riskadj,45,2,0.3,volinv,21,-0.40525742507015927,-0.5274959998040122,,-0.5230988928147036,0.4375,25.479389311041082,0.018201248938396475,10801
riskadj,60,0,0.1,equal,5,-0.4215954947537619,-0.5216090969260659,,-0.4485860305984033,0.4375,67.33376539209333,0.0481,10801
riskadj,60,0,0.1,equal,10,-0.5558655353675988,-0.694407938594538,,-0.5717928907697756,0.3875,47.128969539857415,0.033666666666666664,10801
riskadj,60,0,0.1,equal,21,-0.048863084122343296,-0.06239292728508678,,-0.42953943672501027,0.475,28.60401814646792,0.02043333333333333,10801
riskadj,60,0,0.1,volinv,5,-0.4671496655632641,-0.5759944197374468,,-0.47203972247198267,0.45,80.26760401304198,0.05733931157042766,10801
riskadj,60,0,0.1,volinv,10,-0.5613369922663575,-0.7011887836107089,,-0.5734197077067551,0.4,52.1475494885332,0.03725169854666978,10801
riskadj,60,0,0.1,volinv,21,-0.06587384717573153,-0.08306493509592126,,-0.42417599677783524,0.475,30.259770726373272,0.0216161232549972,10801
riskadj,60,0,0.2,equal,5,-0.4034083848697732,-0.5091726431580241,,-0.43782406701439225,0.425,47.296953985742064,0.033786666666666666,10801
riskadj,60,0,0.2,equal,10,-0.31974600799744185,-0.4028051453031237,,-0.45910242538267265,0.475,32.68230719377835,0.02334666666666667,10801
riskadj,60,0,0.2,equal,21,-0.18660830054552652,-0.23755307046448496,,-0.46423490249372135,0.475,22.304601425793912,0.015933333333333334,10801
riskadj,60,0,0.2,volinv,5,-0.43259420335914367,-0.5474535933891521,,-0.44645286781493476,0.4125,65.25368142327171,0.046614088164864925,10801
riskadj,60,0,0.2,volinv,10,-0.29927232998408787,-0.37690001982956944,,-0.42045650473732876,0.475,41.051692177786215,0.02932535232885376,10801
riskadj,60,0,0.2,volinv,21,-0.2082457403354493,-0.26287288905852724,,-0.45515898786163567,0.45,25.41962137319671,0.018158553601315977,10801
riskadj,60,0,0.3,equal,5,-0.39959811157393327,-0.5010783847990576,,-0.43004404589173983,0.4375,41.00120359225998,0.029289285714285712,10801
riskadj,60,0,0.3,equal,10,-0.30312266536390187,-0.3826992921924525,,-0.39655781275230007,0.45,28.282381260994352,0.02020357142857143,10801
riskadj,60,0,0.3,equal,21,-0.18035611066208018,-0.23007154679148742,,-0.4459198476140329,0.4625,19.228219609295433,0.013735714285714285,10801
riskadj,60,0,0.3,volinv,5,-0.39895384588202315,-0.5034169848217752,,-0.4248665016402666,0.4125,59.62294315144814,0.042591759853094664,10801
riskadj,60,0,0.3,volinv,10,-0.27156105439023775,-0.34441601900513175,,-0.3739909402388568,0.4875,36.871582472510575,0.02633928321994621,10801
riskadj,60,0,0.3,volinv,21,-0.19492125282741313,-0.24659798100902258,,-0.4333311045338134,0.475,22.74834023147845,0.016250318970912617,10801
riskadj,60,2,0.1,equal,5,-0.4462547572366384,-0.5515047652458834,,-0.46797568475912166,0.4,66.35385612443292,0.0474,10801
riskadj,60,2,0.1,equal,10,-0.41807179209214523,-0.5175981863501963,,-0.5513247850946355,0.45,45.44912508101101,0.032466666666666665,10801
riskadj,60,2,0.1,equal,21,-0.37543746540569806,-0.4746694133631764,,-0.5342310756534747,0.3875,30.14387556707712,0.02153333333333333,10801
riskadj,60,2,0.1,volinv,5,-0.434732363702387,-0.5380649493777594,,-0.47543010198182334,0.4625,78.55984676051982,0.056119372014575036,10801
riskadj,60,2,0.1,volinv,10,-0.34062043109835416,-0.42615470437893177,,-0.5244971808760313,0.475,50.57999187642274,0.0361319108635742,10801
riskadj,60,2,0.1,volinv,21,-0.4823556219715245,-0.6053697735576438,,-0.5798267622687223,0.3875,31.723144513967828,0.02266148703011683,10801
riskadj,60,2,0.2,equal,5,-0.44284112647907253,-0.550626530983484,,-0.48640037307843154,0.425,50.98327932598834,0.03642,10801
riskadj,60,2,0.2,equal,10,-0.257758270287717,-0.3271809951281942,,-0.43053315573244344,0.4875,34.212832145171745,0.024440000000000003,10801
riskadj,60,2,0.2,equal,21,-0.3322236994736134,-0.41971729486313625,,-0.4977702805737254,0.425,23.135191186001297,0.016526666666666665,10801
riskadj,60,2,0.2,volinv,5,-0.35569757752374764,-0.44541197657701054,,-0.4455576953577892,0.4625,67.57872072072949,0.04827498429263222,10801
riskadj,60,2,0.2,volinv,10,-0.1801691431189565,-0.2296679043858476,,-0.3669717079192265,0.475,41.872861819317954,0.029911956382966474,10801
riskadj,60,2,0.2,volinv,21,-0.3281583884732045,-0.4075464529686219,,-0.48587096676511443,0.4375,26.05777545198651,0.018614420149266286,10801
riskadj,60,2,0.3,equal,5,-0.45514612887922534,-0.5670534973558417,,-0.47437784772516833,0.425,42.03110823071938,0.030025,10801
riskadj,60,2,0.3,equal,10,-0.22277326357855592,-0.285463816027656,,-0.39757546724946957,0.4875,27.927414128321452,0.019950000000000002,10801
riskadj,60,2,0.3,equal,21,-0.11446980074547078,-0.14693569055283415,,-0.3556374776433654,0.475,19.66317933524674,0.01404642857142857,10801
riskadj,60,2,0.3,volinv,5,-0.40325117796711313,-0.505690226764269,,-0.42624613194240735,0.4375,60.315574039068686,0.0430865420103162,10801
riskadj,60,2,0.3,volinv,10,-0.1595795161655112,-0.2050332571416107,,-0.3353859845703737,0.5125,36.450348292624135,0.026038373803481042,10801
riskadj,60,2,0.3,volinv,21,-0.17243592217818016,-0.2184448116881363,,-0.38063465524832496,0.45,22.902581169756555,0.016360501270802946,10801
riskadj,90,0,0.1,equal,5,-0.4553975037900293,-0.5600829012847348,,-0.581683174714938,0.3875,54.1749837977965,0.0387,10801
riskadj,90,0,0.1,equal,10,-0.3681890720129802,-0.45046578853869845,,-0.570703350527151,0.4125,38.21646143875567,0.027299999999999998,10801
riskadj,90,0,0.1,equal,21,0.1287697519918861,0.16118180454062137,,-0.4785905200668936,0.4875,24.077770576798446,0.017199999999999997,10801
riskadj,90,0,0.1,volinv,5,-0.4170544541190324,-0.5124230343837353,,-0.5713064043859091,0.4125,66.78346414260946,0.04770689128335481,10801
riskadj,90,0,0.1,volinv,10,-0.3241323449735608,-0.3963851184031669,,-0.5693685776273429,0.3875,43.57391924804169,0.031127109907281632,10801
riskadj,90,0,0.1,volinv,21,0.1267574503476225,0.15830054106985664,,-0.48562202524951326,0.5,26.607072141920483,0.019006811256936717,10801
riskadj,90,0,0.2,equal,5,-0.1576098473472606,-0.19322145639328922,,-0.4808040237005584,0.45,38.47777057679845,0.027486666666666666,10801
riskadj,90,0,0.2,equal,10,-0.20014010065639604,-0.24595204275130297,,-0.49780198695767175,0.4375,27.661438755670773,0.01976,10801
riskadj,90,0,0.2,equal,21,-0.08194538323057456,-0.1017818380750984,,-0.4925959864783518,0.4875,18.954244977316915,0.01354,10801
riskadj,90,0,0.2,volinv,5,-0.08677584383725137,-0.10615198293723596,,-0.45496880747908464,0.4625,55.22039954400839,0.03944679467426154,10801
riskadj,90,0,0.2,volinv,10,-0.1565252085497438,-0.19014497001894634,,-0.46246058923816213,0.4625,35.52783161572882,0.025379372306976653,10801
riskadj,90,0,0.2,volinv,21,-0.0918570230058254,-0.11287198711127207,,-0.49070643314537643,0.4875,22.014095908795696,0.01572581017929248,10801
riskadj,90,0,0.3,equal,5,-0.21399098244975157,-0.2615177102199544,,-0.4896931891956968,0.4625,34.36681788723266,0.02455,10801
riskadj,90,0,0.3,equal,10,-0.18073924628489613,-0.2225820957368544,,-0.495259733443443,0.425,22.89787982594204,0.01635714285714286,10801
riskadj,90,0,0.3,equal,21,0.1091805026545478,0.13514007143263282,,-0.46768586373223886,0.5,15.743542264605129,0.01124642857142857,10801
riskadj,90,0,0.3,volinv,5,-0.17214078045156206,-0.21086576122734907,,-0.4312924777304564,0.45,53.0492438997185,0.037895825619104456,10801
riskadj,90,0,0.3,volinv,10,-0.14200346532388766,-0.17457808992129073,,-0.4467462527535967,0.475,31.99447659570767,0.02285531360517451,10801
riskadj,90,0,0.3,volinv,21,0.11302354921744005,0.13860963847328975,,-0.4381461786687785,0.5375,19.514806390429932,0.013940438083533974,10801
riskadj,90,2,0.1,equal,5,-0.29804659397058436,-0.3698223502240551,,-0.5065472315998909,0.375,53.8950097213221,0.0385,10801
riskadj,90,2,0.1,equal,10,-0.23597352626141108,-0.29619528878330664,,-0.5234276532872546,0.375,35.930006480881396,0.025666666666666667,10801
riskadj,90,2,0.1,equal,21,0.15723529290010452,0.1974680783431875,,-0.36450568388397364,0.5,23.657809462086846,0.0169,10801
riskadj,90,2,0.1,volinv,5,-0.2929339321888872,-0.3623481898621102,,-0.518033589387618,0.375,66.80274851905794,0.04772066711338259,10801
riskadj,90,2,0.1,volinv,10,-0.226649375657292,-0.28489064473517095,,-0.549924990037407,0.3875,41.53708525542999,0.029672093772744663,10801
riskadj,90,2,0.1,volinv,21,0.16352803266933547,0.20326627524061291,,-0.36960091297595177,0.5,26.11501646956992,0.018655310376178878,10801
riskadj,90,2,0.2,equal,5,-0.37331717719224766,-0.4561908192806442,,-0.5376851384957602,0.425,40.50291639662994,0.028933333333333332,10801
riskadj,90,2,0.2,equal,10,-0.2572888705692491,-0.32030604799665036,,-0.5075135712738474,0.425,27.8200907323396,0.019873333333333333,10801
riskadj,90,2,0.2,equal,21,-0.011719270792038577,-0.014672011622058464,,-0.44384410756615333,0.4625,18.580946208684384,0.013273333333333335,10801
riskadj,90,2,0.2,volinv,5,-0.325999381405429,-0.39624932589857387,,-0.5046207733078742,0.4625,56.51884691201426,0.0403743429561287,10801
riskadj,90,2,0.2,volinv,10,-0.18559693476925057,-0.22920361901565647,,-0.4549747172140888,0.4625,35.447793170419125,0.025322196695350324,10801
riskadj,90,2,0.2,volinv,21,-0.06533372835296729,-0.08068021987936848,,-0.43971628867767154,0.4875,21.60088518736854,0.015430632335235953,10801
riskadj,90,2,0.3,equal,5,-0.3420852515542118,-0.41909552031369224,,-0.538444589929068,0.3875,34.01685029163966,0.024300000000000002,10801
riskadj,90,2,0.3,equal,10,-0.24403141649232477,-0.30345727610434864,,-0.5310414042034879,0.3875,23.547819646329042,0.01682142857142857,10801
riskadj,90,2,0.3,equal,21,0.06429236673825288,0.08005224743526626,,-0.4255324388844418,0.525,15.643551523007128,0.011175,10801
riskadj,90,2,0.3,volinv,5,-0.2827448138115589,-0.3469052313580586,,-0.4811318065373865,0.4,51.942810391949095,0.03710544279387845,10801
riskadj,90,2,0.3,volinv,10,-0.14180301843216145,-0.17629281293418977,,-0.4450015032475626,0.475,32.18387650913708,0.022990611784073387,10801
riskadj,90,2,0.3,volinv,21,0.041912863199965567,0.05177924517956014,,-0.39625428598838763,0.5125,19.5077217360214,0.013935377147537509,10801
blend,5,0,0.1,equal,5,-0.31363612984050204,-0.41510023775817384,,-0.45966801581441774,0.4625,167.93778353856123,0.11996666666666667,10801
blend,5,0,0.1,equal,10,-0.8165738265644178,-1.0706100653548736,,-0.6554089661255917,0.375,91.83149708360338,0.06559999999999999,10801
blend,5,0,0.1,equal,21,0.41339287847272305,0.5669026858534318,,-0.3875830219362323,0.525,41.59948152948801,0.029716666666666666,10801
blend,5,0,0.1,volinv,5,-0.30428623943551986,-0.3948259981989983,,-0.4592240494333123,0.45,170.3503341539187,0.1216900766664336,10801
blend,5,0,0.1,volinv,10,-0.750571416716024,-0.9837804333994133,,-0.6204531740668788,0.3875,92.43323029862347,0.06602984923647037,10801
blend,5,0,0.1,volinv,21,0.337884307832911,0.4550725051214056,,-0.4488891467639994,0.5,42.19128027571192,0.03013941919695532,10801
blend,5,0,0.2,equal,5,-0.4287185633530127,-0.5605605820521234,,-0.5241857092835372,0.45,142.0601796129988,0.1014809523809524,10801
blend,5,0,0.2,equal,10,-0.8035358154225327,-1.0566242706801658,,-0.6588482940707864,0.4,79.81860938801964,0.05701857142857143,10801
blend,5,0,0.2,equal,21,0.09296107544587134,0.12628290228717934,,-0.503437344973099,0.55,36.99057494676419,0.026424285714285713,10801
blend,5,0,0.2,volinv,5,-0.4871275711652064,-0.6338103034036887,,-0.5512011195393132,0.475,148.38192368784593,0.10599690196775288,10801
blend,5,0,0.2,volinv,10,-0.8356317346100038,-1.1001587184410713,,-0.6683603523956729,0.4,82.0068152227667,0.05858172031885603,10801
blend,5,0,0.2,volinv,21,0.07277298412228034,0.09802607491978273,,-0.4852109639482133,0.525,38.2195556825445,0.027302210378780632,10801
blend,5,0,0.3,equal,5,-0.3616598984448218,-0.47204558900420646,,-0.49581731013301333,0.4875,122.2554578279789,0.08733341269841269,10801
blend,5,0,0.3,equal,10,-0.6971009325401998,-0.9128184871801699,,-0.6331461062797041,0.4125,70.85843903342284,0.05061785714285714,10801
blend,5,0,0.3,equal,21,0.17163426423634356,0.23317162623633017,,-0.5036142207916223,0.525,32.41977594667161,0.023159126984126983,10801
blend,5,0,0.3,volinv,5,-0.41064642994081346,-0.5335561554483411,,-0.5194941145451,0.5125,130.97583530738154,0.09356283049967118,10801
blend,5,0,0.3,volinv,10,-0.7337716217111843,-0.9628308284450915,,-0.6402799706097468,0.4,74.35485394032769,0.05311552760644704,10801
blend,5,0,0.3,volinv,21,0.19139930885360035,0.2582098973275676,,-0.4520247079946277,0.5125,34.30911931017273,0.02450878291462802,10801
blend,5,2,0.1,equal,5,-0.7826509212902131,-1.0197528375777258,,-0.6769831061191833,0.4125,167.70447180816592,0.11979999999999999,10801
blend,5,2,0.1,equal,10,-0.544688266325687,-0.6957932507768908,,-0.525510572020432,0.45,90.64160725858717,0.06475,10801
blend,5,2,0.1,equal,21,0.1069912548347256,0.14525936037740986,,-0.3156302805222625,0.4625,41.039533376539204,0.029316666666666664,10801
blend,5,2,0.1,volinv,5,-0.7400024239548669,-0.9547103416025872,,-0.660242830573226,0.425,170.43492784878762,0.12175050632901818,10801
blend,5,2,0.1,volinv,10,-0.53324100242135,-0.6860760703997958,,-0.5157864377541461,0.425,91.64527732905664,0.06546697357348814,10801
blend,5,2,0.1,volinv,21,0.07200243206036987,0.09681206074017024,,-0.33610350955758106,0.4875,41.41733987295701,0.02958655343702438,10801
blend,5,2,0.2,equal,5,-0.5827323637940656,-0.7594722585403085,,-0.5672955832421229,0.4875,140.7849643551523,0.10057,10801
blend,5,2,0.2,equal,10,-0.5211707297531323,-0.6768996742118348,,-0.5057992577912964,0.4875,81.30847143782984,0.05808285714285715,10801
blend,5,2,0.2,equal,21,0.015786485405013755,0.021322871370430336,,-0.3217116773821982,0.475,35.01542449773169,0.025013333333333332,10801
blend,5,2,0.2,volinv,5,-0.6137173849314166,-0.7961882747346187,,-0.5741622034822724,0.4625,147.07674157650516,0.10506454270951271,10801
blend,5,2,0.2,volinv,10,-0.5454868980486818,-0.7099585273536286,,-0.5160959454860707,0.45,83.23652884540171,0.0594601685224328,10801
blend,5,2,0.2,volinv,21,0.0010096112067727917,0.0013498418379394568,,-0.33832482742005443,0.475,36.23715525506187,0.02588607896229651,10801
blend,5,2,0.3,equal,5,-0.5017966912511389,-0.6525763109816144,,-0.5269852315721302,0.525,121.67817794648643,0.08692103174603175,10801
blend,5,2,0.3,equal,10,-0.5625406166954183,-0.7263811442229636,,-0.5254438788735175,0.475,72.58772335894825,0.051853174603174595,10801
blend,5,2,0.3,equal,21,0.19911033566973987,0.2754082488649827,,-0.2797486353485388,0.4625,31.68039996296639,0.022630952380952384,10801
blend,5,2,0.3,volinv,5,-0.5639800086697244,-0.736410650622815,,-0.5453745376454855,0.4625,130.15067541960417,0.09297337600576353,10801
blend,5,2,0.3,volinv,10,-0.6677997508067111,-0.8673903102132499,,-0.572446680710786,0.45,75.81469286483362,0.054158366245573256,10801
blend,5,2,0.3,volinv,21,0.16990456127843856,0.23377817057449635,,-0.2760892063619269,0.475,33.14471763599089,0.023676990422376823,10801
blend,10,0,0.1,equal,5,-0.9265657221622836,-1.2156194946270253,,-0.7287780114113429,0.3875,146.98639014906027,0.10500000000000001,10801
blend,10,0,0.1,equal,10,-0.6437727971781985,-0.8630324004649832,,-0.6461795978402312,0.425,85.60207388204796,0.061149999999999996,10801
blend,10,0,0.1,equal,21,-0.3230767150739782,-0.4277351481706951,,-0.6069592924634448,0.475,42.08943616331821,0.030066666666666665,10801
blend,10,0,0.1,volinv,5,-0.8708697839206172,-1.134891047448626,,-0.716107089797128,0.4,151.67020918783405,0.10834589480408699,10801
blend,10,0,0.1,volinv,10,-0.7077246073168075,-0.938575037362698,,-0.6563561517730352,0.425,86.80697234239962,0.06201072144644565,10801
blend,10,0,0.1,volinv,21,-0.3053976127357187,-0.40241593911768614,,-0.5828700041461492,0.4625,42.811419474814436,0.030582416782240128,10801
blend,10,0,0.2,equal,5,-0.4621003173386643,-0.6199476108810164,,-0.5674698254784295,0.4625,115.53730210165726,0.08253428571428571,10801
blend,10,0,0.2,equal,10,-0.7191169016047115,-0.9641743420240652,,-0.6788319117524115,0.35,72.00133320988797,0.05143428571428572,10801
blend,10,0,0.2,equal,21,0.11095184436720087,0.1496234382685734,,-0.4427034768025686,0.5,36.471289695398575,0.02605333333333333,10801
blend,10,0,0.2,volinv,5,-0.4926479008466435,-0.6532856052595203,,-0.5906123197663569,0.4625,124.51976182685816,0.08895092245316764,10801
blend,10,0,0.2,volinv,10,-0.771970739789687,-1.0251343503325645,,-0.6910135339434869,0.325,75.41202371775395,0.053870718794673304,10801
blend,10,0,0.2,volinv,21,0.10341953366567447,0.13804700793905086,,-0.4186973077549556,0.4875,37.85616400638503,0.02704262086196856,10801
blend,10,0,0.3,equal,5,-0.38282769931910704,-0.5086347571525506,,-0.5205163404808248,0.4875,97.99203777428015,0.07000079365079365,10801
blend,10,0,0.3,equal,10,-0.620720000905159,-0.825180681024942,,-0.6258875541230969,0.4,61.82871956300343,0.044167460317460314,10801
blend,10,0,0.3,equal,21,0.07658540834825317,0.10399569844213075,,-0.45786165305171744,0.4875,31.970373113600594,0.022838095238095234,10801
blend,10,0,0.3,volinv,5,-0.41405319063414325,-0.5498701367236158,,-0.5236947517573531,0.475,109.11255972710227,0.0779447591013513,10801
blend,10,0,0.3,volinv,10,-0.6890899246605282,-0.915853653763281,,-0.6436908095335845,0.3875,66.66660414467077,0.047623412127419905,10801
blend,10,0,0.3,volinv,21,0.10490645861597077,0.14220276903306336,,-0.38693715101329507,0.525,33.67148774882628,0.024053289627981,10801
blend,10,2,0.1,equal,5,-0.5880196243168778,-0.7678042474130875,,-0.628855074520785,0.4,147.0797148412184,0.10506666666666666,10801
blend,10,2,0.1,equal,10,-0.3138171733725874,-0.4194464578441317,,-0.5260427916681001,0.4125,85.6254050550875,0.06116666666666666,10801
blend,10,2,0.1,equal,21,-0.2793157396668659,-0.36838118314415746,,-0.4280160116771573,0.475,41.55281918340894,0.029683333333333332,10801
blend,10,2,0.1,volinv,5,-0.546807825981186,-0.7133957461187476,,-0.5987290553253778,0.3875,150.91524097320004,0.1078065818618739,10801
blend,10,2,0.1,volinv,10,-0.312737435286617,-0.42291535256213775,,-0.5229673608491625,0.4625,86.8110421468647,0.06201362871880196,10801
blend,10,2,0.1,volinv,21,-0.23332095642345899,-0.30667012601058086,,-0.389554606916372,0.475,41.787599024407,0.02985104874752778,10801
blend,10,2,0.2,equal,5,-0.44062861721437757,-0.5674221023481716,,-0.549513238125245,0.4625,117.950411998889,0.08425809523809524,10801
blend,10,2,0.2,equal,10,-0.16916951669773445,-0.22167363790066633,,-0.4259486015793652,0.5,71.36872511804464,0.05098238095238095,10801
blend,10,2,0.2,equal,21,-0.2881643215905892,-0.3804291348121398,,-0.3904180679670409,0.475,35.612702527543746,0.02544,10801
blend,10,2,0.2,volinv,5,-0.46195961355883497,-0.5975602660942485,,-0.5566759287859371,0.4875,125.72428671749208,0.08981137703939364,10801
blend,10,2,0.2,volinv,10,-0.2060433810813574,-0.2725695911139026,,-0.43343518240520373,0.4625,74.96824411386756,0.05355370401282299,10801
blend,10,2,0.2,volinv,21,-0.3357634055950707,-0.4425587785666234,,-0.37867512421104366,0.4375,37.11497328142679,0.02651314989501923,10801
blend,10,2,0.3,equal,5,-0.4083669672305683,-0.5295823332058891,,-0.5733391080997039,0.4625,99.1555967040089,0.07083198412698413,10801
blend,10,2,0.3,equal,10,-0.05845660173055806,-0.076947867817036,,-0.36978725302627835,0.475,61.39875937413203,0.04386031746031746,10801
blend,10,2,0.3,equal,21,-0.1555219728475166,-0.2054116323591601,,-0.2972654666684915,0.475,31.69317655772614,0.022640079365079366,10801
blend,10,2,0.3,volinv,5,-0.39444480152352307,-0.5144975167736457,,-0.5493640189152935,0.475,109.86886002522986,0.07848502361987486,10801
blend,10,2,0.3,volinv,10,-0.08484076470013581,-0.11240190817536784,,-0.36883585742831704,0.4625,66.02556303552687,0.0471654832239898,10801
blend,10,2,0.3,volinv,21,-0.20178307839807072,-0.26939441490377963,,-0.2853111715688559,0.475,33.694986686809365,0.024070076137845762,10801
blend,20,0,0.1,equal,5,-0.5525364127688719,-0.7082540596409606,,-0.597693046876624,0.4,109.30654569021387,0.07808333333333334,10801
blend,20,0,0.1,equal,10,-0.4403502993339599,-0.5630471307570664,,-0.5255959524040412,0.4375,73.25988334413479,0.052333333333333336,10801
blend,20,0,0.1,equal,21,-0.5998843878079138,-0.754313416417417,,-0.6137794923660451,0.475,39.3596889176928,0.028116666666666665,10801
blend,20,0,0.1,volinv,5,-0.5651736274523625,-0.718239202492082,,-0.5944486809069649,0.4125,117.44925651825335,0.08390009389243747,10801
blend,20,0,0.1,volinv,10,-0.42840705649559224,-0.5449633614335715,,-0.5182386446067158,0.4,75.43657493912713,0.053888257005126464,10801
blend,20,0,0.1,volinv,21,-0.5983597398199617,-0.7519598438490284,,-0.5703560616611663,0.425,40.31473774911138,0.028798907567999472,10801
blend,20,0,0.2,equal,5,-0.7523813129767657,-0.9513664977333434,,-0.6568660641845716,0.4375,86.88795481899825,0.062068571428571424,10801
blend,20,0,0.2,equal,10,-0.5506494214346227,-0.7020384431629486,,-0.5699936561277315,0.3875,58.36392926580872,0.04169238095238095,10801
blend,20,0,0.2,equal,21,-0.46009754508075285,-0.5869114236882632,,-0.5506034541089795,0.5,33.70421257290992,0.024076666666666666,10801
blend,20,0,0.2,volinv,5,-0.8261508904107342,-1.0367514519988474,,-0.6755167662512231,0.3875,98.7357671505572,0.07053207810801376,10801
blend,20,0,0.2,volinv,10,-0.6489517320002247,-0.8222182036116302,,-0.6099622857478829,0.3625,63.459972584246096,0.04533274893402395,10801
blend,20,0,0.2,volinv,21,-0.5318804675552543,-0.6793688166436289,,-0.548717038341088,0.4875,35.291216751834206,0.025210346040777855,10801
blend,20,0,0.3,equal,5,-0.6336263848322777,-0.8107402647494064,,-0.612926526247082,0.3875,72.98990834182021,0.05214047619047619,10801
blend,20,0,0.3,equal,10,-0.5268526342660891,-0.6746197689290169,,-0.5465212922236253,0.4125,49.45764281085085,0.03533015873015873,10801
blend,20,0,0.3,equal,21,-0.31767249051915697,-0.407375893195292,,-0.5190930456481053,0.45,28.60679566706786,0.02043531746031746,10801
blend,20,0,0.3,volinv,5,-0.6474249179860115,-0.8242493729507425,,-0.606026448651327,0.35,86.88957024921908,0.062069725414141214,10801
blend,20,0,0.3,volinv,10,-0.5316901909997507,-0.685847080107383,,-0.5446249568568575,0.4125,55.46727020281878,0.03962314718655064,10801
blend,20,0,0.3,volinv,21,-0.313319712189871,-0.40259966623532656,,-0.4663557882583834,0.475,30.718125108287573,0.021943549556522092,10801
blend,20,2,0.1,equal,5,-0.5714639891082657,-0.7201531638497092,,-0.6484952228554419,0.4375,115.79261179520415,0.08271666666666666,10801
blend,20,2,0.1,equal,10,-0.4480038902834082,-0.5572482255629483,,-0.5627024690016742,0.45,73.00324044069994,0.05215,10801
blend,20,2,0.1,equal,21,-0.19903431940704383,-0.25931008093235486,,-0.4538758862585863,0.5,38.729747245625404,0.027666666666666666,10801
blend,20,2,0.1,volinv,5,-0.577367047798152,-0.7248339741658946,,-0.643183909901461,0.4,122.96971159598066,0.08784364120027693,10801
blend,20,2,0.1,volinv,10,-0.40209678375137037,-0.5040911535198517,,-0.543153473857622,0.4375,75.39658188359402,0.05385968789184517,10801
blend,20,2,0.1,volinv,21,-0.20587485308054096,-0.26605905974155897,,-0.40269084402563327,0.5,39.47714002253964,0.028200568080916047,10801
blend,20,2,0.2,equal,5,-0.37181714944756467,-0.47466716557369465,,-0.5311720254836151,0.4375,86.03536709563929,0.06145952380952381,10801
blend,20,2,0.2,equal,10,-0.3510871401525442,-0.4450698585225157,,-0.48250453037625374,0.4625,58.83655217109527,0.04203,10801
blend,20,2,0.2,equal,21,-0.16226395663986257,-0.21569111769526472,,-0.4402512334784323,0.475,31.72839551893344,0.022665238095238096,10801
blend,20,2,0.2,volinv,5,-0.4315263358933197,-0.5517530498832098,,-0.5520474705394264,0.3875,97.78322704963101,0.06985162932295398,10801
blend,20,2,0.2,volinv,10,-0.3600669526883502,-0.45960572216171247,,-0.47848099174453884,0.4125,63.52692761062995,0.045380578381112036,10801
blend,20,2,0.2,volinv,21,-0.2584003003440846,-0.34181057837436546,,-0.4255875593579548,0.425,33.262068065251064,0.02376081991883444,10801
blend,20,2,0.3,equal,5,-0.5358386416177722,-0.6780225927089799,,-0.5940264925509822,0.425,71.10486066104991,0.05079388888888888,10801
blend,20,2,0.3,equal,10,-0.31854420372926767,-0.4066694994373155,,-0.47896985156030614,0.4375,48.587723358948246,0.03470873015873016,10801
blend,20,2,0.3,equal,21,-0.41248865346466235,-0.5415309621485827,,-0.5329316009336447,0.4875,27.782427553004354,0.01984642857142857,10801
blend,20,2,0.3,volinv,5,-0.5223797447540477,-0.6682140853708403,,-0.5834824557222773,0.3875,85.59121366739579,0.0611422419855517,10801
blend,20,2,0.3,volinv,10,-0.32096301491317547,-0.4159863919380176,,-0.4590778694387512,0.4125,54.83099566297462,0.039168623290726776,10801
blend,20,2,0.3,volinv,21,-0.4238872649062578,-0.5531387913443023,,-0.4980109263274044,0.425,30.154928709044412,0.021541229165766448,10801
blend,30,0,0.1,equal,5,-0.39089854154332765,-0.5054870816048421,,-0.5233179671684465,0.375,93.8099805573558,0.06701333333333333,10801
blend,30,0,0.1,equal,10,-0.40150063174662864,-0.5204465975896148,,-0.5504648341524649,0.3875,62.527543745949444,0.04466666666666667,10801
blend,30,0,0.1,equal,21,-0.406855968991971,-0.5239886901230086,,-0.5949036173055846,0.4625,36.699935191186,0.026216666666666666,10801
blend,30,0,0.1,volinv,5,-0.43968201860221495,-0.5643536193379175,,-0.5384851278196169,0.375,103.20607070422416,0.07372544772991568,10801
blend,30,0,0.1,volinv,10,-0.3949896637404988,-0.5105756677418796,,-0.5373599432981954,0.4125,66.05242331148546,0.04718467091186207,10801
blend,30,0,0.1,volinv,21,-0.33253717103010977,-0.42721867414725334,,-0.558034816728642,0.45,37.49716956497373,0.02678617251794188,10801
blend,30,0,0.2,equal,5,-0.30478060533977636,-0.38855395689410804,,-0.4554216631559934,0.4375,71.12274789371355,0.05080666666666667,10801
blend,30,0,0.2,equal,10,-0.22615973952870402,-0.28793244257839556,,-0.4212162049429764,0.45,46.331710026849365,0.03309714285714286,10801
blend,30,0,0.2,equal,21,-0.3429812943303346,-0.43797826092994624,,-0.5905508356261445,0.5125,30.175205999444497,0.02155571428571429,10801
blend,30,0,0.2,volinv,5,-0.30236326644588907,-0.3864468900494926,,-0.43454655622852234,0.4125,84.13316227847442,0.06010068027578057,10801
blend,30,0,0.2,volinv,10,-0.23073006474256613,-0.29465953584971954,,-0.4068164105833926,0.475,52.119531364466,0.03723168374785696,10801
blend,30,0,0.2,volinv,21,-0.2658874690500032,-0.3362828027676834,,-0.5276449566599632,0.5,31.805903906733572,0.022720606355597178,10801
blend,30,0,0.3,equal,5,-0.36492405717142484,-0.4641096652182199,,-0.46735431537707306,0.425,58.66012406258681,0.041903968253968256,10801
blend,30,0,0.3,equal,10,-0.19813376273680372,-0.25278751763672647,,-0.36654423335758235,0.425,39.18970465697621,0.027995238095238094,10801
blend,30,0,0.3,equal,21,-0.1252307913284154,-0.159954310000285,,-0.5069143200522835,0.55,25.264105175446716,0.018047460317460316,10801
blend,30,0,0.3,volinv,5,-0.3386746005696825,-0.4328936240051237,,-0.4442907320843228,0.4375,73.83009838338161,0.05274066750257306,10801
blend,30,0,0.3,volinv,10,-0.23670148445932512,-0.3032344827069898,,-0.3772170765912586,0.4625,46.04009594483076,0.03288882779762679,10801
blend,30,0,0.3,volinv,21,-0.14071755238521205,-0.1780689963474337,,-0.4815210180149476,0.5375,27.788771847103632,0.01985096062966709,10801
blend,30,2,0.1,equal,5,-0.8198746354219998,-1.0220587287560032,,-0.6509691490177685,0.375,94.07128969539858,0.06719999999999998,10801
blend,30,2,0.1,equal,10,-0.6096998702768194,-0.7525302261978665,,-0.6301335635679126,0.4,63.41412832145172,0.0453,10801
blend,30,2,0.1,equal,21,-0.3603064134611397,-0.4698805763054427,,-0.5596871854159169,0.4375,36.53661697990927,0.026099999999999998,10801
blend,30,2,0.1,volinv,5,-0.7734916259468927,-0.9613612802466509,,-0.6284147162586469,0.4,103.19796989277904,0.07371966090025836,10801
blend,30,2,0.1,volinv,10,-0.541004486005661,-0.6745040840710794,,-0.59878246071588,0.4125,66.14569539078452,0.04725129999443542,10801
blend,30,2,0.1,volinv,21,-0.3271052845263599,-0.42146925321345297,,-0.5273539103250657,0.45,37.35192557641779,0.026682417205746593,10801
blend,30,2,0.2,equal,5,-0.5917178490296758,-0.7351853615480335,,-0.5415758440483265,0.3875,70.40481436903991,0.05029380952380952,10801
blend,30,2,0.2,equal,10,-0.28658462183490124,-0.36102558471445234,,-0.43954740525365654,0.4875,46.3850384223683,0.03313523809523809,10801
blend,30,2,0.2,equal,21,-0.3422930644902827,-0.44552267520889566,,-0.5635459477562021,0.4375,29.141301731321175,0.02081714285714286,10801
blend,30,2,0.2,volinv,5,-0.533159348746901,-0.6673359745080111,,-0.5043658565150282,0.4625,82.8475151899522,0.059182275897266774,10801
blend,30,2,0.2,volinv,10,-0.3001266474520573,-0.37970869794919154,,-0.4150815284105789,0.475,52.07533215116515,0.03720010995798511,10801
blend,30,2,0.2,volinv,21,-0.299398651716012,-0.3862762752409855,,-0.48552029820019293,0.4375,30.713715473407433,0.021940399525679475,10801
blend,30,2,0.3,equal,5,-0.5736331301099422,-0.719987033341509,,-0.5288205180770322,0.4125,57.575780020368484,0.04112936507936508,10801
blend,30,2,0.3,equal,10,-0.2850755319076434,-0.3615877362814943,,-0.42275468740774813,0.4625,39.70621238774187,0.02836420634920635,10801
blend,30,2,0.3,equal,21,-0.34843717250166123,-0.45147249973634945,,-0.5300400647001926,0.4375,25.09600962873808,0.01792738095238095,10801
blend,30,2,0.3,volinv,5,-0.5318582067574855,-0.6744536512449341,,-0.49917226562456096,0.4375,72.31998496161958,0.051661915183231016,10801
blend,30,2,0.3,volinv,10,-0.2932907258418947,-0.3741571323382721,,-0.41312578033448877,0.425,46.81318866568745,0.033441088014423956,10801
blend,30,2,0.3,volinv,21,-0.3357737787875195,-0.4330881009164557,,-0.4831005307873725,0.45,27.781642139252405,0.019845867509660397,10801
blend,45,0,0.1,equal,5,-0.470534306241664,-0.5883511931622146,,-0.502989951009329,0.3875,82.21905379131562,0.05873333333333333,10801
blend,45,0,0.1,equal,10,-0.3445521130626036,-0.43280420916880963,,-0.4341532533362369,0.4125,50.44199611147116,0.036033333333333334,10801
blend,45,0,0.1,equal,21,-0.1943923066232496,-0.246416220634926,,-0.4914105872036637,0.4625,33.71354504212573,0.02408333333333333,10801
blend,45,0,0.1,volinv,5,-0.4497576062780497,-0.5610892917802212,,-0.4846538806764644,0.3875,91.4929387442619,0.06535815022333152,10801
blend,45,0,0.1,volinv,10,-0.2804213485932707,-0.35095683440431735,,-0.39016181493233104,0.4125,54.74184927161349,0.039104941400972044,10801
blend,45,0,0.1,volinv,21,-0.14890889439065944,-0.18735135032623149,,-0.45938910581427295,0.45,34.59112305291213,0.02471023281048306,10801
blend,45,0,0.2,equal,5,-0.5221469473731628,-0.6505339656483522,,-0.5589174033834033,0.4,58.1652809925007,0.04155047619047619,10801
blend,45,0,0.2,equal,10,-0.5304930320424808,-0.6649446247837736,,-0.5446246211783697,0.3875,39.24836589204704,0.02803714285714286,10801
blend,45,0,0.2,equal,21,-0.32616424733137667,-0.41109484207812963,,-0.5673543979371769,0.425,25.752948801036943,0.01839666666666667,10801
blend,45,0,0.2,volinv,5,-0.46965077519684917,-0.5861981035681689,,-0.5269066987489609,0.4,71.40600276321548,0.051009010307241434,10801
blend,45,0,0.2,volinv,10,-0.43001981741078654,-0.5386163295432376,,-0.48642736552822163,0.425,44.82029598273797,0.032017461435816984,10801
blend,45,0,0.2,volinv,21,-0.23427138675089842,-0.29290231322659144,,-0.5201830724993237,0.45,27.71225062595773,0.019796297553635545,10801
blend,45,0,0.3,equal,5,-0.6378097397311938,-0.7944341650408343,,-0.6016116618384755,0.375,49.45653180261087,0.03532936507936508,10801
blend,45,0,0.3,equal,10,-0.5996349065939633,-0.7487424314235067,,-0.566098042564891,0.4,33.66577168780669,0.024049206349206348,10801
blend,45,0,0.3,equal,21,-0.37908731026974185,-0.47639420632645496,,-0.5610734924259067,0.4375,21.815757800203684,0.015584126984126985,10801
blend,45,0,0.3,volinv,5,-0.5970353728153879,-0.751758437098608,,-0.5779756956391342,0.3625,65.17898482371754,0.046560728510646375,10801
blend,45,0,0.3,volinv,10,-0.5564736478392877,-0.7009251208123927,,-0.539589937607641,0.4625,40.78521938050646,0.029134996992648828,10801
blend,45,0,0.3,volinv,21,-0.29750085476055016,-0.3736910892139802,,-0.5229655979364667,0.4875,24.637984999951176,0.017600190210613268,10801
blend,45,2,0.1,equal,5,-0.4408154426430987,-0.5463904507166589,,-0.4931350923185036,0.3625,83.12896953985741,0.05938333333333333,10801
blend,45,2,0.1,equal,10,-0.5916866794233797,-0.7416238476103941,,-0.5530688482285389,0.375,52.09850939727803,0.03721666666666666,10801
blend,45,2,0.1,equal,21,-0.3254153958843949,-0.40800081831212254,,-0.5279517849634521,0.4625,33.993519118600126,0.024283333333333334,10801
blend,45,2,0.1,volinv,5,-0.35866242215204724,-0.44496145410003596,,-0.44934016958796463,0.35,91.47516330101097,0.06534545230252774,10801
blend,45,2,0.1,volinv,10,-0.45265355283359937,-0.5695775043440209,,-0.4736041798048969,0.4125,55.457196758538586,0.03961595120297455,10801
blend,45,2,0.1,volinv,21,-0.31801880885080536,-0.3916257266911507,,-0.5314222503335371,0.45,34.996122900956806,0.024999545201933492,10801
blend,45,2,0.2,equal,5,-0.4036925961135184,-0.49435552068471916,,-0.4999407924073421,0.3625,60.0851032311823,0.042921904761904765,10801
blend,45,2,0.2,equal,10,-0.42716636977083516,-0.5250272647238942,,-0.46637168761070946,0.375,40.76155911489677,0.02911809523809524,10801
blend,45,2,0.2,equal,21,-0.32855018185442847,-0.40994411922421453,,-0.5256217505911192,0.425,25.946264234793077,0.018534761904761905,10801
blend,45,2,0.2,volinv,5,-0.36519059135786225,-0.44990905644865037,,-0.46098287594492293,0.375,72.44255818112924,0.0517494755895752,10801
blend,45,2,0.2,volinv,10,-0.32090688113199867,-0.3970011978709634,,-0.39574356669573696,0.375,46.35813194967301,0.03311601740664141,10801
blend,45,2,0.2,volinv,21,-0.29302689576536445,-0.3636480225258811,,-0.5018930368851091,0.4375,28.027222701397626,0.020021298439007656,10801
blend,45,2,0.3,equal,5,-0.4974093071557452,-0.6087768757303927,,-0.5308464053180277,0.325,49.1898898250162,0.035138888888888886,10801
blend,45,2,0.3,equal,10,-0.4475833477140047,-0.5516674490075539,,-0.4921781903195742,0.4,33.91019350060179,0.024223809523809522,10801
blend,45,2,0.3,equal,21,-0.3276883671516066,-0.41200338866027614,,-0.524333940621432,0.425,21.54522729376909,0.015390873015873016,10801
blend,45,2,0.3,volinv,5,-0.49964056881645325,-0.6182102000797172,,-0.5285399785831235,0.325,63.87457155855304,0.04562891847909599,10801
blend,45,2,0.3,volinv,10,-0.4269190454377994,-0.5280166189051871,,-0.4668295237909974,0.3875,40.98708398599187,0.029279199347400676,10801
blend,45,2,0.3,volinv,21,-0.32116380990806354,-0.4032906568325316,,-0.509394341990608,0.45,24.484826345433646,0.017490781042131538,10801
blend,60,0,0.1,equal,5,-0.4078810298042695,-0.5069868042726927,,-0.5079853262583356,0.375,69.50356448476992,0.04964999999999999,10801
blend,60,0,0.1,equal,10,-0.43808025688569135,-0.5445461704797689,,-0.5385780290190324,0.3875,46.31237848347375,0.03308333333333334,10801
blend,60,0,0.1,equal,21,-0.2718947689722555,-0.33220957459834416,,-0.44930433009158444,0.3875,28.95398574206092,0.02068333333333333,10801
blend,60,0,0.1,volinv,5,-0.39139323156846206,-0.4849504037947515,,-0.5087495408500257,0.3875,80.37781199374783,0.05741803884553375,10801
blend,60,0,0.1,volinv,10,-0.4577095438019229,-0.5667853918125557,,-0.5460675572851663,0.4,50.36309441697407,0.03597696976175509,10801
blend,60,0,0.1,volinv,21,-0.24075406050414586,-0.293769041636833,,-0.4607161453465497,0.425,30.378607167113845,0.021701014286507714,10801
blend,60,0,0.2,equal,5,-0.24567627962459154,-0.30550618606343555,,-0.42214315078352505,0.3875,50.274678270530515,0.03591380952380953,10801
blend,60,0,0.2,equal,10,-0.22097290703712716,-0.2766038413718302,,-0.4357449243159289,0.4,33.730210165725396,0.024095238095238097,10801
blend,60,0,0.2,equal,21,-0.24291002267330744,-0.29850928388087267,,-0.46747291628647936,0.4375,22.167280807332652,0.015835238095238097,10801
blend,60,0,0.2,volinv,5,-0.1852153883093103,-0.23117812218689685,,-0.3861877870559126,0.4,64.67680340623735,0.04620199428510381,10801
blend,60,0,0.2,volinv,10,-0.15224507252785804,-0.19039322735699157,,-0.39433734064097004,0.4,40.06754744568923,0.028622326716990037,10801
blend,60,0,0.2,volinv,21,-0.18258291166171967,-0.22335434234330762,,-0.43660481500681336,0.45,24.719029454103087,0.01765808446651901,10801
blend,60,0,0.3,equal,5,-0.2913927578264998,-0.36098960409486713,,-0.45768244682188464,0.4,41.11708175168965,0.02937206349206349,10801
blend,60,0,0.3,equal,10,-0.11437034097683876,-0.14340315691965586,,-0.34649910386860894,0.4125,27.922525692065552,0.019946507936507936,10801
blend,60,0,0.3,equal,21,-0.03842927464041574,-0.04756029894105008,,-0.40358302446236416,0.45,17.771132302564578,0.01269484126984127,10801
blend,60,0,0.3,volinv,5,-0.2647273782739878,-0.33094132299691764,,-0.42266941344577835,0.3875,57.72419717224977,0.04123538714665805,10801
blend,60,0,0.3,volinv,10,-0.08034547240410228,-0.10092650663700382,,-0.33497918255063475,0.4,35.41600592291751,0.025299489416232276,10801
blend,60,0,0.3,volinv,21,0.03459261218812497,0.042617327559097896,,-0.3722844307569664,0.475,20.96496688021981,0.014976362914897762,10801
blend,60,2,0.1,equal,5,-0.43759308321579343,-0.5376114984156062,,-0.5332531243322483,0.4,70.71678548282566,0.05051666666666667,10801
blend,60,2,0.1,equal,10,-0.33064454300463836,-0.41005834997174145,,-0.46875110894173977,0.3875,46.87232663642256,0.03348333333333333,10801
blend,60,2,0.1,equal,21,-0.19352894864605558,-0.2397826880688985,,-0.4722350076610994,0.3875,30.027219701879456,0.021449999999999997,10801
blend,60,2,0.1,volinv,5,-0.4915694123868218,-0.5986003322770905,,-0.5664662111573335,0.35,80.86921126928777,0.05776907082801437,10801
blend,60,2,0.1,volinv,10,-0.302061309326194,-0.3719838321831228,,-0.46532054247175714,0.4125,50.95720096705138,0.03640137087600012,10801
blend,60,2,0.1,volinv,21,-0.20077046603568457,-0.24576681336612877,,-0.4838480474382645,0.425,31.22934055796529,0.022308737259694646,10801
blend,60,2,0.2,equal,5,-0.23055030381219882,-0.2838706945147731,,-0.42113711601894877,0.4125,51.09193593185817,0.03649761904761905,10801
blend,60,2,0.2,equal,10,-0.16772179203181883,-0.20913363284604528,,-0.39552395168784305,0.3875,33.25158781594297,0.023753333333333335,10801
blend,60,2,0.2,equal,21,-0.15008372189023803,-0.18476075449595514,,-0.44676002526765735,0.425,21.371354504212576,0.015266666666666668,10801
blend,60,2,0.2,volinv,5,-0.21644208799548903,-0.26709229878084845,,-0.3987211560997894,0.3875,65.3045857087422,0.046650451735457954,10801
blend,60,2,0.2,volinv,10,-0.12895562822671958,-0.16012921827784143,,-0.37787225751502496,0.425,39.95176919454231,0.028539620308879063,10801
blend,60,2,0.2,volinv,21,-0.08944286354823018,-0.10947170291154638,,-0.3857063992954487,0.4625,23.93188942539187,0.01709578952934243,10801
blend,60,2,0.3,equal,5,-0.22589840201106376,-0.27662129099038385,,-0.4262571465295356,0.3875,40.66123507082677,0.02904642857142857,10801
blend,60,2,0.3,equal,10,-0.05542743935182399,-0.06936491422907635,,-0.3341710443886069,0.4625,26.98694565318026,0.019278174603174603,10801
blend,60,2,0.3,equal,21,-0.0984829693161931,-0.12253001836290918,,-0.43677434055365805,0.4625,17.9100083325618,0.01279404761904762,10801
blend,60,2,0.3,volinv,5,-0.17997738867673668,-0.22139180177234208,,-0.3949795526723514,0.375,56.903681656735884,0.04064925036867753,10801
blend,60,2,0.3,volinv,10,-0.0009018452040388507,-0.0011217866799776773,,-0.29313761473441136,0.4375,34.72608375417347,0.024806642237356326,10801
blend,60,2,0.3,volinv,21,-0.040022588328308954,-0.049610129843817616,,-0.3754873307221024,0.475,21.23505633143216,0.015169301814536955,10801
blend,90,0,0.1,equal,5,-0.3743420198558208,-0.4480849194207627,,-0.5025894443406349,0.35,57.90797148412184,0.04136666666666667,10801
blend,90,0,0.1,equal,10,-0.329538372565846,-0.398139683932708,,-0.4654359912251803,0.375,37.07323395981852,0.026483333333333334,10801
blend,90,0,0.1,equal,21,0.034405280707946774,0.04226261839191696,,-0.43316056796990277,0.4625,23.35450421257291,0.01668333333333333,10801
blend,90,0,0.1,volinv,5,-0.3852703441503378,-0.45793086917194714,,-0.5127600904323802,0.35,68.10073421680637,0.0486478856002464,10801
blend,90,0,0.1,volinv,10,-0.2940751334215831,-0.3552965476202377,,-0.46228932209215456,0.375,41.944456005999236,0.029963099822804082,10801
blend,90,0,0.1,volinv,21,0.03647562329163583,0.044038380027876474,,-0.42182448962959096,0.4625,25.216035127914495,0.018013121389987067,10801
blend,90,0,0.2,equal,5,-0.20268585937201888,-0.2428766867895042,,-0.38756627816483247,0.425,40.39359318581614,0.028855238095238094,10801
blend,90,0,0.2,equal,10,-0.32844198387211093,-0.39428480542625904,,-0.4631484708432215,0.3875,28.039403758911217,0.02003,10801
blend,90,0,0.2,equal,21,-0.013842748175987572,-0.016804080338101473,,-0.39385093822950035,0.45,17.358392741412832,0.0124,10801
blend,90,0,0.2,volinv,5,-0.166448898751447,-0.19889781244225618,,-0.3572749191129545,0.3875,54.64152680582017,0.03903327586175024,10801
blend,90,0,0.2,volinv,10,-0.26421195219376503,-0.3155689543416036,,-0.4216126927522863,0.375,34.40294557062739,0.02457580787753614,10801
blend,90,0,0.2,volinv,21,-0.0030037650316747074,-0.0036203481903568017,,-0.37863422676229963,0.4375,20.268619181553838,0.014478925646822948,10801
blend,90,0,0.3,equal,5,-0.242179545494066,-0.289653507414082,,-0.43594980775479686,0.4125,34.12239607443755,0.024375396825396824,10801
blend,90,0,0.3,equal,10,-0.2588411174848354,-0.3112788649944542,,-0.45035328731264046,0.4,22.576798444588466,0.016127777777777776,10801
blend,90,0,0.3,equal,21,-0.1532757280168797,-0.1879905443157223,,-0.4655142421337197,0.375,14.538098324229239,0.01038531746031746,10801
blend,90,0,0.3,volinv,5,-0.19481055757517055,-0.23333308564919975,,-0.3888042644400729,0.4125,50.29014567559252,0.03592485869325891,10801
blend,90,0,0.3,volinv,10,-0.25388755829381254,-0.3039438197014453,,-0.42382012350832676,0.3875,29.982025176138265,0.02141771520684321,10801
blend,90,0,0.3,volinv,21,-0.14861284694577503,-0.17959958503509163,,-0.4413373293497749,0.425,17.89458804114267,0.012783032105316266,10801
blend,90,2,0.1,equal,5,-0.5625301977063415,-0.6827011938132884,,-0.602296921807002,0.3625,60.264419961114704,0.04305,10801
blend,90,2,0.1,equal,10,-0.4746557954147645,-0.5798721535128848,,-0.5735334136404789,0.375,38.8697342838626,0.027766666666666665,10801
blend,90,2,0.1,equal,21,-0.21010248442144372,-0.2550089624044639,,-0.4048788524798749,0.4625,23.797796500324047,0.017,10801
blend,90,2,0.1,volinv,5,-0.5837293018002128,-0.7055738520628586,,-0.606960397505913,0.3375,70.14881571332769,0.050110936410029915,10801
blend,90,2,0.1,volinv,10,-0.4294056632991997,-0.5250750487586057,,-0.5559936030783998,0.3625,43.36448698192122,0.03097750158014094,10801
blend,90,2,0.1,volinv,21,-0.20885588852538092,-0.24935923016817538,,-0.40172841622115407,0.4375,25.17746272913773,0.017985567125490515,10801
blend,90,2,0.2,equal,5,-0.3911222981830193,-0.4654525381479382,,-0.4814155415749408,0.35,40.84221831311916,0.029175714285714287,10801
blend,90,2,0.2,equal,10,-0.43508984991889393,-0.5224875283215312,,-0.5002476146777917,0.425,27.989408388112217,0.019994285714285714,10801
blend,90,2,0.2,equal,21,-0.27228328207711117,-0.3284951859670162,,-0.4311384592016878,0.4,17.521710952689567,0.012516666666666666,10801
blend,90,2,0.2,volinv,5,-0.28793758743591913,-0.3421882744418127,,-0.454561253207999,0.3625,54.654149374775415,0.039042292817258545,10801
blend,90,2,0.2,volinv,10,-0.298949999790419,-0.35790168633439245,,-0.45632262691695435,0.4,34.334247681919095,0.024526733413519054,10801
blend,90,2,0.2,volinv,21,-0.23514316081095465,-0.28211444585892415,,-0.42336602108600907,0.4125,20.523493772169516,0.01466099578261924,10801
blend,90,2,0.3,equal,5,-0.3883022400002748,-0.46371899541370826,,-0.5049961083108578,0.3375,33.80409221368392,0.024148015873015873,10801
blend,90,2,0.3,equal,10,-0.327057018578037,-0.3915448596839104,,-0.4502374825384119,0.4,22.71845199518563,0.016228968253968253,10801
blend,90,2,0.3,equal,21,-0.2201529478872754,-0.26772830138851966,,-0.43423590461597394,0.375,14.119248217757617,0.010086111111111112,10801
blend,90,2,0.3,volinv,5,-0.26682753737047493,-0.3193785248997333,,-0.4329204904945966,0.3875,49.09559947309866,0.035071532401384824,10801
blend,90,2,0.3,volinv,10,-0.19815480730800553,-0.23893881451094529,,-0.3770425898504297,0.4125,29.756246906617402,0.02125643008190308,10801
blend,90,2,0.3,volinv,21,-0.18447788789028718,-0.22293652323333613,,-0.40065358574733523,0.375,17.51168921541607,0.012509507620086572,10801
PLACEBO,0,0,0.3,equal,5,-0.8533805064339492,-1.135743967995423,,-0.5682458588269936,0.45,140.84695861494308,0.10061428571428571,10801
PLACEBO,0,0,0.3,equal,5,-0.33266372143886136,-0.43248381964718663,,-0.4313665284964414,0.4875,140.21201740579576,0.10016071428571428,10801
PLACEBO,0,0,0.3,equal,5,-0.513411318912425,-0.6983719989255898,,-0.4327702854744262,0.375,141.00194426441996,0.100725,10801
PLACEBO,0,0,0.3,equal,5,-0.2225831955482889,-0.30350888888096206,,-0.31683536676944224,0.475,142.60179612998797,0.10186785714285715,10801
PLACEBO,0,0,0.3,equal,5,-0.9611278811509834,-1.2349313230417396,,-0.6358106213367472,0.3375,138.87214146838258,0.09920357142857142,10801
PLACEBO,0,0,0.3,equal,5,-0.2847576572233448,-0.3858697287952328,,-0.3130975458748779,0.4125,142.36181835015276,0.10169642857142856,10801
PLACEBO,0,0,0.3,equal,5,-0.4297849245017612,-0.5716250476845218,,-0.46815008499312993,0.4375,141.62188686232756,0.10116785714285714,10801
PLACEBO,0,0,0.3,equal,5,0.2770826235738936,0.39820792234801033,,-0.3512633014412695,0.5125,141.96185538376076,0.10141071428571427,10801
PLACEBO,0,0,0.3,equal,5,-0.8741519911958404,-1.1899990605157755,,-0.5808510849770134,0.3625,140.66697528006668,0.10048571428571429,10801
PLACEBO,0,0,0.3,equal,5,-1.1385730512238865,-1.478763509978251,,-0.6778090569855602,0.375,140.35700398111288,0.10026428571428571,10801
PLACEBO,0,0,0.3,equal,5,-0.4792118618778309,-0.6545631161696169,,-0.5778463263919252,0.425,141.87686325340246,0.10135,10801
PLACEBO,0,0,0.3,equal,5,-0.1422765315143143,-0.20117951633777262,,-0.3359512135798679,0.45,141.84186649384318,0.101325,10801
PLACEBO,0,0,0.3,equal,5,-0.4443820337136386,-0.6004266247464506,,-0.3891128357499408,0.4625,140.63197852050737,0.10046071428571429,10801
PLACEBO,0,0,0.3,equal,5,0.5286444534076381,0.7531200706034675,,-0.22115091278508348,0.575,140.1320248125174,0.10010357142857142,10801
PLACEBO,0,0,0.3,equal,5,-0.9434319407630288,-1.2448810413415805,,-0.6055663334242023,0.4375,141.06693824645868,0.10077142857142857,10801
PLACEBO,0,0,0.3,equal,5,-0.35390939869026306,-0.5036645459078881,,-0.4473342032480059,0.4375,140.85695768910287,0.10062142857142858,10801
PLACEBO,0,0,0.3,equal,5,-0.2839153682112442,-0.38195564719691943,,-0.38612153344201383,0.475,139.65206925284696,0.09976071428571429,10801
PLACEBO,0,0,0.3,equal,5,-0.08320012229611018,-0.11641412069352675,,-0.23781819640832225,0.4375,140.87695583742249,0.10063571428571427,10801
PLACEBO,0,0,0.3,equal,5,-0.6514423528423521,-0.8951347684189144,,-0.51979433281007,0.4625,140.93695028238125,0.10067857142857142,10801
PLACEBO,0,0,0.3,equal,5,0.19053092082568565,0.26078879511998193,,-0.3262399269316949,0.4875,141.87686325340246,0.10135,10801
PLACEBO,0,0,0.3,equal,5,-0.6813645748166534,-0.8906977509274583,,-0.6255501258188741,0.3875,140.54198685306915,0.10039642857142857,10801
PLACEBO,0,0,0.3,equal,5,0.087485579203341,0.11790210888092782,,-0.28320402112413323,0.55,141.73687621516527,0.10125,10801
PLACEBO,0,0,0.3,equal,5,0.0002298552725944237,0.00031850766020240803,,-0.306012664237976,0.5125,140.73696879918526,0.10053571428571428,10801
PLACEBO,0,0,0.3,equal,5,-0.36727797686537517,-0.5081190887983882,,-0.4583120710209788,0.425,143.27673363577446,0.10235000000000001,10801
