signal,lookback_d,skip_d,top_frac,weighting,rebal_d,sharpe,sortino,mc_p5,max_dd,months_in_profit,ann_turnover,cost_drag,n_obs
raw,10,0,0.1,equal,1,0.1457522647976176,0.2169358739950873,,-0.31940977292856143,0.45569620253164556,431.99436702665867,2.418706673817084,2404
raw,10,0,0.1,equal,5,0.5855312760130865,0.836336463096545,,-0.1973955039370412,0.5569620253164557,180.1063356799815,1.0267035533272226,2404
raw,10,0,0.1,equal,10,0.6798461569320562,0.9932421373908512,0.07073917701148252,-0.2179141652987161,0.5316455696202531,119.26940296954041,0.6821324599000874,2404
raw,10,0,0.1,equal,21,0.16785902148665585,0.22901685412643993,,-0.44155532782388185,0.5063291139240507,58.40768679825618,0.327844969802276,2404
raw,10,0,0.1,rank,1,0.16198373099474095,0.24034575340532818,,-0.3061562041134903,0.4177215189873418,434.0467898502346,2.407537595455997,2404
raw,10,0,0.1,rank,5,0.566429863232172,0.8083295609142769,,-0.2101735963624376,0.5316455696202531,180.65333182820322,1.0299852814993469,2404
raw,10,0,0.1,rank,10,0.6956641011087664,1.0219352559167316,0.0872167589879532,-0.20216392713668152,0.5189873417721519,119.39759597925487,0.6847498716159618,2404
raw,10,0,0.1,rank,21,0.15648079817579572,0.20986365398245407,,-0.43519328859589046,0.4810126582278481,58.47163172599377,0.3287883552075607,2404
raw,10,0,0.1,volinv,1,-0.11929984288915818,-0.17469043927899552,,-0.4028137833320342,0.4810126582278481,511.44392533964987,2.7596957194357783,2404
raw,10,0,0.1,volinv,5,0.5417391220380098,0.742611067139709,,-0.1813073068999983,0.5569620253164557,194.76862457649008,1.0699624863307766,2404
raw,10,0,0.1,volinv,10,0.6224714436935201,0.8919794886638495,0.008259328440578414,-0.23386250995787994,0.5822784810126582,124.41531639486722,0.6887249248227514,2404
raw,10,0,0.1,volinv,21,0.2997891683974063,0.4526121197030873,,-0.4181030908425183,0.45569620253164556,60.14845279639799,0.3295071625609793,2404
raw,10,0,0.2,equal,1,0.009010157331663216,0.01333433761979511,,-0.35615148658642004,0.46835443037974683,375.3252779683631,1.9134956782538857,2404
raw,10,0,0.2,equal,5,0.24624749560802772,0.36312502874892205,,-0.29315488824123637,0.5189873417721519,164.24290623028486,0.8520285535281504,2404
raw,10,0,0.2,equal,10,0.3362722715473545,0.5013505556457706,,-0.3599299917137202,0.569620253164557,112.57025059600862,0.5854853533525876,2404
raw,10,0,0.2,equal,21,0.15006347299809755,0.19963533844720086,,-0.4292292961303723,0.4936708860759494,55.897852511764945,0.2874453574792216,2404
raw,10,0,0.2,rank,1,0.09195196917089833,0.13700997173024546,,-0.31867818445740026,0.46835443037974683,382.97561307606827,1.9215433752371154,2404
raw,10,0,0.2,rank,5,0.32748984277876547,0.48647222946437413,,-0.22918410348664664,0.4810126582278481,166.27424559493065,0.8620571803416394,2404
raw,10,0,0.2,rank,10,0.40363976171132926,0.6116537744160323,,-0.3099869966475507,0.5949367088607594,113.5674603480723,0.5935390423766931,2404
raw,10,0,0.2,rank,21,0.12260519453668049,0.16037077895710308,,-0.42407024249475245,0.4810126582278481,56.23664559482198,0.2902920304845734,2404
raw,10,0,0.2,volinv,1,-0.4063915450399126,-0.5636563861383415,,-0.47875082861118945,0.4177215189873418,438.2162765831097,2.162164492759423,2404
raw,10,0,0.2,volinv,5,-0.14022542361426082,-0.19009695476865968,,-0.4572777551068238,0.46835443037974683,178.64297731722118,0.8975982473223885,2404
raw,10,0,0.2,volinv,10,0.2606561113163774,0.3589878801663336,,-0.36936980922778295,0.569620253164557,117.61455122446898,0.5950153513797356,2404
raw,10,0,0.2,volinv,21,0.20629488805763682,0.2940347198449783,,-0.4585336326734688,0.5189873417721519,57.75438672625094,0.2909933055606019,2404
raw,10,0,0.3,equal,1,0.0987131899245032,0.1520539774465044,,-0.38987618328233176,0.4810126582278481,328.5988345300774,1.6003612099765423,2404
raw,10,0,0.3,equal,5,0.4077800434704483,0.612991309305596,,-0.31821915875482476,0.5063291139240507,145.83303306014238,0.724561073068188,2404
raw,10,0,0.3,equal,10,0.31328756866915175,0.4724543489272068,,-0.3625069928782676,0.5063291139240507,102.6414782558816,0.5117226330181617,2404
raw,10,0,0.3,equal,21,0.11331350924333511,0.15211329175041977,,-0.45385896963219985,0.4810126582278481,50.34787019131543,0.24782345193319705,2404
raw,10,0,0.3,rank,1,0.14778114717378174,0.22601468066024283,,-0.3489457742003992,0.46835443037974683,346.4336555879978,1.6531738400185139,2404
raw,10,0,0.3,rank,5,0.4309737000089336,0.6480691102689579,,-0.2587617064998553,0.4936708860759494,152.09109767083623,0.7560681966473359,2404
raw,10,0,0.3,rank,10,0.4053314132484043,0.6148178342431919,,-0.3227256551860168,0.5569620253164557,105.95147051883181,0.5321317336372,2404
raw,10,0,0.3,rank,21,0.10259198821786998,0.13521443070027436,,-0.438780337288035,0.46835443037974683,51.956356235586696,0.25758725785591413,2404
raw,10,0,0.3,volinv,1,-0.27452604763990057,-0.40070911859911335,,-0.47202259841866556,0.4430379746835443,381.38598629660277,1.800633787009233,2404
raw,10,0,0.3,volinv,5,0.14089364664030793,0.19281852916262646,,-0.3683170175992678,0.5316455696202531,158.36138955276067,0.7629794799118031,2404
raw,10,0,0.3,volinv,10,0.318615416663044,0.45093893906809984,,-0.3183302090948712,0.5316455696202531,107.79341253234578,0.5243180725119209,2404
raw,10,0,0.3,volinv,21,0.11504481122073933,0.16229140002745782,,-0.5162324643518008,0.4936708860759494,52.36818215644039,0.2526613367541839,2404
raw,10,2,0.1,equal,1,0.03215085225022184,0.04839113459309184,,-0.2674886957447229,0.45569620253164556,428.5857219861636,2.4138845556916704,2404
raw,10,2,0.1,equal,5,0.4839511179707932,0.7241820455781441,,-0.18436915244861496,0.5063291139240507,181.47608714983636,1.0262756947768155,2404
raw,10,2,0.1,equal,10,0.5798158196943802,0.9425397468478618,,-0.42241045484616724,0.5949367088607594,119.68395673332958,0.6848820613943354,2404
raw,10,2,0.1,equal,21,0.028468942182732177,0.03548838377661384,,-0.39545760526999085,0.4430379746835443,59.48681277875671,0.33955056126136385,2404
raw,10,2,0.1,rank,1,0.044057384973153334,0.06618709594348722,,-0.2632286595118136,0.45569620253164556,430.96281078637213,2.405127813824619,2404
raw,10,2,0.1,rank,5,0.4603599288917981,0.6824117217560924,,-0.1857787156519798,0.5316455696202531,181.81829393374935,1.0289373284894068,2404
raw,10,2,0.1,rank,10,0.5974940312257676,0.9843331794774869,,-0.41677776019816404,0.5949367088607594,119.84483592923016,0.6874500236933845,2404
raw,10,2,0.1,rank,21,0.051226525715853545,0.06465801105159047,,-0.38060533586055434,0.45569620253164556,59.58450367719295,0.34116287952148927,2404
raw,10,2,0.1,volinv,1,-0.1195314242963909,-0.17813097793979724,,-0.2994926992054049,0.45569620253164556,508.5731198396228,2.7523890809812714,2404
raw,10,2,0.1,volinv,5,0.35770890822945856,0.5262902291757784,,-0.2019994585931707,0.5063291139240507,196.24435060739054,1.0690926645149588,2404
raw,10,2,0.1,volinv,10,0.5820697739858086,0.8826984457041364,,-0.41803262522066154,0.5443037974683544,124.18419265484802,0.685820793839053,2404
raw,10,2,0.1,volinv,21,0.04576883163056829,0.057762660509219264,,-0.42634444470685573,0.45569620253164556,60.9760387685447,0.3405982487613259,2404
raw,10,2,0.2,equal,1,0.07718025625338305,0.12137223496628934,,-0.3621381999618778,0.45569620253164556,373.4673599191664,1.9083768869903062,2404
raw,10,2,0.2,equal,5,0.4732229266311901,0.7601711345210105,,-0.2857089023182584,0.45569620253164556,163.101087607763,0.8384664714513309,2404
raw,10,2,0.2,equal,10,0.2583665286341714,0.39977344481836175,,-0.3987560466373805,0.5443037974683544,113.45183139556899,0.587722273463182,2404
raw,10,2,0.2,equal,21,0.06005776884938088,0.08417035162710303,,-0.38660428587130036,0.5063291139240507,56.75572210478881,0.2916701077157422,2404
raw,10,2,0.2,rank,1,0.14626477574301183,0.23099217240564043,,-0.3090180176668539,0.46835443037974683,381.1034115634753,1.9175386434972816,2404
raw,10,2,0.2,rank,5,0.4796998300678652,0.7711422280718551,,-0.2610591723302198,0.45569620253164556,165.47176472889007,0.8508224920853281,2404
raw,10,2,0.2,rank,10,0.29750665802114307,0.4608484675957445,,-0.4032697300487328,0.5443037974683544,114.62489138249371,0.5972762328358023,2404
raw,10,2,0.2,rank,21,0.09956937636903092,0.14197766748934842,,-0.35942874819765,0.4810126582278481,57.14774753643267,0.29567409104919573,2404
raw,10,2,0.2,volinv,1,-0.27211148399635604,-0.41429156215874374,,-0.5117258760741628,0.43037974683544306,437.8300839104651,2.1641638349510712,2404
raw,10,2,0.2,volinv,5,0.3571509306191258,0.5551549941771006,,-0.29119161002114424,0.4936708860759494,177.5913026693568,0.885843149318071,2404
raw,10,2,0.2,volinv,10,0.15072601308264136,0.2269034646542613,,-0.39557707447147905,0.5443037974683544,118.92177271547206,0.5989170982891595,2404
raw,10,2,0.2,volinv,21,-0.10098053463555375,-0.13989822775021876,,-0.4584634041057787,0.45569620253164556,58.39653628108611,0.2936735804479994,2404
raw,10,2,0.3,equal,1,-0.19500875383703725,-0.2964299186136539,,-0.39584601983396983,0.4430379746835443,328.4461501462188,1.598338848347594,2404
raw,10,2,0.3,equal,5,0.34571992965654297,0.5430698873829676,,-0.3200034475859722,0.4810126582278481,144.6822584251114,0.7121936062844159,2404
raw,10,2,0.3,equal,10,0.5220276674691597,0.8217534436873618,,-0.3422329299912723,0.5443037974683544,102.83483632151368,0.5101881196395186,2404
raw,10,2,0.3,equal,21,-0.15107009967101143,-0.20419958641075658,,-0.39363666783678053,0.46835443037974683,51.50933419237219,0.25491227796696514,2404
raw,10,2,0.3,rank,1,-0.027836698689353418,-0.04325764393142346,,-0.3377437605633584,0.43037974683544306,345.777604742935,1.6518750777704365,2404
raw,10,2,0.3,rank,5,0.4298890064589556,0.6921924636391281,,-0.2772098733533299,0.46835443037974683,151.30841059872705,0.7455775095249175,2404
raw,10,2,0.3,rank,10,0.4874741422261047,0.7668730310954823,,-0.36509113490635214,0.5949367088607594,106.42667470102582,0.5327964282539474,2404
raw,10,2,0.3,rank,21,-0.06424463665947899,-0.08814460881119056,,-0.3715173479811521,0.45569620253164556,53.0913056442138,0.2650894899893914,2404
raw,10,2,0.3,volinv,1,-0.4715254726515256,-0.6740096363113935,,-0.5173828952751127,0.3670886075949367,382.84907608596154,1.8084984089793403,2404
raw,10,2,0.3,volinv,5,0.3928902347015499,0.6044916748164367,,-0.35847413265552996,0.4936708860759494,158.00161082892507,0.7563971113544237,2404
raw,10,2,0.3,volinv,10,0.5365198296659317,0.8175877647312668,,-0.32022152501768686,0.5949367088607594,107.75064903282106,0.5212210607816706,2404
raw,10,2,0.3,volinv,21,-0.17852184354474163,-0.2459528364229963,,-0.4298033634302877,0.5063291139240507,53.363843900749096,0.25847288932286955,2404
raw,10,7,0.1,equal,1,0.24231520953870572,0.34022277181752203,,-0.3295971016856002,0.5063291139240507,423.2760046360888,2.3855885817510503,2404
raw,10,7,0.1,equal,5,0.0888114293501963,0.11026300151874462,,-0.46832475249475625,0.5063291139240507,180.8212957220822,1.026524353910299,2404
raw,10,7,0.1,equal,10,0.2315873353063084,0.3411276868799337,,-0.36934140374765334,0.4936708860759494,118.85476023349256,0.6818651122719481,2404
raw,10,7,0.1,equal,21,0.311413550999416,0.4636491801721293,,-0.32316541139212174,0.45569620253164556,59.656096194753225,0.3410545531623883,2404
raw,10,7,0.1,rank,1,0.2660021739670065,0.3824707760104008,,-0.3106140128648315,0.5063291139240507,425.74804103939334,2.3787389471019345,2404
raw,10,7,0.1,rank,5,0.09430403699884969,0.11827349503872574,,-0.4587297669865782,0.4936708860759494,181.21154376067574,1.0299329811234712,2404
raw,10,7,0.1,rank,10,0.2608668550881371,0.4182702567832453,,-0.3655801615220611,0.45569620253164556,119.15092337120589,0.6864043542698997,2404
raw,10,7,0.1,rank,21,0.33948707593541055,0.508166993769083,,-0.321941182956498,0.45569620253164556,59.688564659490396,0.34212717464183223,2404
raw,10,7,0.1,volinv,1,-0.08414783477225236,-0.10551436011661587,,-0.4061828023959463,0.5063291139240507,499.22034034070356,2.7008347510522634,2404
raw,10,7,0.1,volinv,5,0.24353346171224033,0.29595726785791304,,-0.3973364380051534,0.5569620253164557,195.3418575961651,1.0693328790142997,2404
raw,10,7,0.1,volinv,10,0.27843287860268817,0.39946308266219743,,-0.3269025852761491,0.46835443037974683,123.42278650704186,0.6840992492517477,2404
raw,10,7,0.1,volinv,21,0.11649503184802705,0.16264328579932652,,-0.3887075950169656,0.4810126582278481,60.89680669211987,0.33880206670986523,2404
raw,10,7,0.2,equal,1,-0.03603102403471701,-0.05553710462650594,,-0.48781950688465947,0.45569620253164556,370.66401591813684,1.8950864172938728,2404
raw,10,7,0.2,equal,5,0.08360909652321684,0.11785279416758555,,-0.3898722810002333,0.4430379746835443,163.64591505971214,0.8404540728029034,2404
raw,10,7,0.2,equal,10,-0.20263506732115683,-0.2719891523368661,,-0.3930334110157966,0.4430379746835443,112.72339359601413,0.5849060199557627,2404
raw,10,7,0.2,equal,21,0.6085712411109495,0.9296046400030409,0.027720896405242147,-0.24613988929613873,0.5316455696202531,56.00431283383306,0.2911806870345067,2404
raw,10,7,0.2,rank,1,0.06188613282386071,0.0963400488991903,,-0.44761765006844123,0.4430379746835443,378.043532809488,1.9040676363645552,2404
raw,10,7,0.2,rank,5,0.1383501216083283,0.1941673208434858,,-0.39359357030979814,0.4430379746835443,165.91489142864808,0.8533302143889268,2404
raw,10,7,0.2,rank,10,-0.1454800232403695,-0.19542801330281165,,-0.36806823079509965,0.4810126582278481,113.93137671578506,0.5950822856988994,2404
raw,10,7,0.2,rank,21,0.6052711037288697,0.9221700363060785,-0.009179997913744367,-0.23915307657132223,0.5063291139240507,56.34746861273274,0.29440878944255494,2404
raw,10,7,0.2,volinv,1,-0.22742035882432535,-0.33344639393668546,,-0.49504393821285264,0.4177215189873418,432.767252579228,2.132925948217752,2404
raw,10,7,0.2,volinv,5,0.14040391202684596,0.19288819072656127,,-0.36121479196003514,0.4936708860759494,177.13924585830483,0.880671951713599,2404
raw,10,7,0.2,volinv,10,-0.16437327566906432,-0.21612451821214984,,-0.3799693627007176,0.45569620253164556,117.36102627502675,0.5908681662876349,2404
raw,10,7,0.2,volinv,21,0.49507967632032074,0.7230468792825597,,-0.2711515288319224,0.5443037974683544,57.42902955462141,0.2914525673357399,2404
raw,10,7,0.3,equal,1,-0.12678487272438674,-0.19865221732313973,,-0.489532337743219,0.4810126582278481,321.5294005739997,1.5609029504016843,2404
raw,10,7,0.3,equal,5,0.2573866783874975,0.38325141717065964,,-0.29425852481289105,0.5189873417721519,145.02289683280387,0.712930673593934,2404
raw,10,7,0.3,equal,10,-0.14092807883108457,-0.1927700846346752,,-0.433452907178136,0.4810126582278481,102.35040663334026,0.5091459827172091,2404
raw,10,7,0.3,equal,21,0.38676304441614706,0.580881214201946,,-0.2517331743561715,0.5063291139240507,50.95615805916876,0.2535199749900958,2404
raw,10,7,0.3,rank,1,0.017385543009218612,0.027311261418442437,,-0.43540845688080143,0.4810126582278481,339.3765073980352,1.619311312553704,2404
raw,10,7,0.3,rank,5,0.26298444385943404,0.38409595600075547,,-0.3295491149211205,0.5189873417721519,151.41725595058574,0.7458045821590822,2404
raw,10,7,0.3,rank,10,-0.10948949843162853,-0.1490286605580864,,-0.4064793833922008,0.4810126582278481,105.99626639549197,0.5319077083594257,2404
raw,10,7,0.3,rank,21,0.4721549357594631,0.7120685204840811,,-0.24491698436864628,0.5189873417721519,52.30908450253699,0.26285203294842424,2404
raw,10,7,0.3,volinv,1,-0.21469000689525428,-0.31936869965617865,,-0.4682890688693151,0.46835443037974683,374.241801168023,1.7577028113897768,2404
raw,10,7,0.3,volinv,5,0.27502994671680114,0.39515948140750484,,-0.30338986650222166,0.5443037974683544,157.8405468114652,0.7534658344180978,2404
raw,10,7,0.3,volinv,10,-0.12073670735802378,-0.16578359906152287,,-0.40919804526595716,0.5316455696202531,107.09209074732807,0.5189841968110196,2404
raw,10,7,0.3,volinv,21,0.3062441030484845,0.4475546503488755,,-0.2583185786033616,0.5822784810126582,52.67172917246963,0.2560375279140479,2404
raw,20,0,0.1,equal,1,0.24888676458674122,0.3092398225450922,,-0.29880426521076286,0.5316455696202531,318.6678938389821,1.767376592861352,2404
raw,20,0,0.1,equal,5,0.514433375818205,0.8169814795945697,,-0.18914156726851206,0.5443037974683544,137.6205833313938,0.7733289536390774,2404
raw,20,0,0.1,equal,10,0.7248460094947878,1.150402574519953,0.0067863027691699405,-0.2571262609615568,0.569620253164557,93.91614302185755,0.5300415085550505,2404
raw,20,0,0.1,equal,21,0.5753031559411304,0.8548563813399014,,-0.22575071255892798,0.5063291139240507,58.614573806916894,0.3344441075041059,2404
raw,20,0,0.1,rank,1,0.25681343185272254,0.3179002261318021,,-0.2930761541527769,0.5189873417721519,320.5590425073934,1.7575378579070642,2404
raw,20,0,0.1,rank,5,0.507834736881633,0.7643597543096627,,-0.18879147750733005,0.5443037974683544,137.88249471244288,0.773241111140484,2404
raw,20,0,0.1,rank,10,0.7140676495379188,1.0775726393607703,-0.029686434950897823,-0.2650900116415468,0.569620253164557,93.96676959587465,0.5309794001581944,2404
raw,20,0,0.1,rank,21,0.5912574994729203,0.8889808929314997,,-0.2262832524798064,0.5316455696202531,58.60315974158092,0.33517285297066257,2404
raw,20,0,0.1,volinv,1,0.15229532720382188,0.18420137225477723,,-0.29762299209871845,0.5443037974683544,384.4730668056929,2.043449341349449,2404
raw,20,0,0.1,volinv,5,0.5653679716732188,0.8482291775639517,,-0.21855867540380491,0.6075949367088608,153.74450504403868,0.8302951037485736,2404
raw,20,0,0.1,volinv,10,0.6854884425211104,0.9753673471412221,-0.026373309030361475,-0.27897447327351144,0.569620253164557,100.24008225737728,0.544610176372967,2404
raw,20,0,0.1,volinv,21,0.6190088759012085,0.9283500126674092,-0.09895603781498141,-0.23531300217333484,0.5569620253164557,59.89982352170213,0.3326165313452182,2404
raw,20,0,0.2,equal,1,0.48291010611369967,0.6995688671973588,,-0.21583560694022008,0.5189873417721519,271.2845058795167,1.3622003885215337,2404
raw,20,0,0.2,equal,5,0.42074940907442454,0.6060949696877744,,-0.25423272945249964,0.45569620253164556,121.18178169263642,0.6156764470340526,2404
raw,20,0,0.2,equal,10,0.3985328586837215,0.5584032186589913,,-0.3169619597788297,0.4810126582278481,84.51060079479679,0.4313865365132903,2404
raw,20,0,0.2,equal,21,0.48503235594070837,0.6707294827883348,,-0.2503313084494384,0.5063291139240507,55.43530099479108,0.2869488182595834,2404
raw,20,0,0.2,rank,1,0.49039660729098067,0.7068784752276718,,-0.20353701326706053,0.5316455696202531,277.0627743549813,1.3638550466721684,2404
raw,20,0,0.2,rank,5,0.4318485543822598,0.6128940453256734,,-0.24745998992800988,0.4810126582278481,122.45582320399565,0.6195992864603588,2404
raw,20,0,0.2,rank,10,0.44518362118253835,0.618049183311757,,-0.3125890878539338,0.5063291139240507,85.2791962022295,0.4362198467489408,2404
raw,20,0,0.2,rank,21,0.5127023433249351,0.7091085088766138,,-0.23939321296473748,0.4936708860759494,55.802561866636914,0.29023312264340495,2404
raw,20,0,0.2,volinv,1,0.29321739787269013,0.4155669797986608,,-0.2535802389345996,0.5443037974683544,322.80652296615875,1.5637594770879977,2404
raw,20,0,0.2,volinv,5,0.4068863725263778,0.5713013546388224,,-0.2539927864291275,0.5316455696202531,134.7486939170687,0.6637417174603408,2404
raw,20,0,0.2,volinv,10,0.3573677692974245,0.4849277199940808,,-0.3021475425430594,0.4936708860759494,90.43985138691177,0.4478910531670252,2404
raw,20,0,0.2,volinv,21,0.5325911607797712,0.7231475572258501,,-0.24357372529300447,0.569620253164557,57.030176064676205,0.28746942060485114,2404
raw,20,0,0.3,equal,1,0.47564104602772594,0.7032249498142522,,-0.27855260420432715,0.5189873417721519,231.3840399888193,1.1153487706240954,2404
raw,20,0,0.3,equal,5,0.4543214768800093,0.6627757180053331,,-0.23907392672363914,0.46835443037974683,106.21487455625885,0.5187686135813308,2404
raw,20,0,0.3,equal,10,0.47819100675860565,0.6812361004922463,,-0.31623296977625914,0.5063291139240507,74.67804944674769,0.365788205045986,2404
raw,20,0,0.3,equal,21,0.3652090304759395,0.5130045496677946,,-0.29874133411515935,0.5063291139240507,50.605507070327434,0.2510962568203679,2404
raw,20,0,0.3,rank,1,0.5052233591952126,0.736233356076694,,-0.23729224272463567,0.5189873417721519,245.50030501936243,1.1500678292047992,2404
raw,20,0,0.3,rank,5,0.4779927172550014,0.6870100033386745,,-0.21651203054865686,0.46835443037974683,110.69596476868116,0.5374067067758582,2404
raw,20,0,0.3,rank,10,0.5091325517435625,0.7202532018839257,,-0.2931943485250986,0.5443037974683544,77.60579098029089,0.38126633938534016,2404
raw,20,0,0.3,rank,21,0.4284317003488819,0.5972067974254505,,-0.27586365965486126,0.5063291139240507,52.04036223687498,0.2605440291211112,2404
raw,20,0,0.3,volinv,1,0.3029653676222094,0.45222201308758875,,-0.328398923769624,0.4936708860759494,271.1883463464263,1.2655488998939786,2404
raw,20,0,0.3,volinv,5,0.5226609167809702,0.7600394428437821,,-0.2177953354478731,0.5569620253164557,117.89618835677295,0.5584678328703299,2404
raw,20,0,0.3,volinv,10,0.5086445363515472,0.7229801393786721,,-0.2877759577402673,0.46835443037974683,80.01304458754323,0.38033471949316877,2404
raw,20,0,0.3,volinv,21,0.5292319508822654,0.7511145080383794,,-0.27923682359109125,0.5569620253164557,52.17174564471404,0.25258211363647143,2404
raw,20,2,0.1,equal,1,-0.1455818248308055,-0.14873622535941136,,-0.3645030606494054,0.5063291139240507,317.7861725946703,1.7696303447547244,2404
raw,20,2,0.1,equal,5,0.268138850640926,0.41647994021170925,,-0.29674174071235426,0.4810126582278481,138.98449895521,0.7766654448290355,2404
raw,20,2,0.1,equal,10,0.6690737389714853,0.999562004394155,-0.07523746553964772,-0.31078429640341676,0.5949367088607594,93.95741739066703,0.5303092253423265,2404
raw,20,2,0.1,equal,21,0.8421697321459997,1.278808699349159,0.23776660400918306,-0.2999389298294586,0.5949367088607594,57.74360514208333,0.32793753719554986,2404
raw,20,2,0.1,rank,1,-0.15299823763974021,-0.15321091254214927,,-0.38004054932584697,0.5063291139240507,319.60664910606374,1.7595087391802302,2404
raw,20,2,0.1,rank,5,0.3058646530225663,0.5103938567722747,,-0.3005761423192872,0.4810126582278481,139.12942163717253,0.7756283958017227,2404
raw,20,2,0.1,rank,10,0.6533742858510142,1.0603695214634934,-0.07348267002541756,-0.3125169829646488,0.5822784810126582,94.0195045070296,0.5310365239843513,2404
raw,20,2,0.1,rank,21,0.847598425402032,1.3251217991657254,0.2675314196252814,-0.30231170335246504,0.569620253164557,57.773330340574745,0.3288781886773047,2404
raw,20,2,0.1,volinv,1,-0.22800253455356725,-0.23406828043853642,,-0.43665775277464114,0.4810126582278481,386.6353406294169,2.0623992867170884,2404
raw,20,2,0.1,volinv,5,0.39414183175505685,0.5957607751080235,,-0.33654522428131317,0.5189873417721519,154.9031865923109,0.836004217407647,2404
raw,20,2,0.1,volinv,10,0.8313519913768874,1.2220215302183324,0.11296952413552092,-0.3197174748873036,0.6075949367088608,100.0736782435228,0.5446823451121464,2404
raw,20,2,0.1,volinv,21,0.7614752076714438,1.0708043554243862,0.12014053054456567,-0.3372544111518445,0.5949367088607594,59.45090767030594,0.32869830832454744,2404
raw,20,2,0.2,equal,1,-0.018809304792553123,-0.027529630804352574,,-0.3594231690798788,0.4050632911392405,268.4947137046041,1.3498727327487732,2404
raw,20,2,0.2,equal,5,0.007263924173166977,0.010268270587886989,,-0.38554787548618985,0.46835443037974683,119.03263932369347,0.5998565370996625,2404
raw,20,2,0.2,equal,10,0.3108086365414639,0.42675679493343305,,-0.38337616174346767,0.5189873417721519,85.2859456789521,0.4354566527736741,2404
raw,20,2,0.2,equal,21,0.3624570501221197,0.5242205469484508,,-0.3919060051857718,0.5189873417721519,55.20971596042233,0.2836245072686282,2404
raw,20,2,0.2,rank,1,-0.0009443845101670349,-0.0013623915672120838,,-0.3275158707113508,0.45569620253164556,274.673645307826,1.3540532863792265,2404
raw,20,2,0.2,rank,5,0.04831481928558481,0.06764751235501537,,-0.36868821358502046,0.46835443037974683,120.72612930285716,0.6061925160463159,2404
raw,20,2,0.2,rank,10,0.3676731658207158,0.5021103856543273,,-0.3744498254323627,0.5949367088607594,86.02800485790651,0.440168564742666,2404
raw,20,2,0.2,rank,21,0.4660183168095718,0.6851229623589231,,-0.3519609070283437,0.5316455696202531,55.43714252648571,0.2863070531658868,2404
raw,20,2,0.2,volinv,1,-0.1618409453930643,-0.23416964408558585,,-0.41867029678689005,0.4177215189873418,322.2741165253309,1.564435600945923,2404
raw,20,2,0.2,volinv,5,0.1861668831764007,0.2592745327899685,,-0.400370019179493,0.4810126582278481,133.0133748281869,0.6497611653035259,2404
raw,20,2,0.2,volinv,10,0.38547394260698453,0.5098638807916855,,-0.3851862703971909,0.4810126582278481,91.19545266437979,0.4509332033918133,2404
raw,20,2,0.2,volinv,21,0.358302927054776,0.4967024647601769,,-0.39993321523530134,0.5316455696202531,56.77209085723141,0.2846037174254235,2404
raw,20,2,0.3,equal,1,-0.07702261254535409,-0.11591073219728427,,-0.40911342985648735,0.43037974683544306,230.48886450738843,1.1099106141774553,2404
raw,20,2,0.3,equal,5,0.14128554268552826,0.20628880454472245,,-0.3764070163649412,0.4430379746835443,104.93197027261165,0.5096284280767667,2404
raw,20,2,0.3,equal,10,0.41043455687340374,0.5575223727624983,,-0.40559180599082245,0.5569620253164557,75.58208941166741,0.37187303763325213,2404
raw,20,2,0.3,equal,21,0.6184775998896055,0.8915735937578861,-0.09325545016671903,-0.2561305481519224,0.5569620253164557,49.84244235412642,0.24609999414727005,2404
raw,20,2,0.3,rank,1,-0.002442420734529861,-0.0036017548432398148,,-0.3557331830618582,0.45569620253164556,244.22866351069206,1.144402629153035,2404
raw,20,2,0.3,rank,5,0.13908867915886505,0.19935121576907827,,-0.35267662061583416,0.4810126582278481,109.44125016907002,0.5280417571003987,2404
raw,20,2,0.3,rank,10,0.4474915267448523,0.6185872039866076,,-0.38501384735812383,0.5569620253164557,78.31785786011892,0.3859519384146452,2404
raw,20,2,0.3,rank,21,0.6369677637635275,0.9375449408549382,-0.04849538042948065,-0.2926594200556666,0.5443037974683544,51.22828688507083,0.2550709752337387,2404
raw,20,2,0.3,volinv,1,-0.20512262412296037,-0.2999017018600025,,-0.4565018654300269,0.379746835443038,273.24938895142435,1.2749205189869146,2404
raw,20,2,0.3,volinv,5,0.27119819271227014,0.3881355055425501,,-0.38369617404226886,0.46835443037974683,116.98062042286892,0.5515628018349393,2404
raw,20,2,0.3,volinv,10,0.49242523689419704,0.6760232849973242,,-0.3534265796966841,0.5822784810126582,80.90303130158499,0.38615601166042945,2404
raw,20,2,0.3,volinv,21,0.6716477866804664,0.9651402257905255,0.01836353853377027,-0.23309924427041784,0.5822784810126582,51.65774592730831,0.248756375501514,2404
raw,20,7,0.1,equal,1,0.21857721725042933,0.30501562346593575,,-0.31005606584080414,0.46835443037974683,315.04965424717034,1.7623900071197585,2404
raw,20,7,0.1,equal,5,0.6332769502993808,0.9010806530761138,-0.01535754294243252,-0.3447535463415021,0.6075949367088608,135.6077012195599,0.7671815840790317,2404
raw,20,7,0.1,equal,10,0.1599193229605807,0.18191507197641432,,-0.40597134097256127,0.5063291139240507,92.83651010766889,0.5286333697923062,2404
raw,20,7,0.1,equal,21,0.6294843890985061,1.0035725347311042,-0.005850603010926035,-0.3824975304323195,0.5189873417721519,57.59716912198812,0.3318206345500845,2404
raw,20,7,0.1,rank,1,0.2154577204600901,0.30019584962114165,,-0.3088790267505571,0.46835443037974683,316.7760089719489,1.7521115614240586,2404
raw,20,7,0.1,rank,5,0.6083053221753237,0.8541511750234004,-0.026463207562922787,-0.34896299712737866,0.5822784810126582,135.84024796142432,0.7668317128646255,2404
raw,20,7,0.1,rank,10,0.15899608265348628,0.18056482865861534,,-0.4014205620207,0.5063291139240507,92.90083080896892,0.5296770532513725,2404
raw,20,7,0.1,rank,21,0.6132493392301315,0.9657066220820645,-0.04870759283573928,-0.38555264037998693,0.5316455696202531,57.67087951267305,0.33340934444956877,2404
raw,20,7,0.1,volinv,1,0.2966193171258639,0.418115696496196,,-0.3101238400944245,0.5316455696202531,384.15886535813223,2.062888316989284,2404
raw,20,7,0.1,volinv,5,0.8837638702757404,1.2770478471673157,0.29087494728247193,-0.32650808329036574,0.620253164556962,153.42915617423927,0.8367527203158001,2404
raw,20,7,0.1,volinv,10,0.50345771497546,0.5818448753564833,,-0.4015629770064778,0.5569620253164557,99.49962053039877,0.5456379552424686,2404
raw,20,7,0.1,volinv,21,0.5618241868512496,0.8636387861562054,,-0.3658486301559045,0.5189873417721519,59.33115095500802,0.3314380648098917,2404
raw,20,7,0.2,equal,1,0.20450899616741708,0.28839050087439905,,-0.2736419859228578,0.5443037974683544,263.4939618189663,1.3308392229290682,2404
raw,20,7,0.2,equal,5,0.7234236453579548,0.9966244376289123,0.04374499663238028,-0.2763907137636187,0.6075949367088608,118.97582641740375,0.6052403326163991,2404
raw,20,7,0.2,equal,10,0.3460838001604888,0.4816470744723815,,-0.34134780705965917,0.5443037974683544,83.16935228386572,0.425530084507193,2404
raw,20,7,0.2,equal,21,0.30781524193861387,0.45937811238034365,,-0.4049909864873916,0.5063291139240507,55.682069097592574,0.28994969662949466,2404
raw,20,7,0.2,rank,1,0.24050891835550978,0.3388086354127482,,-0.2769724851346248,0.5443037974683544,269.7653120242852,1.335441580414082,2404
raw,20,7,0.2,rank,5,0.7205787577786094,0.9931862232595219,0.049904491031834045,-0.29639441908343445,0.6329113924050633,120.49127622722293,0.6109151994906381,2404
raw,20,7,0.2,rank,10,0.35561769117497566,0.4966964121078449,,-0.3584190589402676,0.569620253164557,84.10025917920711,0.4315869261847318,2404
raw,20,7,0.2,rank,21,0.3675744170229681,0.5530258604084748,,-0.39023130098254,0.5063291139240507,55.987045765767455,0.2936640384028031,2404
raw,20,7,0.2,volinv,1,0.3021472630488878,0.43427649940296387,,-0.2917748444422721,0.4936708860759494,318.34909052821786,1.553081984764323,2404
raw,20,7,0.2,volinv,5,0.9666003258248619,1.34350082331445,0.3686655577847608,-0.25543498260154385,0.569620253164557,134.72949044195136,0.6633158979041085,2404
raw,20,7,0.2,volinv,10,0.6380643609994371,0.8875002429303906,0.019030059635095086,-0.27172752218550256,0.5822784810126582,89.96170153513643,0.44483545632547505,2404
raw,20,7,0.2,volinv,21,0.238726933459855,0.34811506969659295,,-0.3635309572741102,0.5443037974683544,57.53295797461621,0.2918167029069979,2404
raw,20,7,0.3,equal,1,-0.014639535359413987,-0.020921389607756212,,-0.3565067741142486,0.5063291139240507,229.59859119469652,1.1086915275626885,2404
raw,20,7,0.3,equal,5,0.4288796930282215,0.5934986768367153,,-0.3506194736031356,0.569620253164557,104.95388825667578,0.5132381590658587,2404
raw,20,7,0.3,equal,10,0.14808744879458413,0.20935011600308231,,-0.3810105906963398,0.4936708860759494,75.35957999994189,0.37088483384238546,2404
raw,20,7,0.3,equal,21,0.25082293238438,0.3668500332410376,,-0.3734943042385592,0.5063291139240507,50.304968708410044,0.25069296336753794,2404
raw,20,7,0.3,rank,1,0.09912193953132686,0.1410012652530027,,-0.3107879055677888,0.4936708860759494,242.26058634429026,1.1378340350279021,2404
raw,20,7,0.3,rank,5,0.5490052010392897,0.7674854560158153,,-0.34533361276601704,0.620253164556962,109.1674826608489,0.530536440709771,2404
raw,20,7,0.3,rank,10,0.24149789796597335,0.3415855695375727,,-0.3749640845836124,0.5063291139240507,77.70696850715098,0.3832359592484753,2404
raw,20,7,0.3,rank,21,0.3233860857210525,0.4795739379313234,,-0.37491200548010384,0.4936708860759494,51.818090666692555,0.2609108028804047,2404
raw,20,7,0.3,volinv,1,-0.0008839234892349579,-0.0012827433155504573,,-0.3619221150483445,0.4936708860759494,274.7544125024476,1.2865766352895416,2404
raw,20,7,0.3,volinv,5,0.6923767965314898,1.0096993354483776,0.07582014261849473,-0.276625762728405,0.5822784810126582,118.62872013177346,0.5627349074725793,2404
raw,20,7,0.3,volinv,10,0.40455644828681836,0.5895712216108385,,-0.3014415669232501,0.5443037974683544,81.86197302870357,0.39108676065816045,2404
raw,20,7,0.3,volinv,21,0.204698010079867,0.2946038300011748,,-0.37573311415094945,0.5063291139240507,52.06619258544955,0.25277448345642645,2404
raw,30,0,0.1,equal,1,-0.14946568979264058,-0.15384617956831614,,-0.4643241279774478,0.4810126582278481,265.4462756691123,1.4817989050433358,2404
raw,30,0,0.1,equal,5,0.15869599923123162,0.18349822578540767,,-0.3915163883903833,0.5189873417721519,116.77402307925192,0.6636592701643127,2404
raw,30,0,0.1,equal,10,0.2165036434955395,0.254597641444424,,-0.3554979763875602,0.5189873417721519,79.9188644863259,0.452112722060786,2404
raw,30,0,0.1,equal,21,0.023514062634564473,0.025177254245169166,,-0.3570848760827461,0.4936708860759494,52.092892029615136,0.2917004612639692,2404
raw,30,0,0.1,rank,1,-0.1314833855324937,-0.13656008757010804,,-0.46170306231693903,0.4936708860759494,267.158936235523,1.470967604299977,2404
raw,30,0,0.1,rank,5,0.18208143411736225,0.21082544788019375,,-0.38906313757779243,0.5063291139240507,116.85147431889364,0.6612754909809491,2404
raw,30,0,0.1,rank,10,0.23561850471788773,0.27687695794798556,,-0.3547229957703979,0.5316455696202531,80.02567852100529,0.45250921040534553,2404
raw,30,0,0.1,rank,21,0.012597898204769968,0.013286426972726785,,-0.3618289591969569,0.4936708860759494,52.09348903589811,0.29235742342128024,2404
raw,30,0,0.1,volinv,1,-0.07775886725776948,-0.08105876235063826,,-0.478065439629647,0.5316455696202531,324.7795190624972,1.7351648223058362,2404
raw,30,0,0.1,volinv,5,0.2822255067647212,0.32552991434815576,,-0.3907558894375528,0.5443037974683544,133.34676430464606,0.7302929465404375,2404
raw,30,0,0.1,volinv,10,0.46157714872755934,0.5391296758569212,,-0.3549575824858465,0.5443037974683544,87.96125329246034,0.47995476532344217,2404
raw,30,0,0.1,volinv,21,0.10850029200206751,0.11623034496970053,,-0.3562742274875641,0.5063291139240507,53.91911828197667,0.2940248738931556,2404
raw,30,0,0.2,equal,1,0.6488312345828597,0.9661007514237133,-0.009757704376190876,-0.2166384706054274,0.5569620253164557,222.52666143518226,1.1207879130714895,2404
raw,30,0,0.2,equal,5,0.7123969143191782,1.0566775387983862,0.05057935355687372,-0.20294075547935964,0.569620253164557,99.36013716067204,0.5083513104774074,2404
raw,30,0,0.2,equal,10,0.4157338639797547,0.6169388986741948,,-0.28504356428874433,0.5063291139240507,71.68376365066173,0.36656300972690703,2404
raw,30,0,0.2,equal,21,0.12135086497941332,0.1643603328444506,,-0.388171190166424,0.4936708860759494,49.10872386192706,0.25283074221685764,2404
raw,30,0,0.2,rank,1,0.6234510394362777,0.9178011007143763,-0.006778935273871181,-0.20649030184195227,0.569620253164557,227.27133106773334,1.1194084198003862,2404
raw,30,0,0.2,rank,5,0.7173305217602444,1.061104229367672,0.10879154588549038,-0.18630274791309587,0.5569620253164557,100.42819664422608,0.5107024826420908,2404
raw,30,0,0.2,rank,10,0.4518371872734533,0.6645104912532869,,-0.27843959519052375,0.5063291139240507,72.19873834072479,0.36907286348870183,2404
raw,30,0,0.2,rank,21,0.14481998738296073,0.19647018560396134,,-0.37691370531453505,0.46835443037974683,49.36054773156844,0.25533302095100535,2404
raw,30,0,0.2,volinv,1,0.6057744827491163,0.912654015221075,-0.03415233357697993,-0.2684709856423455,0.5189873417721519,271.6830728129669,1.3192178504646768,2404
raw,30,0,0.2,volinv,5,0.7927691212199979,1.1528094344571753,0.18728066038920038,-0.24562125824345316,0.5822784810126582,113.88386638826682,0.5624952997888726,2404
raw,30,0,0.2,volinv,10,0.49541204212792256,0.7189367024751971,,-0.3092800002900561,0.5316455696202531,79.25206939026243,0.3928815264518782,2404
raw,30,0,0.2,volinv,21,0.14048354185725245,0.188731778958607,,-0.3769858104489713,0.5189873417721519,51.32314758629632,0.25731539165390854,2404
raw,30,0,0.3,equal,1,0.6502149053739948,0.940102676240405,0.026537686012461682,-0.226911540545793,0.5443037974683544,193.0042943617774,0.9325317528124424,2404
raw,30,0,0.3,equal,5,0.5107939653116674,0.7341392046194813,,-0.26914433234454316,0.5569620253164557,88.02311941004639,0.4319020381945363,2404
raw,30,0,0.3,equal,10,0.43396811952483666,0.6388001758616716,,-0.2822999300275173,0.4936708860759494,63.37962665109606,0.31136229055997394,2404
raw,30,0,0.3,equal,21,0.30060318347302667,0.41363397490794607,,-0.3319985842099066,0.5063291139240507,43.063355852895235,0.21040912209492493,2404
raw,30,0,0.3,rank,1,0.6407018071607652,0.9346291156326344,0.04396313366912686,-0.21715244870632866,0.5443037974683544,203.00078755916883,0.9497858490310248,2404
raw,30,0,0.3,rank,5,0.6097344446045279,0.8924690375503721,-0.024333170171678336,-0.2361247067205029,0.5316455696202531,91.1210283940061,0.44295967386445956,2404
raw,30,0,0.3,rank,10,0.4813525628836802,0.708823707886514,,-0.279819570492568,0.5063291139240507,65.41863373923695,0.3210521858535862,2404
raw,30,0,0.3,rank,21,0.2481120348955976,0.33911911657358745,,-0.3524145331855283,0.5063291139240507,44.56099520265245,0.21978319222472092,2404
raw,30,0,0.3,volinv,1,0.6083492677600654,0.8937804615042199,-0.013504911931815158,-0.26553259477686364,0.5569620253164557,234.02723887176407,1.0930956779417897,2404
raw,30,0,0.3,volinv,5,0.6186791211848168,0.8936249576994227,-0.008291098866141704,-0.28682481722800846,0.569620253164557,101.09449002061977,0.4804120485579006,2404
raw,30,0,0.3,volinv,10,0.5083227668486321,0.7333354171587335,,-0.2956454690737804,0.5189873417721519,70.08233695631496,0.3342985536122835,2404
raw,30,0,0.3,volinv,21,0.39406739341439506,0.554095374054038,,-0.30713767368838096,0.4936708860759494,45.2199001717117,0.21581370317423482,2404
raw,30,2,0.1,equal,1,-0.21218191501464675,-0.24728733725917135,,-0.5059413527474865,0.5443037974683544,264.75118948440536,1.487042927841929,2404
raw,30,2,0.1,equal,5,0.15881193716121936,0.18398168706117168,,-0.36526500019914343,0.5189873417721519,116.18657576606529,0.6541820541760679,2404
raw,30,2,0.1,equal,10,0.2844824410441768,0.3315513075456216,,-0.3375694095250361,0.4810126582278481,79.37817340471842,0.4490600200055326,2404
raw,30,2,0.1,equal,21,0.36680950475790153,0.5013430653098653,,-0.31124873111518125,0.4936708860759494,52.170335439946875,0.2966441189362615,2404
raw,30,2,0.1,rank,1,-0.1971042999193118,-0.22979537413464926,,-0.4990715983485404,0.5316455696202531,266.3784882713407,1.4755842170850835,2404
raw,30,2,0.1,rank,5,0.17013844243738507,0.19696932217187416,,-0.36522506610951055,0.5189873417721519,116.31166804053623,0.6518340578019315,2404
raw,30,2,0.1,rank,10,0.30664583848321636,0.3567758443036363,,-0.3377809324506871,0.46835443037974683,79.43612850932072,0.44893424182327546,2404
raw,30,2,0.1,rank,21,0.39270175678209757,0.5396825749254096,,-0.3074342986842241,0.4936708860759494,52.170584125363824,0.29735081862121093,2404
raw,30,2,0.1,volinv,1,-0.23382682066803664,-0.2778383099197813,,-0.5828258036586207,0.46835443037974683,322.6857559829202,1.7312968870861614,2404
raw,30,2,0.1,volinv,5,0.21134837057716804,0.24515101091369487,,-0.36489937026509545,0.5316455696202531,132.85911112310853,0.7227711503317036,2404
raw,30,2,0.1,volinv,10,0.5477062093951959,0.6445136203059936,,-0.3370901558335637,0.569620253164557,87.57269295749123,0.47866450536012584,2404
raw,30,2,0.1,volinv,21,0.49962962866840827,0.682038659299738,,-0.27861060263210524,0.5063291139240507,54.04510924895119,0.2994528161096347,2404
raw,30,2,0.2,equal,1,0.5488464716554227,0.8188141044697843,,-0.25907483785678176,0.5949367088607594,220.1986198185063,1.1135923437364372,2404
raw,30,2,0.2,equal,5,0.6412936501463462,0.9560410590134835,0.012300468826772151,-0.2960862424236428,0.5949367088607594,99.00643975093949,0.5039187113890409,2404
raw,30,2,0.2,equal,10,0.49295445840078267,0.7222928666307608,,-0.2714236212816884,0.5063291139240507,70.20138512899508,0.3604447093364557,2404
raw,30,2,0.2,equal,21,0.2907513158475672,0.41964072344924086,,-0.2456934296230575,0.5189873417721519,48.623573589358585,0.25181134814203043,2404
raw,30,2,0.2,rank,1,0.5517884451108417,0.8208957050065829,,-0.24599120406066455,0.569620253164557,225.27269505130104,1.1140236814775797,2404
raw,30,2,0.2,rank,5,0.6432526188919836,0.9586464738940871,-0.0007841951473620873,-0.2843948603299722,0.569620253164557,100.13088529640522,0.5057983302161881,2404
raw,30,2,0.2,rank,10,0.510641906821772,0.7466422894059622,,-0.2814388923753617,0.4936708860759494,70.80039065342197,0.36316848585440986,2404
raw,30,2,0.2,rank,21,0.31209437036027643,0.4533192949435134,,-0.26259165920243077,0.5063291139240507,48.90518401589765,0.2547291884933642,2404
raw,30,2,0.2,volinv,1,0.4964093662302941,0.7269134054366095,,-0.30933953641976475,0.569620253164557,269.2103094104629,1.3100371372103796,2404
raw,30,2,0.2,volinv,5,0.7924286281212405,1.1660863512075266,0.17543158439201997,-0.32883843906040544,0.5949367088607594,114.20699253355966,0.5622423625719147,2404
raw,30,2,0.2,volinv,10,0.7276354949731202,1.0702516494956278,0.057062035702322045,-0.25381794886211984,0.5569620253164557,77.74078507975482,0.3867284952499994,2404
raw,30,2,0.2,volinv,21,0.35099520471719037,0.4915150729038348,,-0.30271227961633107,0.5443037974683544,50.80405841140203,0.2558241049258528,2404
raw,30,2,0.3,equal,1,0.24563827749443723,0.3432345113844074,,-0.2972403326121663,0.4936708860759494,191.40555936850762,0.9250508540463884,2404
raw,30,2,0.3,equal,5,0.4321845158488004,0.6158043971956156,,-0.30656111621918025,0.5316455696202531,85.53721666918912,0.41734227306935145,2404
raw,30,2,0.3,equal,10,0.3382907223775972,0.496248932072902,,-0.28672858074965024,0.4936708860759494,62.623116945289624,0.30828272990165884,2404
raw,30,2,0.3,equal,21,0.26635439114843734,0.38288570028206764,,-0.3043161335576895,0.5063291139240507,43.64744762306301,0.2150647803846477,2404
raw,30,2,0.3,rank,1,0.35422254110944124,0.5075219306470091,,-0.2797669038484105,0.5316455696202531,201.54824554127217,0.9443606108196807,2404
raw,30,2,0.3,rank,5,0.5119389288223449,0.7457886358273982,,-0.29359292344307786,0.5316455696202531,89.28186912290344,0.4308360684957263,2404
raw,30,2,0.3,rank,10,0.41589800915624814,0.6100828177472787,,-0.295003045562205,0.4936708860759494,64.69021407526989,0.3181455061110024,2404
raw,30,2,0.3,rank,21,0.2921548927059127,0.4251688892630081,,-0.27951717973152,0.5189873417721519,44.885922857000615,0.22343654264300591,2404
raw,30,2,0.3,volinv,1,0.23759369836195682,0.3348461326850743,,-0.3223809789436034,0.45569620253164556,231.93889758381468,1.0831189212593095,2404
raw,30,2,0.3,volinv,5,0.5612501186540708,0.7981898346241815,,-0.31050679478338816,0.5569620253164557,98.39287826567,0.46491027095395465,2404
raw,30,2,0.3,volinv,10,0.47861157181460784,0.6904909902387727,,-0.2587347216973884,0.5443037974683544,69.71099359186694,0.33292505482641704,2404
raw,30,2,0.3,volinv,21,0.3446581721907474,0.4861522904861261,,-0.3260166111512903,0.5443037974683544,45.72874510368296,0.21960995284216533,2404
raw,30,7,0.1,equal,1,0.25395594235532737,0.32451751800572654,,-0.2357452948365356,0.5316455696202531,260.10424465335706,1.4565013661042483,2404
raw,30,7,0.1,equal,5,0.3816661825329065,0.5428579592792289,,-0.2853935158941697,0.5189873417721519,115.54643958036219,0.6566852191589667,2404
raw,30,7,0.1,equal,10,0.1483847155524876,0.20482724089892992,,-0.316082220686268,0.4810126582278481,79.12381000156162,0.4491989197889018,2404
raw,30,7,0.1,equal,21,0.18052667729476518,0.20044011952161492,,-0.32001559526002143,0.5189873417721519,52.635095790933526,0.2939662466877251,2404
raw,30,7,0.1,rank,1,0.26192399094148644,0.3354328153430619,,-0.23254306648117906,0.5316455696202531,261.8758616005717,1.4458754072960092,2404
raw,30,7,0.1,rank,5,0.39395536162026257,0.5606853748177751,,-0.28555851919297726,0.5189873417721519,115.55834980401107,0.6540677784450527,2404
raw,30,7,0.1,rank,10,0.1580941897791073,0.2194484361853611,,-0.3205404122055955,0.4810126582278481,79.07562683664933,0.44899374133863,2404
raw,30,7,0.1,rank,21,0.18058725447878243,0.19901684196988517,,-0.32544792296344505,0.5189873417721519,52.61984511334563,0.2946196249074589,2404
raw,30,7,0.1,volinv,1,0.23805503751279977,0.3062349172146746,,-0.31453519644365957,0.5316455696202531,316.1668415171169,1.6897048055190143,2404
raw,30,7,0.1,volinv,5,0.7478367898219747,1.1100001780555273,0.12232129290016835,-0.23558191594064792,0.5822784810126582,131.7204129427329,0.7207592527377296,2404
raw,30,7,0.1,volinv,10,0.5316001371115633,0.7555825633371889,,-0.2986315847567813,0.5189873417721519,86.95882934830509,0.47521015639029374,2404
raw,30,7,0.1,volinv,21,0.18486208796160888,0.2063654027843977,,-0.31879452328953917,0.5443037974683544,54.937679080048646,0.29832405013327185,2404
raw,30,7,0.2,equal,1,0.14132015977926943,0.20409994515261,,-0.31438818217261677,0.5063291139240507,216.98755802972596,1.099502561232183,2404
raw,30,7,0.2,equal,5,0.17518047395512207,0.24879740802637887,,-0.35201958759393115,0.4936708860759494,98.03504945242037,0.5023440924618043,2404
raw,30,7,0.2,equal,10,-0.06413147513228662,-0.08923480738275154,,-0.4396798023103966,0.45569620253164556,69.75651986369463,0.3596030640409893,2404
raw,30,7,0.2,equal,21,0.1117628572543991,0.16786242140650992,,-0.41495678819570303,0.4936708860759494,48.25793646303458,0.2514937918981939,2404
raw,30,7,0.2,rank,1,0.18680259154009943,0.26920956871662227,,-0.29783091052723876,0.4936708860759494,221.9186895104637,1.0991986627927628,2404
raw,30,7,0.2,rank,5,0.20774799350949366,0.294922223576304,,-0.3522745576005434,0.5189873417721519,98.91738979091336,0.5030552078445951,2404
raw,30,7,0.2,rank,10,-0.018652504734401866,-0.026153273521789016,,-0.4324704447581017,0.45569620253164556,70.1464402439025,0.36156368692430607,2404
raw,30,7,0.2,rank,21,0.19071187225235278,0.2989124523287997,,-0.38571715067160184,0.4810126582278481,48.499584925757766,0.2534518349289357,2404
raw,30,7,0.2,volinv,1,0.1247613290941008,0.18034433243323622,,-0.332510410879699,0.5063291139240507,264.2081876518667,1.2876170003970226,2404
raw,30,7,0.2,volinv,5,0.4717629809733402,0.7033551104540607,,-0.30540439387609086,0.5949367088607594,112.89930416057105,0.5578528866731896,2404
raw,30,7,0.2,volinv,10,0.12961202314068218,0.18720093045106556,,-0.3839930649354726,0.5189873417721519,77.31742725579473,0.38496655808801467,2404
raw,30,7,0.2,volinv,21,0.07864980652267875,0.11516470524531178,,-0.41596150150718836,0.4936708860759494,50.6928003839215,0.2572646496908527,2404
raw,30,7,0.3,equal,1,-0.01997208519909135,-0.028543641940093574,,-0.31503612014566096,0.4810126582278481,188.7142218341601,0.912969710349802,2404
raw,30,7,0.3,equal,5,0.1702697286059816,0.24545140081068662,,-0.3552302030661113,0.4936708860759494,85.32812365890405,0.4178274847438277,2404
raw,30,7,0.3,equal,10,-0.20450841810158812,-0.27888883226748945,,-0.466272461181659,0.45569620253164556,61.640961730688296,0.3023113068763546,2404
raw,30,7,0.3,equal,21,0.1752423918192233,0.26421932680992705,,-0.3181823076710948,0.4810126582278481,43.136750578288584,0.2134654556414633,2404
raw,30,7,0.3,rank,1,0.10469268768131842,0.15083127251930517,,-0.28084506667522624,0.4936708860759494,198.76039893834198,0.932172165999995,2404
raw,30,7,0.3,rank,5,0.18539353391043004,0.2656847351993151,,-0.34402851970120063,0.5189873417721519,88.59074022193293,0.4293323829570077,2404
raw,30,7,0.3,rank,10,-0.14768146915239103,-0.20374512876601406,,-0.45016731759254924,0.46835443037974683,63.5131239249203,0.31170026632254344,2404
raw,30,7,0.3,rank,21,0.2230168175866887,0.34820801777883015,,-0.3145026160660508,0.46835443037974683,44.362713644925435,0.22124639688630116,2404
raw,30,7,0.3,volinv,1,-0.05884121886864895,-0.08247906377306397,,-0.33672469078179446,0.5443037974683544,228.5908127812086,1.0673832376041978,2404
raw,30,7,0.3,volinv,5,0.47879018202795814,0.7132229664431351,,-0.28034226649925154,0.5189873417721519,98.15729969790347,0.46461607836983265,2404
raw,30,7,0.3,volinv,10,0.05857230589077327,0.08254106639202427,,-0.41593530950788915,0.5063291139240507,68.60359994835264,0.32577626661266407,2404
raw,30,7,0.3,volinv,21,0.3243565089521223,0.48143854393227214,,-0.36348228079493894,0.5189873417721519,45.35524047335909,0.2191422971079132,2404
raw,45,0,0.1,equal,1,0.16574939663446278,0.18499404982928308,,-0.2532042077422766,0.4430379746835443,217.68907977174962,1.2155344938202741,2404
raw,45,0,0.1,equal,5,0.3424882217634276,0.40311021327486835,,-0.2497786386066222,0.45569620253164556,93.86716152766753,0.5217092231541192,2404
raw,45,0,0.1,equal,10,0.2800422247294814,0.3097064074353264,,-0.3343939642024464,0.46835443037974683,66.38367672834416,0.3691855894899101,2404
raw,45,0,0.1,equal,21,0.42821798326043276,0.5180164254673136,,-0.3273010120778853,0.5443037974683544,45.491499952542206,0.2543724789736014,2404
raw,45,0,0.1,rank,1,0.1767552664513928,0.19756091741126006,,-0.2512657346034204,0.4430379746835443,218.54812016680805,1.2018463122992926,2404
raw,45,0,0.1,rank,5,0.35876473341700943,0.42177120883296937,,-0.24740156326783036,0.4430379746835443,93.87397443018048,0.5188180897906951,2404
raw,45,0,0.1,rank,10,0.31103462563236894,0.34738442561165345,,-0.3294852112178662,0.4810126582278481,66.28818585377583,0.36803255100805915,2404
raw,45,0,0.1,rank,21,0.4446429898351723,0.5441823523002705,,-0.31764240448200887,0.5569620253164557,45.32081459285701,0.25367025888984174,2404
raw,45,0,0.1,volinv,1,0.19394165704284877,0.21741914456206035,,-0.2846844784631102,0.4936708860759494,269.0378537908856,1.4325407843333633,2404
raw,45,0,0.1,volinv,5,0.46834061209683847,0.5506018310255861,,-0.2411667708843228,0.4810126582278481,109.50204887507452,0.5843850855844057,2404
raw,45,0,0.1,volinv,10,0.3925286040710307,0.42853549575477196,,-0.33224565520519034,0.5063291139240507,74.63977679420138,0.39889160875488155,2404
raw,45,0,0.1,volinv,21,0.5060830762553787,0.6050655270845908,,-0.36850689410468673,0.569620253164557,48.521942569808296,0.26244942185504155,2404
raw,45,0,0.2,equal,1,0.25137015477922137,0.3560627559462518,,-0.3108182604551767,0.45569620253164556,191.06471293163645,0.9626382541803841,2404
raw,45,0,0.2,equal,5,0.2555786647562106,0.3545243806900076,,-0.31761092417339054,0.5189873417721519,83.12466501400921,0.41876987664218884,2404
raw,45,0,0.2,equal,10,0.20958291864108208,0.2704492791893274,,-0.3502117403261882,0.4936708860759494,59.78114571192672,0.30485572357833624,2404
raw,45,0,0.2,equal,21,0.4266987270665476,0.6025248229535906,,-0.41455508119247153,0.5569620253164557,40.73634121204619,0.20736937548431722,2404
raw,45,0,0.2,rank,1,0.2727544768655556,0.38714775413732294,,-0.2964656041005881,0.4430379746835443,193.64370923875123,0.953616825927591,2404
raw,45,0,0.2,rank,5,0.3276198022878627,0.4571334218343058,,-0.29723075732859205,0.4936708860759494,83.6453637921432,0.4176128195906641,2404
raw,45,0,0.2,rank,10,0.25183561906031576,0.32801613086325226,,-0.33189432042913825,0.43037974683544306,60.03613142270833,0.3057615399021919,2404
raw,45,0,0.2,rank,21,0.4455270031744879,0.6571461852455226,,-0.4024560086849972,0.5822784810126582,40.7660700150877,0.20821561374326147,2404
raw,45,0,0.2,volinv,1,0.24152024465747163,0.3444827000317408,,-0.31893766710494764,0.4177215189873418,235.07912596250185,1.1391234942395738,2404
raw,45,0,0.2,volinv,5,0.41922595663368845,0.5835458883834856,,-0.30728572960796185,0.5316455696202531,96.75035568991947,0.4708511218354565,2404
raw,45,0,0.2,volinv,10,0.3130117412985751,0.3991959681606858,,-0.3406266708564448,0.5063291139240507,67.48477540553976,0.33181344159923937,2404
raw,45,0,0.2,volinv,21,0.522060217817985,0.7178946094997816,,-0.4088874103199971,0.6329113924050633,43.81707830744927,0.2168445461367393,2404
raw,45,0,0.3,equal,1,0.2113604624063261,0.3069559977286941,,-0.31687855328331804,0.4430379746835443,161.44830250152674,0.7775470863839036,2404
raw,45,0,0.3,equal,5,0.48554802304110906,0.7254327979414282,,-0.2694914235646858,0.5569620253164557,73.78797848544664,0.3581850153132642,2404
raw,45,0,0.3,equal,10,0.5157660802853063,0.7420621917165156,,-0.24371936510843417,0.4810126582278481,52.36487143278902,0.25332832182275233,2404
raw,45,0,0.3,equal,21,0.31513268698116537,0.4465716176155297,,-0.4023127699014708,0.5316455696202531,36.20544147709434,0.17728609323821307,2404
raw,45,0,0.3,rank,1,0.25749629657568524,0.37232969029829394,,-0.30570834807080005,0.46835443037974683,169.55140446105952,0.7899619858448349,2404
raw,45,0,0.3,rank,5,0.4902495746289152,0.7194386671346581,,-0.2607831783487692,0.5316455696202531,75.65660389734632,0.3621106549097917,2404
raw,45,0,0.3,rank,10,0.48809889011104374,0.6897194885459381,,-0.26939764238789987,0.46835443037974683,53.7768390618731,0.2600375108451282,2404
raw,45,0,0.3,rank,21,0.3512101691842553,0.5125523670315839,,-0.4046896287259556,0.5569620253164557,36.96964786994531,0.1815218286289929,2404
raw,45,0,0.3,volinv,1,0.20188143336960493,0.29845447116518475,,-0.30741084027032617,0.4936708860759494,197.07966413593292,0.9164324231892603,2404
raw,45,0,0.3,volinv,5,0.5659020694762551,0.8486035793228516,,-0.24757998831258754,0.5949367088607594,85.95512296527333,0.40451827868035184,2404
raw,45,0,0.3,volinv,10,0.5822464435195701,0.8444100432864126,,-0.2597503515123739,0.5316455696202531,59.388294434803946,0.27844670080313394,2404
raw,45,0,0.3,volinv,21,0.4467524368199809,0.625197219569391,,-0.39117913435106055,0.6075949367088608,39.15742128540501,0.18693083934834642,2404
raw,45,2,0.1,equal,1,0.37508182329385953,0.49598044275380293,,-0.30085676158583863,0.4936708860759494,217.80175777878654,1.2109075126182833,2404
raw,45,2,0.1,equal,5,-0.05153855253020401,-0.06008911370133559,,-0.3996832025606537,0.5189873417721519,98.77981418792527,0.5523006125625215,2404
raw,45,2,0.1,equal,10,0.3777412105556666,0.4555677239241489,,-0.3758576384229416,0.5316455696202531,66.82338052916984,0.37113874721755635,2404
raw,45,2,0.1,equal,21,0.6870024594181553,0.9625822156135482,0.06050187718982607,-0.3063573922034246,0.5443037974683544,44.887030099707594,0.2515321714192718,2404
raw,45,2,0.1,rank,1,0.35114826157530776,0.4589673044975997,,-0.31418519661431876,0.4936708860759494,218.61200663797305,1.1971306214322444,2404
raw,45,2,0.1,rank,5,-0.02968142435502669,-0.03454535692843023,,-0.3860661185004508,0.46835443037974683,98.54436076694068,0.5481075902591732,2404
raw,45,2,0.1,rank,10,0.3837272939946936,0.46015999703424126,,-0.3635904093353415,0.5443037974683544,66.63102014764726,0.3694175007921432,2404
raw,45,2,0.1,rank,21,0.6826843727884745,0.970521996091149,0.04882883079195293,-0.3055578489562878,0.5189873417721519,44.77728179389193,0.25123247203498766,2404
raw,45,2,0.1,volinv,1,0.39203638803214197,0.5198254278319726,,-0.3169674940091217,0.4936708860759494,269.4205319792007,1.4271492095841354,2404
raw,45,2,0.1,volinv,5,0.009115423176497167,0.0103491230885143,,-0.40324664003855726,0.569620253164557,114.91822843076874,0.6181858719467441,2404
raw,45,2,0.1,volinv,10,0.45049935672739627,0.5299248458489546,,-0.37129085257137184,0.5822784810126582,75.19163954302215,0.40156013187386286,2404
raw,45,2,0.1,volinv,21,0.6428495983539827,0.8437107334334254,0.0038147649723078024,-0.31008193118181937,0.5189873417721519,47.96311264844856,0.2605779908412498,2404
raw,45,2,0.2,equal,1,0.08863008903103238,0.126140128083676,,-0.3818593389103294,0.46835443037974683,189.85172481676614,0.9571321949362737,2404
raw,45,2,0.2,equal,5,0.3369295061744548,0.47895517680693406,,-0.3402232892549577,0.5063291139240507,85.26960419046965,0.4310589518630208,2404
raw,45,2,0.2,equal,10,0.4887640205658303,0.6601812753668453,,-0.3343866853673214,0.5316455696202531,59.87721826955755,0.3040763586967157,2404
raw,45,2,0.2,equal,21,0.36743871446133036,0.5533605616374639,,-0.32855060971683525,0.5189873417721519,41.15737012310633,0.21308757266643225,2404
raw,45,2,0.2,rank,1,0.1413611928224965,0.20194971894974756,,-0.36416955245731253,0.4430379746835443,192.6982035130119,0.9491902731574077,2404
raw,45,2,0.2,rank,5,0.3708288781784414,0.5308166564614515,,-0.33538899655328125,0.5189873417721519,85.68442741238546,0.429510950830124,2404
raw,45,2,0.2,rank,10,0.4938668940974501,0.6651148730392963,,-0.3353956735835616,0.5189873417721519,59.93719486716836,0.30375774924945553,2404
raw,45,2,0.2,rank,21,0.4239220210935499,0.65555284986056,,-0.33189263385927836,0.5316455696202531,41.232991380524425,0.21471226596838433,2404
raw,45,2,0.2,volinv,1,0.06258739566552238,0.08728740818531315,,-0.42996338588081084,0.5063291139240507,234.00018070549717,1.134044140596158,2404
raw,45,2,0.2,volinv,5,0.4872446327214198,0.7056128393603706,,-0.3320796800154384,0.5063291139240507,99.30628032399683,0.4846644051449649,2404
raw,45,2,0.2,volinv,10,0.5897843521265973,0.7986984530470731,,-0.2912058637895204,0.569620253164557,67.6955713456216,0.33229459616087453,2404
raw,45,2,0.2,volinv,21,0.3326951655956266,0.4768410049286043,,-0.3762235560473315,0.5443037974683544,44.13057927976324,0.2221105692264726,2404
raw,45,2,0.3,equal,1,0.17859564372908387,0.2588385619966232,,-0.31656768908488186,0.45569620253164556,162.7262929353384,0.7861337783979951,2404
raw,45,2,0.3,equal,5,0.3026181011189544,0.4356382143649597,,-0.3660177979834921,0.5063291139240507,74.48665621013389,0.36297979359755006,2404
raw,45,2,0.3,equal,10,0.4589778204693133,0.6196085186929582,,-0.36879866802249484,0.5189873417721519,52.970604254051544,0.25827403000173815,2404
raw,45,2,0.3,equal,21,0.48709729107426214,0.7175373602304568,,-0.2873058089129683,0.569620253164557,36.318141008947094,0.17761333883699132,2404
raw,45,2,0.3,rank,1,0.2163790390898602,0.3150158546876643,,-0.3186251208802664,0.46835443037974683,170.36599856836793,0.7958123587691124,2404
raw,45,2,0.3,rank,5,0.3627749919758834,0.5257017025320876,,-0.34762888585031193,0.5063291139240507,76.7646784416381,0.3687990271694351,2404
raw,45,2,0.3,rank,10,0.4961232244774237,0.6832345485826367,,-0.3626605069579468,0.5443037974683544,54.10477498871897,0.26281192361487316,2404
raw,45,2,0.3,rank,21,0.5170082446504435,0.7900019200171402,,-0.31282163610051283,0.5949367088607594,37.11722215927721,0.1828954592797466,2404
raw,45,2,0.3,volinv,1,0.2680397166096737,0.39243451074343677,,-0.3368926302653702,0.4810126582278481,198.76539415326096,0.9262866239669608,2404
raw,45,2,0.3,volinv,5,0.5370095223852633,0.7898923114221468,,-0.32997474037757046,0.5822784810126582,86.89233228761915,0.4090813601974683,2404
raw,45,2,0.3,volinv,10,0.6333083833615726,0.8797434988136272,-0.04133663027455771,-0.3323498089111071,0.5443037974683544,59.99105993829154,0.2831248505927836,2404
raw,45,2,0.3,volinv,21,0.4948042342338405,0.7053448877609771,,-0.3520305002962466,0.620253164556962,39.25589638255448,0.1873736711002382,2404
raw,45,7,0.1,equal,1,0.19436095034625872,0.2876341148539754,,-0.33185142720221505,0.4177215189873418,218.04864474552767,1.2145390774324147,2404
raw,45,7,0.1,equal,5,0.52145132317518,0.8319308487236885,,-0.3320548775428871,0.5316455696202531,98.26387654319782,0.5518119405380055,2404
raw,45,7,0.1,equal,10,0.08850886184305128,0.11533865117522722,,-0.3349753306503279,0.46835443037974683,68.50707314175064,0.38514498818509946,2404
raw,45,7,0.1,equal,21,0.5246819054544536,0.763828664634179,,-0.49333588870620326,0.4936708860759494,45.042485561214825,0.2519964466604211,2404
raw,45,7,0.1,rank,1,0.1790823869493179,0.2605231240515819,,-0.32241764577223275,0.4177215189873418,219.0595521629686,1.2022760619777786,2404
raw,45,7,0.1,rank,5,0.5254385637147277,0.8308052942679919,,-0.322023008219837,0.5189873417721519,98.00291797811082,0.5481610205523084,2404
raw,45,7,0.1,rank,10,0.11045914778548138,0.1444825023334661,,-0.32922856243265286,0.46835443037974683,68.22177341366798,0.3835613150385484,2404
raw,45,7,0.1,rank,21,0.5085402999329353,0.7419859638512986,,-0.48265818688496553,0.5189873417721519,44.91308465823377,0.25180802329836355,2404
raw,45,7,0.1,volinv,1,0.17093761056246715,0.24104945834642247,,-0.3915505389800942,0.46835443037974683,268.4935136580029,1.4232490956694228,2404
raw,45,7,0.1,volinv,5,0.7162401580778145,1.1190814315440611,0.10901598254988558,-0.30670643405828113,0.5316455696202531,113.73303578285045,0.6126181330687315,2404
raw,45,7,0.1,volinv,10,0.254046467831353,0.32783214091040974,,-0.3108233324088341,0.5189873417721519,76.06763434245279,0.41092876094229847,2404
raw,45,7,0.1,volinv,21,0.5422906965337738,0.7551796706447111,,-0.5138207499550482,0.5443037974683544,47.81612452615797,0.2599536908924359,2404
raw,45,7,0.2,equal,1,-0.017025941376461216,-0.023562179818579318,,-0.29589789250325926,0.46835443037974683,187.3938534606593,0.9429508318583016,2404
raw,45,7,0.2,equal,5,0.5430953399667249,0.7822767010348726,,-0.3299280602450917,0.5822784810126582,84.15419050691156,0.4249525946357888,2404
raw,45,7,0.2,equal,10,0.034811733217247426,0.04704040469344253,,-0.4289871415876768,0.5063291139240507,60.263726819482024,0.3054955377626034,2404
raw,45,7,0.2,equal,21,0.1881650171604155,0.25244702579092304,,-0.44562341263469807,0.5443037974683544,40.58902222613796,0.21019298321417032,2404
raw,45,7,0.2,rank,1,0.03632978503514907,0.050977383724174735,,-0.29707454442369075,0.4936708860759494,190.58721921763242,0.9366557658061782,2404
raw,45,7,0.2,rank,5,0.5087946510828574,0.7319866521210615,,-0.33284282936380827,0.5949367088607594,84.72875880107624,0.4246426677162361,2404
raw,45,7,0.2,rank,10,0.04190875284660837,0.058033268766167,,-0.41943281261954424,0.4936708860759494,60.4282616941157,0.30650951566138834,2404
raw,45,7,0.2,rank,21,0.23397885172422866,0.31916750755789053,,-0.44818306036321054,0.5443037974683544,40.6749475542196,0.21139074094785348,2404
raw,45,7,0.2,volinv,1,0.024153142433618588,0.03352247164803312,,-0.3284012024287254,0.46835443037974683,230.1989444906482,1.112835418517618,2404
raw,45,7,0.2,volinv,5,0.6877352341293399,0.9848029725116435,0.06324384809137841,-0.3067402486364883,0.6075949367088608,97.68187006709863,0.4757161834383483,2404
raw,45,7,0.2,volinv,10,0.16561575666813672,0.2268844566916601,,-0.4329813494821295,0.5063291139240507,67.67532507919366,0.33144771652008553,2404
raw,45,7,0.2,volinv,21,0.20478138156742523,0.26466618375554934,,-0.48584494953017654,0.5443037974683544,43.9665491029545,0.22088894839490175,2404
raw,45,7,0.3,equal,1,-0.06797855073604563,-0.09127071185133102,,-0.385409972811138,0.4936708860759494,162.08091483904192,0.7841357345428404,2404
raw,45,7,0.3,equal,5,0.41756217367744863,0.5934690691111487,,-0.3865134660424169,0.5569620253164557,74.64130044866582,0.3657264066943752,2404
raw,45,7,0.3,equal,10,0.03918253383613515,0.051923100185840045,,-0.4423040264336119,0.5189873417721519,53.403710681077484,0.2610162179840801,2404
raw,45,7,0.3,equal,21,0.3366656196921491,0.44588537798683553,,-0.4232577954634207,0.569620253164557,36.436998993742925,0.1808261764405777,2404
raw,45,7,0.3,rank,1,0.01426545187140271,0.019740180123348015,,-0.3426473810486441,0.5569620253164557,169.5522450131286,0.7922257855530782,2404
raw,45,7,0.3,rank,5,0.44182799932235467,0.6438601695829395,,-0.38012205771464835,0.569620253164557,76.68436168563956,0.36997533016129847,2404
raw,45,7,0.3,rank,10,0.04941857794098772,0.06784723129243271,,-0.4360355768402969,0.5189873417721519,54.562689022009664,0.2657719201408034,2404
raw,45,7,0.3,rank,21,0.3493692085375295,0.4733774165728112,,-0.43559204994548895,0.5569620253164557,37.12183096938769,0.18512045978171537,2404
raw,45,7,0.3,volinv,1,-0.03163169620080344,-0.043121036531629145,,-0.4341807173762402,0.5063291139240507,196.93599889692567,0.9192312965418818,2404
raw,45,7,0.3,volinv,5,0.6388365859400041,0.9476458540014904,0.059495954764175525,-0.33176268043597457,0.569620253164557,86.60222181522839,0.4096838042341539,2404
raw,45,7,0.3,volinv,10,0.1905654435251197,0.2599574510863603,,-0.4167208557653421,0.5443037974683544,60.317922495709574,0.2852010391802573,2404
raw,45,7,0.3,volinv,21,0.32812595113617493,0.4269367849417373,,-0.4373593011091642,0.6075949367088608,39.43884622048535,0.19048525810338662,2404
raw,60,0,0.1,equal,1,0.4159342870179023,0.5748545886194742,,-0.3324901376645216,0.45569620253164556,189.55784581999725,1.0282553920725932,2404
raw,60,0,0.1,equal,5,0.4125491011096067,0.5540461644450336,,-0.3489394703101717,0.5949367088607594,85.55883561386034,0.4720832590980653,2404
raw,60,0,0.1,equal,10,0.7735529533048968,1.1027462083231532,0.07962773761263421,-0.30710927559132983,0.5189873417721519,60.24338096347064,0.3373818918471288,2404
raw,60,0,0.1,equal,21,0.5003122117655289,0.6788434096037896,,-0.48364537199522395,0.569620253164557,41.217332094793484,0.22837068231575233,2404
raw,60,0,0.1,rank,1,0.4350856542317178,0.5950114042325948,,-0.32891485833040235,0.45569620253164556,190.03637227017688,1.01474579978511,2404
raw,60,0,0.1,rank,5,0.4419375325138442,0.5897597916055275,,-0.3405499055890019,0.569620253164557,85.20735823219432,0.46681138736469885,2404
raw,60,0,0.1,rank,10,0.7922567625263254,1.124075855277191,0.08600318024996328,-0.3066898380779314,0.5189873417721519,59.99914638491621,0.3351440992841696,2404
raw,60,0,0.1,rank,21,0.45382187786074524,0.6084505097846874,,-0.4795489761579529,0.569620253164557,41.02390737575029,0.22735636135426354,2404
raw,60,0,0.1,volinv,1,0.3775140943653929,0.5413678673119334,,-0.368238005711367,0.5189873417721519,235.60169852784938,1.2193072478854918,2404
raw,60,0,0.1,volinv,5,0.4440926132301144,0.5935217900686811,,-0.3992656290419313,0.5443037974683544,99.84451285082753,0.5297446995176256,2404
raw,60,0,0.1,volinv,10,0.7542335567242031,1.0500652530667383,0.07531831824269614,-0.3165347654835793,0.5949367088607594,67.78031997156991,0.36432779475007304,2404
raw,60,0,0.1,volinv,21,0.5960250188745299,0.8580894186678923,,-0.5142564783135148,0.569620253164557,44.261422191140745,0.23867689206224332,2404
raw,60,0,0.2,equal,1,0.235525250210508,0.3078894457625959,,-0.3638166894704933,0.5316455696202531,168.79730345484865,0.8532642093868755,2404
raw,60,0,0.2,equal,5,0.5929078030939368,0.9470641176378192,,-0.4083946029343558,0.5822784810126582,76.98184840444902,0.3948333543828064,2404
raw,60,0,0.2,equal,10,0.9566687292035033,1.4874019390827384,0.27555041792868673,-0.36899437005719227,0.6075949367088608,54.047894755741716,0.27729016585409433,2404
raw,60,0,0.2,equal,21,0.21621972413236007,0.2685171565136885,,-0.5165391274702751,0.5949367088607594,36.880930325983506,0.1895991066087889,2404
raw,60,0,0.2,rank,1,0.2525846066487021,0.3296255745241195,,-0.3560190882704256,0.5063291139240507,170.0455684852253,0.837715612320735,2404
raw,60,0,0.2,rank,5,0.6248043142532511,1.0073220383955062,-0.048331262144968044,-0.3850636709200187,0.5443037974683544,76.51749246660403,0.3881475523055636,2404
raw,60,0,0.2,rank,10,0.963146334995413,1.5267711454550588,0.3466463889217891,-0.36732941311943346,0.5949367088607594,53.90683819697347,0.27578508626272547,2404
raw,60,0,0.2,rank,21,0.1797572032611973,0.22133301473862158,,-0.5267745538912703,0.5949367088607594,36.88635534781559,0.19027277336133136,2404
raw,60,0,0.2,volinv,1,0.15383821226332026,0.19969076244421585,,-0.38685517303634576,0.5189873417721519,207.94382113090063,1.0097407079272454,2404
raw,60,0,0.2,volinv,5,0.600980187594131,0.9413794259834742,-0.04523181606075272,-0.4367431760748177,0.5569620253164557,90.17318165086999,0.4469074583439798,2404
raw,60,0,0.2,volinv,10,0.9631717101011054,1.4777237920398867,0.30299395016989,-0.3594364102310946,0.620253164556962,61.567270769528925,0.3048469941637472,2404
raw,60,0,0.2,volinv,21,0.25554395876955427,0.3194394795808652,,-0.5446293209704238,0.5822784810126582,40.05201225067479,0.20028955680018162,2404
raw,60,0,0.3,equal,1,0.14647000272797725,0.19173938825281892,,-0.411725807481909,0.5063291139240507,142.33498340527123,0.6881161680742144,2404
raw,60,0,0.3,equal,5,0.5599020994480819,0.8782949259944083,,-0.44807892447739706,0.5443037974683544,65.01505751733801,0.31862376779165114,2404
raw,60,0,0.3,equal,10,0.7669764044926741,1.184185285220149,0.16197947760766263,-0.3865438491218184,0.5443037974683544,47.58496881545725,0.23456139328676626,2404
raw,60,0,0.3,equal,21,0.30696963862861704,0.3850778609723181,,-0.46921504263948854,0.5949367088607594,33.03588810090999,0.1620081234153247,2404
raw,60,0,0.3,rank,1,0.21364378181526,0.2789882761595459,,-0.37490347872443197,0.5189873417721519,148.67646846233325,0.6928472738152347,2404
raw,60,0,0.3,rank,5,0.6264891117572803,1.0028669250159548,0.021995763804947284,-0.40931561690046425,0.5569620253164557,66.83549132853207,0.3225096263964343,2404
raw,60,0,0.3,rank,10,0.8560435534354773,1.3485932515262504,0.22639714332791655,-0.38380142737277223,0.5443037974683544,48.39233048589118,0.23722405246145772,2404
raw,60,0,0.3,rank,21,0.2462624063947067,0.30983594450237,,-0.4962841938352125,0.6075949367088608,33.6311268132976,0.1657590365695657,2404
raw,60,0,0.3,volinv,1,0.0837707835856608,0.11240440998054911,,-0.44255370687018225,0.4936708860759494,176.82160216616495,0.8241890008494023,2404
raw,60,0,0.3,volinv,5,0.603021342370223,0.9650874806070434,-0.05445518540011535,-0.4384756478896572,0.5569620253164557,77.01130801018684,0.3649362828729614,2404
raw,60,0,0.3,volinv,10,0.7848325917572248,1.24615651483546,0.18085897642564194,-0.3609206565302904,0.5443037974683544,54.41421483260495,0.2592699799872904,2404
raw,60,0,0.3,volinv,21,0.38780612342432086,0.4911005879866527,,-0.4819135484482908,0.569620253164557,36.14725529850803,0.17273645338725968,2404
raw,60,2,0.1,equal,1,0.195502836357365,0.2628865147213689,,-0.3746144337596693,0.46835443037974683,190.01275830194223,1.0374809397461975,2404
raw,60,2,0.1,equal,5,0.25694606776667145,0.34696641315823057,,-0.42328254735315385,0.5063291139240507,86.00181919840028,0.4755335169882937,2404
raw,60,2,0.1,equal,10,0.5525224660341197,0.7646614248130149,,-0.3383556989916706,0.5569620253164557,60.36154781586721,0.33643189740543566,2404
raw,60,2,0.1,equal,21,0.010110131345509168,0.011568923277994466,,-0.5251176440855045,0.5316455696202531,40.82929748528332,0.22682510974229464,2404
raw,60,2,0.1,rank,1,0.21871619667009926,0.2915958657311938,,-0.3607862933376481,0.4810126582278481,190.47493045777662,1.0234587811944633,2404
raw,60,2,0.1,rank,5,0.2806953664954557,0.3828069989094104,,-0.42245726173716547,0.5316455696202531,85.49685596558842,0.4697953865254403,2404
raw,60,2,0.1,rank,10,0.573502463453862,0.7976100468830325,,-0.3420517133667288,0.5569620253164557,59.96759910182432,0.33337803905978436,2404
raw,60,2,0.1,rank,21,0.034264791578303345,0.03986048499329851,,-0.5129571020944994,0.5316455696202531,40.65347619340625,0.22597412771771125,2404
raw,60,2,0.1,volinv,1,0.14896402846539897,0.20083559637167014,,-0.4286336242555877,0.4810126582278481,235.9514763328811,1.2246335758118263,2404
raw,60,2,0.1,volinv,5,0.3858596501236165,0.5336324793723581,,-0.40864459002402964,0.5569620253164557,100.5147961734583,0.5322077118578037,2404
raw,60,2,0.1,volinv,10,0.6287361820371193,0.8633481525289702,-0.02591504804189276,-0.30689331596442937,0.569620253164557,68.13882299269031,0.3642314668469424,2404
raw,60,2,0.1,volinv,21,0.06051498175153854,0.06897426033895657,,-0.543712257794924,0.5189873417721519,43.773324781657024,0.23667765875577784,2404
raw,60,2,0.2,equal,1,0.25480996144985435,0.41047988005989333,,-0.4488511206522148,0.4936708860759494,170.30260211821937,0.8638469137413904,2404
raw,60,2,0.2,equal,5,0.4464430077073059,0.7176398237771533,,-0.47082802289210857,0.5189873417721519,75.54380548289794,0.3837372384036579,2404
raw,60,2,0.2,equal,10,0.624249525493076,0.9950866612259778,-0.011081422379188417,-0.44236920767410426,0.5569620253164557,54.38099851808451,0.27668094904247065,2404
raw,60,2,0.2,equal,21,0.2593281834653639,0.3304808280378812,,-0.5275769580811146,0.569620253164557,36.79313011007021,0.18877251424645078,2404
raw,60,2,0.2,rank,1,0.31209225363027837,0.5095240611405905,,-0.42240913480390496,0.5063291139240507,171.35939171288217,0.8472047154544224,2404
raw,60,2,0.2,rank,5,0.45703281417808594,0.740210464161713,,-0.4531999689588142,0.4936708860759494,75.35621862755471,0.3786811117273048,2404
raw,60,2,0.2,rank,10,0.658338258702046,1.0708904229272238,0.030651287627128737,-0.42955896201988564,0.5569620253164557,54.129750542914906,0.2748274190117808,2404
raw,60,2,0.2,rank,21,0.23853425272927245,0.30116138058567954,,-0.5229163818700653,0.5569620253164557,36.674714745715924,0.18848582572719935,2404
raw,60,2,0.2,volinv,1,0.22028832895696873,0.34963513953301206,,-0.488527558338805,0.5316455696202531,209.61763594087847,1.020070632795059,2404
raw,60,2,0.2,volinv,5,0.6003417448161723,0.9559826589728345,-0.05087561181260927,-0.47880470807759545,0.6075949367088608,87.93480551976862,0.4309974541131628,2404
raw,60,2,0.2,volinv,10,0.5912611276549601,0.9115703914526363,,-0.4363604300192756,0.6075949367088608,61.323174648251765,0.30168275121970445,2404
raw,60,2,0.2,volinv,21,0.17794415206222158,0.22506194241642494,,-0.5674545669208333,0.6075949367088608,39.75809347546944,0.19905748901867534,2404
raw,60,2,0.3,equal,1,0.24195218714703928,0.39574628627450464,,-0.49022443064939714,0.4810126582278481,142.09607187908802,0.6895790678170972,2404
raw,60,2,0.3,equal,5,0.3957015824482317,0.6415692732802906,,-0.527383020802557,0.5189873417721519,65.30291482427255,0.3186373768009341,2404
raw,60,2,0.3,equal,10,0.6034211281298999,0.9595680706852641,-0.07881934843693383,-0.4658983913319372,0.569620253164557,47.14528612951373,0.22959355284422234,2404
raw,60,2,0.3,equal,21,0.4109615459348144,0.5222413813210145,,-0.46088614392985583,0.6075949367088608,32.618579454323516,0.1594071995664092,2404
raw,60,2,0.3,rank,1,0.3097213965143575,0.5097504591295435,,-0.45376275023104296,0.5189873417721519,148.50196490297895,0.6942591500638609,2404
raw,60,2,0.3,rank,5,0.43275812185171136,0.7088385837349095,,-0.4994091332105878,0.5316455696202531,67.00497004799017,0.3219742643379972,2404
raw,60,2,0.3,rank,10,0.6387276761066897,1.0305979609661187,0.030203672945750083,-0.4527472307120688,0.5569620253164557,48.28359377923813,0.2342857006392631,2404
raw,60,2,0.3,rank,21,0.34812956422107655,0.4455698892398507,,-0.48864089474610706,0.6075949367088608,33.18525252735133,0.16289675507652046,2404
raw,60,2,0.3,volinv,1,0.17284383385293198,0.286180720531039,,-0.5236219956072334,0.5063291139240507,175.61764092865377,0.8207950316054273,2404
raw,60,2,0.3,volinv,5,0.43335771806953644,0.6950623641562864,,-0.5180589126375589,0.5443037974683544,76.43017231017751,0.3602947057707923,2404
raw,60,2,0.3,volinv,10,0.6303687388106934,1.0047632155506985,-0.06709142630396371,-0.42965380064696324,0.5822784810126582,53.71024460932164,0.253504039035134,2404
raw,60,2,0.3,volinv,21,0.4279154944646844,0.5467129337025621,,-0.4573548223819386,0.6329113924050633,35.65777069423194,0.1699787445774572,2404
raw,60,7,0.1,equal,1,-0.03964490189515427,-0.04965036705261556,,-0.4651111638692005,0.5316455696202531,189.8868022379689,1.0405070328840171,2404
raw,60,7,0.1,equal,5,0.35928847701730926,0.46854743811243255,,-0.41920489050366183,0.569620253164557,86.17135002740183,0.4795494963772309,2404
raw,60,7,0.1,equal,10,0.550875310826602,0.8185943743536576,,-0.4071780593378801,0.5316455696202531,60.351213223907024,0.3360436788277772,2404
raw,60,7,0.1,equal,21,0.4707322389179184,0.6662236356810437,,-0.4929563414240601,0.4936708860759494,39.97306440207108,0.22265312740263601,2404
raw,60,7,0.1,rank,1,-0.03318648068290813,-0.041777621419923104,,-0.4620114743536202,0.5569620253164557,190.40805244498884,1.027784201784392,2404
raw,60,7,0.1,rank,5,0.3703074373731797,0.4839706700680655,,-0.4057624425833467,0.5443037974683544,85.73251717490925,0.47423337387069425,2404
raw,60,7,0.1,rank,10,0.5790257113261369,0.8658752709651313,,-0.39530137657434816,0.5189873417721519,59.98542650140335,0.33355697083777947,2404
raw,60,7,0.1,rank,21,0.45658332794927853,0.6432806508469571,,-0.49020467489360453,0.4936708860759494,39.78440418512662,0.22166488375036295,2404
raw,60,7,0.1,volinv,1,0.03310703071140018,0.0416807789532658,,-0.4735143911980789,0.4936708860759494,234.10272352700062,1.2183164315666866,2404
raw,60,7,0.1,volinv,5,0.46359366931084595,0.5977537359326589,,-0.41282662664187564,0.569620253164557,100.64755973079212,0.5344278935373843,2404
raw,60,7,0.1,volinv,10,0.5625887918577316,0.7955940478133441,,-0.40962540958837,0.5443037974683544,67.8923729963083,0.36221694384057623,2404
raw,60,7,0.1,volinv,21,0.5328353911351491,0.7236285922580368,,-0.5233770779555909,0.5316455696202531,42.9477967627216,0.23077906083357516,2404
raw,60,7,0.2,equal,1,0.3255403398523127,0.45098717104109737,,-0.40651762372738065,0.5316455696202531,170.46806108749843,0.8704860583950271,2404
raw,60,7,0.2,equal,5,0.6084948061578372,0.8813089881784917,0.0003902412297227809,-0.4219476287459164,0.5949367088607594,75.14032097388151,0.3835478927097543,2404
raw,60,7,0.2,equal,10,0.522701526290034,0.7727190447977254,,-0.5194753507407037,0.5063291139240507,53.61690891947447,0.27397490419468223,2404
raw,60,7,0.2,equal,21,0.35661805401630353,0.5111076987370801,,-0.4423092689867222,0.5443037974683544,36.6787299617604,0.18971983650572594,2404
raw,60,7,0.2,rank,1,0.34564158338687156,0.4757951005272387,,-0.4042185357014517,0.5316455696202531,171.14117302431566,0.8520214607764234,2404
raw,60,7,0.2,rank,5,0.6139581896605136,0.872879926958925,-0.021456883948008206,-0.4124642027460871,0.5569620253164557,75.13716687123657,0.3797145435762066,2404
raw,60,7,0.2,rank,10,0.5794549809190097,0.8650564045974141,,-0.49669587413265737,0.4936708860759494,53.499780003959195,0.2726603996645776,2404
raw,60,7,0.2,rank,21,0.3754706947224186,0.5407627760838662,,-0.4462520055611586,0.5443037974683544,36.374476352565864,0.18861246408707105,2404
raw,60,7,0.2,volinv,1,0.3595103963587737,0.5015162223363947,,-0.4507602826439058,0.5569620253164557,209.84099189368058,1.0263535850462548,2404
raw,60,7,0.2,volinv,5,0.6856740987128601,1.0061154618768453,0.1147333180722634,-0.3914089337282579,0.5949367088607594,87.53915782586019,0.43083717261061993,2404
raw,60,7,0.2,volinv,10,0.7198861996792537,1.1114615380689465,0.08396007956844374,-0.4846103237282955,0.5569620253164557,60.58728111624921,0.29899763302020343,2404
raw,60,7,0.2,volinv,21,0.37269140659545585,0.5144869124251554,,-0.4745481807999997,0.5569620253164557,39.96558578629262,0.2008781031086857,2404
raw,60,7,0.3,equal,1,0.4623032127627103,0.6472611886063661,,-0.4166662731351174,0.46835443037974683,140.94890925436562,0.6897507218740755,2404
raw,60,7,0.3,equal,5,0.690208052211147,0.9956548698515829,0.026674207064108602,-0.39471239720329276,0.5443037974683544,65.35086180138582,0.32026087456201624,2404
raw,60,7,0.3,equal,10,0.5842312109419585,0.8441617219864002,,-0.4471290102018115,0.5316455696202531,46.65442241213137,0.22801392999794404,2404
raw,60,7,0.3,equal,21,0.40964440699629684,0.5810610006657594,,-0.4577466686018936,0.5443037974683544,32.20712371986598,0.1578004739808867,2404
raw,60,7,0.3,rank,1,0.4520959589466325,0.6307642177391996,,-0.4146810764618508,0.5189873417721519,147.82350513656846,0.696969914013022,2404
raw,60,7,0.3,rank,5,0.671664580887326,0.9514144003475679,-0.016930448765282522,-0.4025325526150555,0.5822784810126582,67.23094284576462,0.3244222387007498,2404
raw,60,7,0.3,rank,10,0.6220580698861727,0.9121996687944355,-0.050735572294608906,-0.4634089012650252,0.5443037974683544,47.75596882099611,0.23229961500481405,2404
raw,60,7,0.3,rank,21,0.4410941859847111,0.638499989761266,,-0.4624549070838332,0.5443037974683544,32.7921243754113,0.16165277792023916,2404
raw,60,7,0.3,volinv,1,0.4986273530995708,0.7047213712000684,,-0.4579952459395171,0.5316455696202531,174.4191650483437,0.819675372441965,2404
raw,60,7,0.3,volinv,5,0.882308735154961,1.3170969889617874,0.3198827300518461,-0.35006136765532636,0.6329113924050633,76.38276784070706,0.3609900231530141,2404
raw,60,7,0.3,volinv,10,0.8191059473236568,1.2656970176660618,0.1659003277961446,-0.40300006023093704,0.5189873417721519,53.182422681783244,0.2512855527915705,2404
raw,60,7,0.3,volinv,21,0.5098883568729743,0.7107653512445667,,-0.4497906501014963,0.5822784810126582,35.23561387406498,0.16817234207413984,2404
raw,90,0,0.1,equal,1,0.35673916025300156,0.4703560095429782,,-0.3106948202254617,0.4810126582278481,161.79438883749037,0.8767582379494915,2404
raw,90,0,0.1,equal,5,0.4523108363507667,0.5783611245851169,,-0.2790990201485837,0.5443037974683544,74.51647346568801,0.4120238708971583,2404
raw,90,0,0.1,equal,10,0.4155305407011545,0.5419159550977677,,-0.31435255817000196,0.5443037974683544,51.8916066652101,0.28853483905822214,2404
raw,90,0,0.1,equal,21,0.5286723513095266,0.7016373275157022,,-0.30766986502204063,0.5316455696202531,34.98335076557647,0.19313533207467704,2404
raw,90,0,0.1,rank,1,0.3440061448852597,0.45626762005213123,,-0.308690940467957,0.4936708860759494,162.24908689545776,0.8640593297475684,2404
raw,90,0,0.1,rank,5,0.46285582849491347,0.5973200111150333,,-0.27791699315579466,0.5569620253164557,74.25901643845802,0.4073133242915017,2404
raw,90,0,0.1,rank,10,0.42410713479472445,0.5569942274361319,,-0.3147488838671163,0.5316455696202531,51.61311713936656,0.285994758614578,2404
raw,90,0,0.1,rank,21,0.5366065410093223,0.7088283918577083,,-0.29852524427946703,0.5316455696202531,34.714033580438056,0.1915909799360828,2404
raw,90,0,0.1,volinv,1,0.3258188797068464,0.4235100467390947,,-0.41863657242960384,0.5189873417721519,203.40181777871408,1.0472312495796006,2404
raw,90,0,0.1,volinv,5,0.5501600904840088,0.6924015244612631,,-0.3422300926536258,0.5822784810126582,88.60833370790564,0.4683653108924706,2404
raw,90,0,0.1,volinv,10,0.5810182987699531,0.7525807649654971,,-0.3320900456090673,0.4936708860759494,59.80388916109872,0.31687361462496,2404
raw,90,0,0.1,volinv,21,0.806128766600752,1.1298529998722062,0.11821602677037728,-0.28062736819399914,0.569620253164557,38.336538590965205,0.2053148067620903,2404
raw,90,0,0.2,equal,1,0.2860327178993435,0.3882978565470715,,-0.28349168826984517,0.5063291139240507,141.80258343649032,0.7113001152175513,2404
raw,90,0,0.2,equal,5,0.48912781374207565,0.6610029507071923,,-0.3061782304266174,0.5569620253164557,64.17819135041705,0.3243243334590192,2404
raw,90,0,0.2,equal,10,0.5329566178494073,0.7423306105829004,,-0.28329894225313035,0.5822784810126582,45.932246567669495,0.23270820342567894,2404
raw,90,0,0.2,equal,21,0.4171403450506999,0.5071460114357419,,-0.30884727243668353,0.5569620253164557,32.20202255991341,0.16323448210373753,2404
raw,90,0,0.2,rank,1,0.3343004317617032,0.45913607712648724,,-0.29480377560144233,0.4810126582278481,142.42133486471428,0.6941190141924888,2404
raw,90,0,0.2,rank,5,0.5079448030047858,0.6894436839705913,,-0.30391616899672247,0.569620253164557,63.99201878183289,0.31950759996494627,2404
raw,90,0,0.2,rank,10,0.5307541339930508,0.753570368695839,,-0.29808100641889756,0.5949367088607594,45.74051648347084,0.23081139913990661,2404
raw,90,0,0.2,rank,21,0.44053891831485115,0.5442731171871299,,-0.3061292991463632,0.5189873417721519,31.834862284163886,0.16126644876941612,2404
raw,90,0,0.2,volinv,1,0.27331857187713554,0.3680580892171275,,-0.3298495822641927,0.5316455696202531,175.57324295430598,0.8429343546908136,2404
raw,90,0,0.2,volinv,5,0.6217791210441685,0.8228123186646991,-0.06127501702703422,-0.2995843398153747,0.5822784810126582,75.61727466151893,0.3683729690293346,2404
raw,90,0,0.2,volinv,10,0.6785173754843756,0.928709772324328,0.03291457069008929,-0.27903880253779556,0.5949367088607594,52.687453894328605,0.25732854395345256,2404
raw,90,0,0.2,volinv,21,0.5550130002850394,0.666314376101761,,-0.3338389937165891,0.569620253164557,35.47211130733113,0.17496202062801047,2404
raw,90,0,0.3,equal,1,0.27078815368209636,0.3672309375236179,,-0.42823691642091277,0.4810126582278481,118.43480832081035,0.5653002856895527,2404
raw,90,0,0.3,equal,5,0.5593816413999896,0.7587755026624942,,-0.38666314992997397,0.5443037974683544,55.72185386591836,0.2704382630034237,2404
raw,90,0,0.3,equal,10,0.46144942878302364,0.6470498621130696,,-0.3620070805030434,0.5443037974683544,39.44253678276406,0.1924719630615634,2404
raw,90,0,0.3,equal,21,0.4876214341107611,0.6057375601006886,,-0.4098442898854846,0.569620253164557,28.031492497416277,0.13563060536700364,2404
raw,90,0,0.3,rank,1,0.34063654391038495,0.4664502876017396,,-0.38291679483571894,0.5316455696202531,123.21361188724772,0.5663231821266335,2404
raw,90,0,0.3,rank,5,0.5670157399329268,0.7654619285212318,,-0.365760496781235,0.5443037974683544,56.95251493406622,0.27192232808481737,2404
raw,90,0,0.3,rank,10,0.49864322957234175,0.7134246303856963,,-0.3479719706065184,0.5569620253164557,40.406169838652836,0.195854286052636,2404
raw,90,0,0.3,rank,21,0.46800595864625266,0.5737058717930663,,-0.37800998193103863,0.5569620253164557,28.32270639875787,0.137135047123929,2404
raw,90,0,0.3,volinv,1,0.20366223359386348,0.2766702494838156,,-0.484510893499826,0.4936708860759494,147.61423039661653,0.6791853565953954,2404
raw,90,0,0.3,volinv,5,0.6412871713301938,0.8802774412815697,-0.01824483518160397,-0.4006144223475424,0.5443037974683544,66.27894503911448,0.3104441450910176,2404
raw,90,0,0.3,volinv,10,0.5811065855262186,0.8389546650517236,,-0.36522810255110605,0.569620253164557,45.692855532263934,0.21466961385470723,2404
raw,90,0,0.3,volinv,21,0.5785023587321118,0.7183390779632095,,-0.39582907111068444,0.5822784810126582,31.179940708414403,0.14698514174947921,2404
raw,90,2,0.1,equal,1,0.2712106550029275,0.3354257921391892,,-0.3869406334038781,0.4936708860759494,161.01447303184764,0.8788191603205764,2404
raw,90,2,0.1,equal,5,0.3261946132222584,0.4660996918518541,,-0.41908266934219296,0.5316455696202531,73.35356071987728,0.40435513591675626,2404
raw,90,2,0.1,equal,10,0.39444093811545505,0.5485184315737962,,-0.3255027172582985,0.5063291139240507,51.37784555627672,0.2844133295631761,2404
raw,90,2,0.1,equal,21,0.8013018065265566,1.173848965728535,0.15791619423857117,-0.2769344886740891,0.5443037974683544,33.8576852785861,0.18625734447767392,2404
raw,90,2,0.1,rank,1,0.25955836926814185,0.32295867120545246,,-0.38032118459863506,0.4810126582278481,161.6415596327997,0.8666311863993934,2404
raw,90,2,0.1,rank,5,0.3499519695128276,0.5027996133231095,,-0.4103067345563438,0.5316455696202531,73.1252130087337,0.399880658623026,2404
raw,90,2,0.1,rank,10,0.40130608540918944,0.5545702457968111,,-0.3230883986359816,0.5189873417721519,51.0445330197417,0.2816039554954135,2404
raw,90,2,0.1,rank,21,0.8065087066411497,1.1693593271931773,0.14479589161844786,-0.2771984054306308,0.5316455696202531,33.69502420005862,0.18531586146603354,2404
raw,90,2,0.1,volinv,1,0.2486705905016979,0.3025724128484821,,-0.4620749128367031,0.4936708860759494,202.2107001298113,1.0448637523877304,2404
raw,90,2,0.1,volinv,5,0.42993981355027844,0.6036171334658395,,-0.42492007474996374,0.5189873417721519,87.49524982187481,0.46065731451189307,2404
raw,90,2,0.1,volinv,10,0.5659793863963367,0.7903718321853552,,-0.3285002502726625,0.5443037974683544,58.87713697388447,0.31174448108986996,2404
raw,90,2,0.1,volinv,21,0.8767038746566495,1.1729032922118285,0.23875598581254875,-0.2536663262592337,0.5822784810126582,37.32674926070318,0.19911950419326047,2404
raw,90,2,0.2,equal,1,0.05795630563336632,0.0775023141075202,,-0.3997241142518061,0.4810126582278481,141.49093081667127,0.7091783961127396,2404
raw,90,2,0.2,equal,5,0.3086901349917538,0.43395447278630606,,-0.4675617416056549,0.5316455696202531,64.9045550433311,0.3285486621541875,2404
raw,90,2,0.2,equal,10,0.30040165585853057,0.42561197173793647,,-0.3960774350740619,0.569620253164557,46.045233452870534,0.23268112173306335,2404
raw,90,2,0.2,equal,21,0.6281659731462067,0.8989476699560199,-0.09152245371393296,-0.3406494529348698,0.5949367088607594,31.843663231726723,0.16186078391974965,2404
raw,90,2,0.2,rank,1,0.11691990167951387,0.1548359960988726,,-0.39122449868477527,0.4810126582278481,142.21978857299953,0.6928533228960054,2404
raw,90,2,0.2,rank,5,0.3523151127353667,0.5070086718181432,,-0.45375271153651797,0.5569620253164557,64.51044007161582,0.3226371086917448,2404
raw,90,2,0.2,rank,10,0.33874181224192607,0.49418308911888054,,-0.3814022798820298,0.5316455696202531,45.549227497865374,0.2287977948976408,2404
raw,90,2,0.2,rank,21,0.7055179905037274,1.0299648603616263,0.04987107176653462,-0.3265232010291379,0.5949367088607594,31.464904748144985,0.15983631880195426,2404
raw,90,2,0.2,volinv,1,0.05876076659630224,0.07741145917063547,,-0.4378994708007369,0.5189873417721519,176.10635058988362,0.8450030764509726,2404
raw,90,2,0.2,volinv,5,0.522411256479255,0.7144753893550124,,-0.4536546842383681,0.5822784810126582,76.38333684785651,0.3717509774198231,2404
raw,90,2,0.2,volinv,10,0.548089030763347,0.7714347109456924,,-0.36315372174217087,0.569620253164557,52.71492690980815,0.25646753430957925,2404
raw,90,2,0.2,volinv,21,0.7831072176820935,1.1154080456517563,0.07435042863142259,-0.32470438154995884,0.569620253164557,34.843718652997666,0.17236700065017913,2404
raw,90,2,0.3,equal,1,0.23811834819517197,0.3225691683846018,,-0.4280801819810227,0.5063291139240507,118.32245968262214,0.567639846047874,2404
raw,90,2,0.3,equal,5,0.3828566747313833,0.539499945241371,,-0.4476049569219558,0.5063291139240507,56.556323299426815,0.2750472555685101,2404
raw,90,2,0.3,equal,10,0.48842559505177185,0.6888005749814048,,-0.360779353095511,0.5443037974683544,40.43302226227339,0.1962090230758412,2404
raw,90,2,0.3,equal,21,0.5795929541274699,0.828364025957325,,-0.33646622285641115,0.569620253164557,28.62347619166134,0.13927140806143165,2404
raw,90,2,0.3,rank,1,0.2552041854436402,0.3427622017931062,,-0.4029568303033958,0.4936708860759494,123.20464579500998,0.568605491128209,2404
raw,90,2,0.3,rank,5,0.4316761620961436,0.6345783809500635,,-0.43583885660859456,0.5063291139240507,57.48735406220904,0.27490817416777924,2404
raw,90,2,0.3,rank,10,0.4910420016418536,0.7257432454803815,,-0.35759425143034984,0.569620253164557,40.8834487786277,0.1968231081354395,2404
raw,90,2,0.3,rank,21,0.6794128877435868,0.996656853710754,-0.023564608343190133,-0.32902142754160046,0.569620253164557,28.758841502253862,0.14013112828956578,2404
raw,90,2,0.3,volinv,1,0.1767453335771453,0.2395543337158819,,-0.4512117686996818,0.4936708860759494,147.89922096721904,0.6819855136801287,2404
raw,90,2,0.3,volinv,5,0.5059056762485684,0.7232258671168792,,-0.42049656872952434,0.5443037974683544,67.36586845174236,0.31547200791383945,2404
raw,90,2,0.3,volinv,10,0.6365023395999629,0.9305588649390303,0.010099424500019773,-0.3305510640561343,0.5949367088607594,46.87861813940599,0.21905586983603714,2404
raw,90,2,0.3,volinv,21,0.6693019285259327,0.9415252598341617,-0.004338752566072184,-0.3274913111163561,0.569620253164557,31.502816640883047,0.14935503633211047,2404
raw,90,7,0.1,equal,1,0.20965995668133675,0.30384148787803916,,-0.4501511334272953,0.5063291139240507,160.55673051777325,0.8761867552650497,2404
raw,90,7,0.1,equal,5,0.26688010464386824,0.36044732759454773,,-0.3431068203513977,0.5063291139240507,72.4469349496816,0.397642596902533,2404
raw,90,7,0.1,equal,10,0.28239834465485764,0.3758124688622841,,-0.31928928448075666,0.5189873417721519,51.907943020922616,0.28794275948631276,2404
raw,90,7,0.1,equal,21,0.5061400235545847,0.7617907676888935,,-0.34150502048944387,0.5063291139240507,34.55723597326134,0.190855959772707,2404
raw,90,7,0.1,rank,1,0.21452409885787427,0.3095042087067838,,-0.4436818679025675,0.4810126582278481,161.33301293677857,0.8646381408481196,2404
raw,90,7,0.1,rank,5,0.2928056534107324,0.4008436757469368,,-0.3346265888896047,0.5316455696202531,72.2470640093593,0.3935521861450188,2404
raw,90,7,0.1,rank,10,0.3068978858453682,0.4144367052333559,,-0.3150784374238216,0.5063291139240507,51.549279295224075,0.2851723646978869,2404
raw,90,7,0.1,rank,21,0.5208189837256068,0.7811229695901727,,-0.336220923421479,0.4936708860759494,34.29062731903781,0.18945277713028252,2404
raw,90,7,0.1,volinv,1,0.3259876906463751,0.47110928986597217,,-0.42856739968791124,0.46835443037974683,200.40969982664174,1.0352269457282643,2404
raw,90,7,0.1,volinv,5,0.4859904605436192,0.6538503288600666,,-0.31687249359452996,0.5316455696202531,86.57455680059513,0.45273247614497925,2404
raw,90,7,0.1,volinv,10,0.518645274726065,0.7014878012843665,,-0.30993175304790843,0.5316455696202531,59.0412555164487,0.31234437619712874,2404
raw,90,7,0.1,volinv,21,0.7253450298791042,1.0599620412103794,0.051686163846707184,-0.31491742403765643,0.5443037974683544,37.87435189429721,0.20252893758914398,2404
raw,90,7,0.2,equal,1,0.17072478679922182,0.22826476309846877,,-0.3853218723820415,0.5063291139240507,140.31473809147414,0.7032937083343636,2404
raw,90,7,0.2,equal,5,0.26408318770780165,0.37681282855308496,,-0.3571082085590451,0.5569620253164557,64.94046558699428,0.32982785689907557,2404
raw,90,7,0.2,equal,10,0.26149527459049,0.3484985740568723,,-0.39802833932246895,0.5443037974683544,45.81945164479986,0.23196108189384218,2404
raw,90,7,0.2,equal,21,0.18162582815155429,0.26401925369171286,,-0.3666899942500387,0.5569620253164557,32.34724537765452,0.16348257261806054,2404
raw,90,7,0.2,rank,1,0.1653075062093874,0.21646571883978424,,-0.39415810634876325,0.5316455696202531,141.16870147216588,0.6876244987344824,2404
raw,90,7,0.2,rank,5,0.3148939402774763,0.4613629463267518,,-0.35219359260843763,0.5443037974683544,64.45001278183811,0.32303345511607345,2404
raw,90,7,0.2,rank,10,0.305784956239922,0.41392759354262154,,-0.38761736523240753,0.5569620253164557,45.401728346367875,0.2288697977820162,2404
raw,90,7,0.2,rank,21,0.25858307900887656,0.3872494353837596,,-0.36251403163218854,0.5569620253164557,32.00138560962676,0.16180138734671945,2404
raw,90,7,0.2,volinv,1,0.2509730464761954,0.33063888078521597,,-0.4171406173677773,0.5569620253164557,173.18139237840978,0.8300648969379018,2404
raw,90,7,0.2,volinv,5,0.5322063023868865,0.7537831076586963,,-0.3184329965684558,0.5822784810126582,76.05090091774785,0.3705232081699019,2404
raw,90,7,0.2,volinv,10,0.48701320955287536,0.6461237138384697,,-0.38167485078055374,0.6075949367088608,52.26648069954783,0.25464633880979093,2404
raw,90,7,0.2,volinv,21,0.30050957098242365,0.42075608903132333,,-0.3646190217307569,0.5822784810126582,35.50267349475659,0.17450527842310964,2404
raw,90,7,0.3,equal,1,0.23564341670741126,0.3091933515212828,,-0.351069377695865,0.4810126582278481,115.88073797738659,0.5520046975669741,2404
raw,90,7,0.3,equal,5,0.3260117987637396,0.45926740874041483,,-0.37139226197713904,0.5063291139240507,56.05995299648182,0.2705221688308417,2404
raw,90,7,0.3,equal,10,0.2457770691609718,0.3431021616675249,,-0.3987583767267735,0.4810126582278481,40.175551626325934,0.19414868746225455,2404
raw,90,7,0.3,equal,21,0.03164370823645163,0.04607168689495374,,-0.38477958390186906,0.5443037974683544,29.051992090012167,0.1403474863938058,2404
raw,90,7,0.3,rank,1,0.21561673849628665,0.2800165626840382,,-0.3752678801746555,0.5063291139240507,121.45607168943364,0.5574655310707668,2404
raw,90,7,0.3,rank,5,0.3702347365821664,0.545705880675984,,-0.3632281112701844,0.5569620253164557,57.1495631254004,0.2719347566810941,2404
raw,90,7,0.3,rank,10,0.32249938420944196,0.44982603986097297,,-0.38237311625546244,0.5569620253164557,40.64568243293608,0.19561297604336264,2404
raw,90,7,0.3,rank,21,0.17150409714586423,0.26037236552851906,,-0.3519720484634643,0.5189873417721519,29.178609423391123,0.14122521517073966,2404
raw,90,7,0.3,volinv,1,0.2591839890637137,0.3431682547426731,,-0.3908540604985683,0.5189873417721519,144.86656478960927,0.6633132965059381,2404
raw,90,7,0.3,volinv,5,0.5717943392464658,0.8393581939181337,,-0.3285869143983303,0.5569620253164557,66.2961825468809,0.30798145994372045,2404
raw,90,7,0.3,volinv,10,0.42033622535805176,0.5969235281347448,,-0.38004949412719435,0.5316455696202531,46.201541490087784,0.21557359721339336,2404
raw,90,7,0.3,volinv,21,0.13101380060443915,0.18231972003785687,,-0.4072739878525127,0.5822784810126582,32.021616496299046,0.1508020168761636,2404
raw,120,0,0.1,equal,1,0.2111437951470579,0.28042908874911465,,-0.29343590256896146,0.43037974683544306,142.23353390095707,0.7628853366424978,2404
raw,120,0,0.1,equal,5,0.5308743765822109,0.7279111332456765,,-0.25045119525604964,0.4936708860759494,62.39256006552853,0.33817170516900635,2404
raw,120,0,0.1,equal,10,0.5488465925933278,0.7679564760493772,,-0.26649712596020403,0.5063291139240507,45.71235525231623,0.2525932978599392,2404
raw,120,0,0.1,equal,21,0.5417729341052824,0.7489740249094903,,-0.33890945912308756,0.5063291139240507,30.855003334281133,0.16964826018022955,2404
raw,120,0,0.1,rank,1,0.22666133887199819,0.3025440035536111,,-0.2830920502724422,0.43037974683544306,143.07496823913002,0.7534770717156255,2404
raw,120,0,0.1,rank,5,0.5351097004940554,0.7407081974652937,,-0.24974234219819724,0.4810126582278481,62.52572675563762,0.3359760316641668,2404
raw,120,0,0.1,rank,10,0.5573371659289634,0.7882634120100396,,-0.26542975102761746,0.5316455696202531,45.593907700185625,0.25093608394698796,2404
raw,120,0,0.1,rank,21,0.5639868706232797,0.7905523748380615,,-0.3324268746433162,0.4936708860759494,30.68397900622102,0.16864213435759234,2404
raw,120,0,0.1,volinv,1,0.11924097875038327,0.1585523130817205,,-0.32672148305718063,0.46835443037974683,179.60763142615048,0.9151693110258644,2404
raw,120,0,0.1,volinv,5,0.5494202693554362,0.7478774326088917,,-0.26448740656988645,0.5316455696202531,75.18414554049677,0.3891560770600378,2404
raw,120,0,0.1,volinv,10,0.726212521643354,1.0083569108945223,0.04485330443993378,-0.24416347085577972,0.569620253164557,53.21069096239446,0.28103389356888697,2404
raw,120,0,0.1,volinv,21,0.6692044527760642,0.9287955716707086,-0.0798993204913488,-0.31944486377021153,0.5949367088607594,34.146920520273284,0.1809711517783053,2404
raw,120,0,0.2,equal,1,0.4239406276031848,0.6007272306679913,,-0.24409318356137,0.5063291139240507,120.66586928687543,0.598247802656095,2404
raw,120,0,0.2,equal,5,0.4484489745571232,0.6285038382897884,,-0.2759934818796813,0.4936708860759494,55.29670471748632,0.27710784296949265,2404
raw,120,0,0.2,equal,10,0.4655081134741297,0.6352757730020786,,-0.3117205055554585,0.5189873417721519,40.35637927480633,0.20418673697611012,2404
raw,120,0,0.2,equal,21,0.2370244918212846,0.2596381660849425,,-0.3072599099176565,0.5316455696202531,28.091344946670336,0.14110090601181785,2404
raw,120,0,0.2,rank,1,0.4577642998286176,0.6512829667688823,,-0.2431578818455784,0.4810126582278481,121.34982801376515,0.5838835470550044,2404
raw,120,0,0.2,rank,5,0.4975110427824672,0.6994682171876866,,-0.27695696533357517,0.5063291139240507,55.00498244893365,0.2716849773229464,2404
raw,120,0,0.2,rank,10,0.472973875266612,0.6482174791704565,,-0.3271629554079335,0.569620253164557,39.98987127848092,0.2011176647175405,2404
raw,120,0,0.2,rank,21,0.28164573756376854,0.3090855038152696,,-0.2878744080874125,0.5316455696202531,27.710707456882623,0.1392295753091849,2404
raw,120,0,0.2,volinv,1,0.5387394928310821,0.7626094331825427,,-0.22825038307154077,0.5443037974683544,151.89401626051833,0.719884240686955,2404
raw,120,0,0.2,volinv,5,0.7118155826451548,1.0278337872024883,0.004198868193382163,-0.235226982029195,0.5569620253164557,66.49677824581538,0.3199584544173857,2404
raw,120,0,0.2,volinv,10,0.7232802652562584,1.0277871479151506,0.02502234833299642,-0.2654322602149395,0.5949367088607594,47.06497628306955,0.228724708483421,2404
raw,120,0,0.2,volinv,21,0.4075629016445899,0.4456151964985245,,-0.32449536570502313,0.6075949367088608,30.94097294333793,0.15064528176911024,2404
raw,120,0,0.3,equal,1,0.36503198360616207,0.5099519110374541,,-0.32829156342158794,0.4936708860759494,101.7048886735324,0.48153456759815916,2404
raw,120,0,0.3,equal,5,0.32230599592626785,0.4418997782082409,,-0.3281411793174196,0.4936708860759494,48.38580914876771,0.2309456545571124,2404
raw,120,0,0.3,equal,10,0.3985993588219347,0.5385648623993563,,-0.30624289313127273,0.5316455696202531,35.40860759460536,0.1703394604352325,2404
raw,120,0,0.3,equal,21,0.3926544654582727,0.49686751907144877,,-0.30534159329166444,0.5443037974683544,25.13895765723657,0.12086335128394692,2404
raw,120,0,0.3,rank,1,0.43163269159601,0.6073722736921507,,-0.2936471537241979,0.4936708860759494,105.92553921233672,0.4821616710913291,2404
raw,120,0,0.3,rank,5,0.42884118706459606,0.5955219826482652,,-0.29273648413653075,0.5063291139240507,49.118949249886604,0.23032536881686416,2404
raw,120,0,0.3,rank,10,0.452297998079654,0.6177371258616292,,-0.31515034383150553,0.5316455696202531,35.69084680424496,0.1708215331886546,2404
raw,120,0,0.3,rank,21,0.39742132599988017,0.4886627436720055,,-0.286968947224723,0.5316455696202531,25.17175055557864,0.1212378509496923,2404
raw,120,0,0.3,volinv,1,0.45627118473101935,0.6556011494790259,,-0.3500328631668679,0.5316455696202531,129.1268438691818,0.5887003587506167,2404
raw,120,0,0.3,volinv,5,0.5371341900402884,0.742281052701032,,-0.29608428588762126,0.5316455696202531,58.696861933043266,0.2708052793119441,2404
raw,120,0,0.3,volinv,10,0.6391728385368073,0.886637852117924,-0.012137991814304524,-0.27635833448498714,0.6075949367088608,41.389058024130115,0.19230733771088707,2404
raw,120,0,0.3,volinv,21,0.6433426406101951,0.8236050034446113,-0.012378187412296964,-0.32245332793546655,0.5822784810126582,28.04373660202436,0.1311517930922299,2404
raw,120,2,0.1,equal,1,0.21698340958103965,0.28606334914539044,,-0.30286826512183984,0.46835443037974683,142.95618752719662,0.7730592971682311,2404
raw,120,2,0.1,equal,5,0.3731934537882505,0.5210155593593775,,-0.3152371791896844,0.5189873417721519,63.976028062342536,0.34776194745642114,2404
raw,120,2,0.1,equal,10,0.5004565549111304,0.7106276200869631,,-0.3440843041558599,0.5569620253164557,46.87203377408429,0.2588305177638353,2404
raw,120,2,0.1,equal,21,0.49462612235722464,0.7138404173922456,,-0.2820452357837179,0.5063291139240507,30.474924014505714,0.16804329331379003,2404
raw,120,2,0.1,rank,1,0.22074190830884644,0.2936694513726418,,-0.30422148811687455,0.45569620253164556,144.01446429912042,0.7645843656456042,2404
raw,120,2,0.1,rank,5,0.3546843914320946,0.497589269057253,,-0.3272679419891892,0.5189873417721519,63.99364879504742,0.34491644355054407,2404
raw,120,2,0.1,rank,10,0.5079264025608192,0.7280844020269842,,-0.3416390256080768,0.5822784810126582,46.59251500783391,0.25656776381307556,2404
raw,120,2,0.1,rank,21,0.5333030949176888,0.7825554246208724,,-0.2751953154774319,0.5316455696202531,30.31884781659662,0.16702393898005868,2404
raw,120,2,0.1,volinv,1,0.22232243964952614,0.29222392742852393,,-0.2858433999369552,0.5189873417721519,180.11690662408532,0.9218480422947766,2404
raw,120,2,0.1,volinv,5,0.5964728205501074,0.824347038693245,,-0.26434004071533534,0.5443037974683544,77.13705499389265,0.39979445109819,2404
raw,120,2,0.1,volinv,10,0.753398906872159,1.0577953678586514,0.08627713961378056,-0.29561321826663445,0.5949367088607594,54.42474940974941,0.2871798455524791,2404
raw,120,2,0.1,volinv,21,0.6151414633892381,0.8700914089005964,-0.1548836110178186,-0.2677317604701154,0.5569620253164557,33.67504560552992,0.179275472447954,2404
raw,120,2,0.2,equal,1,0.5796257875814568,0.830522481365441,,-0.25502380155433946,0.4936708860759494,120.95135535269189,0.6032069897518404,2404
raw,120,2,0.2,equal,5,0.4014711135085737,0.5723530558500785,,-0.34105945440095076,0.5316455696202531,57.3364060239745,0.2882395200627318,2404
raw,120,2,0.2,equal,10,0.4967099053358154,0.6783924739128514,,-0.2913194303454205,0.569620253164557,41.075648583942,0.2076897384484055,2404
raw,120,2,0.2,equal,21,0.6551817374207647,0.9488605738771799,-0.09292472107494985,-0.27586379760703794,0.6075949367088608,28.198946632820117,0.14181897129705118,2404
raw,120,2,0.2,rank,1,0.5703706632122655,0.8122291317462683,,-0.26742746237413473,0.46835443037974683,121.84320522183121,0.5893076787520801,2404
raw,120,2,0.2,rank,5,0.40957664191851856,0.5847811686410308,,-0.33775284802273764,0.5443037974683544,56.709393759641365,0.28124646102004525,2404
raw,120,2,0.2,rank,10,0.5009424535093591,0.6903223148543282,,-0.30137676677970127,0.5822784810126582,40.68622622926764,0.20467736655041888,2404
raw,120,2,0.2,rank,21,0.6764064991766618,0.9899903344778972,-0.0587879810447655,-0.27502348157120227,0.5949367088607594,27.74523105044442,0.1394333744106675,2404
raw,120,2,0.2,volinv,1,0.7120519667284714,1.038057990053925,-0.019927170494237905,-0.23559199051153623,0.5316455696202531,152.22309869423205,0.7238048074290702,2404
raw,120,2,0.2,volinv,5,0.5849750852992871,0.8335648549004098,,-0.3061713183900331,0.6075949367088608,68.0183136893447,0.3282471905572387,2404
raw,120,2,0.2,volinv,10,0.6970260255007469,0.9654735669193547,-0.04151623950074038,-0.26160406888002863,0.6455696202531646,47.42054160867133,0.2307628700706411,2404
raw,120,2,0.2,volinv,21,0.6955424448517529,0.9796052438259553,-0.008552257451287536,-0.27723373230291637,0.5822784810126582,31.23085570516427,0.15213079324003467,2404
raw,120,2,0.3,equal,1,0.21674322437967394,0.29739284573932595,,-0.3609578128189097,0.45569620253164556,102.08463658578077,0.483583910859952,2404
raw,120,2,0.3,equal,5,0.39497586380089034,0.542091335107692,,-0.3387431308713076,0.5063291139240507,49.83457841916322,0.23891943096388732,2404
raw,120,2,0.3,equal,10,0.4906610215244572,0.6698738042159638,,-0.26983865689228315,0.5063291139240507,35.74029838948634,0.17239986320500306,2404
raw,120,2,0.3,equal,21,0.5245347112709858,0.7128184232829466,,-0.3392235174461007,0.5443037974683544,24.811868426190312,0.11914904059308157,2404
raw,120,2,0.3,rank,1,0.3435357997698024,0.47916479204989393,,-0.31485705279542886,0.4810126582278481,106.36715288327521,0.4847654589023438,2404
raw,120,2,0.3,rank,5,0.4166445345386671,0.5844434513034389,,-0.3346512190867683,0.4936708860759494,50.427068148343594,0.23777879293972176,2404
raw,120,2,0.3,rank,10,0.5173901445876813,0.7163490227502839,,-0.2784186551820884,0.5569620253164557,36.144803575117145,0.17342411838109578,2404
raw,120,2,0.3,rank,21,0.5905588380726907,0.8287784322359716,,-0.30472606573149275,0.5443037974683544,24.795397439408468,0.1192272886598698,2404
raw,120,2,0.3,volinv,1,0.3274228832549047,0.45333748019780334,,-0.3756685630332123,0.5189873417721519,130.2960647374548,0.5934490771885443,2404
raw,120,2,0.3,volinv,5,0.5774137137332158,0.7918294694977364,,-0.2640839561396905,0.569620253164557,60.38005614384815,0.2792211833938346,2404
raw,120,2,0.3,volinv,10,0.6808649859352615,0.9437859970686605,-0.015082619960305674,-0.2363941029534986,0.5569620253164557,42.16239588355404,0.19611948719871675,2404
raw,120,2,0.3,volinv,21,0.6444858511938935,0.8632027346115495,-0.04555079608677283,-0.37994103149413716,0.5949367088607594,27.777002297659525,0.12982339660126474,2404
raw,120,7,0.1,equal,1,0.1903348712543338,0.26121107611001204,,-0.3474056903064485,0.5189873417721519,144.00071695640662,0.7837209257692743,2404
raw,120,7,0.1,equal,5,0.5391268246333067,0.8318049861291128,,-0.33865823136006157,0.5822784810126582,63.56027279477778,0.3497913606417622,2404
raw,120,7,0.1,equal,10,0.5486166331411659,0.9789445949671463,,-0.2506683995741589,0.5189873417721519,44.649264104342045,0.2473231589046604,2404
raw,120,7,0.1,equal,21,0.32551914618327443,0.4068468118507952,,-0.31036560021839055,0.6075949367088608,30.556414559063327,0.17069974142970668,2404
raw,120,7,0.1,rank,1,0.1946005277594213,0.2692515516714284,,-0.3488450566177359,0.5316455696202531,144.98215314787538,0.7747921870838888,2404
raw,120,7,0.1,rank,5,0.5196294617493108,0.8056292913522117,,-0.33462615269550666,0.5822784810126582,63.58985638662188,0.346950080968495,2404
raw,120,7,0.1,rank,10,0.5527264964138499,1.009597173599465,,-0.2503705236104169,0.5063291139240507,44.47272665559567,0.24544716294566285,2404
raw,120,7,0.1,rank,21,0.31597422018340976,0.395081852218939,,-0.33142131239119466,0.6075949367088608,30.414115055198977,0.16974943794650715,2404
raw,120,7,0.1,volinv,1,0.35534850791206885,0.491250321190309,,-0.30893788485597395,0.5063291139240507,180.05534944906645,0.9243200552391329,2404
raw,120,7,0.1,volinv,5,0.7720018618846259,1.1924617725154618,0.10547914691893064,-0.3134036308582441,0.5443037974683544,76.5097485737466,0.39904944141357956,2404
raw,120,7,0.1,volinv,10,0.7230891121938032,1.3168017578251123,0.10783960527143824,-0.21181661078933434,0.5316455696202531,51.94951450723461,0.27335571097687217,2404
raw,120,7,0.1,volinv,21,0.5449265313772854,0.6746543099729031,,-0.29923487684183037,0.620253164556962,33.37330743128351,0.1796755298357913,2404
raw,120,7,0.2,equal,1,0.36865823696730327,0.5321292321885687,,-0.2958192441643178,0.5063291139240507,121.60784370745043,0.6090681730709864,2404
raw,120,7,0.2,equal,5,0.4258264987695334,0.6033131759572752,,-0.28156172825444936,0.5569620253164557,57.18924244947847,0.28950268532980594,2404
raw,120,7,0.2,equal,10,0.09886522677008218,0.13004733944309885,,-0.3329741983133321,0.5316455696202531,41.0434423010449,0.20829331850478872,2404
raw,120,7,0.2,equal,21,0.4628550458655208,0.651779558983534,,-0.3339555415639397,0.5189873417721519,27.761955916325366,0.14043996126419614,2404
raw,120,7,0.2,rank,1,0.3838942700407978,0.5588720614032565,,-0.30393436676301155,0.5063291139240507,122.6814424193817,0.5962722635846734,2404
raw,120,7,0.2,rank,5,0.45151016495309265,0.6497789357302169,,-0.28952633172580944,0.5569620253164557,56.75244460991501,0.2832981129710097,2404
raw,120,7,0.2,rank,10,0.18120709620522427,0.2450762338536719,,-0.3295143382898741,0.5443037974683544,40.699944325099054,0.20522735038329526,2404
raw,120,7,0.2,rank,21,0.5013546092634399,0.7159020118232274,,-0.33689923509085706,0.5316455696202531,27.480222325746677,0.13920346897231506,2404
raw,120,7,0.2,volinv,1,0.4699928379840032,0.6697448122450671,,-0.3111624851889425,0.5822784810126582,152.1610474002878,0.7254771239952049,2404
raw,120,7,0.2,volinv,5,0.6767279548981462,0.9541883526531756,0.022464841261092546,-0.23285113696547632,0.620253164556962,67.83740847232805,0.3283782585713585,2404
raw,120,7,0.2,volinv,10,0.3487789889475039,0.4558525907797856,,-0.2808957924360995,0.569620253164557,47.21552137990963,0.22935278584359386,2404
raw,120,7,0.2,volinv,21,0.6120844082257829,0.8455168257856078,-0.09462084479986949,-0.3682495794881717,0.569620253164557,30.73284122796429,0.15048246659661557,2404
raw,120,7,0.3,equal,1,0.5601665532234839,0.8262226623708654,,-0.26810120963481654,0.5063291139240507,103.33877339858165,0.4916000951927252,2404
raw,120,7,0.3,equal,5,0.4187674359454183,0.6012407799376889,,-0.24711584145581778,0.5189873417721519,49.303535220591506,0.2373526169469063,2404
raw,120,7,0.3,equal,10,0.31785802288863463,0.4209463234021844,,-0.2675324021719683,0.5189873417721519,36.21591653379211,0.17531136693319352,2404
raw,120,7,0.3,equal,21,0.43458910173351417,0.5748908797419718,,-0.3825191511366547,0.5316455696202531,25.225445662676393,0.12133440327295211,2404
raw,120,7,0.3,rank,1,0.5237480142601662,0.7715973878478695,,-0.2882613357857967,0.5189873417721519,107.2600190693594,0.4911399811088383,2404
raw,120,7,0.3,rank,5,0.4481346991714657,0.6508679567573131,,-0.2656826854726846,0.5189873417721519,50.08096444669209,0.23744370438166654,2404
raw,120,7,0.3,rank,10,0.331909743780762,0.4513770905283114,,-0.26067604517037735,0.569620253164557,36.5151673461499,0.17569850254941333,2404
raw,120,7,0.3,rank,21,0.4894843204112685,0.6746621292003784,,-0.37634551857531373,0.5443037974683544,25.135030384698346,0.12126965383935966,2404
raw,120,7,0.3,volinv,1,0.6604305508039201,0.9766135842476332,-0.01938657148258213,-0.2624172151249401,0.5189873417721519,130.49880851896378,0.5954407684134043,2404
raw,120,7,0.3,volinv,5,0.648195570282978,0.9386586743486395,-0.0055685220790876976,-0.22533128641630618,0.5822784810126582,59.56998737208613,0.2757628083605815,2404
raw,120,7,0.3,volinv,10,0.6104075130517019,0.8304061610654487,-0.031070901856128656,-0.22795477658635166,0.6075949367088608,42.451830762879155,0.1979122799096719,2404
raw,120,7,0.3,volinv,21,0.678894683750843,0.9266513307737754,0.0002903301121412543,-0.4015864361971825,0.5569620253164557,28.243756496004938,0.13215288941734743,2404
raw,180,0,0.1,equal,1,-0.12960410156063998,-0.1642556801018375,,-0.3909316490812126,0.4430379746835443,124.27829489806464,0.6712475269353867,2404
raw,180,0,0.1,equal,5,0.0071991884195114954,0.009636191458529335,,-0.3362620474931195,0.4936708860759494,56.87830691169184,0.31134857844943814,2404
raw,180,0,0.1,equal,10,-0.12646256221633054,-0.1600897469406207,,-0.38433479788224345,0.4936708860759494,39.79968483544936,0.21888212997197182,2404
raw,180,0,0.1,equal,21,0.10157495439555676,0.1106578854608365,,-0.34913647932648484,0.5443037974683544,27.70365097889995,0.15050639556288026,2404
raw,180,0,0.1,rank,1,-0.11839568521309807,-0.14876494692012238,,-0.3875134816567013,0.4430379746835443,125.23174235482738,0.6637311883240318,2404
raw,180,0,0.1,rank,5,0.024793773057014166,0.033240072867039956,,-0.34677760687446546,0.4810126582278481,56.87882131563012,0.3083953143056929,2404
raw,180,0,0.1,rank,10,-0.11494144360191928,-0.14649067092324314,,-0.3825338491417283,0.5063291139240507,39.577674354481466,0.21652655134495005,2404
raw,180,0,0.1,rank,21,0.09140304616044648,0.09871849200509199,,-0.3547446993424521,0.5443037974683544,27.39679994943845,0.14857453748736404,2404
raw,180,0,0.1,volinv,1,-0.18719831157223915,-0.23631081272461213,,-0.4318349412457825,0.45569620253164556,158.1068998920495,0.8045466759076849,2404
raw,180,0,0.1,volinv,5,0.015507626106392147,0.02076036067520005,,-0.30898461764207286,0.4936708860759494,68.50642598999846,0.3559023977385545,2404
raw,180,0,0.1,volinv,10,-0.16089913899061672,-0.19608395373944185,,-0.39051617348249823,0.5063291139240507,45.83904328470081,0.23996714691546045,2404
raw,180,0,0.1,volinv,21,0.07246331150876481,0.08082008952872695,,-0.344149097307356,0.5569620253164557,31.264889531186437,0.1643025237304987,2404
raw,180,0,0.2,equal,1,-0.30272485315527997,-0.3748114030847756,,-0.4081423235580831,0.43037974683544306,97.96291966206614,0.4815385979306403,2404
raw,180,0,0.2,equal,5,0.037435327973330386,0.050373399599476405,,-0.31413036335090416,0.46835443037974683,45.129805229082706,0.2235077791826388,2404
raw,180,0,0.2,equal,10,0.03340933024420383,0.04399058093832683,,-0.3371106156105933,0.46835443037974683,33.85041143816307,0.16975229151436327,2404
raw,180,0,0.2,equal,21,0.12478179346290601,0.18282348837647008,,-0.4918757590913432,0.569620253164557,23.692689704853098,0.11724664824799252,2404
raw,180,0,0.2,rank,1,-0.34235699327042707,-0.4055423924275888,,-0.43436171235631804,0.43037974683544306,99.85792189201469,0.4756042121797418,2404
raw,180,0,0.2,rank,5,0.004771571587657391,0.0063989009698215945,,-0.33764341310671797,0.45569620253164556,45.25008637832034,0.22071947972589556,2404
raw,180,0,0.2,rank,10,-0.03283710907754481,-0.043198580895980936,,-0.3664556397343518,0.45569620253164556,33.446935283201235,0.16629247529406457,2404
raw,180,0,0.2,rank,21,0.14505839496696812,0.20895331508528764,,-0.45954769946408447,0.5569620253164557,23.38450161214526,0.11569408123885419,2404
raw,180,0,0.2,volinv,1,-0.13269900743156113,-0.17981470856897738,,-0.39632938432541676,0.45569620253164556,123.91511987420273,0.5796953199963006,2404
raw,180,0,0.2,volinv,5,0.18764438473227626,0.2533364865333462,,-0.3135486895446228,0.4936708860759494,54.89362725617224,0.259684792634925,2404
raw,180,0,0.2,volinv,10,0.14129674460423988,0.18485098312403553,,-0.35010525745184107,0.4936708860759494,39.86716592022199,0.1908515578640436,2404
raw,180,0,0.2,volinv,21,0.09190392244309391,0.13053917032220008,,-0.4635314212905963,0.5189873417721519,26.183012845788745,0.12565509136584224,2404
raw,180,0,0.3,equal,1,-0.3780113569703559,-0.4579918728333115,,-0.45933222999036627,0.4177215189873418,85.18694040284325,0.4040007180238948,2404
raw,180,0,0.3,equal,5,0.07394379398683304,0.10110256298076689,,-0.33879454140509824,0.4936708860759494,40.76683485658096,0.19440522170366797,2404
raw,180,0,0.3,equal,10,0.07809914981435886,0.10406804348383292,,-0.330009308234962,0.46835443037974683,29.9417048264986,0.14367562494929645,2404
raw,180,0,0.3,equal,21,0.3075913978652749,0.45180822711484464,,-0.36375173489664725,0.5063291139240507,21.702006374731507,0.1041716571504471,2404
raw,180,0,0.3,rank,1,-0.40551514766312885,-0.474372803943859,,-0.46705561451180244,0.43037974683544306,88.17226173239725,0.4005604023611082,2404
raw,180,0,0.3,rank,5,0.03021035928512252,0.04114779136865815,,-0.32467489566047536,0.46835443037974683,40.917834048408054,0.19100523198853853,2404
raw,180,0,0.3,rank,10,-0.018528182516444915,-0.024404753340999882,,-0.35493518386214573,0.46835443037974683,29.950168708289056,0.14225561192043773,2404
raw,180,0,0.3,rank,21,0.2675127533475187,0.39095640179713537,,-0.3766348257980988,0.5063291139240507,21.531683669235992,0.10284355324538727,2404
raw,180,0,0.3,volinv,1,-0.11480474956209694,-0.15385579987293566,,-0.4159885087369093,0.5063291139240507,107.66806836635698,0.4899166361741467,2404
raw,180,0,0.3,volinv,5,0.30828959625063074,0.4324285802802306,,-0.3233191893192038,0.4936708860759494,49.30760027231054,0.22633990932249576,2404
raw,180,0,0.3,volinv,10,0.28578176331343513,0.4009057888525666,,-0.2970257941086719,0.5063291139240507,35.39074870995667,0.1636129304099992,2404
raw,180,0,0.3,volinv,21,0.2897992157566346,0.40812061553944007,,-0.3542594299940921,0.5063291139240507,24.23264584440676,0.11303634048435215,2404
raw,180,2,0.1,equal,1,0.28016577926849145,0.39376966712046146,,-0.30836233952767833,0.4936708860759494,123.28755578266195,0.6646591153040107,2404
raw,180,2,0.1,equal,5,0.11810387276223121,0.1699054127933367,,-0.3475197213967798,0.46835443037974683,56.11706305138208,0.3066094703464102,2404
raw,180,2,0.1,equal,10,-0.0071828911225791684,-0.009049564527101839,,-0.31601319081638735,0.4810126582278481,39.827251876523306,0.2181666484083122,2404
raw,180,2,0.1,equal,21,-0.16680975916548577,-0.1803427311252276,,-0.47109919869133277,0.4810126582278481,27.3853691409756,0.14909003816412314,2404
raw,180,2,0.1,rank,1,0.2833832556065921,0.3941872019695333,,-0.3132577240601172,0.5063291139240507,124.29827061526751,0.6574218268596932,2404
raw,180,2,0.1,rank,5,0.12435716749611764,0.1776819089922943,,-0.3440349672016747,0.46835443037974683,55.989826013883786,0.30317116065441607,2404
raw,180,2,0.1,rank,10,0.0045841329835091945,0.0058300511675055105,,-0.3254155389738693,0.4936708860759494,39.59321364061234,0.215874188544348,2404
raw,180,2,0.1,rank,21,-0.157168201916644,-0.16864689801190225,,-0.47534025823306514,0.4810126582278481,27.075098781011935,0.147108724203305,2404
raw,180,2,0.1,volinv,1,0.17413159249021473,0.23983737360375626,,-0.32516497566719926,0.43037974683544306,156.9845564321487,0.7964998162614427,2404
raw,180,2,0.1,volinv,5,0.22703615324670512,0.3242475838558796,,-0.34679155170973763,0.45569620253164556,67.6427572799151,0.34947962892948503,2404
raw,180,2,0.1,volinv,10,-0.011294115353183417,-0.013715072346818792,,-0.29259772684558116,0.5063291139240507,46.37697116214677,0.2415366630638791,2404
raw,180,2,0.1,volinv,21,-0.14800653824227397,-0.16277215191559624,,-0.4315858173271093,0.4810126582278481,30.636401358251074,0.1614141232974084,2404
raw,180,2,0.2,equal,1,-0.35907727845415865,-0.4110478812411216,,-0.4478450516458695,0.45569620253164556,98.46214636205872,0.48494456812406617,2404
raw,180,2,0.2,equal,5,-0.14126249300978783,-0.19175669907979256,,-0.43845665709808834,0.45569620253164556,45.96926043766091,0.22898274508710587,2404
raw,180,2,0.2,equal,10,0.06978516904261432,0.09373779789965722,,-0.3240729767819639,0.5189873417721519,33.772989523477165,0.16932492775916913,2404
raw,180,2,0.2,equal,21,0.40687624987891435,0.5978343566520303,,-0.383946443345351,0.5569620253164557,23.680232228621115,0.11729061085573098,2404
raw,180,2,0.2,rank,1,-0.32102718176305967,-0.35389637377456945,,-0.4412097460050367,0.4430379746835443,100.23268139064643,0.47819920539913807,2404
raw,180,2,0.2,rank,5,-0.1227429566222869,-0.16769251730485518,,-0.43399714541733714,0.4430379746835443,45.88732020286648,0.2252511088477,2404
raw,180,2,0.2,rank,10,0.04667918877588694,0.06250438632433195,,-0.33771078756553896,0.4810126582278481,33.3961076983924,0.16591326285437838,2404
raw,180,2,0.2,rank,21,0.4156382038570779,0.6207254913604138,,-0.3922862041323142,0.569620253164557,23.356325661471594,0.11553095666731021,2404
raw,180,2,0.2,volinv,1,-0.25844787801556307,-0.3225523676625178,,-0.4040400663491287,0.43037974683544306,124.18228228773671,0.5804919578474101,2404
raw,180,2,0.2,volinv,5,0.01769233469617996,0.023258173443006288,,-0.3784404830117558,0.4810126582278481,55.48570431948426,0.2629092140541425,2404
raw,180,2,0.2,volinv,10,0.21777561778815924,0.2873606625613972,,-0.30317368535273503,0.4936708860759494,39.49010069710041,0.18907281351649682,2404
raw,180,2,0.2,volinv,21,0.28998659681455563,0.4050055104693908,,-0.3481521299710534,0.4810126582278481,26.340630711933485,0.12621171968113737,2404
raw,180,2,0.3,equal,1,-0.3632273109877056,-0.41323839904442855,,-0.47368810488085566,0.45569620253164556,85.02010939028035,0.40358832405999145,2404
raw,180,2,0.3,equal,5,-0.20243470441528097,-0.27354911396577536,,-0.45229359688076554,0.4177215189873418,40.85352084751422,0.19489479437704071,2404
raw,180,2,0.3,equal,10,-0.13261192234120261,-0.17059577640062054,,-0.4243362009312327,0.45569620253164556,30.633788720793845,0.1472722676237586,2404
raw,180,2,0.3,equal,21,0.32794326834202914,0.46656328785125983,,-0.3391133461173065,0.4810126582278481,21.97927099461003,0.10560006473139544,2404
raw,180,2,0.3,rank,1,-0.3389091747324611,-0.3692935996258652,,-0.46676585918601043,0.4430379746835443,88.06547167193533,0.4004203434286506,2404
raw,180,2,0.3,rank,5,-0.18070051575328686,-0.24350894873100437,,-0.4347599626367489,0.43037974683544306,40.97999975926046,0.19156205624672154,2404
raw,180,2,0.3,rank,10,-0.09162649075776404,-0.11903819226532303,,-0.3959580062768978,0.46835443037974683,30.425609596091995,0.14441036086599876,2404
raw,180,2,0.3,rank,21,0.3833574337185848,0.5580440513279793,,-0.3558480661149549,0.5189873417721519,21.712620363600845,0.10378419845270948,2404
raw,180,2,0.3,volinv,1,-0.1675221552276528,-0.21251929346110082,,-0.4183317591637452,0.4430379746835443,107.1252944921546,0.487048058717791,2404
raw,180,2,0.3,volinv,5,0.11270296826475511,0.1585619791500553,,-0.38069856427186677,0.4430379746835443,49.49225831294907,0.22707598274848856,2404
raw,180,2,0.3,volinv,10,0.18563456168010886,0.25905004653096353,,-0.3187257411066766,0.5189873417721519,36.108144806714314,0.1673580906624465,2404
raw,180,2,0.3,volinv,21,0.2605498431064314,0.348886871305803,,-0.3314795753382104,0.5189873417721519,24.448388200705597,0.11407328243407475,2404
raw,180,7,0.1,equal,1,0.034766369093408106,0.05389882264758307,,-0.42699125415643513,0.4430379746835443,124.34000883276293,0.673971794112562,2404
raw,180,7,0.1,equal,5,-0.020071057403881657,-0.02534504514970358,,-0.32455889583516395,0.5189873417721519,55.64554562337057,0.30229889075121164,2404
raw,180,7,0.1,equal,10,-0.1333795908683714,-0.16636072709546626,,-0.4022697269797275,0.4936708860759494,39.39596340632603,0.2153673515661856,2404
raw,180,7,0.1,equal,21,-0.02153094482510179,-0.02292169851482258,,-0.3724963482622936,0.4936708860759494,26.978504965869774,0.14546966256191576,2404
raw,180,7,0.1,rank,1,0.047930144126206775,0.07460962082198147,,-0.42640940597823096,0.43037974683544306,125.20848004114453,0.6658576376902521,2404
raw,180,7,0.1,rank,5,0.012201946108034972,0.015617707716669484,,-0.3224465530451135,0.4936708860759494,55.51977408947616,0.2987673696005858,2404
raw,180,7,0.1,rank,10,-0.09906229914188064,-0.12473420494679788,,-0.39041834706106016,0.4936708860759494,39.173738206169,0.21317392777194338,2404
raw,180,7,0.1,rank,21,-0.013319661494989575,-0.01409703821462585,,-0.3714170320614162,0.4810126582278481,26.713874811287848,0.14404387285574252,2404
raw,180,7,0.1,volinv,1,0.0012302243892949383,0.0019076745788192827,,-0.4609679103472687,0.4430379746835443,158.15121058055922,0.8048075874235561,2404
raw,180,7,0.1,volinv,5,0.026143006521661835,0.031841497909419564,,-0.30200598538400836,0.5316455696202531,66.96896829171511,0.34543048711518753,2404
raw,180,7,0.1,volinv,10,-0.12939999234491567,-0.15569160000748428,,-0.3750064800969206,0.46835443037974683,45.9986784587155,0.2393571855824752,2404
raw,180,7,0.1,volinv,21,0.017577955798226064,0.01907892832755978,,-0.31564175796583116,0.4936708860759494,30.076012260860818,0.1565588697623806,2404
raw,180,7,0.2,equal,1,-0.5406920700561757,-0.4592985705567545,,-0.6538745978332932,0.4177215189873418,99.41394365696,0.49077342513643496,2404
raw,180,7,0.2,equal,5,-0.14936207344669733,-0.14189883003786843,,-0.41276595483129885,0.45569620253164556,46.50731786538284,0.23233616846371224,2404
raw,180,7,0.2,equal,10,0.2067309589662832,0.30466318430307626,,-0.3954783221046536,0.5189873417721519,33.37958949657161,0.16745401537499005,2404
raw,180,7,0.2,equal,21,0.39915055329476246,0.591064172044336,,-0.353587146888082,0.5063291139240507,24.17171694025046,0.12058156899572504,2404
raw,180,7,0.2,rank,1,-0.5403447171364715,-0.46082660201763,,-0.6484405884869991,0.4050632911392405,101.01021858693773,0.4829209221513845,2404
raw,180,7,0.2,rank,5,-0.1519110797697186,-0.14139606917000302,,-0.4136356084658289,0.45569620253164556,46.28389410341826,0.22773486167016463,2404
raw,180,7,0.2,rank,10,0.2572606829029384,0.38629924356639467,,-0.3883238752918199,0.5063291139240507,33.13113823980975,0.16490696809876754,2404
raw,180,7,0.2,rank,21,0.42333532799453133,0.6338763548216593,,-0.35614972821376645,0.5063291139240507,23.821599280645675,0.11848931208345598,2404
raw,180,7,0.2,volinv,1,-0.3150085089064454,-0.3133110943081232,,-0.5177067906663075,0.45569620253164556,124.76542577328715,0.5844983788382538,2404
raw,180,7,0.2,volinv,5,0.09330541177537079,0.09654536077782915,,-0.3361324807259478,0.4936708860759494,56.090535716687455,0.2661526885943567,2404
raw,180,7,0.2,volinv,10,0.22887259609965316,0.3162618724766457,,-0.38038282585870653,0.46835443037974683,39.01191937094078,0.1867371299605371,2404
raw,180,7,0.2,volinv,21,0.3472930187431408,0.48138984005980456,,-0.3156230028532019,0.5316455696202531,26.64979615916146,0.12865776477758922,2404
raw,180,7,0.3,equal,1,-0.4065282840065822,-0.4059624095418158,,-0.5220565128827654,0.43037974683544306,84.92491610669009,0.40299470678080346,2404
raw,180,7,0.3,equal,5,-0.36470453438528877,-0.4008664847760688,,-0.5047505382984839,0.46835443037974683,40.84630196682338,0.195696363059864,2404
raw,180,7,0.3,equal,10,0.036172221809991266,0.050708794696816974,,-0.44384408071408066,0.4430379746835443,30.401063847838387,0.14653986785946876,2404
raw,180,7,0.3,equal,21,0.351379748220605,0.5081446018280509,,-0.3120552156645533,0.4810126582278481,22.00029559239643,0.10585289665514394,2404
raw,180,7,0.3,rank,1,-0.4697463420498691,-0.4383532947933041,,-0.5589722734005762,0.4177215189873418,88.10925998288629,0.4005840121590192,2404
raw,180,7,0.3,rank,5,-0.2864177433543501,-0.30240493634003895,,-0.4674732781514934,0.46835443037974683,41.161613967815036,0.19297986372195836,2404
raw,180,7,0.3,rank,10,0.1511697231719685,0.21950185002004619,,-0.40573958793429976,0.43037974683544306,30.29326703332767,0.14431847046770513,2404
raw,180,7,0.3,rank,21,0.4036587208426954,0.5905666792134109,,-0.3318790223987643,0.4810126582278481,21.775348072898357,0.10434353601407942,2404
raw,180,7,0.3,volinv,1,-0.10605558087154023,-0.13249673436520912,,-0.3909882999041031,0.43037974683544306,106.79521653742789,0.48442579793432156,2404
raw,180,7,0.3,volinv,5,-0.0804334176703926,-0.08971814347184177,,-0.38918029447086566,0.46835443037974683,49.49494975963616,0.2271049992906604,2404
raw,180,7,0.3,volinv,10,0.14395405199904981,0.19673166819895432,,-0.36941375447376446,0.46835443037974683,35.50450891409026,0.1640676668446094,2404
raw,180,7,0.3,volinv,21,0.24612581262950134,0.33537767348534514,,-0.32737144222658643,0.46835443037974683,24.42041756402127,0.11413487547657897,2404
raw,252,0,0.1,equal,1,0.4401357348528734,0.5094499065547448,,-0.32023335538503195,0.4430379746835443,109.55838924874294,0.5929937109337655,2404
raw,252,0,0.1,equal,5,0.30021567322930803,0.3314516846196883,,-0.31608430024434386,0.4936708860759494,48.709950684368316,0.2635626447630225,2404
raw,252,0,0.1,equal,10,0.5859130465371943,0.6443881777946389,,-0.26726529035534907,0.5443037974683544,34.347676392289536,0.1862267261405362,2404
raw,252,0,0.1,equal,21,0.5521624488700342,0.6201866097426011,,-0.3632017202266882,0.5949367088607594,23.93672290450026,0.1284162942289508,2404
raw,252,0,0.1,rank,1,0.4027890920629733,0.46277625696759583,,-0.32702546504104546,0.45569620253164556,109.93249512791195,0.5837191647612474,2404
raw,252,0,0.1,rank,5,0.27797411459954285,0.30399453849209956,,-0.3248311634931208,0.4936708860759494,48.64612374150094,0.26052222848265383,2404
raw,252,0,0.1,rank,10,0.5623569549506797,0.6149356891306751,,-0.28238694902320727,0.5443037974683544,34.168540326554364,0.18411049065080748,2404
raw,252,0,0.1,rank,21,0.5557881714675776,0.623167056191993,,-0.369919937459562,0.569620253164557,23.696075307097903,0.12683005742026132,2404
raw,252,0,0.1,volinv,1,0.4634143251828316,0.5330614934770337,,-0.27960599370170025,0.4936708860759494,141.41584165158702,0.7170911917315852,2404
raw,252,0,0.1,volinv,5,0.45464686304100027,0.5042751859682402,,-0.2665584335393181,0.4810126582278481,59.908720737236536,0.3055617870979729,2404
raw,252,0,0.1,volinv,10,0.7198136758893506,0.780570277301564,0.13155300976312498,-0.2207164665588519,0.5316455696202531,40.994802160336214,0.20995167078677968,2404
raw,252,0,0.1,volinv,21,0.6409400309690688,0.7198029152146803,0.0295502003348242,-0.3288394086669505,0.569620253164557,27.191100962940105,0.1411091532998382,2404
raw,252,0,0.2,equal,1,0.28019243709802705,0.3654044702091101,,-0.364493510175087,0.4936708860759494,89.43962078577844,0.44137450506200715,2404
raw,252,0,0.2,equal,5,0.16221862885424898,0.1829585994656844,,-0.33960705778865063,0.5063291139240507,40.83439497152253,0.2023274457310864,2404
raw,252,0,0.2,equal,10,0.3917356185058524,0.4855635935023644,,-0.2636937848487846,0.5316455696202531,29.811880081453705,0.14799125598455065,2404
raw,252,0,0.2,equal,21,0.29374725870053825,0.3244175787688711,,-0.4914253709510029,0.5063291139240507,20.864453213827808,0.10308622413162931,2404
raw,252,0,0.2,rank,1,0.26956792612647273,0.35401049328526035,,-0.36236683221601085,0.46835443037974683,90.11443419271811,0.4311998017500822,2404
raw,252,0,0.2,rank,5,0.1686857496215972,0.19207088154551621,,-0.3486253978701628,0.4810126582278481,40.39656180845406,0.1971231899143721,2404
raw,252,0,0.2,rank,10,0.42359046836904335,0.5281503857361979,,-0.2842155138404129,0.5189873417721519,29.25363904799567,0.14387014027088818,2404
raw,252,0,0.2,rank,21,0.34284332396374617,0.37405630162474146,,-0.4814184159266096,0.5189873417721519,20.42908577893687,0.10045659269273652,2404
raw,252,0,0.2,volinv,1,0.3149570332409255,0.3931881599024665,,-0.3706312541754807,0.5063291139240507,113.94020909741262,0.5334118683018346,2404
raw,252,0,0.2,volinv,5,0.2449412302195877,0.269070430543693,,-0.3002216814921498,0.5443037974683544,49.84871151830696,0.2353086721552824,2404
raw,252,0,0.2,volinv,10,0.5227856093738713,0.6201239991652923,,-0.26075403915096507,0.5822784810126582,35.64207254265498,0.1690617349909878,2404
raw,252,0,0.2,volinv,21,0.3760418605505072,0.428974559633434,,-0.4019997532316796,0.5063291139240507,23.447133288893873,0.11216359954106431,2404
raw,252,0,0.3,equal,1,0.31549050686860897,0.3844269663376812,,-0.3233546920874688,0.45569620253164556,73.17508417865739,0.34515746495557537,2404
raw,252,0,0.3,equal,5,0.18867780236443907,0.21931103269955626,,-0.3243607466570315,0.4430379746835443,35.528579181403884,0.1684809844043112,2404
raw,252,0,0.3,equal,10,0.1184531943084992,0.13655763208160263,,-0.33671969423620407,0.4810126582278481,26.344222255380437,0.1259615126447669,2404
raw,252,0,0.3,equal,21,0.2806595319046179,0.29490155346662356,,-0.35033662983372793,0.5443037974683544,19.40816609922537,0.09255415070579867,2404
raw,252,0,0.3,rank,1,0.28478552352720854,0.353743310467034,,-0.3399629156915367,0.4050632911392405,76.11679913179398,0.3450088903436235,2404
raw,252,0,0.3,rank,5,0.18930949188130008,0.22128879480740385,,-0.33888786275128313,0.4810126582278481,35.61711932611049,0.16560755330007304,2404
raw,252,0,0.3,rank,10,0.2204019533248345,0.2608301623454337,,-0.3271434690429843,0.46835443037974683,26.100764821692582,0.12333510934674141,2404
raw,252,0,0.3,rank,21,0.27889740055964846,0.2766133321712606,,-0.3916329411996762,0.5316455696202531,18.951107777777036,0.08983288598297767,2404
raw,252,0,0.3,volinv,1,0.2537550573054188,0.2969365217149617,,-0.2887097441135916,0.45569620253164556,94.82269564458751,0.4280507439149406,2404
raw,252,0,0.3,volinv,5,0.24688238286052575,0.277983329312364,,-0.27849045992484567,0.46835443037974683,44.224054446818975,0.2014560757108855,2404
raw,252,0,0.3,volinv,10,0.2683144942905658,0.2980783167979356,,-0.2668797680085818,0.4936708860759494,31.885838938079846,0.14656591998291635,2404
raw,252,0,0.3,volinv,21,0.38347874945042104,0.4142828502783229,,-0.2910788552515826,0.569620253164557,21.665464920112925,0.10050340807306465,2404
raw,252,2,0.1,equal,1,0.5066640918591337,0.6360812400715469,,-0.32439386209443677,0.4936708860759494,108.6833920860115,0.5892126159371819,2404
raw,252,2,0.1,equal,5,0.3462328373249483,0.3805507916810048,,-0.3288645536417464,0.4936708860759494,49.52469862708007,0.26673017001790345,2404
raw,252,2,0.1,equal,10,0.42341082421022974,0.4661136404297098,,-0.3285537357169328,0.5443037974683544,34.6535148099728,0.18749484573489913,2404
raw,252,2,0.1,equal,21,0.4603002170450764,0.5222571159738221,,-0.3711572878190337,0.5822784810126582,23.967606725406227,0.1291986877873882,2404
raw,252,2,0.1,rank,1,0.49128798701815934,0.6130843185278247,,-0.3341480351363668,0.46835443037974683,109.19826929373451,0.5805977271879079,2404
raw,252,2,0.1,rank,5,0.34089816614193785,0.3715863856945269,,-0.3340385157256034,0.4810126582278481,49.32399918489366,0.2629092425467858,2404
raw,252,2,0.1,rank,10,0.4241870427028946,0.46426207468351377,,-0.336244334686881,0.5569620253164557,34.45818860015482,0.18533892571471788,2404
raw,252,2,0.1,rank,21,0.4813373366269306,0.5453325789289324,,-0.3758274953695838,0.5569620253164557,23.71110843223839,0.1274893215672202,2404
raw,252,2,0.1,volinv,1,0.4775724653956932,0.5834769324442284,,-0.2900416510528824,0.5316455696202531,141.08677186744143,0.714102821053976,2404
raw,252,2,0.1,volinv,5,0.4900231895243431,0.5443604291722063,,-0.2842779572902979,0.4936708860759494,60.59145244772304,0.308119255156857,2404
raw,252,2,0.1,volinv,10,0.5846832668532624,0.6389948806835192,,-0.28019227434627925,0.569620253164557,40.679595529323045,0.20870624879713215,2404
raw,252,2,0.1,volinv,21,0.44449495152321583,0.494274695511499,,-0.3471236384460711,0.569620253164557,26.832827788298648,0.13979020287217342,2404
raw,252,2,0.2,equal,1,0.13923638391163226,0.15818421139433914,,-0.33909845072234457,0.4810126582278481,88.50591152656139,0.4354250788266847,2404
raw,252,2,0.2,equal,5,0.12106977841514004,0.14928199313215412,,-0.4446062326497924,0.5189873417721519,39.90846514334773,0.19728835234360262,2404
raw,252,2,0.2,equal,10,0.15065680251991437,0.17255647605570917,,-0.4081869838642076,0.4810126582278481,29.077194647876343,0.14385945749493567,2404
raw,252,2,0.2,equal,21,0.26831198390279626,0.29197711668444615,,-0.4523615458773921,0.46835443037974683,21.146768388370212,0.10420274006725717,2404
raw,252,2,0.2,rank,1,0.15356889041772784,0.1760916430425175,,-0.34672521604202855,0.46835443037974683,89.41430104317176,0.42639053738422783,2404
raw,252,2,0.2,rank,5,0.20955475906726775,0.26353892254513184,,-0.4226560579270976,0.4936708860759494,39.70288843877474,0.19306621940531205,2404
raw,252,2,0.2,rank,10,0.2180904940039268,0.25174439995854,,-0.3962075780644537,0.5063291139240507,28.542467746063142,0.13998682532858012,2404
raw,252,2,0.2,rank,21,0.3246527329700487,0.351711432838575,,-0.4559994075624737,0.4810126582278481,20.645326808503032,0.10136685590120638,2404
raw,252,2,0.2,volinv,1,0.061345132018957686,0.06721870575609253,,-0.3716451587501397,0.46835443037974683,113.11733129060312,0.527686591772835,2404
raw,252,2,0.2,volinv,5,0.2835722434852261,0.33874822081229555,,-0.35180520757587264,0.5316455696202531,48.582205705204416,0.2286443767406119,2404
raw,252,2,0.2,volinv,10,0.3885791205936589,0.4377430294878239,,-0.3215653796032555,0.5443037974683544,34.52111708018479,0.16310845956650125,2404
raw,252,2,0.2,volinv,21,0.3612509224893252,0.40394792175212385,,-0.34130108270149717,0.5189873417721519,23.847867063559406,0.11386113503523623,2404
raw,252,2,0.3,equal,1,0.18558759950041323,0.21757060943810874,,-0.2792461024412519,0.46835443037974683,73.34914054743471,0.3455576369261113,2404
raw,252,2,0.3,equal,5,0.2825479378603401,0.3331874850345279,,-0.3181464320243169,0.46835443037974683,34.30776254412876,0.162486543547563,2404
raw,252,2,0.3,equal,10,0.16009752421581783,0.1784474031012737,,-0.34234728304872153,0.4810126582278481,25.72382981135336,0.12262011500393508,2404
raw,252,2,0.3,equal,21,0.2787168986217248,0.29341278774031965,,-0.368530282355071,0.4936708860759494,19.186857192598616,0.09140368157507887,2404
raw,252,2,0.3,rank,1,0.18712308647093423,0.21993571645209814,,-0.3158560107864685,0.45569620253164556,76.18069385772557,0.34490240480101353,2404
raw,252,2,0.3,rank,5,0.29568400787749216,0.3586511179132776,,-0.3510087465359977,0.4936708860759494,34.749111087720856,0.16134364185438294,2404
raw,252,2,0.3,rank,10,0.21496239970295072,0.2379907092292514,,-0.3519511523051664,0.5063291139240507,25.51255352680479,0.12019330108495385,2404
raw,252,2,0.3,rank,21,0.2818896893712255,0.2791360806684013,,-0.40513564896085363,0.5063291139240507,18.751014816221762,0.08885679731637804,2404
raw,252,2,0.3,volinv,1,0.1162037311885872,0.13250491028833036,,-0.28077705347300896,0.45569620253164556,95.42810995858231,0.4298419737497688,2404
raw,252,2,0.3,volinv,5,0.40471375132456366,0.46755006782651887,,-0.25342172766909776,0.4936708860759494,42.6664948786433,0.19394898128732552,2404
raw,252,2,0.3,volinv,10,0.3345220857674422,0.3681618419738925,,-0.2783254821484009,0.5189873417721519,31.181046278853724,0.14290960564264216,2404
raw,252,2,0.3,volinv,21,0.36717362897583344,0.39783217530515125,,-0.3072009339896371,0.4936708860759494,21.603329877990596,0.10018264996082132,2404
raw,252,7,0.1,equal,1,0.6068126391030315,0.8712545098451455,0.003863095983169213,-0.319454503998444,0.5316455696202531,110.45397752552493,0.6000359686577694,2404
raw,252,7,0.1,equal,5,0.45818780102321477,0.5326613446187966,,-0.29439577357325164,0.4936708860759494,49.539355836204834,0.26562118181129,2404
raw,252,7,0.1,equal,10,0.7761295780299082,1.0053615427462506,0.17113959295250586,-0.3171009697867455,0.5569620253164557,34.514868347127084,0.18626532814533764,2404
raw,252,7,0.1,equal,21,0.7136448448664482,0.8146769953105539,0.11006629324509352,-0.3920987413991528,0.5822784810126582,24.031055570885023,0.12998661913907222,2404
raw,252,7,0.1,rank,1,0.6167994346480439,0.8900993521771804,0.022280865410676608,-0.3291824822671673,0.5316455696202531,110.86463981972331,0.5908712566288663,2404
raw,252,7,0.1,rank,5,0.4681173540743033,0.5415089348008492,,-0.29789474283302897,0.4936708860759494,49.30907241282386,0.2618011814575494,2404
raw,252,7,0.1,rank,10,0.7747463722145537,1.007517356342549,0.1707204352778329,-0.3209764270339146,0.5569620253164557,34.28610292154167,0.1839657780645828,2404
raw,252,7,0.1,rank,21,0.7232154291527335,0.8419366711706836,0.05449833434856996,-0.398808806874256,0.569620253164557,23.833562608960612,0.1286573831012021,2404
raw,252,7,0.1,volinv,1,0.6562951272215256,0.8884589585974334,0.05401142267473875,-0.2885133409609525,0.569620253164557,142.9803603378476,0.725399635964411,2404
raw,252,7,0.1,volinv,5,0.6237458292794162,0.7214086010804271,0.07290398468756595,-0.26983827943029837,0.5189873417721519,60.62903438456595,0.3067014385741708,2404
raw,252,7,0.1,volinv,10,0.8908314005812711,1.0981499422732934,0.25741292470903926,-0.2669945586657224,0.5443037974683544,40.64805226318412,0.2080592079447257,2404
raw,252,7,0.1,volinv,21,0.8323598099863319,0.930230720699295,0.1756168653734079,-0.3501536541171637,0.620253164556962,27.376881839843666,0.14244697420123165,2404
raw,252,7,0.2,equal,1,0.08113931671687472,0.09630289307487118,,-0.4456101941462335,0.5316455696202531,88.81075836900291,0.4389018940402656,2404
raw,252,7,0.2,equal,5,0.2785586663251468,0.3055192079305883,,-0.3586954599250004,0.5316455696202531,39.906968542332805,0.19850901356298886,2404
raw,252,7,0.2,equal,10,0.19196414404362047,0.17773906456070537,,-0.3848822714492076,0.5316455696202531,29.486578421295807,0.14673806748108764,2404
raw,252,7,0.2,equal,21,0.37246879791476045,0.4704757937830706,,-0.4343165976533765,0.4810126582278481,21.35718996269828,0.10570573220836313,2404
raw,252,7,0.2,rank,1,0.1665351985145361,0.19888794268088006,,-0.4141765167252496,0.5063291139240507,89.82711196739783,0.4304683216247056,2404
raw,252,7,0.2,rank,5,0.3530785236631197,0.3865705636661895,,-0.34634953178376837,0.5063291139240507,39.77310507578771,0.19452568271135381,2404
raw,252,7,0.2,rank,10,0.25856475637527226,0.23903938533451313,,-0.35986166168934264,0.5316455696202531,29.08801522914799,0.1433800151820107,2404
raw,252,7,0.2,rank,21,0.4153766565892665,0.5210937494022138,,-0.4230226860748726,0.5189873417721519,20.951951769494663,0.10332691315804807,2404
raw,252,7,0.2,volinv,1,0.1256860418749225,0.14371601418840058,,-0.3782357197037154,0.5063291139240507,113.06576928783385,0.5289671748888816,2404
raw,252,7,0.2,volinv,5,0.37670666118987217,0.42192961076389796,,-0.29095420908735925,0.569620253164557,48.81638625829645,0.23071115198823183,2404
raw,252,7,0.2,volinv,10,0.32381969650857095,0.2985919133947841,,-0.29414371203015466,0.5822784810126582,35.10857549879514,0.16702444086242005,2404
raw,252,7,0.2,volinv,21,0.5202788537427293,0.6552055196200568,,-0.3268568872019194,0.5189873417721519,23.955442570430804,0.11504141143493093,2404
raw,252,7,0.3,equal,1,0.1443558810244692,0.16300573781017433,,-0.31074044148722435,0.4810126582278481,72.56132417850306,0.34192444114120013,2404
raw,252,7,0.3,equal,5,0.14996027074632995,0.1433930054977961,,-0.3565894941799589,0.4936708860759494,34.51603016900476,0.16411941120151735,2404
raw,252,7,0.3,equal,10,0.1142709276593014,0.10479720511017018,,-0.39762948960492417,0.5189873417721519,26.23999398700953,0.12567478003824928,2404
raw,252,7,0.3,equal,21,0.20910833986681235,0.25018832750226194,,-0.393406809579429,0.45569620253164556,19.091268130936108,0.09102951308170946,2404
raw,252,7,0.3,rank,1,0.18831217599553618,0.21707082861398938,,-0.33671722563343764,0.5063291139240507,75.87908762382439,0.34384705910797103,2404
raw,252,7,0.3,rank,5,0.25684401659429906,0.24901893821457682,,-0.33725956366397813,0.4936708860759494,35.02227184339364,0.163280682633062,2404
raw,252,7,0.3,rank,10,0.20971957038873396,0.19194715547733787,,-0.3798136100344638,0.5316455696202531,26.138574567774835,0.12363034882247549,2404
raw,252,7,0.3,rank,21,0.31704303786502325,0.3879347091056235,,-0.41157915637270115,0.5063291139240507,18.8458449493601,0.0895080198018171,2404
raw,252,7,0.3,volinv,1,0.14766957133093417,0.1617690504030392,,-0.3107872481854417,0.46835443037974683,95.16697196440063,0.42871528001474124,2404
raw,252,7,0.3,volinv,5,0.3406586308064336,0.3417338793971266,,-0.2647123136632352,0.4810126582278481,43.25747995024473,0.19701723044697889,2404
raw,252,7,0.3,volinv,10,0.27179369806351944,0.24743105202344143,,-0.3077072016878829,0.5569620253164557,31.80932446526444,0.14624735926469745,2404
raw,252,7,0.3,volinv,21,0.28255741717565597,0.32225304027757645,,-0.32335924842193664,0.45569620253164556,21.597979885014517,0.10014544355212815,2404
riskadj,10,0,0.1,equal,1,0.34778573149551,0.4653923336244566,,-0.3830245185173953,0.4810126582278481,473.10304753045006,2.5522830430202927,2404
riskadj,10,0,0.1,equal,5,0.6974582493856654,0.986765213352509,0.05568990263572783,-0.22334049369994302,0.569620253164557,191.27096758418668,1.041488026033465,2404
riskadj,10,0,0.1,equal,10,0.47853216387218084,0.6270963336782869,,-0.36979565281588844,0.5189873417721519,123.1461006633085,0.6724921647257589,2404
riskadj,10,0,0.1,equal,21,0.04079065961647184,0.04583462141336499,,-0.42789438098401045,0.5316455696202531,60.10433345368171,0.3255518362505866,2404
riskadj,10,0,0.1,rank,1,0.3176289507012223,0.42172595116168854,,-0.37696421151815895,0.5063291139240507,477.0877494309766,2.5479386031980975,2404
riskadj,10,0,0.1,rank,5,0.6991353153353563,0.9872050904692725,0.007106970142982852,-0.21574424102744494,0.569620253164557,192.17855962860858,1.0437548229146283,2404
riskadj,10,0,0.1,rank,10,0.49374534751807186,0.6436190999040322,,-0.3673242345562102,0.5189873417721519,123.37782229380912,0.6736167772320703,2404
riskadj,10,0,0.1,rank,21,0.021184330954282543,0.023480692994693166,,-0.42911685866598337,0.5316455696202531,60.153989376715884,0.3259976949234249,2404
riskadj,10,0,0.1,volinv,1,0.07406048277309626,0.08938192524108678,,-0.4236607095257571,0.5063291139240507,524.7200218902249,2.7213947817802513,2404
riskadj,10,0,0.1,volinv,5,0.5523197885156568,0.7081634652644124,,-0.27780261005504836,0.5822784810126582,198.1116900240815,1.0406756258544054,2404
riskadj,10,0,0.1,volinv,10,0.4375446507786561,0.5318142846899282,,-0.36965383084889447,0.569620253164557,124.85648936114998,0.6621934781121649,2404
riskadj,10,0,0.1,volinv,21,0.09609322961819845,0.11754360156304888,,-0.44680186534002564,0.5443037974683544,60.19670975708752,0.3179185785654195,2404
riskadj,10,0,0.2,equal,1,0.24862339350187748,0.3676311446299911,,-0.4827862627209798,0.4810126582278481,400.73637412603614,2.0146975877553874,2404
riskadj,10,0,0.2,equal,5,0.6691810838475118,1.0446156020331037,-0.03291331464847955,-0.2436160346273616,0.5316455696202531,172.10438960492098,0.8742272271554261,2404
riskadj,10,0,0.2,equal,10,0.41158861550909803,0.5959933505606106,,-0.3260442324090078,0.5316455696202531,115.27922443903786,0.5884790695078328,2404
riskadj,10,0,0.2,equal,21,0.3211944690925044,0.43635081696236194,,-0.33796965345687224,0.569620253164557,56.27936093226629,0.288197331787101,2404
riskadj,10,0,0.2,rank,1,0.2877545394043766,0.42328721288545096,,-0.4617596102771061,0.4430379746835443,411.5105003698058,2.029722730360314,2404
riskadj,10,0,0.2,rank,5,0.6986585414502582,1.079863737333122,0.0198928909747134,-0.21985221860353854,0.5443037974683544,175.11984520327678,0.8857527259676887,2404
riskadj,10,0,0.2,rank,10,0.4458836930113761,0.6380423452460124,,-0.33157801675537335,0.5316455696202531,116.54231947338704,0.59510389233834,2404
riskadj,10,0,0.2,rank,21,0.28566650909936925,0.37831258769500725,,-0.35620263085772874,0.569620253164557,56.68603517907111,0.28996164367474864,2404
riskadj,10,0,0.2,volinv,1,-0.17342678320342253,-0.23500709699967218,,-0.6161094636276996,0.4810126582278481,442.16492487760223,2.151266408692395,2404
riskadj,10,0,0.2,volinv,5,0.4909201114024785,0.6785578264444244,,-0.2683344081240998,0.5569620253164557,179.5264294284649,0.8846387626885039,2404
riskadj,10,0,0.2,volinv,10,0.4868482399626295,0.6366192100655685,,-0.29816697895988187,0.5949367088607594,117.51152899694577,0.584021248281685,2404
riskadj,10,0,0.2,volinv,21,0.3035135234873875,0.4407746149943156,,-0.4069827296602587,0.569620253164557,57.14385631334196,0.2862134991345476,2404
riskadj,10,0,0.3,equal,1,0.30268359741615386,0.4510470388800768,,-0.5046753321630266,0.5063291139240507,347.23606472296166,1.6853175389602213,2404
riskadj,10,0,0.3,equal,5,0.834961718266261,1.2972639393809793,0.13633357854583403,-0.24271229441425157,0.5569620253164557,149.78947054999227,0.7370905399602506,2404
riskadj,10,0,0.3,equal,10,0.4946667089486669,0.7362931358439431,,-0.384906740545629,0.5189873417721519,104.02734114835327,0.5140509763597367,2404
riskadj,10,0,0.3,equal,21,0.37745303424893334,0.5210580524190362,,-0.4201801674087222,0.5569620253164557,51.54539309514643,0.25494860091209176,2404
riskadj,10,0,0.3,rank,1,0.3528027278342114,0.526540017610492,,-0.4716918346891753,0.4810126582278481,369.67572890095636,1.7483313222328507,2404
riskadj,10,0,0.3,rank,5,0.8421681180293669,1.3084069666823739,0.14329808040437833,-0.21791049337370627,0.5189873417721519,157.82168833510212,0.7718055129985768,2404
riskadj,10,0,0.3,rank,10,0.5310666006798156,0.7746499138719447,,-0.36175124328350894,0.5443037974683544,107.81178673396406,0.5331914242754807,2404
riskadj,10,0,0.3,rank,21,0.31112605736960974,0.41777854034804174,,-0.4189648755975931,0.5569620253164557,52.898986046685636,0.2621441372546101,2404
riskadj,10,0,0.3,volinv,1,-0.057659619288337516,-0.08176677172306747,,-0.6012631555207998,0.4810126582278481,384.1854809609585,1.810524570235264,2404
riskadj,10,0,0.3,volinv,5,0.683017118888697,0.9678121107516962,-0.0026396281551942435,-0.2565216266926942,0.5443037974683544,157.65426482494297,0.7536996106637405,2404
riskadj,10,0,0.3,volinv,10,0.5996879206057227,0.8474049500452361,,-0.35093373710514286,0.5443037974683544,107.05783338397015,0.5163368221464305,2404
riskadj,10,0,0.3,volinv,21,0.38471081419919784,0.5560065078250906,,-0.47673738178429736,0.569620253164557,52.72166099504598,0.2552199550866221,2404
riskadj,10,2,0.1,equal,1,0.45307706577852264,0.6623827227598581,,-0.24782400637728264,0.4936708860759494,470.85745263743223,2.5467739469675847,2404
riskadj,10,2,0.1,equal,5,0.9929210538001002,1.4675057810923011,0.2981649356453455,-0.19623538722945133,0.5949367088607594,190.82059240698285,1.0378707814645098,2404
riskadj,10,2,0.1,equal,10,1.0373699016977105,1.667773201631899,0.3257908246214737,-0.2615670996243309,0.620253164556962,123.24176363897088,0.6778405285117313,2404
riskadj,10,2,0.1,equal,21,-0.06293636706710387,-0.07624167695892216,,-0.5554504696028136,0.5949367088607594,60.664578508402556,0.33369956595741734,2404
riskadj,10,2,0.1,rank,1,0.4724778277399122,0.6940393020974209,,-0.24825918543274383,0.4936708860759494,474.92831534693227,2.543637679478338,2404
riskadj,10,2,0.1,rank,5,0.9665359340312251,1.418635931743739,0.25014097321733403,-0.2051265690122145,0.5822784810126582,191.72967797717635,1.0401545747604244,2404
riskadj,10,2,0.1,rank,10,1.0421514246914616,1.6800670749467335,0.35708041571116633,-0.26720469377804157,0.620253164556962,123.51708846894604,0.6792575881826916,2404
riskadj,10,2,0.1,rank,21,-0.030251377274571948,-0.037164408706090356,,-0.5419191053928907,0.5949367088607594,60.718582083268565,0.3343481691332624,2404
riskadj,10,2,0.1,volinv,1,0.20694100383883213,0.2873046156041524,,-0.3560190894012797,0.43037974683544306,520.3225780948278,2.6960377974224374,2404
riskadj,10,2,0.1,volinv,5,0.8234313465258826,1.2506674093707306,0.21209228713922457,-0.25827925191504186,0.5822784810126582,198.20563963133486,1.0398589750362586,2404
riskadj,10,2,0.1,volinv,10,1.0795867134886556,1.678636818489262,0.38773380643420374,-0.3150245158346404,0.5822784810126582,124.43174239551321,0.6621235448158629,2404
riskadj,10,2,0.1,volinv,21,-0.1759470035597825,-0.20667621564938982,,-0.5658657532982154,0.46835443037974683,60.91526817460203,0.32626354193426577,2404
riskadj,10,2,0.2,equal,1,0.30094491049504224,0.45315532208477655,,-0.34615176804343306,0.4936708860759494,398.55686247173315,2.0029885662672884,2404
riskadj,10,2,0.2,equal,5,0.5177634981145193,0.8320169592499314,,-0.4018900018818953,0.4810126582278481,171.03290326384413,0.8644692988587868,2404
riskadj,10,2,0.2,equal,10,0.33543907392894073,0.5128364635772977,,-0.4171804577710041,0.4810126582278481,115.71481265893887,0.5894193590920298,2404
riskadj,10,2,0.2,equal,21,0.04800433158202279,0.07009755510846306,,-0.4585022016879782,0.5063291139240507,57.00044296152452,0.2899331832072184,2404
riskadj,10,2,0.2,rank,1,0.3689147582462796,0.5627249977676421,,-0.3066141616937953,0.5316455696202531,409.5346927552247,2.019656995180477,2404
riskadj,10,2,0.2,rank,5,0.6120624236668224,0.9821247924789377,-0.07861127919888283,-0.362253052570789,0.5063291139240507,173.83058233485042,0.8748757451123309,2404
riskadj,10,2,0.2,rank,10,0.47323547519659953,0.7280008175059798,,-0.3827631846616567,0.4936708860759494,117.05006322775698,0.5970610161949343,2404
riskadj,10,2,0.2,rank,21,0.0610519587323943,0.09006211252150127,,-0.4657835686330901,0.5063291139240507,57.41959253874625,0.2926828649999571,2404
riskadj,10,2,0.2,volinv,1,0.04829677476661377,0.0679787216625426,,-0.46552198919806287,0.4936708860759494,439.9278774428551,2.1417246398640692,2404
riskadj,10,2,0.2,volinv,5,0.4026788627213322,0.6205745058127138,,-0.436133140752182,0.5189873417721519,178.96183064232207,0.8792553581163864,2404
riskadj,10,2,0.2,volinv,10,0.39638541525327103,0.5873569844332927,,-0.41412650292479125,0.4810126582278481,117.61086716898453,0.5836045596499219,2404
riskadj,10,2,0.2,volinv,21,-0.03340861204238511,-0.047611105702418534,,-0.4125848008879399,0.5063291139240507,57.63509982804408,0.2867005597155279,2404
riskadj,10,2,0.3,equal,1,0.36399509066588664,0.5695443926160029,,-0.378236093875831,0.5063291139240507,345.07308434432076,1.6721029038607431,2404
riskadj,10,2,0.3,equal,5,0.7337022205394904,1.2197988375197686,0.07654962656139508,-0.2412500344461601,0.4810126582278481,149.17779822739197,0.7298784056871785,2404
riskadj,10,2,0.3,equal,10,0.5850540474284222,0.9393457546791594,,-0.31734478369603303,0.5569620253164557,103.80917925203917,0.5113513105276131,2404
riskadj,10,2,0.3,equal,21,0.08387522569924058,0.12060778954249679,,-0.4565720499137962,0.5316455696202531,51.29022813498669,0.2513865971152535,2404
riskadj,10,2,0.3,rank,1,0.4275375725569189,0.6713889474375151,,-0.3356393872256712,0.5063291139240507,367.70313892722237,1.7370659171524272,2404
riskadj,10,2,0.3,rank,5,0.7669834456823328,1.2643368445573617,0.10884458989757158,-0.25177807880851366,0.5063291139240507,156.94051481865642,0.7632385819629923,2404
riskadj,10,2,0.3,rank,10,0.6491291893006099,1.0341172205133997,0.014374083807760384,-0.3284261609425351,0.5316455696202531,107.9076027071991,0.5328306647272678,2404
riskadj,10,2,0.3,rank,21,0.05349709140120611,0.07826417516528505,,-0.4805331174308509,0.5189873417721519,52.949698913692146,0.2607664948775997,2404
riskadj,10,2,0.3,volinv,1,0.14529961347205703,0.21373415743574453,,-0.484054462328924,0.5063291139240507,382.0228646914359,1.8012221870089498,2404
riskadj,10,2,0.3,volinv,5,0.6390825041841726,0.966362882156018,0.005838999541256184,-0.26864644456403364,0.5189873417721519,157.2076789807857,0.7488163984248799,2404
riskadj,10,2,0.3,volinv,10,0.6299823668284861,0.9949751808293618,0.017178393500691013,-0.3252734643266467,0.569620253164557,106.27369402085581,0.5109561811198806,2404
riskadj,10,2,0.3,volinv,21,0.003587681078775208,0.004968081445529226,,-0.43818631085607973,0.5189873417721519,52.322060445024746,0.25087795368416244,2404
riskadj,10,7,0.1,equal,1,-0.11642511294680948,-0.16272008873371305,,-0.5276230322939419,0.4177215189873418,466.48747125374496,2.5330029443337763,2404
riskadj,10,7,0.1,equal,5,0.1610743277884767,0.1886582088497801,,-0.4784250289279145,0.5189873417721519,191.78081173795633,1.0506445373652777,2404
riskadj,10,7,0.1,equal,10,0.16269845671143524,0.2034795428081663,,-0.39964375942617636,0.5063291139240507,122.74874550792075,0.6741731080523601,2404
riskadj,10,7,0.1,equal,21,0.2018185613261139,0.25876778516953475,,-0.34319191756142453,0.4810126582278481,60.482300848469954,0.33298606168619854,2404
riskadj,10,7,0.1,rank,1,-0.09874935613523257,-0.1387325270010247,,-0.5158591889686098,0.4177215189873418,470.9079228178289,2.5304272298592876,2404
riskadj,10,7,0.1,rank,5,0.19879873324455108,0.23296114310129673,,-0.47106968633124213,0.5189873417721519,192.65962437596758,1.0529254124013074,2404
riskadj,10,7,0.1,rank,10,0.23195450222117653,0.29538560242926637,,-0.3774630970879357,0.5189873417721519,123.01864002417241,0.6761235843429902,2404
riskadj,10,7,0.1,rank,21,0.2093426924093812,0.26674957518720727,,-0.34778297807080505,0.4810126582278481,60.546493567048635,0.333845103156158,2404
riskadj,10,7,0.1,volinv,1,-0.3480795715546783,-0.43694415935024417,,-0.5644859476701845,0.4177215189873418,514.8858595319929,2.6679021667992506,2404
riskadj,10,7,0.1,volinv,5,0.4263942285190886,0.49516200555157114,,-0.45134847610262063,0.569620253164557,198.77398648570255,1.0467852900414705,2404
riskadj,10,7,0.1,volinv,10,0.15535648338538868,0.17057093790297856,,-0.49495953143417337,0.5063291139240507,124.12285546609051,0.6563816332551371,2404
riskadj,10,7,0.1,volinv,21,0.08064419053925583,0.09702572625509094,,-0.38587180104800156,0.5063291139240507,60.99973447407168,0.3270850829315469,2404
riskadj,10,7,0.2,equal,1,-0.25490615150892465,-0.38754260448346867,,-0.5723832200019097,0.4810126582278481,391.96541673935315,1.9688343522267913,2404
riskadj,10,7,0.2,equal,5,0.03993674405213979,0.05526545952809754,,-0.41413677127748105,0.4810126582278481,170.07770644028693,0.8602826175963958,2404
riskadj,10,7,0.2,equal,10,-0.1923689435744091,-0.25626723603840706,,-0.41652997154217264,0.45569620253164556,115.30461155718167,0.5894270146897647,2404
riskadj,10,7,0.2,equal,21,0.49133924131964846,0.76430215700454,,-0.2217138965666523,0.5189873417721519,56.24199887831243,0.28561600469379156,2404
riskadj,10,7,0.2,rank,1,-0.19355622981766185,-0.29399825188489265,,-0.5590806922155171,0.4936708860759494,403.28008268070795,1.9885171601211205,2404
riskadj,10,7,0.2,rank,5,0.15495240268892996,0.21501412361163022,,-0.3974307276060559,0.46835443037974683,173.03024209305357,0.8728413626330621,2404
riskadj,10,7,0.2,rank,10,-0.09451310675334658,-0.12654805650800502,,-0.37757168939036867,0.45569620253164556,116.60698470355668,0.5968479666283237,2404
riskadj,10,7,0.2,rank,21,0.51358636800759,0.8018079033912363,,-0.2298947268123941,0.4810126582278481,56.6563276816092,0.2888506208480609,2404
riskadj,10,7,0.2,volinv,1,-0.26500674184462936,-0.37354612173384677,,-0.5746990413939908,0.45569620253164556,431.19889217015685,2.0906338306070023,2404
riskadj,10,7,0.2,volinv,5,0.21197656344967522,0.28226709018563456,,-0.40135961422082844,0.4936708860759494,177.52858371615878,0.8699540248297151,2404
riskadj,10,7,0.2,volinv,10,-0.2708445809399622,-0.3307248425099506,,-0.45862597055672827,0.4810126582278481,118.0535959176355,0.5849398867314465,2404
riskadj,10,7,0.2,volinv,21,0.1324891066012046,0.18404099751736025,,-0.3072821547539628,0.5316455696202531,57.22682840809682,0.2832710308200068,2404
riskadj,10,7,0.3,equal,1,-0.1699616202967222,-0.26612181967717746,,-0.5427595327743718,0.5316455696202531,339.6424681137744,1.641738228439758,2404
riskadj,10,7,0.3,equal,5,0.2992205745783703,0.4552851101226607,,-0.2921450990020751,0.5316455696202531,148.28938353201445,0.7245364955304618,2404
riskadj,10,7,0.3,equal,10,-0.10420652357731727,-0.14404703253507747,,-0.4350409080131139,0.4810126582278481,102.45415055279996,0.5054145833842871,2404
riskadj,10,7,0.3,equal,21,0.29771302145061745,0.45001625806562173,,-0.2465108556671558,0.5443037974683544,50.665007510921264,0.24972485864397576,2404
riskadj,10,7,0.3,rank,1,-0.11497717726519845,-0.17850461048624872,,-0.5372593057035391,0.4810126582278481,362.11247829843705,1.7080726223428437,2404
riskadj,10,7,0.3,rank,5,0.3169376683493944,0.4652020398638051,,-0.3342055896086902,0.5189873417721519,156.1461313259701,0.7596662517445649,2404
riskadj,10,7,0.3,rank,10,-0.04174675993609597,-0.05710819496948947,,-0.3954988834859957,0.5063291139240507,106.8273845030797,0.5286062500766808,2404
riskadj,10,7,0.3,rank,21,0.3995220540920511,0.6137234446480301,,-0.2210400250793647,0.5316455696202531,52.31493267615097,0.25892969569384944,2404
riskadj,10,7,0.3,volinv,1,-0.212532305256654,-0.3131138530309146,,-0.5653383983657243,0.46835443037974683,376.73407674215025,1.7671220538377386,2404
riskadj,10,7,0.3,volinv,5,0.3350360247256902,0.48313578870203217,,-0.346393243180397,0.5569620253164557,156.13056704221435,0.7409792679273328,2404
riskadj,10,7,0.3,volinv,10,-0.1279285673736544,-0.16815658763335306,,-0.4288282553257662,0.5316455696202531,105.37746646406245,0.5058206730009208,2404
riskadj,10,7,0.3,volinv,21,0.1111529565410234,0.15494158283117737,,-0.2529091213420325,0.5189873417721519,51.7627057015066,0.24928256215367092,2404
riskadj,20,0,0.1,equal,1,0.5903661785762081,0.7493407678833243,,-0.24862960671821643,0.5569620253164557,344.3448883934512,1.8495735925744636,2404
riskadj,20,0,0.1,equal,5,0.6664872888598777,0.971616784632184,-0.010139406511103176,-0.315585055369631,0.5822784810126582,146.2118193234636,0.7888060646665769,2404
riskadj,20,0,0.1,equal,10,0.8588090886932754,1.314391098510048,0.19405485251487206,-0.313084727417009,0.6329113924050633,96.44885325243926,0.520570485830401,2404
riskadj,20,0,0.1,equal,21,0.43637027506532255,0.5271024158192308,,-0.2947786520958293,0.5569620253164557,59.21164029334251,0.32312826011737084,2404
riskadj,20,0,0.1,rank,1,0.6024852300218939,0.7554059332526143,-0.04343860600584006,-0.25239634482896256,0.569620253164557,347.00855067492,1.8399757025172785,2404
riskadj,20,0,0.1,rank,5,0.6686518139013451,0.967099007782616,-0.013076278849362306,-0.31703292139752925,0.5569620253164557,146.8495148121784,0.7883525740705202,2404
riskadj,20,0,0.1,rank,10,0.8418562698947827,1.2679051756933597,0.18456189647073337,-0.32206744840338886,0.620253164556962,96.76130593810076,0.5211109750488161,2404
riskadj,20,0,0.1,rank,21,0.4539167656444737,0.5549975670952111,,-0.2957540202842548,0.5569620253164557,59.2531617077663,0.3231484748661617,2404
riskadj,20,0,0.1,volinv,1,0.47334607161886794,0.5809068999806495,,-0.250671538489295,0.5949367088607594,387.827865155883,1.984167222871963,2404
riskadj,20,0,0.1,volinv,5,0.510750415305938,0.6455876477910235,,-0.3736032855284309,0.5822784810126582,154.62395147024105,0.8008281255149682,2404
riskadj,20,0,0.1,volinv,10,0.690131025567209,0.8628105849947866,-0.0029272550656376873,-0.3688188446540518,0.6455696202531646,98.93092060059396,0.5145144432591563,2404
riskadj,20,0,0.1,volinv,21,0.4483554292432637,0.5458490675997101,,-0.2944184112913243,0.5569620253164557,59.45961534664196,0.3158037099302219,2404
riskadj,20,0,0.2,equal,1,0.8511316059618096,1.3133774370390572,0.15392482909512567,-0.2737296282040468,0.569620253164557,290.81616895393904,1.4546426274342381,2404
riskadj,20,0,0.2,equal,5,0.6501133964069686,1.0054932778196681,-0.010000912831279025,-0.31644129221127537,0.5569620253164557,126.73989421075393,0.6361698978004453,2404
riskadj,20,0,0.2,equal,10,0.5372416272502396,0.7982363959763837,,-0.32148342912252803,0.5316455696202531,86.69779190253631,0.4356709052033024,2404
riskadj,20,0,0.2,equal,21,0.7162224315065111,0.9986473823775571,0.08919048082077809,-0.26518566363566387,0.5443037974683544,56.08523435047965,0.28677248023045454,2404
riskadj,20,0,0.2,rank,1,0.867989237136848,1.3280528358874892,0.1793541752996628,-0.272966791575184,0.5822784810126582,297.5562031764539,1.452481448684774,2404
riskadj,20,0,0.2,rank,5,0.6618412953723775,1.0162050524035997,-0.028263684675555033,-0.3210440141040437,0.5569620253164557,128.7039742592097,0.640449146318653,2404
riskadj,20,0,0.2,rank,10,0.5803574592489135,0.8637632308750544,,-0.3248347145986644,0.5443037974683544,87.65213035963058,0.43904890354746284,2404
riskadj,20,0,0.2,rank,21,0.7298984503769599,1.0315536663817748,0.02968756609052705,-0.2272347376325995,0.5949367088607594,56.46785889230065,0.28864121741185694,2404
riskadj,20,0,0.2,volinv,1,0.560211992054682,0.8094063090033246,,-0.2967661321998435,0.5316455696202531,326.7885388899142,1.5713144653340816,2404
riskadj,20,0,0.2,volinv,5,0.623711480265458,0.8779367899472662,-0.061140300153791564,-0.3159816441257425,0.620253164556962,135.85591773004094,0.6605799457726135,2404
riskadj,20,0,0.2,volinv,10,0.5584487250405099,0.7641404365617751,,-0.33365165232316185,0.5949367088607594,89.9707523623891,0.43896183596616223,2404
riskadj,20,0,0.2,volinv,21,0.7075243838372112,0.9653653587677371,-0.023445862107219058,-0.27355961395168404,0.5949367088607594,56.56583948337694,0.2813655821212574,2404
riskadj,20,0,0.3,equal,1,0.8817907695311203,1.3975846686106859,0.1640364402953464,-0.28474409172913817,0.5063291139240507,242.9550691485655,1.171479778309596,2404
riskadj,20,0,0.3,equal,5,0.927116748838663,1.4643771937743983,0.232370675996583,-0.21580136325201904,0.5569620253164557,109.17460049187362,0.5300897625759021,2404
riskadj,20,0,0.3,equal,10,0.6449474443070037,0.9822093825630074,-0.057004819800100706,-0.36622487156245653,0.5822784810126582,76.42951241881417,0.372773373408221,2404
riskadj,20,0,0.3,equal,21,0.7086229262438475,1.00827583619823,0.015935134630723647,-0.24614043523915707,0.620253164556962,50.51287374039866,0.24872296644704847,2404
riskadj,20,0,0.3,rank,1,0.9193828979251398,1.438068307193096,0.1931683020779733,-0.26926708906991437,0.5316455696202531,260.43405176165174,1.2135964315485221,2404
riskadj,20,0,0.3,rank,5,0.8712137288057046,1.365110863211451,0.21547378599821185,-0.243783527348852,0.5316455696202531,115.02398816257585,0.551839694503119,2404
riskadj,20,0,0.3,rank,10,0.6474292222485881,0.9812237725975428,-0.05256476647285453,-0.34428441525643494,0.5443037974683544,79.60338034412908,0.38633543163963147,2404
riskadj,20,0,0.3,rank,21,0.7520584131970216,1.0766601596091863,0.04952031480563589,-0.22565953591351828,0.5822784810126582,52.12445252355113,0.257487771090007,2404
riskadj,20,0,0.3,volinv,1,0.6333876091875827,0.9430281539803053,-0.07711194308265404,-0.3141815675548102,0.5443037974683544,274.3094848842451,1.2786075238433607,2404
riskadj,20,0,0.3,volinv,5,0.891082664040826,1.3240158378367881,0.21754501455361958,-0.2522080530853624,0.569620253164557,118.06049871836606,0.5566935545714085,2404
riskadj,20,0,0.3,volinv,10,0.6825876252627583,0.9739736509624677,-0.004814537526883625,-0.3519801264654099,0.5569620253164557,80.27643010463926,0.38073488450630855,2404
riskadj,20,0,0.3,volinv,21,0.6971454029118505,0.976737227771308,0.026438628574777055,-0.24518736379524342,0.569620253164557,51.23384357243137,0.2459248786544833,2404
riskadj,20,2,0.1,equal,1,-0.032760169550606066,-0.03241648680100259,,-0.43187982928198887,0.5316455696202531,345.8640601703754,1.869179944041413,2404
riskadj,20,2,0.1,equal,5,0.5030572002267213,0.7894690906658739,,-0.32496907939414355,0.5189873417721519,147.91779934596553,0.801224000757675,2404
riskadj,20,2,0.1,equal,10,0.826872159137669,1.3453396461102771,0.1589688157715172,-0.32887073612028783,0.5949367088607594,98.78447260857978,0.5345354377514225,2404
riskadj,20,2,0.1,equal,21,0.885916016791001,1.4428067756933496,0.19258478415423494,-0.24200314334100947,0.620253164556962,59.048378157913575,0.3235184588596951,2404
riskadj,20,2,0.1,rank,1,-0.020673008643959778,-0.02079204890631169,,-0.42674413697205216,0.5316455696202531,348.5417193168061,1.8595411798043011,2404
riskadj,20,2,0.1,rank,5,0.5097595196450245,0.7569355626560388,,-0.32681188735187994,0.5063291139240507,148.3727765332142,0.8000586389275652,2404
riskadj,20,2,0.1,rank,10,0.822179620163717,1.250758003703778,0.0672007552294909,-0.32263672996481585,0.5949367088607594,99.06244404492561,0.5349402410184911,2404
riskadj,20,2,0.1,rank,21,0.8652648900263307,1.4150122463788424,0.1929033452299768,-0.2403775842658189,0.6329113924050633,59.131205195586425,0.32382080190214046,2404
riskadj,20,2,0.1,volinv,1,-0.15770336218458023,-0.15387732183472821,,-0.50784535816031,0.4810126582278481,390.5006171286049,2.0072014714440103,2404
riskadj,20,2,0.1,volinv,5,0.49338032524397596,0.749109655550482,,-0.34898229555815063,0.5063291139240507,157.17317810887607,0.8171537684633934,2404
riskadj,20,2,0.1,volinv,10,0.7667232480078945,1.113645045101488,0.1284926703008186,-0.33091112615201246,0.620253164556962,101.50435761697973,0.5291236668435266,2404
riskadj,20,2,0.1,volinv,21,0.7424921228553558,1.0576989105453307,0.02231172803958154,-0.28348543402326776,0.5569620253164557,59.24943980263222,0.31473734719030216,2404
riskadj,20,2,0.2,equal,1,0.29741989405020086,0.4560631904036608,,-0.30216963565763044,0.4936708860759494,288.5348433649159,1.443353473172348,2404
riskadj,20,2,0.2,equal,5,0.1834868761996899,0.2671478088779023,,-0.4175359087571986,0.4936708860759494,124.99747678393861,0.624132506877803,2404
riskadj,20,2,0.2,equal,10,0.4099669342308873,0.5939999990364443,,-0.37392336324712416,0.5316455696202531,86.95783855508867,0.4378507780805156,2404
riskadj,20,2,0.2,equal,21,0.762034085313291,1.1561588427290275,0.04941315528111992,-0.21234547349529076,0.5316455696202531,55.35133388966692,0.2816713035363242,2404
riskadj,20,2,0.2,rank,1,0.2994047331127669,0.4510043210088047,,-0.3174633640374046,0.5063291139240507,295.89074818417754,1.4458267514149266,2404
riskadj,20,2,0.2,rank,5,0.23995392624778372,0.34421600217471054,,-0.3948309597608276,0.5189873417721519,127.01481483787518,0.629087725080107,2404
riskadj,20,2,0.2,rank,10,0.4619940620650747,0.660732915775406,,-0.3605657070166598,0.5316455696202531,88.1018413345938,0.44212775696025897,2404
riskadj,20,2,0.2,rank,21,0.7709759589733743,1.174774165740001,0.10578355734712293,-0.20843065799754779,0.5063291139240507,55.780885544623025,0.2842870799342695,2404
riskadj,20,2,0.2,volinv,1,0.13836108732972444,0.1982574246647625,,-0.34199972852066685,0.4936708860759494,327.0566351739266,1.5729086449088236,2404
riskadj,20,2,0.2,volinv,5,0.07771919749082752,0.10467158324519552,,-0.47443105841514166,0.5063291139240507,134.00148638537388,0.6473512070884715,2404
riskadj,20,2,0.2,volinv,10,0.35576983237234383,0.4858303992645359,,-0.3749668259500455,0.5189873417721519,90.3108861293669,0.4413714876636333,2404
riskadj,20,2,0.2,volinv,21,0.7615758159999507,1.089787685132974,0.07197617374098009,-0.2317001947425149,0.569620253164557,55.74886036179389,0.27665035680982547,2404
riskadj,20,2,0.3,equal,1,0.2534228097106903,0.3956788919982044,,-0.3405360917010517,0.4936708860759494,242.92389483339213,1.172540613922981,2404
riskadj,20,2,0.3,equal,5,0.3522127949781068,0.5328352763271579,,-0.33197532089021997,0.5063291139240507,109.00282693012298,0.5270350102949678,2404
riskadj,20,2,0.3,equal,10,0.6432892607977826,0.931650129173417,-0.0677349196817309,-0.3265678410464504,0.5443037974683544,76.36601113400702,0.3718712971352059,2404
riskadj,20,2,0.3,equal,21,0.762681881103059,1.1361448672242098,0.11270548958880332,-0.25578209446501465,0.5949367088607594,49.860255636134035,0.24456999914454666,2404
riskadj,20,2,0.3,rank,1,0.28220415115464936,0.4322500381544864,,-0.3376163563576561,0.4936708860759494,260.18122431307233,1.2142847398464767,2404
riskadj,20,2,0.3,rank,5,0.3470079374804894,0.5133320325341041,,-0.34320333592398256,0.5189873417721519,114.27257104367922,0.5455265235407651,2404
riskadj,20,2,0.3,rank,10,0.6202029705821925,0.8978932683853671,-0.07100178985169196,-0.33730158686849265,0.5443037974683544,79.73776938527952,0.38650233026462344,2404
riskadj,20,2,0.3,rank,21,0.8073782414743307,1.2226774803746618,0.15456581974560882,-0.23854695025997663,0.5822784810126582,51.47118375465692,0.2537681976782253,2404
riskadj,20,2,0.3,volinv,1,0.1054895758190851,0.1557922990518378,,-0.4225594750086219,0.45569620253164556,277.928119341243,1.296872710563329,2404
riskadj,20,2,0.3,volinv,5,0.353463467918429,0.5003041633455038,,-0.3755060004254399,0.5189873417721519,118.03099907615191,0.5536386237956743,2404
riskadj,20,2,0.3,volinv,10,0.6064138238985585,0.8456758454304876,-0.04612648060539461,-0.297508976382557,0.5822784810126582,80.11629905165509,0.3793676761167288,2404
riskadj,20,2,0.3,volinv,21,0.7862067743452076,1.111279866196277,0.10111527259506263,-0.22243429788716063,0.5949367088607594,50.64106294826943,0.24259380613587378,2404
riskadj,20,7,0.1,equal,1,0.2514174834647946,0.39576593682296674,,-0.2823165880725871,0.4810126582278481,343.1253198695922,1.86808433761301,2404
riskadj,20,7,0.1,equal,5,0.6922276724625557,1.0606917819580917,0.06073268226447662,-0.2413252641047854,0.5569620253164557,145.65208306254175,0.796559458201076,2404
riskadj,20,7,0.1,equal,10,0.6639357047323068,1.059894376538699,-0.007544922616969136,-0.32608636337587227,0.5443037974683544,97.19116911911381,0.5287869616391025,2404
riskadj,20,7,0.1,equal,21,0.5247178001998585,0.8111536391573718,,-0.3005146727993998,0.5316455696202531,59.531114054036706,0.33296312004533246,2404
riskadj,20,7,0.1,rank,1,0.26765553922578167,0.42499952805998736,,-0.2803409713885183,0.4810126582278481,345.9831248817654,1.8598469812915877,2404
riskadj,20,7,0.1,rank,5,0.6943750233814876,1.0870379327222706,0.043492060327355,-0.23930482580820556,0.5569620253164557,146.093838473713,0.795834131942863,2404
riskadj,20,7,0.1,rank,10,0.672967080333679,1.0577539001439242,-0.004527183574951347,-0.3259701612120173,0.5443037974683544,97.37797400236707,0.5290439217178808,2404
riskadj,20,7,0.1,rank,21,0.5635898567367028,0.8635964230646173,,-0.2963409232668388,0.5316455696202531,59.599375824250785,0.33370380465570004,2404
riskadj,20,7,0.1,volinv,1,0.3002703177247014,0.4445488012438637,,-0.33195344734567733,0.5189873417721519,391.2730105714796,2.02798159026141,2404
riskadj,20,7,0.1,volinv,5,0.9007229389323986,1.3114715136938588,0.2077547651306126,-0.22580494769808124,0.6075949367088608,156.12411932112917,0.8186059025707535,2404
riskadj,20,7,0.1,volinv,10,0.9863167418696467,1.6107965793851733,0.35093669593712984,-0.32200185680122917,0.620253164556962,101.01039177793861,0.527592074995834,2404
riskadj,20,7,0.1,volinv,21,0.5239892560643669,0.7801713299048199,,-0.2920040117068322,0.5443037974683544,60.131211452485275,0.32520272948643814,2404
riskadj,20,7,0.2,equal,1,0.20860794238002284,0.31830058372209824,,-0.2993718724567329,0.4936708860759494,284.67425027332945,1.4291489180960504,2404
riskadj,20,7,0.2,equal,5,0.4893606989117541,0.7142071445783691,,-0.2852609953316779,0.5822784810126582,124.47775963684703,0.6253134300566121,2404
riskadj,20,7,0.2,equal,10,0.34209478230954793,0.47697785994306885,,-0.3681494202444534,0.5316455696202531,86.00244070849509,0.4332703661579557,2404
riskadj,20,7,0.2,equal,21,0.48818385809877746,0.7343826413179376,,-0.3897559271857749,0.5316455696202531,55.8215933183321,0.2844910248078956,2404
riskadj,20,7,0.2,rank,1,0.25409988493378605,0.3925070217216545,,-0.2865133586647862,0.4810126582278481,292.316796165575,1.4340800756734364,2404
riskadj,20,7,0.2,rank,5,0.5368416042722665,0.7886719370915355,,-0.2855817356053203,0.5822784810126582,126.39712919027603,0.6305486400530735,2404
riskadj,20,7,0.2,rank,10,0.38528302710179896,0.538277255272333,,-0.35468050240475957,0.5316455696202531,87.14283182111912,0.4381107668007692,2404
riskadj,20,7,0.2,rank,21,0.5227637540158322,0.7836360379700341,,-0.3745702998025954,0.5569620253164557,56.306258193191184,0.28839347121456116,2404
riskadj,20,7,0.2,volinv,1,0.19733734916393084,0.29082355084347455,,-0.37556507100823866,0.45569620253164556,325.1069956157089,1.5715063732783903,2404
riskadj,20,7,0.2,volinv,5,0.6253989875350319,0.8803810999484322,-0.047438811191637766,-0.27975812090178387,0.5569620253164557,135.0739896456122,0.6565657449580181,2404
riskadj,20,7,0.2,volinv,10,0.6658804136526205,0.9023583064866153,0.010728663973170433,-0.2726348455043892,0.5569620253164557,90.0986615437596,0.43907777221462185,2404
riskadj,20,7,0.2,volinv,21,0.33005430655959517,0.4652067827117447,,-0.4117898584746753,0.5822784810126582,56.72423944620871,0.28160438595641996,2404
riskadj,20,7,0.3,equal,1,0.14923786270231046,0.2289974830468825,,-0.2800280215944462,0.5063291139240507,241.63559071189962,1.16277770529642,2404
riskadj,20,7,0.3,equal,5,0.4551931913205561,0.65962343383777,,-0.29680483246428546,0.5063291139240507,108.6200686550013,0.5279497921979333,2404
riskadj,20,7,0.3,equal,10,0.03276804347424983,0.04585814246650498,,-0.4421515057823767,0.4936708860759494,76.77540537798109,0.3755255718978421,2404
riskadj,20,7,0.3,equal,21,0.5070098409845304,0.7474456371360194,,-0.31396707649122113,0.5063291139240507,49.89950859236622,0.24636805840355894,2404
riskadj,20,7,0.3,rank,1,0.22805168178479804,0.35628798843967524,,-0.2737851373095508,0.4936708860759494,258.263859792256,1.2046342348211847,2404
riskadj,20,7,0.3,rank,5,0.536622164825029,0.7974532114655574,,-0.27915818415158233,0.5316455696202531,113.81371377016642,0.5466696621183658,2404
riskadj,20,7,0.3,rank,10,0.17761165158327402,0.25157881394731046,,-0.41445860593870576,0.5063291139240507,79.70543794675692,0.3878374448922297,2404
riskadj,20,7,0.3,rank,21,0.5640256942787217,0.8354330199291221,,-0.3313999792275002,0.5316455696202531,51.58008770035833,0.25590542167994795,2404
riskadj,20,7,0.3,volinv,1,0.020945475147307775,0.029924531689102602,,-0.3838200368536788,0.4430379746835443,278.0579345235904,1.2966215840568727,2404
riskadj,20,7,0.3,volinv,5,0.6156654268000775,0.853985422626181,0.0008685625356524481,-0.25473893969601247,0.5063291139240507,118.78364978678943,0.5599705182834398,2404
riskadj,20,7,0.3,volinv,10,0.20419610127367613,0.2675950910057763,,-0.3867518937433214,0.5189873417721519,81.26553396306326,0.3860554205907559,2404
riskadj,20,7,0.3,volinv,21,0.3685637996347629,0.5158020449006775,,-0.3180224243133818,0.5443037974683544,50.82964692483733,0.24488624726944036,2404
riskadj,30,0,0.1,equal,1,0.00901674637986896,0.009650767452959903,,-0.45662466719217765,0.4810126582278481,283.6765953467302,1.5276242800995727,2404
riskadj,30,0,0.1,equal,5,0.7944076187752857,1.4215753068286672,0.18834185016708582,-0.24237525049858388,0.5443037974683544,122.68721810477328,0.6644475402978383,2404
riskadj,30,0,0.1,equal,10,0.9406007734455292,1.6869590395862257,0.38576307565541523,-0.2003650866476866,0.569620253164557,83.48062873345071,0.4511006123725615,2404
riskadj,30,0,0.1,equal,21,0.5600845139601284,0.7572080512855973,,-0.23232109309351845,0.4810126582278481,52.949119702070156,0.2868358609066791,2404
riskadj,30,0,0.1,rank,1,0.024601775719210472,0.026542787559260917,,-0.4580121755117913,0.46835443037974683,286.5513764442062,1.5207948969685166,2404
riskadj,30,0,0.1,rank,5,0.801168481206945,1.4076122950196603,0.21527729545613836,-0.2438067413466326,0.5569620253164557,123.14985681586256,0.6632102492726861,2404
riskadj,30,0,0.1,rank,10,0.9436932046890273,1.6579370526562345,0.3754211036095625,-0.20063793207152059,0.569620253164557,83.49789460852715,0.4500775162800336,2404
riskadj,30,0,0.1,rank,21,0.5678252981834631,0.768079362957991,,-0.2233826825007753,0.46835443037974683,52.89584267832769,0.28603630674403985,2404
riskadj,30,0,0.1,volinv,1,-0.05848725249016754,-0.06145826276153689,,-0.4804038319684808,0.5443037974683544,323.16188569300306,1.6557702863466506,2404
riskadj,30,0,0.1,volinv,5,0.7865303042503338,1.2900936725747358,0.2281229697149266,-0.24255552132445368,0.620253164556962,132.65321111401244,0.6882689934742758,2404
riskadj,30,0,0.1,volinv,10,0.9635535874041862,1.6271278688510569,0.3956709261123873,-0.2396234218843727,0.6075949367088608,87.7379181526809,0.4566756748412131,2404
riskadj,30,0,0.1,volinv,21,0.6281812986016866,0.8293656584135569,-0.05057544063683455,-0.2545166831941369,0.5189873417721519,53.71901374998579,0.28187527445302774,2404
riskadj,30,0,0.2,equal,1,0.8179516045297723,1.3015521337359375,0.1533425304782424,-0.22643410997782976,0.6075949367088608,234.85370426349107,1.172523220654969,2404
riskadj,30,0,0.2,equal,5,0.7218939482774729,1.1424410562990808,0.06043914744243196,-0.27870256234114144,0.5316455696202531,104.58964399443549,0.5263579901132449,2404
riskadj,30,0,0.2,equal,10,0.5441282816630699,0.8271157069341787,,-0.27274644748198895,0.5189873417721519,73.63668456445663,0.3703774224483874,2404
riskadj,30,0,0.2,equal,21,0.43537189256869857,0.5996181673430983,,-0.26952251267701743,0.5316455696202531,48.792399184662365,0.2466983111147923,2404
riskadj,30,0,0.2,rank,1,0.8298011456553347,1.3293329168022063,0.1554485200490136,-0.21051556166030616,0.569620253164557,240.85310867554554,1.1704926593159621,2404
riskadj,30,0,0.2,rank,5,0.7896296339146239,1.2556167022505407,0.17615451471516852,-0.24698750423827487,0.5316455696202531,106.12981534482307,0.528363949503635,2404
riskadj,30,0,0.2,rank,10,0.6367205640488248,0.9747219793749626,-0.06147990667618635,-0.25903621289537127,0.5443037974683544,74.40642163752341,0.37257372239236386,2404
riskadj,30,0,0.2,rank,21,0.46219846571485274,0.6500982770346283,,-0.25818592141828856,0.5443037974683544,49.0906983422358,0.24802063281704848,2404
riskadj,30,0,0.2,volinv,1,0.7160483527796411,1.08313905014884,0.021489150609412,-0.29421154071495026,0.5443037974683544,271.47694582072984,1.301980461246334,2404
riskadj,30,0,0.2,volinv,5,0.8041114423139043,1.201886431089125,0.13557902936950247,-0.32272570356484653,0.6075949367088608,114.9007731758588,0.5598342926294967,2404
riskadj,30,0,0.2,volinv,10,0.558917159864344,0.7967930003494527,,-0.3226405551371011,0.5443037974683544,78.34225426654642,0.3828291999315034,2404
riskadj,30,0,0.2,volinv,21,0.5477051129417391,0.7460675270454037,,-0.3043289550721615,0.6075949367088608,49.91974152586513,0.2460106344937727,2404
riskadj,30,0,0.3,equal,1,0.9213253105746836,1.4762554316288596,0.2819333032292002,-0.26907279801274386,0.569620253164557,201.20212585691488,0.9678768002458937,2404
riskadj,30,0,0.3,equal,5,0.8174007389479911,1.2918116885201572,0.17467721999564037,-0.2708980443397775,0.5569620253164557,91.11207724148429,0.44409388817468554,2404
riskadj,30,0,0.3,equal,10,0.3775581206740738,0.5609216836920369,,-0.3413252920751101,0.4936708860759494,64.27358292835919,0.31380585454974896,2404
riskadj,30,0,0.3,equal,21,0.6467570220117997,0.9139300151354718,-0.02813224375257854,-0.192974160061257,0.5063291139240507,43.060382673529,0.21140646276055192,2404
riskadj,30,0,0.3,rank,1,0.9194436315406386,1.4796547183951254,0.30578679320331464,-0.22475789088980336,0.569620253164557,213.5049263590843,0.9901224365070252,2404
riskadj,30,0,0.3,rank,5,0.8685509432472079,1.3821611795356277,0.24871159498063297,-0.23374453942818707,0.5189873417721519,95.18968692598784,0.4563614670999004,2404
riskadj,30,0,0.3,rank,10,0.5510009668248338,0.8337265088861563,,-0.30384301976832895,0.5443037974683544,66.87658121803528,0.3237652642191975,2404
riskadj,30,0,0.3,rank,21,0.6058590340732681,0.8654807051444695,-0.06082390192088168,-0.20115563795589497,0.5316455696202531,44.52944602955562,0.21791994477140125,2404
riskadj,30,0,0.3,volinv,1,0.7504928977947601,1.1270658746873667,0.11098088847594148,-0.3011365158814957,0.5443037974683544,235.07596501511946,1.0928702846748173,2404
riskadj,30,0,0.3,volinv,5,0.8715147395910144,1.2949904295967818,0.21641966330627702,-0.3053618370979052,0.6075949367088608,101.47987311836859,0.4798879749763698,2404
riskadj,30,0,0.3,volinv,10,0.35582014313762766,0.49725389159648975,,-0.3675100118599417,0.5316455696202531,69.50518317821839,0.3298400747918673,2404
riskadj,30,0,0.3,volinv,21,0.7444495840843907,1.02234651854817,0.0907116999645435,-0.2091303758490377,0.569620253164557,44.22760845280226,0.21173194574256954,2404
riskadj,30,2,0.1,equal,1,0.24894007662728687,0.3299317413621509,,-0.3913345482824315,0.5316455696202531,283.05037241451265,1.5376779627194304,2404
riskadj,30,2,0.1,equal,5,0.41518036712747336,0.571387621843027,,-0.30022457860089413,0.5063291139240507,122.04943446361402,0.656689833587726,2404
riskadj,30,2,0.1,equal,10,0.6338773389275661,0.8345585440418145,-0.019990947116632674,-0.3452682020210578,0.5569620253164557,82.41948611681349,0.44466669108126367,2404
riskadj,30,2,0.1,equal,21,0.4653541562969011,0.5907715814026298,,-0.23094082787808068,0.4936708860759494,52.50537912024428,0.2841009892158944,2404
riskadj,30,2,0.1,rank,1,0.23246659570033149,0.3054238670625621,,-0.4043658725354302,0.5316455696202531,285.922917605173,1.5306823341366347,2404
riskadj,30,2,0.1,rank,5,0.3960020967161356,0.5173076068520956,,-0.32446416813448464,0.5063291139240507,122.4138598848499,0.6550402907523496,2404
riskadj,30,2,0.1,rank,10,0.6254607615913943,0.7861912436535018,-0.05995680850781527,-0.3684897829556171,0.5443037974683544,82.54488203174336,0.44413153309495207,2404
riskadj,30,2,0.1,rank,21,0.501273734244975,0.6368656527117186,,-0.22694747904422896,0.4810126582278481,52.462210732815734,0.28371588927072894,2404
riskadj,30,2,0.1,volinv,1,0.23180837206769678,0.29228402787595914,,-0.3907519882477821,0.5316455696202531,323.1424782168622,1.6666758573648714,2404
riskadj,30,2,0.1,volinv,5,0.4418152401202357,0.5592235759675057,,-0.3058151044215731,0.620253164556962,131.8420267598653,0.6807145914764351,2404
riskadj,30,2,0.1,volinv,10,0.7792797196177915,0.993561166654813,0.09604296897522945,-0.3507927137727249,0.6455696202531646,86.58977870936933,0.4500923493166378,2404
riskadj,30,2,0.1,volinv,21,0.616223821599436,0.7679855648661452,-0.062049234262241175,-0.22799517185071627,0.5063291139240507,53.31033663023125,0.2801655539659512,2404
riskadj,30,2,0.2,equal,1,0.6194415485863471,0.9935883746678961,0.01852057111756644,-0.24691322124559079,0.5189873417721519,231.9869913217904,1.160210998106573,2404
riskadj,30,2,0.2,equal,5,0.7000809669247796,1.0852566293016146,0.07569333079709933,-0.23010257345993457,0.5822784810126582,104.16625451463409,0.5246234185364145,2404
riskadj,30,2,0.2,equal,10,0.699892461972612,1.0648222561897487,-0.009771776065365894,-0.23540361752169248,0.5443037974683544,72.52501831831549,0.3667900654420064,2404
riskadj,30,2,0.2,equal,21,0.5555511088782393,0.8004541887669488,,-0.22626802534176438,0.4810126582278481,48.55850461137671,0.2468026839088564,2404
riskadj,30,2,0.2,rank,1,0.6443881248432864,1.038147862038268,0.02019668722215169,-0.22482163336017447,0.5443037974683544,238.06841801981722,1.1591286437723647,2404
riskadj,30,2,0.2,rank,5,0.708758610831148,1.109030905082654,0.05179600135197088,-0.22553763616891576,0.5569620253164557,105.58680339071758,0.525305056574061,2404
riskadj,30,2,0.2,rank,10,0.72999189867024,1.1015253466033768,-0.003161399068275584,-0.226394839589944,0.5443037974683544,73.26037228710825,0.36844322123776957,2404
riskadj,30,2,0.2,rank,21,0.5967347189990592,0.8750408707757088,,-0.2188827015350654,0.5063291139240507,48.946358369002354,0.24882471269302736,2404
riskadj,30,2,0.2,volinv,1,0.5056414755371531,0.7686551378880512,,-0.3355009109547763,0.5316455696202531,267.15135834720843,1.2822188461921016,2404
riskadj,30,2,0.2,volinv,5,0.8175725600005868,1.2120262998277018,0.16034088318019682,-0.2949695730794786,0.6075949367088608,114.50945613629737,0.5571012282504006,2404
riskadj,30,2,0.2,volinv,10,0.7221825822135671,1.045539977270688,0.030398152022427356,-0.21800475207329462,0.5822784810126582,77.29445982809887,0.37862314931595775,2404
riskadj,30,2,0.2,volinv,21,0.5890085460841811,0.8129575007373359,,-0.24547398839976164,0.5316455696202531,49.712210308852406,0.2466536151042668,2404
riskadj,30,2,0.3,equal,1,0.4930155262038725,0.7776412360840026,,-0.2704840169316921,0.5316455696202531,201.6884008238494,0.973758983537097,2404
riskadj,30,2,0.3,equal,5,0.5693083516328703,0.8766892895941256,,-0.24491386920039315,0.5316455696202531,89.78790010542936,0.4368832778293396,2404
riskadj,30,2,0.3,equal,10,0.37917873489112747,0.5724971402522259,,-0.27708607181702016,0.5063291139240507,64.11348099067594,0.31289216929613894,2404
riskadj,30,2,0.3,equal,21,0.6461674268422087,0.9559542538376204,-0.033934274192842055,-0.24453265428583526,0.5443037974683544,43.54895223549642,0.21421614436849012,2404
riskadj,30,2,0.3,rank,1,0.5730310062015019,0.9206946051644324,,-0.24623967659834534,0.5316455696202531,213.33996447108456,0.9925165817784314,2404
riskadj,30,2,0.3,rank,5,0.6394845570049026,0.998017496362138,0.05564909316017588,-0.2238079232556971,0.5443037974683544,94.02974670395756,0.44969348407193077,2404
riskadj,30,2,0.3,rank,10,0.529985992785828,0.799607272796362,,-0.24732101868284784,0.5443037974683544,66.4842162278674,0.32214363901859644,2404
riskadj,30,2,0.3,rank,21,0.6588850324859808,0.9854806622042142,-0.0365092125023311,-0.23135854331841377,0.5189873417721519,44.89536925212061,0.2205791830876988,2404
riskadj,30,2,0.3,volinv,1,0.46707100746170666,0.6949226853355095,,-0.3088901794283403,0.4936708860759494,234.55695304921355,1.093235197638391,2404
riskadj,30,2,0.3,volinv,5,0.6380015198215266,0.9290017784754594,-0.05768727095169004,-0.2992737135209629,0.5443037974683544,100.01335137239643,0.4714972114107566,2404
riskadj,30,2,0.3,volinv,10,0.48150827847925,0.7053347312474642,,-0.3238551777739581,0.5822784810126582,69.31264453406145,0.3284342998877354,2404
riskadj,30,2,0.3,volinv,21,0.6765814426095245,0.9525365840715343,-0.05024152784745112,-0.2628597125023544,0.5949367088607594,45.09668506371846,0.21693650715352913,2404
riskadj,30,7,0.1,equal,1,0.13043195468762758,0.16589634283058455,,-0.254806105109588,0.4936708860759494,281.29154583009694,1.5228339430657782,2404
riskadj,30,7,0.1,equal,5,0.2584967304934046,0.32322842986556305,,-0.2829624682264309,0.5189873417721519,121.47361860097617,0.6583724466183507,2404
riskadj,30,7,0.1,equal,10,0.4028008704834363,0.5545469452205257,,-0.34566322597600396,0.4936708860759494,83.12747149327033,0.4482499544464053,2404
riskadj,30,7,0.1,equal,21,0.515521613455519,0.6081237275170024,,-0.2626972341283573,0.569620253164557,53.609042394309334,0.2931010269152696,2404
riskadj,30,7,0.1,rank,1,0.1530817156399096,0.19529792679581298,,-0.25035474018161596,0.4810126582278481,284.07019355741687,1.5154504529546862,2404
riskadj,30,7,0.1,rank,5,0.30795472744703956,0.38733352096128804,,-0.2719750190177106,0.5189873417721519,121.73667369073817,0.6559947120031404,2404
riskadj,30,7,0.1,rank,10,0.4274755666571284,0.5914957938192932,,-0.33120653400030176,0.4936708860759494,83.14863181219965,0.44770967476366,2404
riskadj,30,7,0.1,rank,21,0.5324344694269603,0.6419714287317366,,-0.25836577359375246,0.5569620253164557,53.7023965357661,0.29357584285482896,2404
riskadj,30,7,0.1,volinv,1,0.1019788126835606,0.1255212336337406,,-0.3529101496554312,0.4810126582278481,322.32880997458113,1.656985139798436,2404
riskadj,30,7,0.1,volinv,5,0.5659162935669273,0.7039787357739994,,-0.26701974331590017,0.569620253164557,131.2231492143908,0.6811443386107316,2404
riskadj,30,7,0.1,volinv,10,0.6061536051089194,0.8424352122251156,-0.0605564149419963,-0.32007884489100025,0.5316455696202531,87.12852956917409,0.4507432528452065,2404
riskadj,30,7,0.1,volinv,21,0.6194410856133662,0.7502546554704818,-0.01408960886733904,-0.24281346527195202,0.569620253164557,54.552443294915086,0.29003116380659955,2404
riskadj,30,7,0.2,equal,1,0.07552290567395184,0.11380140540061917,,-0.2644809476766814,0.5063291139240507,230.83837031575604,1.1590265388788477,2404
riskadj,30,7,0.2,equal,5,0.12483370929332196,0.1750911029982323,,-0.3109136125334214,0.5316455696202531,103.58378894192859,0.523066008240099,2404
riskadj,30,7,0.2,equal,10,0.006880268673591809,0.009406269875939325,,-0.39049892945167486,0.4936708860759494,72.50100419317681,0.36830156588473045,2404
riskadj,30,7,0.2,equal,21,0.5895284539096078,0.8876922003173572,,-0.22595358390955944,0.5949367088607594,48.44522941735521,0.2489081016655812,2404
riskadj,30,7,0.2,rank,1,0.1407228579777863,0.21334779666827441,,-0.237856831663945,0.4810126582278481,236.7504048965943,1.156295903213837,2404
riskadj,30,7,0.2,rank,5,0.1861336230038246,0.26149377523909806,,-0.2872123049674077,0.5443037974683544,104.80968234134438,0.5232873222823236,2404
riskadj,30,7,0.2,rank,10,0.06789056867101353,0.09287027841342471,,-0.36807068888357297,0.46835443037974683,73.20520696589905,0.3698151389688008,2404
riskadj,30,7,0.2,rank,21,0.5998456124962771,0.880074046787509,,-0.22515368647572132,0.5822784810126582,48.88209080722007,0.2514297946659203,2404
riskadj,30,7,0.2,volinv,1,0.05970573779749323,0.0868663224491965,,-0.328022682433068,0.4936708860759494,266.2280088493481,1.282860555264527,2404
riskadj,30,7,0.2,volinv,5,0.24829815249731896,0.34039955242559683,,-0.3184519865498644,0.5822784810126582,113.70752528770029,0.5541430249227559,2404
riskadj,30,7,0.2,volinv,10,0.17849673338097974,0.24376301625582456,,-0.3700197357290558,0.5316455696202531,77.6082920200285,0.3803932052940838,2404
riskadj,30,7,0.2,volinv,21,0.5114793062643228,0.7221283056726902,,-0.22785511595825347,0.5949367088607594,50.071445269416294,0.25108680828017715,2404
riskadj,30,7,0.3,equal,1,-0.07019751891118536,-0.10372316778718184,,-0.3596310059451766,0.4810126582278481,197.3824216776627,0.9539534724613591,2404
riskadj,30,7,0.3,equal,5,0.10904710395552333,0.15889475489266952,,-0.3439339770379003,0.5316455696202531,89.271391378927,0.4354671301545871,2404
riskadj,30,7,0.3,equal,10,0.044701050107176274,0.06262210434783357,,-0.396658911228573,0.4810126582278481,63.81864015612161,0.313614974673065,2404
riskadj,30,7,0.3,equal,21,0.4329993626696573,0.6702868626946255,,-0.2616809608539892,0.4936708860759494,43.45666317107851,0.21429884827718737,2404
riskadj,30,7,0.3,rank,1,0.05017585692094054,0.07501546400454023,,-0.26643354241923445,0.5063291139240507,209.6426750846538,0.9759247148212098,2404
riskadj,30,7,0.3,rank,5,0.18632469642550062,0.2686934694295287,,-0.30268021206703977,0.5443037974683544,93.16241868165739,0.44665897943454025,2404
riskadj,30,7,0.3,rank,10,0.0924926005138878,0.12884489680829864,,-0.36498000673637343,0.4936708860759494,66.19185456179267,0.3226005557228007,2404
riskadj,30,7,0.3,rank,21,0.5118108615345333,0.7787056641644775,,-0.25311067001905574,0.5063291139240507,44.651220360635925,0.22072512256270155,2404
riskadj,30,7,0.3,volinv,1,-0.1652553185466384,-0.22949770201693323,,-0.4016386547364894,0.5316455696202531,229.98994466282576,1.072994747583723,2404
riskadj,30,7,0.3,volinv,5,0.2701012106821434,0.3834003580662,,-0.36877845127793996,0.5949367088607594,98.95253320307636,0.46741294863900906,2404
riskadj,30,7,0.3,volinv,10,0.1505024822126371,0.20376967824064357,,-0.39887297114828735,0.5316455696202531,68.85906633093538,0.32760755172343226,2404
riskadj,30,7,0.3,volinv,21,0.48660538452430796,0.7129747843080826,,-0.2911125834193964,0.5822784810126582,45.17847094429812,0.21776465769920775,2404
riskadj,45,0,0.1,equal,1,0.7643524962164111,1.0888293362462307,0.09157701843459547,-0.2278355823241237,0.5443037974683544,232.78757610952547,1.2462403885929723,2404
riskadj,45,0,0.1,equal,5,0.7713833683490818,1.0748350832005125,0.1561947381363426,-0.1884628030833737,0.5443037974683544,101.86932749593488,0.5501055378607169,2404
riskadj,45,0,0.1,equal,10,0.9627348558810072,1.2706626017728777,0.3552445955905066,-0.20244572577933706,0.5569620253164557,69.94265858356988,0.3748785552385545,2404
riskadj,45,0,0.1,equal,21,1.0702601174873863,1.741519996646243,0.4986742445989682,-0.24672293006649426,0.620253164556962,46.243908570677874,0.24760342415374884,2404
riskadj,45,0,0.1,rank,1,0.7685566741292611,1.0912523524949092,0.1006278242031606,-0.22317835510839323,0.5443037974683544,234.474617314988,1.2358606827942593,2404
riskadj,45,0,0.1,rank,5,0.7637608484577219,1.060739311838605,0.15598886933514491,-0.189501847098538,0.5443037974683544,102.01562062131842,0.5474968639815598,2404
riskadj,45,0,0.1,rank,10,0.9423711551061443,1.2252041670817573,0.3391266329254872,-0.20738338417182545,0.5316455696202531,69.9129296395301,0.3734909787669998,2404
riskadj,45,0,0.1,rank,21,1.0560192496448129,1.7023245426564328,0.46286011709463254,-0.25100960247742876,0.5949367088607594,46.124917765029316,0.24673581131783318,2404
riskadj,45,0,0.1,volinv,1,0.6686519663532702,0.8976448435470136,0.013200559626688894,-0.2654213407026108,0.5569620253164557,268.22902571136945,1.365664009627527,2404
riskadj,45,0,0.1,volinv,5,0.7591931476811714,0.9880527736532336,0.06454680482008948,-0.2080715047266346,0.569620253164557,111.76186499503304,0.5771039405151384,2404
riskadj,45,0,0.1,volinv,10,0.9144035832847128,1.122802075527501,0.2493444804874226,-0.20947506837028906,0.569620253164557,74.76485734182747,0.3838607037608198,2404
riskadj,45,0,0.1,volinv,21,0.9982467737725313,1.5249325522915234,0.373051320563062,-0.28352456307769913,0.620253164556962,47.99374648059702,0.24869563140517556,2404
riskadj,45,0,0.2,equal,1,0.692135000510369,1.032580253295205,0.04939017239019835,-0.20238313560703924,0.5443037974683544,198.71330327862168,1.0086853132750084,2404
riskadj,45,0,0.2,equal,5,0.8209299454117803,1.204762106262668,0.19133784008344426,-0.1985759613831014,0.5822784810126582,85.84396517173312,0.4324976503811461,2404
riskadj,45,0,0.2,equal,10,0.4784870066054039,0.6239666020758412,,-0.2625266503220036,0.5189873417721519,60.47458547778935,0.30288153629977466,2404
riskadj,45,0,0.2,equal,21,0.8548604935924022,1.253284848340446,0.23065132072529446,-0.2425344995522356,0.6075949367088608,40.46443993556961,0.20558198552582702,2404
riskadj,45,0,0.2,rank,1,0.73744114501888,1.115581746695029,0.07472509773036541,-0.2008385347452557,0.5316455696202531,202.4283386004357,1.0005399427283983,2404
riskadj,45,0,0.2,rank,5,0.8565382495422114,1.2694844796252498,0.18248142109279034,-0.1979611997891907,0.569620253164557,87.0199297586885,0.4335567142538969,2404
riskadj,45,0,0.2,rank,10,0.5612587241596976,0.7415438884418776,,-0.239275859662611,0.5189873417721519,60.827331961779116,0.3026041107757188,2404
riskadj,45,0,0.2,rank,21,0.8487633441293597,1.3076606048406687,0.2065343367763158,-0.23809574992021343,0.5949367088607594,40.71280313785701,0.20697288944855446,2404
riskadj,45,0,0.2,volinv,1,0.6062583347050948,0.8683299156559021,-0.057266196520588085,-0.29743554353792745,0.569620253164557,233.91783871485674,1.1371811866450097,2404
riskadj,45,0,0.2,volinv,5,0.7815270118566507,1.0595920088975632,0.11691651769302704,-0.2320035228200702,0.620253164556962,96.82356563808334,0.4701281752931174,2404
riskadj,45,0,0.2,volinv,10,0.45129438045807757,0.5573851928465106,,-0.3031160690268978,0.5316455696202531,66.05589833623972,0.31984337374153937,2404
riskadj,45,0,0.2,volinv,21,0.9555538208285705,1.3630347698410339,0.3123461250607229,-0.27037104934557354,0.6075949367088608,42.57639311634442,0.21054329615031844,2404
riskadj,45,0,0.3,equal,1,0.5990306644936748,0.9085189329741593,,-0.2604087759705729,0.5063291139240507,165.81904325493744,0.8024385621211851,2404
riskadj,45,0,0.3,equal,5,0.7874087186190686,1.192609689768263,0.15318783873605094,-0.17617103166515669,0.5822784810126582,74.94811088331252,0.3656607198924504,2404
riskadj,45,0,0.3,equal,10,0.543462134832837,0.7772423937481986,,-0.29811027136619106,0.5189873417721519,53.18317928139412,0.25758790516250774,2404
riskadj,45,0,0.3,equal,21,0.8438566468585877,1.2426484377191493,0.20627718159816114,-0.2432811550157138,0.5949367088607594,35.959794887262376,0.1748123187980523,2404
riskadj,45,0,0.3,rank,1,0.6997894888724954,1.0709463819813094,0.048540441848029144,-0.24245651446301697,0.5569620253164557,175.82388642302266,0.817911588668178,2404
riskadj,45,0,0.3,rank,5,0.8670598385412093,1.320773732990903,0.24205174400603613,-0.1874953637026382,0.5569620253164557,77.89986561757273,0.3726950843707064,2404
riskadj,45,0,0.3,rank,10,0.644074360574444,0.9181312796136851,-0.030977992250764533,-0.2627427650454113,0.5316455696202531,54.618094202285334,0.26132978453428857,2404
riskadj,45,0,0.3,rank,21,0.8550903328590804,1.306483915723036,0.26270336246014525,-0.2231215481618053,0.5822784810126582,36.841768225209336,0.1788299971733646,2404
riskadj,45,0,0.3,volinv,1,0.4008211217967542,0.5702987965341215,,-0.3102776779123394,0.5063291139240507,197.07370940421933,0.919870494771382,2404
riskadj,45,0,0.3,volinv,5,0.7540905763832019,1.0731860398128366,0.06828468063921452,-0.22084938711494362,0.569620253164557,85.09544799919388,0.4014069971398827,2404
riskadj,45,0,0.3,volinv,10,0.5187169837984105,0.708936035492804,,-0.3233572936824014,0.5316455696202531,59.00144104428151,0.27749423618347924,2404
riskadj,45,0,0.3,volinv,21,0.8537457690846209,1.2262639591523352,0.17787834599586663,-0.2743696648965357,0.6455696202531646,38.348883431786334,0.1819028299383028,2404
riskadj,45,2,0.1,equal,1,0.7705854097510927,1.1387210900659077,0.11275086029987673,-0.2133955700819502,0.5443037974683544,230.2202324958931,1.2309438535365358,2404
riskadj,45,2,0.1,equal,5,0.6015814967780795,0.8108582880921917,-0.02980608473423929,-0.24128220559810465,0.5569620253164557,99.04947737458696,0.5279544008135254,2404
riskadj,45,2,0.1,equal,10,0.9394792462948695,1.2973270574934839,0.25110303922231736,-0.27590051307577856,0.620253164556962,68.89777855868411,0.36888958874318467,2404
riskadj,45,2,0.1,equal,21,0.8851870539390012,1.2805433444358443,0.34030489412514564,-0.23212154768563698,0.6075949367088608,45.489068571126246,0.2444761220229841,2404
riskadj,45,2,0.1,rank,1,0.7224352075191323,1.0467595361196391,0.08105822252989722,-0.21692126895279007,0.5189873417721519,232.29893940997536,1.222523426195157,2404
riskadj,45,2,0.1,rank,5,0.6007052932291979,0.8097694909033107,-0.04666529516295656,-0.24479377940549518,0.5569620253164557,99.42041055258787,0.5266470601500556,2404
riskadj,45,2,0.1,rank,10,0.9466701313440513,1.3031896902773656,0.30217782852615727,-0.2748885402827438,0.6075949367088608,68.94552183650933,0.36800499386037766,2404
riskadj,45,2,0.1,rank,21,0.8623395437318294,1.2496793532569477,0.2861155765406562,-0.23893703282562206,0.5949367088607594,45.488297483655316,0.24422273084606907,2404
riskadj,45,2,0.1,volinv,1,0.637296937138625,0.8811464379295977,0.005786314005594894,-0.214761703107057,0.569620253164557,265.6240450680806,1.3467257861451538,2404
riskadj,45,2,0.1,volinv,5,0.5684861618062439,0.714677059481306,,-0.2975952812785829,0.5316455696202531,108.6736718179665,0.5540197556942064,2404
riskadj,45,2,0.1,volinv,10,0.8718537616601983,1.1667806331815884,0.20581845212615518,-0.2711153316905598,0.6075949367088608,74.00748630650148,0.38056342911829344,2404
riskadj,45,2,0.1,volinv,21,0.7750101556238491,1.0360882459972989,0.1582656532628609,-0.2557484932680758,0.5822784810126582,47.27986760296262,0.24522409604386083,2404
riskadj,45,2,0.2,equal,1,0.5744651650413835,0.8769652119686192,,-0.23308675862354167,0.5569620253164557,198.10405690078733,1.0093862185709306,2404
riskadj,45,2,0.2,equal,5,0.6055792573518073,0.8459458090482954,-0.004223300374831925,-0.21775914692370502,0.5822784810126582,86.81635111113927,0.4328468303689528,2404
riskadj,45,2,0.2,equal,10,0.7930530310514495,1.0643571536425167,0.1249160956639709,-0.289428600838856,0.5443037974683544,61.55963070857313,0.30832620045881115,2404
riskadj,45,2,0.2,equal,21,0.6915580091893225,1.0573500516325418,-0.002936186086882381,-0.21025784802823044,0.5949367088607594,41.57859519680772,0.212127737612212,2404
riskadj,45,2,0.2,rank,1,0.5734913736804876,0.8787677916052151,,-0.23391977973776057,0.5443037974683544,201.8567856301872,1.0012596743798816,2404
riskadj,45,2,0.2,rank,5,0.6331941897042187,0.896840825178831,0.03960554634458709,-0.2263117571394132,0.5569620253164557,87.35945767955204,0.4298509265689675,2404
riskadj,45,2,0.2,rank,10,0.8351698359291592,1.114715580456513,0.16802381423649437,-0.276630962772346,0.5822784810126582,61.61242150746573,0.30625333871077864,2404
riskadj,45,2,0.2,rank,21,0.6956731448390275,1.0801608203665936,-0.012171037559991642,-0.20636354666470802,0.5822784810126582,41.59573290141697,0.21218453276746135,2404
riskadj,45,2,0.2,volinv,1,0.382136787361327,0.5346678213134435,,-0.2658902446223188,0.5569620253164557,232.98585326702747,1.1352345595633477,2404
riskadj,45,2,0.2,volinv,5,0.6715061343380893,0.8863168548620213,0.08765464219010305,-0.1903536590012328,0.620253164556962,97.61825175036154,0.46905454545315006,2404
riskadj,45,2,0.2,volinv,10,0.7660260797531444,0.9922798237335456,0.07394567358743907,-0.26890347361626743,0.5822784810126582,67.3053912161984,0.32593451152578373,2404
riskadj,45,2,0.2,volinv,21,0.5447008164358333,0.7528865485127078,,-0.268988832646213,0.5949367088607594,43.54053433702494,0.21541075198774556,2404
riskadj,45,2,0.3,equal,1,0.5646764128461315,0.8480087979209013,,-0.21990740804970954,0.5316455696202531,166.46894794072304,0.8064213919348104,2404
riskadj,45,2,0.3,equal,5,0.5009644568697398,0.7132885948453614,,-0.2548039634268259,0.5189873417721519,75.30096740522465,0.36413863483044834,2404
riskadj,45,2,0.3,equal,10,0.7640567831200299,1.0724833589223848,0.06860818047705344,-0.24587824546297843,0.569620253164557,54.08518148481508,0.26159845076035193,2404
riskadj,45,2,0.3,equal,21,0.7759986375895478,1.1724604811338388,0.0948891657312045,-0.19514756727838345,0.569620253164557,36.668122856107296,0.17891037286550637,2404
riskadj,45,2,0.3,rank,1,0.6088910931375006,0.9280632508508767,-0.044604866604835654,-0.20744753763413348,0.5443037974683544,176.28660355450924,0.8214787060858655,2404
riskadj,45,2,0.3,rank,5,0.5911073911680764,0.8494247005966883,,-0.22259488806592997,0.5443037974683544,77.84511890894879,0.3684963634215318,2404
riskadj,45,2,0.3,rank,10,0.8437081714463397,1.164324060914499,0.16577952956924913,-0.2589686967653384,0.5569620253164557,55.417353767391724,0.2650709061595785,2404
riskadj,45,2,0.3,rank,21,0.7899427872592812,1.2258576621828863,0.14346945632006095,-0.19687086268986997,0.5949367088607594,37.52506431547871,0.18275407765371554,2404
riskadj,45,2,0.3,volinv,1,0.3806116789766251,0.5398871899255769,,-0.3197530191524689,0.5316455696202531,196.26434938517122,0.9161797877441775,2404
riskadj,45,2,0.3,volinv,5,0.5043905809597183,0.6780149610951608,,-0.3108225733472114,0.569620253164557,85.6729586661927,0.40091509854602014,2404
riskadj,45,2,0.3,volinv,10,0.7083877231763241,0.962124881760409,0.02935510976608209,-0.2862213175016888,0.5822784810126582,59.82964183359737,0.2810082727331482,2404
riskadj,45,2,0.3,volinv,21,0.6663997684706058,0.9609094193563872,-0.00429137859778392,-0.24474903465514153,0.6075949367088608,39.04628660618496,0.1858874429609601,2404
riskadj,45,7,0.1,equal,1,0.48883730243659496,0.6853427214699421,,-0.22050903035250546,0.5443037974683544,234.4913647583926,1.2595325923381022,2404
riskadj,45,7,0.1,equal,5,0.7136558752614229,1.2020769984736157,0.13596961959040121,-0.29517180038729973,0.6455696202531646,100.47861303334622,0.5413830350024254,2404
riskadj,45,7,0.1,equal,10,0.23493366938831525,0.3248348037072252,,-0.4134996854667652,0.46835443037974683,70.40348495533482,0.37972303579989086,2404
riskadj,45,7,0.1,equal,21,0.3202516749791289,0.42549674722512093,,-0.50223404095741,0.4810126582278481,45.611194957745695,0.24607010964023496,2404
riskadj,45,7,0.1,rank,1,0.47351010500060414,0.659857258575432,,-0.22489930424238425,0.5316455696202531,236.42725194444964,1.250081220656499,2404
riskadj,45,7,0.1,rank,5,0.7255170919471091,1.2297822897251296,0.09089674633948808,-0.292828236134829,0.6329113924050633,100.70934228622585,0.539269239754183,2404
riskadj,45,7,0.1,rank,10,0.2578793081438895,0.3550286576892931,,-0.40267372750183716,0.46835443037974683,70.3122644704767,0.3785675994226741,2404
riskadj,45,7,0.1,rank,21,0.30491931349908824,0.4071058671640107,,-0.499869867549955,0.46835443037974683,45.46080001717873,0.24519144499741746,2404
riskadj,45,7,0.1,volinv,1,0.4170689814236487,0.5387842480644199,,-0.24329848870718085,0.5189873417721519,270.8913704246055,1.3792230855576502,2404
riskadj,45,7,0.1,volinv,5,0.8142691264885924,1.3287942278956968,0.2189591824214587,-0.30084022299486235,0.5949367088607594,110.44024800478944,0.567085460262919,2404
riskadj,45,7,0.1,volinv,10,0.2365418609137578,0.30567739086913004,,-0.4785962465623794,0.5063291139240507,75.21549015434292,0.3886488535028351,2404
riskadj,45,7,0.1,volinv,21,0.5540976122528334,0.7199994872180628,,-0.5063685482774007,0.4810126582278481,47.521073871797334,0.2481378353826662,2404
riskadj,45,7,0.2,equal,1,0.3680533536889602,0.47930072990524614,,-0.27394095444641486,0.5316455696202531,196.6098011484542,0.9988921723657741,2404
riskadj,45,7,0.2,equal,5,0.5097920550927104,0.6821570686429964,,-0.31280089405007405,0.5316455696202531,85.91117847581849,0.4283918386465906,2404
riskadj,45,7,0.2,equal,10,0.2286735526882862,0.3025668053179164,,-0.4234663973808068,0.4936708860759494,61.5776042957448,0.3092016638750761,2404
riskadj,45,7,0.2,equal,21,0.216067888483623,0.2802117885303408,,-0.4154270987074532,0.5822784810126582,40.84853237469382,0.20774470458545052,2404
riskadj,45,7,0.2,rank,1,0.40365661470828335,0.5390002602203545,,-0.2651296664837135,0.5443037974683544,200.6258502225272,0.9922398058240026,2404
riskadj,45,7,0.2,rank,5,0.537372684054499,0.7158393738166183,,-0.3080966561741597,0.5316455696202531,86.72038771842746,0.4272097793856651,2404
riskadj,45,7,0.2,rank,10,0.23332575921269577,0.31018184903380247,,-0.418991768059675,0.4936708860759494,62.06731880497458,0.3101678895115066,2404
riskadj,45,7,0.2,rank,21,0.24468109437412344,0.32250056465483756,,-0.419461403686201,0.5949367088607594,40.950330318522624,0.20826733827324284,2404
riskadj,45,7,0.2,volinv,1,0.2124250953063162,0.2602003720843281,,-0.3626139580625749,0.569620253164557,230.6909695999069,1.1203631514710033,2404
riskadj,45,7,0.2,volinv,5,0.5048539834898711,0.6470542740762786,,-0.3379765888054167,0.5443037974683544,96.21775495126285,0.46225047602749897,2404
riskadj,45,7,0.2,volinv,10,0.21103962586961514,0.27210207241730533,,-0.46501726542975297,0.4936708860759494,66.79137988875334,0.32438521401977816,2404
riskadj,45,7,0.2,volinv,21,0.16570609919749346,0.2089576986589965,,-0.45216592648550247,0.6075949367088608,42.98911024303123,0.212950938779921,2404
riskadj,45,7,0.3,equal,1,0.34040231695644335,0.47281756541723713,,-0.28247684092908965,0.5316455696202531,167.29301204944665,0.8131753589452179,2404
riskadj,45,7,0.3,equal,5,0.5688700232130102,0.7586178530799721,,-0.2560944896798856,0.5189873417721519,76.03804150576795,0.3706958473342064,2404
riskadj,45,7,0.3,equal,10,0.31699393542734955,0.42447915031419153,,-0.36285422137491485,0.4936708860759494,53.760904167022154,0.2620524976100459,2404
riskadj,45,7,0.3,equal,21,0.47784287856934227,0.632058973882708,,-0.2837173122352329,0.6075949367088608,36.48199248657479,0.17918753158817902,2404
riskadj,45,7,0.3,rank,1,0.4133345227121291,0.5791203177994257,,-0.26679258481657975,0.5443037974683544,176.80059139430054,0.8260453462728645,2404
riskadj,45,7,0.3,rank,5,0.5924978541988845,0.7917952863310543,,-0.269802909015881,0.5316455696202531,78.33370289259902,0.3732999355258492,2404
riskadj,45,7,0.3,rank,10,0.3086589685398053,0.4140106871317987,,-0.3778218694962253,0.5063291139240507,55.489845431077725,0.26748204252506846,2404
riskadj,45,7,0.3,rank,21,0.4408986046564025,0.5824753266648206,,-0.32324014687600466,0.6075949367088608,37.1612169029458,0.18228367228232822,2404
riskadj,45,7,0.3,volinv,1,0.2943225545149793,0.3923416678495889,,-0.349340551194231,0.5822784810126582,198.06361310555408,0.9272487471292181,2404
riskadj,45,7,0.3,volinv,5,0.6318112664523056,0.8198368133940158,0.01738675456954673,-0.2707716066183956,0.6329113924050633,85.85257346146174,0.4043089754405931,2404
riskadj,45,7,0.3,volinv,10,0.34304500862344145,0.45234167821552745,,-0.40233440693579936,0.5189873417721519,59.36653928508414,0.2800383559195896,2404
riskadj,45,7,0.3,volinv,21,0.37365902500019305,0.4702012039963272,,-0.3396711120594579,0.620253164556962,38.74579004133007,0.1859028830339795,2404
riskadj,60,0,0.1,equal,1,0.4767653748729536,0.6711174482768025,,-0.28198231256727535,0.5569620253164557,205.30131514171742,1.0909725219477417,2404
riskadj,60,0,0.1,equal,5,0.5813994727262631,0.8072417643239591,,-0.23390510780083706,0.5189873417721519,89.88713229950262,0.48162410541184186,2404
riskadj,60,0,0.1,equal,10,0.8629018517874828,1.287613367683172,0.22642509110215372,-0.25163007544087423,0.569620253164557,62.61873219606348,0.3362084820129313,2404
riskadj,60,0,0.1,equal,21,0.5061652754840321,0.7851941200685703,,-0.4290563073496455,0.5316455696202531,41.61369889476006,0.22199160378609312,2404
riskadj,60,0,0.1,rank,1,0.48611804547721177,0.679217168101825,,-0.2846368740149716,0.5569620253164557,206.39556241306647,1.0791920014169292,2404
riskadj,60,0,0.1,rank,5,0.5875310948218504,0.8099268540501574,,-0.23744683581549453,0.5443037974683544,89.69872908515593,0.47705579061506576,2404
riskadj,60,0,0.1,rank,10,0.8580799329501068,1.257703680793322,0.22991906339290524,-0.24851729484886642,0.5569620253164557,62.41100543922078,0.3337667091841981,2404
riskadj,60,0,0.1,rank,21,0.47750735277642864,0.7322542997617151,,-0.4373085982794843,0.5316455696202531,41.450005676245986,0.2208713119161146,2404
riskadj,60,0,0.1,volinv,1,0.32405854407099705,0.4416166755948372,,-0.30492287248657035,0.5316455696202531,241.67557801836028,1.2160466756482418,2404
riskadj,60,0,0.1,volinv,5,0.5307134300951774,0.707931548795133,,-0.32039027771032624,0.5316455696202531,101.0011121003218,0.5167448682420405,2404
riskadj,60,0,0.1,volinv,10,0.7457936740480392,1.0212416919105007,0.12922108073740962,-0.2611083200090696,0.569620253164557,67.76892580457714,0.34931225107178077,2404
riskadj,60,0,0.1,volinv,21,0.43112625637017804,0.6316886681511151,,-0.4905857525563877,0.5443037974683544,43.5222124303805,0.22580624314057218,2404
riskadj,60,0,0.2,equal,1,0.5374385543320315,0.731831976229084,,-0.22880168906296694,0.5443037974683544,169.89018971085775,0.8542123536344488,2404
riskadj,60,0,0.2,equal,5,0.6714902740012155,1.0253094239901337,-0.015312401938867477,-0.19623669387130105,0.569620253164557,76.78691861327754,0.3882369787891532,2404
riskadj,60,0,0.2,equal,10,0.9037201015430878,1.3860317272896587,0.24223729197860605,-0.1960771280390865,0.5569620253164557,54.32046040912787,0.2729989303000995,2404
riskadj,60,0,0.2,equal,21,0.5437729241877833,0.7131628716646682,,-0.3928042468807421,0.569620253164557,37.1856400115539,0.18879495669054008,2404
riskadj,60,0,0.2,rank,1,0.5497773664020644,0.7494417108960626,,-0.22676593803242617,0.569620253164557,173.08386785161682,0.8444452534344473,2404
riskadj,60,0,0.2,rank,5,0.7309293078762297,1.1402483172154656,0.09767297063916823,-0.204570866590024,0.5822784810126582,77.03207591671551,0.38392585978547866,2404
riskadj,60,0,0.2,rank,10,0.9449154471292057,1.4801620711433148,0.29060793946256247,-0.21292426273835607,0.569620253164557,54.377785325061524,0.2712588993809627,2404
riskadj,60,0,0.2,rank,21,0.5040883912237302,0.6596459634672162,,-0.39467493096196915,0.5569620253164557,37.1553988337278,0.1883572836612583,2404
riskadj,60,0,0.2,volinv,1,0.4180884974045678,0.553226773678936,,-0.275237495216886,0.5443037974683544,199.6042950073832,0.9614094353240299,2404
riskadj,60,0,0.2,volinv,5,0.7245696279837457,1.0927223337507157,-0.02351815270321727,-0.2651250833727222,0.5949367088607594,86.40905549782647,0.4210910798499793,2404
riskadj,60,0,0.2,volinv,10,0.8226661509569172,1.2174761082457866,0.13961320412017977,-0.2895763806670367,0.5443037974683544,59.73017610289295,0.28961378493218953,2404
riskadj,60,0,0.2,volinv,21,0.523454391787493,0.668351789467908,,-0.4371549239593311,0.6075949367088608,39.482879790245725,0.19551237280991676,2404
riskadj,60,0,0.3,equal,1,0.47393493186155905,0.6362608116608542,,-0.2552864853109854,0.5443037974683544,145.28049853038513,0.7009096096816541,2404
riskadj,60,0,0.3,equal,5,0.7173363686722625,1.1389755099410055,0.08892379778263793,-0.2620417380656449,0.569620253164557,66.74155483192368,0.32819559259031583,2404
riskadj,60,0,0.3,equal,10,0.901930814386058,1.3953208423093513,0.23841239194120173,-0.2454684759373863,0.5316455696202531,47.50302732403815,0.23160315640334822,2404
riskadj,60,0,0.3,equal,21,0.46120617255946256,0.6119417532137194,,-0.3711789974113142,0.5443037974683544,32.78571562585909,0.1597705735165305,2404
riskadj,60,0,0.3,rank,1,0.52463063380734,0.7084154743937152,,-0.25496067231432795,0.5316455696202531,152.6304732234411,0.7054686189350383,2404
riskadj,60,0,0.3,rank,5,0.7828481008048753,1.2532618284404788,0.1258448661957494,-0.23908498175548787,0.6075949367088608,68.61593945055262,0.32944228560516986,2404
riskadj,60,0,0.3,rank,10,0.956000308798208,1.5000567063330932,0.3361645631611176,-0.23827029838452685,0.5822784810126582,48.57383245849969,0.23348768684989632,2404
riskadj,60,0,0.3,rank,21,0.4761404495502786,0.6370631897690991,,-0.39278799157391453,0.5569620253164557,33.397165204285294,0.16243035982543486,2404
riskadj,60,0,0.3,volinv,1,0.3856067458140411,0.4996038355479116,,-0.3237814322725353,0.5822784810126582,174.21517546168363,0.8092943163456421,2404
riskadj,60,0,0.3,volinv,5,0.6960323353803118,1.0560888193689175,0.02413309831984852,-0.3257631969377711,0.5569620253164557,76.15989406999994,0.3615924101078085,2404
riskadj,60,0,0.3,volinv,10,0.8027777502142522,1.1955216920198595,0.19060204402871753,-0.28316557222895167,0.5822784810126582,53.12915907182698,0.2509054853926043,2404
riskadj,60,0,0.3,volinv,21,0.4375766075548472,0.5667740347707613,,-0.4127160401873673,0.5569620253164557,35.22519483647117,0.16748022188809386,2404
riskadj,60,2,0.1,equal,1,0.3494326480656707,0.4796543361764354,,-0.2849845933938193,0.5822784810126582,206.98923630542225,1.1029858736890599,2404
riskadj,60,2,0.1,equal,5,0.5154622903096868,0.7745182779468661,,-0.4229885276245794,0.569620253164557,89.80856838370053,0.48359178035776423,2404
riskadj,60,2,0.1,equal,10,0.9307405453719128,1.3631262422042552,0.270534196613085,-0.2815888152269742,0.5443037974683544,61.54779024284199,0.33022972944523993,2404
riskadj,60,2,0.1,equal,21,0.36098181461512785,0.5517632971766245,,-0.5311955242603329,0.4936708860759494,41.448075562532466,0.22143200582062972,2404
riskadj,60,2,0.1,rank,1,0.3687843968105629,0.5018464116719202,,-0.2787300079625765,0.5569620253164557,207.83436799864774,1.0897834040102685,2404
riskadj,60,2,0.1,rank,5,0.5369026943049531,0.8089376021243014,,-0.4242385460379855,0.569620253164557,89.58797859187673,0.4788256548607368,2404
riskadj,60,2,0.1,rank,10,0.9360263814636782,1.3748990237800447,0.25972149696431207,-0.2851565276604886,0.5443037974683544,61.31177171216665,0.32772283691486137,2404
riskadj,60,2,0.1,rank,21,0.3619538024391196,0.548264308193714,,-0.5231565796690346,0.5063291139240507,41.24700435627319,0.2200918070609905,2404
riskadj,60,2,0.1,volinv,1,0.19187293996578825,0.25419430066764287,,-0.35676824984523225,0.5316455696202531,243.80057475197978,1.2266935407568031,2404
riskadj,60,2,0.1,volinv,5,0.5137011416999662,0.753371184992478,,-0.4139686695625686,0.5189873417721519,100.40723201856323,0.5156708708018423,2404
riskadj,60,2,0.1,volinv,10,0.9007555159654157,1.2530203207345658,0.2752605907632783,-0.2930621382403127,0.5443037974683544,66.8042893252811,0.34364879339538135,2404
riskadj,60,2,0.1,volinv,21,0.3637716890625087,0.5270807928746425,,-0.5403271953929984,0.4936708860759494,43.200936621953375,0.22415025570832012,2404
riskadj,60,2,0.2,equal,1,0.6669353236887462,1.1986220092131517,0.00951869129285615,-0.2604248987358181,0.5822784810126582,171.1832037797558,0.8647403122379524,2404
riskadj,60,2,0.2,equal,5,0.6790183167022069,1.170878620179269,-0.02778003606146096,-0.28730954643612205,0.569620253164557,77.75113297733179,0.39217384105022157,2404
riskadj,60,2,0.2,equal,10,0.8762489654074016,1.5093781300361893,0.2191349658312632,-0.2828566908120994,0.569620253164557,55.42480475608164,0.27957973110235945,2404
riskadj,60,2,0.2,equal,21,0.5834354991753087,0.886005609582129,,-0.3648105744292597,0.620253164556962,36.955501418180525,0.18526565509333667,2404
riskadj,60,2,0.2,rank,1,0.6990824787808791,1.2663926718336846,0.02327319760360284,-0.2536976959285434,0.5569620253164557,174.0017450474376,0.8527246247499555,2404
riskadj,60,2,0.2,rank,5,0.7106732801931952,1.2304250321791876,0.014259818254394317,-0.2810593917269645,0.569620253164557,77.6945259715098,0.38660449160877447,2404
riskadj,60,2,0.2,rank,10,0.8978705270887427,1.5557791689208833,0.24237804821731973,-0.2894137079223409,0.569620253164557,55.29463247359426,0.27709460160295735,2404
riskadj,60,2,0.2,rank,21,0.526465242478543,0.7976913915730847,,-0.39716914825324867,0.5949367088607594,36.83505862060965,0.18444587477541535,2404
riskadj,60,2,0.2,volinv,1,0.5974782429305466,1.0530408709228243,,-0.34841454461798116,0.5822784810126582,200.48294087521393,0.9686346552307378,2404
riskadj,60,2,0.2,volinv,5,0.7639787290748207,1.2972605117575686,0.14916946620665053,-0.3289021711748822,0.620253164556962,86.81215051230286,0.42221613371471267,2404
riskadj,60,2,0.2,volinv,10,0.8270411232456228,1.3891157750231968,0.2541189612445112,-0.3072341282745511,0.5949367088607594,60.63619684178818,0.2957942208654439,2404
riskadj,60,2,0.2,volinv,21,0.577826341669447,0.8491031914634266,,-0.4343764892384515,0.6455696202531646,39.49050949358386,0.19304768869085542,2404
riskadj,60,2,0.3,equal,1,0.5538150265428224,0.9771022953799541,,-0.31250874117375926,0.5443037974683544,144.38602121307122,0.6980955104022167,2404
riskadj,60,2,0.3,equal,5,0.6329621443375617,1.0929696173320993,-0.07696080677544997,-0.3185984856844225,0.5569620253164557,66.84540675146349,0.32230599353827716,2404
riskadj,60,2,0.3,equal,10,0.6561110314675271,1.1105295399528552,-0.0023959478138636066,-0.28659952909166475,0.5443037974683544,47.642719302655905,0.23002671723430132,2404
riskadj,60,2,0.3,equal,21,0.46795439483059315,0.6164787512431891,,-0.3014256839594972,0.6075949367088608,32.917299627090976,0.15971090266672403,2404
riskadj,60,2,0.3,rank,1,0.6336173539764864,1.132354149774584,-0.039954469262992495,-0.27585428192822403,0.5443037974683544,152.05674271482684,0.7047398013127513,2404
riskadj,60,2,0.3,rank,5,0.6822071047891751,1.184926081736867,-0.025979674619718465,-0.31057315784065076,0.5949367088607594,68.59817824418717,0.3245708255631897,2404
riskadj,60,2,0.3,rank,10,0.7513043421025941,1.286738416067854,0.10474110972672088,-0.29093967392576536,0.569620253164557,48.95234861244087,0.2340217930277367,2404
riskadj,60,2,0.3,rank,21,0.454186863605766,0.6148377279932037,,-0.3522022795710994,0.569620253164557,33.40307391702479,0.16148317567927467,2404
riskadj,60,2,0.3,volinv,1,0.4710937961210575,0.8027862758256301,,-0.39373398017544226,0.5822784810126582,172.98915777870607,0.8046613573844631,2404
riskadj,60,2,0.3,volinv,5,0.6502777232708067,1.0838274384821955,0.026788933662865982,-0.373611791914387,0.5949367088607594,76.28060133179092,0.3557659803611374,2404
riskadj,60,2,0.3,volinv,10,0.6274670621140216,1.0349843988013698,0.04141144016538045,-0.34106359524443974,0.569620253164557,53.37771413489092,0.25017202641658276,2404
riskadj,60,2,0.3,volinv,21,0.4555869602601155,0.5866087489201826,,-0.3302238971597399,0.6329113924050633,35.40091459453477,0.16762887969329673,2404
riskadj,60,7,0.1,equal,1,0.32253064405271165,0.47579019177803733,,-0.3250002274787587,0.5316455696202531,207.4397272125663,1.1091506235846431,2404
riskadj,60,7,0.1,equal,5,0.6388069258554003,0.9367050919340647,0.001508880836328263,-0.3251328517475387,0.569620253164557,89.50220528692375,0.4815043056314864,2404
riskadj,60,7,0.1,equal,10,0.44478505979913247,0.6194520997807621,,-0.384035258774731,0.5189873417721519,62.904001483180174,0.34006725104420216,2404
riskadj,60,7,0.1,equal,21,0.3994606983786372,0.5750373785637599,,-0.4374682877147935,0.5063291139240507,40.53005543678693,0.21570574380140006,2404
riskadj,60,7,0.1,rank,1,0.3281747930677469,0.48581226186102233,,-0.32873463599836805,0.5443037974683544,208.04811628666178,1.0948276508817387,2404
riskadj,60,7,0.1,rank,5,0.6361352912188908,0.9203622226849831,0.012915924228990064,-0.32628880502192936,0.5569620253164557,89.15087191730571,0.4762733738369687,2404
riskadj,60,7,0.1,rank,10,0.4660705091539543,0.6516552085568794,,-0.37128112056931795,0.5189873417721519,62.59677683541524,0.33737436520496195,2404
riskadj,60,7,0.1,rank,21,0.42063485800453554,0.6074319701199598,,-0.4212037062627244,0.5063291139240507,40.36030280870697,0.21485805860484433,2404
riskadj,60,7,0.1,volinv,1,0.31315106555006555,0.417547379950305,,-0.38559054730365305,0.5063291139240507,242.7063248071129,1.2261498682832208,2404
riskadj,60,7,0.1,volinv,5,0.8310432907455495,1.1610863430917178,0.2505100977001543,-0.32690332670616085,0.5822784810126582,99.3445279854418,0.5079892102707553,2404
riskadj,60,7,0.1,volinv,10,0.48371293451806646,0.6329220549541403,,-0.4322397016868543,0.5443037974683544,67.27424355943374,0.34671697541169766,2404
riskadj,60,7,0.1,volinv,21,0.4470798203938356,0.6250729160363994,,-0.45420219404722606,0.5063291139240507,42.14814735791864,0.2159670711757544,2404
riskadj,60,7,0.2,equal,1,0.44821344818852576,0.6643170402439655,,-0.3111430236488081,0.4810126582278481,172.58159614972192,0.8711120153597964,2404
riskadj,60,7,0.2,equal,5,0.7076005240548406,0.9894760676619184,0.021536480287699826,-0.2752802741575463,0.5949367088607594,77.12971822279583,0.3885642557313651,2404
riskadj,60,7,0.2,equal,10,0.5161416451396773,0.735962775899004,,-0.35703146874039726,0.569620253164557,55.13494592519355,0.2772834690312558,2404
riskadj,60,7,0.2,equal,21,0.4508302724489514,0.6478468082040134,,-0.38735077370747184,0.5443037974683544,36.774038048981545,0.18446217464673487,2404
riskadj,60,7,0.2,rank,1,0.49846364007509253,0.751323060775924,,-0.3053524654082326,0.5063291139240507,175.14779166260507,0.8583269073021715,2404
riskadj,60,7,0.2,rank,5,0.7169579619462649,1.0052538632372419,0.03925478231837301,-0.29142718661118583,0.5822784810126582,77.1532910420676,0.3836134205115095,2404
riskadj,60,7,0.2,rank,10,0.5204210989528247,0.7496340329065957,,-0.352668880019784,0.569620253164557,55.03929407237228,0.2749531909934728,2404
riskadj,60,7,0.2,rank,21,0.47534630142994827,0.6868663721892407,,-0.38799252626973735,0.5443037974683544,36.66631121980771,0.18374329671860004,2404
riskadj,60,7,0.2,volinv,1,0.47042768716510175,0.6757311747383049,,-0.37303891529595234,0.5316455696202531,200.97151285984418,0.9696523023814334,2404
riskadj,60,7,0.2,volinv,5,0.7972071232497273,1.0773261837594008,0.19154700464128538,-0.2809263896008337,0.620253164556962,86.10259304621424,0.4178253464642652,2404
riskadj,60,7,0.2,volinv,10,0.6914092143535076,0.9480609843766572,0.06462622102651464,-0.3300192992785479,0.5949367088607594,60.02744585647132,0.2914696983551747,2404
riskadj,60,7,0.2,volinv,21,0.5961565446619416,0.8389024167567763,,-0.38832412465667976,0.5443037974683544,39.02005064698073,0.19023461028528452,2404
riskadj,60,7,0.3,equal,1,0.490828142692842,0.7324570628494746,,-0.36485535456863605,0.4936708860759494,143.9338714493844,0.698896611458804,2404
riskadj,60,7,0.3,equal,5,0.447486939163304,0.6181980069767561,,-0.3101599402267107,0.5443037974683544,66.31627864183429,0.3202085579176414,2404
riskadj,60,7,0.3,equal,10,0.38998593095029804,0.5235918371080349,,-0.41032051865772223,0.5316455696202531,47.5611323879579,0.23049449142838332,2404
riskadj,60,7,0.3,equal,21,0.5589765609104472,0.8172074085881896,,-0.3760070800586366,0.5949367088607594,32.63410139154846,0.15842412712194903,2404
riskadj,60,7,0.3,rank,1,0.5464166033434646,0.8288742662587835,,-0.34192591687304463,0.5063291139240507,152.2829906838021,0.7086578091969706,2404
riskadj,60,7,0.3,rank,5,0.5762171379930534,0.8007824905954921,,-0.3098574349099724,0.5569620253164557,68.38909291601742,0.32395260453235086,2404
riskadj,60,7,0.3,rank,10,0.4450196856170778,0.6167997320706107,,-0.39702999955869445,0.5569620253164557,48.823102020234685,0.23388281598897012,2404
riskadj,60,7,0.3,rank,21,0.578635254748066,0.8556783540913728,,-0.39160517658314287,0.5949367088607594,33.05501903363242,0.15981846530351765,2404
riskadj,60,7,0.3,volinv,1,0.4134276595556656,0.5801851501791846,,-0.4339376743343537,0.5443037974683544,172.73452221085975,0.8059157271807095,2404
riskadj,60,7,0.3,volinv,5,0.5369358709226577,0.7074273443734269,,-0.3757148784211479,0.5569620253164557,75.78509258544142,0.3538479754886414,2404
riskadj,60,7,0.3,volinv,10,0.5254729221551864,0.699032372233819,,-0.412826230885339,0.5569620253164557,53.03572364604464,0.24887848208962388,2404
riskadj,60,7,0.3,volinv,21,0.666081156288665,0.9471929357750625,-0.019423420735103777,-0.4193838903346184,0.5822784810126582,35.05224913095904,0.1662546760480616,2404
riskadj,90,0,0.1,equal,1,0.6076365836804585,0.8443846399017249,-0.06449735431656464,-0.31961175999850255,0.5189873417721519,166.74861374126547,0.8784705721685458,2404
riskadj,90,0,0.1,equal,5,0.6995352770830053,0.9167565518532975,0.034301491143532294,-0.2399353561303178,0.5443037974683544,75.71358188020369,0.4038276583839385,2404
riskadj,90,0,0.1,equal,10,0.613372773259645,0.8097482943144478,-0.10461130946176712,-0.29387936960730743,0.5443037974683544,52.69031184448809,0.2832512129111325,2404
riskadj,90,0,0.1,equal,21,0.9129155981472037,1.3723158935979471,0.30707320160707724,-0.27638941918906523,0.569620253164557,34.71268921854955,0.1855813882103079,2404
riskadj,90,0,0.1,rank,1,0.5943335647278464,0.8305965904037479,,-0.313221344454519,0.5063291139240507,167.4276326829355,0.8666388177842828,2404
riskadj,90,0,0.1,rank,5,0.6999702888717038,0.9255791929164404,0.0252108846673131,-0.24657062771030924,0.5569620253164557,75.49343198927707,0.3990622888414039,2404
riskadj,90,0,0.1,rank,10,0.6234637906725308,0.8281061441307276,-0.11095832037741334,-0.2901718959647771,0.5569620253164557,52.50006838303165,0.2807546540805542,2404
riskadj,90,0,0.1,rank,21,0.9109236421904909,1.370015973881472,0.2859650737926933,-0.2595216706761295,0.5822784810126582,34.481663487136956,0.18399016147732816,2404
riskadj,90,0,0.1,volinv,1,0.5642862486115848,0.773194530123605,,-0.3265921140840462,0.5189873417721519,198.6708243453186,0.9887231215373466,2404
riskadj,90,0,0.1,volinv,5,0.800295432304971,1.0390202004320048,0.09695360778790427,-0.2663490892443856,0.5949367088607594,85.92158933409446,0.4364243968212235,2404
riskadj,90,0,0.1,volinv,10,0.7095703766135801,0.927147712109257,-0.03814613509453971,-0.3193219543360284,0.5569620253164557,57.86953698184618,0.2975544337203758,2404
riskadj,90,0,0.1,volinv,21,1.100766255736885,1.6103071731618495,0.4505168561157781,-0.25636428500695674,0.6075949367088608,36.818747726822636,0.19050489197042092,2404
riskadj,90,0,0.2,equal,1,0.3399756358591338,0.47958250124773416,,-0.3187319014862948,0.5189873417721519,143.1436525428991,0.7076318233676712,2404
riskadj,90,0,0.2,equal,5,0.5674169791259578,0.8161024963299359,,-0.33238580367251636,0.5316455696202531,65.84432795561663,0.32780342582479005,2404
riskadj,90,0,0.2,equal,10,0.6256542491267924,0.8955659101417563,0.024578686109068496,-0.3336743067428807,0.5063291139240507,46.4988401724837,0.23223550317198138,2404
riskadj,90,0,0.2,equal,21,0.7588019769812082,1.0794384347803228,0.17476102733430476,-0.3421677310352059,0.5443037974683544,32.08580707300581,0.15990031203690686,2404
riskadj,90,0,0.2,rank,1,0.4090456372327055,0.5895039142110614,,-0.3083004187306113,0.5189873417721519,144.79810253709297,0.694579974874705,2404
riskadj,90,0,0.2,rank,5,0.6340212572433893,0.942920775253858,-0.05325631341781775,-0.3148529282002164,0.5443037974683544,65.81248776879077,0.32228748363079673,2404
riskadj,90,0,0.2,rank,10,0.6598765202872258,0.9733102594565861,0.03977895174122441,-0.33385231009834304,0.5189873417721519,46.338562733525634,0.2289932221600427,2404
riskadj,90,0,0.2,rank,21,0.832768352873898,1.2109752155807267,0.20691875715287153,-0.3249570102617364,0.5316455696202531,31.746165015830528,0.15760685610365788,2404
riskadj,90,0,0.2,volinv,1,0.2451678575765134,0.3295852979886504,,-0.3563395487510215,0.5063291139240507,170.59838542867453,0.8056459443845515,2404
riskadj,90,0,0.2,volinv,5,0.6492825971265291,0.9044652182413168,0.0048563534786521916,-0.36059712844906633,0.5569620253164557,75.16635793169868,0.3595354558534647,2404
riskadj,90,0,0.2,volinv,10,0.7185857174153696,1.0010182717293776,0.02382069121475247,-0.3569443022809774,0.5822784810126582,51.737272496185014,0.2480110959649979,2404
riskadj,90,0,0.2,volinv,21,0.9067096838782065,1.3129193642720205,0.23577740652538287,-0.31983597880775994,0.5822784810126582,34.33410575661785,0.16670603142941393,2404
riskadj,90,0,0.3,equal,1,0.4013812197942672,0.5679232921515591,,-0.3703333880449964,0.5189873417721519,119.42856061694958,0.5658178939745583,2404
riskadj,90,0,0.3,equal,5,0.5792704477589127,0.8331313085751209,,-0.3492691662735449,0.5443037974683544,56.32795756351887,0.2702625217952938,2404
riskadj,90,0,0.3,equal,10,0.5146490533761887,0.7518642272549563,,-0.33159684675784984,0.5189873417721519,40.302415113830094,0.19355171873921295,2404
riskadj,90,0,0.3,equal,21,0.6832351783234176,0.8954638397869914,0.1355907998314298,-0.3302550125500454,0.5443037974683544,28.014077849196433,0.13495817640984314,2404
riskadj,90,0,0.3,rank,1,0.4741651956093846,0.6804919624927792,,-0.337135661089623,0.5189873417721519,125.26550036489755,0.5698224491274074,2404
riskadj,90,0,0.3,rank,5,0.6656940984938481,0.9845526659181697,0.021767269804813957,-0.3203285716971599,0.5316455696202531,57.75461785351678,0.27109883514437594,2404
riskadj,90,0,0.3,rank,10,0.6149995922573753,0.9214873540804484,-0.0047083228991689425,-0.31776425170562217,0.5443037974683544,41.13200684883216,0.1950581610789431,2404
riskadj,90,0,0.3,rank,21,0.8030974652954098,1.1168026916520852,0.18228686373821176,-0.3203187180901088,0.5443037974683544,28.240077276140692,0.13517000712269317,2404
riskadj,90,0,0.3,volinv,1,0.26707269604852274,0.3500861660135506,,-0.4547363331233516,0.5443037974683544,145.31483091817037,0.6632158061124238,2404
riskadj,90,0,0.3,volinv,5,0.6741009249492166,0.925962107740235,0.0053976586336262926,-0.3921615027671215,0.569620253164557,65.285184147183,0.3022606580355725,2404
riskadj,90,0,0.3,volinv,10,0.534266877366227,0.7404820562473841,,-0.390095215353619,0.5316455696202531,45.75532256680207,0.21216252009729786,2404
riskadj,90,0,0.3,volinv,21,0.8137292142625759,1.0352372169341844,0.1270359012990589,-0.3498168975305175,0.5822784810126582,30.48574255960755,0.1430950619657571,2404
riskadj,90,2,0.1,equal,1,0.5441378225307356,0.7148392433504072,,-0.28106868744436175,0.5189873417721519,167.78979388044516,0.8899964144357464,2404
riskadj,90,2,0.1,equal,5,0.8521951136292153,1.329478282610379,0.18526088054302864,-0.3221191348759128,0.5316455696202531,75.39901302050478,0.4060071189644686,2404
riskadj,90,2,0.1,equal,10,0.6422298983469398,0.949869760363743,-0.11845576150436414,-0.3136601844193444,0.5189873417721519,52.70129892707154,0.28290214846077644,2404
riskadj,90,2,0.1,equal,21,0.7431811777308267,1.1305467690830795,0.06515962412505452,-0.36213367246756034,0.5316455696202531,34.818474635703275,0.1869694234162425,2404
riskadj,90,2,0.1,rank,1,0.5285686660825645,0.6967231888330775,,-0.2835072980097064,0.5189873417721519,168.5528170624967,0.8782517218239293,2404
riskadj,90,2,0.1,rank,5,0.8507764478406189,1.3279292605557633,0.14977782560072608,-0.32310687635935087,0.5189873417721519,75.22492496283844,0.40177530741314665,2404
riskadj,90,2,0.1,rank,10,0.6579170958484116,0.9753786565138609,-0.03718466606427626,-0.3111973369140897,0.5189873417721519,52.443616880729884,0.28024320074890796,2404
riskadj,90,2,0.1,rank,21,0.7598332535327396,1.1574562317318005,0.0750151738735894,-0.3487141316875012,0.5316455696202531,34.61719588962864,0.18562030877960722,2404
riskadj,90,2,0.1,volinv,1,0.6062407319863454,0.8031275740566822,-0.14167648337364894,-0.2743011561179951,0.5443037974683544,199.96969332539163,0.9989525786241633,2404
riskadj,90,2,0.1,volinv,5,0.9274844055225009,1.425624909633836,0.1924908474410277,-0.3231804620589843,0.5569620253164557,85.39739809241267,0.4363625737640071,2404
riskadj,90,2,0.1,volinv,10,0.811599897252356,1.1932985702616392,0.1945320601889234,-0.2882915084328733,0.569620253164557,58.069371630011,0.29706893224929504,2404
riskadj,90,2,0.1,volinv,21,0.8863715043019107,1.3117009839503595,0.19847141583441932,-0.3342525686358273,0.5822784810126582,36.64421100568493,0.18982703257870184,2404
riskadj,90,2,0.2,equal,1,0.2230799485024611,0.3054689110769725,,-0.41846698026097817,0.4936708860759494,144.59250301323365,0.7187521639223784,2404
riskadj,90,2,0.2,equal,5,0.4662472338480982,0.67276998131022,,-0.3952370481433122,0.5063291139240507,65.28598882035253,0.3262323829734095,2404
riskadj,90,2,0.2,equal,10,0.40115409776464245,0.5711387848809519,,-0.37462889114724496,0.5316455696202531,46.29778915558296,0.23072974753766629,2404
riskadj,90,2,0.2,equal,21,0.7702775831485017,1.1439019391567302,0.05231209165626109,-0.30808938849388645,0.5316455696202531,31.365261584200457,0.15681965938246895,2404
riskadj,90,2,0.2,rank,1,0.30318539665491684,0.4171874059020974,,-0.3914547022691326,0.4810126582278481,146.29097497596462,0.7054646353617973,2404
riskadj,90,2,0.2,rank,5,0.5378924337995704,0.8030912080558805,,-0.38777179909519166,0.5063291139240507,65.13174093080698,0.32064674550029526,2404
riskadj,90,2,0.2,rank,10,0.4886952050497862,0.7203424870354862,,-0.3665318215165049,0.5316455696202531,46.03253766655039,0.22733678610988978,2404
riskadj,90,2,0.2,rank,21,0.8223781504598447,1.2499396965305003,0.1325207238303857,-0.3091419925593235,0.5569620253164557,31.100714012575278,0.154955287894357,2404
riskadj,90,2,0.2,volinv,1,0.22874585756665552,0.30840292159952554,,-0.4386473102188221,0.5063291139240507,171.87487212748076,0.8151671988101948,2404
riskadj,90,2,0.2,volinv,5,0.6696277779238612,0.940172536427353,-0.04123149588971705,-0.3679389741054304,0.5443037974683544,74.49243253709294,0.35712002402828324,2404
riskadj,90,2,0.2,volinv,10,0.6188882569676775,0.8782281495282328,-0.08052655006296504,-0.35701909620907213,0.5443037974683544,51.57772782283283,0.2469229775671363,2404
riskadj,90,2,0.2,volinv,21,0.9380153369890215,1.397415968067609,0.22975522714456503,-0.2875556905938188,0.6329113924050633,33.84179094504773,0.16422159972664901,2404
riskadj,90,2,0.3,equal,1,0.4004086123518683,0.5537156125195412,,-0.3578112791040545,0.5189873417721519,120.19889948981923,0.5738107753283828,2404
riskadj,90,2,0.3,equal,5,0.6036209350375342,0.8820565979313503,-0.07283317033297684,-0.3539306046256874,0.5189873417721519,56.843216336987936,0.27434335431770474,2404
riskadj,90,2,0.3,equal,10,0.5060659109767587,0.7333660270681001,,-0.3795781232157397,0.5189873417721519,41.33771348048984,0.19933125084231848,2404
riskadj,90,2,0.3,equal,21,0.903922011555561,1.365002671105304,0.2408053835828278,-0.2112723730588657,0.569620253164557,28.346722620041717,0.13698795402181183,2404
riskadj,90,2,0.3,rank,1,0.4245300232911706,0.587169100369891,,-0.3520048322738635,0.5189873417721519,126.18054304688276,0.5779239342733934,2404
riskadj,90,2,0.3,rank,5,0.6153786366555094,0.9159041846119154,-0.09689824068463235,-0.3629604882703311,0.5316455696202531,58.04556993572411,0.2739619510476943,2404
riskadj,90,2,0.3,rank,10,0.5521727873725225,0.8222987265015743,,-0.3668660065399272,0.5316455696202531,41.70696307079422,0.19833311018427063,2404
riskadj,90,2,0.3,rank,21,0.9333507889029842,1.4299458958290148,0.2252040429635843,-0.22664098283126077,0.5822784810126582,28.481930638986473,0.13694402989695295,2404
riskadj,90,2,0.3,volinv,1,0.3694175041869427,0.4878258053593648,,-0.39911646409549195,0.4936708860759494,145.72834744490615,0.6689005984242115,2404
riskadj,90,2,0.3,volinv,5,0.7577331365098785,1.0808636206618842,0.16947905835837845,-0.35827776327964456,0.5569620253164557,65.87298539040195,0.3064460094032536,2404
riskadj,90,2,0.3,volinv,10,0.6327942343451064,0.9104233820199533,0.06602012588807234,-0.39366214440870995,0.5569620253164557,46.614379856258246,0.21690527551505967,2404
riskadj,90,2,0.3,volinv,21,1.0095647751193912,1.4702012971312621,0.296582711888371,-0.2554390415623138,0.5949367088607594,30.828829041300423,0.144898857376178,2404
riskadj,90,7,0.1,equal,1,0.42107723563403426,0.6355795357674293,,-0.4086948230421169,0.5189873417721519,167.10404933939483,0.8900625074692405,2404
riskadj,90,7,0.1,equal,5,0.3160027712950393,0.44594106498544867,,-0.4071674333888705,0.5063291139240507,74.35224130071259,0.39892090324580987,2404
riskadj,90,7,0.1,equal,10,0.23115404725821054,0.32851288705740755,,-0.3563262907799881,0.4810126582278481,52.142512297089226,0.2826294921553009,2404
riskadj,90,7,0.1,equal,21,0.41546011973656954,0.5609337253591549,,-0.46564537264931616,0.5189873417721519,34.68283629168673,0.18503296754840082,2404
riskadj,90,7,0.1,rank,1,0.4348435698421559,0.65370246362957,,-0.4069071634897017,0.5189873417721519,168.31663277289755,0.8804602277616506,2404
riskadj,90,7,0.1,rank,5,0.3564987537831777,0.5095804645140037,,-0.40339759027864874,0.5063291139240507,74.33294936181672,0.39565557306678056,2404
riskadj,90,7,0.1,rank,10,0.27231586543606173,0.39282748131873196,,-0.3558033998356561,0.4810126582278481,51.97582613372046,0.28070332398982467,2404
riskadj,90,7,0.1,rank,21,0.4170291630425589,0.5643854327785949,,-0.4632350059856781,0.5189873417721519,34.49419842681388,0.18384416945884052,2404
riskadj,90,7,0.1,volinv,1,0.6059343967899211,0.912210583203646,-0.03748816403004038,-0.3888124501518283,0.5189873417721519,199.04511244019963,0.9954996495898774,2404
riskadj,90,7,0.1,volinv,5,0.625241528708934,0.9129835308276439,-0.06869631329738676,-0.3576412053624285,0.5316455696202531,84.78583791598282,0.43026206394670574,2404
riskadj,90,7,0.1,volinv,10,0.4437440870687236,0.6420959356357805,,-0.35098110488395395,0.5189873417721519,57.263424177054596,0.29449871468318634,2404
riskadj,90,7,0.1,volinv,21,0.5300804023295105,0.7058245389006309,,-0.4421991558046733,0.5443037974683544,36.934169712086586,0.1892131124196383,2404
riskadj,90,7,0.2,equal,1,0.34363278022085825,0.49727021910457636,,-0.36082299213654945,0.4810126582278481,144.8111356527133,0.7200118513284466,2404
riskadj,90,7,0.2,equal,5,0.28450925284163264,0.4014861986243963,,-0.36790477081575823,0.5189873417721519,65.04974156868995,0.3240635641968357,2404
riskadj,90,7,0.2,equal,10,0.20417123118917635,0.2670522146799432,,-0.427271176293033,0.46835443037974683,46.396439667502435,0.2317627404633816,2404
riskadj,90,7,0.2,equal,21,-0.13259423538201076,-0.17971208359205584,,-0.5049677773499186,0.5316455696202531,32.555934466396714,0.161908668369022,2404
riskadj,90,7,0.2,rank,1,0.37427022138590443,0.5447769367854558,,-0.36782546375136416,0.5063291139240507,146.16035599161532,0.704652189313127,2404
riskadj,90,7,0.2,rank,5,0.36079883952324104,0.5267831801040656,,-0.3759127755542596,0.5063291139240507,64.9039537517643,0.3186407345220602,2404
riskadj,90,7,0.2,rank,10,0.27080565996515576,0.36299728728768654,,-0.42146601163944075,0.4810126582278481,46.039359506992454,0.22823260273670787,2404
riskadj,90,7,0.2,rank,21,-0.03386083541991308,-0.04758980397352993,,-0.5038041345544437,0.5063291139240507,32.254812902984895,0.15983354311650907,2404
riskadj,90,7,0.2,volinv,1,0.4949060479053864,0.7025773643973966,,-0.38751414711237775,0.5316455696202531,171.84669669397962,0.813778830993898,2404
riskadj,90,7,0.2,volinv,5,0.6084714411489189,0.8456562190424716,-0.07290408631886366,-0.3370637791031572,0.5822784810126582,74.05422789409164,0.35363798358911935,2404
riskadj,90,7,0.2,volinv,10,0.4727993027937214,0.6125658973896455,,-0.4096811572499238,0.5443037974683544,51.38811193222887,0.24652922637025756,2404
riskadj,90,7,0.2,volinv,21,0.042232481116768444,0.05495271832515684,,-0.5332261547533128,0.4936708860759494,34.82921119385006,0.16799939133784236,2404
riskadj,90,7,0.3,equal,1,0.308357282242954,0.4299240994744783,,-0.4137082807888752,0.4936708860759494,118.4234158660703,0.5632527495116657,2404
riskadj,90,7,0.3,equal,5,0.31197357721527685,0.4453185651368805,,-0.34697251228074066,0.5063291139240507,56.6669785431584,0.2721005767252265,2404
riskadj,90,7,0.3,equal,10,0.34312403829107585,0.4717612441704045,,-0.401468429372566,0.4936708860759494,40.44992990863827,0.19485366991770292,2404
riskadj,90,7,0.3,equal,21,0.013153357141622364,0.018780308023860506,,-0.4193486546010663,0.46835443037974683,29.618903146926602,0.142548058542109,2404
riskadj,90,7,0.3,rank,1,0.3486463704946267,0.49650298076227944,,-0.4110183061330668,0.5063291139240507,124.86859545143292,0.5697881905338871,2404
riskadj,90,7,0.3,rank,5,0.35698750522275535,0.5236220574366467,,-0.36751608922175705,0.5063291139240507,57.87654973779325,0.272052682173272,2404
riskadj,90,7,0.3,rank,10,0.35199365240909364,0.4870371815776353,,-0.4037863148640286,0.4810126582278481,40.96268810366497,0.194963851376252,2404
riskadj,90,7,0.3,rank,21,0.06285866736544343,0.09145073341630469,,-0.44086602985292467,0.5569620253164557,29.676106184541414,0.1420534429343312,2404
riskadj,90,7,0.3,volinv,1,0.38230819254172194,0.5149294255730343,,-0.4514512974476653,0.5063291139240507,143.82266971391013,0.6576488346911229,2404
riskadj,90,7,0.3,volinv,5,0.5555940443156987,0.7641179205010364,,-0.3574752448684818,0.5316455696202531,65.41764661064926,0.30257787688740934,2404
riskadj,90,7,0.3,volinv,10,0.49379306780118815,0.6671050626920828,,-0.40844941222674913,0.5063291139240507,45.58027846267413,0.21174583970364452,2404
riskadj,90,7,0.3,volinv,21,0.11427252025498816,0.15325683464527992,,-0.4809458223848715,0.5443037974683544,31.98217840342125,0.15008853449693213,2404
riskadj,120,0,0.1,equal,1,0.16043670097454732,0.2188491501375275,,-0.2958721825591648,0.4810126582278481,149.72024836433727,0.7907840091028618,2404
riskadj,120,0,0.1,equal,5,0.5668301178532813,0.8184489244728773,,-0.3328845438006848,0.5443037974683544,64.44258723574447,0.34068864020998096,2404
riskadj,120,0,0.1,equal,10,0.5796051721339402,0.8444986929044123,,-0.38607390601091907,0.5316455696202531,46.36153360643794,0.24778449470623154,2404
riskadj,120,0,0.1,equal,21,0.7226154314824538,1.0362310455993977,0.054674985091277155,-0.3271255604330131,0.5569620253164557,31.548585525447006,0.16685471214450634,2404
riskadj,120,0,0.1,rank,1,0.1821900535815831,0.24937469600812692,,-0.2977217829276684,0.4810126582278481,150.66500159157147,0.7815942127102207,2404
riskadj,120,0,0.1,rank,5,0.5523341471053131,0.7958252480491921,,-0.3378790513777812,0.5316455696202531,64.31389642944087,0.33652021350126804,2404
riskadj,120,0,0.1,rank,10,0.578861052591571,0.8463959469475284,,-0.38703883686570706,0.5189873417721519,46.04544366103355,0.24465722310585514,2404
riskadj,120,0,0.1,rank,21,0.7384146872169153,1.070879253534449,0.07948580248928871,-0.32155571250950643,0.5443037974683544,31.290109948171246,0.16514828982064045,2404
riskadj,120,0,0.1,volinv,1,0.17843924412019463,0.2375328627725874,,-0.29507164373087813,0.5443037974683544,177.85237273928217,0.8885599422498569,2404
riskadj,120,0,0.1,volinv,5,0.6228325245781189,0.8771686732116248,-0.07942772465339329,-0.32643570017284584,0.5569620253164557,73.75656205285038,0.3702243236884483,2404
riskadj,120,0,0.1,volinv,10,0.7543405664686226,1.0707786700171629,0.07773755157674918,-0.37398048345974355,0.569620253164557,51.547124001373774,0.26324222694930566,2404
riskadj,120,0,0.1,volinv,21,0.7882074388634948,1.10430765491387,0.09304116059815981,-0.3411687120513044,0.5443037974683544,33.968174042074395,0.17341794353822695,2404
riskadj,120,0,0.2,equal,1,0.6601082121665806,1.0051222348732352,-0.022704712360459338,-0.17472564608460328,0.5443037974683544,126.33862535784681,0.6212919847318585,2404
riskadj,120,0,0.2,equal,5,0.7549945809566249,1.107704900446147,0.07572364161399223,-0.17286062344714392,0.5189873417721519,56.47740833146382,0.28037993575554454,2404
riskadj,120,0,0.2,equal,10,0.6546456249161835,0.9250389876537717,-0.06789528438657152,-0.26681870651115636,0.5443037974683544,40.13816430203117,0.19819539250640913,2404
riskadj,120,0,0.2,equal,21,0.5938196948823719,0.6956736299649395,,-0.2078462056660566,0.569620253164557,28.04700330524675,0.1386427157607892,2404
riskadj,120,0,0.2,rank,1,0.6343908922043959,0.9515119172006329,-0.03819483993827049,-0.15942997966867267,0.5189873417721519,127.4144425158504,0.6081189506597038,2404
riskadj,120,0,0.2,rank,5,0.718719319463719,1.0546634036811302,0.05085446819657676,-0.21167074676817343,0.5063291139240507,56.26438043314027,0.27443755939668824,2404
riskadj,120,0,0.2,rank,10,0.6157422699625246,0.8726990036411976,-0.06890957217490448,-0.3077934986626246,0.5316455696202531,39.688034272268,0.19403085136228926,2404
riskadj,120,0,0.2,rank,21,0.5786217371091096,0.6727851846766949,,-0.19674316109995282,0.569620253164557,27.654738905624676,0.13625696948150978,2404
riskadj,120,0,0.2,volinv,1,0.7201613866141369,1.0710300799600692,0.04026038048108316,-0.21531712962914595,0.5822784810126582,150.56117703128257,0.7098867498294477,2404
riskadj,120,0,0.2,volinv,5,0.9377378650959962,1.333009565861291,0.21032328028407798,-0.17842533043730646,0.5822784810126582,65.11284224831459,0.31072692663113377,2404
riskadj,120,0,0.2,volinv,10,0.7704734765876342,1.0660153647095163,0.04481519419267525,-0.29416380222754157,0.569620253164557,45.57713770822256,0.21673045449009232,2404
riskadj,120,0,0.2,volinv,21,0.7634746126925616,0.8723006994032416,0.05015187269839764,-0.22632419904983891,0.569620253164557,30.228311881362007,0.1451673388790812,2404
riskadj,120,0,0.3,equal,1,0.6275762947723221,0.916548821896072,-0.04428812666162954,-0.2414135493996743,0.5189873417721519,106.15350853081956,0.5033010069382492,2404
riskadj,120,0,0.3,equal,5,0.6385868764421996,0.9104340251060277,-0.06804764900185434,-0.21184746119568565,0.5063291139240507,48.79652570876056,0.2323527280120268,2404
riskadj,120,0,0.3,equal,10,0.6124935096113402,0.8507124301716553,-0.10193517379120291,-0.24631629646830688,0.4936708860759494,35.66401277584958,0.17043448040870132,2404
riskadj,120,0,0.3,equal,21,0.46208424076574434,0.6090352096060081,,-0.23766317281792115,0.4936708860759494,25.320806597706472,0.1210530746633186,2404
riskadj,120,0,0.3,rank,1,0.6449486071870338,0.9488068796697271,-0.011062566004320061,-0.20581878904131468,0.5316455696202531,110.9681262669373,0.5038061439567698,2404
riskadj,120,0,0.3,rank,5,0.6669058631355822,0.9642994777928321,-0.035078767424191575,-0.2366814850185579,0.5063291139240507,49.739948615214054,0.23126359460611828,2404
riskadj,120,0,0.3,rank,10,0.6183274994068911,0.8739753315050477,-0.09825086023299072,-0.28823099000833186,0.5063291139240507,35.757606514482575,0.16839115215082995,2404
riskadj,120,0,0.3,rank,21,0.5177570946462529,0.6664702650223164,,-0.22688067328104933,0.5569620253164557,25.08075404443906,0.11917342965572986,2404
riskadj,120,0,0.3,volinv,1,0.6599084815722446,0.9342139207866484,-0.000991476194673459,-0.3025630993120537,0.5443037974683544,130.04270222102983,0.5920956520470666,2404
riskadj,120,0,0.3,volinv,5,0.7696570844980628,1.0607961871060376,0.11840898095835678,-0.2246758277841785,0.5569620253164557,57.70422627172223,0.2651718204768147,2404
riskadj,120,0,0.3,volinv,10,0.6556857154224679,0.8804613496058832,-0.11416383994507985,-0.30404817092082737,0.5189873417721519,41.12316974633785,0.18979351488812957,2404
riskadj,120,0,0.3,volinv,21,0.5766686126022846,0.7387333181026826,,-0.32514688749180953,0.5316455696202531,27.77808669200853,0.12963548603587535,2404
riskadj,120,2,0.1,equal,1,0.3483343332091104,0.47141880866032043,,-0.3435720314667592,0.5443037974683544,151.02073553736835,0.8030817451578439,2404
riskadj,120,2,0.1,equal,5,0.4091294990606197,0.5863303757045657,,-0.41897070851359586,0.5316455696202531,65.37976935472224,0.3499748183950423,2404
riskadj,120,2,0.1,equal,10,0.8340918864380041,1.2451705340166939,0.14804467672323757,-0.305616927587382,0.5189873417721519,44.95755827793731,0.24079165116761178,2404
riskadj,120,2,0.1,equal,21,0.543524046152041,0.7549671643437281,,-0.338119005833027,0.5316455696202531,30.969406500212997,0.16548819721186653,2404
riskadj,120,2,0.1,rank,1,0.35183394548499686,0.47889583175246847,,-0.35169237482657134,0.5316455696202531,151.9588636466897,0.7934978932071559,2404
riskadj,120,2,0.1,rank,5,0.3870290155860709,0.5546235034313866,,-0.4323402959622741,0.5316455696202531,65.41911869106096,0.346642492194043,2404
riskadj,120,2,0.1,rank,10,0.8048804876778924,1.2064429883836951,0.07936688254019925,-0.3227581499485287,0.5316455696202531,44.85298270064535,0.23868470694504496,2404
riskadj,120,2,0.1,rank,21,0.5617852235511467,0.7911457749278068,,-0.33506362659904987,0.5443037974683544,30.772827520633665,0.1641194513100972,2404
riskadj,120,2,0.1,volinv,1,0.38238405794239766,0.5187746175677159,,-0.3523098883964859,0.5316455696202531,179.89266796645043,0.9025514830681496,2404
riskadj,120,2,0.1,volinv,5,0.5352577484467356,0.757687236997702,,-0.3864591493802425,0.5316455696202531,74.41134915238824,0.37718108760815566,2404
riskadj,120,2,0.1,volinv,10,0.9992540209589075,1.4696036737309899,0.3649654606020378,-0.2820035249679017,0.5443037974683544,49.49797209955277,0.2521767037489759,2404
riskadj,120,2,0.1,volinv,21,0.5565032199435286,0.747355836207798,,-0.3644887566642038,0.5569620253164557,33.40652275588999,0.1720295493142714,2404
riskadj,120,2,0.2,equal,1,0.6607844193916322,0.987285607112347,-0.03420423660536915,-0.23242227462373066,0.4936708860759494,126.8881330848125,0.6259276294537155,2404
riskadj,120,2,0.2,equal,5,0.4623690268173001,0.6461975111280528,,-0.3745809479761022,0.46835443037974683,57.09635282078909,0.28152142331941,2404
riskadj,120,2,0.2,equal,10,0.4828788241770339,0.6547159771134413,,-0.3764588826727495,0.4810126582278481,41.0097650680462,0.20373390726582374,2404
riskadj,120,2,0.2,equal,21,0.6752964231280799,0.9901394942405815,-0.02772579254353173,-0.2730215083323678,0.5822784810126582,28.218124039139784,0.13957929315715373,2404
riskadj,120,2,0.2,rank,1,0.6642613094408918,0.9877357293858047,0.014845377333596343,-0.2530068449087002,0.5063291139240507,128.0237361536184,0.6125686678447071,2404
riskadj,120,2,0.2,rank,5,0.4749174092246027,0.6717231891749028,,-0.3850431737878993,0.46835443037974683,56.62146246863095,0.2747215340545999,2404
riskadj,120,2,0.2,rank,10,0.5222928094868772,0.7262000422919124,,-0.38134738168101334,0.5063291139240507,40.47573916741953,0.19917702788786967,2404
riskadj,120,2,0.2,rank,21,0.6708987597523891,0.9906897224268781,-0.057181411629166734,-0.2568429545740648,0.5949367088607594,27.82802739294123,0.13726817444894257,2404
riskadj,120,2,0.2,volinv,1,0.7509847314731247,1.101925187457589,-0.0021549120465932875,-0.2927583115898078,0.5569620253164557,150.80382487892115,0.7115271588581351,2404
riskadj,120,2,0.2,volinv,5,0.706079024785868,0.9741736902617326,-0.008254385902418717,-0.3636999631746419,0.5443037974683544,65.97737870962375,0.3126861684634331,2404
riskadj,120,2,0.2,volinv,10,0.6167312627620749,0.8379789081622779,-0.08052102523297522,-0.38838655472196715,0.5569620253164557,46.432249208045995,0.22232342135602562,2404
riskadj,120,2,0.2,volinv,21,0.8022448065487291,1.137130886368454,0.12108669109335893,-0.2752270357262593,0.6329113924050633,30.47234299916947,0.1463068038654482,2404
riskadj,120,2,0.3,equal,1,0.35096182033520823,0.49470084651901786,,-0.33511501359989926,0.4810126582278481,105.65900183569623,0.5018585168373092,2404
riskadj,120,2,0.3,equal,5,0.5256829793387423,0.7508790681160926,,-0.2927044740782637,0.5189873417721519,49.16418089658439,0.23414207629106182,2404
riskadj,120,2,0.3,equal,10,0.5257577680724561,0.7153902931938809,,-0.31665800592905946,0.4936708860759494,35.511393043676144,0.17027316689194674,2404
riskadj,120,2,0.3,equal,21,0.6459547760813359,0.9115599517273135,-0.07031613538244709,-0.2606226078418823,0.5443037974683544,24.973940482079065,0.1191270791182046,2404
riskadj,120,2,0.3,rank,1,0.4882030048162704,0.7014726104445802,,-0.30890503799963187,0.4936708860759494,110.65407213570006,0.503049842612562,2404
riskadj,120,2,0.3,rank,5,0.5437179675653051,0.7757104237146303,,-0.3240621939450339,0.5063291139240507,49.88860183603949,0.23229339638151003,2404
riskadj,120,2,0.3,rank,10,0.5360774767019253,0.7453148284977444,,-0.3575475027461752,0.5063291139240507,35.81806759952502,0.16954690276425605,2404
riskadj,120,2,0.3,rank,21,0.6741568905407184,0.9696466797344513,0.023274658750039565,-0.2629548857069456,0.5569620253164557,24.96344049250694,0.11861524885996284,2404
riskadj,120,2,0.3,volinv,1,0.3999754339060064,0.5421850988748041,,-0.38276516080426504,0.4936708860759494,129.227759274653,0.5886008980035804,2404
riskadj,120,2,0.3,volinv,5,0.7025021343615551,0.9688315266250767,0.010479998665331697,-0.29862292991662154,0.5316455696202531,57.708766023905916,0.26510029913396976,2404
riskadj,120,2,0.3,volinv,10,0.7170856886458677,0.9744626534910298,0.013079390935549516,-0.3096451721949146,0.5189873417721519,40.7169875508601,0.18856692139393488,2404
riskadj,120,2,0.3,volinv,21,0.6925326339451827,0.936572570915448,0.06934523470133924,-0.3238063121406356,0.5443037974683544,27.466195061641773,0.12788085031878804,2404
riskadj,120,7,0.1,equal,1,0.24363813093731443,0.32323177830200356,,-0.3888194198199819,0.5189873417721519,149.2645915119458,0.791997811215224,2404
riskadj,120,7,0.1,equal,5,0.49731819723773507,0.741425052235312,,-0.39955447385813636,0.5443037974683544,65.67721927641975,0.35321420804115344,2404
riskadj,120,7,0.1,equal,10,0.5642821300268747,0.9901540755576107,,-0.3041834139829618,0.4810126582278481,47.56888064893411,0.25555849594703145,2404
riskadj,120,7,0.1,equal,21,0.03997237929224315,0.04903831219872525,,-0.46711200406971365,0.5063291139240507,31.44531455292013,0.17022315728000173,2404
riskadj,120,7,0.1,rank,1,0.2275102465097521,0.30259965909240333,,-0.39807772863205415,0.4936708860759494,150.51038219405623,0.7841745214374625,2404
riskadj,120,7,0.1,rank,5,0.4805943342454638,0.7200021681779765,,-0.4022840932278873,0.5316455696202531,65.79701525531127,0.35074661421298764,2404
riskadj,120,7,0.1,rank,10,0.5628725052636497,1.0122172718988889,,-0.30288579118465775,0.5063291139240507,47.24135026195128,0.2527860985214435,2404
riskadj,120,7,0.1,rank,21,0.033223087320520255,0.041123311150596906,,-0.47873083851743614,0.4936708860759494,31.265351992207908,0.16884881139758406,2404
riskadj,120,7,0.1,volinv,1,0.5134955771546933,0.6885278500798627,,-0.38000898539058425,0.5443037974683544,177.64027495463625,0.8875070728941827,2404
riskadj,120,7,0.1,volinv,5,0.8248764305486035,1.2512565952912014,0.15158092214477883,-0.34736267415070377,0.5443037974683544,74.60975326506906,0.37956147938460716,2404
riskadj,120,7,0.1,volinv,10,0.7579747125265466,1.3736606119273769,0.11026345718859265,-0.268692304344634,0.5443037974683544,52.44923108199977,0.26743353003355363,2404
riskadj,120,7,0.1,volinv,21,0.17663083537657143,0.21376338071009116,,-0.47221899510054577,0.4936708860759494,33.83119133591086,0.17530873200570812,2404
riskadj,120,7,0.2,equal,1,0.4301426420821224,0.6325658005431557,,-0.2899720681874045,0.5063291139240507,126.37649630103401,0.6273544626939486,2404
riskadj,120,7,0.2,equal,5,0.5510531756058631,0.7741815511732534,,-0.316037952904186,0.5063291139240507,56.711706478759,0.2808278580949234,2404
riskadj,120,7,0.2,equal,10,0.3042051492378336,0.3931142675204093,,-0.348748429803899,0.5316455696202531,41.267676807323646,0.20510567298883958,2404
riskadj,120,7,0.2,equal,21,0.4849748989553397,0.6774676651509068,,-0.3979441688275468,0.5063291139240507,28.03283961791448,0.1394795072125259,2404
riskadj,120,7,0.2,rank,1,0.4364724474688465,0.6489072706949618,,-0.30338154592989686,0.5063291139240507,127.8458347430931,0.6156696294763105,2404
riskadj,120,7,0.2,rank,5,0.5460050627415486,0.7834727977199989,,-0.3303687571198315,0.4936708860759494,56.47643038570918,0.2756693827787959,2404
riskadj,120,7,0.2,rank,10,0.35460168364194394,0.4731998415081874,,-0.34988861187900766,0.5316455696202531,40.989024484850354,0.20219705268612706,2404
riskadj,120,7,0.2,rank,21,0.47575510033708546,0.6741250316341016,,-0.40976078135547644,0.5316455696202531,27.749709644252043,0.13774328327518465,2404
riskadj,120,7,0.2,volinv,1,0.5876786876303561,0.8619607170986988,,-0.30920778670961035,0.5316455696202531,150.67495045811654,0.7132368121011938,2404
riskadj,120,7,0.2,volinv,5,0.8052451988021142,1.126477387460437,0.15089395033208025,-0.29658843338494933,0.5569620253164557,65.41371509129644,0.3102828116785706,2404
riskadj,120,7,0.2,volinv,10,0.5586814818891256,0.7221076912023202,,-0.33186542512793493,0.5569620253164557,46.06891753635924,0.21996675845881403,2404
riskadj,120,7,0.2,volinv,21,0.6425293826337605,0.8992796527214432,-0.08469647681805749,-0.408116409760066,0.5316455696202531,30.196734653086708,0.145302390414002,2404
riskadj,120,7,0.3,equal,1,0.42621005296708775,0.638928633118396,,-0.34574261168795917,0.4936708860759494,106.6378351073359,0.5090488320068856,2404
riskadj,120,7,0.3,equal,5,0.3957297707777456,0.5596116242467155,,-0.3828665519441785,0.45569620253164556,49.00847354887608,0.2351409492659499,2404
riskadj,120,7,0.3,equal,10,0.285708682997904,0.3738788786146455,,-0.3428818636029739,0.5063291139240507,35.6044268718019,0.17123824646111535,2404
riskadj,120,7,0.3,equal,21,0.4122662580021927,0.5712863665991089,,-0.3538563665494736,0.46835443037974683,24.52325006086223,0.11748149986365403,2404
riskadj,120,7,0.3,rank,1,0.4714337776456626,0.710790808367332,,-0.32971085986524173,0.4810126582278481,111.19088922645929,0.5080275214492493,2404
riskadj,120,7,0.3,rank,5,0.4346990248841522,0.6270924385370851,,-0.38824604443942234,0.4810126582278481,49.80150265125966,0.23351862094317832,2404
riskadj,120,7,0.3,rank,10,0.3502618754660501,0.4730437650263503,,-0.3472313548371915,0.5316455696202531,36.12251643126587,0.1715550835783184,2404
riskadj,120,7,0.3,rank,21,0.44398354237190024,0.6182799633176431,,-0.3796353971243466,0.5443037974683544,24.667371422061827,0.11776905784562976,2404
riskadj,120,7,0.3,volinv,1,0.576449438933998,0.8338269460981279,,-0.35322496716527996,0.5443037974683544,130.05245235205513,0.5947763679026055,2404
riskadj,120,7,0.3,volinv,5,0.6272143863592782,0.8812064826930716,-0.025006171325847763,-0.32725079293848025,0.5569620253164557,57.65076066928671,0.26582502506010375,2404
riskadj,120,7,0.3,volinv,10,0.45041805487520953,0.5754957726012998,,-0.33374952536278013,0.569620253164557,40.63494650706917,0.18822927878450324,2404
riskadj,120,7,0.3,volinv,21,0.5883080745185828,0.79638716724214,,-0.41924625604492627,0.5063291139240507,26.922973316610758,0.12523341242303587,2404
riskadj,180,0,0.1,equal,1,0.03062395922611225,0.04242251874981518,,-0.394557928418219,0.4810126582278481,133.44726721939335,0.7088072454788376,2404
riskadj,180,0,0.1,equal,5,0.18688440791402827,0.26779549145264747,,-0.38858804400293423,0.5063291139240507,59.48482927446603,0.31769099790298827,2404
riskadj,180,0,0.1,equal,10,-0.05831834993902417,-0.0734832540351322,,-0.403607399154121,0.4430379746835443,41.47302847738702,0.22170064805745487,2404
riskadj,180,0,0.1,equal,21,0.019193623790374002,0.020717275288496463,,-0.39468815228178467,0.5316455696202531,27.750751101407484,0.14661824115813296,2404
riskadj,180,0,0.1,rank,1,0.02618823980799629,0.03598355198542274,,-0.39435633013270055,0.4810126582278481,134.3201028483146,0.6996242654818289,2404
riskadj,180,0,0.1,rank,5,0.18338115466669233,0.259670163735014,,-0.39380167836707825,0.5063291139240507,59.539704111941894,0.3145217166466688,2404
riskadj,180,0,0.1,rank,10,-0.04021394117434765,-0.05098644280533369,,-0.4032553319287563,0.46835443037974683,41.257078526236526,0.21905862191650205,2404
riskadj,180,0,0.1,rank,21,-0.010494430384643438,-0.011272108606678882,,-0.41419667432693963,0.5316455696202531,27.542091464975528,0.1450868923390036,2404
riskadj,180,0,0.1,volinv,1,-0.05791611369480684,-0.07924973571408363,,-0.5026455042847806,0.43037974683544306,158.5414323778763,0.7889959177980477,2404
riskadj,180,0,0.1,volinv,5,0.15943785218670278,0.22330641451267655,,-0.4621444255932041,0.5063291139240507,67.63684272025007,0.34236825610821664,2404
riskadj,180,0,0.1,volinv,10,-0.1492213536575523,-0.18356372924163525,,-0.5043242545564087,0.45569620253164556,46.19334872217224,0.23476684255038371,2404
riskadj,180,0,0.1,volinv,21,0.06986482636409719,0.07804103651641077,,-0.4492718981744036,0.46835443037974683,29.67408708336191,0.15083584151165141,2404
riskadj,180,0,0.2,equal,1,-0.37981958434018914,-0.4796137096281513,,-0.46673706024897743,0.4430379746835443,101.60074537160514,0.49240309278901717,2404
riskadj,180,0,0.2,equal,5,0.05580510097896417,0.0723666973331351,,-0.31658195499718367,0.46835443037974683,46.62970451022554,0.22744938672401302,2404
riskadj,180,0,0.2,equal,10,-0.0033514867122950696,-0.004521950552795886,,-0.4112512683645907,0.45569620253164556,34.694047278476184,0.1707532014927044,2404
riskadj,180,0,0.2,equal,21,0.3212091740327222,0.4869780527984619,,-0.3400007219818659,0.5189873417721519,23.442706487099418,0.11480258330397909,2404
riskadj,180,0,0.2,rank,1,-0.3957889919921375,-0.4733129847572963,,-0.4809912125421356,0.43037974683544306,103.85776291669005,0.48746971300527087,2404
riskadj,180,0,0.2,rank,5,0.043156818850300406,0.056139776659226884,,-0.3362356437409799,0.4810126582278481,46.782766472618434,0.22410471868664794,2404
riskadj,180,0,0.2,rank,10,-0.02142975178349221,-0.028747382741364052,,-0.4100720230743182,0.46835443037974683,34.37341714808279,0.1672448865789356,2404
riskadj,180,0,0.2,rank,21,0.28586552318257574,0.42341612029035636,,-0.35601910239181844,0.5189873417721519,23.194430193596396,0.11319818995386119,2404
riskadj,180,0,0.2,volinv,1,-0.2314756939968721,-0.3232901205846041,,-0.5474994132927049,0.46835443037974683,124.2404250040195,0.5743754362434028,2404
riskadj,180,0,0.2,volinv,5,0.18516330163342767,0.23579586778467737,,-0.3643227389271205,0.4936708860759494,55.04997315214523,0.257246123431898,2404
riskadj,180,0,0.2,volinv,10,0.1118470380132313,0.15380512657993722,,-0.4790856332362958,0.5063291139240507,39.98035001329585,0.18859652208818967,2404
riskadj,180,0,0.2,volinv,21,0.241307921129005,0.3516015642639933,,-0.4114196301258569,0.45569620253164556,25.5658148452146,0.12146926334055425,2404
riskadj,180,0,0.3,equal,1,-0.358222841308454,-0.43141004586880227,,-0.4566346332769887,0.43037974683544306,85.96244684135662,0.4051815733717909,2404
riskadj,180,0,0.3,equal,5,-0.12990310344705394,-0.1726111642994346,,-0.3937905326310871,0.4430379746835443,40.20048910976868,0.19021585554891907,2404
riskadj,180,0,0.3,equal,10,-0.1309214505928539,-0.1685452604591639,,-0.41968115576330756,0.45569620253164556,29.511049233067,0.14029918177459377,2404
riskadj,180,0,0.3,equal,21,0.17035950982626982,0.2509515016797031,,-0.38689079067887233,0.45569620253164556,21.040614215105585,0.09963157174125808,2404
riskadj,180,0,0.3,rank,1,-0.3979014711338464,-0.4653581076328992,,-0.4815619477042472,0.43037974683544306,90.33639650085722,0.40650838596209593,2404
riskadj,180,0,0.3,rank,5,-0.08432746208226403,-0.11227842533065505,,-0.3869945870506569,0.43037974683544306,41.021632377691496,0.1891484053066736,2404
riskadj,180,0,0.3,rank,10,-0.11454268208210105,-0.1496384639571712,,-0.411183244968484,0.4050632911392405,29.882781360049623,0.13988162931417522,2404
riskadj,180,0,0.3,rank,21,0.18122396619140943,0.2688208422664167,,-0.3683415268150394,0.4810126582278481,20.95702612145068,0.09860108550526654,2404
riskadj,180,0,0.3,volinv,1,-0.06765316956149964,-0.08862433116625237,,-0.49749321363942023,0.45569620253164556,105.35309813349986,0.4760335646044873,2404
riskadj,180,0,0.3,volinv,5,0.05896854689299467,0.07773293968714556,,-0.4266164886077979,0.4810126582278481,47.71131551745089,0.21728871640337427,2404
riskadj,180,0,0.3,volinv,10,0.050907030594409944,0.06696244382404463,,-0.44894111868616415,0.45569620253164556,34.15629249278484,0.15639572353480846,2404
riskadj,180,0,0.3,volinv,21,0.19132385888708106,0.2698105155261824,,-0.4220237575351411,0.5063291139240507,23.30005919236327,0.10741812577735815,2404
riskadj,180,2,0.1,equal,1,0.10582145982112223,0.148510944073355,,-0.4266005650559376,0.45569620253164556,131.8514322364584,0.6992076513489194,2404
riskadj,180,2,0.1,equal,5,0.11953260604061965,0.1692699375183899,,-0.46103539063394816,0.46835443037974683,58.961857160096,0.313366508620081,2404
riskadj,180,2,0.1,equal,10,0.05309828409028672,0.06598088084397512,,-0.39765724689395454,0.4936708860759494,41.376319165891694,0.22013643241158168,2404
riskadj,180,2,0.1,equal,21,-0.14889136920716098,-0.15461865522199236,,-0.5166247000007385,0.46835443037974683,29.092950733268342,0.15470245103008223,2404
riskadj,180,2,0.1,rank,1,0.09984431634670878,0.13838718827125351,,-0.42993467005804553,0.45569620253164556,132.69127630880587,0.6897254407271691,2404
riskadj,180,2,0.1,rank,5,0.12051196665475997,0.16978976305487348,,-0.46566667195010647,0.4810126582278481,58.78553305834813,0.3092760664166265,2404
riskadj,180,2,0.1,rank,10,0.05768280101356209,0.07213330094740636,,-0.40300768260138875,0.5063291139240507,41.1093265179484,0.21735637449438266,2404
riskadj,180,2,0.1,rank,21,-0.16493901028581626,-0.17036825124100366,,-0.5287365980261438,0.4810126582278481,28.777670154166714,0.15241197017818614,2404
riskadj,180,2,0.1,volinv,1,0.002842586291172189,0.0039074644592812955,,-0.5012099621085346,0.45569620253164556,156.8990810155415,0.7784924425292463,2404
riskadj,180,2,0.1,volinv,5,0.13403942039392178,0.1842214975548491,,-0.515386655171011,0.4936708860759494,66.67161429908505,0.33474909610146175,2404
riskadj,180,2,0.1,volinv,10,-0.0308153268409465,-0.037432490834041335,,-0.47608771738352096,0.4936708860759494,45.92988539424176,0.23278280379677913,2404
riskadj,180,2,0.1,volinv,21,-0.11936148475558392,-0.12636542800233638,,-0.5333159975723576,0.4430379746835443,30.896000786696614,0.1582602111416362,2404
riskadj,180,2,0.2,equal,1,-0.1611642581953484,-0.18554536821882892,,-0.383899609252507,0.45569620253164556,101.8020017377853,0.4945826768810969,2404
riskadj,180,2,0.2,equal,5,0.05135660040951886,0.06953469706536392,,-0.4054713836664725,0.45569620253164556,47.912151863043874,0.2340512038289776,2404
riskadj,180,2,0.2,equal,10,0.058846813155914564,0.07900094983473757,,-0.4146275419379929,0.4430379746835443,34.844990697546685,0.17168141990376923,2404
riskadj,180,2,0.2,equal,21,0.42809097047655165,0.6159297013960058,,-0.33505800060359037,0.5063291139240507,24.092717279809378,0.11763657234235092,2404
riskadj,180,2,0.2,rank,1,-0.1734631367544396,-0.1905059763939992,,-0.4090797603372437,0.4810126582278481,103.93272048800888,0.4887692835780054,2404
riskadj,180,2,0.2,rank,5,0.03992647788882033,0.054178169357825094,,-0.42704142631795927,0.43037974683544306,47.639680269740445,0.22891624707702032,2404
riskadj,180,2,0.2,rank,10,0.048428975754384956,0.06442451711634975,,-0.42143430437973084,0.4810126582278481,34.5138929574884,0.1681326405292209,2404
riskadj,180,2,0.2,rank,21,0.4474725899093711,0.6552375234961978,,-0.3551330515780109,0.5063291139240507,23.747115068360024,0.11548324849066083,2404
riskadj,180,2,0.2,volinv,1,-0.10728497456271983,-0.13478666988158755,,-0.4670014371834781,0.4810126582278481,124.14861300310025,0.5743563893030883,2404
riskadj,180,2,0.2,volinv,5,0.13743758959160718,0.18136755806532517,,-0.47273531078998543,0.4936708860759494,56.10891316321169,0.26214105246026387,2404
riskadj,180,2,0.2,volinv,10,0.1732819354740589,0.23777062469376375,,-0.4627884066191459,0.4430379746835443,39.92981216808726,0.188204243595592,2404
riskadj,180,2,0.2,volinv,21,0.3380844443971639,0.46341093205471506,,-0.39216399755635,0.5189873417721519,26.215546474987864,0.12412015161698242,2404
riskadj,180,2,0.3,equal,1,-0.34059487740600003,-0.3796954531227125,,-0.4821698656649819,0.4050632911392405,86.22951635722158,0.4078653247481756,2404
riskadj,180,2,0.3,equal,5,-0.10512957771814994,-0.14275115520363996,,-0.4061842454287319,0.4177215189873418,39.63057067019605,0.1875980356976517,2404
riskadj,180,2,0.3,equal,10,-0.12398834254490809,-0.16483857390962253,,-0.42071100737765554,0.4177215189873418,30.276258058693752,0.1441772737721348,2404
riskadj,180,2,0.3,equal,21,0.3191320933685339,0.4563270203127206,,-0.3069793604327189,0.4810126582278481,21.18260872194045,0.10056772360119602,2404
riskadj,180,2,0.3,rank,1,-0.29928882525016964,-0.3248309071390932,,-0.47939782583598134,0.4050632911392405,90.45123915833152,0.40790460807038775,2404
riskadj,180,2,0.3,rank,5,-0.0883656614743477,-0.11882211990034759,,-0.42800386781431077,0.4177215189873418,40.707642542742796,0.18786496225170105,2404
riskadj,180,2,0.3,rank,10,-0.10454899776947263,-0.1366523304249222,,-0.4129194426590751,0.4050632911392405,30.452986004268503,0.14262155004380508,2404
riskadj,180,2,0.3,rank,21,0.3897117688304104,0.568056498166263,,-0.3188213499810939,0.4810126582278481,21.230703251031514,0.099955759091816,2404
riskadj,180,2,0.3,volinv,1,-0.1917564551098283,-0.23170497932376033,,-0.49519420652706736,0.45569620253164556,105.1424588415174,0.4757114237052579,2404
riskadj,180,2,0.3,volinv,5,0.14040472122314301,0.19396997304690777,,-0.431679280205427,0.46835443037974683,47.163921993232506,0.2146517347359624,2404
riskadj,180,2,0.3,volinv,10,0.06599508737895678,0.0906534565793187,,-0.4377704543567229,0.45569620253164556,35.02400043645052,0.1607216293517184,2404
riskadj,180,2,0.3,volinv,21,0.2591259461912947,0.3461052061718139,,-0.3535300484994295,0.5063291139240507,23.491028622209512,0.10848620083696708,2404
riskadj,180,7,0.1,equal,1,0.09148152657660247,0.14225989944544234,,-0.4081417452533923,0.4936708860759494,133.99309544061856,0.7161450183709802,2404
riskadj,180,7,0.1,equal,5,-0.037277233305772886,-0.04673767026557406,,-0.3989943119902817,0.4430379746835443,59.275500358979485,0.3141185229757694,2404
riskadj,180,7,0.1,equal,10,-0.037201412636451436,-0.0464791832839925,,-0.38197962178162026,0.4430379746835443,41.29836407115391,0.2197773257397666,2404
riskadj,180,7,0.1,equal,21,-0.11653157261420806,-0.1288435728649866,,-0.41901722925887275,0.4936708860759494,27.9722596601114,0.14826900312564484,2404
riskadj,180,7,0.1,rank,1,0.0865011736723649,0.13365749334163615,,-0.4245565574954505,0.45569620253164556,134.78401527062874,0.7066237656159257,2404
riskadj,180,7,0.1,rank,5,-0.030021872227746077,-0.03788352894114856,,-0.407829339050394,0.46835443037974683,59.04589943237465,0.3096401935901706,2404
riskadj,180,7,0.1,rank,10,-0.017635117358268122,-0.022278693797834984,,-0.3885476360214436,0.45569620253164556,41.16308121026499,0.2178078988821125,2404
riskadj,180,7,0.1,rank,21,-0.12865837781758804,-0.1416584444614702,,-0.4359981653298347,0.4936708860759494,27.733055927769485,0.1466098305579037,2404
riskadj,180,7,0.1,volinv,1,0.01997251878796036,0.030879855526353084,,-0.5176156414627797,0.45569620253164556,159.90858255162883,0.7999222784111697,2404
riskadj,180,7,0.1,volinv,5,-0.06458922522089176,-0.07872368542675405,,-0.49873977923139645,0.4936708860759494,67.45229428644697,0.3386192706010689,2404
riskadj,180,7,0.1,volinv,10,-0.11290468219744132,-0.13881639511953933,,-0.49487747365532553,0.46835443037974683,45.6927894811072,0.23089215202695262,2404
riskadj,180,7,0.1,volinv,21,-0.12252328815466548,-0.13688046496186765,,-0.46763160906801393,0.4810126582278481,29.717882261292146,0.1510058895731179,2404
riskadj,180,7,0.2,equal,1,-0.21824256258468733,-0.1887083585216345,,-0.5242057452271922,0.4430379746835443,103.23411906211876,0.502760010312318,2404
riskadj,180,7,0.2,equal,5,-0.17825363913331208,-0.17045928319854167,,-0.4309081885749688,0.4810126582278481,47.628626886006415,0.23339610138049746,2404
riskadj,180,7,0.2,equal,10,0.28028469660649835,0.40787290578969154,,-0.38770537443341246,0.4810126582278481,34.46596170625046,0.1698010511061075,2404
riskadj,180,7,0.2,equal,21,0.45650813478818214,0.6747182514085743,,-0.31376111157757214,0.5189873417721519,24.729318205662548,0.12141884660436514,2404
riskadj,180,7,0.2,rank,1,-0.2610357430112084,-0.22502529828083342,,-0.543429210883372,0.45569620253164556,105.25368150721363,0.4963592674458849,2404
riskadj,180,7,0.2,rank,5,-0.1809533939119542,-0.16918175652270645,,-0.45656049170470736,0.4810126582278481,47.507514303318175,0.2288210316476822,2404
riskadj,180,7,0.2,rank,10,0.3222348268703412,0.4807046406017318,,-0.38467637941549027,0.5063291139240507,34.138684056033355,0.16652745613930758,2404
riskadj,180,7,0.2,rank,21,0.4711675103557994,0.7103824243057212,,-0.32297721864588613,0.5316455696202531,24.320486352437552,0.11890044698586466,2404
riskadj,180,7,0.2,volinv,1,-0.04457006726432463,-0.04531347235110864,,-0.5033719605566371,0.45569620253164556,125.58499305486242,0.5822149198766631,2404
riskadj,180,7,0.2,volinv,5,-0.0012769389413485738,-0.0013406201625699428,,-0.41844282337547256,0.45569620253164556,55.69313968993213,0.2608359640234491,2404
riskadj,180,7,0.2,volinv,10,0.2451840614277896,0.3397397457818802,,-0.4310050644813299,0.46835443037974683,39.131588493556855,0.18458732120839427,2404
riskadj,180,7,0.2,volinv,21,0.40378867295810894,0.5643953483692957,,-0.33603788179369654,0.4936708860759494,26.897344541212302,0.1283388849981702,2404
riskadj,180,7,0.3,equal,1,-0.5162434509093162,-0.510081694425101,,-0.5733253786103512,0.3670886075949367,85.80655148562202,0.4056705149978045,2404
riskadj,180,7,0.3,equal,5,-0.3754063368659245,-0.4302562239995108,,-0.4680502043399837,0.45569620253164556,39.828262768584366,0.18939422751922919,2404
riskadj,180,7,0.3,equal,10,0.03152899707094216,0.04416951724276656,,-0.4185766020527917,0.4936708860759494,30.107204591488603,0.14333927160022217,2404
riskadj,180,7,0.3,equal,21,0.05869502670138623,0.08237151176465818,,-0.4476430728005466,0.45569620253164556,21.710335132065644,0.10327147973050954,2404
riskadj,180,7,0.3,rank,1,-0.44070998761333374,-0.4150652515267979,,-0.5539899775970152,0.3924050632911392,90.36723548909835,0.40760731397619565,2404
riskadj,180,7,0.3,rank,5,-0.286781482195423,-0.3077027537305955,,-0.44180286398165414,0.4430379746835443,41.02622763412818,0.18988566197651238,2404
riskadj,180,7,0.3,rank,10,0.16463934915660552,0.23893501001590445,,-0.376154758596571,0.5063291139240507,30.232000542531136,0.14177591567722975,2404
riskadj,180,7,0.3,rank,21,0.21906062483407246,0.3163321857428394,,-0.40437165149166165,0.5063291139240507,21.629025853381968,0.10214092021272483,2404
riskadj,180,7,0.3,volinv,1,-0.25990156089356,-0.3069322117171392,,-0.5334622190389429,0.45569620253164556,105.09217537154896,0.47473351163724875,2404
riskadj,180,7,0.3,volinv,5,-0.09527136308571278,-0.1064889583468477,,-0.4272602029795667,0.46835443037974683,47.30936433411934,0.21532192346394236,2404
riskadj,180,7,0.3,volinv,10,0.11233401411491377,0.1532975338019067,,-0.4278701788490985,0.4936708860759494,34.764791315394795,0.15919432148372703,2404
riskadj,180,7,0.3,volinv,21,0.027307451930516417,0.036617760648723324,,-0.40900741958579345,0.4936708860759494,24.00406481311271,0.11107126851204292,2404
riskadj,252,0,0.1,equal,1,0.04228451978755815,0.04723401433224261,,-0.4246260655644365,0.3670886075949367,110.37965545555224,0.5772134445759334,2404
riskadj,252,0,0.1,equal,5,0.04956759054395067,0.053516272146378156,,-0.38810823989230836,0.43037974683544306,50.11262933429115,0.26147538971114825,2404
riskadj,252,0,0.1,equal,10,0.2028947749089761,0.21789590945047257,,-0.2759323894440172,0.45569620253164556,36.20555896543833,0.18848228880153503,2404
riskadj,252,0,0.1,equal,21,0.49748768516794084,0.5793972962384826,,-0.31432875880818145,0.569620253164557,24.60194553388495,0.12911098667408608,2404
riskadj,252,0,0.1,rank,1,0.047832968318163464,0.05298003405129936,,-0.4195601999761206,0.3924050632911392,111.36587553774274,0.5713951335284486,2404
riskadj,252,0,0.1,rank,5,0.054757017371969495,0.05894824374170437,,-0.3814433942575165,0.4430379746835443,50.01339887086371,0.25819563420019,2404
riskadj,252,0,0.1,rank,10,0.21075252721874363,0.22595378785289846,,-0.2814747472333601,0.45569620253164556,35.891235845154334,0.18551962533961946,2404
riskadj,252,0,0.1,rank,21,0.4874773873837628,0.5666334378739191,,-0.3223100043543108,0.5569620253164557,24.339154108415876,0.12731026393284509,2404
riskadj,252,0,0.1,volinv,1,0.018669709192958413,0.020769098813231957,,-0.39670262469526074,0.4177215189873418,137.23336682508926,0.6743897320353474,2404
riskadj,252,0,0.1,volinv,5,0.07451587761990518,0.08082394076177567,,-0.4143774144176813,0.45569620253164556,59.080655931472485,0.29306952528266444,2404
riskadj,252,0,0.1,volinv,10,0.20662087559955863,0.2161922798094878,,-0.2618554317985097,0.46835443037974683,41.719439858492535,0.2074081723944634,2404
riskadj,252,0,0.1,volinv,21,0.4350148257032962,0.5003450618496917,,-0.3153673652756631,0.5063291139240507,27.246805622511896,0.1376413508866191,2404
riskadj,252,0,0.2,equal,1,0.16384486799572914,0.21149082231977867,,-0.3799771371659474,0.5063291139240507,91.31495936588145,0.4468744666299172,2404
riskadj,252,0,0.2,equal,5,0.036331692934806495,0.04113328484963732,,-0.46769231033060266,0.46835443037974683,42.0209748898446,0.20606256180961807,2404
riskadj,252,0,0.2,equal,10,0.17427615442413433,0.2122265093911802,,-0.3898983776475652,0.4936708860759494,30.00180395935406,0.1467806325043356,2404
riskadj,252,0,0.2,equal,21,0.3105033853231904,0.3494851035148896,,-0.3458415823844784,0.5189873417721519,20.75953956493396,0.10135149063329704,2404
riskadj,252,0,0.2,rank,1,0.14190456583025418,0.18387153930873412,,-0.39039316490998455,0.46835443037974683,92.01953791914431,0.43592153850487236,2404
riskadj,252,0,0.2,rank,5,0.04268357897913535,0.04859663457952125,,-0.45456419119522407,0.4430379746835443,41.629370800744994,0.20034155607046328,2404
riskadj,252,0,0.2,rank,10,0.21506618430483584,0.2641428979227738,,-0.38050944396858655,0.4810126582278481,29.579628789487575,0.14275852493595628,2404
riskadj,252,0,0.2,rank,21,0.33162576071067446,0.3684977063789803,,-0.3536932456275492,0.5316455696202531,20.351630141113837,0.0986846882180473,2404
riskadj,252,0,0.2,volinv,1,0.09046047375321423,0.11015795884596892,,-0.4044395453826227,0.45569620253164556,110.91760960986899,0.5152025293502822,2404
riskadj,252,0,0.2,volinv,5,0.10212732080278537,0.11234365935248794,,-0.46910490160848684,0.4936708860759494,49.17716187481595,0.2299027305329696,2404
riskadj,252,0,0.2,volinv,10,0.22475903967790856,0.26273871181261205,,-0.39419439139561463,0.4810126582278481,34.64485560032064,0.1624531586075356,2404
riskadj,252,0,0.2,volinv,21,0.2830737014465609,0.3205505675505796,,-0.35276506756816217,0.4936708860759494,22.778813818561257,0.10766642511582779,2404
riskadj,252,0,0.3,equal,1,0.1007570529026733,0.12187522170680626,,-0.3840715153548113,0.4430379746835443,73.13595944280128,0.3441421221977183,2404
riskadj,252,0,0.3,equal,5,0.07450884724455518,0.08635610155149542,,-0.39969286957929995,0.46835443037974683,35.121362264320524,0.1661267950714133,2404
riskadj,252,0,0.3,equal,10,-0.054308893470646574,-0.06390648230647668,,-0.45400862712107626,0.46835443037974683,26.2658450075412,0.12476085606366098,2404
riskadj,252,0,0.3,equal,21,0.23117754281055095,0.24749711214853723,,-0.3728916913157029,0.4810126582278481,18.89586488134805,0.08962498042952405,2404
riskadj,252,0,0.3,rank,1,0.11350381685094718,0.13979065042668123,,-0.39339469617227696,0.4430379746835443,77.14637076687512,0.34728850460876254,2404
riskadj,252,0,0.3,rank,5,0.08233083931162913,0.09642350122892251,,-0.40294288427080194,0.46835443037974683,35.66195455737154,0.16425533027799677,2404
riskadj,252,0,0.3,rank,10,0.04965372598483184,0.05947957426446079,,-0.40900867830954735,0.4430379746835443,26.11092750627224,0.12170113143751965,2404
riskadj,252,0,0.3,rank,21,0.22530056830155987,0.22823129796106306,,-0.38360438733071833,0.5063291139240507,18.519004743646427,0.08691496178821526,2404
riskadj,252,0,0.3,volinv,1,0.05463761608698277,0.06214786218110742,,-0.4113089950593858,0.45569620253164556,90.77388659069396,0.4081991563603675,2404
riskadj,252,0,0.3,volinv,5,0.12891764563585628,0.14346388418985279,,-0.40504971753060004,0.4810126582278481,42.40448679055166,0.19226601902302426,2404
riskadj,252,0,0.3,volinv,10,0.07191118857710202,0.08022763137902045,,-0.44053009033155355,0.4810126582278481,31.07588131360342,0.1419834868635085,2404
riskadj,252,0,0.3,volinv,21,0.28353441411482916,0.307864270285597,,-0.36261404866263114,0.4810126582278481,20.89884673905404,0.09633657458032333,2404
riskadj,252,2,0.1,equal,1,0.15038724004451762,0.17674801674379959,,-0.3583946537077418,0.43037974683544306,109.50069430137576,0.5734674156533432,2404
riskadj,252,2,0.1,equal,5,0.2255423498672535,0.26166712283804855,,-0.34116074958004294,0.43037974683544306,51.24912720160224,0.2686171737547964,2404
riskadj,252,2,0.1,equal,10,0.283968079837506,0.3301248075267973,,-0.3045410099186182,0.45569620253164556,35.977723797971294,0.18817099149748512,2404
riskadj,252,2,0.1,equal,21,0.5602252704053344,0.6595289708461408,,-0.2827048046973434,0.5443037974683544,24.822080137231968,0.12988001906957786,2404
riskadj,252,2,0.1,rank,1,0.15191126977820132,0.1781595914886569,,-0.36705221898318785,0.43037974683544306,110.53069742440738,0.567765585194858,2404
riskadj,252,2,0.1,rank,5,0.21650982666548046,0.24866416585000248,,-0.3436771011636658,0.45569620253164556,51.13695903120847,0.2650855901741498,2404
riskadj,252,2,0.1,rank,10,0.27709988139478736,0.31905497743481714,,-0.31101065053883425,0.45569620253164556,35.74095892556136,0.1855745977119384,2404
riskadj,252,2,0.1,rank,21,0.5673129462416711,0.6672787179996983,,-0.28710727466404673,0.5443037974683544,24.57004709170553,0.1281856336525075,2404
riskadj,252,2,0.1,volinv,1,0.020830722614814143,0.02406128969748431,,-0.3722090475426446,0.3924050632911392,136.01941249119798,0.6678295503734625,2404
riskadj,252,2,0.1,volinv,5,0.2923607543909914,0.3517303169521023,,-0.30752606214080525,0.45569620253164556,60.87224187113448,0.3024188979960736,2404
riskadj,252,2,0.1,volinv,10,0.3350089631676335,0.39531654075303535,,-0.27424693172037407,0.4810126582278481,41.717349633666416,0.20710395703312173,2404
riskadj,252,2,0.1,volinv,21,0.411325843900475,0.4728961357378346,,-0.29184189964801743,0.4936708860759494,27.50527495821843,0.1385291594975877,2404
riskadj,252,2,0.2,equal,1,-0.0434542736910734,-0.04980567489313536,,-0.4017931240345407,0.46835443037974683,90.70151181961324,0.4426721495738305,2404
riskadj,252,2,0.2,equal,5,0.1836490078560737,0.22771077777854007,,-0.3975528496015741,0.4430379746835443,41.30782757472785,0.20268720463767165,2404
riskadj,252,2,0.2,equal,10,0.10582097635638323,0.12227392822451497,,-0.35143472574525303,0.43037974683544306,29.829246218072832,0.14607530625916765,2404
riskadj,252,2,0.2,equal,21,0.2821090440370268,0.3122587709829232,,-0.35865485548881115,0.4810126582278481,20.731380686324535,0.10095623551770794,2404
riskadj,252,2,0.2,rank,1,-0.02210883882110955,-0.025488517694747484,,-0.4004852114466084,0.4430379746835443,91.5794430861497,0.4327323669292441,2404
riskadj,252,2,0.2,rank,5,0.199347573261685,0.2511644950402277,,-0.40345550692447685,0.4430379746835443,41.18983321076263,0.19829858783803125,2404
riskadj,252,2,0.2,rank,10,0.11919824221055175,0.13830027508605994,,-0.3617375483247469,0.4430379746835443,29.320392743750237,0.1416919180940098,2404
riskadj,252,2,0.2,rank,21,0.31387329525046104,0.3452524846514439,,-0.3629338585002819,0.5063291139240507,20.353703176709057,0.09857460422963822,2404
riskadj,252,2,0.2,volinv,1,-0.11478980651048398,-0.12597555274498365,,-0.45485146138768484,0.45569620253164556,110.48106682937973,0.5119261732781506,2404
riskadj,252,2,0.2,volinv,5,0.22014477920019743,0.2615258650141481,,-0.4030391534305525,0.5189873417721519,48.538036894778564,0.22737029234458922,2404
riskadj,252,2,0.2,volinv,10,0.15799088686138166,0.176322273952038,,-0.3450205338440202,0.45569620253164556,34.225281635472456,0.16054082276187923,2404
riskadj,252,2,0.2,volinv,21,0.23828555474169988,0.26127078344419796,,-0.36146683505128707,0.4936708860759494,22.68905020393606,0.10688511134061102,2404
riskadj,252,2,0.3,equal,1,0.1182966213408996,0.14025660915523547,,-0.34680218277745933,0.45569620253164556,73.35700891530107,0.34491173881784637,2404
riskadj,252,2,0.3,equal,5,0.2607859021611977,0.31317568555354625,,-0.30281257216474344,0.46835443037974683,34.81809126785158,0.1643720072673418,2404
riskadj,252,2,0.3,equal,10,0.20047091212734952,0.22794592569360816,,-0.3699558028796196,0.45569620253164556,25.671374571562847,0.1218643509917894,2404
riskadj,252,2,0.3,equal,21,0.1604464823168852,0.1693546967400524,,-0.3860136419630932,0.5063291139240507,19.054122392018254,0.0904775402004065,2404
riskadj,252,2,0.3,rank,1,0.07761030596078185,0.09195116623481103,,-0.3798210769410526,0.45569620253164556,77.26723334860426,0.34759725809847647,2404
riskadj,252,2,0.3,rank,5,0.22269133304403887,0.27180506511682223,,-0.35698644219738973,0.45569620253164556,35.50825760594633,0.1634717452824086,2404
riskadj,252,2,0.3,rank,10,0.15567602056996835,0.17447420386479406,,-0.3847286067943927,0.46835443037974683,25.656126827809153,0.11945721261855288,2404
riskadj,252,2,0.3,rank,21,0.19292660790614152,0.19288254168262514,,-0.3906294080724235,0.4810126582278481,18.630529331537364,0.08754311144141805,2404
riskadj,252,2,0.3,volinv,1,0.07173208491765232,0.08083341302056556,,-0.3518018312977179,0.45569620253164556,90.95010486745285,0.4084045837438421,2404
riskadj,252,2,0.3,volinv,5,0.3186616984075412,0.36525179061924223,,-0.2850527060567468,0.4936708860759494,41.905386487078616,0.18980491010730147,2404
riskadj,252,2,0.3,volinv,10,0.3146776505257358,0.3468460116289329,,-0.33686343882296,0.5189873417721519,30.462396188099312,0.13898592536118998,2404
riskadj,252,2,0.3,volinv,21,0.22495293858341317,0.2388124264691829,,-0.38027905928388817,0.5063291139240507,21.178985876767456,0.09766893060263601,2404
riskadj,252,7,0.1,equal,1,0.4924651299560702,0.6814473845613094,,-0.29050692049491245,0.46835443037974683,110.99935859227664,0.5817805944559624,2404
riskadj,252,7,0.1,equal,5,0.40651879571097294,0.467051455183866,,-0.28891517456715143,0.46835443037974683,50.78161161033457,0.2674481509779817,2404
riskadj,252,7,0.1,equal,10,0.6396866281114133,0.830506500956062,0.010884396419623871,-0.2785040310197373,0.5316455696202531,35.163738040245946,0.18426775889106592,2404
riskadj,252,7,0.1,equal,21,0.6579580822343286,0.7928077747281305,0.010735827340859505,-0.34481946009837994,0.5189873417721519,24.03355658253745,0.12574032345070216,2404
riskadj,252,7,0.1,rank,1,0.49537984536287644,0.6914852241371525,,-0.29888954674325796,0.4810126582278481,112.03708668198193,0.5763103119065622,2404
riskadj,252,7,0.1,rank,5,0.4086623486891134,0.46926798733070857,,-0.29060765925769694,0.5063291139240507,50.733712830150665,0.26446314600147314,2404
riskadj,252,7,0.1,rank,10,0.6438169405287171,0.8407945002941877,0.027361712711457983,-0.2817207419635883,0.5189873417721519,34.95144187554182,0.1818494186541103,2404
riskadj,252,7,0.1,rank,21,0.6770054385481209,0.8335316991454561,-0.007976923035657101,-0.3481411449902505,0.5316455696202531,23.80198232406037,0.12426001529014433,2404
riskadj,252,7,0.1,volinv,1,0.3953345688373291,0.5081560539876355,,-0.3132228463203608,0.43037974683544306,137.83879038499506,0.6774717032292945,2404
riskadj,252,7,0.1,volinv,5,0.39937409594440587,0.4498742886953572,,-0.2770222285853621,0.4936708860759494,60.24371888967775,0.30042454556548776,2404
riskadj,252,7,0.1,volinv,10,0.6650689775753681,0.8087623515590717,0.043968735150907476,-0.2701061040996139,0.5189873417721519,40.73637587103561,0.20287089990841997,2404
riskadj,252,7,0.1,volinv,21,0.6538608683207457,0.7599480489047603,0.016301835970200327,-0.3255667625846844,0.5189873417721519,26.57015857127908,0.13355394284777558,2404
riskadj,252,7,0.2,equal,1,0.044325688131634455,0.05281871787981699,,-0.3608103331475435,0.46835443037974683,91.57308758131951,0.4500992902112049,2404
riskadj,252,7,0.2,equal,5,0.19770278494769766,0.21848177498634863,,-0.32805092981595063,0.46835443037974683,41.90632807326393,0.20673071854002906,2404
riskadj,252,7,0.2,equal,10,0.1620897474341262,0.15215826564781956,,-0.37715994570285305,0.4810126582278481,30.808442095147544,0.1515020849173816,2404
riskadj,252,7,0.2,equal,21,0.24599761810981494,0.3135990834043037,,-0.4131168482189894,0.4936708860759494,21.383017689069653,0.104491988770045,2404
riskadj,252,7,0.2,rank,1,0.09329125978313058,0.11184214428583716,,-0.35435876486545503,0.4430379746835443,92.47615836173058,0.4398386597144865,2404
riskadj,252,7,0.2,rank,5,0.258430200197735,0.28512880776599314,,-0.32876555334584656,0.46835443037974683,41.62953156376841,0.20147201421444993,2404
riskadj,252,7,0.2,rank,10,0.2118983522866412,0.1979412115827908,,-0.346576677498994,0.4936708860759494,30.319800976274674,0.1473541129240101,2404
riskadj,252,7,0.2,rank,21,0.32494202872783307,0.41388510193046696,,-0.3927026384870096,0.4810126582278481,20.91693276023362,0.10159078328437106,2404
riskadj,252,7,0.2,volinv,1,-0.040494418638787895,-0.04596546675358018,,-0.4321165988891127,0.4430379746835443,111.09228150611678,0.5169814263768548,2404
riskadj,252,7,0.2,volinv,5,0.2428477891917776,0.2683342646026462,,-0.34069705088080426,0.4936708860759494,49.41089180741385,0.2321556005097501,2404
riskadj,252,7,0.2,volinv,10,0.15087070108023323,0.13936346938590463,,-0.4303917522981173,0.4936708860759494,35.209248879223864,0.16582664913947515,2404
riskadj,252,7,0.2,volinv,21,0.2873214423601061,0.35942011342409463,,-0.39022679404494165,0.45569620253164556,23.530563385476956,0.11129581988292811,2404
riskadj,252,7,0.3,equal,1,0.017361101208937267,0.020453932193690783,,-0.317679705202077,0.4177215189873418,72.90734808185528,0.3441098681538763,2404
riskadj,252,7,0.3,equal,5,0.07928296073747806,0.07916801926548545,,-0.3884894928433983,0.4936708860759494,34.535387307561926,0.16384312686195085,2404
riskadj,252,7,0.3,equal,10,0.012444829354290228,0.011547520014240246,,-0.4546941385465679,0.4936708860759494,26.081565455542307,0.12412647674729585,2404
riskadj,252,7,0.3,equal,21,0.2616834458424897,0.31165036812971336,,-0.37065240624755524,0.45569620253164556,18.79217387524846,0.08934595981616136,2404
riskadj,252,7,0.3,rank,1,0.0803285520011332,0.09443001207589745,,-0.3332559938082612,0.45569620253164556,77.15983228423467,0.3480579447326567,2404
riskadj,252,7,0.3,rank,5,0.15786827577676021,0.15641711975928152,,-0.3750142351904152,0.4936708860759494,35.324830838648786,0.16343202814382712,2404
riskadj,252,7,0.3,rank,10,0.11573394151162135,0.10713769654119362,,-0.4076548053489282,0.5569620253164557,26.188324503932247,0.12249429027491268,2404
riskadj,252,7,0.3,rank,21,0.3480534117787457,0.4268227116877738,,-0.3888480978722745,0.5316455696202531,18.51863762995572,0.0871704780318796,2404
riskadj,252,7,0.3,volinv,1,-0.03553448170721603,-0.038876838211921165,,-0.4072919181689657,0.4936708860759494,90.81490535970846,0.4086728010011237,2404
riskadj,252,7,0.3,volinv,5,0.16777212293050756,0.16957404325134312,,-0.3519589476603294,0.5063291139240507,42.001424195214504,0.19057648589938614,2404
riskadj,252,7,0.3,volinv,10,0.10200237456389974,0.09288717181183564,,-0.43803540851359,0.5569620253164557,30.8182059988695,0.14072131675690594,2404
riskadj,252,7,0.3,volinv,21,0.3316698586605733,0.3691399051053859,,-0.37191121003410876,0.4936708860759494,20.808091471696965,0.09591628823736276,2404
blend,10,0,0.1,equal,1,0.45141998228115865,0.547390025335181,,-0.2736681361698312,0.5189873417721519,499.23233257626305,2.6805814416527696,2404
blend,10,0,0.1,equal,5,0.7536288700668338,1.1424530559684438,0.11664318144924588,-0.22479373396858893,0.5443037974683544,195.37436227672492,1.0481079360295738,2404
blend,10,0,0.1,equal,10,0.7032330228314454,1.0158018530992388,0.02042089256915058,-0.22468844143273958,0.5443037974683544,115.82759786335983,0.6215776142533677,2404
blend,10,0,0.1,equal,21,0.12250697778472995,0.14009506316875883,,-0.33174198758917606,0.5443037974683544,60.22262940638049,0.32567258366911855,2404
blend,10,0,0.1,rank,1,0.47434558572292707,0.5734647682895531,,-0.2771198734387762,0.5316455696202531,502.7592452033653,2.672478810905097,2404
blend,10,0,0.1,rank,5,0.7545360635770821,1.146925154466625,0.1383142873278949,-0.22341011374132702,0.5443037974683544,196.26361923150967,1.0498746526714715,2404
blend,10,0,0.1,rank,10,0.7084732590074074,1.0145009534359737,0.06168758793942002,-0.23074186983489242,0.5316455696202531,116.0866599907422,0.6223826402339199,2404
blend,10,0,0.1,rank,21,0.12078068210121429,0.13950655943793244,,-0.3244839584096302,0.5316455696202531,60.30892342921873,0.3258466832761572,2404
blend,10,0,0.1,volinv,1,0.06679313767657485,0.07777530612799458,,-0.34194824360577036,0.4810126582278481,537.2907336851491,2.767354534332398,2404
blend,10,0,0.1,volinv,5,0.5840564540415443,0.7946419306648002,,-0.2432487670092841,0.5316455696202531,200.91090862605455,1.0439192236163066,2404
blend,10,0,0.1,volinv,10,0.5593498515369232,0.7124933639040841,,-0.24889459541478076,0.5316455696202531,116.83953728400269,0.6086860118284783,2404
blend,10,0,0.1,volinv,21,0.16099169364139548,0.19410809303110002,,-0.3508914585404159,0.569620253164557,60.61870702109631,0.31845689231935725,2404
blend,10,0,0.2,equal,1,0.7033068418467612,1.0587810720358177,0.0495645940147731,-0.3582205686081795,0.5316455696202531,411.2500429185575,2.055490097501364,2404
blend,10,0,0.2,equal,5,0.9995929954995846,1.61820164406355,0.3336369006232594,-0.22588563135941508,0.5569620253164557,170.86066624917402,0.8569340411053842,2404
blend,10,0,0.2,equal,10,0.5418330947961667,0.8305030548621315,,-0.2878415345411468,0.4936708860759494,103.93633499720377,0.52208801259296,2404
blend,10,0,0.2,equal,21,0.46362194423386305,0.6313396881100806,,-0.3124866865003654,0.5949367088607594,56.566801178863464,0.28784156258910676,2404
blend,10,0,0.2,rank,1,0.7582922618839049,1.127655569358508,0.10203192619434098,-0.34962830413764623,0.5316455696202531,423.46316464562864,2.075338809738193,2404
blend,10,0,0.2,rank,5,0.9794667338429095,1.5590573271290873,0.2932810938261611,-0.21730781313393666,0.5822784810126582,174.37678927753228,0.8700942612573428,2404
blend,10,0,0.2,rank,10,0.5786727997319435,0.8687037647210333,,-0.27802712735751267,0.5063291139240507,105.54239561110019,0.5291591868652998,2404
blend,10,0,0.2,rank,21,0.4246244346701723,0.5700054199133934,,-0.31576661939937034,0.5443037974683544,57.02542521822399,0.2900954003199042,2404
blend,10,0,0.2,volinv,1,0.37728221670670786,0.5317038830454492,,-0.4340786099552174,0.5189873417721519,444.31609896073184,2.147715689195056,2404
blend,10,0,0.2,volinv,5,0.7926230728348673,1.1384263138251247,0.15490914053422494,-0.28610946404971427,0.5569620253164557,177.67378167309525,0.8669250901511084,2404
blend,10,0,0.2,volinv,10,0.5192526927112564,0.7228946175265553,,-0.3074783053832493,0.5189873417721519,106.33357756518679,0.5201675385356157,2404
blend,10,0,0.2,volinv,21,0.5015189263238324,0.6830062048802682,,-0.33115887359236484,0.5569620253164557,57.50235035904281,0.28627347874457776,2404
blend,10,0,0.3,equal,1,0.7034036130142484,1.0748258731229678,0.035234136199278385,-0.4269319886642162,0.5569620253164557,349.1179329483348,1.6909294163946602,2404
blend,10,0,0.3,equal,5,0.9622518029905437,1.5445888386901736,0.29224697386584897,-0.30132433831781535,0.569620253164557,147.65563968518222,0.7214936981883602,2404
blend,10,0,0.3,equal,10,0.44848059347423447,0.6857476568427281,,-0.32098388359729924,0.4936708860759494,91.29973510045376,0.4484927080150442,2404
blend,10,0,0.3,equal,21,0.8684399502603822,1.2302027945868907,0.18528907259568164,-0.24105679517622614,0.5949367088607594,51.17976227213307,0.25205989778481336,2404
blend,10,0,0.3,rank,1,0.7918145014058101,1.2030300224791521,0.1193069652086293,-0.3837316792278216,0.5443037974683544,375.16460784023366,1.7647599709010307,2404
blend,10,0,0.3,rank,5,0.9738624403347285,1.5604387152316403,0.288598373598802,-0.2320975685078155,0.5569620253164557,156.4110893318683,0.7569633135891487,2404
blend,10,0,0.3,rank,10,0.5423116017270356,0.82397526013902,,-0.26730492561748764,0.5063291139240507,95.69675494548635,0.46738076043905086,2404
blend,10,0,0.3,rank,21,0.6862407925434737,0.9376683379882511,-0.05051512712083249,-0.2836959165998715,0.5949367088607594,52.822374498053954,0.2600825033493519,2404
blend,10,0,0.3,volinv,1,0.4754940356795615,0.6817739117368253,,-0.4909074987535671,0.5189873417721519,378.74144241939075,1.7771799277221516,2404
blend,10,0,0.3,volinv,5,0.8406413298425266,1.2388781846865546,0.2226638799105422,-0.3675020457236927,0.569620253164557,154.6594088729827,0.7351366655510109,2404
blend,10,0,0.3,volinv,10,0.42375164578577146,0.5938355929487087,,-0.3664994890770614,0.4936708860759494,94.54280249159079,0.4521583329445996,2404
blend,10,0,0.3,volinv,21,0.929804755449244,1.3086049737125416,0.26901659728573457,-0.26795663364729805,0.5949367088607594,52.21067742756877,0.251035062939567,2404
blend,10,2,0.1,equal,1,0.12686961714174347,0.19165902109841723,,-0.30974974983662173,0.4936708860759494,495.80162314609385,2.6684903366504473,2404
blend,10,2,0.1,equal,5,0.30790577556581644,0.4741150135616803,,-0.46489723839155894,0.4936708860759494,194.52844336990842,1.039864785576187,2404
blend,10,2,0.1,equal,10,0.9776940495934233,1.5756325020610973,0.34437236660818965,-0.2176091999025358,0.6075949367088608,115.0892656953917,0.61602443672645,2404
blend,10,2,0.1,equal,21,0.5168150812745032,0.7047983014304802,,-0.33694460973201235,0.5189873417721519,60.65562173159451,0.33422458304037517,2404
blend,10,2,0.1,rank,1,0.14915909131625438,0.22670136517904083,,-0.30744144578243204,0.4936708860759494,499.40540887821817,2.662144267952916,2404
blend,10,2,0.1,rank,5,0.3043880601445994,0.4731545311952929,,-0.47312425357589694,0.4936708860759494,195.49489715292768,1.042334340845298,2404
blend,10,2,0.1,rank,10,0.9654887413540703,1.5626477606288105,0.33754305548316776,-0.21608812729211524,0.6075949367088608,115.4343878299034,0.6177010791063848,2404
blend,10,2,0.1,rank,21,0.48758607593069914,0.6619319141110432,,-0.34775155679705394,0.5316455696202531,60.73455689862561,0.3346931935846521,2404
blend,10,2,0.1,volinv,1,-0.040033071862971226,-0.06063066713940627,,-0.43940899212381557,0.4936708860759494,533.4243305287522,2.7536500237291994,2404
blend,10,2,0.1,volinv,5,0.25026173018824627,0.37435460683866373,,-0.47034282439162334,0.46835443037974683,199.98043561067266,1.0328376091292766,2404
blend,10,2,0.1,volinv,10,0.8596643456834306,1.3461688908524292,0.23636898413889684,-0.28841636797162673,0.5949367088607594,116.51740290725444,0.6053163827219066,2404
blend,10,2,0.1,volinv,21,0.5874844123312187,0.7786217991745572,,-0.28085537945981964,0.5822784810126582,60.83457081413612,0.3268471199560617,2404
blend,10,2,0.2,equal,1,0.4327591948213322,0.6714640126502772,,-0.36400337243182446,0.5316455696202531,411.6492829640277,2.060929582825293,2404
blend,10,2,0.2,equal,5,0.4145778166329976,0.6459372629766335,,-0.4551264049205017,0.4936708860759494,171.4665526724538,0.8569990891993272,2404
blend,10,2,0.2,equal,10,0.9078534979343887,1.4389290841824887,0.3052637228536201,-0.2883848151647621,0.5443037974683544,104.33732561171367,0.5252657546178535,2404
blend,10,2,0.2,equal,21,0.704998406923703,1.072677433505258,-0.009216439133141234,-0.3207505776378171,0.6075949367088608,56.18041962985218,0.2855348851036984,2404
blend,10,2,0.2,rank,1,0.4526297888815527,0.7073948077345679,,-0.34268458325013684,0.5569620253164557,423.4355875758576,2.0794469517753478,2404
blend,10,2,0.2,rank,5,0.41140719543281695,0.6440516071489427,,-0.4641013875627925,0.4810126582278481,175.01579298115263,0.8701212386015846,2404
blend,10,2,0.2,rank,10,0.9297777791305314,1.4830700602241855,0.32152914277070654,-0.2778081540361039,0.5316455696202531,105.7372514825501,0.5310979676756868,2404
blend,10,2,0.2,rank,21,0.6776364098387606,1.0370635064652707,-0.032462226020309494,-0.31864341129551255,0.5949367088607594,56.7383312332623,0.28878005937491713,2404
blend,10,2,0.2,volinv,1,0.10215862339489279,0.1460215202369859,,-0.5168639713100524,0.45569620253164556,444.63664915024793,2.1510818683792676,2404
blend,10,2,0.2,volinv,5,0.3270096062368878,0.4895315365280024,,-0.5122849902990082,0.5063291139240507,178.02498866416826,0.8654435395644068,2404
blend,10,2,0.2,volinv,10,0.7684029792461657,1.1929628110375565,0.10986247639139589,-0.34242352376895746,0.5443037974683544,106.53542672472419,0.5226890933510577,2404
blend,10,2,0.2,volinv,21,0.5967003448956112,0.835501657749991,,-0.3273507936294898,0.569620253164557,56.94000715271958,0.2826075894167601,2404
blend,10,2,0.3,equal,1,0.529898290997303,0.8476991913132405,,-0.441473862693485,0.5063291139240507,347.8878283199382,1.686199531467595,2404
blend,10,2,0.3,equal,5,0.5388463796905346,0.8670724452637844,,-0.35698456025061676,0.4936708860759494,146.0561040073327,0.711926434974516,2404
blend,10,2,0.3,equal,10,1.0768815271000276,1.7088661207912816,0.4066714543815699,-0.20362990719427143,0.5822784810126582,91.02270282905106,0.4450889984538273,2404
blend,10,2,0.3,equal,21,0.5628034341512728,0.8599698488837184,,-0.34744462237577767,0.5949367088607594,51.155787738176365,0.2526422401150343,2404
blend,10,2,0.3,rank,1,0.5371576320798478,0.85851263393158,,-0.3918908287059689,0.5189873417721519,374.181472391031,1.76277908025282,2404
blend,10,2,0.3,rank,5,0.5239575483963048,0.8420605119987354,,-0.39981010212200563,0.4810126582278481,155.3857646990614,0.7489215295811442,2404
blend,10,2,0.3,rank,10,1.0783023335026378,1.7240392880463573,0.406250445202327,-0.19102091396586918,0.5949367088607594,95.4523608261274,0.46519908631778495,2404
blend,10,2,0.3,rank,21,0.5919556332041368,0.9108564252029913,,-0.33025514673344736,0.5822784810126582,52.760798572653044,0.26100611861273904,2404
blend,10,2,0.3,volinv,1,0.3081149710054653,0.4624150259210109,,-0.5290010768053381,0.5063291139240507,377.4320115756151,1.7717298671924717,2404
blend,10,2,0.3,volinv,5,0.344950013027847,0.5046402009139913,,-0.4179606895219906,0.4430379746835443,153.6585925686271,0.7288751429641358,2404
blend,10,2,0.3,volinv,10,0.9315311708910217,1.3902494347236443,0.2787562550066919,-0.20238322995211455,0.569620253164557,94.11809509746261,0.4484577114439953,2404
blend,10,2,0.3,volinv,21,0.4540057017612789,0.6448176158295413,,-0.34727202716903305,0.5949367088607594,52.008501789469825,0.25083077186647484,2404
blend,10,7,0.1,equal,1,-0.5124388593009384,-0.5816123636278201,,-0.5806312043888743,0.43037974683544306,492.5489339630132,2.6679379320704113,2404
blend,10,7,0.1,equal,5,0.3190709549567865,0.3684246532079643,,-0.44159329572231143,0.5316455696202531,195.83396005049093,1.062108567925083,2404
blend,10,7,0.1,equal,10,0.5979433138767875,0.9917493676057135,,-0.40961517773932377,0.5949367088607594,116.80151640332411,0.6308994018734533,2404
blend,10,7,0.1,equal,21,0.008565493344296649,0.010358615341215642,,-0.33630981813878236,0.5316455696202531,60.174017845975186,0.3302209551114185,2404
blend,10,7,0.1,rank,1,-0.4728970900882571,-0.5394793470775107,,-0.566161843382317,0.43037974683544306,496.24389804471195,2.662904565973905,2404
blend,10,7,0.1,rank,5,0.34247727120468413,0.39472892704771917,,-0.4466141626845437,0.5316455696202531,196.75884603177352,1.0654262042390639,2404
blend,10,7,0.1,rank,10,0.6283132914798885,1.0209738236934602,-0.06241675086642107,-0.40893534400798914,0.5949367088607594,117.0034927579649,0.6321040840725181,2404
blend,10,7,0.1,rank,21,0.012218230520318913,0.014706950890424874,,-0.3384158484984108,0.5189873417721519,60.27952302483099,0.33097037435261595,2404
blend,10,7,0.1,volinv,1,-0.28130218388661377,-0.30124107734355393,,-0.5749432479849372,0.46835443037974683,534.2611127158531,2.77522074902404,2404
blend,10,7,0.1,volinv,5,0.5036529788407589,0.5645145433596052,,-0.43914172258151973,0.5569620253164557,202.07313933084848,1.0571626960704938,2404
blend,10,7,0.1,volinv,10,0.8081466798629512,1.2903205326073863,0.3241336649325257,-0.3815979346801974,0.6329113924050633,118.39835023070755,0.6172471637981676,2404
blend,10,7,0.1,volinv,21,-0.08127667672804956,-0.09454329541137932,,-0.43450438770052924,0.4936708860759494,60.48367349568656,0.32136725858559,2404
blend,10,7,0.2,equal,1,-0.4336386241753696,-0.6254627978311789,,-0.6129869479950103,0.43037974683544306,410.04943992415514,2.050922916311759,2404
blend,10,7,0.2,equal,5,0.48889857041503426,0.7060578292276902,,-0.31653560245269585,0.5569620253164557,171.99675202860803,0.8656828221063844,2404
blend,10,7,0.2,equal,10,0.0697570151722406,0.09528427923752782,,-0.4487818606690712,0.46835443037974683,104.4622455467994,0.5259417867035907,2404
blend,10,7,0.2,equal,21,0.2541116077538257,0.3825546228017605,,-0.27054209952343844,0.4936708860759494,56.735412236438535,0.2885759600697952,2404
blend,10,7,0.2,rank,1,-0.3492856507229197,-0.5056811561794871,,-0.5677147523848867,0.4430379746835443,421.521779142367,2.0711887848757877,2404
blend,10,7,0.2,rank,5,0.5766099096035971,0.8474228977130401,,-0.29765067060404116,0.5189873417721519,175.59422138384753,0.8807844912545681,2404
blend,10,7,0.2,rank,10,0.1869544675219304,0.26067303767839006,,-0.40698982781279625,0.4810126582278481,106.18307876711935,0.5342997183300944,2404
blend,10,7,0.2,rank,21,0.23781229623045885,0.357122770714428,,-0.2756873772815265,0.5063291139240507,57.20647615229708,0.29151463590997373,2404
blend,10,7,0.2,volinv,1,-0.42261004596139823,-0.58127356413154,,-0.6118007023989982,0.46835443037974683,444.5298676034921,2.151004496864103,2404
blend,10,7,0.2,volinv,5,0.4894154818503987,0.6728106725794313,,-0.34506401583348056,0.5443037974683544,179.00724180363372,0.8756083603498857,2404
blend,10,7,0.2,volinv,10,0.1340744013136159,0.16819327243990023,,-0.4565396513118818,0.5063291139240507,107.31927452824948,0.5258877137660666,2404
blend,10,7,0.2,volinv,21,0.14603781138567393,0.20687378963414788,,-0.33112640803645355,0.5063291139240507,57.21367910993358,0.28412622054298936,2404
blend,10,7,0.3,equal,1,-0.1655052713053628,-0.2527325509456227,,-0.4992780623071562,0.45569620253164556,345.555966583693,1.6706872482731354,2404
blend,10,7,0.3,equal,5,0.7113677704201306,1.1103487043410727,0.05769337023289093,-0.198145113553853,0.5443037974683544,145.73291062748413,0.7105127625272938,2404
blend,10,7,0.3,equal,10,-0.09895923739921547,-0.13752963006457783,,-0.5393031772665365,0.4810126582278481,91.24658997961018,0.447343264036686,2404
blend,10,7,0.3,equal,21,0.2244756760297406,0.3325689059768065,,-0.34159898305377256,0.569620253164557,50.82191541693863,0.25134820934901486,2404
blend,10,7,0.3,rank,1,-0.17133484899065607,-0.2566907859176793,,-0.4927788841842775,0.45569620253164556,371.72290603664385,1.750036135443426,2404
blend,10,7,0.3,rank,5,0.7466020065526433,1.1423532644630097,0.037488591140047225,-0.18191969091452143,0.5949367088607594,155.2346848284501,0.7512483815150883,2404
blend,10,7,0.3,rank,10,0.07626876919491371,0.10686961410838142,,-0.4587231610202882,0.4810126582278481,95.91099969176516,0.4690501935879144,2404
blend,10,7,0.3,rank,21,0.21710491330638879,0.3245736268784863,,-0.3250441368445097,0.5569620253164557,52.61938451782679,0.26077681408066755,2404
blend,10,7,0.3,volinv,1,-0.24610190632499898,-0.3532166586155725,,-0.5386912651728752,0.4177215189873418,377.75952615479486,1.7713987616354967,2404
blend,10,7,0.3,volinv,5,0.6629502670922536,0.947752549560825,-0.02582648619373493,-0.22770580108772354,0.5569620253164557,153.565781102908,0.7288329551352546,2404
blend,10,7,0.3,volinv,10,-0.032428892355606365,-0.04163263482677614,,-0.5112263666077117,0.5189873417721519,94.26602737074468,0.4499152932288808,2404
blend,10,7,0.3,volinv,21,0.013903199807751614,0.01960051342645862,,-0.40786435101325014,0.5189873417721519,51.72558126816078,0.24990824840148895,2404
blend,20,0,0.1,equal,1,0.7170449954960387,1.055547326640372,0.04304302461488433,-0.21346761594124586,0.5063291139240507,357.3190187435186,1.93262924980871,2404
blend,20,0,0.1,equal,5,0.8740856663499774,1.403294089853858,0.24364346317807092,-0.22303499871292176,0.6329113924050633,145.8924613070583,0.7775079528809141,2404
blend,20,0,0.1,equal,10,0.9242977120794063,1.4259609411500969,0.2951996009652369,-0.20691840813907347,0.5569620253164557,97.40825927798862,0.5196904470323755,2404
blend,20,0,0.1,equal,21,0.5187398161386825,0.6772891853755568,,-0.22237986216960748,0.5949367088607594,55.75988158268867,0.29817294303077757,2404
blend,20,0,0.1,rank,1,0.7053576638763177,1.0154064758426729,0.038032929054683674,-0.21169752921774543,0.5316455696202531,359.69788770118464,1.9217398804080807,2404
blend,20,0,0.1,rank,5,0.8642827494538737,1.3811150687636315,0.24532192782037174,-0.22153126656035205,0.620253164556962,146.48771090788046,0.7771748775462652,2404
blend,20,0,0.1,rank,10,0.9054090547558511,1.3810768915888618,0.27824154109770544,-0.2157208647062736,0.5822784810126582,97.73378881838887,0.52033426405633,2404
blend,20,0,0.1,rank,21,0.503611064352434,0.6557080640482401,,-0.23020375207302413,0.5949367088607594,55.812893223975124,0.2978841741667452,2404
blend,20,0,0.1,volinv,1,0.5422530260711065,0.7714751891093179,,-0.22130313535079005,0.5569620253164557,392.3181432524002,2.023889942762475,2404
blend,20,0,0.1,volinv,5,0.9336699066806369,1.4014609120216301,0.2766134890923659,-0.22716647600110418,0.6455696202531646,152.43476345985883,0.7842560549368318,2404
blend,20,0,0.1,volinv,10,0.9528533066260578,1.3832081803954135,0.3147696287355928,-0.2514961148451169,0.6455696202531646,100.12220926076829,0.5176076184073468,2404
blend,20,0,0.1,volinv,21,0.5716297200409479,0.7271461554585399,,-0.24871075785013708,0.5822784810126582,55.982406656091044,0.2911355835065923,2404
blend,20,0,0.2,equal,1,0.7227880488313678,1.162472236362016,0.040376325295786775,-0.31676602132199805,0.4936708860759494,299.49809364531785,1.511174889977146,2404
blend,20,0,0.2,equal,5,0.7993521120019917,1.284668601708863,0.14709858041738919,-0.2045700657157017,0.5822784810126582,127.78592156779729,0.6454814962025419,2404
blend,20,0,0.2,equal,10,0.6493330420879307,1.0099347494843145,-0.10910618554455062,-0.18334174311505624,0.4936708860759494,85.7813004725874,0.4309768232652701,2404
blend,20,0,0.2,equal,21,0.5639802027856683,0.7123695736023593,,-0.28671201140427194,0.6075949367088608,50.68713901466741,0.25638568201319195,2404
blend,20,0,0.2,rank,1,0.7503538461432673,1.2041782758888044,0.038041575590998265,-0.3077242759739196,0.5063291139240507,307.3830978894432,1.5167891254871209,2404
blend,20,0,0.2,rank,5,0.8220557555594753,1.3513051712462505,0.2038246710971885,-0.20674824366570432,0.5822784810126582,129.70207827770804,0.6483896139361127,2404
blend,20,0,0.2,rank,10,0.6661294846613293,1.0462424599810252,-0.07175434114640303,-0.20468451609323168,0.5063291139240507,87.09179490818256,0.43567211482330453,2404
blend,20,0,0.2,rank,21,0.5259861282226183,0.670124596278532,,-0.2825293295859024,0.620253164556962,51.14724759168612,0.2578887884965165,2404
blend,20,0,0.2,volinv,1,0.4736481779458243,0.7207440518151078,,-0.34181569647195154,0.5063291139240507,331.3054511355565,1.6103401657001315,2404
blend,20,0,0.2,volinv,5,0.75465073043794,1.1227131253238067,0.07196426203658926,-0.20273276446327793,0.5443037974683544,135.23383162806132,0.6629099692663334,2404
blend,20,0,0.2,volinv,10,0.7011197327194358,1.0176030026025502,-0.002116805141011132,-0.21571545347287335,0.5316455696202531,88.71644167310119,0.4332123174924336,2404
blend,20,0,0.2,volinv,21,0.5935015240258977,0.733463563198592,,-0.2826092647257755,0.5949367088607594,51.60538149550484,0.2543203728053596,2404
blend,20,0,0.3,equal,1,0.7259239029746347,1.1264066956025631,0.024636401548221363,-0.3513534990059134,0.5189873417721519,251.18534909491018,1.2172856112053707,2404
blend,20,0,0.3,equal,5,0.9098136720697049,1.4214886099653445,0.22926807035223862,-0.22412115723338033,0.5063291139240507,108.58682299361745,0.528504797067743,2404
blend,20,0,0.3,equal,10,0.558140149005012,0.8320645323919091,,-0.32220606581663613,0.5063291139240507,74.92910993114482,0.3670938912742703,2404
blend,20,0,0.3,equal,21,0.77200959071635,1.0962769699647605,0.03796516584743676,-0.2887283160532297,0.620253164556962,44.89692493509427,0.2200007030621407,2404
blend,20,0,0.3,rank,1,0.784308171443972,1.2327394046133644,0.11063328584194322,-0.31815437676014546,0.5063291139240507,269.1692382512807,1.2606805147976508,2404
blend,20,0,0.3,rank,5,0.9226449707589384,1.503189763366866,0.29473194813329917,-0.21180807711065952,0.5316455696202531,114.65931344436945,0.5500713278234637,2404
blend,20,0,0.3,rank,10,0.6539832910761219,1.0112900071465192,-0.016394433779315338,-0.28820348909009275,0.5063291139240507,78.35302759026487,0.3803269388893127,2404
blend,20,0,0.3,rank,21,0.716160244426353,1.0197014431613132,0.07558853652139068,-0.2546247178705341,0.6455696202531646,46.58085041298102,0.22799174968553154,2404
blend,20,0,0.3,volinv,1,0.4110998427870079,0.5919026541078352,,-0.39065443536965627,0.4936708860759494,278.82161667980495,1.3065069763536095,2404
blend,20,0,0.3,volinv,5,0.7657661447504712,1.0746456211733821,0.15234060417499057,-0.23905329333976733,0.5316455696202531,116.33879034662579,0.5499772762512137,2404
blend,20,0,0.3,volinv,10,0.5389665138181643,0.737915826286673,,-0.3254518317431019,0.5189873417721519,78.3150134130589,0.3730291452654902,2404
blend,20,0,0.3,volinv,21,0.688639452435424,0.9195161294759514,-0.07232895232061735,-0.2934404781228238,0.6455696202531646,46.274243141733706,0.22113996483825774,2404
blend,20,2,0.1,equal,1,0.18459550453750892,0.2132141207751018,,-0.3808434903495309,0.5569620253164557,354.20106552111326,1.9180826641428377,2404
blend,20,2,0.1,equal,5,0.3297420054237743,0.47560175297846996,,-0.3397867517318127,0.569620253164557,147.59004358911054,0.791756402743298,2404
blend,20,2,0.1,equal,10,0.5178262111942895,0.6577876005253674,,-0.3608706254346685,0.569620253164557,99.26240096733595,0.5301655171502611,2404
blend,20,2,0.1,equal,21,0.37748934643475385,0.5085860167668996,,-0.2621578977827138,0.4810126582278481,55.91363709332488,0.29778808245214305,2404
blend,20,2,0.1,rank,1,0.15892263905049833,0.18431447218821115,,-0.37910421446106035,0.5316455696202531,356.5984480048739,1.9067586160168046,2404
blend,20,2,0.1,rank,5,0.32509812930264365,0.46944701157942975,,-0.33856700607010737,0.5569620253164557,148.23853434340168,0.7918937767181011,2404
blend,20,2,0.1,rank,10,0.5408690020072492,0.6894474359738801,,-0.35915213003778346,0.5569620253164557,99.57392264924898,0.5310732291803527,2404
blend,20,2,0.1,rank,21,0.38955519745247436,0.5246348926039182,,-0.2493714043149874,0.4936708860759494,55.96046898675052,0.29802700715257513,2404
blend,20,2,0.1,volinv,1,-0.017858351186320166,-0.0193582582155485,,-0.4231427544554217,0.5569620253164557,390.0624160320994,2.0108318464497703,2404
blend,20,2,0.1,volinv,5,0.14751511882340612,0.19539591268892173,,-0.3777266219120671,0.5316455696202531,154.7990287544731,0.7980603305295297,2404
blend,20,2,0.1,volinv,10,0.5730552429271115,0.7045469283432123,,-0.36684153046152457,0.6075949367088608,101.57916348458994,0.5257848021940226,2404
blend,20,2,0.1,volinv,21,0.3926785526315633,0.49903043369662636,,-0.2948445648577387,0.5569620253164557,56.455883246814125,0.29315492315171643,2404
blend,20,2,0.2,equal,1,0.38764172546044523,0.6104553935241218,,-0.2505822190921695,0.5189873417721519,298.41596321316797,1.5088324611642732,2404
blend,20,2,0.2,equal,5,0.4963090821083647,0.7638797675542982,,-0.21653534265741003,0.5443037974683544,127.26886001613953,0.6389849758287858,2404
blend,20,2,0.2,equal,10,0.607792269143841,0.9159992317125747,-0.10874222960780204,-0.3318943695724642,0.5822784810126582,86.76682478914165,0.4368523487708819,2404
blend,20,2,0.2,equal,21,0.7811597165167845,1.2035968722757904,0.05325950127269095,-0.24520354890884766,0.5949367088607594,50.636177974336064,0.25873190762307346,2404
blend,20,2,0.2,rank,1,0.38607246713606913,0.6164617013278733,,-0.25833063681448465,0.5443037974683544,306.21696812865576,1.5146984229323428,2404
blend,20,2,0.2,rank,5,0.4795087950208867,0.749971914986796,,-0.245851276295188,0.5443037974683544,129.7334239066362,0.6463523696002837,2404
blend,20,2,0.2,rank,10,0.6050449041553912,0.9163855331059328,-0.06414566287963284,-0.33863814354461985,0.5569620253164557,88.33570092030065,0.443500453839792,2404
blend,20,2,0.2,rank,21,0.7490201266068337,1.2096775552607353,0.08029669097778319,-0.23631443383084594,0.620253164556962,51.15115292800879,0.2609121061618511,2404
blend,20,2,0.2,volinv,1,0.2621023226711021,0.38426820191119043,,-0.3156130162941533,0.5316455696202531,330.68576214054957,1.610368026526289,2404
blend,20,2,0.2,volinv,5,0.4707271550767855,0.6743406019228878,,-0.2814910156002405,0.5063291139240507,134.0677330204542,0.6526831046584226,2404
blend,20,2,0.2,volinv,10,0.6554228768426738,0.9599878985827379,-0.0004033840190011663,-0.29529506681105944,0.5822784810126582,89.14896302292325,0.4368235800881053,2404
blend,20,2,0.2,volinv,21,0.7561505360937657,1.0731515763712818,0.09761852228181427,-0.26786133550530133,0.5569620253164557,51.40079273395187,0.2557721905371035,2404
blend,20,2,0.3,equal,1,0.42354471516701325,0.6575174230220717,,-0.3320348944885265,0.4936708860759494,250.9607110533176,1.2174054475961447,2404
blend,20,2,0.3,equal,5,0.7168750967698547,1.135062795382762,0.045780664111806785,-0.2393825991831381,0.569620253164557,108.32186529701069,0.527908423557819,2404
blend,20,2,0.3,equal,10,0.7078007092089224,1.0692842994202838,0.06916366862614196,-0.2690694867015082,0.5949367088607594,75.64010947399892,0.3699815875880348,2404
blend,20,2,0.3,equal,21,0.6890203885375273,1.0554581243903156,0.052605833892607055,-0.21797614973562107,0.569620253164557,44.74913679893837,0.22038340440335122,2404
blend,20,2,0.3,rank,1,0.4475850450749908,0.7175650888626118,,-0.30632229058880134,0.5316455696202531,268.459794866442,1.2592415986604628,2404
blend,20,2,0.3,rank,5,0.6586978556080956,1.054849557677232,-0.0013688875027989891,-0.2424234544934959,0.5822784810126582,114.81336880931153,0.5513501854063635,2404
blend,20,2,0.3,rank,10,0.7229140195843581,1.1051856275429095,0.02037198979712543,-0.2864061121018877,0.5569620253164557,79.3494454379947,0.38541971431986743,2404
blend,20,2,0.3,rank,21,0.6814518894054991,1.0708239701344475,0.04940904528594331,-0.21963275200816357,0.5949367088607594,46.541827956203086,0.2291866358573974,2404
blend,20,2,0.3,volinv,1,0.16497234749994874,0.2348633788327372,,-0.41431725623470006,0.45569620253164556,279.63124590488644,1.311375697750105,2404
blend,20,2,0.3,volinv,5,0.5902515316821985,0.8681982211060535,,-0.2851554324568355,0.5443037974683544,115.40900603397475,0.545686194361835,2404
blend,20,2,0.3,volinv,10,0.6635431376975683,0.955849842721383,-0.04265056366521352,-0.28501765215467034,0.569620253164557,78.73916319203117,0.3748033012055696,2404
blend,20,2,0.3,volinv,21,0.5547382798600246,0.7888132938890494,,-0.2448297510688524,0.5822784810126582,46.02424916717177,0.22132889543395362,2404
blend,20,7,0.1,equal,1,-0.28322947832478235,-0.36098888937856904,,-0.49620044356766946,0.45569620253164556,351.89080273040395,1.9096441293439559,2404
blend,20,7,0.1,equal,5,0.5965742289062234,0.8253925725202003,,-0.3161213164504161,0.5443037974683544,146.15545343182106,0.7937863221150407,2404
blend,20,7,0.1,equal,10,0.6463040922242059,0.8605884648804913,0.05497856958574481,-0.3234581089650249,0.5822784810126582,98.47726158431564,0.5298063448115579,2404
blend,20,7,0.1,equal,21,0.6538248253979622,0.9415430277903074,0.015135906278548559,-0.2632535663166836,0.5316455696202531,54.999008021402815,0.2956519025179174,2404
blend,20,7,0.1,rank,1,-0.2628298281710384,-0.33461719082249775,,-0.4977295141888717,0.45569620253164556,354.3416087478493,1.8986209631910442,2404
blend,20,7,0.1,rank,5,0.6285057790167472,0.8769477222276502,0.0062453240911098445,-0.3143430371127921,0.569620253164557,146.6624243343937,0.7930243783452368,2404
blend,20,7,0.1,rank,10,0.6413393228854529,0.8562276715647426,0.01814518840316168,-0.32436556612100864,0.5822784810126582,98.81211691533355,0.5310872757268583,2404
blend,20,7,0.1,rank,21,0.673331634758996,0.9699357788897643,-0.006898390696395934,-0.26025205040670174,0.5316455696202531,55.07062109456041,0.29584254781527325,2404
blend,20,7,0.1,volinv,1,-0.12397034502781862,-0.15091292101546983,,-0.48756856595536047,0.5063291139240507,392.7949371321627,2.0269466053001937,2404
blend,20,7,0.1,volinv,5,0.8582828938458945,1.146613790604528,0.23999960253673217,-0.2921795497156695,0.5949367088607594,153.86806747960185,0.7997207393458124,2404
blend,20,7,0.1,volinv,10,0.8886374734594071,1.1645204023714064,0.23646172893225062,-0.2935454221899281,0.6329113924050633,100.71055576103426,0.5203821663264445,2404
blend,20,7,0.1,volinv,21,0.5761979921001439,0.8050179009870443,,-0.2720224232523839,0.5189873417721519,55.34075371756698,0.2880381898621356,2404
blend,20,7,0.2,equal,1,0.18468196770828096,0.272251424035057,,-0.32502984528747514,0.5063291139240507,297.0313609814736,1.5070468566940267,2404
blend,20,7,0.2,equal,5,0.3642909059576825,0.5140890930608254,,-0.3277673570975076,0.5063291139240507,127.04961139543722,0.6437365158268071,2404
blend,20,7,0.2,equal,10,0.4403708985647933,0.5997779930184374,,-0.33978542174668147,0.5316455696202531,87.58930000428796,0.44177879789785834,2404
blend,20,7,0.2,equal,21,0.7231901332941668,1.1723831430134726,0.05992971726273546,-0.25518494575404516,0.5443037974683544,49.64214626380901,0.25360264178893077,2404
blend,20,7,0.2,rank,1,0.1848420228528487,0.27530257158559684,,-0.3256713684237095,0.5189873417721519,304.83771111685434,1.513790822255706,2404
blend,20,7,0.2,rank,5,0.44000588210876207,0.6295105159462085,,-0.3232191875534399,0.569620253164557,129.32744492107065,0.6508543107194549,2404
blend,20,7,0.2,rank,10,0.5014594448622889,0.6877128314588266,,-0.330228829116579,0.5443037974683544,88.91853490352268,0.447288165679661,2404
blend,20,7,0.2,rank,21,0.6990118784795232,1.0975689738595529,-0.015624177138241177,-0.24923364302373963,0.569620253164557,50.284063982048345,0.2570619558442781,2404
blend,20,7,0.2,volinv,1,0.11289144607450013,0.1553431272527197,,-0.3884077899049019,0.46835443037974683,331.9094566843679,1.622875716045678,2404
blend,20,7,0.2,volinv,5,0.5717142402815121,0.7825222453365605,,-0.3300787186616976,0.5189873417721519,134.47732214637037,0.6593817443933665,2404
blend,20,7,0.2,volinv,10,0.5886136250408905,0.7744767694542203,,-0.3447208337699835,0.569620253164557,90.68892594692115,0.4437387846149497,2404
blend,20,7,0.2,volinv,21,0.6427304090789628,0.9553905215525327,-0.1100191898866487,-0.2519023729291846,0.569620253164557,50.41599866533552,0.2509789886039888,2404
blend,20,7,0.3,equal,1,0.07653135038989042,0.11051741605140288,,-0.35927958559654327,0.5189873417721519,248.28858392137482,1.2042210217662395,2404
blend,20,7,0.3,equal,5,0.32863578179439656,0.45224036783576826,,-0.30295863459855954,0.5189873417721519,108.20736546193699,0.5278671043699221,2404
blend,20,7,0.3,equal,10,0.1474066329761024,0.1955132036532394,,-0.43420724736906424,0.5189873417721519,75.02533520805376,0.36724566017427424,2404
blend,20,7,0.3,equal,21,0.4777134361647529,0.7009835609955914,,-0.30833591137608307,0.569620253164557,44.25589402162124,0.21955760149609377,2404
blend,20,7,0.3,rank,1,0.14992184218912208,0.22187010609825844,,-0.3411128102476163,0.5316455696202531,265.90968099917336,1.2485564854515383,2404
blend,20,7,0.3,rank,5,0.4284923964683516,0.608255542692253,,-0.29606140322153973,0.5443037974683544,114.37178128269171,0.5515236134805457,2404
blend,20,7,0.3,rank,10,0.292606802621912,0.39655768847021405,,-0.3760286271954917,0.5316455696202531,79.08520857696878,0.3847981462552348,2404
blend,20,7,0.3,rank,21,0.546916151436163,0.8195623271976243,,-0.28095850141409306,0.5822784810126582,45.914196271447956,0.22797385331706377,2404
blend,20,7,0.3,volinv,1,0.06267176984790698,0.08713089016610569,,-0.4171354783360198,0.4810126582278481,278.6354854226167,1.308714778950523,2404
blend,20,7,0.3,volinv,5,0.42448587176464564,0.5519269987952325,,-0.3421658911373828,0.5316455696202531,115.95635672566706,0.5488079640612926,2404
blend,20,7,0.3,volinv,10,0.25799097525636333,0.31683736021824616,,-0.4171818345559646,0.5569620253164557,78.74851503067734,0.37452459333889354,2404
blend,20,7,0.3,volinv,21,0.3358382669930627,0.4598954256282865,,-0.324113903541434,0.5949367088607594,45.500439360700916,0.2203258866458373,2404
blend,30,0,0.1,equal,1,0.7848168024758763,1.1841733809632042,0.10127921111451027,-0.2753015195862183,0.5949367088607594,285.885275413782,1.508230495748252,2404
blend,30,0,0.1,equal,5,0.9767295239193255,1.4541404735788217,0.3083286190207562,-0.28151881185857053,0.6075949367088608,118.34488498482638,0.6253551668294492,2404
blend,30,0,0.1,equal,10,1.005758161346122,1.4668249703552088,0.3708718647147222,-0.2687137968132761,0.6329113924050633,81.48128170387028,0.4322140931325065,2404
blend,30,0,0.1,equal,21,0.8101584280915756,1.238702425534163,0.14637525312852445,-0.2996236398868096,0.569620253164557,51.41208707293129,0.27163520847531686,2404
blend,30,0,0.1,rank,1,0.762859330907651,1.1563835361771038,0.0705150003755545,-0.28471734240073954,0.6075949367088608,287.9486923642571,1.4967663093258075,2404
blend,30,0,0.1,rank,5,0.974883896427402,1.4411364489040093,0.2891596777906602,-0.2813120173667456,0.6075949367088608,118.82896790815214,0.6238821171606203,2404
blend,30,0,0.1,rank,10,1.0167214099774344,1.4740053964576354,0.39276490019876714,-0.2692475419113822,0.620253164556962,81.65224997026958,0.4318348764761957,2404
blend,30,0,0.1,rank,21,0.8333298728286422,1.2933997574311142,0.19711822451180236,-0.2792513932112958,0.569620253164557,51.37598506985252,0.27096445374372535,2404
blend,30,0,0.1,volinv,1,0.7204583689922159,1.025512564177965,-0.007883620411215335,-0.30568225436070995,0.5443037974683544,322.05089686577224,1.6210441711293777,2404
blend,30,0,0.1,volinv,5,1.0105115336641075,1.4142063195104242,0.3499200604127975,-0.31129746730040064,0.6582278481012658,126.15495493364342,0.6399830286086247,2404
blend,30,0,0.1,volinv,10,1.0262271912410155,1.4155158970186736,0.3642776946485388,-0.2656883221872146,0.620253164556962,84.3819502966407,0.4317104177804403,2404
blend,30,0,0.1,volinv,21,0.7485742174978085,1.069282449896025,0.12636902158646407,-0.3116157317759666,0.5949367088607594,51.69698145892873,0.2656393115875918,2404
blend,30,0,0.2,equal,1,0.75083224036672,1.106719255007854,0.07237957800391599,-0.2760808438287661,0.5949367088607594,249.56670607933154,1.2734656150165662,2404
blend,30,0,0.2,equal,5,0.748118096887611,1.2397989853485483,0.06005601764819319,-0.31919204102985,0.5949367088607594,105.97797119633096,0.5353184781107185,2404
blend,30,0,0.2,equal,10,0.6015420641954112,0.9165792056979141,-0.10560883476029681,-0.31696226929996074,0.5569620253164557,73.0765098681551,0.3663424827146221,2404
blend,30,0,0.2,equal,21,0.5121589084362149,0.6587420036376923,,-0.296092083767053,0.5569620253164557,45.75809495312077,0.22767273020778042,2404
blend,30,0,0.2,rank,1,0.7210498539637382,1.0590267252466392,0.06505951081296157,-0.28678896485459404,0.620253164556962,254.57029923445643,1.2645546882213279,2404
blend,30,0,0.2,rank,5,0.819374468761506,1.3970639916184915,0.2067872628307178,-0.3105772892113382,0.5949367088607594,107.00522171650533,0.5339812040865367,2404
blend,30,0,0.2,rank,10,0.6978157884131639,1.1098481279142711,0.026911875134318055,-0.3021947357917708,0.5443037974683544,73.76858623371743,0.36751587143020914,2404
blend,30,0,0.2,rank,21,0.5567111584751522,0.7267418600826959,,-0.294095675183785,0.5443037974683544,46.08705186059291,0.22887538923230766,2404
blend,30,0,0.2,volinv,1,0.6339899288010988,0.9005218876120872,-0.044503299050086334,-0.30687688520785006,0.5822784810126582,280.05889209004545,1.3713776758588803,2404
blend,30,0,0.2,volinv,5,0.7821252848829809,1.2300499026085276,0.09686059827492023,-0.3375666362176091,0.569620253164557,113.38182066846629,0.5538287529663575,2404
blend,30,0,0.2,volinv,10,0.6037902567056878,0.8757875647783748,-0.12359349741244996,-0.33767870550672985,0.569620253164557,76.84789976061568,0.3746265665336974,2404
blend,30,0,0.2,volinv,21,0.5762936776569617,0.7231856909978326,,-0.2679691208836714,0.569620253164557,46.77264993240726,0.22692317344376553,2404
blend,30,0,0.3,equal,1,0.8771936029031119,1.3132475227068339,0.1934730688935706,-0.2827674847133742,0.5822784810126582,209.77017724679388,1.020088460039892,2404
blend,30,0,0.3,equal,5,1.0704107347313156,1.7744743512917847,0.3993243760896893,-0.2951072656024094,0.5822784810126582,90.38606876904633,0.437409243770649,2404
blend,30,0,0.3,equal,10,0.7311078655280618,1.1146530744343275,0.07957810484067838,-0.3594007529423616,0.569620253164557,63.032198143447346,0.3060689562716441,2404
blend,30,0,0.3,equal,21,0.805562152556216,1.087008851672125,0.14140354293918447,-0.2818537825621187,0.5949367088607594,39.85508023860587,0.19355611662085281,2404
blend,30,0,0.3,rank,1,0.8463959473383048,1.2685382352110006,0.19172483526120707,-0.2693368924501238,0.5822784810126582,222.42429858872808,1.042211750286819,2404
blend,30,0,0.3,rank,5,1.0318204743354646,1.7716281659446376,0.38005385143771614,-0.29656461146855795,0.5822784810126582,94.55545236249728,0.44957647372398474,2404
blend,30,0,0.3,rank,10,0.8010235001112552,1.286639165351095,0.13460605041662513,-0.3345147980830745,0.569620253164557,65.70841977663383,0.31573199965542564,2404
blend,30,0,0.3,rank,21,0.7593915834093425,1.0403711630937775,0.0626919805096935,-0.2934463468137234,0.6075949367088608,41.36262595336271,0.19985224517450678,2404
blend,30,0,0.3,volinv,1,0.7709748806530713,1.1187365913189333,0.07530942534713785,-0.315102896225507,0.569620253164557,238.5072016307821,1.1182217159134535,2404
blend,30,0,0.3,volinv,5,1.0543357285537807,1.687160693371433,0.3836159999216366,-0.3434677102323507,0.5822784810126582,98.29936002000875,0.4611503533082935,2404
blend,30,0,0.3,volinv,10,0.7392776250231223,1.085910661229515,0.017563009822660708,-0.3929072625777591,0.569620253164557,67.05471247640689,0.3167376248437731,2404
blend,30,0,0.3,volinv,21,0.8130410595414289,1.0725515134845336,0.09831375756729145,-0.27692104800264894,0.6329113924050633,41.236558418703794,0.19541108654420997,2404
blend,30,2,0.1,equal,1,0.3391045165808215,0.4788920183729637,,-0.33979645705435824,0.5063291139240507,284.09072843066707,1.5055417166533007,2404
blend,30,2,0.1,equal,5,0.5526206210046339,0.8162581007446555,,-0.32178130044535735,0.5443037974683544,120.63129364355264,0.6429686839485006,2404
blend,30,2,0.1,equal,10,0.9045537820319832,1.3007198887555014,0.23216894381723446,-0.33583954232929747,0.620253164556962,80.89174171640893,0.42659232338651887,2404
blend,30,2,0.1,equal,21,0.879797051799355,1.244393981802291,0.20789276471450932,-0.2493553389992852,0.5443037974683544,50.575831091091544,0.269482366143897,2404
blend,30,2,0.1,rank,1,0.3322655971543776,0.46454414481834977,,-0.34398614090487645,0.4936708860759494,286.19618936781774,1.494464445954967,2404
blend,30,2,0.1,rank,5,0.5756099371290351,0.8537525572292064,,-0.3349562334610645,0.5443037974683544,120.80791800656006,0.6401110521222838,2404
blend,30,2,0.1,rank,10,0.9363453682287736,1.350839711803393,0.2702912628401818,-0.34008194862206254,0.620253164556962,80.93070498011903,0.4256996678728553,2404
blend,30,2,0.1,rank,21,0.8866245433707265,1.2662427394945557,0.23964464472035854,-0.24589408608742824,0.5443037974683544,50.53696612375282,0.268868172953929,2404
blend,30,2,0.1,volinv,1,0.387083529786782,0.5226185217332155,,-0.3760051741689223,0.5316455696202531,319.8895275494772,1.6128750003982315,2404
blend,30,2,0.1,volinv,5,0.5861307262667163,0.8150943643910996,,-0.3573020045993909,0.620253164556962,128.06809120735954,0.6551249251120626,2404
blend,30,2,0.1,volinv,10,0.846489409049591,1.17254629145103,0.17879132984553125,-0.36544194493679183,0.569620253164557,83.88537144282836,0.42826329315029454,2404
blend,30,2,0.1,volinv,21,0.8283099245869592,1.0916005077450779,0.1998287003928633,-0.26924055311581707,0.569620253164557,51.150531900542056,0.2644131294137445,2404
blend,30,2,0.2,equal,1,0.7404766620198423,1.2064893835499133,0.045420672494976784,-0.3146575137758546,0.5189873417721519,248.18592494155305,1.263301350984893,2404
blend,30,2,0.2,equal,5,0.9861658830546877,1.6512973460424407,0.3072032554891985,-0.25351177067407504,0.5949367088607594,105.38056325631516,0.5310577446374517,2404
blend,30,2,0.2,equal,10,0.7234884874669223,1.0994158321478538,0.009123701186715204,-0.2315907541821245,0.5822784810126582,73.14611247591705,0.3680656303659399,2404
blend,30,2,0.2,equal,21,0.7123895467175199,0.9277788842527206,0.01948146419888749,-0.24416684988996618,0.5189873417721519,45.21538361780685,0.22517401228691536,2404
blend,30,2,0.2,rank,1,0.7063659408473543,1.1789045501397906,-0.001996201992803122,-0.31408514364043905,0.5316455696202531,253.25903781176058,1.2560705225528466,2404
blend,30,2,0.2,rank,5,0.9609287342244415,1.6405740942958325,0.2977486849686907,-0.28332863631342464,0.6329113924050633,106.64171901784084,0.5308903232911699,2404
blend,30,2,0.2,rank,10,0.7820459309621388,1.2188212508228164,-0.022324472508011554,-0.25581370727669595,0.5822784810126582,73.92775180280869,0.3697359601539607,2404
blend,30,2,0.2,rank,21,0.7231002475509052,0.9474545771358267,0.06942003967117003,-0.23571526349992677,0.5443037974683544,45.5711531328259,0.22650937125892506,2404
blend,30,2,0.2,volinv,1,0.5736130440274524,0.8727098613648155,,-0.3534628584085441,0.5443037974683544,279.5519686657068,1.3652422817327403,2404
blend,30,2,0.2,volinv,5,1.0398755781608726,1.6421442472597867,0.37923385738091747,-0.31058857725994016,0.5949367088607594,113.26523529660142,0.5526196633199776,2404
blend,30,2,0.2,volinv,10,0.6473390757610331,0.9135979444578234,-0.074620628965921,-0.2755897907368291,0.6075949367088608,76.98918173104126,0.3771953090467822,2404
blend,30,2,0.2,volinv,21,0.5972940227178584,0.7369105566368103,,-0.2612563966080076,0.5569620253164557,46.388485176814676,0.22535264605937974,2404
blend,30,2,0.3,equal,1,0.7585437188854262,1.2715795376819286,0.10612610243739805,-0.33445412389972096,0.5569620253164557,210.1099810667978,1.019948137722325,2404
blend,30,2,0.3,equal,5,0.8339608037648729,1.3700754647105315,0.1590290008718953,-0.2705432867892661,0.6075949367088608,90.66764221740692,0.440313273444764,2404
blend,30,2,0.3,equal,10,0.5516333031505959,0.8242936660870614,,-0.24278874432875963,0.569620253164557,63.64250469016822,0.30889642263099926,2404
blend,30,2,0.3,equal,21,0.735222501218818,1.0158690503603227,0.07067719941586077,-0.23469428648836899,0.569620253164557,39.636349772734114,0.19191557915986002,2404
blend,30,2,0.3,rank,1,0.7561703580467178,1.2942791936299154,0.05359389711363336,-0.33169125436970204,0.569620253164557,222.1995634957479,1.0403219531101149,2404
blend,30,2,0.3,rank,5,0.8800062040207586,1.5014110107759568,0.19377092028659357,-0.2807439916285467,0.5949367088607594,94.71865558552236,0.4519571946130302,2404
blend,30,2,0.3,rank,10,0.6995560158895491,1.0974295357647696,-0.03589818011604477,-0.2609650435990696,0.6075949367088608,66.30817207689879,0.31893087965354466,2404
blend,30,2,0.3,rank,21,0.7694457859004474,1.0625193163485671,0.11265235667257167,-0.22947229560742932,0.5949367088607594,41.13743383351568,0.1983491559342898,2404
blend,30,2,0.3,volinv,1,0.6329319201991465,1.0287319679217546,-0.06197399920122289,-0.381990600737122,0.5443037974683544,238.51290546274052,1.1173316744761719,2404
blend,30,2,0.3,volinv,5,0.837017552949967,1.2856753717557252,0.14790401150267965,-0.32047229317724624,0.5443037974683544,98.50487431053756,0.46383016493494167,2404
blend,30,2,0.3,volinv,10,0.49939869441171963,0.7113515068443088,,-0.2648554880726878,0.5822784810126582,67.49436168736945,0.3189182867856162,2404
blend,30,2,0.3,volinv,21,0.6687652807483395,0.8880070876196973,-0.07588626874188144,-0.23447167817610748,0.5822784810126582,41.108967566461416,0.19422935163040655,2404
blend,30,7,0.1,equal,1,0.11047418710456923,0.15325186488604486,,-0.3690957976976359,0.5316455696202531,280.93286925882705,1.4892457031146564,2404
blend,30,7,0.1,equal,5,0.8002592882997479,1.0616029892214067,0.10653815473875297,-0.2867895530396155,0.620253164556962,119.90670817218788,0.643885330807654,2404
blend,30,7,0.1,equal,10,0.7825110181028339,1.0988406404259063,0.14119004412254207,-0.3373230984404365,0.5316455696202531,81.82557959478777,0.4348298207035931,2404
blend,30,7,0.1,equal,21,0.46996628392210116,0.6201269350567934,,-0.3456650511397923,0.5189873417721519,49.57138678982014,0.2622879977117903,2404
blend,30,7,0.1,rank,1,0.13654019059186,0.1912301822145405,,-0.3605707544715083,0.5189873417721519,283.0359303887879,1.4786418854850103,2404
blend,30,7,0.1,rank,5,0.8067614230781015,1.0719823178790635,0.09637749396129795,-0.28561068213565943,0.620253164556962,120.03256683559115,0.6409760301031695,2404
blend,30,7,0.1,rank,10,0.7856298459839421,1.105388270218771,0.162205248262997,-0.32778384059441756,0.5316455696202531,81.88285416707474,0.4344103130662787,2404
blend,30,7,0.1,rank,21,0.48773619231090976,0.6459349416694307,,-0.32626365187320916,0.5189873417721519,49.64959350726967,0.2627214538038807,2404
blend,30,7,0.1,volinv,1,-0.0023855876202203323,-0.0031258601304320786,,-0.4501980836875209,0.5443037974683544,321.01442779307234,1.6203324076167755,2404
blend,30,7,0.1,volinv,5,0.8774145158599104,1.1248032596541315,0.1900035155259742,-0.30853650078797024,0.6708860759493671,128.33081307315834,0.6593615708126399,2404
blend,30,7,0.1,volinv,10,0.8496059481120253,1.1635625629133632,0.1550317319707243,-0.3731223538585924,0.5316455696202531,84.62960481997828,0.432703502343902,2404
blend,30,7,0.1,volinv,21,0.5462912521057466,0.708154317209987,,-0.35490800593238503,0.569620253164557,50.12993288662028,0.2568198117383146,2404
blend,30,7,0.2,equal,1,0.01992911994471156,0.0265763504129546,,-0.3637195623006976,0.5316455696202531,245.76237291447075,1.246726191297935,2404
blend,30,7,0.2,equal,5,0.3305936054596373,0.41414263637422444,,-0.3073783557594818,0.5569620253164557,104.16618114005,0.5243957794601606,2404
blend,30,7,0.2,equal,10,0.34721787386840086,0.48322723195435074,,-0.426951988119025,0.5569620253164557,73.06922460846188,0.36946559923476685,2404
blend,30,7,0.2,equal,21,0.4840142430277743,0.635043659941168,,-0.326053925708951,0.5949367088607594,45.556177168678026,0.23079317965500923,2404
blend,30,7,0.2,rank,1,0.07634700517184168,0.10453994872334793,,-0.355631539079437,0.5443037974683544,250.28444373743918,1.2373672625953696,2404
blend,30,7,0.2,rank,5,0.4142406826824288,0.5224166090389941,,-0.29365802293697607,0.5569620253164557,105.40902338112181,0.5243527976651037,2404
blend,30,7,0.2,rank,10,0.42939056578306906,0.6076070064565962,,-0.406953913230383,0.5822784810126582,73.79898550497228,0.3710038173277684,2404
blend,30,7,0.2,rank,21,0.4732047721379654,0.6251343889693731,,-0.31943313109156335,0.5822784810126582,45.75529327302489,0.2319344553891515,2404
blend,30,7,0.2,volinv,1,-0.08040897311419772,-0.10177376082208299,,-0.4356998293284956,0.5443037974683544,281.0907473050208,1.3698543893559618,2404
blend,30,7,0.2,volinv,5,0.303854547955104,0.36090769472435286,,-0.3178870895817395,0.569620253164557,112.74785040310593,0.5483465445572694,2404
blend,30,7,0.2,volinv,10,0.4346516126269865,0.601056601448663,,-0.43435022137270596,0.569620253164557,76.52891068600007,0.37466743427372057,2404
blend,30,7,0.2,volinv,21,0.5320376761142366,0.6889081118031659,,-0.33045691932477594,0.620253164556962,46.54808134028652,0.23007223108173147,2404
blend,30,7,0.3,equal,1,0.08709159999845544,0.11557138463991219,,-0.33162515763404576,0.4936708860759494,206.05106049815754,0.9985394066969281,2404
blend,30,7,0.3,equal,5,0.23823317278639666,0.3121411485618532,,-0.31141976677127803,0.5063291139240507,89.81529343735463,0.4370407881713723,2404
blend,30,7,0.3,equal,10,0.5912677038908868,0.857382971174811,,-0.4166198685266421,0.5569620253164557,62.601249523759655,0.3048748455962712,2404
blend,30,7,0.3,equal,21,0.6313903227322194,0.917958200402868,-0.10292326965674944,-0.2439975431546736,0.6075949367088608,40.02401061046019,0.1948937855064908,2404
blend,30,7,0.3,rank,1,0.13373659293004966,0.18408456479939905,,-0.33806000215591614,0.5569620253164557,218.7908652000422,1.0232965357307902,2404
blend,30,7,0.3,rank,5,0.3744289867357394,0.4951761717620571,,-0.2863804608861752,0.5189873417721519,93.8194870900729,0.44853872418764507,2404
blend,30,7,0.3,rank,10,0.6107964525743641,0.8788380479183597,-0.04689588579994363,-0.4010441077354715,0.5569620253164557,65.462930194522,0.3165656444445926,2404
blend,30,7,0.3,rank,21,0.6163150406452345,0.8755096745318554,0.02516032240771802,-0.2571126339597587,0.5822784810126582,41.378218841202454,0.20150391788405977,2404
blend,30,7,0.3,volinv,1,0.028123247080588117,0.03566273554272977,,-0.4012660859351177,0.5443037974683544,238.42931123709226,1.116374740631846,2404
blend,30,7,0.3,volinv,5,0.35082928715917683,0.4437609907147232,,-0.35556182819582527,0.5822784810126582,98.69825291708656,0.465452542812483,2404
blend,30,7,0.3,volinv,10,0.7052478033409553,1.0095802559777296,-0.005377803665117386,-0.411140495435959,0.5949367088607594,66.61028471057705,0.3145300620585779,2404
blend,30,7,0.3,volinv,21,0.6889850933260843,0.961167712407345,0.0031155596749900725,-0.30364184340121747,0.5949367088607594,41.57177426844952,0.19795448381858533,2404
blend,45,0,0.1,equal,1,0.6827667003589448,0.9922570915448299,0.05027862878046159,-0.30391212628647624,0.6075949367088608,231.62693270025653,1.22213744760466,2404
blend,45,0,0.1,equal,5,1.0644733002540572,1.6207746748866063,0.37651684097154575,-0.226042495103301,0.5822784810126582,98.79238422875561,0.5243348834995852,2404
blend,45,0,0.1,equal,10,1.0796927863248735,1.6161955392200433,0.3619440508151462,-0.21473288091153897,0.6075949367088608,68.62329890455807,0.362147144387996,2404
blend,45,0,0.1,equal,21,0.8509953591356948,1.388646523527233,0.1479895611236288,-0.2598569321693617,0.5316455696202531,45.86302132753819,0.24190585387697566,2404
blend,45,0,0.1,rank,1,0.6936035802195457,0.9990077849717589,0.062469211733267464,-0.2956107692581187,0.6075949367088608,233.77362337997178,1.2131915565992655,2404
blend,45,0,0.1,rank,5,1.049946042127315,1.5849202293666362,0.3440371270854958,-0.22852527154079916,0.569620253164557,98.9604232476018,0.5213235259841685,2404
blend,45,0,0.1,rank,10,1.0615588742605946,1.569809192538784,0.32974070166919417,-0.21662547234545804,0.5949367088607594,68.73128095441513,0.361227525303003,2404
blend,45,0,0.1,rank,21,0.8470530193242676,1.3695501725016481,0.17906964785430776,-0.26289994465149935,0.5189873417721519,45.82760667105416,0.24140094166776555,2404
blend,45,0,0.1,volinv,1,0.6948001497361032,1.0075919476446602,0.029911121005842662,-0.30972169378843073,0.5949367088607594,267.68918418749064,1.3374286551640042,2404
blend,45,0,0.1,volinv,5,1.0366207384543964,1.4685515553822472,0.332588884476297,-0.297918036946462,0.6075949367088608,107.41229268042589,0.5448420331516772,2404
blend,45,0,0.1,volinv,10,1.1859837261505581,1.6851997318716687,0.4919541056666445,-0.22705889413709235,0.620253164556962,71.93058149051151,0.3651608084799229,2404
blend,45,0,0.1,volinv,21,0.836998589060961,1.2750948653297771,0.2075384553923224,-0.26648993680219535,0.5822784810126582,46.35756775194985,0.2371578669863997,2404
blend,45,0,0.2,equal,1,0.6555661371564712,1.0106427430900287,0.03588456406879185,-0.3349233469134657,0.5822784810126582,202.25695914893348,0.9945269354713817,2404
blend,45,0,0.2,equal,5,0.8162426340674378,1.245432488273329,0.11344948567169467,-0.22345095746163235,0.5443037974683544,88.60320142127279,0.43981138049370705,2404
blend,45,0,0.2,equal,10,0.6220487263847335,0.8785088205610131,-0.10720434886166194,-0.2667889342024572,0.5443037974683544,62.082444050734345,0.30887867999988666,2404
blend,45,0,0.2,equal,21,1.02812985926155,1.4401731490676744,0.39122895955277553,-0.2401554113777904,0.6075949367088608,40.308453571535004,0.20028739103023868,2404
blend,45,0,0.2,rank,1,0.6493076131422512,0.9709763081287756,0.022335763577969056,-0.31385506097810323,0.5822784810126582,205.85466960044678,0.9856893116853576,2404
blend,45,0,0.2,rank,5,0.8335396846341576,1.2572933217517024,0.18615855061130657,-0.234166353548239,0.5822784810126582,89.34771941636791,0.43807370527513406,2404
blend,45,0,0.2,rank,10,0.7026157964237143,1.0242292418792736,0.0157021441840429,-0.26970615753844995,0.569620253164557,62.56280550090701,0.30912662276312086,2404
blend,45,0,0.2,rank,21,0.9551403650232962,1.332376175504625,0.3288223837194563,-0.2180226565649942,0.569620253164557,40.750244822538036,0.2022681648099654,2404
blend,45,0,0.2,volinv,1,0.479976514795411,0.6846304044234837,,-0.35601256659504954,0.5569620253164557,238.11340845202753,1.1280842930337893,2404
blend,45,0,0.2,volinv,5,0.7944443613287447,1.1127505710547958,0.12972600534010315,-0.2464447562870028,0.5949367088607594,97.91576848477922,0.4693407921299737,2404
blend,45,0,0.2,volinv,10,0.6727645588844859,0.8977458845796219,-0.02779489579598879,-0.2652628437848108,0.5316455696202531,66.17555500267571,0.31889927253050476,2404
blend,45,0,0.2,volinv,21,1.1217574581384633,1.5003159705138878,0.4446877319010991,-0.22873543522794992,0.6708860759493671,41.3585045223569,0.20019836817874825,2404
blend,45,0,0.3,equal,1,0.7604025101699147,1.1745233116567844,0.09363874359863752,-0.37924191614386116,0.5443037974683544,174.27561472116844,0.8290219608930225,2404
blend,45,0,0.3,equal,5,0.9734078303322552,1.4523585403211072,0.3791215194355138,-0.22819587859700852,0.6075949367088608,76.11317012946945,0.3639477803509658,2404
blend,45,0,0.3,equal,10,0.8412608469479138,1.2028442493589453,0.16032262916426407,-0.2905585295688161,0.5443037974683544,53.37529689005813,0.2561088244005322,2404
blend,45,0,0.3,equal,21,0.9032508067395592,1.1448665253036878,0.21298700472070606,-0.27528042353472626,0.6455696202531646,35.71496237778318,0.17191947350856454,2404
blend,45,0,0.3,rank,1,0.7500570422632276,1.135746329984888,0.08910964427478463,-0.34754143525576286,0.5569620253164557,183.36900906350758,0.8405494700298866,2404
blend,45,0,0.3,rank,5,0.9676981170824714,1.4303754193651812,0.28572057872914886,-0.21297797600871393,0.569620253164557,79.15340471817696,0.37225179346038934,2404
blend,45,0,0.3,rank,10,0.8713325048915422,1.286671572689143,0.1770149575702539,-0.26914307263110626,0.5822784810126582,55.615191369688354,0.26461861102041806,2404
blend,45,0,0.3,rank,21,0.9104689414806753,1.2154735181381213,0.2395873236182059,-0.26022334798265656,0.6075949367088608,36.87580465335836,0.1770127687522674,2404
blend,45,0,0.3,volinv,1,0.5766298179275772,0.8297067411585801,,-0.4226095505158459,0.5949367088607594,205.1453532803863,0.9432389199173006,2404
blend,45,0,0.3,volinv,5,0.9838115317655678,1.3769450953221114,0.2679263021799077,-0.24051622469675837,0.6075949367088608,85.1854332519733,0.3949862840780684,2404
blend,45,0,0.3,volinv,10,0.900240800023119,1.217056438109495,0.22242300964231382,-0.2925023073359728,0.6329113924050633,57.951143429568994,0.2700904860068074,2404
blend,45,0,0.3,volinv,21,0.9811178488978145,1.2264947741951746,0.2795300631725761,-0.2788201400708986,0.6582278481012658,37.30871490840144,0.17531636455290636,2404
blend,45,2,0.1,equal,1,0.6069355759808871,0.8565115510463699,-0.11215460940723544,-0.3340614568217304,0.5443037974683544,231.37545019921723,1.2259128240548491,2404
blend,45,2,0.1,equal,5,0.7601785303057194,1.1377860436578104,0.07422959040099263,-0.379645484008448,0.5443037974683544,99.95594443402018,0.5299290034312292,2404
blend,45,2,0.1,equal,10,0.8167527541167735,1.1677127381226786,0.10761393720570708,-0.2542766319477088,0.569620253164557,68.31723014358268,0.3621098112902477,2404
blend,45,2,0.1,equal,21,0.7795298772559023,1.2808403726198447,0.14805168755037387,-0.2083142032778147,0.5063291139240507,45.411955900504395,0.23977609978050252,2404
blend,45,2,0.1,rank,1,0.5885031906337048,0.8211145097407899,,-0.32957592432256166,0.5316455696202531,233.74083329929576,1.2183552636202992,2404
blend,45,2,0.1,rank,5,0.7503751585634474,1.1183578284086708,0.06087252450335651,-0.3821505840584073,0.5443037974683544,100.0388060797033,0.5265696208692894,2404
blend,45,2,0.1,rank,10,0.8195250668131802,1.16074680935678,0.11908278433558844,-0.2597634335445852,0.5569620253164557,68.35470729480168,0.3610034682798885,2404
blend,45,2,0.1,rank,21,0.7811741834408557,1.2799553979283265,0.1316366420127105,-0.20347543667296109,0.4810126582278481,45.42924505072312,0.23966620316631876,2404
blend,45,2,0.1,volinv,1,0.47808058528735997,0.6627218563820723,,-0.3641096510196179,0.5063291139240507,269.22755615662373,1.3493149330786147,2404
blend,45,2,0.1,volinv,5,0.8421899677704208,1.2463444691241419,0.15971731454559987,-0.3918481135549631,0.5316455696202531,109.55197284794686,0.5536000434016368,2404
blend,45,2,0.1,volinv,10,0.9873079825087353,1.4171980639807542,0.2910555106972185,-0.28723354609884666,0.5949367088607594,72.20203374917614,0.3664322424456091,2404
blend,45,2,0.1,volinv,21,0.9239009334787867,1.416596490804982,0.22542975456007852,-0.20278978444378604,0.569620253164557,46.20648209090431,0.23629485947281256,2404
blend,45,2,0.2,equal,1,0.6141433324202903,0.9155891042151961,-0.10716525633740139,-0.3244834157382216,0.5189873417721519,204.65484841985457,1.0121256756153647,2404
blend,45,2,0.2,equal,5,0.6460119848068442,0.9589048961150439,-0.052368189916444284,-0.26808806907716254,0.5949367088607594,89.14757250615905,0.442323441353401,2404
blend,45,2,0.2,equal,10,0.5884386152280447,0.8324279117490215,,-0.3239521588857579,0.5569620253164557,61.69211644306208,0.30653395743211476,2404
blend,45,2,0.2,equal,21,0.9169457880592092,1.414100794526788,0.22698372576283535,-0.2058752963720868,0.569620253164557,41.1405920891095,0.2046445544727682,2404
blend,45,2,0.2,rank,1,0.6154108938552741,0.9068618149975277,-0.10734470537530007,-0.31522932340471477,0.5443037974683544,208.10906208570822,1.002150314614429,2404
blend,45,2,0.2,rank,5,0.6305018089828816,0.9177652726100529,-0.010453182503912162,-0.2705028748371088,0.5822784810126582,89.45030502756788,0.43819105329477503,2404
blend,45,2,0.2,rank,10,0.5985580427915145,0.841736878693596,,-0.31980248442545756,0.5443037974683544,61.7636093594503,0.3049004378203558,2404
blend,45,2,0.2,rank,21,0.9216952456451072,1.4456374042191684,0.24693038405438988,-0.20648928698944613,0.569620253164557,41.36729895684285,0.20564426043350742,2404
blend,45,2,0.2,volinv,1,0.42198038055853426,0.5884163344384683,,-0.3903466269146485,0.5569620253164557,240.13120180756263,1.1431516073643844,2404
blend,45,2,0.2,volinv,5,0.6966626409268585,0.9762312033142303,-0.011615140939081534,-0.2794088961929293,0.5949367088607594,98.75099174344409,0.472959103657423,2404
blend,45,2,0.2,volinv,10,0.7632973081482238,1.0516406325423806,0.13243587501620108,-0.2851773522768619,0.5949367088607594,66.36441172718473,0.31908389988181385,2404
blend,45,2,0.2,volinv,21,0.930081800359833,1.3670052700389808,0.20012855776665064,-0.24052206397943432,0.5949367088607594,42.41788674189795,0.20581208467616766,2404
blend,45,2,0.3,equal,1,0.6751456429415637,1.0309921043246417,0.008142211907531867,-0.37250636601700904,0.5316455696202531,175.13577057832705,0.8362314134557559,2404
blend,45,2,0.3,equal,5,0.6379099887253757,0.939535951520317,-0.06495142664814346,-0.32062041296263877,0.5316455696202531,76.80141929993641,0.3671306388719109,2404
blend,45,2,0.3,equal,10,0.6620357411968208,0.9724760043014131,-0.03636233160273718,-0.23818549591208393,0.569620253164557,54.316321746141114,0.2610869928957614,2404
blend,45,2,0.3,equal,21,1.1486486949118055,1.7532206517038786,0.4551151379575755,-0.21863109891643617,0.620253164556962,35.46411593412424,0.1702265152296138,2404
blend,45,2,0.3,rank,1,0.6690355420883605,1.0023870720039825,-0.04387487858649542,-0.3367264917629229,0.5443037974683544,184.27443286490737,0.8482550578537225,2404
blend,45,2,0.3,rank,5,0.6531805523900697,0.9519676551176808,-0.0726102353156058,-0.30177499143395103,0.5569620253164557,79.42132367458771,0.37311380951902867,2404
blend,45,2,0.3,rank,10,0.6706794816206759,0.9620771966498854,-0.012230925561634258,-0.26501099718560117,0.569620253164557,55.836734497113675,0.2658585662776892,2404
blend,45,2,0.3,rank,21,1.0959661805425975,1.72201882172153,0.44892157075630845,-0.1937271671483296,0.5949367088607594,36.718962785479704,0.17618254417380408,2404
blend,45,2,0.3,volinv,1,0.4715987335403152,0.6737547469234714,,-0.4065116454807963,0.5443037974683544,205.4809779679267,0.9483549124579224,2404
blend,45,2,0.3,volinv,5,0.6614550053711582,0.9149070046431851,-0.0808716673418721,-0.32636232238714424,0.569620253164557,86.38099887453376,0.4005961778321168,2404
blend,45,2,0.3,volinv,10,0.6878321499945509,0.9698876644377084,0.003780828481897687,-0.22744555527425692,0.5316455696202531,59.439164219375186,0.2777031137367962,2404
blend,45,2,0.3,volinv,21,1.1069194507966542,1.6015940891638858,0.4277508649513022,-0.2748551429846826,0.6329113924050633,37.14270136447936,0.1743611872338427,2404
blend,45,7,0.1,equal,1,0.44592005559378073,0.6342985368415934,,-0.31524960068881747,0.4936708860759494,231.17264911578974,1.2258139882475216,2404
blend,45,7,0.1,equal,5,0.5441402311819266,0.7510687585809267,,-0.2944923050377145,0.5316455696202531,100.35265670066124,0.5364310378366053,2404
blend,45,7,0.1,equal,10,0.3249356389206272,0.43491506247760586,,-0.3507979395457468,0.5189873417721519,69.7571786306279,0.3754502616478638,2404
blend,45,7,0.1,equal,21,0.7638198912344655,1.2256517575827923,0.11291972990152706,-0.2632406976547266,0.5443037974683544,45.24315927525651,0.23983498362747382,2404
blend,45,7,0.1,rank,1,0.45683089647476033,0.6563988046224473,,-0.3202989965586549,0.4936708860759494,233.48964064278076,1.2178954698010975,2404
blend,45,7,0.1,rank,5,0.5404357756708073,0.7404302694951169,,-0.2974293941143361,0.5443037974683544,100.57164159992378,0.5339628599862176,2404
blend,45,7,0.1,rank,10,0.3310540848300878,0.4416845717042783,,-0.3520743924580214,0.5189873417721519,69.7850406652693,0.37463381995626155,2404
blend,45,7,0.1,rank,21,0.7335076185701906,1.169265671550792,0.09446877845817554,-0.2664961560956264,0.5316455696202531,45.278943906215375,0.23996731717098896,2404
blend,45,7,0.1,volinv,1,0.42832156559880397,0.5939213182069755,,-0.35415062628266436,0.46835443037974683,270.575207129047,1.3573157557531186,2404
blend,45,7,0.1,volinv,5,0.802065819359858,1.1014769282616708,0.1369867401963345,-0.2985110590867043,0.5443037974683544,110.83752040228738,0.5637234086148288,2404
blend,45,7,0.1,volinv,10,0.4895024338642961,0.6595244076311175,,-0.3523529753695317,0.5063291139240507,73.4083267247018,0.3768373393305313,2404
blend,45,7,0.1,volinv,21,0.8838021214313317,1.3730537272976653,0.16458279956890065,-0.2544457421910248,0.5443037974683544,46.16664472358337,0.23628847225167615,2404
blend,45,7,0.2,equal,1,0.20984671475874597,0.2898821521685362,,-0.396218435127076,0.45569620253164556,203.00899242565453,1.003646381412817,2404
blend,45,7,0.2,equal,5,0.2809868744732204,0.3924035693589509,,-0.35689386289289105,0.4810126582278481,87.30224940465202,0.4334498389788184,2404
blend,45,7,0.2,equal,10,0.11627127400372753,0.15680169874896333,,-0.33260108733925975,0.45569620253164556,61.25122711841462,0.30364635457858247,2404
blend,45,7,0.2,equal,21,0.22604853602680378,0.33143461071457875,,-0.42256436925209395,0.45569620253164556,41.77728902283343,0.20695390776841865,2404
blend,45,7,0.2,rank,1,0.2815905185014332,0.39457834790972524,,-0.3822327750207186,0.45569620253164556,206.1260250365312,0.9921699428226887,2404
blend,45,7,0.2,rank,5,0.3517744658467631,0.4915710658849745,,-0.351286695232097,0.4936708860759494,87.6787083073255,0.43001624226244434,2404
blend,45,7,0.2,rank,10,0.15853249382563198,0.2151300751960383,,-0.3424880228895898,0.46835443037974683,61.415188857938915,0.30297296532308204,2404
blend,45,7,0.2,rank,21,0.2937088514964724,0.4333814272830922,,-0.3989962963989435,0.4810126582278481,41.81011763747012,0.2072116428390045,2404
blend,45,7,0.2,volinv,1,0.2633747143395155,0.3550658810939519,,-0.42520962717433797,0.4810126582278481,238.981035550282,1.1370966313378705,2404
blend,45,7,0.2,volinv,5,0.49896378577239664,0.6879482039335614,,-0.37035797789795577,0.5569620253164557,97.48622291897742,0.46627377901616807,2404
blend,45,7,0.2,volinv,10,0.24445510389743758,0.3243721144267495,,-0.3736579108235055,0.5316455696202531,65.87878512260983,0.31523492151930177,2404
blend,45,7,0.2,volinv,21,0.40451656509984635,0.5769831949379777,,-0.4047311787885449,0.5063291139240507,42.85810220951279,0.2067108450569894,2404
blend,45,7,0.3,equal,1,0.32941209978218383,0.4843305381860142,,-0.3570038183242493,0.5316455696202531,170.58172176507645,0.8109561536582581,2404
blend,45,7,0.3,equal,5,0.5975350250079375,0.8526187499271435,,-0.25123691147627014,0.5443037974683544,76.72934541728822,0.36755367078066636,2404
blend,45,7,0.3,equal,10,0.31365103876026446,0.4218794186166086,,-0.33420045397314746,0.4810126582278481,53.16686222481525,0.25426005156922404,2404
blend,45,7,0.3,equal,21,0.652750587565967,0.9439043409372732,-0.018631958773241607,-0.30554122998118405,0.5443037974683544,36.24459354219156,0.17495839989378964,2404
blend,45,7,0.3,rank,1,0.3690207930484311,0.5387139689921827,,-0.3404682799845071,0.5063291139240507,180.29246262518186,0.8267252502447371,2404
blend,45,7,0.3,rank,5,0.5726809001876603,0.8126204652345139,,-0.26756472891258276,0.5569620253164557,79.09225294011777,0.3723721040888326,2404
blend,45,7,0.3,rank,10,0.284653364503564,0.3863279687587238,,-0.3366000353199755,0.4936708860759494,54.851829604469586,0.2602506023618122,2404
blend,45,7,0.3,rank,21,0.6020851626518121,0.8701677302565443,0.011669785819274931,-0.3000702523704829,0.5822784810126582,37.29115586542963,0.17967611835802139,2404
blend,45,7,0.3,volinv,1,0.35460235966294584,0.5045515229555327,,-0.38662312089075235,0.5569620253164557,201.37612747726544,0.9247437429516625,2404
blend,45,7,0.3,volinv,5,0.716262852264894,0.999305531924521,0.0035584520575662375,-0.27540272497323814,0.569620253164557,86.41032525487569,0.400889686628363,2404
blend,45,7,0.3,volinv,10,0.353983701992527,0.46293536419788583,,-0.3721852894135915,0.569620253164557,58.213096122685585,0.2700715464013059,2404
blend,45,7,0.3,volinv,21,0.6600075758299153,0.8867346847851028,-0.014065574260771587,-0.3783577109233577,0.5569620253164557,37.79205386294321,0.17835615587166537,2404
blend,60,0,0.1,equal,1,0.6745896329698344,1.0246041513941513,-0.020825703188154968,-0.19786904700498797,0.5443037974683544,204.48035308390294,1.0676897408317592,2404
blend,60,0,0.1,equal,5,1.0984744122620507,1.7441094712338396,0.45236098465515534,-0.17212058032367406,0.5949367088607594,84.69286409638885,0.44446849478513767,2404
blend,60,0,0.1,equal,10,0.9854170223012436,1.545384411008092,0.34831860018795213,-0.20772500801613847,0.5443037974683544,60.8471113270192,0.3219269934258571,2404
blend,60,0,0.1,equal,21,1.0121435170437996,1.5828966157327695,0.37251880074766436,-0.17891285070481844,0.5569620253164557,40.467294271419746,0.21401349779867085,2404
blend,60,0,0.1,rank,1,0.6820300186739536,1.0134085848922625,-0.011456916847831544,-0.1877999627812963,0.569620253164557,206.008419305976,1.0577692989256362,2404
blend,60,0,0.1,rank,5,1.0913071689837162,1.7086515039036532,0.42362389417160584,-0.17007958966756398,0.5949367088607594,84.85495865277844,0.4412663953922388,2404
blend,60,0,0.1,rank,10,0.9829593935842764,1.534750333652632,0.3237642436435664,-0.19139449901884464,0.5443037974683544,60.71145710020099,0.3195503243040465,2404
blend,60,0,0.1,rank,21,0.9963105500458014,1.5512760431239767,0.347631238301976,-0.1789057458841613,0.569620253164557,40.440579557656385,0.2135455162995701,2404
blend,60,0,0.1,volinv,1,0.6571185644497496,0.9637984857614357,-0.0038972286742047775,-0.2133187432602366,0.5063291139240507,239.8832451550243,1.188671319904435,2404
blend,60,0,0.1,volinv,5,1.2144834594569913,1.854325230935892,0.5525107914895815,-0.18055806320876855,0.6075949367088608,94.92298700708787,0.4746097991732144,2404
blend,60,0,0.1,volinv,10,0.9774593797868014,1.4236635065323648,0.3116805102551193,-0.2868564381219839,0.5189873417721519,65.58044764162139,0.3324889950293507,2404
blend,60,0,0.1,volinv,21,1.0938123461418408,1.6252649591277213,0.4394685774568459,-0.213686033665069,0.5569620253164557,41.80447990656273,0.21365043418817475,2404
blend,60,0,0.2,equal,1,0.755148379705433,1.1881884997210466,0.11775016728260723,-0.2507830065217733,0.5316455696202531,175.4295036764017,0.8592417634658402,2404
blend,60,0,0.2,equal,5,0.7461397139345534,1.1290830852377303,0.08690657276338144,-0.2818425162004402,0.5443037974683544,76.82921854819516,0.37826414428000316,2404
blend,60,0,0.2,equal,10,0.6523317945813993,0.9528573022590561,-0.00981386035673801,-0.2906383788509601,0.5189873417721519,53.316035586567224,0.26309962022896805,2404
blend,60,0,0.2,equal,21,0.6852583611654158,0.9442909450981986,-0.03978048558654168,-0.2551466779997482,0.5569620253164557,35.17182958991695,0.17297800047581746,2404
blend,60,0,0.2,rank,1,0.8038328053953804,1.2717923128508684,0.08114963900640462,-0.2407669823891233,0.5569620253164557,177.73469482516032,0.8453053666305117,2404
blend,60,0,0.2,rank,5,0.8106878121827037,1.2273234279535894,0.17897379173980066,-0.26778070585973257,0.5569620253164557,76.76500987991385,0.372319257253396,2404
blend,60,0,0.2,rank,10,0.7041994530008273,1.036167503874167,0.03710704109737751,-0.267794123115341,0.5316455696202531,53.544008555883465,0.26207848131735967,2404
blend,60,0,0.2,rank,21,0.7333758421349089,1.0357633633801495,0.017516608190295428,-0.2475327012920432,0.5822784810126582,35.331137128241394,0.17333329567180566,2404
blend,60,0,0.2,volinv,1,0.7429569266541761,1.1256271122871384,0.051935116849328646,-0.2880160305017043,0.5189873417721519,205.61289029271822,0.966876202543294,2404
blend,60,0,0.2,volinv,5,0.8245864482209903,1.1879379198843205,0.10710820352243458,-0.30556558950790214,0.6075949367088608,86.26071456100405,0.4091730276388712,2404
blend,60,0,0.2,volinv,10,0.6973334220876509,0.9699158872796713,0.04644141629431472,-0.3283112576527545,0.5822784810126582,58.05849699515796,0.2767169961679415,2404
blend,60,0,0.2,volinv,21,0.767630474872455,1.0123398333974851,0.06407751705675654,-0.24513843251635103,0.5822784810126582,36.374835797970405,0.17425087928403182,2404
blend,60,0,0.3,equal,1,0.7319018508590573,1.119932709577493,0.02598231700251484,-0.32646840187782644,0.5316455696202531,148.50603232536318,0.7017029312624207,2404
blend,60,0,0.3,equal,5,0.6416705354808029,0.9481014957519391,-0.04037648024355895,-0.2799963566603795,0.5443037974683544,66.00028313308452,0.31342387535982263,2404
blend,60,0,0.3,equal,10,0.5199548564112701,0.7416608996115331,,-0.2521279363655393,0.4810126582278481,46.67940864012873,0.22230882153833087,2404
blend,60,0,0.3,equal,21,0.7304031043452898,1.0473254525036417,0.03284060762360454,-0.279513379551099,0.5189873417721519,31.471985956249046,0.1502092792486202,2404
blend,60,0,0.3,rank,1,0.8142655852330354,1.2817965237117408,0.12793370965214818,-0.2851782927793086,0.5189873417721519,156.28527382251013,0.709297167276728,2404
blend,60,0,0.3,rank,5,0.7614336229771266,1.1493777299487533,0.04961767489987581,-0.2681821119583374,0.5316455696202531,67.89360055751163,0.3156947368596787,2404
blend,60,0,0.3,rank,10,0.6254082525977276,0.9114148928700889,-0.056055643436856886,-0.2428495369069823,0.5063291139240507,47.91659382977912,0.22563044606917299,2404
blend,60,0,0.3,rank,21,0.7764975058322356,1.1312837793314052,0.07028804184358411,-0.26271905681172913,0.5443037974683544,32.09030979909245,0.1522779751085057,2404
blend,60,0,0.3,volinv,1,0.7035383144756612,1.0338470270854643,0.034685858071713635,-0.37099291458909744,0.4810126582278481,177.15167946728315,0.8089185897536099,2404
blend,60,0,0.3,volinv,5,0.7139774534419799,1.0075285551943571,0.06852240933923993,-0.30286432667648855,0.5443037974683544,75.78014386381993,0.3488702112674488,2404
blend,60,0,0.3,volinv,10,0.5561503897509674,0.7626991008016206,,-0.26753225376385525,0.5316455696202531,52.28259792109337,0.2419660424443094,2404
blend,60,0,0.3,volinv,21,0.8275121230083199,1.1451644739584657,0.14893921728859832,-0.2893142315347773,0.569620253164557,33.29865692489594,0.1553307595768867,2404
blend,60,2,0.1,equal,1,0.5967241412620525,0.8847608655918723,,-0.18510047849849742,0.5443037974683544,205.42093235750252,1.0827399925517842,2404
blend,60,2,0.1,equal,5,0.5909887791059028,0.8853795357521802,,-0.20492215839592454,0.5189873417721519,87.55205840325922,0.4608756254005709,2404
blend,60,2,0.1,equal,10,0.6980229839430943,0.9934348679530823,0.05481001690539523,-0.31941135674804555,0.5189873417721519,61.60684826535247,0.3260003197073743,2404
blend,60,2,0.1,equal,21,0.8377363070181223,1.3033290473748405,0.1997079029766783,-0.22549830170678586,0.4936708860759494,40.19822366441971,0.21297693789101857,2404
blend,60,2,0.1,rank,1,0.6209090672693479,0.9096641288559232,-0.03401644647225185,-0.1818995417977085,0.5443037974683544,206.9037778475745,1.0720356108267608,2404
blend,60,2,0.1,rank,5,0.6376662189008855,0.9582047098526746,0.023412781127564637,-0.20260316228043862,0.5063291139240507,87.5792560891492,0.457401843678973,2404
blend,60,2,0.1,rank,10,0.7341220584979542,1.0593116574246726,0.08913658503295593,-0.31333502825367354,0.5063291139240507,61.49022979114951,0.3239707224405312,2404
blend,60,2,0.1,rank,21,0.8300896225949866,1.2985029908109194,0.2012449176247724,-0.22638301881782674,0.5063291139240507,40.093375529641754,0.21213787440711568,2404
blend,60,2,0.1,volinv,1,0.5394004271515523,0.7670289325375946,,-0.24210282807287353,0.5443037974683544,240.3552198743715,1.1982883499006025,2404
blend,60,2,0.1,volinv,5,0.6695616723418768,0.9466323086349192,0.016240444771110325,-0.26567752937285505,0.5443037974683544,97.4101182823866,0.4892238750534029,2404
blend,60,2,0.1,volinv,10,0.7479958151622704,1.034615861689327,0.1029444300375572,-0.3402196513297072,0.5443037974683544,67.11862468840124,0.3402599812783544,2404
blend,60,2,0.1,volinv,21,0.8662729155411923,1.2730664709611585,0.2664233585054987,-0.20735785019075414,0.5569620253164557,41.96288919653564,0.21558736107497692,2404
blend,60,2,0.2,equal,1,0.5247600550303243,0.7988690259131923,,-0.30935962320710875,0.5316455696202531,174.90456129631852,0.8577534457820281,2404
blend,60,2,0.2,equal,5,0.38798747481274415,0.5671196343211583,,-0.273480494835901,0.4810126582278481,75.97620865103713,0.37423128676887485,2404
blend,60,2,0.2,equal,10,0.2894485272491636,0.399206474033542,,-0.4088725419567143,0.5063291139240507,54.270661828702785,0.268633754549459,2404
blend,60,2,0.2,equal,21,0.6649972735514148,0.9924384739188422,-0.029488516960936042,-0.2851112959818023,0.5569620253164557,35.73034030885701,0.17633418424792235,2404
blend,60,2,0.2,rank,1,0.6122528768770562,0.935031861458732,-0.02096299585598238,-0.2845895652208039,0.5316455696202531,177.4932228893452,0.8452383400547097,2404
blend,60,2,0.2,rank,5,0.46686601452023946,0.6843807825562729,,-0.25851857763183617,0.4936708860759494,76.18568633947511,0.36962598380212724,2404
blend,60,2,0.2,rank,10,0.35870383878222145,0.4963679738434404,,-0.4071928593110432,0.4936708860759494,54.25793118727894,0.26633212447775784,2404
blend,60,2,0.2,rank,21,0.6989082876392981,1.0790733386178453,0.050025591704095304,-0.27705169850369515,0.5569620253164557,35.73838831178464,0.17603793371348136,2404
blend,60,2,0.2,volinv,1,0.5188046756352348,0.7558886984557256,,-0.3524703029166475,0.5189873417721519,204.86406575774083,0.9634565089918907,2404
blend,60,2,0.2,volinv,5,0.5053729964426078,0.7049372681522925,,-0.3281998045831218,0.5443037974683544,85.3692966548255,0.4053879490183885,2404
blend,60,2,0.2,volinv,10,0.40560828513378494,0.5434691138471759,,-0.4033666081551638,0.5316455696202531,59.10189062175435,0.2829778315244195,2404
blend,60,2,0.2,volinv,21,0.7159992832968554,1.0115270899552606,-0.013115455058348314,-0.3009622113637389,0.569620253164557,37.185417858492386,0.17868966592827956,2404
blend,60,2,0.3,equal,1,0.471654816428821,0.706379461626522,,-0.42934612329930144,0.5063291139240507,148.43126819338556,0.7034039684785045,2404
blend,60,2,0.3,equal,5,0.6321387463087148,0.9300438917664587,-0.04236974402550457,-0.3001312145718499,0.5189873417721519,65.50837055555854,0.3114351146258204,2404
blend,60,2,0.3,equal,10,0.6910179991710305,1.0173437579498819,0.012604707509120489,-0.23005269519135874,0.4936708860759494,46.49955128444701,0.22208298529216006,2404
blend,60,2,0.3,equal,21,0.6322448169603031,0.9044464128183052,-0.03248343506218032,-0.21374258657347145,0.5569620253164557,31.451865230623607,0.15012315274576377,2404
blend,60,2,0.3,rank,1,0.5862308529920031,0.8986937238569747,,-0.3593929938625777,0.5189873417721519,156.1849284092153,0.7104422243443489,2404
blend,60,2,0.3,rank,5,0.6312962329753075,0.9448750318273826,-0.14720902828094767,-0.2861155137608754,0.5443037974683544,67.73755827727612,0.3154821012232384,2404
blend,60,2,0.3,rank,10,0.6444456750374159,0.9373250282884553,-0.07797067286961601,-0.2586856093649518,0.5063291139240507,47.88634640519436,0.22617133596678363,2404
blend,60,2,0.3,rank,21,0.6838269353793959,1.0194790871547312,0.021140541361020643,-0.219594227477511,0.5316455696202531,31.987858350559495,0.15203877671030586,2404
blend,60,2,0.3,volinv,1,0.3954180680286554,0.5631520722762882,,-0.48439779622109425,0.5063291139240507,176.42104317333207,0.8076830874747196,2404
blend,60,2,0.3,volinv,5,0.7508228076171299,1.0436997589602657,0.04172573226486473,-0.33182251481138536,0.5443037974683544,74.76496542351195,0.3442278223336088,2404
blend,60,2,0.3,volinv,10,0.817902181126348,1.1543929311533612,0.11320976239210993,-0.248630235339943,0.5443037974683544,51.798676209250466,0.24009761662251827,2404
blend,60,2,0.3,volinv,21,0.6237658887057376,0.8516508442886257,-0.045714194949403965,-0.2763944014414308,0.5569620253164557,33.51755069796462,0.1562948154558601,2404
blend,60,7,0.1,equal,1,0.36690357245031263,0.5507796153911118,,-0.267331963076997,0.4430379746835443,204.62911487390298,1.077617513821747,2404
blend,60,7,0.1,equal,5,0.7491405937903651,1.1873156234624342,0.1090121426981665,-0.2691990141004441,0.5443037974683544,86.81635503890693,0.4630866957194173,2404
blend,60,7,0.1,equal,10,0.7885283527843164,1.4217515981492805,0.22704593891021652,-0.1624403864464582,0.4810126582278481,61.42210454324149,0.32843067751764093,2404
blend,60,7,0.1,equal,21,0.2118424016249046,0.274948279031407,,-0.37800989986132827,0.5316455696202531,40.05452828677907,0.21268437585794686,2404
blend,60,7,0.1,rank,1,0.38489107370818,0.5807096219381306,,-0.2658353278730098,0.4810126582278481,206.23550862363672,1.0677779431168062,2404
blend,60,7,0.1,rank,5,0.7469763703429667,1.182050664084607,0.0799969628266589,-0.2716619011598803,0.5316455696202531,86.82726621277976,0.4594585544834314,2404
blend,60,7,0.1,rank,10,0.7846308552250595,1.3984226911518758,0.25919052915937224,-0.16499795532834904,0.4810126582278481,61.27948632438391,0.32643994975951085,2404
blend,60,7,0.1,rank,21,0.2063181577785673,0.2691388766055032,,-0.3745107505722153,0.5316455696202531,40.02145052841327,0.21250136461439742,2404
blend,60,7,0.1,volinv,1,0.31557840241581464,0.4341756466379121,,-0.3425216566458035,0.4936708860759494,240.1547973349198,1.1962474054229473,2404
blend,60,7,0.1,volinv,5,0.8933436950548522,1.3862537283772833,0.2763815638865104,-0.27634044899360743,0.6075949367088608,95.88349716137407,0.4855309260201818,2404
blend,60,7,0.1,volinv,10,1.0175112757269205,1.854443851257984,0.4968498869159336,-0.192853309569875,0.569620253164557,65.37425777944404,0.3324297928278257,2404
blend,60,7,0.1,volinv,21,0.350610859096345,0.4455258196434633,,-0.3991102762035432,0.5189873417721519,41.098742606228946,0.20997554557602893,2404
blend,60,7,0.2,equal,1,0.267891475305861,0.40623885493393136,,-0.33932462365667326,0.5316455696202531,173.1878997514615,0.853307782765004,2404
blend,60,7,0.2,equal,5,0.3260014649828492,0.4728704722256821,,-0.397078008149944,0.5189873417721519,75.59560110710869,0.37404331752813796,2404
blend,60,7,0.2,equal,10,0.13678667763669428,0.18076433933112554,,-0.43999332347071685,0.46835443037974683,53.755982611510674,0.26686726749758516,2404
blend,60,7,0.2,equal,21,0.3067536861281131,0.40902112613702374,,-0.3620876561421432,0.5189873417721519,36.39946271981084,0.18113497996685743,2404
blend,60,7,0.2,rank,1,0.3232581073518413,0.4971268079432594,,-0.3221317301073574,0.5316455696202531,176.3125400814974,0.8438656578656986,2404
blend,60,7,0.2,rank,5,0.3851684444522536,0.5606533770998892,,-0.38700481841555656,0.5316455696202531,75.89828999871146,0.370409653305233,2404
blend,60,7,0.2,rank,10,0.19986470828097957,0.26257707644900796,,-0.41207839365452104,0.45569620253164556,53.703619805037086,0.26446769051351116,2404
blend,60,7,0.2,rank,21,0.31843084966196245,0.4344370947146189,,-0.36074644243158993,0.5316455696202531,36.42256455922625,0.1809841762806445,2404
blend,60,7,0.2,volinv,1,0.2919806615543326,0.42167996981081596,,-0.4244660606743814,0.5063291139240507,202.87407948487538,0.957549434395679,2404
blend,60,7,0.2,volinv,5,0.534561113310289,0.7560878554077959,,-0.38266813241670106,0.569620253164557,84.83819306319847,0.4038897504994503,2404
blend,60,7,0.2,volinv,10,0.28118698665016223,0.3598649398508755,,-0.4491510135148885,0.5063291139240507,58.46502790151605,0.2795044428921487,2404
blend,60,7,0.2,volinv,21,0.4416333089907995,0.5743590718472922,,-0.3916697938327135,0.5189873417721519,38.32277610888822,0.18535450181918567,2404
blend,60,7,0.3,equal,1,0.332632091657214,0.5045456510954899,,-0.34306311204807294,0.45569620253164556,148.86901310514696,0.7073619061569634,2404
blend,60,7,0.3,equal,5,0.47794693779019193,0.7225644220625539,,-0.28333707274298503,0.5063291139240507,65.26184235601272,0.31107860392763237,2404
blend,60,7,0.3,equal,10,0.18662193092633925,0.2547095494061442,,-0.3332854577836366,0.4810126582278481,46.816636377815556,0.2244765605379049,2404
blend,60,7,0.3,equal,21,0.3871361515549606,0.5483954651772244,,-0.36513078052828274,0.5569620253164557,32.31260802394862,0.15522036766254477,2404
blend,60,7,0.3,rank,1,0.3719150429692287,0.5712907462209769,,-0.31192482291652357,0.4810126582278481,156.19470438375814,0.712748351411566,2404
blend,60,7,0.3,rank,5,0.4876205078983969,0.7254315951642437,,-0.2871583242758927,0.5316455696202531,67.45676879809743,0.31542427613797697,2404
blend,60,7,0.3,rank,10,0.22087420529499618,0.2941411196129114,,-0.356162198951504,0.4810126582278481,47.97763153389784,0.2274193899513296,2404
blend,60,7,0.3,rank,21,0.3949333496619757,0.5616428656177732,,-0.3617394430489973,0.5443037974683544,33.030679132171194,0.1582381155512142,2404
blend,60,7,0.3,volinv,1,0.37770725418269807,0.5516411858899914,,-0.40559957448913353,0.5316455696202531,177.10195439918945,0.8122483858227658,2404
blend,60,7,0.3,volinv,5,0.6989910469602284,1.0342672125184087,0.052055535248871826,-0.31286127578042433,0.5443037974683544,74.56992182588216,0.34379352658795803,2404
blend,60,7,0.3,volinv,10,0.36768406061048614,0.493395129953482,,-0.349482350290645,0.5189873417721519,52.15977842894106,0.24234838045374668,2404
blend,60,7,0.3,volinv,21,0.4552637462947549,0.6134727714187497,,-0.4156437691056394,0.569620253164557,34.56075650751306,0.1620551520345486,2404
blend,90,0,0.1,equal,1,0.4530168856735908,0.7336587611326479,,-0.35211326718020886,0.4177215189873418,170.41223413921182,0.8894007783460889,2404
blend,90,0,0.1,equal,5,0.5009842831862273,1.0036625051543033,,-0.3029110992402858,0.5189873417721519,72.80072425318093,0.3823523331966091,2404
blend,90,0,0.1,equal,10,0.2897945602060458,0.4256582329332201,,-0.3552815464630791,0.5063291139240507,50.93645591063803,0.27023036248626653,2404
blend,90,0,0.1,equal,21,0.2614730374379216,0.30521641361401913,,-0.2734021665986731,0.45569620253164556,34.31598495716816,0.18108197942591964,2404
blend,90,0,0.1,rank,1,0.4516220274648118,0.7249786796897199,,-0.34708401261296395,0.43037974683544306,171.77986935803935,0.8798370366375516,2404
blend,90,0,0.1,rank,5,0.5115136835050562,0.9464367113253779,,-0.30276443533171815,0.4936708860759494,72.79002127999473,0.3782896122156133,2404
blend,90,0,0.1,rank,10,0.29468873917684524,0.4338380342772987,,-0.3531054665318393,0.5189873417721519,50.87784777738986,0.26819428809148305,2404
blend,90,0,0.1,rank,21,0.24983837709229234,0.28836125338087537,,-0.27940106794427166,0.45569620253164556,34.13912506988598,0.17992320830470215,2404
blend,90,0,0.1,volinv,1,0.49343898416869175,0.7806847065435103,,-0.3690727991167224,0.46835443037974683,199.56804823302295,0.9822197546894398,2404
blend,90,0,0.1,volinv,5,0.5572548490208972,1.0239873769146346,,-0.35677668656681183,0.5189873417721519,81.35089097176424,0.4055462153823722,2404
blend,90,0,0.1,volinv,10,0.3484952625219879,0.49597020469296443,,-0.3934504938635026,0.5063291139240507,55.470990429270614,0.27967511305608417,2404
blend,90,0,0.1,volinv,21,0.43252600488308185,0.5331374619342165,,-0.25967522927278286,0.4810126582278481,35.86901973027183,0.1816231874107025,2404
blend,90,0,0.2,equal,1,0.09111725163586964,0.11907137534506136,,-0.32473494889701915,0.4430379746835443,141.71612206887718,0.6916694828231094,2404
blend,90,0,0.2,equal,5,0.3708223704767807,0.5016943790086598,,-0.20390054267001612,0.4936708860759494,62.033221396626764,0.30271235111636974,2404
blend,90,0,0.2,equal,10,0.15188611897256635,0.21300614864389336,,-0.28448158525395373,0.43037974683544306,45.2481108529796,0.2216944562683912,2404
blend,90,0,0.2,equal,21,0.5905218909270624,0.943825546100006,,-0.24153813151077164,0.5063291139240507,30.166872236261998,0.1483326569399101,2404
blend,90,0,0.2,rank,1,0.07626853377957377,0.09520359117088636,,-0.294001969356947,0.4430379746835443,144.11606075246755,0.68169346814415,2404
blend,90,0,0.2,rank,5,0.3565041758099092,0.4854931504195464,,-0.20625961568624285,0.4936708860759494,62.1421726103388,0.29828632131205013,2404
blend,90,0,0.2,rank,10,0.15110014005552455,0.20921881190055003,,-0.28203159351137697,0.4177215189873418,45.079627135043005,0.21880033859922318,2404
blend,90,0,0.2,rank,21,0.5801934427777176,0.9104505873094126,,-0.23309800614101817,0.5063291139240507,29.90301609907021,0.14631615147960614,2404
blend,90,0,0.2,volinv,1,0.30187772571319055,0.42717297418621447,,-0.4134162817033509,0.45569620253164556,167.7044370700061,0.784112122191621,2404
blend,90,0,0.2,volinv,5,0.5695543752874492,0.735824380904982,,-0.24278492947758867,0.5569620253164557,71.0929771378717,0.3340102423110469,2404
blend,90,0,0.2,volinv,10,0.3924275231151156,0.5437080607437785,,-0.32650370679713736,0.46835443037974683,50.463684161266066,0.23838517625145675,2404
blend,90,0,0.2,volinv,21,0.804083428157587,1.2446020966575708,0.15065025573298238,-0.28943426000057315,0.5189873417721519,32.05857260194568,0.15311199212983723,2404
blend,90,0,0.3,equal,1,-0.13148601335247942,-0.16816021416470775,,-0.4465618475064791,0.43037974683544306,121.98462394257962,0.5763644529497435,2404
blend,90,0,0.3,equal,5,0.3277648363626958,0.460444745106423,,-0.34702241607333106,0.4936708860759494,54.199261885238705,0.2563672599460268,2404
blend,90,0,0.3,equal,10,0.22214063899131278,0.309321602869444,,-0.35881764829868634,0.4177215189873418,39.197994398046184,0.18642237987643576,2404
blend,90,0,0.3,equal,21,0.5556278904092612,0.8538363995672854,,-0.2781647676640122,0.4936708860759494,26.79062004037679,0.12793380637905238,2404
blend,90,0,0.3,rank,1,-0.0778415925413357,-0.09539015394311512,,-0.39057109612745466,0.43037974683544306,127.5089756156719,0.5773895175265817,2404
blend,90,0,0.3,rank,5,0.34396717256347625,0.47994981953750143,,-0.28892481470235676,0.46835443037974683,55.45769914759181,0.25636636436154825,2404
blend,90,0,0.3,rank,10,0.20576291950423847,0.28334057308321375,,-0.3144428402162769,0.4050632911392405,39.927275906604315,0.18718657689201246,2404
blend,90,0,0.3,rank,21,0.5641589727662999,0.8713887742500014,,-0.26434122220997014,0.5063291139240507,27.00415918865669,0.12797665691060922,2404
blend,90,0,0.3,volinv,1,0.12200618013981923,0.17153008886825172,,-0.506072286834383,0.46835443037974683,146.9696893855099,0.6703409792778472,2404
blend,90,0,0.3,volinv,5,0.6411040859717068,0.9075608836722127,-0.02612661196387975,-0.3723682089340201,0.5443037974683544,62.399342592914984,0.2856974777552704,2404
blend,90,0,0.3,volinv,10,0.5295742742061494,0.7531332731668315,,-0.3918589246916857,0.45569620253164556,44.16041823308625,0.2033753330039592,2404
blend,90,0,0.3,volinv,21,0.6762555030796582,0.9884523642853602,0.015107844470465261,-0.3195691225388855,0.569620253164557,29.022991134838755,0.1351564910113906,2404
blend,90,2,0.1,equal,1,0.3372254116004716,0.5214272997595386,,-0.35254895364346917,0.4430379746835443,169.6743065766599,0.8874689274290759,2404
blend,90,2,0.1,equal,5,0.4564202933657181,0.8803716873909587,,-0.3078058212084174,0.45569620253164556,73.37326010252566,0.38823231615867304,2404
blend,90,2,0.1,equal,10,0.2815514203239945,0.4055527212338422,,-0.2628260535751039,0.45569620253164556,50.96268594942679,0.2710540729471386,2404
blend,90,2,0.1,equal,21,0.11601866415852846,0.13422624303090558,,-0.34576992255156247,0.5189873417721519,34.240821467487194,0.18101994114332812,2404
blend,90,2,0.1,rank,1,0.3346402852252338,0.5161674787467733,,-0.35418254472086386,0.45569620253164556,171.0416215533441,0.877958237995168,2404
blend,90,2,0.1,rank,5,0.4532742633826351,0.8119811683950594,,-0.3103625901717727,0.4430379746835443,73.43300944247015,0.384768172467997,2404
blend,90,2,0.1,rank,10,0.3045429117519373,0.44271346470235784,,-0.2586821838732777,0.45569620253164556,50.95057875914279,0.26942513542550345,2404
blend,90,2,0.1,rank,21,0.10541844043235588,0.12107236750983355,,-0.34875771491487606,0.5063291139240507,34.1534456697758,0.1802340520937945,2404
blend,90,2,0.1,volinv,1,0.366515395677714,0.5649476547994348,,-0.414198070217503,0.4430379746835443,199.22961687236338,0.9809631972610567,2404
blend,90,2,0.1,volinv,5,0.49528786313152373,0.9052154604755528,,-0.31937206665198603,0.5189873417721519,81.81138684858027,0.4083558500000408,2404
blend,90,2,0.1,volinv,10,0.28963456047022407,0.410224636640201,,-0.32943049386888934,0.5063291139240507,55.910777039658186,0.28117995473900637,2404
blend,90,2,0.1,volinv,21,0.20829059403281963,0.24749185099620613,,-0.30335857569830404,0.4810126582278481,35.988498696393656,0.18243726490761686,2404
blend,90,2,0.2,equal,1,0.006533322400240529,0.007847494668683962,,-0.38869115952708433,0.43037974683544306,141.71828916970145,0.6934813788614798,2404
blend,90,2,0.2,equal,5,0.3679169055278145,0.5322038888759568,,-0.2815465035240401,0.46835443037974683,63.03439081016687,0.30832791638558793,2404
blend,90,2,0.2,equal,10,0.41653997927770914,0.5978586230258295,,-0.2774799503198402,0.46835443037974683,45.61421396493067,0.22425014567678386,2404
blend,90,2,0.2,equal,21,0.6614926282968985,1.0159300690133801,-0.02605325939012738,-0.2769888195295782,0.5189873417721519,30.43784344706083,0.14987799072724803,2404
blend,90,2,0.2,rank,1,-0.007023812916914146,-0.008050418218192959,,-0.4006089370088086,0.4430379746835443,144.2465219368623,0.6840546993621606,2404
blend,90,2,0.2,rank,5,0.33704271209482606,0.4850925177476656,,-0.28754270897632206,0.4430379746835443,62.97500753582136,0.3033841718335071,2404
blend,90,2,0.2,rank,10,0.38327474524543576,0.5381312147870834,,-0.27931648766593065,0.4430379746835443,45.28946159486737,0.22075251113506195,2404
blend,90,2,0.2,rank,21,0.6615488181664849,1.0301892474397047,-0.013702539610450995,-0.2709618860871009,0.5189873417721519,30.286160990249474,0.14856575599615449,2404
blend,90,2,0.2,volinv,1,0.18688845686736932,0.24277486649614308,,-0.40728474497768374,0.4810126582278481,167.7321766253886,0.7853439745380464,2404
blend,90,2,0.2,volinv,5,0.6832945425456233,0.9966298495407795,0.07476204819336366,-0.2619325399138599,0.4936708860759494,72.13789283471566,0.33949486865844225,2404
blend,90,2,0.2,volinv,10,0.7430255024334125,1.127152809387663,0.05425379301619565,-0.2588580866216599,0.5189873417721519,50.659601317719776,0.23998938178409457,2404
blend,90,2,0.2,volinv,21,0.7901807923768337,1.1660709514301606,0.1652646423679635,-0.2576136838398696,0.5569620253164557,32.278147781350135,0.15418148978726598,2404
blend,90,2,0.3,equal,1,-0.07332941711782996,-0.08703788322177057,,-0.3912615473796356,0.4050632911392405,121.3902687987451,0.5738027448996117,2404
blend,90,2,0.3,equal,5,0.07567516210970518,0.1057092987106691,,-0.4144107564710382,0.4430379746835443,55.44360116543079,0.263064137432531,2404
blend,90,2,0.3,equal,10,0.19729809844693047,0.2759369178927119,,-0.36527137585172087,0.45569620253164556,39.534039404484794,0.18835523300820997,2404
blend,90,2,0.3,equal,21,0.7297154315885374,1.164592468930809,0.008474232113967412,-0.27232132685155974,0.5316455696202531,26.61565537808725,0.12690952135334152,2404
blend,90,2,0.3,rank,1,-0.07174530067583966,-0.08129349881742,,-0.4110522061743913,0.4050632911392405,127.15239058486783,0.576102837800755,2404
blend,90,2,0.3,rank,5,0.14959276573412608,0.21016378226444074,,-0.3736419522149198,0.45569620253164556,56.469890472110954,0.26200597602706843,2404
blend,90,2,0.3,rank,10,0.22010313595895198,0.3038897993850969,,-0.3629722917626046,0.4430379746835443,40.29693926118694,0.1895261546738892,2404
blend,90,2,0.3,rank,21,0.7227050228987325,1.1890447178103676,0.022442357583778483,-0.2714019340832796,0.5443037974683544,27.058464401601242,0.1282741253207105,2404
blend,90,2,0.3,volinv,1,0.16081753990015651,0.2128199167651198,,-0.4486338436366111,0.4430379746835443,145.8354544433197,0.6646709224957821,2404
blend,90,2,0.3,volinv,5,0.4355282515349314,0.6200085830496926,,-0.412997776466272,0.4936708860759494,64.20312942859388,0.29448173891527896,2404
blend,90,2,0.3,volinv,10,0.5452000528730784,0.7927572751354226,,-0.36264816061041716,0.5189873417721519,44.87686843634969,0.20708775413300717,2404
blend,90,2,0.3,volinv,21,0.8167242239804275,1.193242886370073,0.15621602316748778,-0.2519547444914281,0.5822784810126582,28.82844895833783,0.13379054672830332,2404
blend,90,7,0.1,equal,1,0.2113221447695775,0.3435794675141836,,-0.3284026864141423,0.4430379746835443,170.88811601992455,0.8960539071044062,2404
blend,90,7,0.1,equal,5,0.10074203115823221,0.14613593733070962,,-0.36282400448471686,0.4430379746835443,73.0535880756683,0.38856847621435076,2404
blend,90,7,0.1,equal,10,-0.0526819990905032,-0.07523911840760256,,-0.4074129760785753,0.4050632911392405,51.031774909279925,0.27125853573285025,2404
blend,90,7,0.1,equal,21,-0.044744102988520905,-0.05053764476570372,,-0.44590316346796144,0.4810126582278481,34.92033983010725,0.1862611698764307,2404
blend,90,7,0.1,rank,1,0.2353145325777746,0.38431144356042063,,-0.3223294791193564,0.4430379746835443,172.33049665964575,0.8870328764140308,2404
blend,90,7,0.1,rank,5,0.1189806646681185,0.1738644085083238,,-0.3543596225894251,0.45569620253164556,73.12681151425849,0.38533047910416274,2404
blend,90,7,0.1,rank,10,-0.02819002594297403,-0.040596226905552965,,-0.3989126055025295,0.4050632911392405,50.946833673299686,0.2695573090749794,2404
blend,90,7,0.1,rank,21,-0.05034282436367537,-0.05628098648358141,,-0.4494107635183783,0.5063291139240507,34.788328049099086,0.18526659689771705,2404
blend,90,7,0.1,volinv,1,0.26797455585330937,0.43412818823546573,,-0.4312533574648286,0.4050632911392405,200.95934987773958,0.990455584051293,2404
blend,90,7,0.1,volinv,5,0.2140349071334657,0.3052252321293423,,-0.4094964088974137,0.4430379746835443,81.4137507709965,0.4070005249942329,2404
blend,90,7,0.1,volinv,10,0.06843345587271155,0.09655610759084896,,-0.45218353311159887,0.46835443037974683,54.89239479509448,0.27563055451861485,2404
blend,90,7,0.1,volinv,21,0.013412246137722962,0.015230619762048168,,-0.4436328440888697,0.4936708860759494,36.60702481680276,0.1875669436871868,2404
blend,90,7,0.2,equal,1,-0.3292588236448705,-0.2845160124647076,,-0.5878508385445276,0.4177215189873418,140.42518440942638,0.6892672556616377,2404
blend,90,7,0.2,equal,5,-0.14526267570517726,-0.13781617409288213,,-0.452184278746832,0.4177215189873418,62.81246615500165,0.3086975648513395,2404
blend,90,7,0.2,equal,10,0.3718236619783849,0.5579641235511846,,-0.275949582211497,0.4430379746835443,44.68942571594335,0.22099095601226648,2404
blend,90,7,0.2,equal,21,0.4362533765983873,0.633889170439529,,-0.3955468134025034,0.5063291139240507,30.401491890883857,0.1500689668294944,2404
blend,90,7,0.2,rank,1,-0.3445152207974504,-0.2966165047240498,,-0.5891817092317948,0.3924050632911392,143.42218397821466,0.6822809364981854,2404
blend,90,7,0.2,rank,5,-0.1543083672274292,-0.1426348237602479,,-0.46478745707505276,0.43037974683544306,62.884581143311365,0.30432515695358736,2404
blend,90,7,0.2,rank,10,0.36410019476595407,0.5529990317976972,,-0.30716680924280304,0.45569620253164556,44.53209655874992,0.2182088332464417,2404
blend,90,7,0.2,rank,21,0.44165355090140856,0.6588871007820896,,-0.41474470042097933,0.5063291139240507,30.337727521280893,0.14937230645971913,2404
blend,90,7,0.2,volinv,1,-0.053509874843569595,-0.05285901320710621,,-0.5299774394200492,0.45569620253164556,167.01017445517178,0.7818442814227757,2404
blend,90,7,0.2,volinv,5,0.19374004057255265,0.20095167132288547,,-0.41315580646446626,0.4810126582278481,72.13280452565499,0.3404949723564602,2404
blend,90,7,0.2,volinv,10,0.5112818150047006,0.7287755673358965,,-0.3544331574106353,0.45569620253164556,49.614127202817656,0.23573823011127604,2404
blend,90,7,0.2,volinv,21,0.564851341432362,0.7734441193168543,,-0.4020411998023361,0.5189873417721519,32.498291800450616,0.15555935785151923,2404
blend,90,7,0.3,equal,1,-0.3196424658749114,-0.32676036974851946,,-0.4968693978664185,0.3670886075949367,121.73898298041061,0.5752287420613089,2404
blend,90,7,0.3,equal,5,0.044610565680278935,0.054579469739690446,,-0.30783436953840926,0.45569620253164556,54.94312473261126,0.26112728403034824,2404
blend,90,7,0.3,equal,10,0.2121132364224333,0.31382087223745164,,-0.3529830884078883,0.43037974683544306,39.41394005738066,0.1882367061409179,2404
blend,90,7,0.3,equal,21,0.4667325990301145,0.6857089215822798,,-0.2915290559494532,0.45569620253164556,27.24569329594235,0.1297019882783278,2404
blend,90,7,0.3,rank,1,-0.3437294823741453,-0.33008736618876633,,-0.5189230437748311,0.3924050632911392,127.45074626374817,0.5776507190882533,2404
blend,90,7,0.3,rank,5,-0.0666497019148806,-0.07274554501630431,,-0.3423723616596188,0.43037974683544306,56.19855458664831,0.2612272698312507,2404
blend,90,7,0.3,rank,10,0.24872593044286584,0.3674445837643934,,-0.34877643863575014,0.43037974683544306,40.00091279638388,0.18861239097329,2404
blend,90,7,0.3,rank,21,0.4592049232374706,0.676254064206283,,-0.295995226174919,0.5063291139240507,27.49251106326386,0.13038906727714725,2404
blend,90,7,0.3,volinv,1,0.024441940264443126,0.030424129433381766,,-0.4554433834119036,0.3924050632911392,146.68779305774254,0.6682662011788247,2404
blend,90,7,0.3,volinv,5,0.4522362870820131,0.5400599295828091,,-0.3275037336891973,0.4936708860759494,63.702896875915656,0.29239325470906136,2404
blend,90,7,0.3,volinv,10,0.3499309492072999,0.5087929495169399,,-0.404983844202806,0.4810126582278481,44.49756883303536,0.20535054012917495,2404
blend,90,7,0.3,volinv,21,0.4850856604851709,0.6487916934379782,,-0.2794668873132199,0.5189873417721519,29.477091143331972,0.13700443270642704,2404
blend,120,0,0.1,equal,1,0.06268263698314684,0.07285531943467932,,-0.3726535515002156,0.34177215189873417,150.22279197304277,0.7764077592963533,2404
blend,120,0,0.1,equal,5,0.5009249035961117,0.6499200537025683,,-0.3446614402019811,0.4177215189873418,64.28200175156535,0.33302362601341384,2404
blend,120,0,0.1,equal,10,0.543214092539523,0.723729393739071,,-0.24402795394313903,0.4430379746835443,45.45144259973711,0.23845270464633841,2404
blend,120,0,0.1,equal,21,0.25033496750250855,0.3295640864479039,,-0.38161320989392833,0.43037974683544306,30.27579761658686,0.15857960530672788,2404
blend,120,0,0.1,rank,1,0.0730549032427104,0.08380592713759319,,-0.3684065493594778,0.34177215189873417,151.72735852452473,0.769342523197075,2404
blend,120,0,0.1,rank,5,0.5084112150668889,0.668345728181834,,-0.3453070095957568,0.4430379746835443,64.28682937295416,0.3294380896506296,2404
blend,120,0,0.1,rank,10,0.5536536885687058,0.7406530262996777,,-0.2484929880324842,0.45569620253164556,45.2824692851728,0.23597785362983556,2404
blend,120,0,0.1,rank,21,0.24820801013991875,0.3252955134633319,,-0.3802657720358251,0.43037974683544306,30.10429474213798,0.15747747696633657,2404
blend,120,0,0.1,volinv,1,-0.06394485383970201,-0.07512713365315622,,-0.41802041907124055,0.3670886075949367,179.8417652618126,0.8804577530593976,2404
blend,120,0,0.1,volinv,5,0.4291623635210477,0.5056620860684478,,-0.3530103602344785,0.45569620253164556,74.30958002445024,0.36719623295798004,2404
blend,120,0,0.1,volinv,10,0.4900609650285977,0.5732797681346359,,-0.32593684599419404,0.45569620253164556,50.200805873622045,0.25228469783087576,2404
blend,120,0,0.1,volinv,21,0.2324517420707383,0.3035774448162928,,-0.4449669834379838,0.45569620253164556,32.39644367157634,0.16381125146095113,2404
blend,120,0,0.2,equal,1,0.1371043335576262,0.18134379438729414,,-0.35368887369285207,0.4050632911392405,123.84366963212887,0.6028784657509076,2404
blend,120,0,0.2,equal,5,0.4935447236381834,0.6356597447689949,,-0.23119849121003644,0.4810126582278481,54.95275784079519,0.26962597654686427,2404
blend,120,0,0.2,equal,10,0.375328707656471,0.4875520780710252,,-0.2625484029851083,0.4430379746835443,39.686314078597725,0.19631450692657482,2404
blend,120,0,0.2,equal,21,0.14372146983880305,0.16837620656420943,,-0.33735431795496307,0.5063291139240507,26.68896101844361,0.1307419473650755,2404
blend,120,0,0.2,rank,1,0.19019519126759935,0.25498103993622584,,-0.32038907348736156,0.4050632911392405,126.06903379946486,0.5938066937294754,2404
blend,120,0,0.2,rank,5,0.5195192241271784,0.689669088413498,,-0.2530530997599276,0.4936708860759494,54.80870033490694,0.2640651139736641,2404
blend,120,0,0.2,rank,10,0.41589459351069497,0.5448835157342785,,-0.26491286506751677,0.4430379746835443,39.28181492761485,0.19220962860313578,2404
blend,120,0,0.2,rank,21,0.16784406656288933,0.19582166639583107,,-0.33887895379161337,0.4936708860759494,26.43273011603118,0.12894085746015987,2404
blend,120,0,0.2,volinv,1,0.14590200777282267,0.17938545658943003,,-0.44756974654238435,0.4810126582278481,148.00928477975586,0.6902404596145681,2404
blend,120,0,0.2,volinv,5,0.596739662226992,0.716614154045985,,-0.27448109423524336,0.5189873417721519,63.086437977594166,0.2975002260622778,2404
blend,120,0,0.2,volinv,10,0.5130460268245505,0.6379689680068134,,-0.2922490215852179,0.5189873417721519,44.36823297493843,0.2116203224410416,2404
blend,120,0,0.2,volinv,21,0.3076325587486843,0.36275360899972575,,-0.34189851103224944,0.5316455696202531,28.65543532603739,0.13641826446705005,2404
blend,120,0,0.3,equal,1,0.1700085010003609,0.2073608956960026,,-0.33401474735370507,0.4177215189873418,102.84776162341298,0.4850894901990667,2404
blend,120,0,0.3,equal,5,0.2703124471629318,0.3354197956934857,,-0.2957806382246009,0.43037974683544306,47.05300869532001,0.22328699996796225,2404
blend,120,0,0.3,equal,10,0.203450395504671,0.25936011595965425,,-0.29453000037043964,0.4050632911392405,33.98448813042008,0.16239038780097,2404
blend,120,0,0.3,equal,21,0.17645306949910178,0.20460545466345742,,-0.33935218275726586,0.4177215189873418,24.0865706123191,0.11481115102124216,2404
blend,120,0,0.3,rank,1,0.21984896020110362,0.28239795955568575,,-0.31032752636569017,0.4177215189873418,109.00971501264803,0.4914262770896751,2404
blend,120,0,0.3,rank,5,0.375462855258762,0.4863527419856951,,-0.28564967469374536,0.4177215189873418,48.33574691520511,0.22373302219785396,2404
blend,120,0,0.3,rank,10,0.28943294639728384,0.37541823725809026,,-0.28666647101382425,0.4050632911392405,34.603908820024515,0.1627650644430557,2404
blend,120,0,0.3,rank,21,0.18275302441373792,0.21156548748138715,,-0.3454013428484015,0.4430379746835443,24.152190984625808,0.11432303110024991,2404
blend,120,0,0.3,volinv,1,0.1264662694936518,0.1378790285657574,,-0.4414440597886231,0.46835443037974683,124.22454684201523,0.5642579773528625,2404
blend,120,0,0.3,volinv,5,0.3997627021735633,0.47914571895371627,,-0.33606081726988657,0.4936708860759494,54.56485323504127,0.2502513814486519,2404
blend,120,0,0.3,volinv,10,0.3594139212622417,0.44212992579485233,,-0.3119392400416665,0.5063291139240507,38.518121768172435,0.1781480985465913,2404
blend,120,0,0.3,volinv,21,0.4043663074003438,0.468208247128133,,-0.3373454263553618,0.4936708860759494,26.17111509058082,0.12177221225977716,2404
blend,120,2,0.1,equal,1,0.3947206110483432,0.5342842754990837,,-0.3448315714449637,0.4430379746835443,149.32050557405358,0.7755819478797312,2404
blend,120,2,0.1,equal,5,0.4772651934498671,0.6177541412157418,,-0.336045568195515,0.4430379746835443,63.215105701192,0.32685940508140254,2404
blend,120,2,0.1,equal,10,0.43589626524498387,0.5693299851965122,,-0.35545393433684147,0.4430379746835443,44.49624701075408,0.23248438788045195,2404
blend,120,2,0.1,equal,21,0.34875299965004225,0.45992626619549165,,-0.3468028777448088,0.4810126582278481,29.94524101412437,0.15720226740125198,2404
blend,120,2,0.1,rank,1,0.41104144512805363,0.5642833627252987,,-0.3469940463263854,0.43037974683544306,150.90155796537172,0.7688095696870823,2404
blend,120,2,0.1,rank,5,0.4792296000751559,0.6286005446980396,,-0.33562652874746024,0.4430379746835443,63.27834983658654,0.32376944799985374,2404
blend,120,2,0.1,rank,10,0.4663202828413763,0.6212036918604843,,-0.3441918108881312,0.4430379746835443,44.39306726501314,0.2305328891717061,2404
blend,120,2,0.1,rank,21,0.34829960269755766,0.4597183355251139,,-0.35313004352419375,0.4936708860759494,29.76910169002667,0.15596452953505657,2404
blend,120,2,0.1,volinv,1,0.13751699889762206,0.16656001134767126,,-0.3727596714163066,0.4430379746835443,179.71420285564568,0.880925810966838,2404
blend,120,2,0.1,volinv,5,0.5348846082013125,0.6325361459598013,,-0.33987645050331605,0.5063291139240507,73.12186626099005,0.3606678193177624,2404
blend,120,2,0.1,volinv,10,0.44300823023454905,0.5217280619668857,,-0.37396812615500774,0.45569620253164556,50.307312383280824,0.2508420758446819,2404
blend,120,2,0.1,volinv,21,0.29774547316941585,0.3831326130976474,,-0.3830527207984119,0.5063291139240507,32.33136415309704,0.16342721757932505,2404
blend,120,2,0.2,equal,1,0.1464347092982914,0.15994853800068964,,-0.3732313019562066,0.43037974683544306,124.10940091703394,0.6065041439576729,2404
blend,120,2,0.2,equal,5,0.308876107892189,0.3819695901599248,,-0.35982546026369155,0.4430379746835443,55.0871610704624,0.2716441073423812,2404
blend,120,2,0.2,equal,10,0.11401142361689783,0.13591174827676789,,-0.3934910548137156,0.43037974683544306,40.67517869966128,0.2023519712847666,2404
blend,120,2,0.2,equal,21,0.33682090911626367,0.39442430360112685,,-0.27346226378325267,0.5063291139240507,26.88205590828585,0.1323563845978883,2404
blend,120,2,0.2,rank,1,0.18811626981545954,0.21248057196930628,,-0.35631149921866034,0.4177215189873418,126.4770843504762,0.5977594211158685,2404
blend,120,2,0.2,rank,5,0.33912089388251404,0.43049026330798185,,-0.3602805585774487,0.43037974683544306,54.81335748569205,0.26535789779767294,2404
blend,120,2,0.2,rank,10,0.19014500046656627,0.23516484811893357,,-0.3718960128201181,0.45569620253164556,40.06814475838936,0.19710165080329772,2404
blend,120,2,0.2,rank,21,0.33902523871921103,0.3962127837288903,,-0.29125986667540793,0.5063291139240507,26.5469093042191,0.1300638674865641,2404
blend,120,2,0.2,volinv,1,0.13198099779710804,0.13423807442069,,-0.47874137629297586,0.5063291139240507,147.45719179058324,0.6888658424792409,2404
blend,120,2,0.2,volinv,5,0.474315364275768,0.5478823198715428,,-0.38124487520254036,0.4936708860759494,62.891540779168736,0.297916673598842,2404
blend,120,2,0.2,volinv,10,0.31772253823224295,0.36038825792764884,,-0.39285261777467284,0.4810126582278481,45.5043806121702,0.21807396765875772,2404
blend,120,2,0.2,volinv,21,0.4931167061629504,0.5763475396219327,,-0.2830063020338859,0.5443037974683544,29.012625390736137,0.13869443774948645,2404
blend,120,2,0.3,equal,1,0.17213648587522745,0.21452320704624725,,-0.36142997305975033,0.45569620253164556,102.18670973342812,0.4826667423486712,2404
blend,120,2,0.3,equal,5,0.18770255569683353,0.2304766498679555,,-0.3841487224622202,0.4177215189873418,46.42475553998904,0.2211784388192219,2404
blend,120,2,0.3,equal,10,0.22918576066937427,0.27367915336409965,,-0.30534813928176807,0.4177215189873418,33.85862628320293,0.16205577715270744,2404
blend,120,2,0.3,equal,21,0.22646918221344084,0.2626190906645007,,-0.274343103015084,0.4936708860759494,24.209764397738425,0.1155106834176401,2404
blend,120,2,0.3,rank,1,0.20326544924085568,0.25139982046758186,,-0.3586797442749886,0.4177215189873418,108.78111250127012,0.49141059217210464,2404
blend,120,2,0.3,rank,5,0.25634289425920037,0.3244472913540163,,-0.3633314215846878,0.4430379746835443,47.7776566753387,0.22184941978419587,2404
blend,120,2,0.3,rank,10,0.2581144789391082,0.3172797621631533,,-0.3204402993561858,0.4177215189873418,34.538137549089925,0.16274949930914206,2404
blend,120,2,0.3,rank,21,0.261568559935123,0.30366698748048404,,-0.28894337415652416,0.5063291139240507,24.198300447369117,0.1146958211925913,2404
blend,120,2,0.3,volinv,1,0.2111822667004618,0.24936749763535745,,-0.4204470279928144,0.4936708860759494,123.31262262319773,0.5602166625854967,2404
blend,120,2,0.3,volinv,5,0.3995212596927459,0.4543255169749558,,-0.396097944990188,0.46835443037974683,53.86818454388072,0.24776603552396173,2404
blend,120,2,0.3,volinv,10,0.4158312651334869,0.46163036871006824,,-0.3166190834952445,0.4810126582278481,38.34290108594795,0.177673461466208,2404
blend,120,2,0.3,volinv,21,0.4546137148423453,0.5233768514844946,,-0.24960076817466348,0.5189873417721519,26.309275589453012,0.12251410493683666,2404
blend,120,7,0.1,equal,1,0.22056338873132067,0.2711666024992338,,-0.3605854368107907,0.3924050632911392,150.02103013459086,0.7829470678926381,2404
blend,120,7,0.1,equal,5,0.2651458345139056,0.3313516667541138,,-0.40453316488063984,0.45569620253164556,64.30730536123203,0.3353719157784351,2404
blend,120,7,0.1,equal,10,0.25943737375238884,0.33964516898042457,,-0.42196728254004856,0.43037974683544306,44.73717962569876,0.2360158669648443,2404
blend,120,7,0.1,equal,21,0.4183758474330556,0.5127128652181003,,-0.4454302112402343,0.4936708860759494,29.679618393905855,0.15645422128694175,2404
blend,120,7,0.1,rank,1,0.22190441559859686,0.2752092415465502,,-0.36064071474514103,0.3924050632911392,151.64612230577023,0.7764930302664654,2404
blend,120,7,0.1,rank,5,0.2893752046104823,0.3626635260278497,,-0.39272025453827974,0.4430379746835443,64.31047712399696,0.33206122485737777,2404
blend,120,7,0.1,rank,10,0.27361784398121236,0.360785024889751,,-0.417190482367087,0.43037974683544306,44.72139151029472,0.23457075849255077,2404
blend,120,7,0.1,rank,21,0.4004206104746612,0.49092879742446643,,-0.4473428728492639,0.5063291139240507,29.604325666219335,0.15575967623053566,2404
blend,120,7,0.1,volinv,1,0.04555429553916231,0.04974432697491474,,-0.5041480195557091,0.4430379746835443,181.7596996639085,0.8951817174573042,2404
blend,120,7,0.1,volinv,5,0.39932143390285163,0.48958216832370305,,-0.4395821223918561,0.4810126582278481,74.25824528776536,0.3676059030384816,2404
blend,120,7,0.1,volinv,10,0.3904671771123607,0.4945186982483221,,-0.44480114128415726,0.45569620253164556,49.65661364063444,0.24884570874576126,2404
blend,120,7,0.1,volinv,21,0.4184829566504072,0.5058302181656421,,-0.4559808169125805,0.4936708860759494,32.28316279287872,0.16369403362985857,2404
blend,120,7,0.2,equal,1,-0.0642711133167411,-0.07313503517895364,,-0.3728756671869494,0.4810126582278481,126.38739564063349,0.6188385759357898,2404
blend,120,7,0.2,equal,5,0.06486891710513641,0.06914501378479393,,-0.3685910955765802,0.4810126582278481,55.72982183382766,0.27425811447100534,2404
blend,120,7,0.2,equal,10,0.004472778945159137,0.005330191492117983,,-0.4177224684804064,0.45569620253164556,39.09368928180889,0.19345302598064143,2404
blend,120,7,0.2,equal,21,0.2339959881148517,0.30541486586377736,,-0.39254134987671285,0.5189873417721519,27.198637691589937,0.13383400964503367,2404
blend,120,7,0.2,rank,1,-0.02751484773484342,-0.03095922235360594,,-0.38188695421267627,0.4810126582278481,128.20975896630335,0.6078569676203023,2404
blend,120,7,0.2,rank,5,0.09893366606203133,0.10486594205774559,,-0.3624108650637582,0.4810126582278481,55.27651493716703,0.26721981530387406,2404
blend,120,7,0.2,rank,10,0.01683226887426479,0.020408521378166695,,-0.4059744301426732,0.4430379746835443,38.8520466793786,0.19013761864761464,2404
blend,120,7,0.2,rank,21,0.24546991012306635,0.3184834001514924,,-0.40188003455358423,0.5316455696202531,26.78130335183367,0.1311779903530026,2404
blend,120,7,0.2,volinv,1,-0.013500834600897071,-0.015233181528287315,,-0.4429853002124804,0.4810126582278481,150.15621196408844,0.7015140873525514,2404
blend,120,7,0.2,volinv,5,0.2815412888815412,0.2964160419661096,,-0.37354933351489605,0.5189873417721519,63.40524802645891,0.29884296906646346,2404
blend,120,7,0.2,volinv,10,0.2674098991678519,0.3108133687976674,,-0.42058027952199795,0.4936708860759494,43.29737529128206,0.20585086674603298,2404
blend,120,7,0.2,volinv,21,0.33669071907271697,0.42912963019577843,,-0.4104635117551162,0.5063291139240507,29.151771194101833,0.1390894727612781,2404
blend,120,7,0.3,equal,1,-0.10703662879430006,-0.12355587919143503,,-0.351697842901849,0.379746835443038,102.99089702086845,0.48813820437443795,2404
blend,120,7,0.3,equal,5,0.018106290759005206,0.019488082134823635,,-0.31015739892443195,0.4177215189873418,46.72356789863276,0.22229945801850726,2404
blend,120,7,0.3,equal,10,-0.15467896333458042,-0.18331155168962796,,-0.42958755660551484,0.4430379746835443,34.31773354870732,0.16436596081639326,2404
blend,120,7,0.3,equal,21,-0.01630067079225617,-0.017677887235280597,,-0.40048737421181513,0.4936708860759494,23.52369667618087,0.11200850341762782,2404
blend,120,7,0.3,rank,1,-0.07986737431337404,-0.09069290070244725,,-0.3853304834612451,0.4177215189873418,109.47719019853976,0.4963044344405335,2404
blend,120,7,0.3,rank,5,0.044567733107236635,0.04709486790598334,,-0.3523790783033869,0.4177215189873418,47.93272696317221,0.22245764242612492,2404
blend,120,7,0.3,rank,10,-0.09929046778098327,-0.11910805806981085,,-0.422709660111655,0.4430379746835443,34.73883093443541,0.16363149947710062,2404
blend,120,7,0.3,rank,21,0.0985074863372861,0.11317745852691079,,-0.40997425378492847,0.5063291139240507,23.621662663011893,0.11176214614115772,2404
blend,120,7,0.3,volinv,1,0.06155212996758764,0.0696744088715139,,-0.349291521625,0.43037974683544306,124.13103300613196,0.5652987073727991,2404
blend,120,7,0.3,volinv,5,0.24926352057214907,0.2598265172143423,,-0.293040965484183,0.45569620253164556,54.37115127562907,0.24910154165160425,2404
blend,120,7,0.3,volinv,10,0.1455499219302914,0.16840061712135093,,-0.3707949209828052,0.5063291139240507,38.6516623660214,0.17875985381358683,2404
blend,120,7,0.3,volinv,21,0.22594047048442187,0.25197213739458596,,-0.3851053738527781,0.4936708860759494,25.37520479167384,0.11770552516312391,2404
blend,180,0,0.1,equal,1,-0.03108646126498751,-0.03871365721224987,,-0.47148783913101966,0.3924050632911392,125.8932255233212,0.6470566905719632,2404
blend,180,0,0.1,equal,5,-0.08045663912276381,-0.09816901619717695,,-0.5022896141381501,0.4050632911392405,54.481696559587576,0.2813775720879439,2404
blend,180,0,0.1,equal,10,-0.003094366064083544,-0.003676684383642858,,-0.47643352257043203,0.3924050632911392,37.96741549954944,0.19853563948162745,2404
blend,180,0,0.1,equal,21,0.10480123179616968,0.14749650075415544,,-0.4028681834761504,0.379746835443038,25.63474334179409,0.13332841124184414,2404
blend,180,0,0.1,rank,1,-0.0005132430811521215,-0.0006596570296526426,,-0.47188930200236767,0.3924050632911392,126.86974527263575,0.6399223067734602,2404
blend,180,0,0.1,rank,5,-0.05015808072115813,-0.06285435778073198,,-0.4987609124696394,0.4177215189873418,54.44321909018268,0.278142345005432,2404
blend,180,0,0.1,rank,10,0.02937689798305685,0.035856414764211586,,-0.4690896368017793,0.3670886075949367,37.86690116914684,0.19666661507998523,2404
blend,180,0,0.1,rank,21,0.09850648877271424,0.13664302160567238,,-0.40791541210253124,0.379746835443038,25.465687338708328,0.13199302450331485,2404
blend,180,0,0.1,volinv,1,-0.13040727300923213,-0.14824052334223214,,-0.4969595530423073,0.3924050632911392,154.59874796830167,0.7521484826702813,2404
blend,180,0,0.1,volinv,5,-0.19963836487889564,-0.21996287276550697,,-0.5182496465590007,0.379746835443038,64.01950334967773,0.3153775761903827,2404
blend,180,0,0.1,volinv,10,-0.18398745002985825,-0.19680893048364143,,-0.5275020844275427,0.379746835443038,43.25915154202101,0.21596369162534354,2404
blend,180,0,0.1,volinv,21,0.06549006174053146,0.08631268815867017,,-0.44636650762737096,0.3924050632911392,27.879567009632513,0.13916322567350065,2404
blend,180,0,0.2,equal,1,-0.30246701522763353,-0.4218927688899199,,-0.6241467825971947,0.31645569620253167,102.24119965169896,0.49843285907334667,2404
blend,180,0,0.2,equal,5,-0.41730487642620423,-0.2935630486707778,,-0.8870272112499051,0.43037974683544306,43.959657635320255,0.21356403183456696,2404
blend,180,0,0.2,equal,10,-0.34875523440587275,-0.24689150146830294,,-0.8554518050667158,0.4430379746835443,31.74754070969196,0.15469853084943763,2404
blend,180,0,0.2,equal,21,0.11752236588426135,0.13006747390950077,,-0.3710488777505283,0.4177215189873418,21.78826453579785,0.10635121377744981,2404
blend,180,0,0.2,rank,1,-0.2875923494730689,-0.3999069545785924,,-0.614678221405407,0.3291139240506329,103.96534536613564,0.48960299912809147,2404
blend,180,0,0.2,rank,5,-0.417595438554521,-0.2939576523324164,,-0.8954101872755178,0.4050632911392405,43.863793961397704,0.20902713089073643,2404
blend,180,0,0.2,rank,10,-0.3525068278389735,-0.24867446756738737,,-0.8718144937264003,0.4050632911392405,31.444560540046183,0.15139006294884816,2404
blend,180,0,0.2,rank,21,0.09956506544316951,0.11177732470664527,,-0.37414485160444844,0.4050632911392405,21.434587640314568,0.10389877404489622,2404
blend,180,0,0.2,volinv,1,-0.2769678149454296,-0.38089233346336976,,-0.6715817147376085,0.3924050632911392,122.87877485854712,0.5718248946578279,2404
blend,180,0,0.2,volinv,5,-0.36702089288634704,-0.25664102389238247,,-0.8788052133407463,0.4177215189873418,51.05408652617352,0.23801250175347927,2404
blend,180,0,0.2,volinv,10,-0.3455104529785605,-0.24087101865894228,,-0.8580041646153256,0.4810126582278481,36.12967860412807,0.16929634751294004,2404
blend,180,0,0.2,volinv,21,0.11228574012282797,0.11655993257815084,,-0.46094382171651593,0.4810126582278481,23.732468542959694,0.11244920464636257,2404
blend,180,0,0.3,equal,1,-0.1871050589358723,-0.26713340297316224,,-0.6226115756414458,0.34177215189873417,86.7046108005022,0.40883429028971496,2404
blend,180,0,0.3,equal,5,-0.4261440192332112,-0.3001051222141332,,-0.8813364608669095,0.379746835443038,39.54361158042425,0.18637520753944364,2404
blend,180,0,0.3,equal,10,-0.4198096855718363,-0.29440159811184696,,-0.8755580815704439,0.4177215189873418,28.78915197352537,0.1360206873054995,2404
blend,180,0,0.3,equal,21,-0.1778108156853002,-0.18016153049868242,,-0.48883945475038604,0.45569620253164556,19.94500821004084,0.09448047085092379,2404
blend,180,0,0.3,rank,1,-0.2120510934972209,-0.29770948930066704,,-0.6159193879475626,0.31645569620253167,90.81983406168114,0.4091368421313261,2404
blend,180,0,0.3,rank,5,-0.4237768364538714,-0.29819348396310214,,-0.8936169299669223,0.3924050632911392,39.859382895187586,0.18298637451109806,2404
blend,180,0,0.3,rank,10,-0.40188228171571666,-0.28251878108918205,,-0.8852691453415229,0.3924050632911392,28.69600242203731,0.13342672249052218,2404
blend,180,0,0.3,rank,21,-0.10660475858334716,-0.11270247255590381,,-0.4642313305754898,0.43037974683544306,19.727122321824965,0.09250615302742968,2404
blend,180,0,0.3,volinv,1,-0.17103681821546693,-0.23437572949331176,,-0.6605493592665254,0.379746835443038,106.17733303558072,0.48102389804998574,2404
blend,180,0,0.3,volinv,5,-0.4091019883613595,-0.2842186741078397,,-0.8767719775300881,0.4177215189873418,47.050562023409405,0.21423766171838832,2404
blend,180,0,0.3,volinv,10,-0.41747105586725786,-0.28916956569406865,,-0.8676528402275678,0.43037974683544306,33.19179163563048,0.15182523919242044,2404
blend,180,0,0.3,volinv,21,-0.1549935484027169,-0.14934044403035104,,-0.5054261630601946,0.4810126582278481,22.10500143518688,0.10200036597882028,2404
blend,180,2,0.1,equal,1,-0.2075847762716617,-0.25285354642104224,,-0.5208931073160143,0.34177215189873417,125.97961744301178,0.6511458797600935,2404
blend,180,2,0.1,equal,5,-0.1533887109459223,-0.20593445261630106,,-0.5105786042307146,0.379746835443038,53.46178687276856,0.2783031283446692,2404
blend,180,2,0.1,equal,10,-0.23751591583752185,-0.2656675505170776,,-0.4689591837881092,0.379746835443038,38.30639611359245,0.2007034016475145,2404
blend,180,2,0.1,equal,21,0.2820660377568494,0.40058974458956603,,-0.3376572189162703,0.3924050632911392,26.186254330805077,0.1360846347498575,2404
blend,180,2,0.1,rank,1,-0.1567548050215389,-0.19652458970257322,,-0.5129201147988169,0.34177215189873417,126.93838422871721,0.6438279119212679,2404
blend,180,2,0.1,rank,5,-0.12638829815864927,-0.17137266487671415,,-0.5048064982206517,0.3924050632911392,53.61115105306185,0.275915112813074,2404
blend,180,2,0.1,rank,10,-0.24227573288520665,-0.26966447097960267,,-0.4740154608164131,0.379746835443038,38.18951057141429,0.19881505477178643,2404
blend,180,2,0.1,rank,21,0.2787566066523973,0.39255159029485265,,-0.34590568145827905,0.4050632911392405,26.075277327184267,0.13523390972662347,2404
blend,180,2,0.1,volinv,1,-0.3355911997951887,-0.3732657749088404,,-0.5524090318024849,0.3670886075949367,153.8842619575447,0.7500524420250136,2404
blend,180,2,0.1,volinv,5,-0.20251232717647097,-0.2586024378725954,,-0.5267424169172836,0.4050632911392405,63.32587344444078,0.3122196536437798,2404
blend,180,2,0.1,volinv,10,-0.3117107051965908,-0.3423081496507988,,-0.49107230706795224,0.3924050632911392,43.65386239231495,0.21778918678503473,2404
blend,180,2,0.1,volinv,21,0.16211284307244794,0.2118074582244368,,-0.38001000336824897,0.4050632911392405,28.40758869745451,0.14192153975347727,2404
blend,180,2,0.2,equal,1,-0.4607344100671662,-0.3259103246737674,,-0.8812143451533355,0.34177215189873417,102.55440956043229,0.5013755019662087,2404
blend,180,2,0.2,equal,5,-0.45375371490084765,-0.3195350418486246,,-0.8862540503475393,0.4050632911392405,44.842199675366416,0.21854195466251283,2404
blend,180,2,0.2,equal,10,-0.4366568289873706,-0.30592620426522626,,-0.8686502590376611,0.3670886075949367,31.950220912195537,0.15631769630589767,2404
blend,180,2,0.2,equal,21,0.024410724666323182,0.027157996792009077,,-0.4117281654706565,0.43037974683544306,21.955113150938327,0.10680062387452277,2404
blend,180,2,0.2,rank,1,-0.45606782030072085,-0.3221397336921178,,-0.892344063647633,0.34177215189873417,104.20559518939258,0.4922945334865531,2404
blend,180,2,0.2,rank,5,-0.45334654088496257,-0.31982303291238434,,-0.8956931421192108,0.4177215189873418,44.70793518607332,0.2136000060774525,2404
blend,180,2,0.2,rank,10,-0.42422416964042275,-0.29681993963656483,,-0.8796875597220687,0.379746835443038,31.756078771375616,0.15358770854023063,2404
blend,180,2,0.2,rank,21,0.05563002509731597,0.06308278801337669,,-0.4033784773253002,0.43037974683544306,21.772570187008483,0.10530687729686447,2404
blend,180,2,0.2,volinv,1,-0.4589169002514544,-0.3208768306140754,,-0.8856196056829284,0.3924050632911392,122.9278381510207,0.5719388680829827,2404
blend,180,2,0.2,volinv,5,-0.4079635854788729,-0.2851631804426959,,-0.8803094129178224,0.43037974683544306,52.091276044666145,0.24327642692890833,2404
blend,180,2,0.2,volinv,10,-0.37297130554682123,-0.2576970783378286,,-0.8546529898207232,0.45569620253164556,36.160645935549844,0.17007586418308732,2404
blend,180,2,0.2,volinv,21,-0.047889194687317206,-0.04940240489117302,,-0.4632509035032716,0.5063291139240507,24.107414620348752,0.11364947485425969,2404
blend,180,2,0.3,equal,1,-0.48895794263498765,-0.3470543222563458,,-0.8904424403422063,0.35443037974683544,86.69914428566425,0.41004834063562934,2404
blend,180,2,0.3,equal,5,-0.47514790274241314,-0.33573590192831765,,-0.889325455417114,0.3670886075949367,40.283474466991336,0.19069101863643428,2404
blend,180,2,0.3,equal,10,-0.5081893634001012,-0.357092239657929,,-0.8925360968734312,0.3924050632911392,28.865122304322114,0.13668898437242247,2404
blend,180,2,0.3,equal,21,-0.14611385079872796,-0.1476033155596618,,-0.4968717429981827,0.45569620253164556,20.073488902138898,0.09511964572580572,2404
blend,180,2,0.3,rank,1,-0.4854309840094815,-0.34411324832798,,-0.8999417733675148,0.3670886075949367,90.9145201387913,0.4106384101207473,2404
blend,180,2,0.3,rank,5,-0.46795355392555077,-0.32910754791065017,,-0.8982955207270448,0.4050632911392405,40.51797952852204,0.18674113386962343,2404
blend,180,2,0.3,rank,10,-0.4718573679030611,-0.3305299160027522,,-0.8966317615710951,0.4050632911392405,28.842226548442383,0.1343694756898039,2404
blend,180,2,0.3,rank,21,-0.061523687382660064,-0.06569826397378142,,-0.4767682684901169,0.4430379746835443,19.955170605366092,0.09364654628210449,2404
blend,180,2,0.3,volinv,1,-0.5133284390892454,-0.3591121542029229,,-0.8923953775309191,0.35443037974683544,106.58170476554304,0.48305990521497066,2404
blend,180,2,0.3,volinv,5,-0.42503223813648017,-0.29615542709416875,,-0.8799892838382259,0.4050632911392405,47.631321967377794,0.21753043475413963,2404
blend,180,2,0.3,volinv,10,-0.4411522351215584,-0.30614808878642524,,-0.874512315850096,0.43037974683544306,33.37468889178409,0.15281985133616016,2404
blend,180,2,0.3,volinv,21,-0.10996685319068447,-0.10588600935430353,,-0.5229587264982566,0.46835443037974683,22.217120398269415,0.10256959897274996,2404
blend,180,7,0.1,equal,1,-0.2772335263421374,-0.3193641879152614,,-0.38370638460904105,0.4050632911392405,126.8780713301304,0.6632876752462014,2404
blend,180,7,0.1,equal,5,-0.3782099622621876,-0.41599218979243086,,-0.5030162740372907,0.3924050632911392,54.418942907711624,0.2849715821422898,2404
blend,180,7,0.1,equal,10,-0.366136191010475,-0.3961023867410035,,-0.4978513106408198,0.35443037974683544,38.0896684545811,0.20176338953935186,2404
blend,180,7,0.1,equal,21,-0.38544613033827557,-0.4099219659188127,,-0.5389785292158273,0.4050632911392405,26.551777857934262,0.1380817897543555,2404
blend,180,7,0.1,rank,1,-0.2870930420114997,-0.33355443220863956,,-0.3926184418430858,0.3924050632911392,127.891883437015,0.6559066916025075,2404
blend,180,7,0.1,rank,5,-0.3925291926491644,-0.43164865654427514,,-0.5081296501515586,0.379746835443038,54.58015133311682,0.28265277115462173,2404
blend,180,7,0.1,rank,10,-0.3773357928985519,-0.40968334430449344,,-0.502481401149597,0.35443037974683544,38.03975194128903,0.20023670717728825,2404
blend,180,7,0.1,rank,21,-0.3747692068924354,-0.4005435295246125,,-0.543298330447552,0.3924050632911392,26.397410036733724,0.13698817254680679,2404
blend,180,7,0.1,volinv,1,-0.45577287134553823,-0.4882231553811708,,-0.49847008447373164,0.379746835443038,154.89944557753975,0.7598715046180521,2404
blend,180,7,0.1,volinv,5,-0.39378553339170164,-0.42223642459158245,,-0.5469599633825443,0.3670886075949367,64.27842993098848,0.31801760314855754,2404
blend,180,7,0.1,volinv,10,-0.3953400595720795,-0.4141692267215233,,-0.5274325743193324,0.3670886075949367,43.03801026974128,0.2158575346830715,2404
blend,180,7,0.1,volinv,21,-0.4665572950414174,-0.4687536313890014,,-0.5505714436671278,0.3924050632911392,28.953003814751646,0.1449775511747037,2404
blend,180,7,0.2,equal,1,-0.2069650329258929,-0.22968257162931838,,-0.44983060018606025,0.379746835443038,103.13665527406523,0.5060696896615536,2404
blend,180,7,0.2,equal,5,-0.31906618806475096,-0.32752189680778343,,-0.47302690452213014,0.379746835443038,44.87781897310682,0.2202845502967879,2404
blend,180,7,0.2,equal,10,-0.3311979639787169,-0.35362619648815713,,-0.5339787871552619,0.3670886075949367,32.19348785173254,0.15805969821665367,2404
blend,180,7,0.2,equal,21,-0.2022595479116404,-0.1786599035653994,,-0.6037101343839675,0.4050632911392405,22.372202834498026,0.10916509186830257,2404
blend,180,7,0.2,rank,1,-0.2226099920635545,-0.24842863046310398,,-0.44271142838551725,0.379746835443038,104.83111457679531,0.4972803805047169,2404
blend,180,7,0.2,rank,5,-0.29669204392807286,-0.31244012151316625,,-0.46111880935487426,0.3670886075949367,44.84505364123656,0.21591063329845667,2404
blend,180,7,0.2,rank,10,-0.25225449566923236,-0.29116350711459393,,-0.5129849678057219,0.35443037974683544,31.74044644981589,0.15406752748593397,2404
blend,180,7,0.2,rank,21,-0.14189224921472712,-0.13324780498832087,,-0.5703269474942659,0.4177215189873418,22.181115117286776,0.10758349203965392,2404
blend,180,7,0.2,volinv,1,-0.1123131619168214,-0.11885871586342744,,-0.5058429190464626,0.4177215189873418,123.51944825084544,0.5764749280653123,2404
blend,180,7,0.2,volinv,5,-0.11158231757608734,-0.11057779494677372,,-0.48988245541021547,0.45569620253164556,51.852484986762484,0.24266232890356182,2404
blend,180,7,0.2,volinv,10,-0.30923680440247386,-0.2993972529919664,,-0.5801948224145508,0.4050632911392405,36.28356850515424,0.17045980887381376,2404
blend,180,7,0.2,volinv,21,-0.2331722447264629,-0.19748732439626962,,-0.6310142629442972,0.4430379746835443,24.44911757151339,0.11552935412927737,2404
blend,180,7,0.3,equal,1,-0.5072135153946411,-0.5492267291579853,,-0.5441789550220231,0.35443037974683544,86.80199136359259,0.4115030904929349,2404
blend,180,7,0.3,equal,5,-0.33446290100133946,-0.34866057276514223,,-0.4957140244161832,0.35443037974683544,40.331006895437305,0.1920107354979207,2404
blend,180,7,0.3,equal,10,-0.34978534311703013,-0.3944576320300834,,-0.532640819838976,0.3670886075949367,28.350864810078853,0.13510383890728017,2404
blend,180,7,0.3,equal,21,-0.2736244596453455,-0.24430196513553493,,-0.6054509869268716,0.4177215189873418,20.404767850717022,0.09625386839003369,2404
blend,180,7,0.3,rank,1,-0.42565904739132854,-0.46954523403490334,,-0.5212671308324341,0.379746835443038,91.08010200522487,0.41274382932230336,2404
blend,180,7,0.3,rank,5,-0.32105596885343207,-0.33993920956282986,,-0.4892134874280566,0.3670886075949367,40.63950502110597,0.18842826092490578,2404
blend,180,7,0.3,rank,10,-0.27848391453053584,-0.3321218835220148,,-0.5218080758822324,0.379746835443038,28.496554099349755,0.13351100804850574,2404
blend,180,7,0.3,rank,21,-0.21213640281799226,-0.19929786910731165,,-0.5812274293822828,0.4430379746835443,20.329504778347797,0.09524467103949495,2404
blend,180,7,0.3,volinv,1,-0.44720515922537996,-0.4450215393851295,,-0.59365171312684,0.3924050632911392,106.58628812555429,0.4843695633404022,2404
blend,180,7,0.3,volinv,5,-0.0840836396429701,-0.08389106637234188,,-0.4953079921483191,0.3924050632911392,47.33040101480139,0.21700679756847469,2404
blend,180,7,0.3,volinv,10,-0.22689395407617766,-0.2285088316721041,,-0.541476870060637,0.43037974683544306,32.63005103092054,0.15002233038547425,2404
blend,180,7,0.3,volinv,21,-0.29351038534797624,-0.24727180348240688,,-0.6495365561711729,0.4050632911392405,22.69841178072802,0.10457189861638412,2404
blend,252,0,0.1,equal,1,-0.38482000361897406,-0.44979902784242304,,-0.5026114309588054,0.3037974683544304,111.99291454293532,0.5850955752496616,2404
blend,252,0,0.1,equal,5,0.003400373037066211,0.0040920171424891835,,-0.4109358736191129,0.35443037974683544,48.27874779361884,0.25368463454670487,2404
blend,252,0,0.1,equal,10,-0.05865145753887675,-0.06830924281473387,,-0.4501255007204601,0.34177215189873417,33.90223425123592,0.17775581098354504,2404
blend,252,0,0.1,equal,21,-0.20244004885159275,-0.23703120490386254,,-0.4783480527045836,0.34177215189873417,22.647112177894204,0.1184994236913861,2404
blend,252,0,0.1,rank,1,-0.39163537333666115,-0.45976578749431624,,-0.5023031289140317,0.26582278481012656,113.62796329738032,0.5821974106432188,2404
blend,252,0,0.1,rank,5,-0.026282793077205675,-0.03131726954623123,,-0.41182895995285096,0.34177215189873417,48.409722116535455,0.25137278815632136,2404
blend,252,0,0.1,rank,10,-0.08176254994126148,-0.09442896100055642,,-0.4490580725307103,0.34177215189873417,33.89574001654124,0.17644468982434236,2404
blend,252,0,0.1,rank,21,-0.18774858539332745,-0.2229611711882953,,-0.4715086620867187,0.34177215189873417,22.49174602258058,0.11732930455411994,2404
blend,252,0,0.1,volinv,1,-0.36135856878511863,-0.4116553054675163,,-0.5286192821176867,0.31645569620253167,136.39611428496525,0.673898283191465,2404
blend,252,0,0.1,volinv,5,0.11393544649997427,0.1336908290674541,,-0.41954823685568543,0.379746835443038,56.31726069822948,0.2814147907705452,2404
blend,252,0,0.1,volinv,10,0.037880209194521126,0.04231531224466622,,-0.4702347066227005,0.3924050632911392,38.22679638972655,0.19165098401059044,2404
blend,252,0,0.1,volinv,21,-0.16482850541809763,-0.1885702912076898,,-0.5011461373069346,0.4177215189873418,24.66629811297745,0.1257630957036401,2404
blend,252,0,0.2,equal,1,-0.0964022685977389,-0.09986103339329958,,-0.36591948512612316,0.3291139240506329,82.7504414571591,0.400429558703156,2404
blend,252,0,0.2,equal,5,0.2612695497086395,0.3259341786578474,,-0.369214520413065,0.31645569620253167,36.49540435409969,0.17816343915823535,2404
blend,252,0,0.2,equal,10,0.16189843409188492,0.20364351700834415,,-0.35215421891029186,0.35443037974683544,26.865326688422748,0.13198250207813944,2404
blend,252,0,0.2,equal,21,-0.004333300701361888,-0.005127593706323681,,-0.3262733350662651,0.34177215189873417,19.088668556478996,0.09322279008094825,2404
blend,252,0,0.2,rank,1,-0.13190266317859906,-0.13891071999615273,,-0.38043517644713154,0.34177215189873417,85.64774139760763,0.4004554430603827,2404
blend,252,0,0.2,rank,5,0.24265061657875137,0.3011243033341524,,-0.3818052627596118,0.3291139240506329,36.803877050830856,0.17615045478340519,2404
blend,252,0,0.2,rank,10,0.13797396012699828,0.17229459659010288,,-0.3666989521429507,0.35443037974683544,26.704470655654173,0.12962590650131542,2404
blend,252,0,0.2,rank,21,-0.03594841461917532,-0.0432711254290111,,-0.3524309347100123,0.3670886075949367,18.7253708757341,0.09098518901466732,2404
blend,252,0,0.2,volinv,1,0.004209105182933403,0.004246609800513046,,-0.4133548699476234,0.4050632911392405,101.96142209273405,0.46983874562387307,2404
blend,252,0,0.2,volinv,5,0.4137049629234814,0.4961751469947887,,-0.3689439475998084,0.4177215189873418,42.92866330793677,0.20054414406221865,2404
blend,252,0,0.2,volinv,10,0.19828054451215393,0.23823611909407152,,-0.3891998708852502,0.35443037974683544,30.370320998694076,0.1431717718305559,2404
blend,252,0,0.2,volinv,21,0.08955413416585079,0.10144453123153689,,-0.36082086380227474,0.4177215189873418,20.8280435417003,0.09898736749700812,2404
blend,252,0,0.3,equal,1,-0.14183296319207034,-0.14679549976529097,,-0.3912496523476564,0.31645569620253167,71.97514129062283,0.33643088479138405,2404
blend,252,0,0.3,equal,5,0.13806121197354645,0.1685435063300619,,-0.36304683763088275,0.2911392405063291,33.205052429872865,0.1564443224614238,2404
blend,252,0,0.3,equal,10,0.04575124011724309,0.05465807136871759,,-0.3341936001783855,0.3037974683544304,24.71117632871662,0.11685650001812826,2404
blend,252,0,0.3,equal,21,0.2354367395562405,0.2709665823077202,,-0.29903311738507166,0.3924050632911392,17.239967620902164,0.08121489696763924,2404
blend,252,0,0.3,rank,1,-0.16042434562009644,-0.16887861367335874,,-0.4034082006965799,0.34177215189873417,75.5529875947665,0.33796872179235976,2404
blend,252,0,0.3,rank,5,0.17524940351594467,0.21636462823484978,,-0.38121772097982143,0.3291139240506329,33.47590086039408,0.15391134981661497,2404
blend,252,0,0.3,rank,10,0.07593558835299248,0.09174246238410193,,-0.350730056243553,0.3291139240506329,24.406970692803373,0.11380760087496847,2404
blend,252,0,0.3,rank,21,0.1067899286743132,0.12515137477988952,,-0.3421984507005438,0.379746835443038,17.075589615356673,0.07985341389115479,2404
blend,252,0,0.3,volinv,1,0.002145192830183654,0.002149222401311407,,-0.38146984457342437,0.3670886075949367,87.85954167869515,0.39503659618223186,2404
blend,252,0,0.3,volinv,5,0.33326158617790913,0.39104110421684335,,-0.3274942000972707,0.3670886075949367,39.29678122118887,0.17850144591497413,2404
blend,252,0,0.3,volinv,10,0.1799680482773142,0.20595065411595728,,-0.3296706958423362,0.3670886075949367,28.265715979306478,0.12931233900033862,2404
blend,252,0,0.3,volinv,21,0.41180466445371866,0.45548149182856495,,-0.2839999684475,0.43037974683544306,19.105657986917716,0.0877691101539432,2404
blend,252,2,0.1,equal,1,0.02343804630087932,0.02797595768854409,,-0.3521551296924328,0.34177215189873417,110.76030005075349,0.5808993792327108,2404
blend,252,2,0.1,equal,5,-0.008847036894637486,-0.01050651723287432,,-0.3132936488843776,0.4050632911392405,49.04092266810653,0.25720586092032943,2404
blend,252,2,0.1,equal,10,0.07132696597092604,0.08650968713293948,,-0.3557907346030653,0.379746835443038,33.57237120662661,0.17596356699479715,2404
blend,252,2,0.1,equal,21,0.0356588299428834,0.04396596168683194,,-0.44627264601387695,0.379746835443038,22.705415748053017,0.11842568432159603,2404
blend,252,2,0.1,rank,1,-0.0006780250532309775,-0.0008045559744716015,,-0.35674781077724016,0.34177215189873417,112.65705852673013,0.5791823572433068,2404
blend,252,2,0.1,rank,5,-0.02619843886068011,-0.030884055653780152,,-0.3159546691621633,0.379746835443038,49.18149813946885,0.25501020258693313,2404
blend,252,2,0.1,rank,10,0.06803650638273845,0.08139355585548778,,-0.3523426031877176,0.379746835443038,33.538610399468446,0.1745635125849892,2404
blend,252,2,0.1,rank,21,0.07113481012834008,0.08919773176294514,,-0.4291304140535174,0.3924050632911392,22.50105578374466,0.11697226049258938,2404
blend,252,2,0.1,volinv,1,-0.06067144556632853,-0.06993427832632931,,-0.42698372440837495,0.3670886075949367,135.12359504215866,0.6680338467567146,2404
blend,252,2,0.1,volinv,5,0.047496250943126525,0.05551300225940061,,-0.3592935489667959,0.4177215189873418,56.41437053557442,0.2811833142970741,2404
blend,252,2,0.1,volinv,10,0.1966449764223223,0.23285677964338947,,-0.3731926957662125,0.43037974683544306,37.79746491913491,0.18828100691514765,2404
blend,252,2,0.1,volinv,21,-0.0018689568513690677,-0.0021782268837644866,,-0.46240633587075597,0.45569620253164556,24.419797303646362,0.12357197493321626,2404
blend,252,2,0.2,equal,1,0.27696150453278023,0.35516767656349485,,-0.309025097013618,0.4050632911392405,82.99285291227066,0.40307651867072425,2404
blend,252,2,0.2,equal,5,0.19899127212504816,0.24399045788320584,,-0.3971455094484937,0.3670886075949367,36.301071015331495,0.17681151841098913,2404
blend,252,2,0.2,equal,10,0.16636707735613526,0.2101404265319632,,-0.38835621164182077,0.34177215189873417,26.20857976199772,0.12893552994819057,2404
blend,252,2,0.2,equal,21,0.035323788302219106,0.03976829524894948,,-0.31901174689395206,0.4050632911392405,18.399666044522785,0.08966830138426951,2404
blend,252,2,0.2,rank,1,0.2767123237248494,0.355714749320249,,-0.31173325205570857,0.3924050632911392,85.95029293925266,0.40320689470195037,2404
blend,252,2,0.2,rank,5,0.1781990892318873,0.22030054002904867,,-0.39524475359241584,0.35443037974683544,36.75089715401555,0.17550423083988462,2404
blend,252,2,0.2,rank,10,0.16750164876991527,0.21450416729107974,,-0.3748964663435106,0.3670886075949367,26.231367204750722,0.12744242686856452,2404
blend,252,2,0.2,rank,21,0.04589680773119221,0.05331476592099436,,-0.3311815322242987,0.4050632911392405,18.20043539926303,0.08823478081593011,2404
blend,252,2,0.2,volinv,1,0.28987721296053065,0.35390964281745374,,-0.3490140173011519,0.379746835443038,102.40652622333235,0.4726240941089974,2404
blend,252,2,0.2,volinv,5,0.33977800177029877,0.40498963632185747,,-0.4127297616914165,0.379746835443038,42.84115335880138,0.19983726781730876,2404
blend,252,2,0.2,volinv,10,0.2598212484957188,0.3152729425711164,,-0.402882765517367,0.3670886075949367,30.12305166851486,0.14210635464669705,2404
blend,252,2,0.2,volinv,21,0.07174046637173573,0.07594978315665164,,-0.32680763456564854,0.4430379746835443,20.33345853560406,0.09638371838521609,2404
blend,252,2,0.3,equal,1,0.21182837475971952,0.2730411851959879,,-0.30610396834770104,0.3291139240506329,71.36085797585582,0.3341885786532281,2404
blend,252,2,0.3,equal,5,0.2515862535529632,0.3033795873841603,,-0.30403245544173985,0.31645569620253167,32.2365090597698,0.15218933182309857,2404
blend,252,2,0.3,equal,10,0.3558494410121596,0.44241579194206204,,-0.2674395772788214,0.34177215189873417,24.3740606287029,0.11551672470696786,2404
blend,252,2,0.3,equal,21,0.019569928201473717,0.021675973384895728,,-0.3082214031794167,0.3924050632911392,17.093709421722757,0.0805499346075435,2404
blend,252,2,0.3,rank,1,0.2284633870695224,0.2944593280341915,,-0.32241667461641554,0.3670886075949367,75.32868840003177,0.3375958576841842,2404
blend,252,2,0.3,rank,5,0.18982552448504125,0.23100835049272034,,-0.3530823162332788,0.34177215189873417,33.06392270043985,0.15201645187530188,2404
blend,252,2,0.3,rank,10,0.28187817720721114,0.35376305440119865,,-0.3085850701899674,0.35443037974683544,24.298149816919178,0.11338081128584776,2404
blend,252,2,0.3,rank,21,0.046728411495733715,0.05342873908370856,,-0.3324906227899025,0.3924050632911392,16.928080425509997,0.07907461721652151,2404
blend,252,2,0.3,volinv,1,0.34672399946375326,0.42883702838738896,,-0.3024807764539007,0.379746835443038,87.2968232683131,0.3926567932177658,2404
blend,252,2,0.3,volinv,5,0.4771714665132625,0.5656163016568531,,-0.2629998598505707,0.3670886075949367,38.207952910431636,0.1738169097641895,2404
blend,252,2,0.3,volinv,10,0.49797449279819866,0.5927391219569851,,-0.2613743025843178,0.3670886075949367,27.994692057526514,0.1281891556975488,2404
blend,252,2,0.3,volinv,21,0.15700571248155645,0.16434570040181362,,-0.2949407330786068,0.43037974683544306,19.022243327904334,0.0873719859105232,2404
blend,252,7,0.1,equal,1,-0.32127475449924053,-0.3791745118784275,,-0.4934800292712792,0.35443037974683544,111.9725348371355,0.590160604350886,2404
blend,252,7,0.1,equal,5,0.003605034241816228,0.004507034319312042,,-0.4589905031429313,0.4050632911392405,48.76368704322115,0.25619613168807576,2404
blend,252,7,0.1,equal,10,0.020568189391071454,0.02569384600381409,,-0.40173228246217785,0.34177215189873417,35.098341388690805,0.184868027996474,2404
blend,252,7,0.1,equal,21,-0.26075425863786367,-0.28805819966659996,,-0.5728244772944546,0.35443037974683544,22.368588127531552,0.11649267074014058,2404
blend,252,7,0.1,rank,1,-0.3342762694754168,-0.3865659568665668,,-0.47966180005493764,0.35443037974683544,113.54177311368971,0.5870018251897466,2404
blend,252,7,0.1,rank,5,0.03362751979626648,0.04130907704204887,,-0.44645444738022877,0.3924050632911392,48.87090683702036,0.2539650872580627,2404
blend,252,7,0.1,rank,10,0.03203418650009067,0.03926386169823065,,-0.396017960732434,0.34177215189873417,35.04481836149679,0.18317226877268344,2404
blend,252,7,0.1,rank,21,-0.2362606743152251,-0.262364827307401,,-0.5644210980673721,0.34177215189873417,22.243062382900405,0.11539449803070237,2404
blend,252,7,0.1,volinv,1,-0.35029866814377886,-0.39856735511604074,,-0.5416105516017541,0.3670886075949367,135.814366292646,0.6729485274992737,2404
blend,252,7,0.1,volinv,5,0.1206259441868601,0.14667224926678524,,-0.4918529586994914,0.3924050632911392,56.23396339097565,0.27944198192179165,2404
blend,252,7,0.1,volinv,10,0.05798684605916993,0.06899008554114146,,-0.4413938704027087,0.3924050632911392,38.66870716551402,0.19386960605434922,2404
blend,252,7,0.1,volinv,21,-0.325381906798444,-0.34374481243539134,,-0.5760615798894057,0.3670886075949367,24.204882153787924,0.12227323694680406,2404
blend,252,7,0.2,equal,1,0.24132880032712795,0.31310567932180855,,-0.3162600729681867,0.3670886075949367,82.8785585555868,0.40318834281015337,2404
blend,252,7,0.2,equal,5,0.27834544866817934,0.3418230628619475,,-0.34555409982345864,0.35443037974683544,36.17313020042235,0.1765619583993348,2404
blend,252,7,0.2,equal,10,0.1946261019731496,0.24378815560689215,,-0.3545317099525729,0.3670886075949367,26.352836067992254,0.1297052937672803,2404
blend,252,7,0.2,equal,21,-0.11794885709247828,-0.13138894968207865,,-0.4257062700261446,0.35443037974683544,18.757521175063296,0.0909996000613199,2404
blend,252,7,0.2,rank,1,0.15556539041493764,0.20396483282250855,,-0.3398534756194779,0.3670886075949367,85.75476606641664,0.4029892149329145,2404
blend,252,7,0.2,rank,5,0.275995315089784,0.34662187070267025,,-0.35765818904559366,0.35443037974683544,36.545141453340314,0.17501355289373502,2404
blend,252,7,0.2,rank,10,0.1968356133336491,0.25260239679815555,,-0.3695130690729391,0.3670886075949367,26.43011665198323,0.12836027543674067,2404
blend,252,7,0.2,rank,21,-0.1240305011201803,-0.1404956214291108,,-0.4461527829097067,0.35443037974683544,18.41633905671781,0.08885384016267946,2404
blend,252,7,0.2,volinv,1,0.35654359533181085,0.4346423142509806,,-0.34886230977309496,0.4050632911392405,102.3289485143338,0.4728065218518682,2404
blend,252,7,0.2,volinv,5,0.40018679605775,0.4754714045826655,,-0.3598589690981133,0.379746835443038,42.87987878706975,0.19999056525797715,2404
blend,252,7,0.2,volinv,10,0.23238755787258886,0.27852714732703704,,-0.39903386576824307,0.3670886075949367,30.08460208301009,0.14192867757441338,2404
blend,252,7,0.2,volinv,21,-0.11092873535018001,-0.1178792933676478,,-0.4096939157848184,0.379746835443038,20.562410675598176,0.09711551506697524,2404
blend,252,7,0.3,equal,1,0.27414241674297674,0.3606543445520217,,-0.3233901778197751,0.3291139240506329,71.91543158872976,0.3375926075654472,2404
blend,252,7,0.3,equal,5,0.27736804826689654,0.3474913930735276,,-0.33744104068454406,0.4050632911392405,33.238549095586656,0.15719297406929783,2404
blend,252,7,0.3,equal,10,0.2524312523909426,0.3248236813048326,,-0.3504486985437665,0.43037974683544306,24.741656318657082,0.11728642798436843,2404
blend,252,7,0.3,equal,21,-0.1489698543009179,-0.1667974497033152,,-0.41315230104376666,0.45569620253164556,17.218652648353657,0.0810564954715417,2404
blend,252,7,0.3,rank,1,0.17876693714882602,0.2355043253134736,,-0.3514117179625863,0.34177215189873417,75.65576221136232,0.339731861584817,2404
blend,252,7,0.3,rank,5,0.2812876064536182,0.3564497949402601,,-0.3552817509909747,0.3924050632911392,33.644501350055734,0.15508086038298274,2404
blend,252,7,0.3,rank,10,0.2513448876616562,0.3268129563095089,,-0.3689049389692727,0.3924050632911392,24.594635451013485,0.11482261807816849,2404
blend,252,7,0.3,rank,21,-0.16472748281114907,-0.1863285367503159,,-0.4537923543596769,0.4177215189873418,17.04092998249239,0.07947674871520265,2404
blend,252,7,0.3,volinv,1,0.39305846504281927,0.49506494772368476,,-0.31830798072958677,0.379746835443038,88.246218479332,0.3968595044892129,2404
blend,252,7,0.3,volinv,5,0.4928084086636976,0.60235081550046,,-0.3118327641736658,0.43037974683544306,39.24032607640686,0.17843518332489283,2404
blend,252,7,0.3,volinv,10,0.38500431263087664,0.4734838670550405,,-0.3530857737969487,0.4177215189873418,28.275834111205242,0.12946639116051495,2404
blend,252,7,0.3,volinv,21,0.04294944054242351,0.04587531119782971,,-0.38199736698832865,0.46835443037974683,18.981975928191652,0.08718079072823151,2404
PLACEBO,0,0,0.3,equal,5,-0.4059941691978335,-0.5451883254703657,,-0.5506410555771695,0.46835443037974683,206.0613766567828,0.8143093964102562,2404
PLACEBO,0,0,0.3,equal,5,-1.0034285620537013,-1.334520994366112,,-0.7278498503736621,0.43037974683544306,204.84045215290578,0.8094845703708256,2404
PLACEBO,0,0,0.3,equal,5,-0.16670794701979424,-0.20943138374014558,,-0.35585829207615916,0.4810126582278481,208.7858214440872,0.8250758050710996,2404
PLACEBO,0,0,0.3,equal,5,-0.7425051666666814,-1.1000265600698158,,-0.6591966408752834,0.3037974683544304,204.74615886089344,0.8091119439478157,2404
PLACEBO,0,0,0.3,equal,5,-0.6493034158548252,-0.8674499185837147,,-0.6107758306688366,0.4430379746835443,205.7405860828879,0.8130417023724863,2404
PLACEBO,0,0,0.3,equal,5,-0.6999181678177776,-1.0074035144246811,,-0.6121405340135508,0.379746835443038,206.5272828287347,0.816150555485389,2404
PLACEBO,0,0,0.3,equal,5,-0.04198198893437874,-0.060175972680541374,,-0.3794159842072782,0.4810126582278481,204.41876967007283,0.8078181736222275,2404
PLACEBO,0,0,0.3,equal,5,-0.1935844001770231,-0.24670303895840764,,-0.4361017433721781,0.4936708860759494,207.03681209710567,0.818164103476343,2404
PLACEBO,0,0,0.3,equal,5,-0.33753113580681815,-0.4776827289157281,,-0.40820261093897015,0.4050632911392405,206.28867501640852,0.8152076297086785,2404
PLACEBO,0,0,0.3,equal,5,-0.6773231133590819,-0.8968081403602481,,-0.5866361812755814,0.379746835443038,205.97167699942568,0.8139549230245797,2404
PLACEBO,0,0,0.3,equal,5,-0.7324597047845385,-1.067102024872942,,-0.6713356434859776,0.4177215189873418,205.22325576818906,0.8109973263562628,2404
PLACEBO,0,0,0.3,equal,5,-0.45811848369616526,-0.6392027672541143,,-0.5823102710172329,0.4050632911392405,206.01327113267314,0.8141192939226513,2404
PLACEBO,0,0,0.3,equal,5,-0.05976171117473629,-0.0795857821397485,,-0.4821768659911979,0.5189873417721519,206.247049137899,0.815043133360289,2404
PLACEBO,0,0,0.3,equal,5,0.1356997575013388,0.20393201076670434,,-0.3250141944706909,0.4177215189873418,206.98373885237095,0.8179543696456434,2404
PLACEBO,0,0,0.3,equal,5,-0.3808324785508588,-0.5251720856584446,,-0.4593012009222419,0.45569620253164556,206.3416517220755,0.8154169820381416,2404
PLACEBO,0,0,0.3,equal,5,-0.40172670062856886,-0.5812279590412512,,-0.4480393132135885,0.4810126582278481,206.28938559605777,0.8152104377637088,2404
PLACEBO,0,0,0.3,equal,5,0.021105345126093692,0.03269004456592671,,-0.4415027819907278,0.45569620253164556,205.96228066460645,0.8139177907688449,2404
PLACEBO,0,0,0.3,equal,5,-0.8582954980189083,-1.1893513626580952,,-0.6934712488686015,0.35443037974683544,205.93487426841682,0.8138094866979848,2404
PLACEBO,0,0,0.3,equal,5,-0.7010359415917903,-0.9868801973958683,,-0.7319224485601958,0.3670886075949367,204.93913213412335,0.8098745320281082,2404
PLACEBO,0,0,0.3,equal,5,-0.649086874532139,-0.8936207663570569,,-0.6990965380318601,0.4050632911392405,205.703845338733,0.812896511004352,2404
PLACEBO,0,0,0.3,equal,5,-0.12370990669347626,-0.14430444717720775,,-0.49636985349987794,0.4430379746835443,207.51715985693767,0.8200623325414984,2404
PLACEBO,0,0,0.3,equal,5,-0.5051282415102429,-0.7965079638097026,,-0.6047906102498057,0.379746835443038,206.57165621933638,0.816325909399372,2404
PLACEBO,0,0,0.3,equal,5,-0.6912005084539898,-0.9022139037408352,,-0.6676620449611328,0.3924050632911392,207.43897720249572,0.819753371827068,2404
PLACEBO,0,0,0.3,equal,5,-0.4498274946086441,-0.6675810620422222,,-0.5638762723357236,0.4177215189873418,206.61957576189698,0.8165152769286581,2404
