signal,lookback_d,skip_d,top_frac,weighting,rebal_d,sharpe,sortino,mc_p5,max_dd,months_in_profit,ann_turnover,cost_drag,n_obs
raw,10,0,0.1,equal,1,-0.46215236499181406,-0.666422392871092,,-0.7675696055231949,0.42045454545454547,289.33932951757976,1.5021424925524585,3669
raw,10,0,0.1,equal,5,-0.06697205818310353,-0.09812133655724842,,-0.5497069397329284,0.4659090909090909,124.82011447260832,0.6467454877111676,3669
raw,10,0,0.1,equal,10,0.03882924206060474,0.05916608923012535,,-0.4338807609662896,0.44886363636363635,85.3442354865086,0.4405269255030776,3669
raw,10,0,0.1,equal,21,0.007144539760732949,0.010906255484645999,,-0.6070542618631356,0.4943181818181818,39.92722812755519,0.20407993995505366,3669
raw,10,0,0.1,rank,1,-0.47000538054412777,-0.6779089512056826,,-0.7728412233048279,0.42045454545454547,292.33762717106333,1.5122524468346805,3669
raw,10,0,0.1,rank,5,-0.06842314327000039,-0.10004525317243637,,-0.5619753352707921,0.4659090909090909,125.62891439443561,0.652465921950282,3669
raw,10,0,0.1,rank,10,0.03287038526828758,0.049878256415568686,,-0.44123540817752593,0.42613636363636365,85.6641089462954,0.44289737762102577,3669
raw,10,0,0.1,rank,21,0.029431253177025222,0.04497035884154468,,-0.5982988301176921,0.4943181818181818,40.09027983164547,0.2062935993029011,3669
raw,10,0,0.1,volinv,1,-0.6531633425256995,-0.9496718911923688,,-0.8412697077261447,0.3977272727272727,355.5838699501981,1.7723948761029888,3669
raw,10,0,0.1,volinv,5,-0.07432230312888459,-0.11001194383126887,,-0.4710531841001744,0.4659090909090909,138.60903060839996,0.7024890698887324,3669
raw,10,0,0.1,volinv,10,0.004850418283340615,0.0074825223802550125,,-0.4251865968179215,0.44886363636363635,88.92713070224247,0.44479809490636657,3669
raw,10,0,0.1,volinv,21,-0.12585146210881026,-0.19092855744000808,,-0.7072323094069946,0.4715909090909091,41.92910192836395,0.20458945592163996,3669
raw,10,0,0.2,equal,1,-0.6581104637885811,-0.9444516234202218,,-0.854760361618806,0.3693181818181818,243.30981193785772,1.1790536769856534,3669
raw,10,0,0.2,equal,5,-0.2645950601919865,-0.3859505830797049,,-0.6381071305036972,0.4602272727272727,109.07465249386752,0.5285915215934451,3669
raw,10,0,0.2,equal,10,-0.18262698145713513,-0.28065202384030113,,-0.5972719779821773,0.4431818181818182,76.63254292722812,0.37044908703967105,3669
raw,10,0,0.2,equal,21,-0.0776110720173455,-0.11704523683848655,,-0.6111843878284343,0.4602272727272727,36.35878986099754,0.17263206550267277,3669
raw,10,0,0.2,rank,1,-0.6396222320063297,-0.9198130345607428,,-0.848440926887231,0.375,251.24447288801753,1.209176751278325,3669
raw,10,0,0.2,rank,5,-0.2401610854982847,-0.35036367199153773,,-0.6335990824716713,0.4715909090909091,111.69961745549698,0.5428302984796468,3669
raw,10,0,0.2,rank,10,-0.14408042082572484,-0.22130505485236104,,-0.5596195301475055,0.44886363636363635,78.00919369374067,0.37880539178792577,3669
raw,10,0,0.2,rank,21,-0.05765064253552104,-0.08724244641550237,,-0.5977411909646457,0.4659090909090909,36.973852861719074,0.17618133035736605,3669
raw,10,0,0.2,volinv,1,-0.8295452156136348,-1.1770893017482997,,-0.8971387864091448,0.3522727272727273,315.7412769952719,1.4780297744895776,3669
raw,10,0,0.2,volinv,5,-0.3596725004623164,-0.5189328781389826,,-0.6970621514678357,0.4659090909090909,125.9542959655019,0.5962724341403477,3669
raw,10,0,0.2,volinv,10,-0.3555880856947179,-0.5394168856545681,,-0.7229189928829063,0.4431818181818182,82.85506440084704,0.39074631025408346,3669
raw,10,0,0.2,volinv,21,-0.15953719992932888,-0.23445845968395324,,-0.6431586394533125,0.48295454545454547,39.418408893526426,0.18683066141651059,3669
raw,10,0,0.3,equal,1,-0.5237338918138681,-0.7535402097939473,,-0.8113751206682903,0.39204545454545453,207.923702164379,0.9827972570080127,3669
raw,10,0,0.3,equal,5,-0.18362508147163956,-0.27189697963756254,,-0.6296247082491078,0.4772727272727273,94.13256781257776,0.44560749469834526,3669
raw,10,0,0.3,equal,10,-0.25216299049001417,-0.3839972596842783,,-0.6457148932774764,0.4431818181818182,68.6803299086352,0.32775807228255216,3669
raw,10,0,0.3,equal,21,0.0029851685707977874,0.004417788310443262,,-0.569495020276542,0.4943181818181818,32.320865880892896,0.15115919237765835,3669
raw,10,0,0.3,rank,1,-0.5559306901214275,-0.8010527677411763,,-0.8229138074215587,0.3806818181818182,224.46025742228807,1.0538371863995408,3669
raw,10,0,0.3,rank,5,-0.18975206358121718,-0.2787200657227122,,-0.6247423634052428,0.4943181818181818,100.58467552107889,0.47778027015760843,3669
raw,10,0,0.3,rank,10,-0.1967474966235866,-0.30025869489746365,,-0.604349620388711,0.44886363636363635,72.14918482248473,0.34540977736009837,3669
raw,10,0,0.3,rank,21,-6.900823620160615e-05,-0.00010316336002145784,,-0.5476023522683149,0.4943181818181818,33.99143804495292,0.15952627428358077,3669
raw,10,0,0.3,volinv,1,-0.7114556277621145,-0.9901611311076404,,-0.866028400061908,0.36363636363636365,280.36279936770467,1.281567698907621,3669
raw,10,0,0.3,volinv,5,-0.23505711611817492,-0.33451478071847096,,-0.6577092010744872,0.4659090909090909,112.31767946781495,0.5174419986980243,3669
raw,10,0,0.3,volinv,10,-0.4639827286732389,-0.6723564090786562,,-0.7838618461184611,0.44886363636363635,76.20962149838523,0.3529925480751719,3669
raw,10,0,0.3,volinv,21,-0.12996922615533524,-0.186889690083225,,-0.6196195521277436,0.4659090909090909,36.44496247561372,0.16758314483424683,3669
raw,10,2,0.1,equal,1,-0.6208290764247798,-0.9018141295683235,,-0.8410142838361899,0.3465909090909091,289.0891251022077,1.5150771993667305,3669
raw,10,2,0.1,equal,5,-0.2786257811819804,-0.4065899208851389,,-0.6743689829973165,0.42613636363636365,125.39165985282092,0.6307059599964946,3669
raw,10,2,0.1,equal,10,-0.21902684234337777,-0.3229443035321209,,-0.5970762484136873,0.42045454545454547,85.1210139002453,0.4390228547927683,3669
raw,10,2,0.1,equal,21,0.12116177358693003,0.18016369940302399,,-0.4083262342689903,0.5170454545454546,40.358953393295174,0.2056663439949022,3669
raw,10,2,0.1,rank,1,-0.6139527131221214,-0.8960256061363032,,-0.8392074424893707,0.3522727272727273,292.0837289658057,1.524105568643912,3669
raw,10,2,0.1,rank,5,-0.2624375918385054,-0.3828520713267874,,-0.66314200526423,0.4375,126.1997822597706,0.634438115391482,3669
raw,10,2,0.1,rank,10,-0.21916124398356518,-0.3229758290568908,,-0.5967947455333469,0.42045454545454547,85.41536748020486,0.441920392633061,3669
raw,10,2,0.1,rank,21,0.12576832107220837,0.18737510376958078,,-0.3940322460138458,0.5170454545454546,40.52825312827585,0.20596694517097117,3669
raw,10,2,0.1,volinv,1,-0.7727061102127539,-1.1004959896639146,,-0.8898161161483785,0.35795454545454547,355.50331745426746,1.799655716931398,3669
raw,10,2,0.1,volinv,5,-0.35017602883667526,-0.5150136808371829,,-0.7384413446907027,0.39204545454545453,138.95480224710352,0.689522570218889,3669
raw,10,2,0.1,volinv,10,-0.291090120625921,-0.43449793667941394,,-0.675972179884435,0.45454545454545453,88.94732338115365,0.45314855912844704,3669
raw,10,2,0.1,volinv,21,0.02038443131970184,0.03020292473513174,,-0.5398551074994279,0.5,42.42993040421346,0.2158915480661499,3669
raw,10,2,0.2,equal,1,-0.5036121175825077,-0.7456290031947628,,-0.783942266265727,0.42613636363636365,243.1501226492232,1.1717387715777345,3669
raw,10,2,0.2,equal,5,-0.20698168913264822,-0.2991582782672704,,-0.6736069728335041,0.4715909090909091,108.29795584627963,0.5234622143351957,3669
raw,10,2,0.2,equal,10,-0.06555691972473962,-0.09638108030275007,,-0.5184743863728001,0.4715909090909091,75.73736713000818,0.36686248755249223,3669
raw,10,2,0.2,equal,21,0.06603898787762398,0.09743696877799261,,-0.3771110075683204,0.5113636363636364,36.43205233033524,0.17892136660089789,3669
raw,10,2,0.2,rank,1,-0.5137873273643213,-0.7590186552910133,,-0.7915695804118524,0.42045454545454547,251.07085961552525,1.2045881062310362,3669
raw,10,2,0.2,rank,5,-0.21049657874737446,-0.3045115128906686,,-0.6646767059455584,0.45454545454545453,111.04505583301923,0.5361332728586021,3669
raw,10,2,0.2,rank,10,-0.09163236357082957,-0.13466907685704307,,-0.5270933532624134,0.45454545454545453,77.22201185863588,0.3758393461473667,3669
raw,10,2,0.2,rank,21,0.09102414189060908,0.1343819600174708,,-0.3762069805513265,0.5,37.065006626522845,0.18223781227261474,3669
raw,10,2,0.2,volinv,1,-0.776251081664721,-1.111946290583537,,-0.8834473050479161,0.35795454545454547,315.8414903885912,1.4773905964527256,3669
raw,10,2,0.2,volinv,5,-0.320920412308664,-0.4508974263316963,,-0.7668976007264451,0.4772727272727273,125.1592765779193,0.587437755409851,3669
raw,10,2,0.2,volinv,10,-0.129304970428669,-0.1867258802230359,,-0.5999696604556455,0.45454545454545453,82.20972824537121,0.3883886711016843,3669
raw,10,2,0.2,volinv,21,-0.025143083842682858,-0.03660978828599862,,-0.46291290779346783,0.44886363636363635,39.61072164687955,0.18780093282185162,3669
raw,10,2,0.3,equal,1,-0.5223302143978038,-0.7813347295724736,,-0.800199066002308,0.4090909090909091,207.75398407983994,0.9808167794700636,3669
raw,10,2,0.3,equal,5,-0.15149678265020158,-0.21966725165284032,,-0.6171230022985483,0.4602272727272727,93.61861747339367,0.44211063570708353,3669
raw,10,2,0.3,equal,10,-0.15564615801680168,-0.22486693073652333,,-0.6043739815345297,0.44886363636363635,67.43151519460666,0.32214640797086835,3669
raw,10,2,0.3,equal,21,0.12495525752913793,0.18310760074830018,,-0.3495462367802704,0.48863636363636365,32.42626664813731,0.15244379098446365,3669
raw,10,2,0.3,rank,1,-0.5394916811306123,-0.8021652616507013,,-0.8075461915960751,0.3977272727272727,224.28316422503772,1.052285520167111,3669
raw,10,2,0.3,rank,5,-0.1768611525903528,-0.25591218616952865,,-0.6335514991612499,0.4772727272727273,100.09336312642687,0.47336659158125277,3669
raw,10,2,0.3,rank,10,-0.1375693553071609,-0.2000962374763476,,-0.5792278140198704,0.45454545454545453,71.1010343051893,0.34121782366635256,3669
raw,10,2,0.3,rank,21,0.12307059459588823,0.18177849136165908,,-0.3626972184130193,0.4943181818181818,34.11962592855601,0.16184440366687158,3669
raw,10,2,0.3,volinv,1,-0.7714554405145786,-1.093926014638329,,-0.8909006893197411,0.3693181818181818,280.5206518328726,1.282516753654008,3669
raw,10,2,0.3,volinv,5,-0.3062302815603556,-0.4295395688852787,,-0.7335366033720084,0.4943181818181818,111.84149266537929,0.5138595658960141,3669
raw,10,2,0.3,volinv,10,-0.306156890825644,-0.42720723519099885,,-0.7079664637800112,0.42613636363636365,75.24442969308834,0.3481300847561057,3669
raw,10,2,0.3,volinv,21,0.11457723802531482,0.16590339498159987,,-0.3759136237572014,0.5,36.688932794164,0.16954439043969122,3669
raw,10,7,0.1,equal,1,-0.007910124457649187,-0.012388145492549392,,-0.4673283383575906,0.4772727272727273,288.6892886345053,1.5065001020932192,3669
raw,10,7,0.1,equal,5,0.16484026043018907,0.25389246988293346,,-0.3983965322179901,0.5,125.13409648405559,0.63031739442219,3669
raw,10,7,0.1,equal,10,0.13126042092429696,0.20102306504026765,,-0.4501396302705295,0.4602272727272727,85.13573180703187,0.44509729169474443,3669
raw,10,7,0.1,equal,21,-0.11441268680973403,-0.17013735281410464,,-0.6149579758960644,0.4659090909090909,41.20768601798856,0.2153109068439116,3669
raw,10,7,0.1,rank,1,-0.005072956490647661,-0.007927325144686517,,-0.47272349348829845,0.4772727272727273,291.6800338597647,1.5152358138074766,3669
raw,10,7,0.1,rank,5,0.15470149429392574,0.23806168034067024,,-0.39194994442060327,0.5,125.94052598623405,0.6353394391770375,3669
raw,10,7,0.1,rank,10,0.14447034922228272,0.22111591494401542,,-0.4451413883297122,0.4602272727272727,85.41583149022473,0.4453294979201145,3669
raw,10,7,0.1,rank,21,-0.09879381136199077,-0.14723158513449827,,-0.6065245084151749,0.4602272727272727,41.333453179456896,0.21610344835504214,3669
raw,10,7,0.1,volinv,1,-0.2079594239634778,-0.32461543265778414,,-0.6048178042171917,0.42613636363636365,355.88652613042007,1.7570782635410165,3669
raw,10,7,0.1,volinv,5,-0.012521188477990925,-0.019197507707692255,,-0.47116589610338455,0.48295454545454547,138.82316880112757,0.6826967987985099,3669
raw,10,7,0.1,volinv,10,-0.054039856478735604,-0.0816220295266403,,-0.5138715617026158,0.4715909090909091,89.29639756186491,0.45064753660021306,3669
raw,10,7,0.1,volinv,21,-0.16050210664414594,-0.2361587598272212,,-0.6559206711454718,0.4375,43.047604958383154,0.21846949318747777,3669
raw,10,7,0.2,equal,1,-0.1696742446186566,-0.26354854699485775,,-0.6188764116461547,0.4375,242.81414554374487,1.172892666503921,3669
raw,10,7,0.2,equal,5,0.019928118473605934,0.030178350863272745,,-0.43662744937593523,0.4659090909090909,108.1210956663941,0.5141874808401604,3669
raw,10,7,0.2,equal,10,-0.027732476614243513,-0.04137150196727017,,-0.3865406005514519,0.4943181818181818,76.49860997547015,0.37406455346033507,3669
raw,10,7,0.2,equal,21,-0.21226734934209993,-0.3052367199825398,,-0.6734917923801099,0.4375,37.252248569092394,0.17895096552364942,3669
raw,10,7,0.2,rank,1,-0.13818108130410298,-0.21549038445703217,,-0.5818542815530408,0.45454545454545453,250.72170585120517,1.2056781130629712,3669
raw,10,7,0.2,rank,5,0.04143323768325164,0.06292350605090981,,-0.43438491906484544,0.4772727272727273,110.8545407062817,0.5272925741408545,3669
raw,10,7,0.2,rank,10,0.018850793368266925,0.028189761074677813,,-0.34393794014009205,0.4943181818181818,77.8910183395511,0.3816593995874838,3669
raw,10,7,0.2,rank,21,-0.1870518231568561,-0.27029566584666287,,-0.6620583840881991,0.45454545454545453,37.890073462160224,0.18302137556787246,3669
raw,10,7,0.2,volinv,1,-0.41403994382916254,-0.6308628310283999,,-0.7883116125169922,0.4431818181818182,315.6758526174557,1.473930991683126,3669
raw,10,7,0.2,volinv,5,-0.10096109581243567,-0.14774534673916212,,-0.47849541054958034,0.4318181818181818,125.04974782979377,0.5842766712998896,3669
raw,10,7,0.2,volinv,10,-0.1235400638763804,-0.17786322621496564,,-0.5086883336483419,0.4772727272727273,82.8137243139013,0.3910208149938186,3669
raw,10,7,0.2,volinv,21,-0.33941487039060936,-0.4784011107420373,,-0.7506917156851384,0.4375,40.1188358845713,0.19225452215313993,3669
raw,10,7,0.3,equal,1,-0.25592086043201934,-0.39774772468835057,,-0.6691466558374322,0.42045454545454547,207.43818899291895,0.9723657786431585,3669
raw,10,7,0.3,equal,5,-0.17585964536492651,-0.26035347691304506,,-0.5577677400230464,0.45454545454545453,93.46084435668138,0.43968799537446807,3669
raw,10,7,0.3,equal,10,-0.035075825214928955,-0.052937269512205634,,-0.3817031486958078,0.4943181818181818,68.25241501006725,0.32380067038061267,3669
raw,10,7,0.3,equal,21,-0.17683210512564027,-0.2527977408910577,,-0.6587757491703876,0.4659090909090909,33.180948810512604,0.15742232589221972,3669
raw,10,7,0.3,rank,1,-0.19448357026985466,-0.30476183025078263,,-0.6237192914716798,0.4318181818181818,223.95581781127515,1.046533604796544,3669
raw,10,7,0.3,rank,5,-0.08485240616774256,-0.12697716394373507,,-0.4951115446886387,0.4659090909090909,99.9171416705154,0.4691382572066076,3669
raw,10,7,0.3,rank,10,0.005992854319289809,0.009002256759649689,,-0.3403115829623372,0.4943181818181818,71.82353072872328,0.3429946770740996,3669
raw,10,7,0.3,rank,21,-0.16067114697678248,-0.23116841491804174,,-0.6504167507899467,0.4772727272727273,34.862956117589924,0.1657668286061796,3669
raw,10,7,0.3,volinv,1,-0.6276394821466038,-0.9176714537915001,,-0.8682477224251308,0.375,280.4717330035681,1.280428050142969,3669
raw,10,7,0.3,volinv,5,-0.44828293622880566,-0.6263685954000519,,-0.761014177428989,0.4375,111.89539150485712,0.5144070284986841,3669
raw,10,7,0.3,volinv,10,-0.13299422182197823,-0.19012520977665287,,-0.5122736242452628,0.4659090909090909,76.64258841160625,0.3535880738118632,3669
raw,10,7,0.3,volinv,21,-0.2587919202652238,-0.3522172342854481,,-0.6645550408220275,0.45454545454545453,37.1957219492171,0.171745600230351,3669
raw,20,0,0.1,equal,1,-0.06750657455761275,-0.10074832848333072,,-0.5878445624937569,0.42613636363636365,210.895611883347,1.0675949186063989,3669
raw,20,0,0.1,equal,5,-0.1475348780237762,-0.22093725188786995,,-0.604550247295705,0.42045454545454547,91.49141455437449,0.4607565750868534,3669
raw,20,0,0.1,equal,10,-0.05430684214453093,-0.0820603099300878,,-0.4447239049465035,0.4659090909090909,63.08830744071953,0.32092518780228363,3669
raw,20,0,0.1,equal,21,0.0968037383499677,0.14842074454919388,,-0.4729611722111354,0.4943181818181818,40.788225674570725,0.21555355886541405,3669
raw,20,0,0.1,rank,1,-0.06033103156664758,-0.08994567073823909,,-0.5888603102372201,0.4375,213.02345169476487,1.0735164350757107,3669
raw,20,0,0.1,rank,5,-0.14204768092367331,-0.21305116885042705,,-0.6070089116723474,0.4318181818181818,92.16080915594243,0.46325938519716064,3669
raw,20,0,0.1,rank,10,-0.03647332841627685,-0.055278440986600584,,-0.4311426961384086,0.4659090909090909,63.443398795857306,0.32327880101787454,3669
raw,20,0,0.1,rank,21,0.11055207293590548,0.16970202700664574,,-0.46384863893477934,0.4659090909090909,40.912267969900334,0.21678830836096388,3669
raw,20,0,0.1,volinv,1,-0.29668075843147096,-0.4404128592234712,,-0.6612470296383719,0.4431818181818182,274.4795462023196,1.3505796116395588,3669
raw,20,0,0.1,volinv,5,-0.1888978494254398,-0.2849577371007741,,-0.5729247278091855,0.4318181818181818,108.36089649659863,0.552193644632484,3669
raw,20,0,0.1,volinv,10,-0.14845969674913165,-0.22441595298686437,,-0.5165066345683549,0.42045454545454547,70.65484464590507,0.3513098439362867,3669
raw,20,0,0.1,volinv,21,-0.09658093758483438,-0.14683290937775673,,-0.629352011532753,0.45454545454545453,42.83960042002218,0.21324168649468733,3669
raw,20,0,0.2,equal,1,-0.31624840330427617,-0.4670193784871154,,-0.6582939084614203,0.4147727272727273,174.14728007310853,0.8381022616398033,3669
raw,20,0,0.2,equal,5,-0.15656438341489246,-0.23506667143532603,,-0.5296394287761046,0.4602272727272727,77.20891251022076,0.3711086918116733,3669
raw,20,0,0.2,equal,10,-0.18159748016353255,-0.26810962426273016,,-0.5684456117569716,0.45454545454545453,54.32641046606703,0.2631074445327022,3669
raw,20,0,0.2,equal,21,-0.11925666848513769,-0.17492299945020423,,-0.663272959298518,0.4602272727272727,36.575715453802125,0.18030613748693702,3669
raw,20,0,0.2,rank,1,-0.26860894730781226,-0.3970271154766779,,-0.6339627942888352,0.4318181818181818,180.10429161951302,0.8573417807235055,3669
raw,20,0,0.2,rank,5,-0.1448415700840225,-0.21750141486574684,,-0.5395814888681268,0.4602272727272727,79.49387055062604,0.38102394287914565,3669
raw,20,0,0.2,rank,10,-0.13978027243668115,-0.20802796037727223,,-0.529808708035989,0.4431818181818182,55.70971270183391,0.2696379205165839,3669
raw,20,0,0.2,rank,21,-0.07281325772321855,-0.10772048224298554,,-0.637104394205599,0.4772727272727273,37.249645522759,0.18454215781176697,3669
raw,20,0,0.2,volinv,1,-0.5798892117578259,-0.8398808942535949,,-0.8179888444992427,0.4034090909090909,240.68350655526527,1.124327600254012,3669
raw,20,0,0.2,volinv,5,-0.3162224860683988,-0.4637410382758428,,-0.6679622545029401,0.4602272727272727,95.76372009252927,0.4525271586783398,3669
raw,20,0,0.2,volinv,10,-0.30887863409424177,-0.44886576986497667,,-0.6674014083428332,0.3977272727272727,63.912626647926494,0.3010390447649149,3669
raw,20,0,0.2,volinv,21,-0.3550341236729521,-0.5121811661860595,,-0.7652351941438872,0.42045454545454547,39.842378677143074,0.18891282022393457,3669
raw,20,0,0.3,equal,1,-0.39806187917915686,-0.5855514140911785,,-0.7198445236107947,0.4147727272727273,146.91747113137848,0.6891439203280894,3669
raw,20,0,0.3,equal,5,-0.13726053469945756,-0.20666314747394499,,-0.4878557651947998,0.4943181818181818,66.04350088391469,0.3114558887520783,3669
raw,20,0,0.3,equal,10,-0.1972286716580872,-0.2914822736040939,,-0.605934912006659,0.4431818181818182,47.21300566545686,0.22454788227577188,3669
raw,20,0,0.3,equal,21,-0.10134075443477863,-0.14722872412493607,,-0.6675961057126678,0.5,32.633923579353564,0.15414786571986439,3669
raw,20,0,0.3,rank,1,-0.32173739370644217,-0.47208325804184137,,-0.6660089606805468,0.4318181818181818,159.43380095665785,0.7399548968743084,3669
raw,20,0,0.3,rank,5,-0.1333001541732038,-0.19980238185583207,,-0.4831695012653575,0.4715909090909091,71.16243622342789,0.33478963835686565,3669
raw,20,0,0.3,rank,10,-0.16100943466911413,-0.23964343015181006,,-0.5686923591069115,0.4431818181818182,50.451619989414,0.23997248712907682,3669
raw,20,0,0.3,rank,21,-0.0661323981615476,-0.09724040185236353,,-0.6390202738640887,0.5,34.328064686941346,0.16368883007319893,3669
raw,20,0,0.3,volinv,1,-0.6228196787978466,-0.8782924165504169,,-0.8270438746607842,0.39204545454545453,211.92792348609805,0.9660631825492385,3669
raw,20,0,0.3,volinv,5,-0.3474344762745455,-0.4973727995478952,,-0.6827374166584671,0.42045454545454547,85.87767373006928,0.3944600922994172,3669
raw,20,0,0.3,volinv,10,-0.34746426322101714,-0.48940251015715475,,-0.7027997009864433,0.4318181818181818,57.80243912941694,0.2664606902093962,3669
raw,20,0,0.3,volinv,21,-0.2826983516290371,-0.39624516766150075,,-0.7072382358781153,0.48295454545454547,37.11302692157949,0.172006257560175,3669
raw,20,2,0.1,equal,1,-0.3515453762643814,-0.53692492816225,,-0.7113295102945476,0.39204545454545453,210.80239847369856,1.0783202599965729,3669
raw,20,2,0.1,equal,5,-0.08574701923856161,-0.12962212113937066,,-0.5887214969314483,0.4375,89.79885527391659,0.45887307877972916,3669
raw,20,2,0.1,equal,10,-0.008317175219716064,-0.012301794141720064,,-0.46443755102771733,0.48863636363636365,61.93049877350776,0.32011202493877733,3669
raw,20,2,0.1,equal,21,0.36064080224467276,0.5473542614269438,,-0.4069249958770371,0.5340909090909091,40.232760970291636,0.20351779021794417,3669
raw,20,2,0.1,rank,1,-0.3262784640165639,-0.4983973920520047,,-0.7058832188844062,0.4034090909090909,212.9262917934107,1.0843586286635243,3669
raw,20,2,0.1,rank,5,-0.07392613105896353,-0.11176070562494318,,-0.5877449173879202,0.4431818181818182,90.56943248211438,0.46171706925743927,3669
raw,20,2,0.1,rank,10,-0.0014282269105495204,-0.0021112484304964467,,-0.4635880912910184,0.48295454545454547,62.34650486166735,0.3218511913914932,3669
raw,20,2,0.1,rank,21,0.3675628057906278,0.5569163929759717,,-0.40357498595558794,0.5568181818181818,40.395948661838005,0.20464626486637777,3669
raw,20,2,0.1,volinv,1,-0.5524567673320373,-0.8371960401296661,,-0.8046279661907337,0.3522727272727273,277.48168843980733,1.3661026207881393,3669
raw,20,2,0.1,volinv,5,-0.1485036225982498,-0.22471645372310178,,-0.6286805386416614,0.4431818181818182,106.78794598814655,0.528525704146733,3669
raw,20,2,0.1,volinv,10,-0.031324564420555576,-0.04640647556058106,,-0.47705546504930063,0.45454545454545453,69.97827163426807,0.35279920246772434,3669
raw,20,2,0.1,volinv,21,0.24667363081454344,0.3741080167379099,,-0.45716063280484875,0.5,42.45298222253072,0.2086365978651944,3669
raw,20,2,0.2,equal,1,-0.34406822890435146,-0.5159167965866664,,-0.656015966007895,0.4090909090909091,174.04883362993598,0.8336603633455537,3669
raw,20,2,0.2,equal,5,-0.19980799102624386,-0.2982572402167927,,-0.6104561783992244,0.44886363636363635,76.19067865903514,0.3622086913693904,3669
raw,20,2,0.2,equal,10,-0.20237725960318292,-0.2950987411129645,,-0.6247083439533339,0.4375,53.560588716271454,0.25898520937991537,3669
raw,20,2,0.2,equal,21,0.12212644017071717,0.17858719419898947,,-0.5881180065496152,0.48863636363636365,36.55854456255109,0.17897430982682813,3669
raw,20,2,0.2,rank,1,-0.3260319794827818,-0.4900618874090194,,-0.6457909199922748,0.42613636363636365,180.00393729953484,0.8533360240869003,3669
raw,20,2,0.2,rank,5,-0.16793315548834226,-0.25108002423686465,,-0.5853421488804974,0.42045454545454547,78.48698281820398,0.371979951597075,3669
raw,20,2,0.2,rank,10,-0.15919874943292023,-0.2319781821553017,,-0.5889754026420704,0.44886363636363635,54.993806782718565,0.2659767121321799,3669
raw,20,2,0.2,rank,21,0.16238905250092955,0.23865213396879156,,-0.5710474204231988,0.5,37.16270040973902,0.1817428941923539,3669
raw,20,2,0.2,volinv,1,-0.623967823088059,-0.9048060796325468,,-0.8255202967560311,0.3409090909090909,242.30821045350808,1.1331469845344866,3669
raw,20,2,0.2,volinv,5,-0.39245619499019296,-0.5666272479565536,,-0.751420176669553,0.42045454545454547,95.29229634628126,0.4462143441156081,3669
raw,20,2,0.2,volinv,10,-0.37651523533121345,-0.5374547620659198,,-0.7313020795400988,0.3977272727272727,63.698322073010594,0.3003506034718047,3669
raw,20,2,0.2,volinv,21,-0.013841148766956845,-0.019988375759091084,,-0.6295853786429448,0.4375,39.95094115773284,0.18935132067864788,3669
raw,20,2,0.3,equal,1,-0.3294001892376248,-0.48888370716571833,,-0.644886375120113,0.42613636363636365,146.805984764995,0.6858270398346615,3669
raw,20,2,0.3,equal,5,-0.09752602162367063,-0.1440449204894969,,-0.5244033496282805,0.4659090909090909,64.89259870919368,0.304765016520824,3669
raw,20,2,0.3,equal,10,-0.15695633491609506,-0.22619537628015265,,-0.6024362005344863,0.4602272727272727,46.33683775075221,0.21968208838899844,3669
raw,20,2,0.3,equal,21,0.025625154816330046,0.036793580242206414,,-0.6378501018007181,0.5170454545454546,32.5705564299542,0.15403003546035576,3669
raw,20,2,0.3,rank,1,-0.31949112061439205,-0.47649997636130126,,-0.6412199207365197,0.4431818181818182,159.32568391579525,0.7369165240999405,3669
raw,20,2,0.3,rank,5,-0.1091387446697178,-0.16182050674361625,,-0.5155230530188387,0.4602272727272727,69.97803556944524,0.32701150016471836,3669
raw,20,2,0.3,rank,10,-0.14203824359760964,-0.20522880623568932,,-0.5860110112305599,0.4431818181818182,49.634043578328765,0.23566702359350244,3669
raw,20,2,0.3,rank,21,0.09744034888290931,0.14093550631174706,,-0.6134507448171065,0.5227272727272727,34.23811249292806,0.16290848456589024,3669
raw,20,2,0.3,volinv,1,-0.7039446249173119,-0.9964777318686009,,-0.8555834623295633,0.38636363636363635,213.37037885584616,0.972724279713014,3669
raw,20,2,0.3,volinv,5,-0.31733572330165377,-0.441862716500942,,-0.6817519521156382,0.4318181818181818,85.45764656111308,0.39243267879488747,3669
raw,20,2,0.3,volinv,10,-0.2816224742449293,-0.3883344487889179,,-0.6705620824416443,0.4431818181818182,56.428233923957855,0.26036093214169753,3669
raw,20,2,0.3,volinv,21,-0.12644781526346413,-0.17590513091112284,,-0.6604116722045126,0.4715909090909091,36.61952992021351,0.1702361189786474,3669
raw,20,7,0.1,equal,1,-0.018026362037159783,-0.02738924450572007,,-0.4413483798952226,0.4375,210.56936494957753,1.0963469971363375,3669
raw,20,7,0.1,equal,5,0.22889857257774174,0.3412793028737867,,-0.4039574216689563,0.4715909090909091,89.74488961569908,0.4557141460056661,3669
raw,20,7,0.1,equal,10,0.4201343265838774,0.6245867315774419,,-0.3299849063233713,0.5227272727272727,61.977105478331964,0.314803569477486,3669
raw,20,7,0.1,equal,21,0.18500959655053265,0.28084463660591047,,-0.5947861557553986,0.48863636363636365,39.937040065412916,0.20361168229278484,3669
raw,20,7,0.1,rank,1,0.011977869804540396,0.018240822600244795,,-0.3949595198545123,0.45454545454545453,212.68384808784123,1.0991900496431302,3669
raw,20,7,0.1,rank,5,0.24077751980013504,0.3595375637048862,,-0.39929108437617944,0.4772727272727273,90.51088265494204,0.45818701576810583,3669
raw,20,7,0.1,rank,10,0.43401079046055346,0.6458913835233344,,-0.3220193998348083,0.5340909090909091,62.39760630852521,0.3175236467009591,3669
raw,20,7,0.1,rank,21,0.19035098814352977,0.2896106512682049,,-0.5920191861684652,0.48295454545454547,40.09360999737101,0.20458431718792008,3669
raw,20,7,0.1,volinv,1,-0.19983073150341832,-0.3046358702222368,,-0.6231292457352942,0.4431818181818182,273.86683526847054,1.344484486049514,3669
raw,20,7,0.1,volinv,5,0.13450612818363733,0.20147002866186,,-0.4665150179252061,0.48295454545454547,107.35879161916716,0.5274815983842562,3669
raw,20,7,0.1,volinv,10,0.2837996991113593,0.420354567071387,,-0.415814870767912,0.5284090909090909,70.03684507082446,0.34623264784650437,3669
raw,20,7,0.1,volinv,21,0.13888078412783653,0.2072588932535975,,-0.5904109291499869,0.4715909090909091,42.18782091576956,0.20901419956570821,3669
raw,20,7,0.2,equal,1,-0.05533155768612455,-0.08468329736581097,,-0.5084550484869433,0.4431818181818182,173.78154008946177,0.8272635792535302,3669
raw,20,7,0.2,equal,5,0.024171077280890123,0.035988455850846104,,-0.4874103846121055,0.4375,76.07563368765331,0.3645963906088291,3669
raw,20,7,0.2,equal,10,0.2525158100941331,0.37560866535878346,,-0.42626776440585923,0.48295454545454547,53.741657447934195,0.25848917939267413,3669
raw,20,7,0.2,equal,21,0.0005322935370136217,0.0007866451042282765,,-0.6423886295741714,0.4659090909090909,35.91349141455437,0.17272634514755392,3669
raw,20,7,0.2,rank,1,-0.02362425488567721,-0.03617690912614741,,-0.4683494075650072,0.44886363636363635,179.7334900474929,0.8485185850513075,3669
raw,20,7,0.2,rank,5,0.06252795797157168,0.09278740597759473,,-0.462363919274674,0.45454545454545453,78.37439171049247,0.37420109885483566,3669
raw,20,7,0.2,rank,10,0.28253833655159627,0.4173670134904737,,-0.4098719971331872,0.5,55.11030247514056,0.26508273126162024,3669
raw,20,7,0.2,rank,21,0.05064022098959884,0.07523414826485611,,-0.6313893397871648,0.4772727272727273,36.560735918449325,0.1762542720654657,3669
raw,20,7,0.2,volinv,1,-0.2895751251680404,-0.4405830308440021,,-0.6948870578854675,0.39204545454545453,239.91436399683093,1.1179206672839683,3669
raw,20,7,0.2,volinv,5,-0.13420295224117273,-0.1990456233486935,,-0.5835620643270352,0.44886363636363635,95.33666228228896,0.4457645825628138,3669
raw,20,7,0.2,volinv,10,0.1755062279656865,0.2581247200376483,,-0.5046430674971061,0.4715909090909091,62.90463788736479,0.29638989590499,3669
raw,20,7,0.2,volinv,21,-0.013793251619154335,-0.020124728003308178,,-0.6296897388556901,0.48863636363636365,39.27577027843995,0.18648708395199035,3669
raw,20,7,0.3,equal,1,-0.14140217543100972,-0.21680064847499825,,-0.5768013426599359,0.42613636363636365,146.58350973922091,0.686761104826328,3669
raw,20,7,0.3,equal,5,-0.08610286940201502,-0.12815884455256923,,-0.5726764129857127,0.4147727272727273,64.81047705538444,0.3032955468569906,3669
raw,20,7,0.3,equal,10,0.1530361199358061,0.227575032126701,,-0.46343000543177104,0.5113636363636364,46.59725162320349,0.21932792112047395,3669
raw,20,7,0.3,equal,21,0.018220674532597955,0.02661233048216977,,-0.6255340371320564,0.48863636363636365,31.99036581463969,0.1505148694983161,3669
raw,20,7,0.3,rank,1,-0.07680369015221125,-0.11767620923075317,,-0.5173247513362706,0.45454545454545453,159.0907068925499,0.7371616404652614,3669
raw,20,7,0.3,rank,5,-0.013665407199978802,-0.020291239449232112,,-0.5139683141976057,0.4375,69.88663846713412,0.32610081344399566,3669
raw,20,7,0.3,rank,10,0.21600661918355962,0.3195724131647949,,-0.3960879026328894,0.4943181818181818,49.79855182146996,0.23470872878929092,3669
raw,20,7,0.3,rank,21,0.055997680842497545,0.0823950397999536,,-0.6270020070604729,0.48863636363636365,33.64775284051992,0.1590940955630757,3669
raw,20,7,0.3,volinv,1,-0.43885410581167794,-0.6507694191762492,,-0.7632049443012346,0.4034090909090909,212.41701016483012,0.967715363305353,3669
raw,20,7,0.3,volinv,5,-0.2911323961656674,-0.4158944247673226,,-0.7107072088679749,0.42045454545454547,85.51495530684511,0.3924208441838921,3669
raw,20,7,0.3,volinv,10,0.04315616092321237,0.06181671679603197,,-0.49744246538115267,0.48863636363636365,57.62791069408578,0.2649973800338363,3669
raw,20,7,0.3,volinv,21,0.04586192878503123,0.06603627939700048,,-0.5949710742254847,0.4772727272727273,36.31635701969441,0.1679853468855248,3669
raw,30,0,0.1,equal,1,0.11382493926411703,0.17282337371603823,,-0.4617734698516127,0.4943181818181818,173.0335241210139,0.8964657848260336,3669
raw,30,0,0.1,equal,5,0.34084456187877976,0.5268061423915189,,-0.28704820996036995,0.4715909090909091,73.5233033524121,0.38833464167781284,3669
raw,30,0,0.1,equal,10,0.35739354294599646,0.5508568027620713,,-0.2755352509208304,0.5170454545454546,50.686017988552734,0.262640427766525,3669
raw,30,0,0.1,equal,21,0.2931864599754259,0.4447426443049019,,-0.4206536822876822,0.5170454545454546,34.103843008994275,0.18127819179840002,3669
raw,30,0,0.1,rank,1,0.1162038926918144,0.1764959384339739,,-0.4653179864659601,0.4943181818181818,175.12967644544472,0.8992287532696094,3669
raw,30,0,0.1,rank,5,0.3457264394606799,0.5349907053794444,,-0.28840343895692877,0.4772727272727273,74.30996393639111,0.3928891294475677,3669
raw,30,0,0.1,rank,10,0.36492150752971536,0.5624939540051485,,-0.2735352931812207,0.5340909090909091,51.170239541193894,0.2641240683314575,3669
raw,30,0,0.1,rank,21,0.2888212138314721,0.4380696404326617,,-0.4231095072355451,0.5113636363636364,34.33558070031154,0.18332128241026202,3669
raw,30,0,0.1,volinv,1,-0.10912840650257086,-0.1562771032038434,,-0.5540418912203717,0.44886363636363635,229.66240817765967,1.1471102643678321,3669
raw,30,0,0.1,volinv,5,0.2607166900038941,0.3911883548478434,,-0.2909222371649436,0.48295454545454547,90.63714927830688,0.4446929494407615,3669
raw,30,0,0.1,volinv,10,0.2494543220796656,0.37765346687418033,,-0.3263012860827479,0.4943181818181818,60.60981725623543,0.2994149800562211,3669
raw,30,0,0.1,volinv,21,0.18928311321050836,0.27846939228542117,,-0.4943540905839777,0.48863636363636365,37.54775911800304,0.18244511537189878,3669
raw,30,0,0.2,equal,1,-0.059244218960381866,-0.08918295102058783,,-0.4851103198333955,0.45454545454545453,142.18356500408828,0.6777726222630194,3669
raw,30,0,0.2,equal,5,-0.00930389064612919,-0.014063588786010365,,-0.4110032277868968,0.48863636363636365,62.87579721995093,0.29807361051109166,3669
raw,30,0,0.2,equal,10,0.1485492755125164,0.22025404524523856,,-0.37625670365921415,0.48863636363636365,44.01185609157808,0.20801836471221402,3669
raw,30,0,0.2,equal,21,0.23842572236402607,0.35546976295519195,,-0.38000683337845254,0.5,29.67015535568275,0.14383466010229198,3669
raw,30,0,0.2,rank,1,-0.03377747412814433,-0.05097311480051879,,-0.4936100551832955,0.44886363636363635,147.62355318994528,0.6966587465764362,3669
raw,30,0,0.2,rank,5,0.0435947679226443,0.06639842466187575,,-0.37004302787130716,0.4772727272727273,64.79835403462592,0.3066418602536921,3669
raw,30,0,0.2,rank,10,0.19625349741839673,0.2941019763929988,,-0.33415670472444947,0.48295454545454547,45.17130866239067,0.21338755185215602,3669
raw,30,0,0.2,rank,21,0.25198262254120907,0.3767239183012725,,-0.38960055587392417,0.5113636363636364,30.404671076124885,0.14841205877494237,3669
raw,30,0,0.2,volinv,1,-0.37713561601167,-0.5460528278808059,,-0.7141164055918285,0.4090909090909091,203.31533893689078,0.948832669660349,3669
raw,30,0,0.2,volinv,5,-0.17798902463880334,-0.2578117169678239,,-0.5747503809717001,0.4602272727272727,82.36504434037192,0.38323724030500433,3669
raw,30,0,0.2,volinv,10,0.029257618528491836,0.04193786087286414,,-0.5369932696207151,0.4659090909090909,55.19368567362943,0.257419167201649,3669
raw,30,0,0.2,volinv,21,0.11970350069638226,0.1699998453709334,,-0.44220395176198213,0.48295454545454547,34.21502653128774,0.16337566549363444,3669
raw,30,0,0.3,equal,1,-0.10853529982120305,-0.16164108457832635,,-0.48868512702554723,0.4090909090909091,119.84951796754561,0.5596436579173787,3669
raw,30,0,0.3,equal,5,-0.06299975186552072,-0.09371780857577326,,-0.4597143857247854,0.4431818181818182,53.59288537549406,0.2505644513703044,3669
raw,30,0,0.3,equal,10,0.08832725861215011,0.12803949605196074,,-0.42289711098188165,0.4715909090909091,37.82512062930848,0.17641249236159826,3669
raw,30,0,0.3,equal,21,0.08144209633848758,0.1178791661149535,,-0.5239309936795629,0.48295454545454547,26.235289364906485,0.12281330346781252,3669
raw,30,0,0.3,rank,1,-0.06621008638053888,-0.09924667518695468,,-0.48135274304912257,0.4431818181818182,130.632926539082,0.6026285840062441,3669
raw,30,0,0.3,rank,5,0.0015509896099658363,0.0023374928281040667,,-0.38097207235973707,0.44886363636363635,57.814460021305976,0.2691283602903978,3669
raw,30,0,0.3,rank,10,0.1466252788663094,0.21601582735200797,,-0.36068264167800046,0.4659090909090909,40.57598886317283,0.18881593677187386,3669
raw,30,0,0.3,rank,21,0.1505912132042751,0.2211274397217082,,-0.48825198858746977,0.5,27.839145307991533,0.13133371590810045,3669
raw,30,0,0.3,volinv,1,-0.4819277762647556,-0.6883473638400711,,-0.7633842420845762,0.3409090909090909,178.92760671503416,0.8166172451937281,3669
raw,30,0,0.3,volinv,5,-0.3269930381110068,-0.4630920337434977,,-0.682089884418185,0.3977272727272727,73.15712772596139,0.33541928281526623,3669
raw,30,0,0.3,volinv,10,-0.1110162563346107,-0.15476317412291637,,-0.5579825674957563,0.4602272727272727,49.12537549726276,0.22503951733048527,3669
raw,30,0,0.3,volinv,21,0.048437177786868076,0.06701289195312655,,-0.5339911278916611,0.4715909090909091,31.512062422947427,0.14902175581542937,3669
raw,30,2,0.1,equal,1,0.06804769928383778,0.10447292368626447,,-0.41163023252025355,0.4943181818181818,172.94521668029435,0.883994416644744,3669
raw,30,2,0.1,equal,5,0.18446239890109656,0.2786232607857146,,-0.32621473195767714,0.5227272727272727,73.29026982829107,0.36647229171540546,3669
raw,30,2,0.1,equal,10,0.2863562720000602,0.4368676486842038,,-0.4183961670034899,0.5227272727272727,51.078495502861806,0.26699044350116113,3669
raw,30,2,0.1,equal,21,0.18459834862842528,0.27496622234040907,,-0.40835116092659696,0.5056818181818182,34.258381030253474,0.17216878084209325,3669
raw,30,2,0.1,rank,1,0.09039271892653178,0.13916216923697067,,-0.4022708735905729,0.5,175.03752122466787,0.8890816440195459,3669
raw,30,2,0.1,rank,5,0.1939615022175196,0.29339395013589253,,-0.3227915442665431,0.5227272727272727,73.99475784648781,0.36917157524762856,3669
raw,30,2,0.1,rank,10,0.30123128999779675,0.4607563264797286,,-0.407192217086195,0.5284090909090909,51.48551964975189,0.2683858648384129,3669
raw,30,2,0.1,rank,21,0.18375590121198937,0.2744379837923685,,-0.4200983705599368,0.5170454545454546,34.44283054316647,0.17337049160102047,3669
raw,30,2,0.1,volinv,1,-0.1093136644900363,-0.1652630465143481,,-0.5305912170106535,0.4659090909090909,228.58789752157503,1.106045402931374,3669
raw,30,2,0.1,volinv,5,0.07326335838529831,0.10912424452250859,,-0.36558013633964326,0.5056818181818182,90.5140981539353,0.44246058718377923,3669
raw,30,2,0.1,volinv,10,0.1513225319558857,0.22571266912740712,,-0.48798388055544994,0.5170454545454546,60.715121531658525,0.30257955880964715,3669
raw,30,2,0.1,volinv,21,0.08698008977152258,0.1272032011113572,,-0.4415167974595646,0.4772727272727273,37.78416150006711,0.18206898167735971,3669
raw,30,2,0.2,equal,1,-0.06993061695601605,-0.10604636494737592,,-0.5327255778293999,0.4659090909090909,142.08511856091576,0.6764018785786158,3669
raw,30,2,0.2,equal,5,0.06556044238911907,0.09819408516766738,,-0.40667672686688905,0.4943181818181818,62.412183156173334,0.29593295590185337,3669
raw,30,2,0.2,equal,10,0.18763898254984365,0.2752857732768171,,-0.43066957182414767,0.5113636363636364,43.51504497138185,0.20564618363938392,3669
raw,30,2,0.2,equal,21,0.21921477951467724,0.31396965207286104,,-0.41469302411001474,0.5113636363636364,29.885936222403924,0.14349507299432374,3669
raw,30,2,0.2,rank,1,-0.03352213468280487,-0.05116140576025465,,-0.4853008059721796,0.4715909090909091,147.52110987674578,0.6960713645292635,3669
raw,30,2,0.2,rank,5,0.09297548675048437,0.13939888214652457,,-0.3626271255515997,0.5,64.28937131290049,0.3032682982741982,3669
raw,30,2,0.2,rank,10,0.22281247572072632,0.32936081975902626,,-0.4161231593097525,0.5056818181818182,44.789630559475846,0.21181108787648872,3669
raw,30,2,0.2,rank,21,0.2362386592389278,0.3408511133921624,,-0.4096353877563961,0.5113636363636364,30.53125423571001,0.1469144628860683,3669
raw,30,2,0.2,volinv,1,-0.39511723906041424,-0.5697066889691192,,-0.7443183711455624,0.42045454545454547,202.78209025303474,0.9454881332827313,3669
raw,30,2,0.2,volinv,5,-0.09460992511320614,-0.13687689006086987,,-0.5528000245098743,0.4715909090909091,81.35774610702285,0.37916211436090946,3669
raw,30,2,0.2,volinv,10,0.03276549700553486,0.04705313977224331,,-0.4895378231365066,0.45454545454545453,54.23393226983477,0.2526493235951776,3669
raw,30,2,0.2,volinv,21,0.10761962101916339,0.14912146983368377,,-0.42320885441132483,0.48863636363636365,34.430805046076415,0.16311403735456123,3669
raw,30,2,0.3,equal,1,-0.11337297757905718,-0.16991342121318914,,-0.5616309571353197,0.44886363636363635,119.7666497532472,0.5576689720113643,3669
raw,30,2,0.3,equal,5,0.09008807102106162,0.13427148101494257,,-0.44101380193445194,0.5,52.32975027390044,0.2435964709497246,3669
raw,30,2,0.3,equal,10,0.11587061736808871,0.16939411113518893,,-0.535256472874007,0.4772727272727273,37.17647267944114,0.1737992070851288,3669
raw,30,2,0.3,equal,21,0.20203330557136476,0.28906755572758686,,-0.48400093365942765,0.5113636363636364,26.19386656927984,0.12394794915834965,3669
raw,30,2,0.3,rank,1,-0.07394679100206245,-0.11183913413300826,,-0.5153453361997944,0.42613636363636365,130.542084455478,0.6014873184688738,3669
raw,30,2,0.3,rank,5,0.10233331854244795,0.1529123391141427,,-0.4011148232226278,0.5,56.75913207303151,0.2626991726393523,3669
raw,30,2,0.3,rank,10,0.17336969417836512,0.2551054013663339,,-0.4930118753288779,0.48295454545454547,40.0550402049468,0.18676152762250042,3669
raw,30,2,0.3,rank,21,0.21721513664355135,0.3123132107590868,,-0.4705235483147483,0.5227272727272727,27.78183587287929,0.13173983930888966,3669
raw,30,2,0.3,volinv,1,-0.5256134945984363,-0.7394674228163223,,-0.7968130901105438,0.38636363636363635,178.49793401673566,0.8138613249072233,3669
raw,30,2,0.3,volinv,5,-0.12435374880211685,-0.17584041093490727,,-0.5609121136814208,0.4772727272727273,71.63234240117299,0.3283177434236261,3669
raw,30,2,0.3,volinv,10,-0.012749856924121178,-0.017877565646903005,,-0.5736523274522443,0.4715909090909091,48.10524646123688,0.22146682150989336,3669
raw,30,2,0.3,volinv,21,0.12628619814223194,0.17586299445746914,,-0.5194331404064891,0.48863636363636365,31.506526318216302,0.14573880261179317,3669
raw,30,7,0.1,equal,1,0.2065469377976394,0.3211706824110617,,-0.38705917107091337,0.5056818181818182,172.65331152902698,0.8712233134953389,3669
raw,30,7,0.1,equal,5,0.25838973211212424,0.4026834158977636,,-0.38150990952858466,0.5227272727272727,73.19950940310711,0.37623525430959737,3669
raw,30,7,0.1,equal,10,0.4241733483987698,0.6494794998976698,,-0.37727057497936656,0.5227272727272727,51.59852820932134,0.26292095537081994,3669
raw,30,7,0.1,equal,21,0.3994129234892018,0.6093011351544415,,-0.36391745875036097,0.5113636363636364,33.662305805396564,0.16729598564940223,3669
raw,30,7,0.1,rank,1,0.20368489664549494,0.3168804429278611,,-0.3819631055824999,0.5,174.74270309265418,0.8764940869096278,3669
raw,30,7,0.1,rank,5,0.2663954447598961,0.4159983900337954,,-0.37452348877541475,0.5227272727272727,73.90029277313684,0.3789596394369274,3669
raw,30,7,0.1,rank,10,0.4248857360990371,0.6512354280119312,,-0.3653182146658155,0.5170454545454546,51.952572877910534,0.26494013002600136,3669
raw,30,7,0.1,rank,21,0.3999584516661214,0.6103581022159318,,-0.3763617453508151,0.5113636363636364,33.83401661626375,0.1683585661424889,3669
raw,30,7,0.1,volinv,1,0.06229070640976125,0.09574817966668348,,-0.4458388479215699,0.4715909090909091,226.57667634733897,1.0981892446006243,3669
raw,30,7,0.1,volinv,5,0.1314132052913747,0.20341648469396317,,-0.42753019657189595,0.5170454545454546,89.6425259489038,0.4353046252210339,3669
raw,30,7,0.1,volinv,10,0.2801226303815679,0.42213800402992285,,-0.4490860762558754,0.5113636363636364,60.691467154663556,0.294263785780122,3669
raw,30,7,0.1,volinv,21,0.36479422540359757,0.5395901038049655,,-0.33483648347179384,0.5170454545454546,37.4260163406222,0.17905818257763473,3669
raw,30,7,0.2,equal,1,0.09866821510877424,0.1466536886783958,,-0.4600761746080255,0.48295454545454547,141.8195421095666,0.6850293433266401,3669
raw,30,7,0.2,equal,5,0.18046803813145898,0.26381783376995627,,-0.44233424213511197,0.5113636363636364,62.31488143908422,0.29728709378788587,3669
raw,30,7,0.2,equal,10,0.35955619401602623,0.530688891629182,,-0.41219644644203435,0.5170454545454546,43.9534750613246,0.2093687242271499,3669
raw,30,7,0.2,equal,21,0.35242072166863947,0.512025468577448,,-0.4576870300372028,0.5170454545454546,29.80580539656582,0.1441180305692316,3669
raw,30,7,0.2,rank,1,0.12377508563690269,0.1852443602722251,,-0.43267979266372714,0.48863636363636365,147.25396492206883,0.702438100606537,3669
raw,30,7,0.2,rank,5,0.20626647384124208,0.30475147531144464,,-0.42588241964689544,0.5170454545454546,64.18934405751754,0.30449651993073906,3669
raw,30,7,0.2,rank,10,0.3755157024322651,0.557289097869459,,-0.39665044886750955,0.5284090909090909,45.14251344284203,0.21467780023553773,3669
raw,30,7,0.2,rank,21,0.37411669619382587,0.547954687163512,,-0.4444538060704173,0.5056818181818182,30.43399351515658,0.14671349836510036,3669
raw,30,7,0.2,volinv,1,-0.11273069098014611,-0.16370186225300243,,-0.6003448194705387,0.4431818181818182,201.59733983473123,0.9410524742798954,3669
raw,30,7,0.2,volinv,5,0.08475745541520271,0.12034096387953377,,-0.45856450196864873,0.4602272727272727,80.9135534905617,0.37635870923752784,3669
raw,30,7,0.2,volinv,10,0.26589101784825925,0.37826045777070727,,-0.44092173067261653,0.5,54.473017535643315,0.25497147035388235,3669
raw,30,7,0.2,volinv,21,0.28272703893894363,0.40162492595078986,,-0.46681502608356007,0.4715909090909091,34.3391200192372,0.16445826507296957,3669
raw,30,7,0.3,equal,1,-0.051653695653385776,-0.07657292254309317,,-0.5787134761669999,0.4659090909090909,119.54417472747309,0.5578854709431924,3669
raw,30,7,0.3,equal,5,0.14576008640533786,0.21322946648038088,,-0.4963167413446059,0.5113636363636364,52.24140728268141,0.2432349000908078,3669
raw,30,7,0.3,equal,10,0.2927030235240711,0.42543236132156415,,-0.4604193810981161,0.5170454545454546,37.604048232332204,0.17578772188245423,3669
raw,30,7,0.3,equal,21,0.2656835140679109,0.38322577640913374,,-0.5222500872573853,0.5227272727272727,26.563142534879884,0.12490539281687474,3669
raw,30,7,0.3,rank,1,0.023767980855087,0.035410613497504365,,-0.5102193390637655,0.4715909090909091,130.30296992864618,0.6021745206296918,3669
raw,30,7,0.3,rank,5,0.17861910818178375,0.26298553844343986,,-0.4721160846366631,0.5284090909090909,56.66675765517094,0.2625772749035023,3669
raw,30,7,0.3,rank,10,0.33422811396049246,0.4901901601305792,,-0.4380741760686977,0.5568181818181818,40.402664236931365,0.1884911876363457,3669
raw,30,7,0.3,rank,21,0.31864777552319834,0.463117148727249,,-0.4977867369733605,0.5227272727272727,28.01054907170458,0.13197095888134946,3669
raw,30,7,0.3,volinv,1,-0.23838184011993388,-0.3369752122444844,,-0.6497695191262329,0.44886363636363635,177.8092896978623,0.8116087755217212,3669
raw,30,7,0.3,volinv,5,0.050808405907878926,0.07093872684681193,,-0.5373265508614049,0.4772727272727273,71.3015083204449,0.32803122051229416,3669
raw,30,7,0.3,volinv,10,0.20467726320273114,0.2842776739065313,,-0.4981899686131256,0.48863636363636365,48.864949611583846,0.22497210942632434,3669
raw,30,7,0.3,volinv,21,0.215717848714839,0.2992547460636682,,-0.5038193835048688,0.4659090909090909,32.000888683721584,0.1479754418221694,3669
raw,45,0,0.1,equal,1,0.05710379933886013,0.08676718647703607,,-0.3899397939260697,0.4772727272727273,142.86672117743254,0.7294469800565473,3669
raw,45,0,0.1,equal,5,0.1403251177414481,0.21587163662592324,,-0.43725905666714804,0.4659090909090909,62.060506950122644,0.3380731787111556,3669
raw,45,0,0.1,equal,10,0.28181063395264183,0.42328429389562205,,-0.406144232872202,0.4602272727272727,42.17170891251022,0.22453260715589507,3669
raw,45,0,0.1,equal,21,0.16746132379170217,0.2483915828030659,,-0.5037425924030943,0.4772727272727273,28.074407195421095,0.14814830543935603,3669
raw,45,0,0.1,rank,1,0.060297813010921866,0.09196446264996531,,-0.37715276867368874,0.48295454545454547,144.66039771964407,0.7355578424733298,3669
raw,45,0,0.1,rank,5,0.15415326173070137,0.2379822533000531,,-0.43764262383836017,0.4659090909090909,62.646976903590705,0.3414354256612304,3669
raw,45,0,0.1,rank,10,0.29239921778800554,0.4388560299640175,,-0.4145657716579785,0.45454545454545453,42.598495823834504,0.22737940357438724,3669
raw,45,0,0.1,rank,21,0.1786205144219083,0.2659250744393129,,-0.5069118975298386,0.4715909090909091,28.28250805358689,0.15003769198235384,3669
raw,45,0,0.1,volinv,1,-0.10221478102254201,-0.14873128467613247,,-0.5282943464411384,0.4602272727272727,194.89407608102653,0.9423890330728724,3669
raw,45,0,0.1,volinv,5,0.02225793038978462,0.03311443027082144,,-0.47551909050948415,0.4659090909090909,78.3048420558693,0.3883546038672891,3669
raw,45,0,0.1,volinv,10,0.21611830747756117,0.3214394266459921,,-0.42449838553503105,0.4602272727272727,51.63995414860966,0.2574600230589458,3669
raw,45,0,0.1,volinv,21,0.07540399252066021,0.10976002359912804,,-0.5227798000566791,0.45454545454545453,32.75270751445149,0.16188336523669455,3669
raw,45,0,0.2,equal,1,0.011480070666474896,0.016896049958167098,,-0.3827323103737995,0.4602272727272727,114.21847914963203,0.5461725372656909,3669
raw,45,0,0.2,equal,5,0.21891841169718101,0.3225139914424544,,-0.33332702010591464,0.48863636363636365,50.553965658217486,0.24443335640944133,3669
raw,45,0,0.2,equal,10,0.29638333751590135,0.43337653064012543,,-0.37758081556227163,0.4659090909090909,35.69828291087489,0.17959945435171884,3669
raw,45,0,0.2,equal,21,0.10503440943288458,0.1532659715832334,,-0.45061788726146634,0.4659090909090909,24.278495502861816,0.11856927477183274,3669
raw,45,0,0.2,rank,1,0.030176206006645483,0.04478287289682156,,-0.37465704546101974,0.4659090909090909,119.17147580356104,0.5644778941654726,3669
raw,45,0,0.2,rank,5,0.2328768707242429,0.34559420960760917,,-0.3338502078850485,0.48295454545454547,52.39699785743458,0.25428563742383814,3669
raw,45,0,0.2,rank,10,0.318272236223017,0.4676373688964116,,-0.38787546648192683,0.4715909090909091,36.76203046467502,0.18572502985427178,3669
raw,45,0,0.2,rank,21,0.12611322366656225,0.1852620191980757,,-0.4528476912656121,0.4772727272727273,24.923273131645256,0.12253669043506027,3669
raw,45,0,0.2,volinv,1,-0.23597383444014752,-0.3311570896885641,,-0.586186256001646,0.42045454545454547,168.70906841038172,0.7840567226397621,3669
raw,45,0,0.2,volinv,5,0.0905640794465441,0.12909969174690364,,-0.46053203296741696,0.4772727272727273,69.07049285049813,0.32384527120032686,3669
raw,45,0,0.2,volinv,10,0.1742793661855036,0.24734364897261948,,-0.48397915387384216,0.5,46.47325255596992,0.21782018958653676,3669
raw,45,0,0.2,volinv,21,0.028558694327414008,0.040163087425708836,,-0.5027224222875898,0.4715909090909091,29.821167905895933,0.14276155328661802,3669
raw,45,0,0.3,equal,1,0.0633444523349193,0.09151444449981512,,-0.3206770366673406,0.4943181818181818,96.13445845277762,0.4501000879758849,3669
raw,45,0,0.3,equal,5,0.16103637188311423,0.23347741806751976,,-0.2739629021858855,0.4602272727272727,42.89700373926616,0.2027025611662525,3669
raw,45,0,0.3,equal,10,0.29081703608546144,0.41968251069244694,,-0.28179619399974976,0.48863636363636365,30.38593945426751,0.14630121469469023,3669
raw,45,0,0.3,equal,21,0.13739582113412938,0.19602425150981578,,-0.4312222497795073,0.4715909090909091,20.982987470064863,0.09756080824753455,3669
raw,45,0,0.3,rank,1,0.059996261326545,0.08754818085402308,,-0.3195744201884422,0.48863636363636365,105.33756925527054,0.48759767207016375,3669
raw,45,0,0.3,rank,5,0.1934463611695165,0.28308685255964466,,-0.2986637869404243,0.4431818181818182,46.61711013622865,0.2209826183300023,3669
raw,45,0,0.3,rank,10,0.3195814670409557,0.464681600156087,,-0.3078626526282039,0.48863636363636365,32.76915390249195,0.15942628421736332,3669
raw,45,0,0.3,rank,21,0.15954493948430215,0.230177941832841,,-0.4372130445899527,0.4715909090909091,22.448118426764516,0.10520516760672088,3669
raw,45,0,0.3,volinv,1,-0.16877616007026158,-0.2309612189559263,,-0.48417067567363303,0.4431818181818182,146.01452741682513,0.6664981228554026,3669
raw,45,0,0.3,volinv,5,0.028680487346811306,0.03962445115231393,,-0.36968041182268696,0.4715909090909091,60.69322921691907,0.27882763294530327,3669
raw,45,0,0.3,volinv,10,0.15695796876372822,0.21537802804862005,,-0.3710688965472102,0.4715909090909091,40.6623793006995,0.1868922114801465,3669
raw,45,0,0.3,volinv,21,0.06915837248728968,0.0935043352311728,,-0.4134081646084917,0.48295454545454547,26.260694908322126,0.12252097850085557,3669
raw,45,2,0.1,equal,1,0.04208875077047501,0.06445753295935575,,-0.4014824140421206,0.45454545454545453,142.75633687653308,0.732487088624884,3669
raw,45,2,0.1,equal,5,0.34379371059620684,0.5193323964809874,,-0.3207543783202971,0.4772727272727273,60.66721177432542,0.301583370873138,3669
raw,45,2,0.1,equal,10,0.2622126199210518,0.38106703776323075,,-0.34029558482813016,0.4318181818181818,42.49059689288634,0.2215896583285873,3669
raw,45,2,0.1,equal,21,0.16731716757176704,0.24497513644659163,,-0.4843766279882459,0.4772727272727273,28.113654946852,0.13910056876451474,3669
raw,45,2,0.1,rank,1,0.05388057912349924,0.08281979613216459,,-0.40099957021650257,0.4602272727272727,144.5521682940307,0.739037909188523,3669
raw,45,2,0.1,rank,5,0.3506312025506683,0.5304085444305356,,-0.33417047560321467,0.48863636363636365,61.331596347706615,0.3036787947748366,3669
raw,45,2,0.1,rank,10,0.2685809083223946,0.3916531869917892,,-0.3472551029560007,0.42613636363636365,42.88022936223449,0.2231401426838012,3669
raw,45,2,0.1,rank,21,0.1838416387149604,0.2702468396612163,,-0.48222033584855595,0.48295454545454547,28.27819662582674,0.13954307061743243,3669
raw,45,2,0.1,volinv,1,-0.07544605788717525,-0.11183946133799176,,-0.5547417387796765,0.3977272727272727,194.24198980034998,0.9389076623875471,3669
raw,45,2,0.1,volinv,5,0.25397345077340466,0.3742554353428479,,-0.3188266375131905,0.48863636363636365,76.95391426969348,0.37515455909434636,3669
raw,45,2,0.1,volinv,10,0.20010111257425794,0.287075041362672,,-0.3627746985962811,0.44886363636363635,52.02969003697589,0.25640715055561836,3669
raw,45,2,0.1,volinv,21,0.05903522211400848,0.0842680558510813,,-0.4774390661030118,0.4715909090909091,32.76129689887137,0.16904768995427089,3669
raw,45,2,0.2,equal,1,0.09249021514130593,0.13711608171461398,,-0.36022303765453734,0.4659090909090909,114.16524938675386,0.5447573531840221,3669
raw,45,2,0.2,equal,5,0.2927179359790332,0.4280663986755305,,-0.27856489702652654,0.4659090909090909,50.555110384300896,0.23962357269124715,3669
raw,45,2,0.2,equal,10,0.3380868044030964,0.49657387477764126,,-0.27333517238207095,0.4715909090909091,35.379476696647586,0.16868298279136265,3669
raw,45,2,0.2,equal,21,0.1697358061529826,0.24046703071725822,,-0.4127698672186565,0.4943181818181818,23.866966475878986,0.11503836846817743,3669
raw,45,2,0.2,rank,1,0.09844152386957977,0.14689617379126846,,-0.35752603217805057,0.4375,119.1124758123531,0.5648529130650832,3669
raw,45,2,0.2,rank,5,0.3017157655767763,0.4441733141671233,,-0.2900419051958809,0.48295454545454547,52.28496168117027,0.24562923480420187,3669
raw,45,2,0.2,rank,10,0.3341325710032344,0.4911020929306964,,-0.2851299123060701,0.4715909090909091,36.51027837797607,0.17366098897931145,3669
raw,45,2,0.2,rank,21,0.176669831809608,0.25136918942851194,,-0.42340489332823594,0.4772727272727273,24.565995724880235,0.11739465809407382,3669
raw,45,2,0.2,volinv,1,-0.11292472980009326,-0.16194558498288114,,-0.5021137546115111,0.4431818181818182,168.39926676474508,0.7800660487545394,3669
raw,45,2,0.2,volinv,5,0.17400026861997048,0.24673138342228984,,-0.3385375451249033,0.4772727272727273,68.88868104732279,0.3188931981952817,3669
raw,45,2,0.2,volinv,10,0.3009179533172607,0.43279583065159616,,-0.33644514131173875,0.5,46.09847907747798,0.2147901360422952,3669
raw,45,2,0.2,volinv,21,0.10441007829884104,0.14469768467391436,,-0.3992297553944729,0.48863636363636365,29.36654755378229,0.1398187914771036,3669
raw,45,2,0.3,equal,1,0.06968282714558487,0.10038569175973437,,-0.33101409719367125,0.44886363636363635,96.04088953813437,0.45100712102180274,3669
raw,45,2,0.3,equal,5,0.20455039108785836,0.2923764374202098,,-0.28538620569037687,0.48295454545454547,42.82585426234329,0.19775326738440802,3669
raw,45,2,0.3,equal,10,0.2752690427788561,0.3944947683621243,,-0.33167837882753337,0.4772727272727273,30.348950775485665,0.1412172979291362,3669
raw,45,2,0.3,equal,21,0.03552437761198351,0.050091809104669684,,-0.47716451715157004,0.48863636363636365,21.045472320704288,0.0976363821744088,3669
raw,45,2,0.3,rank,1,0.09201649759450477,0.13440052712293607,,-0.3474301879625473,0.4659090909090909,105.24988132689151,0.48927026305391075,3669
raw,45,2,0.3,rank,5,0.2555751442765844,0.3700308114954714,,-0.29259444684741565,0.48295454545454547,46.3782358873448,0.21293629094421013,3669
raw,45,2,0.3,rank,10,0.2997378376499524,0.4323354859959945,,-0.32674180083489457,0.4772727272727273,32.72379048968387,0.15181257672936255,3669
raw,45,2,0.3,rank,21,0.0946579618161715,0.13439666677020928,,-0.45809164235986,0.4772727272727273,22.401338007491667,0.10399342322736577,3669
raw,45,2,0.3,volinv,1,-0.2194044346657081,-0.3047576869771274,,-0.5336163999529602,0.4602272727272727,145.93410139557733,0.6655821988140334,3669
raw,45,2,0.3,volinv,5,0.032155182924895276,0.04434546583552896,,-0.3435425004361222,0.4772727272727273,60.668226399025976,0.27789253570814676,3669
raw,45,2,0.3,volinv,10,0.16764511497223036,0.23262619248104965,,-0.37548144970025565,0.4659090909090909,41.15599704740526,0.1886384220038027,3669
raw,45,2,0.3,volinv,21,-0.04111648019181548,-0.05569136802784193,,-0.5216208675683408,0.4375,26.59261660217918,0.12466595265246944,3669
raw,45,7,0.1,equal,1,0.13984484386528379,0.20454169821415222,,-0.3562702358232065,0.44886363636363635,142.5527391659853,0.7132794783502341,3669
raw,45,7,0.1,equal,5,0.21941008471109874,0.3194989431331805,,-0.330959935372915,0.48295454545454547,60.554374488961564,0.3132401172451616,3669
raw,45,7,0.1,equal,10,0.2155793267940064,0.3120104235344209,,-0.34841892920332973,0.5113636363636364,41.71300081766149,0.21095791114711548,3669
raw,45,7,0.1,equal,21,0.08660460427168415,0.12357518929688378,,-0.4778658232970193,0.5,28.314799672935404,0.14555264033093418,3669
raw,45,7,0.1,rank,1,0.156062500253579,0.22895068999815793,,-0.34514487110684156,0.44886363636363635,144.34598729964245,0.7172802489057248,3669
raw,45,7,0.1,rank,5,0.23136462416933098,0.33828054262195767,,-0.32639723180826585,0.48295454545454547,61.21947373467766,0.31482306678714206,3669
raw,45,7,0.1,rank,10,0.2377781766137637,0.34482941549060775,,-0.3488376657400257,0.5056818181818182,42.10893618086046,0.21190116063271858,3669
raw,45,7,0.1,rank,21,0.10562722865405548,0.1513059128342769,,-0.48123918543676714,0.4943181818181818,28.459696401974927,0.14561912951068806,3669
raw,45,7,0.1,volinv,1,0.011658851201863791,0.016926540944640776,,-0.4668933066296651,0.4431818181818182,193.20188645672414,0.9332564095964164,3669
raw,45,7,0.1,volinv,5,0.1358960800031516,0.19527344939844737,,-0.3886366317755269,0.4943181818181818,76.19796872094926,0.3708305117768298,3669
raw,45,7,0.1,volinv,10,0.12816684609151108,0.18345015436547696,,-0.41719877423976903,0.4715909090909091,50.757882207719696,0.24813120286782941,3669
raw,45,7,0.1,volinv,21,-0.022046791940674642,-0.03036909665381151,,-0.47720113774603534,0.48295454545454547,32.76754358612984,0.1618116582492315,3669
raw,45,7,0.2,equal,1,0.20904650294614832,0.30585431452525186,,-0.32144676033190833,0.42613636363636365,114.00441537203596,0.5467427041753825,3669
raw,45,7,0.2,equal,5,0.26053553408089264,0.3790537590325511,,-0.2910704869775852,0.5,50.49272281275551,0.23859484624997512,3669
raw,45,7,0.2,equal,10,0.36793371085072185,0.5282854184659663,,-0.31502504780347007,0.5454545454545454,35.37661488143908,0.16727410312341662,3669
raw,45,7,0.2,equal,21,0.08544277291412024,0.11871991758535742,,-0.4666137424794623,0.48295454545454547,24.15829926410466,0.1144874869991124,3669
raw,45,7,0.2,rank,1,0.21799475215172606,0.3199217005481332,,-0.31880214828817033,0.4318181818181818,118.9392159806331,0.5630240370728518,3669
raw,45,7,0.2,rank,5,0.267004045793701,0.3892019622551003,,-0.2924104620681358,0.5,52.2162130549295,0.2452446291332217,3669
raw,45,7,0.2,rank,10,0.37014473587419017,0.5323775461173487,,-0.31685044857742717,0.5340909090909091,36.47658489609617,0.1719405742211995,3669
raw,45,7,0.2,rank,21,0.1043386404951681,0.14615485972738873,,-0.47891693380121325,0.4943181818181818,24.810088210796472,0.11750860756796644,3669
raw,45,7,0.2,volinv,1,0.0882047961305064,0.12543054297530754,,-0.40147251534377193,0.4375,167.96515400733412,0.7813857865351906,3669
raw,45,7,0.2,volinv,5,0.19525365129776362,0.276563692567956,,-0.32110964094964556,0.5227272727272727,68.52578342104343,0.3179635148588825,3669
raw,45,7,0.2,volinv,10,0.26174790291294425,0.369231034081761,,-0.36397595981896647,0.5,45.883332052054826,0.21383184992277626,3669
raw,45,7,0.2,volinv,21,0.11252112817661727,0.1524771670667616,,-0.47154023505999765,0.4943181818181818,29.743385089206516,0.14174769703443402,3669
raw,45,7,0.3,equal,1,0.1108509835881963,0.161789846561155,,-0.3694794445433289,0.4318181818181818,95.92318183434111,0.4486373576787533,3669
raw,45,7,0.3,equal,5,0.22537875990407658,0.32608608114630006,,-0.3552218265678998,0.4943181818181818,42.778820951525276,0.19818424761474512,3669
raw,45,7,0.3,equal,10,0.26474588851073894,0.38452389611421023,,-0.31794287961271017,0.5170454545454546,30.521293133259427,0.14378044689549896,3669
raw,45,7,0.3,equal,21,-0.016411232731283636,-0.022612473621926272,,-0.45977251578359524,0.5056818181818182,21.139244842753676,0.09855386894342297,3669
raw,45,7,0.3,rank,1,0.15589511272753118,0.22777353258183852,,-0.35475084035847515,0.4318181818181818,105.10975820725257,0.4852852486367729,3669
raw,45,7,0.3,rank,5,0.2422262744620545,0.35070523803393716,,-0.34120385960303745,0.5056818181818182,46.32121073159589,0.21323921560061998,3669
raw,45,7,0.3,rank,10,0.30664635403117,0.44321367478895807,,-0.30742422126599744,0.5340909090909091,32.79950356429723,0.15321054511270596,3669
raw,45,7,0.3,rank,21,0.0414495059411821,0.057378978827806446,,-0.4760220293942451,0.48863636363636365,22.530347790979636,0.10500825508132088,3669
raw,45,7,0.3,volinv,1,-0.04931582753787245,-0.06894079643393367,,-0.4234258886070337,0.45454545454545453,145.78750743128282,0.6648471491018044,3669
raw,45,7,0.3,volinv,5,0.11760914528819806,0.16190382198202397,,-0.40019659055421275,0.48863636363636365,60.469850832138455,0.2778503082697289,3669
raw,45,7,0.3,volinv,10,0.16015738256562828,0.22223981160419432,,-0.3830532502773195,0.5227272727272727,41.01843223164871,0.18904540034605496,3669
raw,45,7,0.3,volinv,21,-0.001690983210565357,-0.0022443352063689966,,-0.42648607794774007,0.48863636363636365,26.614906843995133,0.12467728918793261,3669
raw,60,0,0.1,equal,1,0.12851221945912797,0.1879477108818372,,-0.31331787512168596,0.48863636363636365,124.33687653311526,0.627373575224448,3669
raw,60,0,0.1,equal,5,0.15166026883754558,0.21771981017394684,,-0.43461426023159844,0.5170454545454546,53.587898609975475,0.28100932123977407,3669
raw,60,0,0.1,equal,10,0.11324596801065206,0.16191559921041437,,-0.47676321715643055,0.5,37.02289452166802,0.1839815267135575,3669
raw,60,0,0.1,equal,21,0.040234033807413715,0.057911056403210544,,-0.4365369151325216,0.5056818181818182,25.08667211774325,0.1376027095827978,3669
raw,60,0,0.1,rank,1,0.14431547525019386,0.21135545131687228,,-0.3129300261663711,0.48863636363636365,125.89404737857318,0.6313151413080491,3669
raw,60,0,0.1,rank,5,0.16548407213722624,0.23820928168967517,,-0.4317050964749727,0.5284090909090909,54.144684781159576,0.28280892096230836,3669
raw,60,0,0.1,rank,10,0.13713478555091232,0.19683767611819314,,-0.46718891458052014,0.5227272727272727,37.38423393423271,0.18510780803318388,3669
raw,60,0,0.1,rank,21,0.06080606317231523,0.08779124591706472,,-0.4395469759661248,0.5170454545454546,25.206475267388615,0.13889624988672813,3669
raw,60,0,0.1,volinv,1,-0.0838922907717751,-0.11979617408313867,,-0.41723163249790474,0.42613636363636365,172.61339311212325,0.8420760872984465,3669
raw,60,0,0.1,volinv,5,0.10653815763778263,0.1506934749940961,,-0.44669582914460326,0.4659090909090909,69.79694903627978,0.3535568535303091,3669
raw,60,0,0.1,volinv,10,0.001695153048055348,0.0024095956165434826,,-0.5276288554882714,0.4772727272727273,46.0669439293335,0.2285246958265161,3669
raw,60,0,0.1,volinv,21,-0.03642111740991323,-0.05117058189723439,,-0.45465560887460965,0.48863636363636365,29.79319072872151,0.14763398902908048,3669
raw,60,0,0.2,equal,1,0.15311865440787475,0.21959772953539827,,-0.3609898869110568,0.5,100.28086672117742,0.48289854461099185,3669
raw,60,0,0.2,equal,5,0.18758759299980213,0.2641554109213015,,-0.30037405892867997,0.4602272727272727,43.456091578086664,0.20878568948558163,3669
raw,60,0,0.2,equal,10,0.14703527683580472,0.21265114890098727,,-0.38050327167617337,0.4715909090909091,30.968847097301715,0.14787458021769267,3669
raw,60,0,0.2,equal,21,0.10687666771334553,0.14764366886761834,,-0.36167149889855155,0.5,21.44300899427637,0.10144704070750904,3669
raw,60,0,0.2,rank,1,0.17476671270977762,0.2510893802554847,,-0.33600388296210915,0.5170454545454546,104.35470627927023,0.49445826022300243,3669
raw,60,0,0.2,rank,5,0.1918107649517001,0.27149825957843543,,-0.314886670780272,0.4772727272727273,45.17800314989011,0.21605202034057353,3669
raw,60,0,0.2,rank,10,0.16815686906490956,0.24343479620722525,,-0.3915166701797812,0.4659090909090909,31.982591346360095,0.15173608813840145,3669
raw,60,0,0.2,rank,21,0.11960246518371345,0.16651547848973763,,-0.368149320955401,0.48863636363636365,21.998753607263453,0.10455243953851634,3669
raw,60,0,0.2,volinv,1,-0.08858246001360946,-0.12222013969992014,,-0.5219477347183386,0.4375,153.56237156429086,0.7160387666564209,3669
raw,60,0,0.2,volinv,5,0.09503270034357203,0.1294922256023118,,-0.39324557490959955,0.4715909090909091,61.10338788089078,0.2895203835146939,3669
raw,60,0,0.2,volinv,10,0.04966550678067701,0.06916594606450475,,-0.4501687565044872,0.48295454545454547,41.28229684141444,0.19382472327031672,3669
raw,60,0,0.2,volinv,21,0.02002792793919746,0.026469581786221715,,-0.3627405671113323,0.4659090909090909,27.068867735755244,0.13311566109397976,3669
raw,60,0,0.3,equal,1,0.03907862166934563,0.054561543703536206,,-0.39524642678051924,0.4715909090909091,84.06112746793181,0.39148852503034476,3669
raw,60,0,0.3,equal,5,0.15206775448108725,0.20998895361160452,,-0.3562282457061995,0.48295454545454547,37.528034800707125,0.17507134309262695,3669
raw,60,0,0.3,equal,10,0.15383288482662866,0.21959873357064427,,-0.4243063138576305,0.4715909090909091,26.408468775349927,0.12373895469087677,3669
raw,60,0,0.3,equal,21,0.16522107194685967,0.22689420808262112,,-0.33858570601764404,0.48295454545454547,18.387875340557628,0.0849414481320425,3669
raw,60,0,0.3,rank,1,0.10469530404027096,0.14710366195536453,,-0.3636525586247069,0.5,91.95918915554638,0.4225610574698425,3669
raw,60,0,0.3,rank,5,0.17339410905350153,0.2410882869284599,,-0.3502839673869723,0.48295454545454547,40.552201815494044,0.18835627074370317,3669
raw,60,0,0.3,rank,10,0.1781290250520112,0.2555350607039926,,-0.4165737783760396,0.48295454545454547,28.505523822305136,0.13222743908984386,3669
raw,60,0,0.3,rank,21,0.16375074147943205,0.22685192229591844,,-0.34660478231331293,0.45454545454545453,19.7287156722268,0.09173465189645781,3669
raw,60,0,0.3,volinv,1,-0.2685705319788464,-0.35680881233066813,,-0.5939067483601492,0.4375,133.09688752766442,0.6066587114182436,3669
raw,60,0,0.3,volinv,5,-0.06582546130543455,-0.08709584032074115,,-0.4768518647428087,0.4715909090909091,55.76728919823179,0.2564385620613308,3669
raw,60,0,0.3,volinv,10,-0.011379732383605826,-0.015433147255276107,,-0.4888710863319833,0.45454545454545453,37.42945246040136,0.1725117876686744,3669
raw,60,0,0.3,volinv,21,0.06021101565689506,0.07897365663375899,,-0.4821371751406668,0.4943181818181818,24.307234102476627,0.11291324241993067,3669
raw,60,2,0.1,equal,1,0.07124165818733587,0.10210071314475398,,-0.3900791427404582,0.4772727272727273,124.18479149632051,0.6360102734416722,3669
raw,60,2,0.1,equal,5,0.29100929884679794,0.42936169275529856,,-0.3657070232724673,0.5,52.68029435813573,0.25980028914971937,3669
raw,60,2,0.1,equal,10,0.19075521677156326,0.2742692593007956,,-0.3968677641658218,0.4943181818181818,36.05151267375306,0.17777774798822718,3669
raw,60,2,0.1,equal,21,0.36002056101340096,0.5181500040968791,,-0.2661295884676861,0.5113636363636364,24.819296811120193,0.12941518584367606,3669
raw,60,2,0.1,rank,1,0.07741022893955574,0.11108695815334835,,-0.384690020199418,0.4772727272727273,125.74234731720745,0.6392358052244227,3669
raw,60,2,0.1,rank,5,0.29870848690569557,0.44100903563690175,,-0.3636895996703656,0.5,53.257879278229005,0.2610560761916842,3669
raw,60,2,0.1,rank,10,0.20397580155109102,0.29442050981232387,,-0.38752911131002166,0.5056818181818182,36.42191269643531,0.17876590761558336,3669
raw,60,2,0.1,rank,21,0.3619226173933438,0.523141778383504,,-0.26254812867334865,0.5170454545454546,24.97503793303696,0.12947789549261646,3669
raw,60,2,0.1,volinv,1,-0.014822226886155565,-0.02083701914020075,,-0.4233371238839484,0.4318181818181818,172.39892909694754,0.8478454258544006,3669
raw,60,2,0.1,volinv,5,0.23538172377887367,0.34315467089562074,,-0.35336484175063143,0.5227272727272727,68.07121387827922,0.33365665079201023,3669
raw,60,2,0.1,volinv,10,0.065629965295389,0.09226881165823785,,-0.44314586558898095,0.48863636363636365,45.23323253679861,0.2230181139157102,3669
raw,60,2,0.1,volinv,21,0.27102341411053144,0.38000423686161,,-0.2866004115846188,0.5113636363636364,29.499238894053217,0.14759448157728713,3669
raw,60,2,0.2,equal,1,0.11801359098178876,0.16608542327752113,,-0.35243487461347434,0.4602272727272727,100.21847914963205,0.4779926875437621,3669
raw,60,2,0.2,equal,5,0.21367832968337117,0.3062637856654173,,-0.3615173802392885,0.4715909090909091,42.19517579721995,0.20253230016281842,3669
raw,60,2,0.2,equal,10,0.26558666067548636,0.38041871273954153,,-0.2898551270361014,0.5227272727272727,29.603761242845458,0.1406537128782308,3669
raw,60,2,0.2,equal,21,0.09916271019585833,0.1386534340668847,,-0.3519508249063128,0.48863636363636365,21.28274734260016,0.10082298129726633,3669
raw,60,2,0.2,rank,1,0.1197781722413167,0.16920555660438116,,-0.35609497142779944,0.48863636363636365,104.27866376087285,0.49096126470412327,3669
raw,60,2,0.2,rank,5,0.2374025736427758,0.34173646526151075,,-0.36401186805654306,0.4943181818181818,43.98032066400561,0.208413914327937,3669
raw,60,2,0.2,rank,10,0.2734601041446739,0.3930128376717206,,-0.30090157063708955,0.5,30.72761215917185,0.14500536616026713,3669
raw,60,2,0.2,rank,21,0.13473023731429445,0.18940243391251607,,-0.33543086224096885,0.4943181818181818,21.852574391952842,0.10342878351614271,3669
raw,60,2,0.2,volinv,1,-0.013254488207800855,-0.018375647141228815,,-0.4282644655746981,0.4375,153.34461385216073,0.7134877975380636,3669
raw,60,2,0.2,volinv,5,0.18364877216241518,0.256234142115076,,-0.3754608180175848,0.5227272727272727,59.751063383697286,0.2831817102740582,3669
raw,60,2,0.2,volinv,10,0.1594792863795109,0.22086694256651865,,-0.32942611651185083,0.5056818181818182,40.10377598395901,0.18852491316552797,3669
raw,60,2,0.2,volinv,21,0.046356956285044514,0.06269740118696031,,-0.3850756219394714,0.5056818181818182,27.023583643128692,0.1318069690721309,3669
raw,60,2,0.3,equal,1,0.05723606991900881,0.08019076447860717,,-0.3796720886079381,0.48295454545454547,84.0143430106102,0.39104636070275217,3669
raw,60,2,0.3,equal,5,0.19632904580628993,0.2770859447301464,,-0.3083731890226047,0.5056818181818182,35.946593454183486,0.16812291187999,3669
raw,60,2,0.3,equal,10,0.26720500540807035,0.3793910936368023,,-0.2682627427168168,0.5056818181818182,25.378192677243472,0.11862270916099055,3669
raw,60,2,0.3,equal,21,0.11121615838599988,0.1526621940247571,,-0.405326508538559,0.5,18.262317440105488,0.08421236861524875,3669
raw,60,2,0.3,rank,1,0.09432079694518727,0.13269428909264286,,-0.3660262159360287,0.4943181818181818,91.89839148133906,0.4218903878481761,3669
raw,60,2,0.3,rank,5,0.2339869309700168,0.33276611255109345,,-0.32951427910211895,0.5170454545454546,39.188685828899956,0.18147641556136046,3669
raw,60,2,0.3,rank,10,0.27856861181102727,0.3967411485406041,,-0.29575227470250975,0.5113636363636364,27.534051872524557,0.1276317824185704,3669
raw,60,2,0.3,rank,21,0.14773081839037785,0.2053713554498241,,-0.36086558082307674,0.5056818181818182,19.589446154994633,0.09055011125767531,3669
raw,60,2,0.3,volinv,1,-0.23633186641066847,-0.31685951981644694,,-0.5623222048921956,0.4090909090909091,132.88476487919485,0.6062875488892077,3669
raw,60,2,0.3,volinv,5,0.04939564141869977,0.06741999052882755,,-0.39668392316662004,0.44886363636363635,53.99450268153198,0.24721121666377305,3669
raw,60,2,0.3,volinv,10,0.11776743950395,0.16220288235187885,,-0.3904408166892064,0.48295454545454547,36.20049363724232,0.16584229470526696,3669
raw,60,2,0.3,volinv,21,0.0734835043366866,0.0971080917154846,,-0.44804796460733876,0.5,24.324236791994867,0.11294837002029867,3669
raw,60,7,0.1,equal,1,0.08939695578421344,0.12982547128273772,,-0.3995601112187738,0.4943181818181818,123.99591169255926,0.6210723120330011,3669
raw,60,7,0.1,equal,5,0.2019301386307617,0.29032079714922693,,-0.2864409863379517,0.5284090909090909,52.589533932951745,0.25863672270351745,3669
raw,60,7,0.1,equal,10,0.20302752764744147,0.29228021642751384,,-0.2918163843979187,0.4943181818181818,36.353229762878165,0.18129234363145819,3669
raw,60,7,0.1,equal,21,0.3173445054011895,0.44072267527201864,,-0.3313864769758972,0.5284090909090909,23.80866721177432,0.12427513476112123,3669
raw,60,7,0.1,rank,1,0.11287094726873108,0.16442190386941902,,-0.3924375659133489,0.4943181818181818,125.55600736416127,0.6233667648630146,3669
raw,60,7,0.1,rank,5,0.21761982430148155,0.3147469465160098,,-0.2877620476911429,0.5284090909090909,53.167107994763704,0.26004056715945456,3669
raw,60,7,0.1,rank,10,0.21327873499190458,0.3084471651727463,,-0.290182182655351,0.4943181818181818,36.68763362140255,0.18217481785660106,3669
raw,60,7,0.1,rank,21,0.3131243259788694,0.43717216213821725,,-0.3368511889805813,0.5170454545454546,24.025847562863397,0.12468836073029808,3669
raw,60,7,0.1,volinv,1,-0.04231015599242375,-0.05996316647329102,,-0.47212731641663597,0.45454545454545453,171.73424459286113,0.8371263941589557,3669
raw,60,7,0.1,volinv,5,0.07126033886855458,0.09884807836609581,,-0.3511040511484703,0.4772727272727273,67.96463558208157,0.33440858445897037,3669
raw,60,7,0.1,volinv,10,0.15810101238440924,0.21891457871982306,,-0.34333465920278106,0.4943181818181818,45.61144067367103,0.224517445630807,3669
raw,60,7,0.1,volinv,21,0.3009441085592325,0.39918358790368264,,-0.36030311844537444,0.5227272727272727,28.383160197492167,0.14252033242658824,3669
raw,60,7,0.2,equal,1,0.0605633641642198,0.0873384351697572,,-0.39261924745899945,0.44886363636363635,100.01300081766146,0.4751751180053202,3669
raw,60,7,0.2,equal,5,0.0959940019285616,0.13696308101173182,,-0.3013124930112825,0.45454545454545453,42.10588716271463,0.20143091643778577,3669
raw,60,7,0.2,equal,10,0.10682844660306302,0.15002699907889358,,-0.2976802459064737,0.45454545454545453,30.3363859362224,0.14650156091832336,3669
raw,60,7,0.2,equal,21,0.20090263503294645,0.2757543787793815,,-0.3855550455661505,0.5170454545454546,20.557563368765326,0.0972493197037269,3669
raw,60,7,0.2,rank,1,0.09083628069958863,0.1312734647678598,,-0.3887052836750311,0.4659090909090909,104.07270977850972,0.48806720140467935,3669
raw,60,7,0.2,rank,5,0.12946294983037376,0.18514703789998677,,-0.2953679488338702,0.44886363636363635,43.88878477921675,0.2072054222463844,3669
raw,60,7,0.2,rank,10,0.12667993858920776,0.1786509722389754,,-0.2953125907838565,0.4659090909090909,31.343716404651463,0.149975798392313,3669
raw,60,7,0.2,rank,21,0.22326594824762025,0.30837369178178653,,-0.3846608767095755,0.5284090909090909,21.138353350902253,0.10001458977049044,3669
raw,60,7,0.2,volinv,1,-0.10562601968655494,-0.14682904785745496,,-0.45415100203708714,0.4772727272727273,152.53495301456718,0.7128381104139174,3669
raw,60,7,0.2,volinv,5,-0.07738880464088377,-0.10566729913948787,,-0.3712801081358156,0.48295454545454547,59.57454466348543,0.277572678109393,3669
raw,60,7,0.2,volinv,10,0.0513077659079182,0.06985228382638237,,-0.3091816311744001,0.4715909090909091,40.908291955364376,0.19194665854720688,3669
raw,60,7,0.2,volinv,21,0.12207460543621873,0.16199672676319116,,-0.4352258290611467,0.5056818181818182,26.256478530879914,0.13044760712804107,3669
raw,60,7,0.3,equal,1,0.09066678652313886,0.12791809020904232,,-0.37145771851255216,0.5170454545454546,83.86179581732215,0.3928290992454143,3669
raw,60,7,0.3,equal,5,0.16146308560127626,0.2259816731199423,,-0.2797024527615709,0.5,35.88164269162527,0.1673382121540509,3669
raw,60,7,0.3,equal,10,0.17836529604117984,0.24889605325277073,,-0.3243674776901818,0.48863636363636365,25.79456982279692,0.12144177247529792,3669
raw,60,7,0.3,equal,21,0.10292128103647444,0.13765014870965017,,-0.4149431653725356,0.5284090909090909,17.79612434918347,0.08235810753672779,3669
raw,60,7,0.3,rank,1,0.10402590497720375,0.1479021644873819,,-0.3772009562131382,0.5,91.73395210732947,0.42254716187336006,3669
raw,60,7,0.3,rank,5,0.1723976925716285,0.2431503835870383,,-0.28495218481900453,0.48863636363636365,39.11444704948146,0.18047525292381705,3669
raw,60,7,0.3,rank,10,0.17500568927771226,0.24556220492983463,,-0.3084188038580228,0.48295454545454547,27.915197104910668,0.1307045846277329,3669
raw,60,7,0.3,rank,21,0.15715124785392884,0.21341443505149468,,-0.40185415832339266,0.5113636363636364,19.05466888736052,0.08829044434497732,3669
raw,60,7,0.3,volinv,1,-0.12454219761065846,-0.17068763099080947,,-0.44322074567213277,0.48863636363636365,132.94593097257095,0.6064614348297334,3669
raw,60,7,0.3,volinv,5,0.022227631635515954,0.029906118151768312,,-0.3474863781225316,0.5,53.745356296505456,0.2461774365791799,3669
raw,60,7,0.3,volinv,10,0.10392266689609168,0.13967138699793763,,-0.35401749231220125,0.48295454545454547,36.92133129129887,0.1692285548883758,3669
raw,60,7,0.3,volinv,21,0.07597748035790769,0.09679290893525345,,-0.4089199009995118,0.5113636363636364,23.646945204348107,0.11060265216538698,3669
raw,90,0,0.1,equal,1,0.27656313482428224,0.3989003974699705,,-0.3105102881636893,0.5,101.88961569910055,0.5331800087598949,3669
raw,90,0,0.1,equal,5,0.17500505058982804,0.25036216188304067,,-0.3399180831750974,0.4715909090909091,43.96974652493867,0.2248930316640165,3669
raw,90,0,0.1,equal,10,0.17454169421511956,0.24534823573298528,,-0.3123675870168867,0.4772727272727273,30.257563368765325,0.14679468531381598,3669
raw,90,0,0.1,equal,21,0.34647609888224945,0.49893318312221296,,-0.2793376909406037,0.5,20.60752248569092,0.11615895411386223,3669
raw,90,0,0.1,rank,1,0.2868766718393331,0.4137892067351709,,-0.3074362330531242,0.5056818181818182,103.44187799276837,0.536238286205855,3669
raw,90,0,0.1,rank,5,0.1835267293021117,0.2618683067020649,,-0.33758667536695297,0.48295454545454547,44.553811587381325,0.22790592717679953,3669
raw,90,0,0.1,rank,10,0.18178768959421915,0.25526469253363676,,-0.3143675734492961,0.48295454545454547,30.620295506152416,0.14800506546143294,3669
raw,90,0,0.1,rank,21,0.3676783163173804,0.5331719739743732,,-0.2797011249589757,0.5,20.762037845865656,0.11704432198425153,3669
raw,90,0,0.1,volinv,1,0.08548871709201013,0.12036787753914886,,-0.40000944307207686,0.48295454545454547,144.86111858504324,0.7042479227305293,3669
raw,90,0,0.1,volinv,5,0.05418054407901513,0.07571130063067513,,-0.377906790451911,0.4659090909090909,59.45836362648197,0.29530650098913974,3669
raw,90,0,0.1,volinv,10,0.06290264086249163,0.08632691830989049,,-0.3703110427508527,0.4715909090909091,39.29466326549011,0.19226124546699638,3669
raw,90,0,0.1,volinv,21,0.27632189883463326,0.38320705876961997,,-0.34763368255196936,0.48295454545454547,25.584821200670667,0.13032155596027695,3669
raw,90,0,0.2,equal,1,0.15342733171884437,0.21546684883222628,,-0.3105300516029962,0.4602272727272727,83.30114472608338,0.4064807040939601,3669
raw,90,0,0.2,equal,5,0.21922957399269874,0.31003995081669367,,-0.3375819462822519,0.4772727272727273,36.59288634505314,0.17478072108111542,3669
raw,90,0,0.2,equal,10,0.2069468575340256,0.2915840537369037,,-0.34215398891788185,0.45454545454545453,25.769501226492228,0.12151905097001509,3669
raw,90,0,0.2,equal,21,0.25227152580911444,0.3544164652524687,,-0.30432336826994333,0.4943181818181818,16.923630417007356,0.08159069189553443,3669
raw,90,0,0.2,rank,1,0.19272591758130542,0.27217790508670614,,-0.30423123998353996,0.4659090909090909,86.79498686062325,0.41499655209557884,3669
raw,90,0,0.2,rank,5,0.2212462979361023,0.3131440726473585,,-0.34103685812308704,0.48295454545454547,37.93657556211262,0.18000558323159815,3669
raw,90,0,0.2,rank,10,0.2077438610037962,0.2922730381558557,,-0.3259882147742309,0.4715909090909091,26.606969059691437,0.12463816294813698,3669
raw,90,0,0.2,rank,21,0.2837161339728706,0.4019493567299056,,-0.29011709388294415,0.4943181818181818,17.519925995768656,0.0853765358054576,3669
raw,90,0,0.2,volinv,1,-0.1596462052073244,-0.21245226115768318,,-0.5056196889093343,0.42613636363636365,131.0981617428792,0.6185015817099283,3669
raw,90,0,0.2,volinv,5,0.030879312879712364,0.04125913127462863,,-0.41034331239541966,0.4602272727272727,54.315602118882985,0.25642880348753305,3669
raw,90,0,0.2,volinv,10,0.00393249297725765,0.005273743071396245,,-0.4769053513513398,0.4715909090909091,37.30599536014168,0.17364285484995995,3669
raw,90,0,0.2,volinv,21,0.13898094181663806,0.18671215149552606,,-0.35951948972610315,0.5284090909090909,23.309692607026665,0.1114197954192121,3669
raw,90,0,0.3,equal,1,0.1524139195844942,0.21122342045843265,,-0.3172904233672328,0.4659090909090909,69.48102734479784,0.32216161671025145,3669
raw,90,0,0.3,equal,5,0.12412135952160763,0.17029136975389042,,-0.38813282912401503,0.44886363636363635,31.081960060629758,0.14411992135735108,3669
raw,90,0,0.3,equal,10,0.13828387083633173,0.19054017789287073,,-0.42660635762642307,0.45454545454545453,21.830039525691696,0.10099551138148846,3669
raw,90,0,0.3,equal,21,0.20850127165093016,0.29188023923612694,,-0.3489133396500175,0.5,14.446511041661951,0.06672496148924573,3669
raw,90,0,0.3,rank,1,0.19348417565724693,0.2703481604090799,,-0.3050587954862375,0.4715909090909091,76.14801126308092,0.3486491367023553,3669
raw,90,0,0.3,rank,5,0.1657581676245409,0.2296820733592685,,-0.3407177610126991,0.4659090909090909,33.70141912042288,0.15556924200823172,3669
raw,90,0,0.3,rank,10,0.1690011513407183,0.23396455348675996,,-0.3819129990484703,0.4659090909090909,23.628877116173847,0.10853341592879734,3669
raw,90,0,0.3,rank,21,0.24590416672985496,0.3459935197169968,,-0.32371166509382476,0.48863636363636365,15.653716243996335,0.0728331766027909,3669
raw,90,0,0.3,volinv,1,-0.1538122319469373,-0.199950947940075,,-0.5334100730038976,0.4147727272727273,115.16140361361586,0.5230020623424678,3669
raw,90,0,0.3,volinv,5,-0.039705840259687424,-0.05121404813763123,,-0.47286057041702745,0.4943181818181818,47.77995526248246,0.21846922957050213,3669
raw,90,0,0.3,volinv,10,-0.027468770326553624,-0.035625138864702935,,-0.5219111895398165,0.4602272727272727,32.8809780814338,0.15000379096893768,3669
raw,90,0,0.3,volinv,21,0.04959464555231771,0.06559658397499787,,-0.40719868377057866,0.5056818181818182,20.44147539077473,0.09592859766345102,3669
raw,90,2,0.1,equal,1,0.2000280869969507,0.28728871121594546,,-0.3611307996695112,0.48863636363636365,101.85282093213408,0.5442720682728439,3669
raw,90,2,0.1,equal,5,0.3707332045877959,0.544969207679715,,-0.38004682800736145,0.5,43.30989370400655,0.22277536474554616,3669
raw,90,2,0.1,equal,10,0.2815413262589794,0.4076626376852535,,-0.3286340234804699,0.48295454545454547,30.1471790678659,0.15024294532699997,3669
raw,90,2,0.1,equal,21,0.4690970664570706,0.6953649596823206,,-0.2823570730374021,0.5056818181818182,20.48732624693377,0.10718402082456754,3669
raw,90,2,0.1,rank,1,0.2077061676651749,0.29862267659820085,,-0.35722828699157705,0.4943181818181818,103.39971824770767,0.5464858546177515,3669
raw,90,2,0.1,rank,5,0.37266131343987363,0.5484820132394853,,-0.363006713491126,0.5170454545454546,43.92376110703295,0.22328251384178133,3669
raw,90,2,0.1,rank,10,0.2834812956378984,0.41184712886429464,,-0.31748506402248844,0.4943181818181818,30.50875394342075,0.15126536485388276,3669
raw,90,2,0.1,rank,21,0.48186317008743035,0.7190212413271158,,-0.27929668327721857,0.5170454545454546,20.66050298270655,0.10708395510254286,3669
raw,90,2,0.1,volinv,1,0.017189151158498842,0.023840284631906485,,-0.4357855238147327,0.4772727272727273,144.74038907178505,0.7030325160830465,3669
raw,90,2,0.1,volinv,5,0.25591567564040685,0.3669203447499882,,-0.4627893829118125,0.5056818181818182,58.223593936995016,0.28609992473839396,3669
raw,90,2,0.1,volinv,10,0.13341211571452957,0.18811200911996145,,-0.4215090212378856,0.4659090909090909,39.22220532484702,0.19555278957755323,3669
raw,90,2,0.1,volinv,21,0.3670284154159837,0.5222840388737052,,-0.3289458793668939,0.4772727272727273,25.544830655306168,0.12757803558767994,3669
raw,90,2,0.2,equal,1,0.08179781555575275,0.11516750238263654,,-0.3981325699140933,0.4602272727272727,83.2210139002453,0.4054043137034645,3669
raw,90,2,0.2,equal,5,0.280073402207143,0.395149840586688,,-0.34289803066265057,0.4659090909090909,35.69370400654128,0.17199208814233918,3669
raw,90,2,0.2,equal,10,0.185786078393825,0.2597437429347539,,-0.36150941088070676,0.4715909090909091,24.93957481602616,0.1194036558868643,3669
raw,90,2,0.2,equal,21,0.15962171690230734,0.22456356990450693,,-0.39728923687516493,0.4715909090909091,17.226982829108746,0.08288920473731898,3669
raw,90,2,0.2,rank,1,0.11568973618000793,0.16383922470817522,,-0.374294549336989,0.45454545454545453,86.71437774677489,0.4142923748089186,3669
raw,90,2,0.2,rank,5,0.3108763213927581,0.4405258094987048,,-0.3340769658138183,0.48295454545454547,37.04207381411864,0.17562571560151738,3669
raw,90,2,0.2,rank,10,0.21084029219959471,0.29592002467762063,,-0.324639194238459,0.4659090909090909,25.84502107742855,0.12260681077099801,3669
raw,90,2,0.2,rank,21,0.2201093915400525,0.3129163324867867,,-0.35370277843462805,0.5,17.767091425011035,0.08485981444236401,3669
raw,90,2,0.2,volinv,1,-0.1341470284800233,-0.17927852567979227,,-0.5126365658751446,0.4318181818181818,131.0506578551825,0.6156655775400841,3669
raw,90,2,0.2,volinv,5,0.10386476507166174,0.14098210192848717,,-0.46325063683987266,0.4715909090909091,52.971665587492616,0.2476262951947064,3669
raw,90,2,0.2,volinv,10,0.02723908929927797,0.036931891648888854,,-0.5296919400675708,0.4431818181818182,35.662411244254436,0.16828117833523132,3669
raw,90,2,0.2,volinv,21,0.06186981264108864,0.08364314371865132,,-0.4909442425681263,0.4943181818181818,23.386512211223664,0.11195060714068802,3669
raw,90,2,0.3,equal,1,0.04535390954348166,0.06240825092284145,,-0.44528786349939964,0.44886363636363635,69.4285192570592,0.3210115485871868,3669
raw,90,2,0.3,equal,5,0.2285225724715164,0.31827517790219745,,-0.4131437030720101,0.4715909090909091,30.354244568045267,0.14061751953424143,3669
raw,90,2,0.3,equal,10,0.21447738374731165,0.29494891884221275,,-0.43848307736350356,0.44886363636363635,20.965703463588206,0.09792281572059673,3669
raw,90,2,0.3,equal,21,0.112170713005286,0.1548830098288637,,-0.41370088481973855,0.4659090909090909,14.86680197402228,0.06837973246215995,3669
raw,90,2,0.3,rank,1,0.08361442320101284,0.11630933408010209,,-0.42382852308790864,0.4431818181818182,76.08924463559163,0.34778337438143625,3669
raw,90,2,0.3,rank,5,0.27394168227739724,0.38442840229041825,,-0.3869830668299651,0.4772727272727273,32.93577742491762,0.15073487263265223,3669
raw,90,2,0.3,rank,10,0.22763959471635306,0.3153947840417185,,-0.3903317333004518,0.4431818181818182,22.829998339470468,0.10559561079977393,3669
raw,90,2,0.3,rank,21,0.17650953440717546,0.24788587047871047,,-0.3799015225630131,0.4715909090909091,15.96506183227461,0.07353181437037958,3669
raw,90,2,0.3,volinv,1,-0.19087907671312263,-0.2465551255640799,,-0.5422375770325669,0.4318181818181818,115.0388082409088,0.5231881046950311,3669
raw,90,2,0.3,volinv,5,-0.04344951084155628,-0.057252182014728176,,-0.5400479598991708,0.4772727272727273,47.775633030161714,0.21891335478657964,3669
raw,90,2,0.3,volinv,10,8.329261513165061e-05,0.00011041649704243042,,-0.5495643139857775,0.48295454545454547,31.583050426316344,0.1446670681322182,3669
raw,90,2,0.3,volinv,21,-0.01082215472624013,-0.014203357092772014,,-0.4720589737029902,0.48295454545454547,21.022632371586347,0.09867351217623328,3669
raw,90,7,0.1,equal,1,0.2874484299700094,0.41410893678363536,,-0.30321659671307766,0.4943181818181818,101.75960752248568,0.5269224793876484,3669
raw,90,7,0.1,equal,5,0.43010822891937234,0.6195228570157669,,-0.29062284604785193,0.5284090909090909,43.27555192150449,0.22851395860589352,3669
raw,90,7,0.1,equal,10,0.47253639204259096,0.6771017288692099,,-0.259009353051603,0.5170454545454546,30.426819296811118,0.1594540783179589,3669
raw,90,7,0.1,equal,21,0.4835011295243306,0.705998419038254,,-0.2762959199666962,0.5340909090909091,20.24938675388389,0.10467071219849318,3669
raw,90,7,0.1,rank,1,0.2962752399686065,0.42865606078185176,,-0.3024561117981376,0.4943181818181818,103.30466880139775,0.5284691024088077,3669
raw,90,7,0.1,rank,5,0.43043226450442557,0.6221314590571492,,-0.29157132590318324,0.5170454545454546,43.88806697494689,0.22869297954339218,3669
raw,90,7,0.1,rank,10,0.47771377868995224,0.6865832345719858,,-0.2578051954190348,0.5227272727272727,30.78038408019271,0.15997846950611663,3669
raw,90,7,0.1,rank,21,0.5110786970103643,0.7492624353705738,,-0.27741766807092816,0.5397727272727273,20.432983664753202,0.10464016422465874,3669
raw,90,7,0.1,volinv,1,0.11368325183048893,0.15949502801663326,,-0.38427536602573564,0.48295454545454547,144.1655569960971,0.6940626258549647,3669
raw,90,7,0.1,volinv,5,0.2718676667292107,0.38405687054843624,,-0.33646886400855913,0.5113636363636364,58.01634421544498,0.28404804684845913,3669
raw,90,7,0.1,volinv,10,0.3154540405514785,0.43768509423576063,,-0.2778433616495656,0.5,39.452176922015376,0.19607842524339658,3669
raw,90,7,0.1,volinv,21,0.41365177971813233,0.5830121078525103,,-0.32931400056487536,0.48863636363636365,25.485911687299684,0.12352748576673761,3669
raw,90,7,0.2,equal,1,0.117591992869437,0.16482826878441448,,-0.3514583129898553,0.4772727272727273,83.11512673753063,0.4090398959036059,3669
raw,90,7,0.2,equal,5,0.12336058117154593,0.17027362988675052,,-0.39950327811586916,0.5113636363636364,35.64905968928863,0.17250593197555786,3669
raw,90,7,0.2,equal,10,0.21338444249834262,0.29587622134480135,,-0.3365992472319751,0.5227272727272727,25.36827473426001,0.12039565421503924,3669
raw,90,7,0.2,equal,21,0.2993742156790908,0.42727153153989766,,-0.3103574595939774,0.5056818181818182,17.16688470973017,0.08313647185086276,3669
raw,90,7,0.2,rank,1,0.16180009287969205,0.2280478585984951,,-0.3370778886766077,0.5170454545454546,86.60794283878379,0.4163879414559276,3669
raw,90,7,0.2,rank,5,0.17273303577318688,0.24009991970869488,,-0.34978147157881534,0.5056818181818182,36.99724838045032,0.17615836993371528,3669
raw,90,7,0.2,rank,10,0.2534790010451577,0.35359218910337664,,-0.32344799596556517,0.5,26.262632733164033,0.12372891708128765,3669
raw,90,7,0.2,rank,21,0.3456428765005097,0.4974801165186566,,-0.2948923897394443,0.5,17.67369065144274,0.08526588690971254,3669
raw,90,7,0.2,volinv,1,-0.1340874723609831,-0.179138529051147,,-0.5548250852827665,0.4659090909090909,130.6425675832285,0.6203703158864802,3669
raw,90,7,0.2,volinv,5,-0.10040634905642437,-0.13480799926558357,,-0.6020122206343052,0.4602272727272727,52.627680550023086,0.2498205633590737,3669
raw,90,7,0.2,volinv,10,0.019718868041500824,0.026577748123318586,,-0.4441077143848343,0.4715909090909091,36.073284206474334,0.16860991029461414,3669
raw,90,7,0.2,volinv,21,0.16942001549541963,0.23291607058552055,,-0.35296822339329237,0.5113636363636364,23.270993663878418,0.10911431864495738,3669
raw,90,7,0.3,equal,1,0.12056538096583126,0.16769780624323719,,-0.4559098911547944,0.4772727272727273,69.32947556549533,0.32089734611523124,3669
raw,90,7,0.3,equal,5,0.17236196309590804,0.23745469347251702,,-0.4587676347700188,0.4715909090909091,30.284067882062832,0.14021533437114775,3669
raw,90,7,0.3,equal,10,0.2362005756182897,0.32786620661674276,,-0.3632574135740837,0.4943181818181818,21.414635171078697,0.09843360380275276,3669
raw,90,7,0.3,equal,21,0.2644885407219414,0.37378853291773223,,-0.35108282531671664,0.5113636363636364,14.400269537423362,0.06799777057269205,3669
raw,90,7,0.3,rank,1,0.15109462832513298,0.21138042738846274,,-0.3973512594648635,0.48295454545454547,75.98649177009568,0.34726947106739026,3669
raw,90,7,0.3,rank,5,0.19678682183306004,0.272258807823184,,-0.3986665214107631,0.4943181818181818,32.873745035180725,0.15071142540353832,3669
raw,90,7,0.3,rank,10,0.267112538864367,0.37234418570174294,,-0.3439775115951904,0.5056818181818182,23.295321048406397,0.1066167018718236,3669
raw,90,7,0.3,rank,21,0.3276696591669603,0.46725930420231265,,-0.3211412358532718,0.5056818181818182,15.60038423159408,0.07312812487649875,3669
raw,90,7,0.3,volinv,1,-0.12662133234706843,-0.16876571660311082,,-0.5909210501249667,0.4602272727272727,115.25982126127262,0.5242250828422004,3669
raw,90,7,0.3,volinv,5,-0.07946928088798222,-0.1057267008227688,,-0.5977689474850064,0.45454545454545453,47.606499564751445,0.2179419802508874,3669
raw,90,7,0.3,volinv,10,0.07039781538619015,0.0932286217792274,,-0.47917068632146675,0.4943181818181818,32.261726311119936,0.14686916250660084,3669
raw,90,7,0.3,volinv,21,0.15103325006385224,0.20252760941995213,,-0.4199189031117694,0.5454545454545454,20.540036417012107,0.09493248135164087,3669
raw,120,0,0.1,equal,1,0.27513537601956306,0.3857447422910683,,-0.3773128445056452,0.4659090909090909,89.44317252657397,0.4738159921807686,3669
raw,120,0,0.1,equal,5,0.3008908394449788,0.426965458156407,,-0.30541899506139125,0.4772727272727273,37.292722812755514,0.20216090601196626,3669
raw,120,0,0.1,equal,10,0.3567414462380517,0.5120006969943026,,-0.3019607559087485,0.5,25.984464431725264,0.13467547152667259,3669
raw,120,0,0.1,equal,21,0.507447400455056,0.7376592278722331,,-0.2749049996351902,0.5284090909090909,16.996729354047424,0.09167677620486409,3669
raw,120,0,0.1,rank,1,0.2845441779301006,0.40043382661811006,,-0.37792766096174957,0.4659090909090909,90.65759924744015,0.47551569028763974,3669
raw,120,0,0.1,rank,5,0.30509629331922,0.43491066602717526,,-0.30775748838489225,0.48295454545454547,37.76759156399538,0.20357844748738038,3669
raw,120,0,0.1,rank,10,0.36684224282669486,0.529032706797188,,-0.3008886246044211,0.4943181818181818,26.258786391011363,0.1348606412162226,3669
raw,120,0,0.1,rank,21,0.5211246243722945,0.7594473568085734,,-0.26873852111049057,0.5284090909090909,17.1713227376036,0.09311185371046976,3669
raw,120,0,0.1,volinv,1,0.07529222847698844,0.10325540015351775,,-0.4116057346119556,0.48295454545454547,130.52490272683235,0.6444883458911386,3669
raw,120,0,0.1,volinv,5,0.0911564608702412,0.12663506988602632,,-0.3609680719105268,0.4659090909090909,52.74291544170412,0.26451787957245365,3669
raw,120,0,0.1,volinv,10,0.1710322539688762,0.23769862075324633,,-0.31413092824679845,0.4772727272727273,35.89645164595264,0.18043333790299704,3669
raw,120,0,0.1,volinv,21,0.501280976598109,0.7098503545605965,,-0.26858105269268384,0.5227272727272727,22.195438488288175,0.10733899611237441,3669
raw,120,0,0.2,equal,1,0.22069857055923267,0.30704366499177144,,-0.2920660885808516,0.5113636363636364,71.11610793131642,0.3419048333577617,3669
raw,120,0,0.2,equal,5,0.3106491626489025,0.4349386681592561,,-0.3104189916123924,0.5170454545454546,30.417661488143903,0.14782721921237488,3669
raw,120,0,0.2,equal,10,0.3666965681210272,0.513777187202833,,-0.2560007632740027,0.5284090909090909,21.084709730171706,0.10265495506499991,3669
raw,120,0,0.2,equal,21,0.365765692010217,0.5155660749944538,,-0.2757782079238297,0.5284090909090909,14.136222403924775,0.07237624499483988,3669
raw,120,0,0.2,rank,1,0.23504785751595736,0.3292558455279189,,-0.29951375593375607,0.4943181818181818,74.29818570664975,0.3536551483849051,3669
raw,120,0,0.2,rank,5,0.31413953043579623,0.44323662617710835,,-0.31264832715006485,0.5170454545454546,31.652528676983636,0.1532664376371738,3669
raw,120,0,0.2,rank,10,0.37295241399067885,0.5260303120835367,,-0.26140017146514005,0.5340909090909091,21.954001493858527,0.1057978668260411,3669
raw,120,0,0.2,rank,21,0.4030011447212344,0.5736878391048881,,-0.266315306595601,0.5340909090909091,14.666649268222564,0.07503828505169689,3669
raw,120,0,0.2,volinv,1,-0.05205524072598496,-0.06888349123415095,,-0.3851363504992211,0.45454545454545453,117.48486406222264,0.5471595745838833,3669
raw,120,0,0.2,volinv,5,0.12286451709040348,0.16507514021442582,,-0.3409015699497997,0.4772727272727273,47.98444133105837,0.2248631330641894,3669
raw,120,0,0.2,volinv,10,0.20224891788632643,0.2755979137015489,,-0.3201759262758016,0.4659090909090909,32.27642179963619,0.15210994207643913,3669
raw,120,0,0.2,volinv,21,0.23297705212767825,0.31062624406212924,,-0.3364451824111693,0.5,20.3870547354565,0.09713724045604635,3669
raw,120,0,0.3,equal,1,0.318515137640436,0.441292827937502,,-0.28735962239727264,0.5113636363636364,60.872619328483374,0.28162962236942357,3669
raw,120,0,0.3,equal,5,0.3509829450313428,0.48733883142154283,,-0.28375631882081587,0.5113636363636364,26.19325574706142,0.12079315736285492,3669
raw,120,0,0.3,equal,10,0.4048020172497649,0.5658829450033998,,-0.2249461287039315,0.5,18.19917652115739,0.08424215178010294,3669
raw,120,0,0.3,equal,21,0.34890660971110593,0.48676766578493114,,-0.28974620518287975,0.5170454545454546,12.288996474036821,0.057051157008272985,3669
raw,120,0,0.3,rank,1,0.2987516332749649,0.4170876618252031,,-0.29466202027975985,0.5056818181818182,66.31132945362972,0.3039699287871376,3669
raw,120,0,0.3,rank,5,0.33890583356378334,0.474993222664087,,-0.27762646554817283,0.5170454545454546,28.37824379042654,0.13095502170074896,3669
raw,120,0,0.3,rank,10,0.3924266111306725,0.5521004534395909,,-0.24653908990277928,0.4943181818181818,19.75587854643566,0.09122979608425033,3669
raw,120,0,0.3,rank,21,0.3842845036519853,0.5413696047704043,,-0.2735130097811924,0.5113636363636364,13.265975248410216,0.062295925748147934,3669
raw,120,0,0.3,volinv,1,0.13427365693844942,0.1757434099549435,,-0.4052035267996499,0.4715909090909091,106.44708224865578,0.4826662011661953,3669
raw,120,0,0.3,volinv,5,0.17848155355704584,0.2345300998895842,,-0.3479240887731426,0.5056818181818182,43.4161494240126,0.1984541764762962,3669
raw,120,0,0.3,volinv,10,0.26829928874983017,0.35651441905930187,,-0.2869249828633027,0.4772727272727273,29.11152445503149,0.13288823593461802,3669
raw,120,0,0.3,volinv,21,0.29014673982499706,0.3816054993589692,,-0.3401346378322945,0.48863636363636365,18.12761827156612,0.08568776047793919,3669
raw,120,2,0.1,equal,1,0.3751715559147901,0.5379104136818387,,-0.3066042449997445,0.5113636363636364,89.33033524121012,0.4725450601376316,3669
raw,120,2,0.1,equal,5,0.3668700262599798,0.5347534997490346,,-0.3162500472789789,0.4659090909090909,37.55764513491414,0.18992001839496522,3669
raw,120,2,0.1,equal,10,0.434797590724206,0.6358708169031326,,-0.26326298359852796,0.5,25.785772690106295,0.13396387711742808,3669
raw,120,2,0.1,equal,21,0.4682892764069238,0.6788502522402408,,-0.2790908562741674,0.5284090909090909,17.401471790678656,0.08490483151198588,3669
raw,120,2,0.1,rank,1,0.37410746454000476,0.5382095053006102,,-0.3140427415664996,0.5,90.54677370547205,0.47428108372231925,3669
raw,120,2,0.1,rank,5,0.37125338604746944,0.5422732741976517,,-0.3195363069435745,0.4659090909090909,37.9832592573676,0.18995636376352404,3669
raw,120,2,0.1,rank,10,0.4397697741161819,0.6438946959199433,,-0.26901090521777804,0.5056818181818182,26.07861832350312,0.1340172627007255,3669
raw,120,2,0.1,rank,21,0.48319467034328417,0.7030831752772019,,-0.2762149916710427,0.5340909090909091,17.567371376250044,0.08543839459431038,3669
raw,120,2,0.1,volinv,1,0.17215808071796365,0.23820370301901328,,-0.3390943076563361,0.4602272727272727,130.49300568700087,0.6406116038687932,3669
raw,120,2,0.1,volinv,5,0.18830046403599376,0.2621031000259868,,-0.32367114899693583,0.4715909090909091,52.66723237748861,0.2599980124668298,3669
raw,120,2,0.1,volinv,10,0.2801005447738052,0.3885395478022263,,-0.30544671364545906,0.48295454545454547,35.36903682711236,0.17714486147377417,3669
raw,120,2,0.1,volinv,21,0.4541720140120897,0.6351328011696422,,-0.2825450687315447,0.5284090909090909,22.370180307376337,0.10716642507963886,3669
raw,120,2,0.2,equal,1,0.34189048685522766,0.4854373533814454,,-0.2968406880707257,0.5227272727272727,71.04570727718723,0.3459828433680289,3669
raw,120,2,0.2,equal,5,0.4780282504323138,0.6865518358234228,,-0.27616781076378893,0.5397727272727273,29.858462796402286,0.14354667190523177,3669
raw,120,2,0.2,equal,10,0.4652284697164918,0.6649792835879244,,-0.2445434671116603,0.5397727272727273,20.88896156991005,0.10172300249429761,3669
raw,120,2,0.2,equal,21,0.38855681899579236,0.5518994026456581,,-0.2799435980571947,0.5,14.24210956663941,0.0681876675535628,3669
raw,120,2,0.2,rank,1,0.3508823981082871,0.5020962858645042,,-0.3075775275277627,0.48863636363636365,74.22576199974183,0.3562982380795221,3669
raw,120,2,0.2,rank,5,0.4736579845145436,0.6869691288846373,,-0.2830100699853084,0.5397727272727273,31.157485897228312,0.147654022306623,3669
raw,120,2,0.2,rank,10,0.464745952016644,0.6669771545626737,,-0.24906495269229356,0.5340909090909091,21.695351503917603,0.10428379973670132,3669
raw,120,2,0.2,rank,21,0.41878222246805674,0.6021366911616144,,-0.2652283688498108,0.5113636363636364,14.796692610716079,0.07032755310354083,3669
raw,120,2,0.2,volinv,1,0.08102559976453676,0.11034684107741617,,-0.3391940869426585,0.44886363636363635,117.6534328983088,0.5478338428152052,3669
raw,120,2,0.2,volinv,5,0.2917021110399606,0.4023871499642037,,-0.31749615981679746,0.4772727272727273,46.593337016326885,0.218168496145596,3669
raw,120,2,0.2,volinv,10,0.3069010420593061,0.4166195221588179,,-0.2572281610941469,0.5113636363636364,31.913465842116302,0.15038097996900152,3669
raw,120,2,0.2,volinv,21,0.2164921437121988,0.2892811261866814,,-0.336562681774219,0.5,20.35873310622701,0.10009026332874657,3669
raw,120,2,0.3,equal,1,0.3523404746477395,0.48999560445738594,,-0.30506103115135585,0.5113636363636364,60.81463646382413,0.2810813789785646,3669
raw,120,2,0.3,equal,5,0.4802067665629119,0.671189200618435,,-0.3077774340478685,0.5170454545454546,25.790045213771613,0.11834686048640645,3669
raw,120,2,0.3,equal,10,0.4327480022275841,0.6067526974784068,,-0.3048894248896452,0.5056818181818182,17.822072981943577,0.08253919274906636,3669
raw,120,2,0.3,equal,21,0.35415011950905273,0.4938991152919916,,-0.29790695057080574,0.5170454545454546,12.514141019135863,0.05751019846983209,3669
raw,120,2,0.3,rank,1,0.3580866760870039,0.5052340047401649,,-0.3146645949754022,0.5056818181818182,66.24483781033123,0.3034980826280824,3669
raw,120,2,0.3,rank,5,0.4736724542577552,0.671033222690104,,-0.3058728253519235,0.5284090909090909,27.96995278737904,0.1273816857583787,3669
raw,120,2,0.3,rank,10,0.44700557205080454,0.6318551351624067,,-0.28735020803178424,0.5170454545454546,19.306410319378003,0.08901353190679409,3669
raw,120,2,0.3,rank,21,0.39175205971265753,0.5512244389302423,,-0.2790441851987271,0.5340909090909091,13.457701633337802,0.06183164133205618,3669
raw,120,2,0.3,volinv,1,0.06959188982562177,0.09142672841708763,,-0.3958751503466936,0.4772727272727273,106.27783688904142,0.4817577468584594,3669
raw,120,2,0.3,volinv,5,0.24614886457554458,0.3276609270027698,,-0.3722471718486743,0.5056818181818182,41.84311554604896,0.19087042420130962,3669
raw,120,2,0.3,volinv,10,0.27421508583232607,0.36521946893406154,,-0.35795281310669214,0.5056818181818182,28.324514713570487,0.12908941189364842,3669
raw,120,2,0.3,volinv,21,0.2454290621903953,0.3177135199581031,,-0.3524916406823728,0.5113636363636364,18.97338755902105,0.08899927419784903,3669
raw,120,7,0.1,equal,1,0.3719538638933575,0.5345865474208925,,-0.2902635488427301,0.5454545454545454,89.21749795584627,0.48077760542554565,3669
raw,120,7,0.1,equal,5,0.46080536365540187,0.6702458344561066,,-0.29820876264926277,0.5454545454545454,37.54047424366312,0.1960416439665155,3669
raw,120,7,0.1,equal,10,0.43864616046572547,0.6356935450310318,,-0.2975879139205364,0.5681818181818182,25.79067865903516,0.1417411786485423,3669
raw,120,7,0.1,equal,21,0.4119017327703683,0.5918993043380243,,-0.26159456870854436,0.5056818181818182,17.001635322976288,0.0876769418600839,3669
raw,120,7,0.1,rank,1,0.38311372764835516,0.5515135754612578,,-0.2901154976794198,0.5340909090909091,90.42858230029529,0.47963819894374754,3669
raw,120,7,0.1,rank,5,0.4695086628990689,0.6821525238611683,,-0.29473870877081765,0.5284090909090909,37.96472515825123,0.19561135213977,3669
raw,120,7,0.1,rank,10,0.4535241937674006,0.6597034323078228,,-0.29426225774625825,0.5568181818181818,26.031893715008998,0.14048179938442448,3669
raw,120,7,0.1,rank,21,0.42447510059923915,0.6101952341166488,,-0.26279977662034526,0.5056818181818182,17.162720588770433,0.0879895602559577,3669
raw,120,7,0.1,volinv,1,0.20084497404619261,0.2805791174303716,,-0.32534971622883513,0.5284090909090909,129.54408404248218,0.636339350664014,3669
raw,120,7,0.1,volinv,5,0.24596865738839854,0.33831040208049296,,-0.3191726627809919,0.5056818181818182,52.539122682103965,0.2562603956794493,3669
raw,120,7,0.1,volinv,10,0.2970879948060859,0.4096732043684884,,-0.2782663168359575,0.5397727272727273,35.18595278070659,0.1763635785215138,3669
raw,120,7,0.1,volinv,21,0.3721278329211881,0.51784297230114,,-0.2638363491744985,0.5113636363636364,22.257464371205728,0.10683394094764628,3669
raw,120,7,0.2,equal,1,0.34143641586799844,0.4844740210149524,,-0.2511960453304327,0.5227272727272727,70.88659035159442,0.3381014956404538,3669
raw,120,7,0.2,equal,5,0.338381533380961,0.4777760498387641,,-0.28880084752963386,0.5340909090909091,29.787489779231393,0.14108366481217124,3669
raw,120,7,0.2,equal,10,0.3671961931237687,0.5218523742141147,,-0.27862925915941994,0.5170454545454546,21.048650858544555,0.10078446036719257,3669
raw,120,7,0.2,equal,21,0.36912345183269235,0.5192531670396293,,-0.26661028586090996,0.5511363636363636,14.253556827473425,0.06785423780004475,3669
raw,120,7,0.2,rank,1,0.36418113410979175,0.5187072944247937,,-0.259923754897907,0.5340909090909091,74.07300349122671,0.3481775099968738,3669
raw,120,7,0.2,rank,5,0.36712250196942037,0.5214141688045162,,-0.29067164772600107,0.5568181818181818,31.092078253412208,0.14584450887446046,3669
raw,120,7,0.2,rank,10,0.40071842406219066,0.5745412915940008,,-0.2833124107584952,0.5284090909090909,21.851686506476717,0.10361372225113265,3669
raw,120,7,0.2,rank,21,0.3901859374401438,0.5510012716231151,,-0.26767012660970324,0.5454545454545454,14.74038778322904,0.06992652584164721,3669
raw,120,7,0.2,volinv,1,0.03027002812936195,0.040772744673552595,,-0.4088961281697532,0.4659090909090909,117.4359826123458,0.5454389995917545,3669
raw,120,7,0.2,volinv,5,0.1385409601505406,0.18550681639688696,,-0.3518380799340588,0.4715909090909091,46.51503415554427,0.21958877476835126,3669
raw,120,7,0.2,volinv,10,0.1711494761122665,0.22949571998187854,,-0.327052280540605,0.4772727272727273,31.78445858228014,0.14997854605303873,3669
raw,120,7,0.2,volinv,21,0.19655132671386008,0.26358119226102866,,-0.3076051439933798,0.4943181818181818,20.82988481724103,0.10086751350759746,3669
raw,120,7,0.3,equal,1,0.41818883369686866,0.5899151209461169,,-0.30921782423849153,0.5056818181818182,60.72753774008706,0.2798715606521929,3669
raw,120,7,0.3,equal,5,0.3935034626649014,0.5523674983217768,,-0.3526011466653479,0.48295454545454547,25.74923324036339,0.11840491267380396,3669
raw,120,7,0.3,equal,10,0.3702744392273608,0.5226865535712055,,-0.30508255898694825,0.4659090909090909,18.067352037205207,0.08343831098216128,3669
raw,120,7,0.3,equal,21,0.38941123211977063,0.5513252127267401,,-0.24513035298534436,0.5227272727272727,12.085683167484865,0.05722526345300648,3669
raw,120,7,0.3,rank,1,0.4150894746203977,0.5868919515773046,,-0.29907455172449215,0.5056818181818182,66.14613195624125,0.30137691913938613,3669
raw,120,7,0.3,rank,5,0.4050176724568667,0.5699991889511155,,-0.3345001318581837,0.5056818181818182,27.92472982290548,0.12744239093383591,3669
raw,120,7,0.3,rank,10,0.39624385590312494,0.5621376146430657,,-0.29306648282735814,0.5056818181818182,19.56897733172772,0.08994723748077069,3669
raw,120,7,0.3,rank,21,0.4110397488647976,0.5816721909660771,,-0.24890349295470648,0.5340909090909091,13.099204858605718,0.06134769894609493,3669
raw,120,7,0.3,volinv,1,0.16592900038325778,0.22050690544686777,,-0.40682859421703155,0.4772727272727273,106.18045707674489,0.4808808753518483,3669
raw,120,7,0.3,volinv,5,0.18753814899531812,0.24790604076428724,,-0.44594115665768574,0.45454545454545453,41.67619527154901,0.19013255606598833,3669
raw,120,7,0.3,volinv,10,0.20555934421375363,0.27089638685230133,,-0.39833968280027165,0.4602272727272727,28.70433003230727,0.13062206228543774,3669
raw,120,7,0.3,volinv,21,0.32628277878999595,0.43355495152250556,,-0.29898074762942317,0.5113636363636364,18.438979947593484,0.08530227955603359,3669
raw,180,0,0.1,equal,1,0.6077638039773579,0.8742611354087232,0.18055586733317902,-0.24630127209601171,0.5170454545454546,72.34341782502044,0.38677934044956563,3669
raw,180,0,0.1,equal,5,0.6396273924319255,0.8996915554391065,0.22980675297425834,-0.23017338533328435,0.5284090909090909,30.053965658217496,0.17011781819781496,3669
raw,180,0,0.1,equal,10,0.6345686165033108,0.8830792297631533,0.22602203709523813,-0.22766058792338184,0.5795454545454546,20.865085854456254,0.10926033367145893,3669
raw,180,0,0.1,equal,21,0.7544565326432905,1.0728842426021787,0.31430677150960784,-0.23521440616478761,0.5340909090909091,13.881439084219132,0.08224315245362693,3669
raw,180,0,0.1,rank,1,0.6151177212883262,0.8849055530697904,0.20805208116452656,-0.24927644478034205,0.5170454545454546,72.98098888015204,0.3859088080180767,3669
raw,180,0,0.1,rank,5,0.6360296203501995,0.894107600245998,0.23746397857608945,-0.23421135362579526,0.5284090909090909,30.445117604049212,0.1707573274498519,3669
raw,180,0,0.1,rank,10,0.6352092464306296,0.885418768132669,0.21267457129685272,-0.2273036191565585,0.5738636363636364,21.09657975203884,0.10919404448392782,3669
raw,180,0,0.1,rank,21,0.7484937732858347,1.0608836338458905,0.32603574138373337,-0.23333528930555747,0.5340909090909091,14.00796546626177,0.08300259092853499,3669
raw,180,0,0.1,volinv,1,0.4414549397342625,0.623745140731555,,-0.2819801845258627,0.4772727272727273,110.14766511242163,0.546901781852638,3669
raw,180,0,0.1,volinv,5,0.5353892827097488,0.7459703648619809,,-0.2760322583818031,0.5340909090909091,44.17694037877651,0.22730201555282478,3669
raw,180,0,0.1,volinv,10,0.51342966915709,0.705364712986481,,-0.2892279425386962,0.5511363636363636,29.959222815154977,0.14925193091017247,3669
raw,180,0,0.1,volinv,21,0.7721927724612894,1.0930612843184313,0.3432006024011554,-0.25267741963939583,0.5625,19.021872832509413,0.09394117972393465,3669
raw,180,0,0.2,equal,1,0.4603738755360042,0.6510306612006783,,-0.2395944343642924,0.5397727272727273,58.973998364677016,0.2845230020735979,3669
raw,180,0,0.2,equal,5,0.5298313183770872,0.7543178293052685,,-0.2190086356353993,0.5340909090909091,25.355682747342595,0.12489372104614813,3669
raw,180,0,0.2,equal,10,0.6061067302681734,0.8680503065518123,0.23498131352435933,-0.24187056356932257,0.5568181818181818,17.358053965658215,0.08391424286715263,3669
raw,180,0,0.2,equal,21,0.6154838073100263,0.865302874673219,0.18931580369728737,-0.23098060563027212,0.5511363636363636,11.588062142273097,0.056023182283339225,3669
raw,180,0,0.2,rank,1,0.4918211398667288,0.6980132852107278,,-0.2369925399513857,0.5397727272727273,61.150465568803064,0.2915126646211182,3669
raw,180,0,0.2,rank,5,0.5486869291323665,0.7768188472144104,,-0.22440204892797655,0.5340909090909091,26.189274005755234,0.12852994726694464,3669
raw,180,0,0.2,rank,10,0.6173295026174712,0.878908864641666,0.24435606865896028,-0.21861361569725057,0.5511363636363636,17.952195876492077,0.08554551508613384,3669
raw,180,0,0.2,rank,21,0.6234596620269328,0.8778759588466529,0.2190170877096635,-0.21248229865455404,0.5568181818181818,11.972103689041694,0.05813986004735302,3669
raw,180,0,0.2,volinv,1,0.3205496477729005,0.4370101895327277,,-0.27866520101066017,0.5170454545454546,100.85395837546558,0.46976297414267265,3669
raw,180,0,0.2,volinv,5,0.4298168315074888,0.5954312890221889,,-0.28894940536378944,0.5340909090909091,41.48791902141088,0.1958569912065923,3669
raw,180,0,0.2,volinv,10,0.5458416301364336,0.7562906419095959,,-0.29655841998444343,0.5625,27.65026644116833,0.13045732015331482,3669
raw,180,0,0.2,volinv,21,0.4914711729651979,0.6589288003580542,,-0.27851053232355594,0.5625,18.034194189084236,0.08745646720755891,3669
raw,180,0,0.3,equal,1,0.571162504656145,0.7863102084562379,,-0.20648928029083713,0.5568181818181818,48.070283337480895,0.2220361536357358,3669
raw,180,0,0.3,equal,5,0.5912799945769652,0.8184879952023137,,-0.2056783822506818,0.5625,20.614503311044242,0.09489676115127149,3669
raw,180,0,0.3,equal,10,0.6196208500912604,0.8708605637228333,0.2029390881077305,-0.2471176241414349,0.5681818181818182,14.447800555234164,0.06713958680510468,3669
raw,180,0,0.3,equal,21,0.5148173973779703,0.7149381701508344,,-0.23253140404417327,0.5511363636363636,10.161751540790965,0.04654667835712799,3669
raw,180,0,0.3,rank,1,0.558498245382173,0.7800553141434662,,-0.22146523936132267,0.5511363636363636,53.12324451011861,0.24241022146217395,3669
raw,180,0,0.3,rank,5,0.5934281867333778,0.8274334048601358,,-0.20526317596242483,0.5454545454545454,22.713970642125368,0.10502947649577327,3669
raw,180,0,0.3,rank,10,0.6305590877847167,0.8882927277033176,0.2487109807287209,-0.22719009034572624,0.5454545454545454,15.809107947924666,0.07299004450028923,3669
raw,180,0,0.3,rank,21,0.565102659580879,0.7877188764477624,,-0.21251472352218959,0.5397727272727273,10.8953702209425,0.05028036924712095,3669
raw,180,0,0.3,volinv,1,0.4888515597909994,0.631649789533369,,-0.27390500454580036,0.5909090909090909,86.17411400954944,0.3916779288735828,3669
raw,180,0,0.3,volinv,5,0.5128194598703467,0.6719747079414089,,-0.2631407478540728,0.5625,35.45258333977407,0.16152687655814507,3669
raw,180,0,0.3,volinv,10,0.5802227245431385,0.7706259707598101,,-0.3008728419471016,0.5625,24.042904687153264,0.1095397416225703,3669
raw,180,0,0.3,volinv,21,0.5482694746594733,0.7165138460015301,,-0.30458297373332244,0.5852272727272727,16.103883792107954,0.07482297027537416,3669
raw,180,2,0.1,equal,1,0.5703440755887301,0.810449571769947,,-0.23294689894799492,0.5227272727272727,72.30662305805396,0.38514427981559757,3669
raw,180,2,0.1,equal,5,0.657381758718107,0.9428394113430427,0.2181903279341693,-0.21575736004829926,0.5625,30.017170891251016,0.16745048544163796,3669
raw,180,2,0.1,equal,10,0.7528500399459036,1.0758713975328635,0.3413169704041767,-0.22005550873901125,0.5738636363636364,20.396565821749792,0.11359403086276953,3669
raw,180,2,0.1,equal,21,0.5599996106009755,0.7778790976722975,,-0.22325764331752562,0.5340909090909091,13.587080948487325,0.07223822171257581,3669
raw,180,2,0.1,rank,1,0.5722854224821176,0.8126807050319838,,-0.2365879033570638,0.5227272727272727,72.94604100812839,0.38474043432937055,3669
raw,180,2,0.1,rank,5,0.6608382078863455,0.9458345601900843,0.2472091151381891,-0.21975460947509606,0.5625,30.286192749085288,0.1654379183750925,3669
raw,180,2,0.1,rank,10,0.755838655132162,1.0802549029225037,0.34522388106562196,-0.2192873434121625,0.5795454545454546,20.560685944676653,0.11243039411424721,3669
raw,180,2,0.1,rank,21,0.5742592001690355,0.7974631707231642,,-0.22188524246272645,0.5397727272727273,13.700381266925174,0.07193157825585368,3669
raw,180,2,0.1,volinv,1,0.43233006987521705,0.5996412316761952,,-0.24130388401892588,0.5511363636363636,110.24011965558353,0.5418701446679572,3669
raw,180,2,0.1,volinv,5,0.5492761299871943,0.7705712583806653,,-0.23371996374209314,0.5454545454545454,44.35245711808823,0.21837328021882263,3669
raw,180,2,0.1,volinv,10,0.6331461669616624,0.8829719677720897,0.19543949320815263,-0.2541843858249744,0.5625,29.461921382057778,0.14482461109916486,3669
raw,180,2,0.1,volinv,21,0.5295896260586368,0.7275940346519808,,-0.2668850005488297,0.5454545454545454,18.686442571934545,0.09107361401220954,3669
raw,180,2,0.2,equal,1,0.40576967515875134,0.5642958381247795,,-0.23553731237824593,0.5340909090909091,58.93908421913327,0.2840718434800135,3669
raw,180,2,0.2,equal,5,0.5673420279134156,0.7946292364799419,,-0.23451270241999067,0.5454545454545454,24.949304987735076,0.12022705994371734,3669
raw,180,2,0.2,equal,10,0.6566605102725216,0.9220430434187988,0.23229529997352608,-0.2464541217262155,0.5568181818181818,16.915617334423544,0.0818540690594967,3669
raw,180,2,0.2,equal,21,0.5967200754019276,0.8301584357893007,,-0.2335836873192304,0.5738636363636364,11.45012264922322,0.057486931693594964,3669
raw,180,2,0.2,rank,1,0.4407742301976249,0.6146167827912198,,-0.2196152776680943,0.5340909090909091,61.1148911396275,0.29138844122724145,3669
raw,180,2,0.2,rank,5,0.5968911520771261,0.8369292292530834,,-0.23224925743841363,0.5454545454545454,25.759007114510208,0.12205637531994573,3669
raw,180,2,0.2,rank,10,0.6797467872218068,0.9569760825623393,0.2875258406506586,-0.2189285886945891,0.5568181818181818,17.469965717858877,0.08329394227439417,3669
raw,180,2,0.2,rank,21,0.6024109678465451,0.8371220986357272,0.18083891287181095,-0.2255424811427753,0.5681818181818182,11.81352562855032,0.058532400618996075,3669
raw,180,2,0.2,volinv,1,0.18802365701541848,0.2492340745680518,,-0.319802274483991,0.5113636363636364,100.81347866399291,0.46872846479846286,3669
raw,180,2,0.2,volinv,5,0.38198107465095443,0.5050797697283635,,-0.2769128353515302,0.5170454545454546,40.93811996000678,0.19249289002119235,3669
raw,180,2,0.2,volinv,10,0.5598648030773137,0.747978552403026,,-0.29602908992266264,0.5568181818181818,27.20024150084308,0.12858375413438977,3669
raw,180,2,0.2,volinv,21,0.5029933886839888,0.6676978200937865,,-0.27964415988861346,0.5625,17.524662694829967,0.08549027634798548,3669
raw,180,2,0.3,equal,1,0.5030096150686494,0.6891660866897948,,-0.23021589056545733,0.5795454545454546,48.041167478403075,0.221329025468791,3669
raw,180,2,0.3,equal,5,0.6108763401471844,0.8530815468350272,0.23366925961710108,-0.2223594983230055,0.5795454545454546,20.205071440344643,0.093396256612193,3669
raw,180,2,0.3,equal,10,0.6004720138957609,0.8373422359182704,0.18673783661528612,-0.26620206773802657,0.5681818181818182,14.11080767502965,0.06459279816453592,3669
raw,180,2,0.3,equal,21,0.5619350118996158,0.7804751838568884,,-0.2095379087938919,0.5625,9.668546533987891,0.044237660002629464,3669
raw,180,2,0.3,rank,1,0.5151260380993614,0.7129341957254547,,-0.21984610815899464,0.5795454545454546,53.09135707664562,0.2420162863307994,3669
raw,180,2,0.3,rank,5,0.6321176072844208,0.8854627509986053,0.22914245399659056,-0.2007848300640025,0.5681818181818182,22.291642480533486,0.10205553259295402,3669
raw,180,2,0.3,rank,10,0.6443469293259889,0.9025692778905281,0.21513750417185068,-0.23393481153656004,0.5568181818181818,15.406230916237913,0.07038226052390986,3669
raw,180,2,0.3,rank,21,0.5827619172152457,0.8088917049523296,,-0.21090342375646398,0.5511363636363636,10.49262297072051,0.04812047337127842,3669
raw,180,2,0.3,volinv,1,0.37538116704404395,0.4896975765453428,,-0.2541754809854143,0.5681818181818182,86.23955892235318,0.3915805729589804,3669
raw,180,2,0.3,volinv,5,0.5370794580327082,0.7038900251409066,,-0.2843242531700727,0.5511363636363636,35.098446687330046,0.15940837241653058,3669
raw,180,2,0.3,volinv,10,0.5160720694614847,0.6768850495281834,,-0.30525057841419123,0.5738636363636364,23.984867950018213,0.10899764744862325,3669
raw,180,2,0.3,volinv,21,0.6452607392726084,0.8427553296729259,0.2407001423687476,-0.24388371507377282,0.6022727272727273,15.288669846462016,0.07120580189181241,3669
raw,180,7,0.1,equal,1,0.5822199182854927,0.8265644925685819,,-0.24923051700842336,0.5454545454545454,72.21586263286999,0.4044080631712826,3669
raw,180,7,0.1,equal,5,0.6294523088270751,0.8850573223181871,0.1978233643258586,-0.24235166931016727,0.5738636363636364,29.980376124284543,0.15585562133872005,3669
raw,180,7,0.1,equal,10,0.635016750196591,0.8956605785950181,0.2559357101186376,-0.2602769551459172,0.5340909090909091,21.022076860179883,0.10832013952759534,3669
raw,180,7,0.1,equal,21,0.5660220277826078,0.8031824366783168,,-0.25265243861975184,0.5170454545454546,14.021259198691741,0.07493759428582486,3669
raw,180,7,0.1,rank,1,0.5893240954280647,0.8369691962085334,,-0.25084201433465525,0.5454545454545454,72.85327969782996,0.3992031064487107,3669
raw,180,7,0.1,rank,5,0.6282652310870446,0.8845975953146021,0.2327963351377781,-0.24752595855406512,0.5852272727272727,30.24948583548595,0.15499556863476072,3669
raw,180,7,0.1,rank,10,0.6342208298777516,0.8954787505014234,0.23405513551704296,-0.2637524215181508,0.5511363636363636,21.225145680407287,0.10810100957113407,3669
raw,180,7,0.1,rank,21,0.5683065207147974,0.8056322313631663,,-0.25478616372306173,0.5170454545454546,14.115832663099889,0.07451436187711086,3669
raw,180,7,0.1,volinv,1,0.4569898240738624,0.6367853452497205,,-0.2197657719727465,0.5511363636363636,110.01368961830275,0.5497753456408648,3669
raw,180,7,0.1,volinv,5,0.5435353457324218,0.746632668001077,,-0.2316438252208758,0.5852272727272727,44.15665809029347,0.21345589037536153,3669
raw,180,7,0.1,volinv,10,0.583852372204633,0.8130745817565223,,-0.21348352317192842,0.5738636363636364,30.29544266885213,0.14793086899216207,3669
raw,180,7,0.1,volinv,21,0.5991259489711857,0.8356275444638734,,-0.2533414702233818,0.5454545454545454,19.655064715064036,0.09668751996729334,3669
raw,180,7,0.2,equal,1,0.5538034781429753,0.7797821986150721,,-0.21232569893640574,0.5397727272727273,58.86753883892068,0.279851013323682,3669
raw,180,7,0.2,equal,5,0.6483880045834165,0.9173795884106013,0.25999560867918975,-0.20430151780884132,0.5795454545454546,24.922403924775143,0.12140625992121341,3669
raw,180,7,0.2,equal,10,0.6909031306441027,0.9734168797149816,0.28094500519284926,-0.212262933648096,0.5681818181818182,17.394112837285363,0.08240064917748605,3669
raw,180,7,0.2,equal,21,0.6188880390553664,0.8758623480403389,0.1878193915444695,-0.2812642839914514,0.5397727272727273,11.517661488143908,0.05715160787599169,3669
raw,180,7,0.2,rank,1,0.5717003429335914,0.805471767966579,,-0.2068060530642124,0.5511363636363636,61.03957660371634,0.28648220142305914,3669
raw,180,7,0.2,rank,5,0.6578740775522282,0.9323837523124319,0.27483148649030714,-0.20282667184747138,0.5625,25.72897168251239,0.12271805853268819,3669
raw,180,7,0.2,rank,10,0.6880552741947096,0.971146922613897,0.2932434428964207,-0.19706845193331424,0.5681818181818182,17.970712483190376,0.08432451004725333,3669
raw,180,7,0.2,rank,21,0.6283928872708695,0.8902401240585203,0.19647543436182524,-0.27488871096064993,0.5511363636363636,11.86189351230594,0.058037218452976234,3669
raw,180,7,0.2,volinv,1,0.5019327850489408,0.676793073909653,,-0.26747160810434834,0.5170454545454546,100.4686131505394,0.4670139603393568,3669
raw,180,7,0.2,volinv,5,0.5865221880665983,0.7924056423899705,,-0.2433965074450294,0.5625,40.65379641244533,0.19415119400459752,3669
raw,180,7,0.2,volinv,10,0.6280148873443937,0.8533174782824694,0.2132603155347929,-0.24057414380318753,0.5795454545454546,27.976550602627224,0.13170271313388968,3669
raw,180,7,0.2,volinv,21,0.49316559304336594,0.665003492592986,,-0.3207212830429301,0.5625,17.614360838163268,0.08983352112841836,3669
raw,180,7,0.3,equal,1,0.5508366725415005,0.7684957670918252,,-0.22396091890986125,0.5795454545454546,47.96551601550001,0.22193064108625374,3669
raw,180,7,0.3,equal,5,0.5716882683560881,0.7945732897511929,,-0.2250309711323052,0.5795454545454546,20.169983097353427,0.0932856910747018,3669
raw,180,7,0.3,equal,10,0.6592484032866972,0.9272490865387248,0.30192421493354804,-0.23638415090396492,0.6022727272727273,14.291362198184336,0.06652547706274617,3669
raw,180,7,0.3,equal,21,0.6989510783173836,0.979194480511256,0.3000385700706266,-0.26799087967703605,0.5965909090909091,9.734741564028065,0.044443251940071496,3669
raw,180,7,0.3,rank,1,0.5805575205437028,0.8139398727932384,,-0.20006368404509,0.5625,53.01453424273935,0.2417377516592895,3669
raw,180,7,0.3,rank,5,0.6070411553081202,0.849297768150421,0.22333563878595603,-0.1997083779938641,0.5681818181818182,22.254927791964842,0.10164003606931815,3669
raw,180,7,0.3,rank,10,0.6717873078963335,0.9476434162685585,0.29675644352727787,-0.21232471479866366,0.5852272727272727,15.647585364594738,0.0720072386467469,3669
raw,180,7,0.3,rank,21,0.6903104636128367,0.9695940517218161,0.2632586573384051,-0.2627201380283869,0.5738636363636364,10.536706822369373,0.048453451363936625,3669
raw,180,7,0.3,volinv,1,0.47436912820866345,0.6184433700593001,,-0.2634180133505025,0.5625,85.83705369251459,0.39038570861069866,3669
raw,180,7,0.3,volinv,5,0.5473026750539624,0.7105052362363348,,-0.26150344654836355,0.5681818181818182,34.94363069771203,0.15911089098297748,3669
raw,180,7,0.3,volinv,10,0.648232244862865,0.8551258987477787,0.2265689766488738,-0.25054439437967857,0.6079545454545454,23.813424683176,0.10858244696007352,3669
raw,180,7,0.3,volinv,21,0.6485005279384325,0.8531167109365887,0.23697308420430485,-0.2953447614865432,0.5965909090909091,15.51177801922868,0.07226187250490512,3669
raw,252,0,0.1,equal,1,0.8380102971452718,1.1887610033787224,0.3496954468756107,-0.21455327481445496,0.5284090909090909,58.52820932134096,0.32158012964450655,3669
raw,252,0,0.1,equal,5,0.7627959984669235,1.0718792434934896,0.33648508576457514,-0.21964941318418985,0.5284090909090909,24.28699918233851,0.12287696711478402,3669
raw,252,0,0.1,equal,10,0.839076661432408,1.1789073413517088,0.381256471935841,-0.21947537885051094,0.5113636363636364,16.547833197056416,0.09171901288491148,3669
raw,252,0,0.1,equal,21,0.80993411069943,1.146511902311586,0.3572054539256648,-0.2471235748017001,0.5,11.27636958299264,0.0642220301543272,3669
raw,252,0,0.1,rank,1,0.8448654138750417,1.19917751905261,0.3470569434975008,-0.21711245450069572,0.5284090909090909,58.98805495511028,0.31765469367412263,3669
raw,252,0,0.1,rank,5,0.7736601076123998,1.0874923316741314,0.33115132485398546,-0.21317167342013488,0.5340909090909091,24.479386102833026,0.1229951076858698,3669
raw,252,0,0.1,rank,10,0.854887179203851,1.2041895178152309,0.3983008617614354,-0.22055358091554067,0.5113636363636364,16.685474196404535,0.09090739652335093,3669
raw,252,0,0.1,rank,21,0.82026579316091,1.1599139685139306,0.3665891673770709,-0.2481203455445482,0.5,11.361428397301882,0.06560715812694294,3669
raw,252,0,0.1,volinv,1,0.7335851978330373,1.008350936098881,0.2735173327940968,-0.2757761032657232,0.5568181818181818,94.6487373391942,0.48758848168818103,3669
raw,252,0,0.1,volinv,5,0.6993386216407447,0.9615998576144277,0.23210850200437688,-0.2758752798233526,0.5284090909090909,38.73162316569544,0.20172615339611716,3669
raw,252,0,0.1,volinv,10,0.7801165947117589,1.0662522593112709,0.34547832008835105,-0.24139149031681062,0.5511363636363636,26.044875114278682,0.13596530306213117,3669
raw,252,0,0.1,volinv,21,0.7440827655151249,1.0233489056168397,0.3023693066475164,-0.2682986148627625,0.5340909090909091,16.874376102557544,0.09171551364825875,3669
raw,252,0,0.2,equal,1,0.745034885339063,1.03086629256069,0.3211556343663513,-0.24176482162383428,0.5568181818181818,47.30466067048242,0.22815712916469277,3669
raw,252,0,0.2,equal,5,0.7818530795169919,1.0856368012110884,0.3224890530646915,-0.24041583060088,0.5681818181818182,20.02526573998364,0.09570683929952001,3669
raw,252,0,0.2,equal,10,0.8667958166143719,1.2149408936864077,0.3866200104034651,-0.2400916028410781,0.5909090909090909,13.897547015535565,0.0660158276814615,3669
raw,252,0,0.2,equal,21,0.7024413658664015,0.991890058814264,0.23163660384725004,-0.2601331549800592,0.5852272727272727,9.555600981193786,0.04451803779072919,3669
raw,252,0,0.2,rank,1,0.7757674447325075,1.0761689486825667,0.31392776705799735,-0.23529467416511796,0.5681818181818182,48.99901722620867,0.23190968028139186,3669
raw,252,0,0.2,rank,5,0.8000228196671021,1.1128480941444983,0.37134599897606047,-0.22252391333473587,0.5681818181818182,20.70425101016031,0.09778322303454173,3669
raw,252,0,0.2,rank,10,0.8885750017351711,1.2478337287054846,0.40800919229123706,-0.23245184564009047,0.5852272727272727,14.333825005207506,0.06748328384824553,3669
raw,252,0,0.2,rank,21,0.7389442927713669,1.042969640251987,0.2630961422763433,-0.2538091041938062,0.5738636363636364,9.859630238989538,0.0461587247469117,3669
raw,252,0,0.2,volinv,1,0.6504873422582399,0.8747088798557747,0.21584409331449145,-0.35149527664775304,0.5511363636363636,84.68354213206996,0.3992534898992611,3669
raw,252,0,0.2,volinv,5,0.6465709395285728,0.8546568668448956,0.20793812643927986,-0.3345456648622832,0.5340909090909091,35.26112084363634,0.16918787570721378,3669
raw,252,0,0.2,volinv,10,0.659744059184898,0.8751656849818966,0.2504860735484242,-0.318990676384065,0.5454545454545454,23.844171692327567,0.11282423249604359,3669
raw,252,0,0.2,volinv,21,0.5124916174529056,0.6836199081726629,,-0.3439134899456293,0.5227272727272727,15.391086708072358,0.07805338839427241,3669
raw,252,0,0.3,equal,1,0.58038534707179,0.7958832396768877,,-0.2733227725598636,0.5568181818181818,39.32477966769978,0.1804250703631056,3669
raw,252,0,0.3,equal,5,0.6716745501036349,0.9181614581164638,0.2668745774288452,-0.28796817400362273,0.5511363636363636,16.900093400857738,0.07695617970333116,3669
raw,252,0,0.3,equal,10,0.700356128655106,0.9540627131831034,0.2726039552004357,-0.2764669829719222,0.5568181818181818,11.691408737020025,0.053351561430361544,3669
raw,252,0,0.3,equal,21,0.6150714552459206,0.8492777343054276,0.16632517546223946,-0.3289227753235302,0.5511363636363636,7.968515184911074,0.03645153014043857,3669
raw,252,0,0.3,rank,1,0.6756288773547329,0.932176885124633,0.19523101219646496,-0.23919487041839316,0.5681818181818182,43.06201506734417,0.19545563556227508,3669
raw,252,0,0.3,rank,5,0.732720496864543,1.0091610906649884,0.3177306621888027,-0.2504252145135828,0.5681818181818182,18.329227399475723,0.08297035820744991,3669
raw,252,0,0.3,rank,10,0.7833647294651703,1.0795074157198952,0.3375602302315723,-0.23895552348767446,0.5852272727272727,12.651599966140187,0.05748312096452808,3669
raw,252,0,0.3,rank,21,0.6964412297160631,0.972067208139331,0.22984808661156542,-0.2808242442094797,0.5681818181818182,8.668080113825155,0.03976050010854935,3669
raw,252,0,0.3,volinv,1,0.4665561842572133,0.6050606030132698,,-0.32521570543201705,0.5625,73.7627479075731,0.3348618506180525,3669
raw,252,0,0.3,volinv,5,0.561922731120812,0.7243195292832089,,-0.3326698281126471,0.5454545454545454,30.733211147493833,0.1397364629735992,3669
raw,252,0,0.3,volinv,10,0.588193692276344,0.7543039011022916,,-0.29923175824367076,0.5340909090909091,20.334195146501397,0.09259115472069077,3669
raw,252,0,0.3,volinv,21,0.4995417158208152,0.6418020018455759,,-0.42346056574119606,0.5681818181818182,13.572576164000058,0.06364934303115027,3669
raw,252,2,0.1,equal,1,0.7053110652933151,0.9974770576223349,0.2120835397490971,-0.25836901485646424,0.5,58.43990188062141,0.303065749747063,3669
raw,252,2,0.1,equal,5,0.7645010187267243,1.0810138645005123,0.25189610878277907,-0.24431855722005325,0.5454545454545454,24.412101390024528,0.13515091060285894,3669
raw,252,2,0.1,equal,10,0.8378656889666145,1.1848131636827897,0.3704306640788315,-0.23961762067582137,0.5227272727272727,16.515944399018803,0.08689500204407852,3669
raw,252,2,0.1,equal,21,0.8102334509091607,1.1150661386546186,0.34667986537791706,-0.2408979477214912,0.5284090909090909,11.146361406377759,0.06515517770142232,3669
raw,252,2,0.1,rank,1,0.7170068125419362,1.0136151160414595,0.22988827807335083,-0.26191789687011735,0.5,58.90417769317397,0.3014976398966534,3669
raw,252,2,0.1,rank,5,0.774880996881176,1.0964025705928255,0.26281355351431446,-0.2448305417048553,0.5511363636363636,24.641326421910907,0.13395598350358007,3669
raw,252,2,0.1,rank,10,0.8523410281049845,1.2076839196289328,0.38890374326652516,-0.2403588683687179,0.5170454545454546,16.671218203301137,0.08681048957779108,3669
raw,252,2,0.1,rank,21,0.8276739143845098,1.1426415741685998,0.3572063491057253,-0.24141831083228327,0.5227272727272727,11.222009420235576,0.06455145479069592,3669
raw,252,2,0.1,volinv,1,0.6130066283589722,0.8426755775317838,0.16337389158269214,-0.25323719920576016,0.5284090909090909,94.45405395889273,0.48853468958950585,3669
raw,252,2,0.1,volinv,5,0.6656344210184248,0.9123978971469227,0.2442797532714836,-0.243681333528721,0.5227272727272727,38.26631076968082,0.1997886452618392,3669
raw,252,2,0.1,volinv,10,0.7542119473441238,1.0245087718211565,0.2917942673053257,-0.2500210259557053,0.5284090909090909,25.77941368872272,0.1339664131366266,3669
raw,252,2,0.1,volinv,21,0.7378805309898003,0.9954893797424303,0.30122729566747514,-0.2730913441014018,0.5625,16.83372109962435,0.09135791381759335,3669
raw,252,2,0.2,equal,1,0.7317600457985974,1.0168228311581797,0.2839745313750682,-0.26254539741309857,0.5625,47.278331970564174,0.22666890099662848,3669
raw,252,2,0.2,equal,5,0.7715654380019339,1.0788580524954918,0.29949685179556745,-0.2430921327148844,0.5852272727272727,20.121422730989366,0.09515333908949902,3669
raw,252,2,0.2,equal,10,0.8657783948043413,1.2034888542919002,0.4022691606539741,-0.24777309393119595,0.5909090909090909,13.923875715453802,0.06521678983514978,3669
raw,252,2,0.2,equal,21,0.6777213497310799,0.9255150804602722,0.21824391851216615,-0.27475016382771955,0.5454545454545454,9.593376941946032,0.04423507729493838,3669
raw,252,2,0.2,rank,1,0.7540764928267331,1.0520631477301998,0.2862055235389217,-0.23476506469616876,0.5625,48.96964471546038,0.23067105742099797,3669
raw,252,2,0.2,rank,5,0.7930095475805532,1.11195861061444,0.3095141345510128,-0.23893271731448873,0.5681818181818182,20.812466919939038,0.09725441672154403,3669
raw,252,2,0.2,rank,10,0.8825729670434497,1.230987213089659,0.41875996950611954,-0.24810646833374717,0.5795454545454546,14.36423506316325,0.06689091859024963,3669
raw,252,2,0.2,rank,21,0.7159410228005297,0.9811466341212033,0.2550998874022703,-0.2494168003589846,0.5681818181818182,9.853973431665539,0.045499604858188596,3669
raw,252,2,0.2,volinv,1,0.5576172292063456,0.7408440042386916,,-0.3752307554082728,0.5454545454545454,84.71391076038438,0.3992059283039427,3669
raw,252,2,0.2,volinv,5,0.6409192799940071,0.856895840322621,0.1957871498417336,-0.3271183608041379,0.5625,35.131502009938465,0.16829486899759008,3669
raw,252,2,0.2,volinv,10,0.7101461017601428,0.940773251952405,0.26539830080477234,-0.3033518874909594,0.5454545454545454,23.99303148295849,0.11344169453233731,3669
raw,252,2,0.2,volinv,21,0.4825002643035532,0.6248608458008705,,-0.35244922709455717,0.5227272727272727,15.439371497588493,0.07727281584859705,3669
raw,252,2,0.3,equal,1,0.6294397335301422,0.855806847664996,0.21056358256914806,-0.31018546897115085,0.5625,39.29541495512557,0.1799205927318226,3669
raw,252,2,0.3,equal,5,0.6550709816088099,0.9041027051881633,0.21064672061590822,-0.2959382124696176,0.5568181818181818,16.528509884654788,0.07531078973673722,3669
raw,252,2,0.3,equal,10,0.685823696235093,0.9431246819007816,0.22930720412734817,-0.2955934369712726,0.5625,11.44237425626739,0.05208435038613855,3669
raw,252,2,0.3,equal,21,0.635238128882404,0.8563039780929795,0.1919505701069066,-0.3232689022217381,0.5568181818181818,7.936888167824212,0.03615448687248029,3669
raw,252,2,0.3,rank,1,0.6932273789944351,0.95331621670418,0.2697933744485813,-0.2691312534022706,0.5738636363636364,43.03068667445297,0.19482901197226474,3669
raw,252,2,0.3,rank,5,0.7290386474097638,1.0171444444361286,0.25584699209712264,-0.2587950225821586,0.5795454545454546,18.167639597614574,0.08215877297526111,3669
raw,252,2,0.3,rank,10,0.7713261237072633,1.0715346804723453,0.3089174017860561,-0.2588450065214849,0.5681818181818182,12.528712947406005,0.056817085631458576,3669
raw,252,2,0.3,rank,21,0.6926301793816897,0.9420937379482746,0.24790087290809076,-0.28410032559532805,0.5852272727272727,8.630109288306864,0.03927307369312533,3669
raw,252,2,0.3,volinv,1,0.4930241602120005,0.6327399763229969,,-0.37887452429064516,0.5511363636363636,73.91285572532506,0.33613342901335175,3669
raw,252,2,0.3,volinv,5,0.5544058739908362,0.7111106225015517,,-0.31691993033621,0.5397727272727273,29.79258877985874,0.13575226999600898,3669
raw,252,2,0.3,volinv,10,0.5565105703118729,0.7147303770257176,,-0.290047705491145,0.5454545454545454,20.49043584270007,0.09321506612996158,3669
raw,252,2,0.3,volinv,21,0.5463763593463855,0.6835110447479139,,-0.3858918122950685,0.5738636363636364,13.235865738739328,0.061693846631653726,3669
raw,252,7,0.1,equal,1,0.756796759841858,1.065377164728088,0.26923810877740834,-0.2577285129245014,0.5113636363636364,58.297628781684374,0.3128890442597977,3669
raw,252,7,0.1,equal,5,0.8139581379558628,1.1503990836341706,0.3492084710197107,-0.24459096878773845,0.5170454545454546,24.358135731807028,0.12646098883754664,3669
raw,252,7,0.1,equal,10,0.8268122693663451,1.1751799363435578,0.3412553463824695,-0.2549980931590674,0.5454545454545454,17.087489779231397,0.09642458469255397,3669
raw,252,7,0.1,equal,21,0.6822943017537073,0.9449728741422121,0.1980563367616888,-0.2526055600084297,0.5340909090909091,11.629599345870808,0.06392067602239206,3669
raw,252,7,0.1,rank,1,0.764676755118514,1.0765379520740261,0.285930036009687,-0.25707517062059804,0.5056818181818182,58.76730214717517,0.30974528293006715,3669
raw,252,7,0.1,rank,5,0.8234948181634981,1.164799956496455,0.345687542778791,-0.2466597417433315,0.5113636363636364,24.58937250708919,0.12596599901615313,3669
raw,252,7,0.1,rank,10,0.8333181636804041,1.1836931357640617,0.3380263096090903,-0.2558596246521456,0.5340909090909091,17.19728737517498,0.09512558559889728,3669
raw,252,7,0.1,rank,21,0.7028134688814474,0.9765498294126903,0.23934851641449562,-0.2516196440042423,0.5284090909090909,11.659763938400195,0.06358136687792398,3669
raw,252,7,0.1,volinv,1,0.6414951851942062,0.870445778351792,0.19247298141594193,-0.3000641510285934,0.5227272727272727,94.0297682332979,0.47088434557899267,3669
raw,252,7,0.1,volinv,5,0.7508736879883162,1.0282838984250333,0.30807947656839346,-0.2694392465146882,0.5397727272727273,37.969546356762784,0.19651262162931005,3669
raw,252,7,0.1,volinv,10,0.7748769883139459,1.0643742405916423,0.35071808664161996,-0.2802207434382591,0.5568181818181818,26.265859027616678,0.1387594731753128,3669
raw,252,7,0.1,volinv,21,0.612363092406861,0.82673744622601,0.16384271655112456,-0.2607957480576377,0.5056818181818182,17.30962291094771,0.08537999409388455,3669
raw,252,7,0.2,equal,1,0.6359600920914068,0.8829579468263664,0.17176632589908852,-0.2607235653543445,0.5511363636363636,47.2170891251022,0.22494066675847726,3669
raw,252,7,0.2,equal,5,0.7233471987952129,0.9995652374351315,0.24690424240397327,-0.26075314891767165,0.5852272727272727,20.09509403107113,0.09472939455244525,3669
raw,252,7,0.2,equal,10,0.7210429844648911,0.9946630729507336,0.2529607610973397,-0.25429463453619305,0.5625,14.096729354047422,0.06705103801219357,3669
raw,252,7,0.2,equal,21,0.665298993219458,0.8951756308985718,0.19227089080767612,-0.2299455470673134,0.5909090909090909,9.383319705641862,0.04445660522336682,3669
raw,252,7,0.2,rank,1,0.6780669214964398,0.946480770163201,0.19156073781185384,-0.2606413257189113,0.5625,48.904926369070836,0.22915173703362346,3669
raw,252,7,0.2,rank,5,0.7510737781313193,1.0401573879761896,0.2706012944450701,-0.26133614895778,0.5795454545454546,20.78554739365518,0.09690300244500104,3669
raw,252,7,0.2,rank,10,0.7482757045268869,1.0341344536320067,0.28062950456288677,-0.24533267809707449,0.5625,14.58274741530138,0.06880111318461699,3669
raw,252,7,0.2,rank,21,0.6921652139708527,0.9379277069172034,0.2193074390905788,-0.23402714659214308,0.5965909090909091,9.695029868229462,0.045786567187369204,3669
raw,252,7,0.2,volinv,1,0.5311318660985673,0.7033223021589247,,-0.315774397243064,0.5397727272727273,84.4815062598075,0.3962011857817969,3669
raw,252,7,0.2,volinv,5,0.5656701866308023,0.746396594763977,,-0.3143507183003892,0.5568181818181818,34.96139568015254,0.1673724152818024,3669
raw,252,7,0.2,volinv,10,0.6256168056392273,0.8339848845277295,0.18155461459771227,-0.3295960157094724,0.5625,23.76286376806523,0.11253035339662604,3669
raw,252,7,0.2,volinv,21,0.5106532304658555,0.6524072332968215,,-0.3042483229514932,0.5397727272727273,15.475526882920366,0.07879921432059346,3669
raw,252,7,0.3,equal,1,0.6065588573842413,0.8288396602936631,0.16816033682646525,-0.28809349867159295,0.5511363636363636,39.24813279081116,0.17915021157924516,3669
raw,252,7,0.3,equal,5,0.6634507084125048,0.9146314128423126,0.2018668257052551,-0.2925532715210971,0.5852272727272727,16.505117655993974,0.07554761463656254,3669
raw,252,7,0.3,equal,10,0.6246486491295843,0.8610055480082163,0.14626657444329044,-0.301901892836548,0.5681818181818182,11.86232584295082,0.05421683537244578,3669
raw,252,7,0.3,equal,21,0.6106045433859405,0.8218212938608469,0.1597669516769846,-0.31210371763825473,0.5454545454545454,7.969487975851514,0.036356129292457295,3669
raw,252,7,0.3,rank,1,0.664285112109145,0.9196006189310441,0.270061317373093,-0.2530284046289737,0.5568181818181818,42.97614703726198,0.19396594451365778,3669
raw,252,7,0.3,rank,5,0.7180102672825518,0.9962642750628586,0.26841711318594164,-0.25748537963485085,0.5852272727272727,18.142764302662133,0.08221664346558995,3669
raw,252,7,0.3,rank,10,0.6973446081078287,0.9668486509310302,0.25540010687833004,-0.2654317937323969,0.5909090909090909,12.913662649243065,0.05874879760723181,3669
raw,252,7,0.3,rank,21,0.6697885433069813,0.9065357334084456,0.1987031859759677,-0.2631654079958342,0.5681818181818182,8.612040773532941,0.03928234508281772,3669
raw,252,7,0.3,volinv,1,0.5223448415489724,0.6743488200504436,,-0.3266646505328459,0.5340909090909091,73.78673270527241,0.33430893598055655,3669
raw,252,7,0.3,volinv,5,0.5270430627480819,0.6808261101149224,,-0.3051858003427794,0.5738636363636364,29.657013575716842,0.1353508509125439,3669
raw,252,7,0.3,volinv,10,0.5251175042791633,0.6802947608415935,,-0.30737315221457207,0.5681818181818182,20.87999004113592,0.09535818592749803,3669
raw,252,7,0.3,volinv,21,0.5681450732288915,0.7194171823246877,,-0.3219029320111466,0.5511363636363636,13.322946942685242,0.06123123609650814,3669
riskadj,10,0,0.1,equal,1,-0.7136877545228367,-1.0075799227137487,,-0.859908494980502,0.32386363636363635,337.05968928863444,1.6643675446166517,3669
riskadj,10,0,0.1,equal,5,-0.1980549483113982,-0.29043917165991423,,-0.5245214641391893,0.4090909090909091,140.74734260016353,0.7013472653526278,3669
riskadj,10,0,0.1,equal,10,-0.5496693263703807,-0.7890532559563936,,-0.7943740005673047,0.4431818181818182,89.98773507767783,0.4436787040098866,3669
riskadj,10,0,0.1,equal,21,-0.06665848664334788,-0.10038725864953166,,-0.614341509396879,0.48863636363636365,42.87816843826655,0.2194498051494807,3669
riskadj,10,0,0.1,rank,1,-0.7037435990494355,-0.9923254501399443,,-0.8568400603801289,0.3125,342.35654992742224,1.683352890703257,3669
riskadj,10,0,0.1,rank,5,-0.2153444192208356,-0.3151921233064115,,-0.540927223691368,0.4090909090909091,142.01073788994677,0.7086514334925246,3669
riskadj,10,0,0.1,rank,10,-0.5461193967193254,-0.7848826881306037,,-0.7922625380954632,0.4375,90.34077991240086,0.446584765411669,3669
riskadj,10,0,0.1,rank,21,-0.07320314683202614,-0.11029300542026754,,-0.6238834274613052,0.48295454545454547,43.048177057512575,0.22049243818502956,3669
riskadj,10,0,0.1,volinv,1,-1.016110197298855,-1.434566719122475,,-0.9306217818892696,0.2556818181818182,397.8439741124975,1.8933026566685927,3669
riskadj,10,0,0.1,volinv,5,-0.3185817286631989,-0.465634805363015,,-0.6511931231052503,0.39204545454545453,150.29290314313943,0.7221644521832942,3669
riskadj,10,0,0.1,volinv,10,-0.6548498279826513,-0.9122588123083074,,-0.8467624248390655,0.42045454545454547,91.4726191313587,0.43763161381663485,3669
riskadj,10,0,0.1,volinv,21,-0.15619086121690906,-0.22787649144108396,,-0.6593773072896187,0.45454545454545453,43.83891357925571,0.21242696942418055,3669
riskadj,10,0,0.2,equal,1,-0.7071468618716827,-1.0192873291277726,,-0.8576559099829294,0.32954545454545453,261.77996729354044,1.2396301323248462,3669
riskadj,10,0,0.2,equal,5,-0.19950195220160744,-0.2957430638586822,,-0.5756238067761186,0.45454545454545453,115.64080130825836,0.551237502167832,3669
riskadj,10,0,0.2,equal,10,-0.2733036911349662,-0.40735315505522657,,-0.6522115310968981,0.42045454545454547,79.47260834014719,0.3788194158180571,3669
riskadj,10,0,0.2,equal,21,0.008103381551029897,0.011886425215275546,,-0.5641617542994521,0.5056818181818182,37.78511856091578,0.1801497782870179,3669
riskadj,10,0,0.2,rank,1,-0.7064090587008036,-1.016792413822242,,-0.8576278652786532,0.29545454545454547,274.73522183299303,1.291877723994005,3669
riskadj,10,0,0.2,rank,5,-0.21841630490560537,-0.3229592247527075,,-0.5843346601656947,0.4375,119.77302454361536,0.5715861270202096,3669
riskadj,10,0,0.2,rank,10,-0.30199119844185424,-0.4479172882463223,,-0.6690362929478483,0.4318181818181818,81.13485205147428,0.38707849905914293,3669
riskadj,10,0,0.2,rank,21,-0.014540618571269648,-0.021461096585379234,,-0.5933532165332251,0.48295454545454547,38.613796002357034,0.18493793026967778,3669
riskadj,10,0,0.2,volinv,1,-0.8613484249328894,-1.2479364817147447,,-0.8990031219396348,0.29545454545454547,326.14810462356377,1.4987008398034098,3669
riskadj,10,0,0.2,volinv,5,-0.3051983082737429,-0.441696723370254,,-0.6827060659128819,0.4147727272727273,129.26456083569366,0.5986049918152752,3669
riskadj,10,0,0.2,volinv,10,-0.5486301956058007,-0.7702267104966888,,-0.8310492896865622,0.3806818181818182,83.47199474598123,0.3869874520818374,3669
riskadj,10,0,0.2,volinv,21,-0.12016116240184772,-0.17070622357553383,,-0.5853477102378124,0.5284090909090909,40.24327579432306,0.18620324850804987,3669
riskadj,10,0,0.3,equal,1,-0.5949108074408853,-0.8797154748164407,,-0.8381012491234594,0.35795454545454547,214.43126634111024,1.0058266264211153,3669
riskadj,10,0,0.3,equal,5,-0.14858898511876475,-0.22338593621314812,,-0.5527319678533593,0.4943181818181818,97.17652115739499,0.4575274777738707,3669
riskadj,10,0,0.3,equal,10,-0.20428390806827956,-0.3066982311539561,,-0.6019834358706802,0.4375,69.82485238463055,0.328456450195871,3669
riskadj,10,0,0.3,equal,21,-0.0634733922251719,-0.09353977374417712,,-0.648580974905435,0.44886363636363635,33.07215458649921,0.1545483462151499,3669
riskadj,10,0,0.3,rank,1,-0.6439071186828347,-0.9388056563464787,,-0.8465769973187816,0.3465909090909091,238.30501019780021,1.105772650418474,3669
riskadj,10,0,0.3,rank,5,-0.18585147424376874,-0.27736221434943836,,-0.557047910216627,0.4772727272727273,105.82924118782223,0.4984011571104272,3669
riskadj,10,0,0.3,rank,10,-0.2646715593265853,-0.3955153411435,,-0.6399189616085383,0.4431818181818182,73.99695233309069,0.3487070882909374,3669
riskadj,10,0,0.3,rank,21,-0.07094866089618213,-0.10460236222449713,,-0.6537703062738862,0.4431818181818182,35.11645260617503,0.16433944333759648,3669
riskadj,10,0,0.3,volinv,1,-0.8403020677537175,-1.2109313000828488,,-0.9010988373461127,0.3409090909090909,277.29131117370423,1.25825045284496,3669
riskadj,10,0,0.3,volinv,5,-0.1940585543096578,-0.28154265491821384,,-0.6109457344853375,0.42613636363636365,111.40750769662309,0.5092168262786454,3669
riskadj,10,0,0.3,volinv,10,-0.4990264622748499,-0.6913346095101598,,-0.7987914645042822,0.3977272727272727,75.14718409185383,0.3440607305440639,3669
riskadj,10,0,0.3,volinv,21,-0.09592373456641164,-0.13410424695474704,,-0.5943643602689382,0.4943181818181818,36.018906046582465,0.16612628215782171,3669
riskadj,10,2,0.1,equal,1,-0.6253721111806556,-0.9278364285312326,,-0.8253043509533259,0.36363636363636365,336.7309893704006,1.6795578638195456,3669
riskadj,10,2,0.1,equal,5,-0.19719997876657155,-0.28577423468172686,,-0.5878097958931014,0.4318181818181818,141.4881439084219,0.7097072686778161,3669
riskadj,10,2,0.1,equal,10,-0.1544261427132714,-0.2188360599860942,,-0.6213696837262586,0.45454545454545453,89.40637775960752,0.43669411152545196,3669
riskadj,10,2,0.1,equal,21,0.10706991432690474,0.15578534905661115,,-0.4277990774328845,0.5056818181818182,42.62305805396565,0.22277507703770888,3669
riskadj,10,2,0.1,rank,1,-0.6407584278974348,-0.9459472354288355,,-0.830962252176296,0.36363636363636365,342.0288943784292,1.7003595861355463,3669
riskadj,10,2,0.1,rank,5,-0.20051601114850964,-0.2900406295548177,,-0.5901948700243407,0.4375,142.7192740965074,0.7144529291602926,3669
riskadj,10,2,0.1,rank,10,-0.14932522765363324,-0.21095517745832454,,-0.6152433306823664,0.4715909090909091,89.77964945454232,0.4391383540932943,3669
riskadj,10,2,0.1,rank,21,0.10400503814894067,0.1509468612901684,,-0.44378110220103417,0.5227272727272727,42.79154968090092,0.22369273695018999,3669
riskadj,10,2,0.1,volinv,1,-0.826917431422895,-1.2086457523828908,,-0.8978120471083743,0.3806818181818182,396.84217449650146,1.8912191221147947,3669
riskadj,10,2,0.1,volinv,5,-0.305877388210932,-0.42754592583110274,,-0.7012570068995088,0.44886363636363635,150.5986382623157,0.7187448012592067,3669
riskadj,10,2,0.1,volinv,10,-0.2635426903112285,-0.3586364136019306,,-0.7249091258722422,0.44886363636363635,91.4947811663269,0.4380598926380479,3669
riskadj,10,2,0.1,volinv,21,0.06492849080310463,0.09169755192340201,,-0.45099900870034904,0.4772727272727273,43.743757928173636,0.22028577161187243,3669
riskadj,10,2,0.2,equal,1,-0.6118151654963712,-0.9112063530559199,,-0.8244922504513876,0.35795454545454547,261.5407195421095,1.2431954428010004,3669
riskadj,10,2,0.2,equal,5,-0.2725224074875812,-0.396626416398827,,-0.6850013672005784,0.45454545454545453,115.4301717089125,0.551002020139453,3669
riskadj,10,2,0.2,equal,10,-0.24388470990442335,-0.35210459540220984,,-0.6828557008726133,0.4602272727272727,79.04047424366311,0.3799329127081093,3669
riskadj,10,2,0.2,equal,21,0.13957142068210968,0.20311605851436548,,-0.3761888970639844,0.5170454545454546,37.90874897792313,0.18279605314854552,3669
riskadj,10,2,0.2,rank,1,-0.6351799504692673,-0.9452230769492458,,-0.8318082383949,0.3693181818181818,274.4887505258776,1.297154118659103,3669
riskadj,10,2,0.2,rank,5,-0.2605746634635315,-0.37878965962918787,,-0.6742192756915404,0.44886363636363635,119.64336227023726,0.5703066761428323,3669
riskadj,10,2,0.2,rank,10,-0.23300100795674594,-0.33513246665861945,,-0.667131111606063,0.4431818181818182,80.69913385009875,0.3872046458319988,3669
riskadj,10,2,0.2,rank,21,0.14397532289701717,0.20839796517357861,,-0.3762493408407569,0.5113636363636364,38.68840462044223,0.1877036521202734,3669
riskadj,10,2,0.2,volinv,1,-0.9241898216523393,-1.3209060245029614,,-0.9209728948630617,0.3465909090909091,325.2041573985626,1.494667846933972,3669
riskadj,10,2,0.2,volinv,5,-0.4561916583910732,-0.6370911877729248,,-0.7934441752710945,0.4090909090909091,129.40813160619757,0.5966714350268147,3669
riskadj,10,2,0.2,volinv,10,-0.3452463004170207,-0.47305220906996476,,-0.7763278826198136,0.4375,83.03147574386203,0.3860835172112061,3669
riskadj,10,2,0.2,volinv,21,0.1010610159762582,0.14375129732220118,,-0.3892101974492195,0.5,39.8947223194062,0.18534614958205958,3669
riskadj,10,2,0.3,equal,1,-0.5633973733176089,-0.8570753457579084,,-0.8053525531964979,0.375,214.2446262188165,1.0059260549559954,3669
riskadj,10,2,0.3,equal,5,-0.1884623872242523,-0.27481085305355374,,-0.6249590688086719,0.4318181818181818,96.7922008667858,0.4555960511124092,3669
riskadj,10,2,0.3,equal,10,-0.17151532060658392,-0.24832813748963317,,-0.6459613760838487,0.4375,68.92726044619108,0.3264246409989117,3669
riskadj,10,2,0.3,equal,21,0.18934314436142788,0.2797580849500315,,-0.3172347857622071,0.5113636363636364,32.877754759727104,0.15410199821255763,3669
riskadj,10,2,0.3,rank,1,-0.613741054536317,-0.923851278684442,,-0.8237220553752155,0.35795454545454547,238.0972803701052,1.1078819200260401,3669
riskadj,10,2,0.3,rank,5,-0.21178155726670655,-0.3081754208377015,,-0.6308806954106471,0.4318181818181818,105.56389374821468,0.49570735387592124,3669
riskadj,10,2,0.3,rank,10,-0.18265117908438633,-0.26316368369492305,,-0.6347619174298254,0.4602272727272727,73.22824978773724,0.34672187875611526,3669
riskadj,10,2,0.3,rank,21,0.18614137717003887,0.27289803074144403,,-0.33723660309056513,0.5284090909090909,34.961811074244295,0.16527179294643368,3669
riskadj,10,2,0.3,volinv,1,-0.7911823545385642,-1.1411070427669976,,-0.8946569771005678,0.3465909090909091,276.36150785937826,1.2543025106863472,3669
riskadj,10,2,0.3,volinv,5,-0.36365711752142077,-0.5014991877532438,,-0.7310192510757552,0.42045454545454547,111.94039094575005,0.5102545365750208,3669
riskadj,10,2,0.3,volinv,10,-0.3323260928267419,-0.44935269531575445,,-0.7447120601493431,0.4375,74.7618584729209,0.34351920490715265,3669
riskadj,10,2,0.3,volinv,21,0.16085520726898564,0.2280465130046456,,-0.35241565273545983,0.5170454545454546,35.426998706675576,0.16293967232576562,3669
riskadj,10,7,0.1,equal,1,-0.07970465419915466,-0.12078213550092011,,-0.5479307803228746,0.4715909090909091,336.1913327882256,1.685561759789964,3669
riskadj,10,7,0.1,equal,5,0.08841844274688848,0.1284402157940001,,-0.4084173587047919,0.48295454545454547,141.24775143090758,0.6929863913505868,3669
riskadj,10,7,0.1,equal,10,0.13248389775336802,0.19659265903579717,,-0.530830809343966,0.48295454545454547,89.39165985282092,0.4622735266400147,3669
riskadj,10,7,0.1,equal,21,-0.2976412977197208,-0.437132623684229,,-0.7229014351377212,0.42613636363636365,43.00817661488143,0.21050498079962762,3669
riskadj,10,7,0.1,rank,1,-0.1017632986297008,-0.15331230908123156,,-0.5644749833458171,0.4659090909090909,341.4751555924837,1.700996039022684,3669
riskadj,10,7,0.1,rank,5,0.08285796960793362,0.12011709916403647,,-0.4163893195548737,0.48863636363636365,142.47646318360563,0.6979078542085798,3669
riskadj,10,7,0.1,rank,10,0.10874233689907374,0.16140914051739963,,-0.5447646211610144,0.4772727272727273,89.74882012874014,0.4634351312342149,3669
riskadj,10,7,0.1,rank,21,-0.28844693805672633,-0.4234617271110097,,-0.723637146224072,0.42045454545454547,43.15406083787335,0.21090085984473955,3669
riskadj,10,7,0.1,volinv,1,-0.4135983276854933,-0.5922644476625183,,-0.7716116469736831,0.45454545454545453,397.31799366801897,1.8799513849408132,3669
riskadj,10,7,0.1,volinv,5,-0.07005204904875689,-0.09893452438800461,,-0.5745781964497285,0.48863636363636365,150.1890222599766,0.7114262574912441,3669
riskadj,10,7,0.1,volinv,10,-0.05136556997559538,-0.07361701759356767,,-0.5433302263399561,0.4602272727272727,91.41790073526549,0.4381270305108617,3669
riskadj,10,7,0.1,volinv,21,-0.517758273417855,-0.7334720327037278,,-0.7883090694609293,0.39204545454545453,44.06410607544311,0.2143047989547298,3669
riskadj,10,7,0.2,equal,1,-0.16959513087543246,-0.2580780916055199,,-0.6107187604929084,0.4431818181818182,261.17440719542105,1.2379073449556057,3669
riskadj,10,7,0.2,equal,5,0.04032756485282714,0.05928612385348661,,-0.4057428819934288,0.48295454545454547,115.22526573998364,0.5443804089806381,3669
riskadj,10,7,0.2,equal,10,0.10028487834669934,0.14640796562987426,,-0.3678581776350459,0.5170454545454546,79.59337694194602,0.384237354057244,3669
riskadj,10,7,0.2,equal,21,-0.012285867603063605,-0.017918511551593772,,-0.5275219021375681,0.4375,38.354047424366314,0.18140084710948723,3669
riskadj,10,7,0.2,rank,1,-0.17257916973293894,-0.2618578475921288,,-0.6127688747345063,0.4318181818181818,274.09045091009057,1.290486746018242,3669
riskadj,10,7,0.2,rank,5,0.054066874067529615,0.07929404852389388,,-0.3631266035601288,0.4943181818181818,119.4322543828811,0.5630338125058604,3669
riskadj,10,7,0.2,rank,10,0.10196240197987001,0.1497349507559724,,-0.39728094585506224,0.5284090909090909,81.16704569102373,0.3933588411079062,3669
riskadj,10,7,0.2,rank,21,-0.05375276537578966,-0.07829063991099222,,-0.5717565013563588,0.4318181818181818,39.11613336620083,0.185251946481867,3669
riskadj,10,7,0.2,volinv,1,-0.5127842716486417,-0.7291618974826297,,-0.8264529353533464,0.4147727272727273,325.80285515594073,1.4949018115298687,3669
riskadj,10,7,0.2,volinv,5,-0.1715010450536754,-0.2394607016283378,,-0.6182878684659565,0.5170454545454546,129.24424888309883,0.593390428629957,3669
riskadj,10,7,0.2,volinv,10,-0.13220976017700745,-0.18126302056469928,,-0.5537199833278418,0.48295454545454547,83.79835559049889,0.3866690253186201,3669
riskadj,10,7,0.2,volinv,21,-0.23848701631065294,-0.3322268873897889,,-0.6124141195830872,0.42045454545454547,40.27207732462665,0.1875562036319269,3669
riskadj,10,7,0.3,equal,1,-0.39920308672658544,-0.6122914559681001,,-0.7668470936901678,0.4318181818181818,213.94575316965017,1.0032026146233988,3669
riskadj,10,7,0.3,equal,5,-0.10281796045843002,-0.15283727104057154,,-0.530488029195268,0.48295454545454547,96.62198507525395,0.4531033655559522,3669
riskadj,10,7,0.3,equal,10,0.023919850874174624,0.03541827638553425,,-0.3534802975294873,0.4715909090909091,69.41569199047245,0.3291876718086322,3669
riskadj,10,7,0.3,equal,21,-0.07045366254986943,-0.10115541835291494,,-0.6141711819955717,0.4602272727272727,33.53074633425872,0.15768155056849362,3669
riskadj,10,7,0.3,rank,1,-0.3222438485676946,-0.49309781371449146,,-0.7253859136860696,0.45454545454545453,237.75490018875456,1.103191978919435,3669
riskadj,10,7,0.3,rank,5,-0.03418088308430594,-0.050489944572195126,,-0.460755672537855,0.5,105.37744164856268,0.49205735887940893,3669
riskadj,10,7,0.3,rank,10,0.04691833183979164,0.06918692482080291,,-0.39004767253131833,0.48295454545454547,73.6997627426607,0.3506277256114948,3669
riskadj,10,7,0.3,rank,21,-0.07943330661279402,-0.11462912485657321,,-0.6215686122619971,0.4431818181818182,35.5304518481792,0.16658340857782647,3669
riskadj,10,7,0.3,volinv,1,-0.7738060615778437,-1.0659977670109058,,-0.903452127674606,0.39204545454545453,276.9549476277634,1.2551941870046528,3669
riskadj,10,7,0.3,volinv,5,-0.37128106222099116,-0.5039034933122353,,-0.7496038395347472,0.4715909090909091,111.98792037237158,0.5103067925236426,3669
riskadj,10,7,0.3,volinv,10,-0.16171970314693437,-0.21931482736340127,,-0.6027637771755145,0.4375,75.26701198561217,0.34438033060760437,3669
riskadj,10,7,0.3,volinv,21,-0.280334480004827,-0.3797034048999309,,-0.656195955781627,0.45454545454545453,36.23309066560859,0.16585975506943954,3669
riskadj,20,0,0.1,equal,1,-0.1889837328788127,-0.28202160554885236,,-0.6209606479218582,0.45454545454545453,244.31943308803488,1.2081285732500011,3669
riskadj,20,0,0.1,equal,5,-0.02521637970918865,-0.03792388480246381,,-0.5486896150658209,0.4772727272727273,103.6091578086672,0.5038315984380755,3669
riskadj,20,0,0.1,equal,10,-0.1467113570645489,-0.22105896408050943,,-0.5672619231085227,0.4659090909090909,69.50286181520849,0.34253887826447854,3669
riskadj,20,0,0.1,equal,21,0.09985432533373428,0.15078081242713395,,-0.5148302910713372,0.4943181818181818,42.998364677023716,0.220011972609018,3669
riskadj,20,0,0.1,rank,1,-0.18927731564632544,-0.2823753673911467,,-0.6155047481756081,0.4602272727272727,248.42468026297894,1.219866048852348,3669
riskadj,20,0,0.1,rank,5,-0.02037773581526935,-0.03066010065648717,,-0.539086513673686,0.4715909090909091,104.88521671399454,0.5097782487381003,3669
riskadj,20,0,0.1,rank,10,-0.15269087998065917,-0.22959247995082102,,-0.5709123675779693,0.4602272727272727,70.17584094851976,0.3466725389225641,3669
riskadj,20,0,0.1,rank,21,0.08910948139696427,0.1341766872291495,,-0.5384356130877543,0.4772727272727273,43.14271363778845,0.22115918238857035,3669
riskadj,20,0,0.1,volinv,1,-0.5755174466667349,-0.8408478859554084,,-0.8232195444295543,0.4090909090909091,302.8531659104887,1.448233369787735,3669
riskadj,20,0,0.1,volinv,5,-0.21179250798931362,-0.31210277153461013,,-0.5902889426185162,0.4375,117.99413213303109,0.5751891708735946,3669
riskadj,20,0,0.1,volinv,10,-0.24390343076035834,-0.3559205861241787,,-0.6396561250456723,0.42613636363636365,74.67656276027377,0.3629309810239887,3669
riskadj,20,0,0.1,volinv,21,-0.08403907973906194,-0.12315521544416232,,-0.5048707523323614,0.4772727272727273,43.98295060739383,0.21551881915291682,3669
riskadj,20,0,0.2,equal,1,-0.24895911601257484,-0.36685667450833964,,-0.658076017724226,0.45454545454545453,184.04266269058726,0.8732632639318034,3669
riskadj,20,0,0.2,equal,5,-0.14038146041267036,-0.2134479253900231,,-0.5923507743720383,0.4602272727272727,82.05110384300899,0.3876813504455053,3669
riskadj,20,0,0.2,equal,10,-0.10445004856866225,-0.1538552443436517,,-0.551142022961607,0.42613636363636365,57.57170891251021,0.27283888355061003,3669
riskadj,20,0,0.2,equal,21,-0.07855012394903826,-0.11440862041458397,,-0.6405573331674432,0.5113636363636364,38.19950940310711,0.18369522213673212,3669
riskadj,20,0,0.2,rank,1,-0.2418747635576802,-0.3572835432994558,,-0.6499721854715694,0.4318181818181818,194.21334866334004,0.911467679380342,3669
riskadj,20,0,0.2,rank,5,-0.12247830318718117,-0.18568964825195516,,-0.5877016309373779,0.45454545454545453,85.68416177131098,0.4030423425366646,3669
riskadj,20,0,0.2,rank,10,-0.1176127453330865,-0.1733005688109002,,-0.5610345769476841,0.4375,59.5405822390475,0.28221274793133466,3669
riskadj,20,0,0.2,rank,21,-0.0685233363933915,-0.09997603569029953,,-0.6471905392948982,0.48863636363636365,38.98767489265046,0.18856566126165447,3669
riskadj,20,0,0.2,volinv,1,-0.6372207430205562,-0.905425413871304,,-0.843626779039481,0.4090909090909091,239.1691433109351,1.101289664518904,3669
riskadj,20,0,0.2,volinv,5,-0.2940345355527036,-0.4270728913957049,,-0.6520546468543424,0.3977272727272727,98.28079759782034,0.45484987813104616,3669
riskadj,20,0,0.2,volinv,10,-0.31157639974495743,-0.43069599640222545,,-0.6828128081414526,0.3977272727272727,64.59839944377956,0.3005413822726167,3669
riskadj,20,0,0.2,volinv,21,-0.17467380118274306,-0.24705665235336852,,-0.619257095622984,0.4772727272727273,40.25256068391753,0.18695061813563635,3669
riskadj,20,0,0.3,equal,1,-0.3124793189044778,-0.4597240643985971,,-0.6818604286229986,0.4375,150.18840148795,0.7000376656729652,3669
riskadj,20,0,0.3,equal,5,-0.13289097816116235,-0.2016395773187773,,-0.5388246424889949,0.4602272727272727,67.86395470219992,0.3170926341268293,3669
riskadj,20,0,0.3,equal,10,-0.24165626713767255,-0.3555785831936058,,-0.635939787930571,0.4375,48.19647468319657,0.2266969581539905,3669
riskadj,20,0,0.3,equal,21,-0.04314331084017919,-0.06253997714484354,,-0.6295257425167066,0.48863636363636365,32.98693357550764,0.15383134002413704,3669
riskadj,20,0,0.3,rank,1,-0.29375503317426643,-0.432677082899515,,-0.6746202082580968,0.4375,167.93561848316358,0.7713645985692357,3669
riskadj,20,0,0.3,rank,5,-0.12462318865544444,-0.18866936132260026,,-0.5586412190665175,0.4431818181818182,74.84040474027078,0.34734751486261817,3669
riskadj,20,0,0.3,rank,10,-0.20247443530760484,-0.29696727400582384,,-0.6141370322431352,0.4147727272727273,52.474286542811335,0.24596384265778307,3669
riskadj,20,0,0.3,rank,21,-0.04563334258787661,-0.06632938808426954,,-0.6448865530130573,0.48863636363636365,35.13667232610404,0.16513168930117705,3669
riskadj,20,0,0.3,volinv,1,-0.6965294182786687,-0.9855416225296171,,-0.8637551341580324,0.375,206.32692824934549,0.9340480438423118,3669
riskadj,20,0,0.3,volinv,5,-0.32134886141129937,-0.45360998635595323,,-0.6814114696610019,0.3806818181818182,84.80793791058643,0.3864571061019363,3669
riskadj,20,0,0.3,volinv,10,-0.4165277674933412,-0.5721409767235828,,-0.7577907444460957,0.4034090909090909,56.15365042419323,0.2570699298929623,3669
riskadj,20,0,0.3,volinv,21,-0.1716201063595944,-0.2399893805083031,,-0.6536534343254171,0.4943181818181818,36.07577662007017,0.1668896047741696,3669
riskadj,20,2,0.1,equal,1,-0.26109584527028845,-0.3833391586319907,,-0.6586614774093513,0.4147727272727273,244.19187789588443,1.2245053029062554,3669
riskadj,20,2,0.1,equal,5,-0.14765310088776207,-0.21121996487184466,,-0.6638081521942183,0.4659090909090909,103.94521668029435,0.5115755776112334,3669
riskadj,20,2,0.1,equal,10,-0.0059057795652253265,-0.008539636280252231,,-0.5402863995612985,0.5170454545454546,68.39901880621423,0.3378429678675101,3669
riskadj,20,2,0.1,equal,21,0.38674031244115653,0.5749073620579865,,-0.4081772784080673,0.5340909090909091,42.50122649223221,0.21533497212788882,3669
riskadj,20,2,0.1,rank,1,-0.26293529344455663,-0.3855602896499737,,-0.6557129779853088,0.4090909090909091,248.29488234217533,1.2357943824383197,3669
riskadj,20,2,0.1,rank,5,-0.1384078729385,-0.19838578186211456,,-0.6573986082070664,0.4715909090909091,105.23363231676352,0.5160779776314401,3669
riskadj,20,2,0.1,rank,10,-0.0021592933503435546,-0.00311979572686911,,-0.538186860922454,0.5113636363636364,69.11521842359663,0.3413082457131259,3669
riskadj,20,2,0.1,rank,21,0.37964965780743737,0.5660702078820896,,-0.4099741794688998,0.5397727272727273,42.63642004462608,0.21502483402387612,3669
riskadj,20,2,0.1,volinv,1,-0.6112990482637658,-0.8818612374484477,,-0.827423652176634,0.375,303.6674803115895,1.4583784373838375,3669
riskadj,20,2,0.1,volinv,5,-0.28929441948274376,-0.41292237299742707,,-0.6983385370284838,0.42613636363636365,117.41507826534911,0.5617289298310666,3669
riskadj,20,2,0.1,volinv,10,-0.14488577421551554,-0.20750619724837563,,-0.610841038731601,0.4602272727272727,73.6528419383289,0.35690873110702026,3669
riskadj,20,2,0.1,volinv,21,0.2870876346198074,0.42027295494043737,,-0.41238873470597315,0.4943181818181818,43.0345531276072,0.20884882413593392,3669
riskadj,20,2,0.2,equal,1,-0.3731277302755477,-0.5557590557183362,,-0.6947819328677093,0.4090909090909091,183.9087297388293,0.8706895062932267,3669
riskadj,20,2,0.2,equal,5,-0.1930870438762501,-0.2766277490024058,,-0.625828165971828,0.4375,81.4683709297292,0.38444278576420154,3669
riskadj,20,2,0.2,equal,10,-0.12807358678276973,-0.18130847491139596,,-0.583968265662091,0.45454545454545453,56.4676206050695,0.2707396639126892,3669
riskadj,20,2,0.2,equal,21,0.21842813550079138,0.3228164051392503,,-0.48514308945471984,0.5340909090909091,37.662632869991825,0.1814669102579532,3669
riskadj,20,2,0.2,rank,1,-0.3642994362640811,-0.5401429737783465,,-0.6942449546717341,0.4318181818181818,194.08243842147047,0.9096924801094972,3669
riskadj,20,2,0.2,rank,5,-0.1873567814886325,-0.2679484283471773,,-0.6361329589242877,0.4431818181818182,85.14071393575612,0.40007430416817047,3669
riskadj,20,2,0.2,rank,10,-0.11801800770453194,-0.1667625633079941,,-0.5824050812203247,0.45454545454545453,58.471944681735174,0.27961936234037654,3669
riskadj,20,2,0.2,rank,21,0.2567497094486836,0.3809115458876142,,-0.44531434519324953,0.5170454545454546,38.392123622720845,0.1846613461002118,3669
riskadj,20,2,0.2,volinv,1,-0.6975041630266579,-0.9960048033493974,,-0.8571711795959535,0.3409090909090909,240.10963442594522,1.1054552263870645,3669
riskadj,20,2,0.2,volinv,5,-0.38891108179811196,-0.5339150143885176,,-0.7302211498728666,0.4147727272727273,97.46646233232183,0.45050346436196853,3669
riskadj,20,2,0.2,volinv,10,-0.2997086522729763,-0.40704285927128087,,-0.6828271736300662,0.4375,63.56326588768683,0.2970791147874172,3669
riskadj,20,2,0.2,volinv,21,0.044437254467290736,0.06425542853583253,,-0.4803722453573849,0.4772727272727273,39.63459587705787,0.1851353393254318,3669
riskadj,20,2,0.3,equal,1,-0.3923085615170972,-0.5842076239751446,,-0.702681192362254,0.4375,150.07691512156654,0.6979995020405987,3669
riskadj,20,2,0.3,equal,5,-0.11201370979770967,-0.16487434682934823,,-0.5327199409985663,0.4318181818181818,66.75952026216878,0.31262886440785126,3669
riskadj,20,2,0.3,equal,10,-0.11396359008069129,-0.16200738160944017,,-0.5768141135919012,0.4318181818181818,47.54269130208552,0.2237060473567033,3669
riskadj,20,2,0.3,equal,21,0.021352731995370067,0.031157974712986834,,-0.6326740556090316,0.5284090909090909,32.90363552335183,0.15663224414225296,3669
riskadj,20,2,0.3,rank,1,-0.38795980581034845,-0.5745455917654609,,-0.7008233897457667,0.42045454545454547,167.81754830791397,0.7700301022868128,3669
riskadj,20,2,0.3,rank,5,-0.13109317009816848,-0.1902689282577775,,-0.5737293974149402,0.45454545454545453,73.88916474581036,0.34305445915632893,3669
riskadj,20,2,0.3,rank,10,-0.1104896762094219,-0.15669146049241403,,-0.5811506285254397,0.4602272727272727,51.72228378723441,0.24307826061771315,3669
riskadj,20,2,0.3,rank,21,0.14029062935143252,0.20577319985806827,,-0.5512501750238028,0.5113636363636364,34.872639347461366,0.1656717939800853,3669
riskadj,20,2,0.3,volinv,1,-0.6759368390050702,-0.9497146813617435,,-0.8515501966065364,0.3465909090909091,207.34410828224196,0.9388331095703939,3669
riskadj,20,2,0.3,volinv,5,-0.3574036529144075,-0.48480777886366166,,-0.7137329775662468,0.4375,83.44099784653808,0.3803390987739513,3669
riskadj,20,2,0.3,volinv,10,-0.3356536297257514,-0.4525358155494183,,-0.7177790119926644,0.4602272727272727,55.36789724966286,0.25465929230086515,3669
riskadj,20,2,0.3,volinv,21,-0.16766344338488012,-0.23292859313927913,,-0.6491433653117855,0.4772727272727273,35.7858427021589,0.16451547039056136,3669
riskadj,20,7,0.1,equal,1,0.007635019307717727,0.01176713009969403,,-0.5516026914869187,0.4602272727272727,243.80921231943307,1.217318410753378,3669
riskadj,20,7,0.1,equal,5,0.20957886945379378,0.3231138130740619,,-0.4682648356475876,0.48295454545454547,103.8176614881439,0.5129204673336455,3669
riskadj,20,7,0.1,equal,10,0.25311018793868595,0.36969363472103073,,-0.37122427331088204,0.5056818181818182,68.70073589533932,0.3476019594232382,3669
riskadj,20,7,0.1,equal,21,0.33330731330920643,0.5000882637424788,,-0.560358456781586,0.4943181818181818,42.22567457072771,0.20470735305648483,3669
riskadj,20,7,0.1,rank,1,-0.002834509491686596,-0.0043653110596253925,,-0.5560088530984802,0.45454545454545453,247.91053471923408,1.22943411600005,3669
riskadj,20,7,0.1,rank,5,0.20912701398767583,0.3228482954307177,,-0.47294855092930466,0.48295454545454547,105.09996489933992,0.5177731081592999,3669
riskadj,20,7,0.1,rank,10,0.2454184042716463,0.35820023126293593,,-0.37173941292084156,0.5113636363636364,69.32037305444472,0.3497287007799246,3669
riskadj,20,7,0.1,rank,21,0.34279211501143964,0.5147609802782197,,-0.5585020568169958,0.4943181818181818,42.40568475244533,0.2055156158761558,3669
riskadj,20,7,0.1,volinv,1,-0.24395047644512668,-0.3690060294949536,,-0.6638450383576724,0.42045454545454547,303.7793525771479,1.4479269621212343,3669
riskadj,20,7,0.1,volinv,5,0.06775696297377093,0.10255843302700832,,-0.5036516972656372,0.48295454545454547,117.19507799126885,0.5620238067816197,3669
riskadj,20,7,0.1,volinv,10,0.15694628353306178,0.22479961861428802,,-0.40314561187017783,0.5113636363636364,74.14035594032777,0.35700198167348307,3669
riskadj,20,7,0.1,volinv,21,0.3649968845760699,0.5409566373584993,,-0.5291389461154251,0.4715909090909091,43.445779617899305,0.20627359335523276,3669
riskadj,20,7,0.2,equal,1,-0.19031102590299792,-0.2855885801213878,,-0.6026288772242152,0.4431818181818182,183.73244192198544,0.8777324601806764,3669
riskadj,20,7,0.2,equal,5,0.1197251148350984,0.17541957334468686,,-0.4529118955810748,0.4772727272727273,81.38824010389108,0.38613593798176116,3669
riskadj,20,7,0.2,equal,10,0.3182297433521258,0.4676641403696964,,-0.3610393896770949,0.5056818181818182,56.57579721995094,0.27046000900950445,3669
riskadj,20,7,0.2,equal,21,0.30032813521710894,0.4476715114698773,,-0.5477135696391067,0.4715909090909091,37.028454619787404,0.17568649108705023,3669
riskadj,20,7,0.2,rank,1,-0.16312968539333253,-0.24505531474518139,,-0.5964966755941414,0.44886363636363635,193.881659445042,0.9149608805958303,3669
riskadj,20,7,0.2,rank,5,0.131941738664202,0.194063880269316,,-0.46214698031289214,0.4715909090909091,85.0517013719038,0.4011950844351706,3669
riskadj,20,7,0.2,rank,10,0.30619971418468694,0.44958868125789675,,-0.36285611805899265,0.5227272727272727,58.531717622985134,0.27941744730855955,3669
riskadj,20,7,0.2,rank,21,0.3142301224301672,0.4682002176603041,,-0.5555661997502355,0.4772727272727273,37.87950137635298,0.17919827554064213,3669
riskadj,20,7,0.2,volinv,1,-0.5593078041751615,-0.8124482040181376,,-0.8169996107049103,0.39204545454545453,240.54869146094808,1.1055823373596927,3669
riskadj,20,7,0.2,volinv,5,-0.18597356951360758,-0.2623848526113929,,-0.6552468488255414,0.4375,97.5044049871799,0.45133371543125567,3669
riskadj,20,7,0.2,volinv,10,0.07892185493692068,0.11042988274873032,,-0.4583068365299765,0.48295454545454547,63.72359161588906,0.29584109899157207,3669
riskadj,20,7,0.2,volinv,21,0.26371063807362904,0.37200750008265954,,-0.49204344602548966,0.4772727272727273,38.95065538062862,0.17951401133860295,3669
riskadj,20,7,0.3,equal,1,-0.2528078092705555,-0.3785453052025795,,-0.6745358887613064,0.4318181818181818,149.87210869403623,0.6972163394770415,3669
riskadj,20,7,0.3,equal,5,-0.03535317589156783,-0.05166803268893804,,-0.5723307906685018,0.4772727272727273,66.67167497794252,0.30935589198818414,3669
riskadj,20,7,0.3,equal,10,0.1515955832210848,0.2231078307525923,,-0.42959745648046965,0.5170454545454546,47.5570116896506,0.22185498525028668,3669
riskadj,20,7,0.3,equal,21,0.09606846283577404,0.13995844036703925,,-0.572860359010058,0.4602272727272727,32.45578972202741,0.15313863729181668,3669
riskadj,20,7,0.3,rank,1,-0.19667366868083458,-0.2949849632137252,,-0.6352075270546175,0.4375,167.5982234154901,0.7696496801362773,3669
riskadj,20,7,0.3,rank,5,0.03736249262474533,0.05479285563760063,,-0.5004050371700302,0.4715909090909091,73.79439831797842,0.3406524307937182,3669
riskadj,20,7,0.3,rank,10,0.2058204106597507,0.30131127485957543,,-0.4108540017822284,0.5056818181818182,51.734460708219885,0.24159692682690237,3669
riskadj,20,7,0.3,rank,21,0.18161128612205282,0.26735944728038646,,-0.5735979149172934,0.4715909090909091,34.457476206848,0.16191317551549214,3669
riskadj,20,7,0.3,volinv,1,-0.6790354488367741,-0.9619027625869491,,-0.8668793903720036,0.375,207.99175781957854,0.9412363714319938,3669
riskadj,20,7,0.3,volinv,5,-0.3473837593088386,-0.4814542710046168,,-0.7692510545619282,0.44886363636363635,83.63852937595436,0.38068071271069825,3669
riskadj,20,7,0.3,volinv,10,-0.029449247482276907,-0.040283060197697854,,-0.5276190966976979,0.48295454545454547,55.61139202920832,0.25386789443421576,3669
riskadj,20,7,0.3,volinv,21,0.1451398737424773,0.1983733578357971,,-0.4593466552101444,0.4943181818181818,34.902893448855785,0.1595864158973277,3669
riskadj,30,0,0.1,equal,1,-0.08215533275939307,-0.12097399880409214,,-0.592760216040995,0.4715909090909091,201.16189697465248,0.9926882168070649,3669
riskadj,30,0,0.1,equal,5,0.2552983768241962,0.37333551155254113,,-0.3610849101863297,0.4943181818181818,84.13736713000817,0.42056484362350366,3669
riskadj,30,0,0.1,equal,10,0.1998253325388263,0.29473554058654095,,-0.33421370170084996,0.4943181818181818,57.61079313164349,0.2864923802743512,3669
riskadj,30,0,0.1,equal,21,0.09225688806990294,0.1358253919881646,,-0.564743193027198,0.48863636363636365,37.18479149632052,0.18757560994170824,3669
riskadj,30,0,0.1,rank,1,-0.0691634406623762,-0.10179583555948357,,-0.5882735096441436,0.4659090909090909,204.65380769487408,1.0039280441397234,3669
riskadj,30,0,0.1,rank,5,0.2611592147612192,0.3824445641609677,,-0.35832804167033827,0.5056818181818182,85.40445583963873,0.4257125528409388,3669
riskadj,30,0,0.1,rank,10,0.1978107056297924,0.2920816351026253,,-0.3408907267699256,0.48863636363636365,58.30015379834009,0.2895530397728262,3669
riskadj,30,0,0.1,rank,21,0.10062027919059988,0.14824775197497037,,-0.5632978546995628,0.4943181818181818,37.41825942158273,0.18867937742268084,3669
riskadj,30,0,0.1,volinv,1,-0.3564159206440044,-0.5253451090252724,,-0.7470295986159354,0.39204545454545453,258.04064075049104,1.2254225901431572,3669
riskadj,30,0,0.1,volinv,5,0.0698311255960156,0.10217778817641786,,-0.45106989472418657,0.42613636363636365,99.23596357524947,0.47392863870048296,3669
riskadj,30,0,0.1,volinv,10,0.053034489465126185,0.0788809708841426,,-0.40307244395515684,0.4431818181818182,64.59918638910831,0.31157080572391627,3669
riskadj,30,0,0.1,volinv,21,0.08534503286910573,0.1234491310405521,,-0.5020162939603585,0.5,39.26601133919489,0.18586045207845092,3669
riskadj,30,0,0.2,equal,1,-0.06676086764602357,-0.0995469223559683,,-0.6335100861235123,0.4602272727272727,151.530825838103,0.7163577504257471,3669
riskadj,30,0,0.2,equal,5,0.03595818293706175,0.05432948463804244,,-0.5185992989664832,0.48295454545454547,66.3511856091578,0.31518306721137385,3669
riskadj,30,0,0.2,equal,10,0.1473838191486988,0.21492980114016644,,-0.31281232800616143,0.4715909090909091,46.24006541291905,0.21902923471930838,3669
riskadj,30,0,0.2,equal,21,0.20092485432299384,0.29361304412261674,,-0.4607094627553535,0.48863636363636365,31.13139820114472,0.1483953104078092,3669
riskadj,30,0,0.2,rank,1,-0.0558108525507307,-0.08284084330413988,,-0.6238010215145589,0.44886363636363635,159.8772994236418,0.747908575800303,3669
riskadj,30,0,0.2,rank,5,0.061851858954053124,0.09317027713851168,,-0.5044509496754692,0.4715909090909091,69.44243330333407,0.32864465081448047,3669
riskadj,30,0,0.2,rank,10,0.14606548357221788,0.21312823196625735,,-0.32578846828651464,0.48295454545454547,48.17922950572205,0.22789434619726928,3669
riskadj,30,0,0.2,rank,21,0.19140207779903354,0.2785123600925066,,-0.48978699033233986,0.5056818181818182,32.10662049057241,0.1532723620710445,3669
riskadj,30,0,0.2,volinv,1,-0.4079515939920363,-0.589528386001962,,-0.7540501556533854,0.4034090909090909,207.43138677279083,0.952754888009653,3669
riskadj,30,0,0.2,volinv,5,-0.18833997578002212,-0.2706225943734779,,-0.59425120857411,0.42613636363636365,82.92108799530034,0.3844470890696512,3669
riskadj,30,0,0.2,volinv,10,-0.12540824352457097,-0.17428603327858969,,-0.5414372131825634,0.4147727272727273,55.18334040608064,0.257272178115085,3669
riskadj,30,0,0.2,volinv,21,0.24272580010410807,0.3403918762809916,,-0.4088971660154389,0.5284090909090909,33.85240213378466,0.15653354789848567,3669
riskadj,30,0,0.3,equal,1,-0.21214074428167623,-0.3149239602022625,,-0.6241762293899737,0.4375,123.87963247247258,0.5793683658957209,3669
riskadj,30,0,0.3,equal,5,-0.0030747540045813187,-0.004643165743460918,,-0.4655337873108115,0.4318181818181818,54.47224313956156,0.2548651056248611,3669
riskadj,30,0,0.3,equal,10,0.13428944652623645,0.1951850635029189,,-0.34277578379882045,0.4659090909090909,38.58591101386792,0.1820335538462788,3669
riskadj,30,0,0.3,equal,21,0.26057398712172714,0.3792533878046032,,-0.3917045488795283,0.5,26.566332384242724,0.12336085636651217,3669
riskadj,30,0,0.3,rank,1,-0.14989259983064832,-0.22170154651869,,-0.6185296786524586,0.42613636363636365,138.2439810820524,0.6360502380247222,3669
riskadj,30,0,0.3,rank,5,0.0436329910163543,0.06583259790178109,,-0.4635655560304882,0.4375,60.31113639348154,0.2807065589256067,3669
riskadj,30,0,0.3,rank,10,0.1492381549869789,0.21773788294056176,,-0.3400354991359914,0.4715909090909091,42.345303977962814,0.19842746051909038,3669
riskadj,30,0,0.3,rank,21,0.24203005522431897,0.35155482153850015,,-0.4407766150949888,0.5,28.670620594425007,0.13318728179624995,3669
riskadj,30,0,0.3,volinv,1,-0.5670716976555352,-0.8010271443733784,,-0.8093261055519382,0.38636363636363635,178.13838474761397,0.8073227039150934,3669
riskadj,30,0,0.3,volinv,5,-0.2048635153514805,-0.2904808821135391,,-0.6286035180168033,0.4431818181818182,71.46075729282678,0.3256244611366378,3669
riskadj,30,0,0.3,volinv,10,-0.16771816303886555,-0.2333506170927629,,-0.6000103086548404,0.4318181818181818,48.35692645835859,0.22143851622691285,3669
riskadj,30,0,0.3,volinv,21,0.1472390519013761,0.20396820717221895,,-0.39294724920295443,0.5284090909090909,30.59706003894297,0.1420782397051471,3669
riskadj,30,2,0.1,equal,1,-0.04757918647562863,-0.06906428519492921,,-0.5478728492000755,0.4772727272727273,201.0318887980376,0.9952782405723444,3669
riskadj,30,2,0.1,equal,5,0.10781897813944247,0.15707666735099315,,-0.3943650745591404,0.48863636363636365,84.19623875715452,0.41155259425652363,3669
riskadj,30,2,0.1,equal,10,0.21571840423224883,0.3210280793740371,,-0.4462708925218215,0.4943181818181818,57.32869991823385,0.28870810669991276,3669
riskadj,30,2,0.1,equal,21,0.23472458846864364,0.3459205649231012,,-0.5382721452637913,0.4772727272727273,37.304987735077674,0.17858826517931042,3669
riskadj,30,2,0.1,rank,1,-0.03837350740845619,-0.05597786203975333,,-0.547004822320584,0.48295454545454547,204.52177691658207,1.005728818003592,3669
riskadj,30,2,0.1,rank,5,0.10397021871530372,0.1518802124687468,,-0.3958301757138788,0.4943181818181818,85.35534533749565,0.4165586151184448,3669
riskadj,30,2,0.1,rank,10,0.21346317072075643,0.31792645173742967,,-0.4441291147170715,0.4943181818181818,58.04039975285897,0.2911140387342814,3669
riskadj,30,2,0.1,rank,21,0.22645586899653872,0.3341871015017842,,-0.5414694474798495,0.48295454545454547,37.55745598072896,0.17967131091464864,3669
riskadj,30,2,0.1,volinv,1,-0.34067467414393904,-0.4862263770552842,,-0.7241642364315006,0.3977272727272727,257.3902229859824,1.2221630935954924,3669
riskadj,30,2,0.1,volinv,5,-0.07955491962885315,-0.11394651615878498,,-0.49292681874742117,0.4715909090909091,98.100676294455,0.4664369343689354,3669
riskadj,30,2,0.1,volinv,10,0.1311802913747498,0.19353529427906324,,-0.43198008148396405,0.48295454545454547,63.849158690606686,0.30667535117893147,3669
riskadj,30,2,0.1,volinv,21,0.2092177401286707,0.3012751916496876,,-0.5159311635033328,0.48863636363636365,39.53462020568257,0.1881658165354515,3669
riskadj,30,2,0.2,equal,1,-0.17202002388863105,-0.25808244034953254,,-0.6207600224438425,0.4375,151.43237939493048,0.7148532497764342,3669
riskadj,30,2,0.2,equal,5,0.04287391398150335,0.06414451136338233,,-0.482051017626,0.5056818181818182,66.17604251839737,0.3125446651703837,3669
riskadj,30,2,0.2,equal,10,0.16623935139657037,0.24307450459403393,,-0.39236675598540016,0.5113636363636364,45.90179885527392,0.2185118471808249,3669
riskadj,30,2,0.2,equal,21,0.30594443538903543,0.44130879001504236,,-0.42790892203515285,0.4943181818181818,31.194358135731807,0.14789504205326734,3669
riskadj,30,2,0.2,rank,1,-0.15282043627022554,-0.22911064866902373,,-0.6163683477052133,0.4431818181818182,159.77224311050384,0.7470661235467436,3669
riskadj,30,2,0.2,rank,5,0.03925639678608563,0.058577719209600934,,-0.4784266515172513,0.5,69.2355964759903,0.32545737202885594,3669
riskadj,30,2,0.2,rank,10,0.17061251829454574,0.25013501268092825,,-0.396048152059321,0.5056818181818182,47.87442654957921,0.22736357972483887,3669
riskadj,30,2,0.2,rank,21,0.2882143146002091,0.41682195445593706,,-0.4448356885499618,0.48295454545454547,32.1616333658576,0.1518274950340872,3669
riskadj,30,2,0.2,volinv,1,-0.5264855239146227,-0.7597042727619373,,-0.8189766229659914,0.375,206.86219835170985,0.9485801755232801,3669
riskadj,30,2,0.2,volinv,5,-0.20099415836389062,-0.29083468240027766,,-0.6180741854032195,0.42613636363636365,83.17294024330108,0.38437636695971883,3669
riskadj,30,2,0.2,volinv,10,0.012440567833736225,0.017648841424783415,,-0.43536165824411965,0.44886363636363635,54.482326004620646,0.2536246914220894,3669
riskadj,30,2,0.2,volinv,21,0.21659335543600927,0.30488151147876796,,-0.41368171083635363,0.4943181818181818,34.58348742220655,0.15857887009342264,3669
riskadj,30,2,0.3,equal,1,-0.17607977933673027,-0.2587646252099619,,-0.6000143197901452,0.4318181818181818,123.80298559558396,0.5780607920772513,3669
riskadj,30,2,0.3,equal,5,0.05303837334503102,0.07913432070051878,,-0.47723625500395306,0.48295454545454547,54.08452939218341,0.25346032845976313,3669
riskadj,30,2,0.3,equal,10,0.21427910843983786,0.3137993023092398,,-0.4252939389826256,0.4943181818181818,38.00967943145055,0.1795506484280876,3669
riskadj,30,2,0.3,equal,21,0.24356522561143965,0.3513510209447172,,-0.42808058969469664,0.5056818181818182,26.582507861508184,0.12420551178482736,3669
riskadj,30,2,0.3,rank,1,-0.1490728163429866,-0.22040189201358362,,-0.592239274554819,0.4318181818181818,138.15868315270737,0.6352034349250011,3669
riskadj,30,2,0.3,rank,5,0.051146719204831236,0.07601177402293702,,-0.47618895009684226,0.4715909090909091,59.93403592442521,0.27825548728610305,3669
riskadj,30,2,0.3,rank,10,0.20578301552107936,0.30059981359881816,,-0.4131162631018921,0.48295454545454547,41.878016888359866,0.19643291841730448,3669
riskadj,30,2,0.3,rank,21,0.2526119660284222,0.36632268231444076,,-0.45600195618294903,0.5,28.652932961593933,0.13351298872251044,3669
riskadj,30,2,0.3,volinv,1,-0.6227301530642084,-0.8773336489500623,,-0.8485220969598484,0.35795454545454547,177.61539509128727,0.8045041492858218,3669
riskadj,30,2,0.3,volinv,5,-0.1612057205061488,-0.22847417604630504,,-0.6130139094096181,0.45454545454545453,70.70944444500554,0.322495790920149,3669
riskadj,30,2,0.3,volinv,10,-0.012301456535357155,-0.01726693795302609,,-0.5159106379380136,0.4772727272727273,47.26265759290016,0.21669437451038087,3669
riskadj,30,2,0.3,volinv,21,0.2162004663486355,0.2997163360489248,,-0.42667019185496546,0.5056818181818182,30.3691953883823,0.13833554771416065,3669
riskadj,30,7,0.1,equal,1,0.06197335123641038,0.09450045743234514,,-0.4820597535363308,0.5113636363636364,200.6394112837285,0.9836410661098934,3669
riskadj,30,7,0.1,equal,5,0.22656661475461892,0.3521488795067997,,-0.4445301618129963,0.4772727272727273,84.08340147179068,0.41799711089627867,3669
riskadj,30,7,0.1,equal,10,0.23731038512759953,0.3498123001385901,,-0.42702658213677336,0.5170454545454546,57.93213409648405,0.2951616159335494,3669
riskadj,30,7,0.1,equal,21,0.4454447313277782,0.6593090237032295,,-0.4626973591657695,0.5113636363636364,36.78986099754701,0.1812173076728268,3669
riskadj,30,7,0.1,rank,1,0.06444466123883043,0.09804040010199075,,-0.4769162357976571,0.5,204.1324107934327,0.9947271648868328,3669
riskadj,30,7,0.1,rank,5,0.2293441446419858,0.3558836339212606,,-0.4446854484004894,0.48295454545454547,85.24266204230341,0.4218161199569018,3669
riskadj,30,7,0.1,rank,10,0.23989896006631206,0.3529059802561824,,-0.4331277575906174,0.5056818181818182,58.551239872131376,0.29852414240835995,3669
riskadj,30,7,0.1,rank,21,0.4521450222119578,0.6699132370628472,,-0.4593499754680874,0.5170454545454546,37.056077436780456,0.1824470156947826,3669
riskadj,30,7,0.1,volinv,1,-0.1446543614021804,-0.21732139278257107,,-0.6001409186831594,0.4375,258.1307400937387,1.2287292275467858,3669
riskadj,30,7,0.1,volinv,5,0.11308488198684813,0.17201958693934485,,-0.48256921578011847,0.48295454545454547,97.84199571799596,0.46196740416162674,3669
riskadj,30,7,0.1,volinv,10,0.16802572070413183,0.24095642745953083,,-0.4495021901780605,0.5,64.58675767298747,0.30753529128150875,3669
riskadj,30,7,0.1,volinv,21,0.29816613132814457,0.4307353461200409,,-0.5071688398994649,0.4943181818181818,39.4467017510802,0.18706139626220075,3669
riskadj,30,7,0.2,equal,1,-0.01261808574123116,-0.018675259295495097,,-0.5313019931613894,0.48863636363636365,151.19026982829106,0.7183851797421285,3669
riskadj,30,7,0.2,equal,5,0.2297127232867355,0.3418988943125171,,-0.39692180337407235,0.5170454545454546,66.06958299264105,0.31533576723375617,3669
riskadj,30,7,0.2,equal,10,0.34440668367358407,0.5055131944601411,,-0.4370793409761995,0.5227272727272727,46.19999999999999,0.22235688748829716,3669
riskadj,30,7,0.2,equal,21,0.34580062104261805,0.5016698248237516,,-0.42348401644278566,0.5170454545454546,31.308830744071948,0.15108406999207835,3669
riskadj,30,7,0.2,rank,1,6.298073642740994e-05,9.375273940501952e-05,,-0.5082503414635962,0.48295454545454547,159.51084640400916,0.7489156613265351,3669
riskadj,30,7,0.2,rank,5,0.23342332107005803,0.3488226123923104,,-0.4013683412652098,0.5397727272727273,69.1330898599659,0.32743228080505926,3669
riskadj,30,7,0.2,rank,10,0.3331611532330633,0.48761576903130804,,-0.44205820420122754,0.5227272727272727,48.15173104814943,0.23161859170497595,3669
riskadj,30,7,0.2,rank,21,0.3733576193194085,0.5428801430935111,,-0.42834807942783637,0.5340909090909091,32.233240733384164,0.15484459527901406,3669
riskadj,30,7,0.2,volinv,1,-0.3172368950179729,-0.4481191970341666,,-0.757239519717727,0.4034090909090909,207.035479462143,0.9498977232640833,3669
riskadj,30,7,0.2,volinv,5,0.1026414912266406,0.14686307520436032,,-0.43137836944907537,0.4659090909090909,83.07788481046855,0.3832888850969492,3669
riskadj,30,7,0.2,volinv,10,0.1931123109343786,0.2679729621341199,,-0.4301701372009007,0.5113636363636364,54.85626081460407,0.2532544538436566,3669
riskadj,30,7,0.2,volinv,21,0.25894344657864016,0.3590021915448067,,-0.44474517685011883,0.5,34.67349646173201,0.16042165328317268,3669
riskadj,30,7,0.3,equal,1,0.10643652368165918,0.16053089243292912,,-0.4665166833628134,0.5113636363636364,123.52850018906402,0.5775232185313376,3669
riskadj,30,7,0.3,equal,5,0.25744343691416444,0.38045483900023436,,-0.43015371785970025,0.5227272727272727,54.00215888487778,0.25593014992615337,3669
riskadj,30,7,0.3,equal,10,0.3212053325071152,0.46655738241566286,,-0.4163490519898876,0.5568181818181818,38.38823084555247,0.18241536343870052,3669
riskadj,30,7,0.3,equal,21,0.2999866602674534,0.43196852538079317,,-0.49481567158018613,0.5113636363636364,26.99623811078182,0.12729670045825298,3669
riskadj,30,7,0.3,rank,1,0.08593475232280423,0.12991522647918205,,-0.4608111483781434,0.5,137.87871643372043,0.6347533919984492,3669
riskadj,30,7,0.3,rank,5,0.2563388851514382,0.3814615800064245,,-0.42297125528916824,0.5227272727272727,59.8484916552555,0.27991957176210164,3669
riskadj,30,7,0.3,rank,10,0.3304631426874133,0.4799130606436118,,-0.4253170605093122,0.5284090909090909,42.199482821146354,0.1994265171487698,3669
riskadj,30,7,0.3,rank,21,0.34602383865609776,0.4986096610177633,,-0.4841595324388598,0.5113636363636364,28.982987245017497,0.13647298473696406,3669
riskadj,30,7,0.3,volinv,1,-0.27030042154331113,-0.38784341019807556,,-0.7327301965651902,0.4375,178.38288117732543,0.8082493152360555,3669
riskadj,30,7,0.3,volinv,5,0.042108317452977204,0.05954083716461904,,-0.4756875217125851,0.4772727272727273,70.6341191099632,0.32297015958591363,3669
riskadj,30,7,0.3,volinv,10,0.12675183735620904,0.17648962291965117,,-0.40566900643945647,0.5170454545454546,47.399409870558074,0.21666548457111368,3669
riskadj,30,7,0.3,volinv,21,0.2082945231712745,0.2843467831273599,,-0.5017274570758923,0.5170454545454546,31.26487621909522,0.14208277044348155,3669
riskadj,45,0,0.1,equal,1,0.06239161558691673,0.09287230920085837,,-0.4598605024525483,0.4431818181818182,164.3426001635323,0.7937536166320237,3669
riskadj,45,0,0.1,equal,5,0.19411529403617306,0.28940558001887523,,-0.4264515509368948,0.48295454545454547,70.6091578086672,0.3482907059574153,3669
riskadj,45,0,0.1,equal,10,0.31333730533632786,0.4620253480646425,,-0.4387362669214435,0.4715909090909091,47.39656582174979,0.2252940654613364,3669
riskadj,45,0,0.1,equal,21,0.12954987297430073,0.19263289144353704,,-0.5418152932628839,0.5,31.05478331970564,0.15625439915500436,3669
riskadj,45,0,0.1,rank,1,0.06017290804245482,0.0893900074731549,,-0.46912816668075474,0.45454545454545453,167.68416641665715,0.8041389965635249,3669
riskadj,45,0,0.1,rank,5,0.19278700646295224,0.2870836743861315,,-0.42667466600969106,0.4772727272727273,71.68794588581008,0.35195276075646587,3669
riskadj,45,0,0.1,rank,10,0.3066211989811931,0.45094461358025995,,-0.43554988410857876,0.4659090909090909,48.10577244597486,0.22846927322966915,3669
riskadj,45,0,0.1,rank,21,0.1457847770123613,0.21660493299240052,,-0.5302246674137943,0.4943181818181818,31.361333147698424,0.15737556949932333,3669
riskadj,45,0,0.1,volinv,1,-0.23153444878680435,-0.3380166380620763,,-0.5678308576335733,0.42045454545454547,217.85290397756907,1.0231274666548673,3669
riskadj,45,0,0.1,volinv,5,-0.009806809417194586,-0.014254882966610566,,-0.473171153598996,0.48863636363636365,86.3776980532564,0.4106093566923388,3669
riskadj,45,0,0.1,volinv,10,0.13456984313420403,0.19194417662770755,,-0.4746851968951402,0.4375,55.12484518736534,0.25836542434061494,3669
riskadj,45,0,0.1,volinv,21,0.2171387752496568,0.314119787793531,,-0.5496303685220826,0.5113636363636364,33.55081940895743,0.15867546930854975,3669
riskadj,45,0,0.2,equal,1,-0.017054933311352004,-0.025222028619265164,,-0.42960966938632017,0.45454545454545453,122.93327882256744,0.5795434221218789,3669
riskadj,45,0,0.2,equal,5,0.26356623914884236,0.38772569581441935,,-0.29535529575160535,0.4943181818181818,54.183892068683555,0.25230300419447105,3669
riskadj,45,0,0.2,equal,10,0.325951193496183,0.4705085503605281,,-0.2682432837886529,0.4772727272727273,37.333524121013895,0.17405898699779493,3669
riskadj,45,0,0.2,equal,21,0.21568484017995504,0.31430031699856537,,-0.46574373686748305,0.48295454545454547,25.15650040883074,0.11822629337015358,3669
riskadj,45,0,0.2,rank,1,0.0023581603161352237,0.003485293405954889,,-0.39808394204828856,0.4602272727272727,130.18557075649383,0.6053987319428509,3669
riskadj,45,0,0.2,rank,5,0.2529842845103175,0.3719096768232902,,-0.32483419453126805,0.48863636363636365,56.91438460669402,0.263813451879402,3669
riskadj,45,0,0.2,rank,10,0.3178207238718935,0.4570398893568234,,-0.3057331731198293,0.4715909090909091,39.04944349570498,0.181218503616516,3669
riskadj,45,0,0.2,rank,21,0.20913877329904837,0.3055968836569985,,-0.4764460470645445,0.48295454545454547,26.14286638705476,0.12270173049578413,3669
riskadj,45,0,0.2,volinv,1,-0.3489338713807086,-0.49419677189330175,,-0.6625041772200571,0.4034090909090909,171.1141353425009,0.7869244044871665,3669
riskadj,45,0,0.2,volinv,5,0.02736009930748173,0.03917099263412493,,-0.3743509852249177,0.4431818181818182,69.7785658313501,0.3236609504756114,3669
riskadj,45,0,0.2,volinv,10,0.1677085606441391,0.23338621413678753,,-0.3495899742270677,0.4659090909090909,45.694134681749325,0.21045248849298034,3669
riskadj,45,0,0.2,volinv,21,0.07354362185383315,0.10224318474579308,,-0.5214439186430169,0.5056818181818182,29.68117795747679,0.14144552265793175,3669
riskadj,45,0,0.3,equal,1,0.004403642289050099,0.006506317688845171,,-0.42368419653554945,0.5,99.49861837831547,0.46845457730446527,3669
riskadj,45,0,0.3,equal,5,0.10855937004589278,0.15942825266776126,,-0.28745265464557546,0.4715909090909091,44.63327720663566,0.21037342109700688,3669
riskadj,45,0,0.3,equal,10,0.3342742666298612,0.4814204668212346,,-0.2630722211669133,0.48295454545454547,30.996060358284392,0.1490476882475939,3669
riskadj,45,0,0.3,equal,21,0.13505830881365735,0.19473215379745454,,-0.41196185457172596,0.48863636363636365,21.48718727679942,0.09933049624177293,3669
riskadj,45,0,0.3,rank,1,0.025716775534225775,0.037986186936055384,,-0.37727808842816934,0.48863636363636365,111.90866784028779,0.5146084339572373,3669
riskadj,45,0,0.3,rank,5,0.1656552635025596,0.24268473724404513,,-0.29005995310124455,0.48295454545454547,49.520804668010165,0.22957907118060508,3669
riskadj,45,0,0.3,rank,10,0.3309785654794034,0.4745676667242867,,-0.28090906953087935,0.5113636363636364,34.20385475089343,0.16053163609329488,3669
riskadj,45,0,0.3,rank,21,0.16150546077719696,0.23394351789025714,,-0.44640404942320444,0.4943181818181818,23.324408567447342,0.10775398259933618,3669
riskadj,45,0,0.3,volinv,1,-0.33499919353495783,-0.46736210620131347,,-0.6623670784564915,0.4147727272727273,145.77487608296778,0.662219814656357,3669
riskadj,45,0,0.3,volinv,5,-0.05841250136281471,-0.08071541232144404,,-0.4948100210997276,0.4602272727272727,60.73244840983258,0.2770650995419759,3669
riskadj,45,0,0.3,volinv,10,0.14036551996573432,0.18917111204514483,,-0.29371508981497285,0.5056818181818182,39.936790856624604,0.1818011672914483,3669
riskadj,45,0,0.3,volinv,21,0.05423151160332416,0.07395598433516237,,-0.4181400161254326,0.48863636363636365,26.099167072459366,0.11966147128805221,3669
riskadj,45,2,0.1,equal,1,0.03591464165279086,0.05357735819859011,,-0.44916136518109595,0.4659090909090909,164.24938675388387,0.7943810327104599,3669
riskadj,45,2,0.1,equal,5,0.18748943521610612,0.2790841967440631,,-0.44055759203214506,0.48863636363636365,70.1749795584628,0.33128738099324523,3669
riskadj,45,2,0.1,equal,10,0.2082024707041999,0.3052647046520452,,-0.4251388048008291,0.5113636363636364,47.703188879803754,0.2258699881832558,3669
riskadj,45,2,0.1,equal,21,0.2610484868029072,0.38692302438706433,,-0.5241703954583414,0.5056818181818182,31.08912510220768,0.14795517822832302,3669
riskadj,45,2,0.1,rank,1,0.03916913906488923,0.058386759819469204,,-0.45237768399910283,0.4772727272727273,167.58741320729462,0.8052475347739132,3669
riskadj,45,2,0.1,rank,5,0.18671411176329497,0.2777258464533739,,-0.4408472448263522,0.48863636363636365,71.23932874797087,0.33551310438502147,3669
riskadj,45,2,0.1,rank,10,0.21254300065589501,0.311401010676539,,-0.42055233084622945,0.5,48.331865341159485,0.2286815927697271,3669
riskadj,45,2,0.1,rank,21,0.2687958298129141,0.3994960475800413,,-0.5124053486764526,0.4943181818181818,31.395867999651912,0.14924092150759594,3669
riskadj,45,2,0.1,volinv,1,-0.16805127589472713,-0.24064976942738847,,-0.5182143865244241,0.4431818181818182,217.7819936641275,1.0206565610855896,3669
riskadj,45,2,0.1,volinv,5,0.05834058986880892,0.08218622214382401,,-0.511673209788112,0.4772727272727273,85.44732279584767,0.39797446299858563,3669
riskadj,45,2,0.1,volinv,10,0.12545555365237918,0.1780549038983172,,-0.45291469395358663,0.48295454545454547,55.524568375982476,0.25966927126132633,3669
riskadj,45,2,0.1,volinv,21,0.2673392269382294,0.383917771488444,,-0.5542870006903998,0.4943181818181818,34.080236616248634,0.1600151957344903,3669
riskadj,45,2,0.2,equal,1,-0.042383094995490644,-0.0630069976585615,,-0.41892400497665816,0.4772727272727273,122.84399018806212,0.578569186010591,3669
riskadj,45,2,0.2,equal,5,0.22695058898976497,0.33531267969005657,,-0.3173807339429541,0.5,53.878250204415366,0.25569771372534045,3669
riskadj,45,2,0.2,equal,10,0.25903014294354115,0.3791648684392985,,-0.3221221049384301,0.5170454545454546,37.429681112019615,0.17663510162630025,3669
riskadj,45,2,0.2,equal,21,0.1415474413022947,0.20193794414459393,,-0.44616825994407294,0.48295454545454547,25.098119378577266,0.11699421230387314,3669
riskadj,45,2,0.2,rank,1,-0.029101807525843692,-0.04336093834459531,,-0.42244689158756943,0.4659090909090909,130.09594099009885,0.6051468181270832,3669
riskadj,45,2,0.2,rank,5,0.23153737443051076,0.34211291083521683,,-0.3231045910857081,0.48295454545454547,56.536514314294116,0.2655197919194734,3669
riskadj,45,2,0.2,rank,10,0.27098399724980904,0.3958197379254753,,-0.3106751569975378,0.5113636363636364,39.12651146937045,0.18316992735311588,3669
riskadj,45,2,0.2,rank,21,0.16151142896961634,0.2316950188885457,,-0.45109677812687676,0.48295454545454547,26.075456779003748,0.12129434785226961,3669
riskadj,45,2,0.2,volinv,1,-0.31662537360738446,-0.4541031171106414,,-0.6514976137142745,0.4147727272727273,170.85227570301413,0.7836527083366065,3669
riskadj,45,2,0.2,volinv,5,0.039493812272911995,0.05590362006671669,,-0.38766160576539277,0.48295454545454547,69.33205691641703,0.31858747637440826,3669
riskadj,45,2,0.2,volinv,10,0.11707661216258723,0.16162366105060574,,-0.3399239530704866,0.5113636363636364,45.86397498246894,0.21119243836349508,3669
riskadj,45,2,0.2,volinv,21,0.13560084806209988,0.18605408185489025,,-0.45403468384208157,0.5284090909090909,28.793923712575957,0.13453586973749077,3669
riskadj,45,2,0.3,equal,1,-0.020098178789107152,-0.029478053290740547,,-0.39265908359533797,0.4772727272727273,99.41077309408924,0.4690644109787371,3669
riskadj,45,2,0.3,equal,5,0.17314947004947412,0.2517642995189523,,-0.29518153026554306,0.4659090909090909,43.98591877034053,0.20338770866850023,3669
riskadj,45,2,0.3,equal,10,0.3022287366392676,0.44044561654444947,,-0.3045407752777004,0.5056818181818182,31.04141956376305,0.14603082845458598,3669
riskadj,45,2,0.3,equal,21,0.0849849753202527,0.1199609995781283,,-0.4110424360726743,0.5056818181818182,21.09816139280393,0.09769197644467292,3669
riskadj,45,2,0.3,rank,1,-0.005359545105097976,-0.007890589000205667,,-0.37081226325170735,0.4772727272727273,111.81717924032752,0.515547789813739,3669
riskadj,45,2,0.3,rank,5,0.20401062144752005,0.2970955826847684,,-0.3057822672727104,0.48295454545454547,48.87077276883204,0.22390370994597958,3669
riskadj,45,2,0.3,rank,10,0.2968973392198297,0.43006685761321506,,-0.31267565163123734,0.4943181818181818,34.245188983676826,0.1590318448213971,3669
riskadj,45,2,0.3,rank,21,0.13288619783791594,0.18899083093816882,,-0.421205832818459,0.5,23.032532350523248,0.10619731330558677,3669
riskadj,45,2,0.3,volinv,1,-0.31955421197894407,-0.44175815894222786,,-0.6516568287292637,0.4318181818181818,145.62147670892784,0.660968512657236,3669
riskadj,45,2,0.3,volinv,5,0.005453679539634897,0.007511877181666034,,-0.45107747052800784,0.4772727272727273,59.14407990675895,0.2685168449339178,3669
riskadj,45,2,0.3,volinv,10,0.15701882263147476,0.21474577915114407,,-0.4019156850261796,0.5170454545454546,40.02423804822261,0.18186853873322079,3669
riskadj,45,2,0.3,volinv,21,0.020191521913396623,0.027318973855135903,,-0.4671351362076196,0.5284090909090909,25.308312460552802,0.11614974186196661,3669
riskadj,45,7,0.1,equal,1,0.20539778274052864,0.3119906172954629,,-0.40377956822034466,0.48863636363636365,164.11692559280456,0.7858008319794159,3669
riskadj,45,7,0.1,equal,5,0.29867812479466477,0.4477182370628669,,-0.3643087396274628,0.48863636363636365,70.11856091578086,0.3334639531606711,3669
riskadj,45,7,0.1,equal,10,0.32113241418749416,0.46629708668144515,,-0.35239850961303076,0.5,47.3892068683565,0.22455354039790293,3669
riskadj,45,7,0.1,equal,21,0.25326522471892604,0.35908417952247446,,-0.4874754117795643,0.5284090909090909,30.816843826655763,0.14667291728663095,3669
riskadj,45,7,0.1,rank,1,0.20747329824088814,0.31474981133255053,,-0.39815686943850004,0.4943181818181818,167.43599940970947,0.7965478766174554,3669
riskadj,45,7,0.1,rank,5,0.30686792162106874,0.45935755427906466,,-0.35400370024612315,0.48863636363636365,71.18170088759521,0.33766933892626705,3669
riskadj,45,7,0.1,rank,10,0.3202446516130506,0.4657235867435368,,-0.3473265996433156,0.5,48.00339826291854,0.2271865020131357,3669
riskadj,45,7,0.1,rank,21,0.24309449466520267,0.34367150117494727,,-0.49682282765788766,0.5056818181818182,31.16500007630273,0.14833658018628076,3669
riskadj,45,7,0.1,volinv,1,-0.006772681375949685,-0.009948109350579225,,-0.5058076029623477,0.4772727272727273,218.47125167351655,1.024283251085838,3669
riskadj,45,7,0.1,volinv,5,0.1949001822765046,0.2863789910823931,,-0.39351473465703046,0.4715909090909091,85.23528160590887,0.3994663257323125,3669
riskadj,45,7,0.1,volinv,10,0.28205519011812197,0.39574794726744095,,-0.4026441759462348,0.5,54.85409691925252,0.25724456666959317,3669
riskadj,45,7,0.1,volinv,21,0.15581769904185883,0.2132948317827998,,-0.49636068066415473,0.48863636363636365,34.49986004077382,0.16259707252897776,3669
riskadj,45,7,0.2,equal,1,0.22116144366320495,0.3276401130027897,,-0.4000986754137229,0.4659090909090909,122.5944399018806,0.5804853251463371,3669
riskadj,45,7,0.2,equal,5,0.29070351472192,0.4284590453219669,,-0.3060745888092252,0.5568181818181818,53.80613246116108,0.2508780990216558,3669
riskadj,45,7,0.2,equal,10,0.36810936891962265,0.5322905761075196,,-0.3195202192427664,0.5454545454545454,37.2642681929681,0.17634699621562322,3669
riskadj,45,7,0.2,equal,21,0.18037535658658355,0.2483892115912832,,-0.4816676224487293,0.5056818181818182,25.48217497955846,0.11865464477548285,3669
riskadj,45,7,0.2,rank,1,0.21860756607004578,0.3243327614285908,,-0.40605689832461633,0.4772727272727273,129.85370569701556,0.6058058976865502,3669
riskadj,45,7,0.2,rank,5,0.3008785273009708,0.4425876615397602,,-0.30120050915814156,0.5227272727272727,56.46616905013669,0.2613635111364934,3669
riskadj,45,7,0.2,rank,10,0.366843687544899,0.5297298483065487,,-0.3169449024813392,0.5454545454545454,38.916343939727405,0.18285537882145178,3669
riskadj,45,7,0.2,rank,21,0.17719422849656807,0.24347727973688812,,-0.4937466706906688,0.48863636363636365,26.381057746749278,0.12259507836434798,3669
riskadj,45,7,0.2,volinv,1,-0.006162697278167177,-0.008640981500711872,,-0.4767285254774484,0.45454545454545453,170.9573879581287,0.786826619151124,3669
riskadj,45,7,0.2,volinv,5,0.16499814415619676,0.233758612792414,,-0.35473368967205565,0.5170454545454546,69.16431768281072,0.31760724300377424,3669
riskadj,45,7,0.2,volinv,10,0.25902696726491625,0.3726066761611171,,-0.3477045844406661,0.5284090909090909,45.531997010430274,0.21018008354415624,3669
riskadj,45,7,0.2,volinv,21,0.045078000399847565,0.05915114656804908,,-0.5497406685242032,0.5,30.017321795162133,0.13799484559142777,3669
riskadj,45,7,0.3,equal,1,0.18189647305320966,0.2684455579289906,,-0.3220700100102626,0.5056818181818182,99.268926601146,0.4639282991406967,3669
riskadj,45,7,0.3,equal,5,0.30753631262754216,0.4536338416065876,,-0.3211669762369269,0.5170454545454546,43.92694049169572,0.20380399357082077,3669
riskadj,45,7,0.3,equal,10,0.36154719079666303,0.52962877583269,,-0.2767219461723356,0.5625,31.065060645920255,0.1471781670416616,3669
riskadj,45,7,0.3,equal,21,0.0947831324243316,0.12995445392865757,,-0.4417826795616475,0.4943181818181818,21.605392687585443,0.10028144872121028,3669
riskadj,45,7,0.3,rank,1,0.19595180026845022,0.2895530333060823,,-0.3493228780440928,0.4659090909090909,111.65178567654795,0.5116154156238089,3669
riskadj,45,7,0.3,rank,5,0.30437967419415257,0.4464383870172818,,-0.316089655550041,0.5227272727272727,48.8093225454564,0.22357282546310617,3669
riskadj,45,7,0.3,rank,10,0.3740579309857861,0.542959737309594,,-0.2781561441394613,0.5738636363636364,34.164616647399676,0.15940952739462028,3669
riskadj,45,7,0.3,rank,21,0.1262982517142462,0.17243124322880235,,-0.46965593642525394,0.4659090909090909,23.406709869370648,0.10798183306474768,3669
riskadj,45,7,0.3,volinv,1,-0.05360266344801905,-0.07511762517018607,,-0.5651709461468012,0.48863636363636365,145.7363061064968,0.6607047260267278,3669
riskadj,45,7,0.3,volinv,5,0.15848224823832524,0.2231821929516664,,-0.4080925258943061,0.5284090909090909,59.09125397507519,0.26866734072898535,3669
riskadj,45,7,0.3,volinv,10,0.2586023184331905,0.3634145707781015,,-0.3091030208893628,0.5284090909090909,39.99089417684301,0.1821892823436151,3669
riskadj,45,7,0.3,volinv,21,0.14801175239230122,0.1972319844208725,,-0.4500477525278682,0.4715909090909091,26.207681342532283,0.12043426151875664,3669
riskadj,60,0,0.1,equal,1,0.2611291041035672,0.3785132090679031,,-0.377955383020536,0.5284090909090909,141.02943581357317,0.6907657567710546,3669
riskadj,60,0,0.1,equal,5,0.3765292064853995,0.5467536038858216,,-0.36929379196496703,0.5056818181818182,59.786590351594434,0.29910928974751916,3669
riskadj,60,0,0.1,equal,10,0.2597453148736701,0.38743922379802226,,-0.4658031203499631,0.5397727272727273,41.06786590351594,0.20107288612688018,3669
riskadj,60,0,0.1,equal,21,0.07413568636938875,0.10579581401469536,,-0.5068680200751239,0.4943181818181818,27.169255928045786,0.13846800484535438,3669
riskadj,60,0,0.1,rank,1,0.25716972464818494,0.3731590954940957,,-0.3859700487732143,0.5227272727272727,143.8760283755965,0.6979607280256697,3669
riskadj,60,0,0.1,rank,5,0.37869044765481696,0.549161511062786,,-0.37908107513481226,0.5056818181818182,60.847790426464464,0.30157591145521195,3669
riskadj,60,0,0.1,rank,10,0.26624639288603774,0.39708932807854336,,-0.46405038996213877,0.5625,41.73681962501972,0.20373079229764685,3669
riskadj,60,0,0.1,rank,21,0.08904790377726739,0.12778802020523342,,-0.5016339759206776,0.48863636363636365,27.507232348519715,0.13913760644368925,3669
riskadj,60,0,0.1,volinv,1,-0.030210943035088134,-0.04168404006692021,,-0.5171800247540712,0.48863636363636365,190.88661261500584,0.919079816807582,3669
riskadj,60,0,0.1,volinv,5,0.2560100347752622,0.3583411399250908,,-0.4954643835959577,0.5170454545454546,75.0176009979733,0.3592378824489318,3669
riskadj,60,0,0.1,volinv,10,0.1154378878938726,0.16443729214477518,,-0.5552065132219972,0.5056818181818182,49.49937099318054,0.23653465995605655,3669
riskadj,60,0,0.1,volinv,21,-0.09507367540060979,-0.13169351886572245,,-0.5950369437414438,0.48863636363636365,30.97994530898181,0.1470514066052776,3669
riskadj,60,0,0.2,equal,1,0.12006348976288717,0.1739848842384121,,-0.29445452976037667,0.4659090909090909,105.96385936222403,0.4966997291572973,3669
riskadj,60,0,0.2,equal,5,0.18016103545006126,0.2591044940557657,,-0.30617623784665093,0.4659090909090909,46.70825838103025,0.22019107860436143,3669
riskadj,60,0,0.2,equal,10,0.16514976905253673,0.23942118471019624,,-0.3841267757747828,0.45454545454545453,32.87023712183156,0.15474177446159298,3669
riskadj,60,0,0.2,equal,21,0.18099821224832183,0.2543122964729539,,-0.35809072152488197,0.4715909090909091,22.259198691741613,0.10473478311864654,3669
riskadj,60,0,0.2,rank,1,0.14700236524649965,0.21300952447182475,,-0.3012113149660709,0.48295454545454547,112.06405843290854,0.5188919493531082,3669
riskadj,60,0,0.2,rank,5,0.21499219204008116,0.30934409207248326,,-0.31185628515755837,0.48863636363636365,49.01214138840868,0.22917422814429964,3669
riskadj,60,0,0.2,rank,10,0.19427627726588656,0.2833074749170535,,-0.40177304305000505,0.45454545454545453,34.32338880426339,0.16071313684321245,3669
riskadj,60,0,0.2,rank,21,0.17582662904953894,0.24791159489933032,,-0.38235697610095043,0.48295454545454547,23.100357457990846,0.10827855607607534,3669
riskadj,60,0,0.2,volinv,1,-0.14197074562020506,-0.1977251598647176,,-0.49225635139443125,0.4602272727272727,151.1327475524403,0.6953826785203631,3669
riskadj,60,0,0.2,volinv,5,0.08459065148606368,0.11740004807568635,,-0.3977460954824694,0.4772727272727273,61.68157075313339,0.28619366746841013,3669
riskadj,60,0,0.2,volinv,10,0.008532813508260483,0.0118333253326225,,-0.4499587804577484,0.4602272727272727,42.255390484165886,0.1948285284326966,3669
riskadj,60,0,0.2,volinv,21,0.11348227507863519,0.15437755386059626,,-0.41798035706163905,0.4602272727272727,26.64285455021151,0.12522262811805074,3669
riskadj,60,0,0.3,equal,1,0.09348696132401527,0.13493625498524403,,-0.3385283288750295,0.4772727272727273,86.43403604820648,0.40664012567524727,3669
riskadj,60,0,0.3,equal,5,0.18163621445379283,0.2613139946446575,,-0.31454943912324607,0.4772727272727273,38.11247854850542,0.1774768978035092,3669
riskadj,60,0,0.3,equal,10,0.10030043367683167,0.14553505533734046,,-0.4044382413825931,0.4772727272727273,26.785436576292984,0.12517759022476307,3669
riskadj,60,0,0.3,equal,21,0.17740128707630348,0.24786706415998466,,-0.29791493589875784,0.4772727272727273,18.503479101154095,0.08542759254654289,3669
riskadj,60,0,0.3,rank,1,0.1280899911222864,0.1842564733171957,,-0.3148629434580523,0.4943181818181818,96.97191522819823,0.4449882330754461,3669
riskadj,60,0,0.3,rank,5,0.21112280227937746,0.3027184565464658,,-0.30272961932636877,0.4659090909090909,42.36742993423844,0.1953073755818372,3669
riskadj,60,0,0.3,rank,10,0.1496508095267206,0.2174577020936364,,-0.41810129113774164,0.4772727272727273,29.683200216489098,0.1372777187522605,3669
riskadj,60,0,0.3,rank,21,0.16863110262412664,0.2369678859008158,,-0.3422804909205349,0.48863636363636365,20.26321033494098,0.09336428329517507,3669
riskadj,60,0,0.3,volinv,1,-0.2037279559148697,-0.2816394741098596,,-0.5678681379418844,0.4659090909090909,130.82577921924428,0.5943883938038974,3669
riskadj,60,0,0.3,volinv,5,0.03032471477881261,0.04147320370757797,,-0.38568982889350856,0.4943181818181818,53.90224958175934,0.2461000417300186,3669
riskadj,60,0,0.3,volinv,10,-0.11857830440558817,-0.16059397878358778,,-0.4882285989509393,0.45454545454545453,35.89158368522051,0.16400171294370436,3669
riskadj,60,0,0.3,volinv,21,0.12744091367308036,0.17220676951618022,,-0.3697766437887483,0.4943181818181818,23.052219498618243,0.10600408872980391,3669
riskadj,60,2,0.1,equal,1,0.21791237761012894,0.3186162592656627,,-0.3534741986479357,0.5113636363636364,140.91905151267375,0.6889551062750723,3669
riskadj,60,2,0.1,equal,5,0.36735048739286075,0.5439899506050463,,-0.32928052293216736,0.5511363636363636,59.21504497138184,0.28228381347423515,3669
riskadj,60,2,0.1,equal,10,0.30767948228252606,0.44398667099168304,,-0.34547269198114594,0.5511363636363636,40.19950940310711,0.19328481609063802,3669
riskadj,60,2,0.1,equal,21,0.21505909365628548,0.3145872263539658,,-0.38452402283895626,0.4772727272727273,26.97056418642682,0.12941372674825108,3669
riskadj,60,2,0.1,rank,1,0.2271363356452493,0.33216678641378095,,-0.35628256466013475,0.5113636363636364,143.76451185208916,0.6960937434071687,3669
riskadj,60,2,0.1,rank,5,0.37501504244358674,0.5547360882581404,,-0.3288012619684052,0.5454545454545454,60.2677139542938,0.2864536556971662,3669
riskadj,60,2,0.1,rank,10,0.30885319420668744,0.44634772393685745,,-0.3480798672520451,0.5511363636363636,40.81383391293524,0.19604657852906668,3669
riskadj,60,2,0.1,rank,21,0.2238745737151159,0.3286913804877238,,-0.37511570091460655,0.4943181818181818,27.30574704763011,0.1309216838063893,3669
riskadj,60,2,0.1,volinv,1,0.02473943171910136,0.0350783501541934,,-0.5087531042769742,0.5,190.56992340565225,0.8992826941519219,3669
riskadj,60,2,0.1,volinv,5,0.22149787219255887,0.31714214789335887,,-0.4190887080207729,0.5170454545454546,74.20336024825774,0.3475022656963092,3669
riskadj,60,2,0.1,volinv,10,0.2036602370242578,0.2858858645270928,,-0.46230822768088575,0.5056818181818182,48.11776492555351,0.22823705681058348,3669
riskadj,60,2,0.1,volinv,21,0.10975716244300039,0.15534397626562962,,-0.52059032644319,0.4659090909090909,30.823850584975833,0.14590144415438108,3669
riskadj,60,2,0.2,equal,1,0.03281223239986898,0.04692525075682386,,-0.38024535628699463,0.45454545454545453,105.88258381030252,0.4972936376367305,3669
riskadj,60,2,0.2,equal,5,0.18139565698554647,0.2606846460178498,,-0.40103275495800794,0.4715909090909091,45.76614881439083,0.21506255117779183,3669
riskadj,60,2,0.2,equal,10,0.1638296239374254,0.23349545441711547,,-0.3963044893665475,0.4943181818181818,31.651676206050688,0.14969270889700548,3669
riskadj,60,2,0.2,equal,21,0.15426868441596395,0.21761769879168433,,-0.39595753055715743,0.5,22.10122649223221,0.10293738625332507,3669
riskadj,60,2,0.2,rank,1,0.0717080917772717,0.1032821284906232,,-0.37066937946354706,0.48295454545454547,111.98021735816724,0.5193298408278261,3669
riskadj,60,2,0.2,rank,5,0.21627989981399356,0.3140217850835697,,-0.38188601493065766,0.5056818181818182,48.07068736022986,0.22381265064594572,3669
riskadj,60,2,0.2,rank,10,0.18809789738080704,0.2695183340560889,,-0.3849319898214798,0.48863636363636365,33.10663406230886,0.1553784614303447,3669
riskadj,60,2,0.2,rank,21,0.17078347646776756,0.24276013411880584,,-0.3924582560115525,0.5,22.947288940766516,0.10668524396401591,3669
riskadj,60,2,0.2,volinv,1,-0.15685036651132306,-0.21688313154841918,,-0.46351955456291916,0.44886363636363635,150.78456279286385,0.6921340039433117,3669
riskadj,60,2,0.2,volinv,5,0.07379612010492559,0.10187587422385201,,-0.48926201536263136,0.5056818181818182,60.77017451552722,0.2808109748758346,3669
riskadj,60,2,0.2,volinv,10,0.07443269779564245,0.10204075880177041,,-0.5008165583847581,0.4772727272727273,40.47933658193016,0.18742981058306735,3669
riskadj,60,2,0.2,volinv,21,0.11229919185718067,0.1542368441580996,,-0.4642903087550204,0.4943181818181818,26.28097937150052,0.12215257155141145,3669
riskadj,60,2,0.3,equal,1,0.05423407649856918,0.07737093288930617,,-0.33805957402769427,0.4659090909090909,86.36908528564827,0.4041707687600947,3669
riskadj,60,2,0.3,equal,5,0.1204043323355882,0.1723353368808848,,-0.37358490057540994,0.48295454545454547,37.62151322316987,0.17713919767408995,3669
riskadj,60,2,0.3,equal,10,0.12694921920563587,0.18227341501350983,,-0.3623982346662331,0.4772727272727273,26.41588913415142,0.12347191020052371,3669
riskadj,60,2,0.3,equal,21,0.14856125745824467,0.20506950632726131,,-0.3064353783836832,0.4772727272727273,18.435723081000194,0.08505835335561633,3669
riskadj,60,2,0.3,rank,1,0.08628473705165166,0.12352941062393162,,-0.3417839503652712,0.4772727272727273,96.89495565055255,0.4442351732364439,3669
riskadj,60,2,0.3,rank,5,0.1689448636508698,0.244480462444743,,-0.372866787967956,0.5113636363636364,41.855918297784505,0.19332747254809723,3669
riskadj,60,2,0.3,rank,10,0.1608034986093094,0.2314534482118017,,-0.37312332842318163,0.4715909090909091,29.102201527965377,0.1345699931023031,3669
riskadj,60,2,0.3,rank,21,0.16806331869670854,0.2349222985716135,,-0.3331690417369657,0.48295454545454547,20.16908536049032,0.09274936686375157,3669
riskadj,60,2,0.3,volinv,1,-0.21468252482291403,-0.2919502119766983,,-0.5599084946624293,0.4715909090909091,130.74099879531042,0.5927808938521908,3669
riskadj,60,2,0.3,volinv,5,-0.10914136112038238,-0.14821865371785697,,-0.4861872517832423,0.45454545454545453,53.01891531753249,0.24158373021993132,3669
riskadj,60,2,0.3,volinv,10,-0.06849791656281234,-0.09216065810693919,,-0.47298845706973947,0.4715909090909091,35.54345928355185,0.16163535335265,3669
riskadj,60,2,0.3,volinv,21,0.15263466822092892,0.2039527145585524,,-0.3743661329881419,0.48295454545454547,23.04424250729897,0.10565197864226283,3669
riskadj,60,7,0.1,equal,1,0.1483911741345509,0.22158879595741365,,-0.4218041807101821,0.5056818181818182,140.7007358953393,0.6843977744288099,3669
riskadj,60,7,0.1,equal,5,0.2263661864182892,0.32401692888700306,,-0.3501310807959438,0.5,59.10466067048241,0.28251308071501635,3669
riskadj,60,7,0.1,equal,10,0.29672781181057495,0.43060596537965534,,-0.3592759340544861,0.48863636363636365,41.011447260834004,0.20073304558931124,3669
riskadj,60,7,0.1,equal,21,0.22997661802166464,0.3241676692484145,,-0.3807317241890631,0.48863636363636365,26.61488143908422,0.12693767916120316,3669
riskadj,60,7,0.1,rank,1,0.15374944101451046,0.22977175854745954,,-0.4247360377005106,0.5056818181818182,143.5425902982362,0.6921900871147766,3669
riskadj,60,7,0.1,rank,5,0.23432896301571493,0.33701278918983246,,-0.34919584597873077,0.5056818181818182,60.15716480494143,0.2865825237088472,3669
riskadj,60,7,0.1,rank,10,0.30271643344609594,0.44064934310476583,,-0.353666710690289,0.4943181818181818,41.598843059139824,0.20326549877380834,3669
riskadj,60,7,0.1,rank,21,0.24428735678757835,0.34562509702041266,,-0.3822448168005713,0.5,26.919283741306565,0.12841229728953385,3669
riskadj,60,7,0.1,volinv,1,-0.03894829966597696,-0.0562138591772392,,-0.5907522819291018,0.4772727272727273,190.92063968691158,0.8972503605861106,3669
riskadj,60,7,0.1,volinv,5,0.1002922413818191,0.13799563688086494,,-0.4529499325019486,0.48295454545454547,74.1098577150724,0.3494599908774084,3669
riskadj,60,7,0.1,volinv,10,0.18580110105281758,0.26117832207425157,,-0.4084622618816809,0.5,49.70921230191605,0.2371966834539807,3669
riskadj,60,7,0.1,volinv,21,0.16962195517997217,0.2319375264952959,,-0.4469940569248416,0.5,29.995747074468188,0.14052044416688286,3669
riskadj,60,7,0.2,equal,1,0.021959659617434724,0.032224357176008786,,-0.4387661809457323,0.4715909090909091,105.72117743254289,0.4955666752744497,3669
riskadj,60,7,0.2,equal,5,0.11219959462053603,0.16168374141380398,,-0.3300149232777039,0.45454545454545453,45.66827473426001,0.21644294548676596,3669
riskadj,60,7,0.2,equal,10,0.08293746166452357,0.11884670333650005,,-0.3727409389651294,0.4772727272727273,32.37285363859362,0.15323815814805358,3669
riskadj,60,7,0.2,equal,21,0.12339962410894204,0.1704297702635985,,-0.5231833541585307,0.48863636363636365,21.89116925592804,0.10234318474436832,3669
riskadj,60,7,0.2,rank,1,0.039562211059607534,0.058061445922895305,,-0.4441526690583456,0.4659090909090909,111.80565806012524,0.5178097917983693,3669
riskadj,60,7,0.2,rank,5,0.12860045271566659,0.185032962706049,,-0.32332766217421993,0.4659090909090909,47.97126851533057,0.22469458178660673,3669
riskadj,60,7,0.2,rank,10,0.11309756416837194,0.1619803412167634,,-0.3667949541282771,0.48863636363636365,33.85769918560542,0.159626560664214,3669
riskadj,60,7,0.2,rank,21,0.15421029208210202,0.21434447422061279,,-0.5105222798626059,0.5056818181818182,22.72388513481731,0.10602268215753148,3669
riskadj,60,7,0.2,volinv,1,-0.20084723105968916,-0.27993695809189323,,-0.5619786953744712,0.4715909090909091,150.79765489705224,0.6920604383178102,3669
riskadj,60,7,0.2,volinv,5,-0.011936057973403174,-0.016515751383993638,,-0.4386182230237954,0.45454545454545453,60.46215303484571,0.2781365635231414,3669
riskadj,60,7,0.2,volinv,10,-0.03128963016884816,-0.04311501922608137,,-0.4570169255796894,0.44886363636363635,41.08030558872868,0.1891200028054929,3669
riskadj,60,7,0.2,volinv,21,0.01583181546271312,0.021254695157758643,,-0.5699290706893997,0.4943181818181818,26.362451191393387,0.12444050304856852,3669
riskadj,60,7,0.3,equal,1,0.06929769121465303,0.0998185610441376,,-0.3892340574411859,0.48295454545454547,86.21628923886381,0.4043503270149993,3669
riskadj,60,7,0.3,equal,5,0.22220114686755651,0.31802942163574327,,-0.2994334566340633,0.4772727272727273,37.56278379802145,0.1769386428593067,3669
riskadj,60,7,0.3,equal,10,0.18982454173070232,0.27028660718737657,,-0.34331486589357874,0.45454545454545453,26.61422537077555,0.12602823678710057,3669
riskadj,60,7,0.3,equal,21,0.11255598930094929,0.15724878982649243,,-0.44684187631882166,0.48295454545454547,18.2213697284265,0.08418950152634937,3669
riskadj,60,7,0.3,rank,1,0.07120992488076709,0.10354085491410767,,-0.41100570515194446,0.4659090909090909,96.72762655957881,0.44367699131861355,3669
riskadj,60,7,0.3,rank,5,0.20384430298932274,0.29267638047891,,-0.30298333777571984,0.4715909090909091,41.78542790557631,0.1928933135823801,3669
riskadj,60,7,0.3,rank,10,0.1896420674596431,0.2706087279328977,,-0.3463746881855384,0.4715909090909091,29.446254658755553,0.1376506917418206,3669
riskadj,60,7,0.3,rank,21,0.149094155380869,0.20915812873385436,,-0.4616829003052434,0.48295454545454547,19.945160295662596,0.09190575487734376,3669
riskadj,60,7,0.3,volinv,1,-0.1909266169460926,-0.26202743400868894,,-0.5664040615736065,0.44886363636363635,130.9916059770927,0.5949999675037345,3669
riskadj,60,7,0.3,volinv,5,0.057243733392459306,0.07786642410007315,,-0.4592779661362817,0.5,52.85046209336596,0.24023264556131213,3669
riskadj,60,7,0.3,volinv,10,0.10734585264076665,0.1458173941701882,,-0.3929246621875522,0.4715909090909091,35.9560918721014,0.16322353408153506,3669
riskadj,60,7,0.3,volinv,21,-0.014465815000948951,-0.019124596321598047,,-0.5138263071958632,0.5,23.025384083900764,0.10549527042895003,3669
riskadj,90,0,0.1,equal,1,0.14162217979795388,0.20049249478233394,,-0.3514104281381776,0.5170454545454546,118.90842191332784,0.5826354022059826,3669
riskadj,90,0,0.1,equal,5,0.36466521528246576,0.5141330416215071,,-0.3140355654210272,0.5113636363636364,49.18724448078495,0.2401268881234083,3669
riskadj,90,0,0.1,equal,10,0.2547040632873092,0.35869440359785076,,-0.36957579057332945,0.4943181818181818,33.63532297628781,0.16442099247918027,3669
riskadj,90,0,0.1,equal,21,0.4134099702243361,0.5930037394080089,,-0.3182075187357042,0.5340909090909091,22.05233033524121,0.10791497899970448,3669
riskadj,90,0,0.1,rank,1,0.14326952319254738,0.2026910795451643,,-0.35231522369778323,0.5284090909090909,120.69669517874863,0.5860927524913792,3669
riskadj,90,0,0.1,rank,5,0.3417410533376926,0.48102676811573697,,-0.32110569570238445,0.5056818181818182,50.003252179770904,0.24260731964738236,3669
riskadj,90,0,0.1,rank,10,0.24588207509400495,0.3460815374008445,,-0.3735183510209058,0.5,34.18377700889409,0.1659439840379458,3669
riskadj,90,0,0.1,rank,21,0.4221191556807394,0.6064512598216449,,-0.3149908897419902,0.5454545454545454,22.312922077769954,0.10875203445892498,3669
riskadj,90,0,0.1,volinv,1,-0.01174507981394565,-0.016282939410577225,,-0.47497038383974366,0.4602272727272727,163.77047106791676,0.7836855885638769,3669
riskadj,90,0,0.1,volinv,5,0.27205258093879253,0.3755085089446254,,-0.33180355015188123,0.48295454545454547,64.05031648158081,0.30722643999771715,3669
riskadj,90,0,0.1,volinv,10,0.09992189041932109,0.137992353644643,,-0.4011755203692273,0.4659090909090909,42.15714470363399,0.20424088801822093,3669
riskadj,90,0,0.1,volinv,21,0.3824401658615599,0.534246079620721,,-0.3446868797868833,0.5113636363636364,26.10942805396552,0.1257665533978698,3669
riskadj,90,0,0.2,equal,1,0.052758461826364074,0.07665786407677307,,-0.33510667013240414,0.44886363636363635,88.57604251839736,0.4199767506318387,3669
riskadj,90,0,0.2,equal,5,0.06529909608112883,0.09371610377606922,,-0.36081711155042684,0.4602272727272727,38.661406377759604,0.1830422578911834,3669
riskadj,90,0,0.2,equal,10,0.06109976508820988,0.08690073106222894,,-0.39915185390643915,0.45454545454545453,27.40302534750613,0.13030774250874558,3669
riskadj,90,0,0.2,equal,21,0.26004641162149483,0.36495902206347236,,-0.30237269542529144,0.48295454545454547,18.114145543744886,0.0864821143712638,3669
riskadj,90,0,0.2,rank,1,0.07348932878462307,0.10609286801844303,,-0.3343551224000677,0.45454545454545453,93.61601682518672,0.4366552793963079,3669
riskadj,90,0,0.2,rank,5,0.09402422416184407,0.13400261145826814,,-0.3633987126306589,0.48863636363636365,40.56488387446502,0.18970578946397096,3669
riskadj,90,0,0.2,rank,10,0.07353828677227765,0.10429583086923301,,-0.3826655948045068,0.4602272727272727,28.64903181262299,0.13467050938287523,3669
riskadj,90,0,0.2,rank,21,0.29476328922626616,0.41434912890176934,,-0.2899874712508842,0.48863636363636365,18.81562347276603,0.08928358864771133,3669
riskadj,90,0,0.2,volinv,1,-0.20959811001238265,-0.292148730923526,,-0.5763684908114483,0.4034090909090909,130.87780697529197,0.6004479586558358,3669
riskadj,90,0,0.2,volinv,5,-0.054603720358862684,-0.07552635387646825,,-0.45861111936645926,0.4318181818181818,53.89930663814897,0.24984942404420651,3669
riskadj,90,0,0.2,volinv,10,-0.07152463126670142,-0.09851901589101131,,-0.5182779576199703,0.4147727272727273,36.593287918537904,0.16755301523498772,3669
riskadj,90,0,0.2,volinv,21,0.1959953416924706,0.26807584848056665,,-0.36806715033894855,0.48295454545454547,22.831631494208498,0.10431054264872383,3669
riskadj,90,0,0.3,equal,1,0.10092090541236294,0.14407869174619187,,-0.32082582646656677,0.4602272727272727,71.1537979244972,0.3362443526675454,3669
riskadj,90,0,0.3,equal,5,0.10440865607511837,0.1490847927273883,,-0.3159079620703181,0.4375,31.2902956831998,0.147707802383801,3669
riskadj,90,0,0.3,equal,10,0.09521020023138581,0.13529326193070035,,-0.33515835373665337,0.45454545454545453,22.275962368180362,0.1052473756214867,3669
riskadj,90,0,0.3,equal,21,0.12265733756299677,0.17357133734948493,,-0.3545517536092788,0.48295454545454547,14.816420452525538,0.06828789442943596,3669
riskadj,90,0,0.3,rank,1,0.11541876640260071,0.16530438598238545,,-0.30576095339945775,0.4659090909090909,80.04558047368248,0.3678704437741713,3669
riskadj,90,0,0.3,rank,5,0.12443967732339813,0.17775660521173844,,-0.31907440069594706,0.44886363636363635,34.89022925649398,0.16162667274851747,3669
riskadj,90,0,0.3,rank,10,0.09706029157356741,0.13781231116208523,,-0.34659455298881026,0.4659090909090909,24.679550889328954,0.11443927079470871,3669
riskadj,90,0,0.3,rank,21,0.1898372252639368,0.2684110443989801,,-0.33801072142544575,0.48863636363636365,16.32900589722543,0.07508363517000333,3669
riskadj,90,0,0.3,volinv,1,-0.2960784696532236,-0.40003808665794394,,-0.6390017095466012,0.42045454545454547,110.5531908346453,0.5005531093394899,3669
riskadj,90,0,0.3,volinv,5,-0.14088941415777753,-0.18768275223239542,,-0.5247561190639456,0.45454545454545453,45.36955369859228,0.206309739460881,3669
riskadj,90,0,0.3,volinv,10,-0.13909320154499286,-0.18514266610260252,,-0.560931023531676,0.42613636363636365,31.632826013866936,0.14353182258176683,3669
riskadj,90,0,0.3,volinv,21,0.018696742929049506,0.02537499246564274,,-0.4448627496518943,0.48295454545454547,19.596393974977175,0.08986573504238304,3669
riskadj,90,2,0.1,equal,1,0.11832935713835817,0.16839528960691852,,-0.40196463673592586,0.4943181818181818,118.79803761242843,0.5840336543319866,3669
riskadj,90,2,0.1,equal,5,0.29081216137653704,0.42318657724340125,,-0.3431886108481794,0.5056818181818182,48.63286999182339,0.23859206815624168,3669
riskadj,90,2,0.1,equal,10,0.1762499604629406,0.25449347293688007,,-0.3662102436482144,0.48295454545454547,33.68683565004088,0.16764562420341061,3669
riskadj,90,2,0.1,equal,21,0.40501753808984636,0.5917654791979242,,-0.3134562974221011,0.5170454545454546,22.74652493867539,0.10969603795945612,3669
riskadj,90,2,0.1,rank,1,0.1227897473720709,0.17466394427385468,,-0.39288363050235064,0.4772727272727273,120.58543135706134,0.5870007218615332,3669
riskadj,90,2,0.1,rank,5,0.29712731196632464,0.4322498441973385,,-0.33981645153896345,0.5113636363636364,49.42641760641498,0.24083432149164008,3669
riskadj,90,2,0.1,rank,10,0.1892591789946612,0.2727878430433821,,-0.35575557606028496,0.5,34.10098596859171,0.1687478732731776,3669
riskadj,90,2,0.1,rank,21,0.41527088621274993,0.6070558665972747,,-0.31856533546190724,0.5227272727272727,23.005705214579645,0.11044580076440116,3669
riskadj,90,2,0.1,volinv,1,0.00741083045997524,0.010277623954662715,,-0.4343845500228052,0.4602272727272727,163.3222739688184,0.782322686436921,3669
riskadj,90,2,0.1,volinv,5,0.21323170950738257,0.2979256714695147,,-0.39596316702515244,0.4772727272727273,63.41330734716541,0.30449938984883135,3669
riskadj,90,2,0.1,volinv,10,0.09105709125022145,0.12624851665474446,,-0.39848104206490753,0.4715909090909091,41.45692341449546,0.20040390534571004,3669
riskadj,90,2,0.1,volinv,21,0.21364319163098244,0.3027262954742148,,-0.3643639859611624,0.45454545454545453,26.648650335192,0.12653839818258808,3669
riskadj,90,2,0.2,equal,1,0.0038871820439499573,0.005633783645650142,,-0.465487811882771,0.44886363636363635,88.50392477514308,0.41901058466233665,3669
riskadj,90,2,0.2,equal,5,0.23180838954313188,0.3313177761214274,,-0.37200765514133094,0.4772727272727273,38.53892068683565,0.18095655036711622,3669
riskadj,90,2,0.2,equal,10,0.12138458818022825,0.17223894368393547,,-0.3834685113819585,0.4715909090909091,26.816925592804573,0.12793344546860158,3669
riskadj,90,2,0.2,equal,21,0.21158266605095233,0.2999853470898119,,-0.34208933022454324,0.5,18.166802943581356,0.0876893156279765,3669
riskadj,90,2,0.2,rank,1,0.02744518357869913,0.03966621079325107,,-0.42573278408151083,0.44886363636363635,93.53603898117542,0.4359543476251054,3669
riskadj,90,2,0.2,rank,5,0.24552538022958206,0.3514404429874112,,-0.3527791241093239,0.48295454545454547,40.36316529800642,0.18771149228835987,3669
riskadj,90,2,0.2,rank,10,0.1367660173427761,0.19425099609352398,,-0.35462085985275604,0.4602272727272727,27.976307002318503,0.1320543666988467,3669
riskadj,90,2,0.2,rank,21,0.26200958528175244,0.3723983288610345,,-0.32465595010705695,0.5,18.930660631918524,0.09064805243412298,3669
riskadj,90,2,0.2,volinv,1,-0.29127452570399953,-0.39625582003031745,,-0.6467431429186805,0.3977272727272727,130.77631759769164,0.60122447875026,3669
riskadj,90,2,0.2,volinv,5,0.038130123590134596,0.051490593182617624,,-0.49762487590618687,0.4431818181818182,54.14086150080871,0.2502534773538443,3669
riskadj,90,2,0.2,volinv,10,-0.013883762627032278,-0.019069855898636138,,-0.48466627363818326,0.4318181818181818,36.011535570385455,0.16555894232598498,3669
riskadj,90,2,0.2,volinv,21,0.14008586951807622,0.19241494108133259,,-0.3981895345050851,0.4772727272727273,22.897879787097708,0.10535363351768115,3669
riskadj,90,2,0.3,equal,1,-0.006421725364827658,-0.00910091110570508,,-0.42446606369913975,0.44886363636363635,71.11870958150597,0.334077156404602,3669
riskadj,90,2,0.3,equal,5,0.1489858992531068,0.21284379188777147,,-0.4044832722858146,0.4659090909090909,30.801932008053804,0.14339770113682054,3669
riskadj,90,2,0.3,equal,10,0.12398420200660908,0.1757475732069473,,-0.40296240895023905,0.45454545454545453,21.489992534395107,0.10166264741293954,3669
riskadj,90,2,0.3,equal,21,0.05563005604558584,0.0794223087802586,,-0.40691226534733005,0.48295454545454547,15.109818724771264,0.06965337088593228,3669
riskadj,90,2,0.3,rank,1,0.017325426252320454,0.024708375269619914,,-0.4125709122625325,0.4375,79.99454087293972,0.3667419576891094,3669
riskadj,90,2,0.3,rank,5,0.19716554975624384,0.28272452432214434,,-0.3918429266127774,0.48295454545454547,34.47989211715856,0.15784322824245672,3669
riskadj,90,2,0.3,rank,10,0.1336110751752486,0.1895093306767671,,-0.38342148419083566,0.4715909090909091,23.9178830907048,0.1111410901012651,3669
riskadj,90,2,0.3,rank,21,0.1502202734955185,0.2145150797879122,,-0.33309994794771114,0.4715909090909091,16.602283605261196,0.07646702855330748,3669
riskadj,90,2,0.3,volinv,1,-0.4173747730096113,-0.5572749214197388,,-0.7116946693667451,0.4090909090909091,110.59804999566747,0.49987514417758183,3669
riskadj,90,2,0.3,volinv,5,-0.17647942406424305,-0.23535668765167878,,-0.5919834067981004,0.44886363636363635,45.117001671543214,0.2052096707025443,3669
riskadj,90,2,0.3,volinv,10,-0.1465056176451547,-0.19706269397948065,,-0.5518254974303596,0.4318181818181818,30.350435580208753,0.13756869701415422,3669
riskadj,90,2,0.3,volinv,21,-0.04080918547229929,-0.05548313380114324,,-0.4585966641545527,0.4375,20.126014366458854,0.09238726515180891,3669
riskadj,90,7,0.1,equal,1,0.11182760000150017,0.16011441998399276,,-0.4026879904337348,0.48295454545454547,118.57481602616514,0.5909573895010736,3669
riskadj,90,7,0.1,equal,5,0.26132681255870344,0.37386253320467944,,-0.3135404398563275,0.5568181818181818,48.55928045789043,0.23656537896435967,3669
riskadj,90,7,0.1,equal,10,0.4267026235789804,0.6130201706375942,,-0.3075453184596981,0.5568181818181818,33.69419460343418,0.16768783848661487,3669
riskadj,90,7,0.1,equal,21,0.4451677172645691,0.648103747892092,,-0.3206210622288992,0.5284090909090909,22.86181520850368,0.11001870050740989,3669
riskadj,90,7,0.1,rank,1,0.11772368407474668,0.16875603800283862,,-0.3954816920693872,0.5,120.36566171714497,0.5934149414273423,3669
riskadj,90,7,0.1,rank,5,0.2714020239166978,0.38729435555682873,,-0.3084628935951599,0.5625,49.35073933400044,0.23908612022079226,3669
riskadj,90,7,0.1,rank,10,0.4306915751724738,0.6171686258693558,,-0.3083788107217664,0.5568181818181818,34.17861823605293,0.16923815414074048,3669
riskadj,90,7,0.1,rank,21,0.4662491421344378,0.6792216183427174,,-0.3146554754522567,0.5340909090909091,23.08804686273897,0.11077908122311271,3669
riskadj,90,7,0.1,volinv,1,-0.0919869064840496,-0.12633686443823455,,-0.4542279179773454,0.4602272727272727,163.49874377050224,0.7854999480311321,3669
riskadj,90,7,0.1,volinv,5,0.07411581445011205,0.1017059127333804,,-0.3625090856877987,0.5,63.31420913167509,0.30130732497941615,3669
riskadj,90,7,0.1,volinv,10,0.273459333117758,0.3789820626041852,,-0.3196056072750163,0.5340909090909091,42.43559992345337,0.20396409346043223,3669
riskadj,90,7,0.1,volinv,21,0.26767072390523766,0.37367454330793254,,-0.33591744275549873,0.5056818181818182,26.734022656332964,0.12704147383298575,3669
riskadj,90,7,0.2,equal,1,0.03989420841206148,0.056663107812375456,,-0.3399924512467317,0.48295454545454547,88.38773507767783,0.4156618851996277,3669
riskadj,90,7,0.2,equal,5,0.050970877563731004,0.07207273077397765,,-0.3812388820336001,0.48295454545454547,38.48511856091577,0.18007091722039378,3669
riskadj,90,7,0.2,equal,10,0.11285528900932239,0.16062849200236978,,-0.31318225874521943,0.5,27.308013082583802,0.1289906522802815,3669
riskadj,90,7,0.2,equal,21,0.18129423059551775,0.25816725283932257,,-0.3875065614482225,0.48863636363636365,18.337939493049877,0.08896766659635529,3669
riskadj,90,7,0.2,rank,1,0.05735863805490849,0.08184338458553601,,-0.33654034213157746,0.4943181818181818,93.40723883346881,0.43348822894700356,3669
riskadj,90,7,0.2,rank,5,0.0834093376944176,0.11816158836221621,,-0.36635850218025945,0.5170454545454546,40.304297187683666,0.1868822498213039,3669
riskadj,90,7,0.2,rank,10,0.16393428541814006,0.23334264771988517,,-0.3124241987760362,0.5,28.465849312204355,0.13390857413247514,3669
riskadj,90,7,0.2,rank,21,0.23467408021646663,0.33477971647940724,,-0.36286262567664973,0.5,19.05590307444819,0.0909761204461107,3669
riskadj,90,7,0.2,volinv,1,-0.15612028502536202,-0.2174404490366976,,-0.565741826117929,0.4375,130.83438217461733,0.600525553265377,3669
riskadj,90,7,0.2,volinv,5,-0.08419844486793855,-0.11638413287137148,,-0.4784254215478019,0.45454545454545453,54.09049805794192,0.24839795067374676,3669
riskadj,90,7,0.2,volinv,10,0.009810889930934001,0.01359697517325988,,-0.3725983513977913,0.4375,36.42961533288654,0.16673728811622715,3669
riskadj,90,7,0.2,volinv,21,0.18537185593008965,0.2604061382736906,,-0.39914263116247717,0.45454545454545453,23.192455985661585,0.1067499956110933,3669
riskadj,90,7,0.3,equal,1,0.0035030748963286585,0.005002835533726799,,-0.44999121751345506,0.44886363636363635,71.03136200427251,0.3322400652460879,3669
riskadj,90,7,0.3,equal,5,0.07127125097020116,0.10168759128035142,,-0.4190569633217621,0.4943181818181818,30.755396404228563,0.14571426429136541,3669
riskadj,90,7,0.3,equal,10,0.08257379232046022,0.11867199633172003,,-0.3780856440331367,0.4715909090909091,21.990074946916636,0.10321370307703633,3669
riskadj,90,7,0.3,equal,21,0.23449906551217053,0.3355827879949115,,-0.36414020288036886,0.4772727272727273,14.938675388389207,0.0702839972655311,3669
riskadj,90,7,0.3,rank,1,0.01992483586432658,0.028397937449879066,,-0.4189484030623255,0.44886363636363635,79.88552896495878,0.36519186971423145,3669
riskadj,90,7,0.3,rank,5,0.08981801419818555,0.12752794906137974,,-0.38065033651225355,0.48863636363636365,34.428789171889456,0.1588457557218355,3669
riskadj,90,7,0.3,rank,10,0.13475345422870655,0.19267440995713722,,-0.32191654688331706,0.48863636363636365,24.449998895775597,0.11335852455225998,3669
riskadj,90,7,0.3,rank,21,0.25455566529978474,0.3655760616662733,,-0.35513820225259085,0.48863636363636365,16.481720613536364,0.07676970078295818,3669
riskadj,90,7,0.3,volinv,1,-0.32605136190667827,-0.44053044401420177,,-0.6936643815135037,0.4034090909090909,110.64513447361861,0.49985366685789456,3669
riskadj,90,7,0.3,volinv,5,-0.09695589599799993,-0.13299244805494992,,-0.5133159728072538,0.42613636363636365,45.14210361526178,0.2047269105441817,3669
riskadj,90,7,0.3,volinv,10,0.00757999050062228,0.01034451238452132,,-0.42798606365365177,0.4318181818181818,30.873025671062702,0.13973597592880926,3669
riskadj,90,7,0.3,volinv,21,0.20777132667546602,0.28944109452582273,,-0.461918691837675,0.4715909090909091,20.246300634599045,0.09168915062396442,3669
riskadj,120,0,0.1,equal,1,0.07085006909796149,0.09950587785613034,,-0.36291104742929436,0.5397727272727273,102.0098119378577,0.4984150831475473,3669
riskadj,120,0,0.1,equal,5,0.2714118035486064,0.3937867766927103,,-0.335466681891756,0.5227272727272727,41.8454619787408,0.20257139831870058,3669
riskadj,120,0,0.1,equal,10,0.2867239809199682,0.4088988293234678,,-0.3122611180002728,0.5227272727272727,29.237121831561733,0.14317627975277322,3669
riskadj,120,0,0.1,equal,21,0.25321958501140057,0.3501841586573514,,-0.3341998174867169,0.5113636363636364,19.346688470973017,0.09266041897151528,3669
riskadj,120,0,0.1,rank,1,0.08405167786926873,0.11796357009245048,,-0.3567961987006816,0.5397727272727273,103.68599996274642,0.501498705685673,3669
riskadj,120,0,0.1,rank,5,0.28365072299005184,0.41268624343414717,,-0.33366778665309726,0.5284090909090909,42.51859625447816,0.20439692700469797,3669
riskadj,120,0,0.1,rank,10,0.3096576997199173,0.44287466555705396,,-0.31355539134086774,0.5227272727272727,29.63854474900309,0.14420441241838616,3669
riskadj,120,0,0.1,rank,21,0.2840355575586218,0.39459583706178336,,-0.3322915388888551,0.5227272727272727,19.537305738223196,0.09334166470448613,3669
riskadj,120,0,0.1,volinv,1,0.023134205892779237,0.03219350951244801,,-0.3989039801768437,0.5056818181818182,141.96125369676344,0.6742723931139201,3669
riskadj,120,0,0.1,volinv,5,0.2738108955612128,0.3933400220421017,,-0.32127173436636014,0.5056818181818182,55.686430728009874,0.2631645524958398,3669
riskadj,120,0,0.1,volinv,10,0.19884957024193123,0.2806705680801118,,-0.3584101624592644,0.5170454545454546,38.395604407124054,0.18415326749948346,3669
riskadj,120,0,0.1,volinv,21,0.15949862680688476,0.21541085008706867,,-0.33999892764028283,0.4943181818181818,23.987953515148984,0.11234776617697464,3669
riskadj,120,0,0.2,equal,1,0.11507113756141951,0.16504399651878046,,-0.3324993463822512,0.5056818181818182,75.39967293540474,0.35568993707676044,3669
riskadj,120,0,0.2,equal,5,0.24333895544786122,0.35128873503760555,,-0.30165972706138333,0.5113636363636364,32.86565821749795,0.1562201422558379,3669
riskadj,120,0,0.2,equal,10,0.31004616864745804,0.44270839708935145,,-0.24182181201617248,0.48863636363636365,22.628945216680286,0.1061592219627348,3669
riskadj,120,0,0.2,equal,21,0.3091341546457427,0.43305891823454007,,-0.25511556915835065,0.5113636363636364,15.2454619787408,0.074553140507144,3669
riskadj,120,0,0.2,rank,1,0.12510446370050812,0.17909952685500857,,-0.3394534366501972,0.5056818181818182,79.96890455660758,0.37196596836764995,3669
riskadj,120,0,0.2,rank,5,0.2549479017038433,0.37016227564513005,,-0.30758593836025383,0.5113636363636364,34.441456371962445,0.16210294018940877,3669
riskadj,120,0,0.2,rank,10,0.3172721578968438,0.45405233996290334,,-0.25334854427209585,0.48863636363636365,23.75000453155034,0.11062679751362181,3669
riskadj,120,0,0.2,rank,21,0.3193587283576275,0.4481290951134544,,-0.2581224087631563,0.5113636363636364,15.922282285234031,0.07722582029003097,3669
riskadj,120,0,0.2,volinv,1,-0.09382194080632679,-0.1298159330284689,,-0.3809564346007148,0.4659090909090909,116.8311555886708,0.5335360972497536,3669
riskadj,120,0,0.2,volinv,5,0.06575654568489125,0.08912541191238348,,-0.3559954690932996,0.4772727272727273,47.898361789100996,0.2199839005826004,3669
riskadj,120,0,0.2,volinv,10,0.14420166616126603,0.1957971095505116,,-0.3116160577010305,0.4715909090909091,32.24599707411386,0.14883790589093,3669
riskadj,120,0,0.2,volinv,21,0.2673568471084756,0.3603321753631415,,-0.32511131644443914,0.5227272727272727,19.783744739605552,0.09140157600062082,3669
riskadj,120,0,0.3,equal,1,0.09669712033929609,0.137364682516322,,-0.33320710173185875,0.44886363636363635,62.030557270238724,0.2916299015904088,3669
riskadj,120,0,0.3,equal,5,0.24075416775478184,0.34653545541967457,,-0.2900589464048775,0.5056818181818182,26.453466012106553,0.1234045172140168,3669
riskadj,120,0,0.3,equal,10,0.2781724057544899,0.3975264113195402,,-0.2706148343085154,0.4772727272727273,18.540716633432332,0.08715583984892017,3669
riskadj,120,0,0.3,equal,21,0.2599318427428536,0.3654397503626599,,-0.32194653776534266,0.48295454545454547,12.469008044108472,0.058782685067962595,3669
riskadj,120,0,0.3,rank,1,0.11695012459546814,0.16663617478355533,,-0.32353363485011377,0.4943181818181818,69.49084748710342,0.31821170461617776,3669
riskadj,120,0,0.3,rank,5,0.24799167635121747,0.3589565163876195,,-0.301997275252913,0.5113636363636364,29.50462278476475,0.13550364398899659,3669
riskadj,120,0,0.3,rank,10,0.2889355781090863,0.4144241675275873,,-0.2621941294040733,0.5,20.585758864529854,0.09498150905342082,3669
riskadj,120,0,0.3,rank,21,0.281210405296364,0.3947619024247434,,-0.28072740118401684,0.48863636363636365,13.833979100504616,0.06462216144717978,3669
riskadj,120,0,0.3,volinv,1,-0.19495577422225646,-0.2616594885366856,,-0.4926898373958122,0.4602272727272727,98.68236435831909,0.44681279277448954,3669
riskadj,120,0,0.3,volinv,5,0.06108976343432531,0.08125923553264916,,-0.36057012469380634,0.48295454545454547,40.27181553191457,0.18382667347941545,3669
riskadj,120,0,0.3,volinv,10,0.05767016684845072,0.0766971381404618,,-0.33288910887382483,0.48295454545454547,28.12862146425924,0.127950785090033,3669
riskadj,120,0,0.3,volinv,21,0.19203205060041115,0.2582354840198022,,-0.345948146211978,0.5284090909090909,17.573065025984477,0.08090483261116233,3669
riskadj,120,2,0.1,equal,1,0.1821443103773085,0.2626047448588139,,-0.35483514854606024,0.5170454545454546,101.93622240392476,0.4983553613062321,3669
riskadj,120,2,0.1,equal,5,0.30183739693188416,0.4430688303691508,,-0.32528572968719927,0.48295454545454547,42.08830744071953,0.20398035215234034,3669
riskadj,120,2,0.1,equal,10,0.434132552277803,0.6252364790490514,,-0.29913575881863097,0.5454545454545454,28.8250204415372,0.14087492631810547,3669
riskadj,120,2,0.1,equal,21,0.42797276328367556,0.6141278866780489,,-0.294313281637796,0.5113636363636364,19.19950940310711,0.09296664750690292,3669
riskadj,120,2,0.1,rank,1,0.19650239532846117,0.28332886782877603,,-0.35271381326621154,0.5113636363636364,103.61248742389925,0.5014768200564068,3669
riskadj,120,2,0.1,rank,5,0.3279364838252607,0.48137722217025947,,-0.3272663814497768,0.48863636363636365,42.710885471884055,0.20551154878017613,3669
riskadj,120,2,0.1,rank,10,0.4555119569202934,0.6568781910108196,,-0.30208129199263833,0.5397727272727273,29.18855464078546,0.14191100605531592,3669
riskadj,120,2,0.1,rank,21,0.4397068076612928,0.630038578069037,,-0.2889366861322842,0.5113636363636364,19.43760795710244,0.09372749404044109,3669
riskadj,120,2,0.1,volinv,1,0.016419564206934092,0.02269478001868126,,-0.37163964553092677,0.4772727272727273,141.86755430554018,0.6743543857689915,3669
riskadj,120,2,0.1,volinv,5,0.17315639834682275,0.2428757745514375,,-0.3434902376682214,0.4943181818181818,55.54046452683619,0.26337462537975254,3669
riskadj,120,2,0.1,volinv,10,0.2986890954322979,0.41565904562891265,,-0.31056073245873694,0.5056818181818182,36.6204485455364,0.1761390653192887,3669
riskadj,120,2,0.1,volinv,21,0.3965604170065697,0.5449232967188541,,-0.33707918274923776,0.5056818181818182,23.52505180288223,0.11186678085007945,3669
riskadj,120,2,0.2,equal,1,0.30157436916824004,0.44236089298191206,,-0.30269935936164916,0.5056818181818182,75.32927228127554,0.35778604988173407,3669
riskadj,120,2,0.2,equal,5,0.3079790095237173,0.4533878990331894,,-0.2804931027219264,0.4943181818181818,32.12788225674571,0.15001609120304238,3669
riskadj,120,2,0.2,equal,10,0.3288208230757293,0.4695678312144379,,-0.2650979672336119,0.5056818181818182,22.16647587898609,0.1041716829003152,3669
riskadj,120,2,0.2,equal,21,0.29670795768459907,0.42122173355225667,,-0.26782135145967045,0.5,15.213409648405559,0.07159349891340258,3669
riskadj,120,2,0.2,rank,1,0.2958398520844124,0.4338102512265881,,-0.3114720347272051,0.5113636363636364,79.89202855101583,0.3735505510111027,3669
riskadj,120,2,0.2,rank,5,0.33037433511895353,0.48614065531042167,,-0.28415767920230406,0.5113636363636364,33.8393746952415,0.1564364195298935,3669
riskadj,120,2,0.2,rank,10,0.36288623417339844,0.5215555271927904,,-0.2762647933153505,0.5170454545454546,23.243074260424955,0.10828678855279644,3669
riskadj,120,2,0.2,rank,21,0.32993478908534846,0.4718119732680588,,-0.26756543367414554,0.5,15.898188053145008,0.07429531557072408,3669
riskadj,120,2,0.2,volinv,1,0.02875129207718072,0.03999709345411404,,-0.3529459790085576,0.4772727272727273,116.71219146766762,0.5339613099390523,3669
riskadj,120,2,0.2,volinv,5,0.24861884691689456,0.3455663468445921,,-0.3668511149832615,0.48863636363636365,46.92991034345436,0.21530021614512357,3669
riskadj,120,2,0.2,volinv,10,0.28198806690164124,0.3814631772610105,,-0.2925491024004865,0.5170454545454546,31.05122114796332,0.14354820694815862,3669
riskadj,120,2,0.2,volinv,21,0.3134629590646049,0.4184467095646955,,-0.3450229187045566,0.5340909090909091,19.388697730960796,0.08979453252135855,3669
riskadj,120,2,0.3,equal,1,0.15409904892287235,0.22036235025255346,,-0.3374215096137311,0.48863636363636365,61.97232555208309,0.28929507915653446,3669
riskadj,120,2,0.3,equal,5,0.29312734852847894,0.4180521698705422,,-0.32714772286754223,0.48863636363636365,26.919681726073705,0.12417235103873249,3669
riskadj,120,2,0.3,equal,10,0.29119358407932955,0.4077845426287046,,-0.262165819646459,0.48295454545454547,18.478141290612403,0.08585157057312287,3669
riskadj,120,2,0.3,equal,21,0.294708829063115,0.4175589292541653,,-0.28127712492818213,0.4943181818181818,12.693790620485489,0.06000933355438177,3669
riskadj,120,2,0.3,rank,1,0.18990040412639303,0.2744403979581051,,-0.3371688319974038,0.4715909090909091,69.42440611723855,0.3174811723528658,3669
riskadj,120,2,0.3,rank,5,0.3134714626784605,0.45220078059461105,,-0.3089655111017293,0.5,29.72896950701124,0.13533472600699542,3669
riskadj,120,2,0.3,rank,10,0.32293477909048046,0.4562637637372534,,-0.26212737760555826,0.48863636363636365,20.400226449001195,0.09361795306393753,3669
riskadj,120,2,0.3,rank,21,0.3205454695687999,0.455762490200785,,-0.25924679341259915,0.5056818181818182,13.947072670253675,0.06487470347530053,3669
riskadj,120,2,0.3,volinv,1,-0.11863648652635644,-0.15878725967883817,,-0.46322417634389745,0.45454545454545453,98.74846881735154,0.4473937825135939,3669
riskadj,120,2,0.3,volinv,5,0.135216489743054,0.17864140263455167,,-0.41970272235418715,0.4772727272727273,41.1019648200811,0.18676802664454156,3669
riskadj,120,2,0.3,volinv,10,0.19427352570713863,0.25429662843882633,,-0.32369353470230355,0.5,27.64417875732174,0.12555328555077555,3669
riskadj,120,2,0.3,volinv,21,0.2691910293947336,0.35877235271516905,,-0.34589902314633025,0.5284090909090909,17.642642519410177,0.0810827684606659,3669
riskadj,120,7,0.1,equal,1,0.24705841350841257,0.351968235896007,,-0.294431341515235,0.4943181818181818,101.72771872444807,0.4988262877651993,3669
riskadj,120,7,0.1,equal,5,0.43158627194017024,0.6143972607403986,,-0.30058057507610525,0.5511363636363636,41.995094031071126,0.2068908201506803,3669
riskadj,120,7,0.1,equal,10,0.4545862198596055,0.6451685160927654,,-0.2913947503548574,0.5568181818181818,28.9795584627964,0.14524963555656922,3669
riskadj,120,7,0.1,equal,21,0.38530662979813374,0.5240753631020999,,-0.27928251560719,0.5397727272727273,18.966475878986095,0.09212015301354398,3669
riskadj,120,7,0.1,rank,1,0.27820554836537487,0.3970590483337341,,-0.28241700806801406,0.4943181818181818,103.40636960496603,0.5018142603056581,3669
riskadj,120,7,0.1,rank,5,0.4512182844369544,0.6427163142378998,,-0.29560368686219496,0.5568181818181818,42.619837795803036,0.20815758695659542,3669
riskadj,120,7,0.1,rank,10,0.4684193055200342,0.665777601903109,,-0.28743462655293295,0.5568181818181818,29.355411428417824,0.14597043833562873,3669
riskadj,120,7,0.1,rank,21,0.39563344738655276,0.5388888106466647,,-0.2766099658259731,0.5454545454545454,19.177741707851677,0.09275143994495694,3669
riskadj,120,7,0.1,volinv,1,0.16321009814844234,0.22492619090595595,,-0.3295401080114396,0.5113636363636364,141.39972150799053,0.6711141864706158,3669
riskadj,120,7,0.1,volinv,5,0.40858116418548834,0.5628190213553461,,-0.2899347738066038,0.5397727272727273,55.31450644944958,0.26347310179289657,3669
riskadj,120,7,0.1,volinv,10,0.41631657512260567,0.5755676818349711,,-0.27975613811373523,0.5454545454545454,37.13749588891232,0.17897608213633012,3669
riskadj,120,7,0.1,volinv,21,0.3882062038050454,0.5208347660476808,,-0.27288035029024704,0.5227272727272727,23.389898823741127,0.11116610736301913,3669
riskadj,120,7,0.2,equal,1,0.24393557661748305,0.34318883436092207,,-0.26271462496881925,0.5227272727272727,75.17759607522484,0.3516922008501559,3669
riskadj,120,7,0.2,equal,5,0.31118240380294315,0.4375880529887808,,-0.24592697547520403,0.5227272727272727,32.07522485690924,0.14926118329129773,3669
riskadj,120,7,0.2,equal,10,0.3278254956653464,0.4589439079506182,,-0.2521853118953338,0.5170454545454546,22.428618152085033,0.10529088349212892,3669
riskadj,120,7,0.2,equal,21,0.2826320427835469,0.38428488566582486,,-0.3351401076515911,0.5227272727272727,15.236304170073588,0.07149028677774874,3669
riskadj,120,7,0.2,rank,1,0.2664911774864526,0.3766673954348387,,-0.2712131058627447,0.5113636363636364,79.73017377824661,0.3679281968561795,3669
riskadj,120,7,0.2,rank,5,0.34399354636754886,0.48640239598414386,,-0.2515312158583155,0.5284090909090909,33.781967825126586,0.1558433176278673,3669
riskadj,120,7,0.2,rank,10,0.36012754270884506,0.5051491304322195,,-0.2584579672306445,0.5170454545454546,23.568352507790458,0.10988706974055558,3669
riskadj,120,7,0.2,rank,21,0.30814504594703,0.4189512999284053,,-0.3128348547991031,0.5284090909090909,15.884098568425847,0.07418019516272009,3669
riskadj,120,7,0.2,volinv,1,0.1181847481130553,0.1592502613941739,,-0.334850180062531,0.48295454545454547,116.65225995098622,0.5320762329950337,3669
riskadj,120,7,0.2,volinv,5,0.22459604196148153,0.2994729364957837,,-0.30696465096229686,0.5284090909090909,46.83136576456822,0.21432340929449184,3669
riskadj,120,7,0.2,volinv,10,0.23745125492923957,0.31506206360065697,,-0.33750887129105567,0.4602272727272727,30.942566959793666,0.14222323405918624,3669
riskadj,120,7,0.2,volinv,21,0.39293870000534054,0.5276880081882843,,-0.30455366646687587,0.5170454545454546,19.976506239565737,0.0919013178843597,3669
riskadj,120,7,0.3,equal,1,0.23743990221856576,0.33337952567752205,,-0.28190755194836303,0.48295454545454547,61.843917147945014,0.2881832160517375,3669
riskadj,120,7,0.3,equal,5,0.27995901564592657,0.38867286853562755,,-0.2854237012899231,0.4943181818181818,26.86095230092528,0.1249710566043428,3669
riskadj,120,7,0.3,equal,10,0.24980705464349343,0.3510197907739133,,-0.28160568841734535,0.48295454545454547,18.588835850416423,0.08799459142794472,3669
riskadj,120,7,0.3,equal,21,0.35755991283070204,0.4966488626549069,,-0.2954857366972564,0.5170454545454546,12.403785805008742,0.05960021517230915,3669
riskadj,120,7,0.3,rank,1,0.25363072067154513,0.35762271751655395,,-0.2710678898490637,0.48863636363636365,69.27960254093011,0.31567293856198053,3669
riskadj,120,7,0.3,rank,5,0.30559181856960926,0.4266762978617989,,-0.2749671379666705,0.4943181818181818,29.666233289203742,0.1356922099774164,3669
riskadj,120,7,0.3,rank,10,0.2915613850191999,0.4108606206207259,,-0.2727870256408782,0.4943181818181818,20.57242252141996,0.09528366777369048,3669
riskadj,120,7,0.3,rank,21,0.3590849122615688,0.495480895421375,,-0.2855003839998903,0.5284090909090909,13.753064156857864,0.06466883189633343,3669
riskadj,120,7,0.3,volinv,1,-0.005483207609531792,-0.007237778441800776,,-0.43359113240406855,0.48295454545454547,98.89684643249045,0.44789743886581385,3669
riskadj,120,7,0.3,volinv,5,0.20549200312810262,0.2681645681508519,,-0.3563938543276508,0.4943181818181818,41.01179731758783,0.18594071221691075,3669
riskadj,120,7,0.3,volinv,10,0.23060224630179646,0.3025708468703746,,-0.32642014573462075,0.4943181818181818,27.49286730398325,0.12470835633283675,3669
riskadj,120,7,0.3,volinv,21,0.38382683866505074,0.5035244297494539,,-0.34240149429704003,0.5340909090909091,17.157349972154396,0.07770957314656567,3669
riskadj,180,0,0.1,equal,1,0.4289008567345489,0.6047829460289876,,-0.2938897656611569,0.4772727272727273,81.18152085036795,0.40274849026353216,3669
riskadj,180,0,0.1,equal,5,0.5689084888987094,0.7953292008086253,,-0.24711177946091656,0.5340909090909091,34.35650040883074,0.17518487924435305,3669
riskadj,180,0,0.1,equal,10,0.4704216143409538,0.6574611977669765,,-0.29830587029232436,0.5,23.74734260016353,0.11579805722665426,3669
riskadj,180,0,0.1,equal,21,0.543307264713036,0.7428872850305804,,-0.22088256103054482,0.5340909090909091,15.50040883074407,0.08302653086899231,3669
riskadj,180,0,0.1,rank,1,0.44457364575010166,0.6276545664794401,,-0.2925245594926801,0.48863636363636365,82.58511894642828,0.4054564567594293,3669
riskadj,180,0,0.1,rank,5,0.5780101945308287,0.8093942172158477,,-0.2504255872694048,0.5397727272727273,34.87469447676399,0.17616587115328372,3669
riskadj,180,0,0.1,rank,10,0.48510609238664587,0.6796843450388562,,-0.29780274585251565,0.5056818181818182,24.092817066387568,0.11672529993074404,3669
riskadj,180,0,0.1,rank,21,0.5612842219740676,0.7679629084891838,,-0.21748939141466794,0.5284090909090909,15.707747761254248,0.08333215925415033,3669
riskadj,180,0,0.1,volinv,1,0.22466094535867553,0.30741058124730525,,-0.3188524976018068,0.48863636363636365,118.1370212775969,0.5598110098943025,3669
riskadj,180,0,0.1,volinv,5,0.4233522644362668,0.574975852531216,,-0.3291238356817934,0.4943181818181818,46.93884059949177,0.22497542674593485,3669
riskadj,180,0,0.1,volinv,10,0.3401703431930615,0.4628351459246196,,-0.3333811713421764,0.5056818181818182,31.668335117980522,0.15120423746631545,3669
riskadj,180,0,0.1,volinv,21,0.5544990310935126,0.745316097455079,,-0.22388690289498525,0.5511363636363636,19.72277538829655,0.09452747450399061,3669
riskadj,180,0,0.2,equal,1,0.3015598421679911,0.43132681153181823,,-0.27018486025816635,0.5227272727272727,62.94562551103842,0.2981917025112375,3669
riskadj,180,0,0.2,equal,5,0.35928057538845687,0.5093697556437892,,-0.2360231732769862,0.5284090909090909,26.79746524938675,0.12901134584772775,3669
riskadj,180,0,0.2,equal,10,0.42678365337171165,0.6165028338358423,,-0.25836069536042694,0.5568181818181818,18.724856909239573,0.08751394379700386,3669
riskadj,180,0,0.2,equal,21,0.40760791400575075,0.5724274369622607,,-0.25422399961771336,0.5113636363636364,12.54677023712183,0.058496234004630276,3669
riskadj,180,0,0.2,rank,1,0.3411946894032199,0.4895550530291763,,-0.27267896698644145,0.5227272727272727,66.12417301610773,0.30840554666718667,3669
riskadj,180,0,0.2,rank,5,0.3936547408382949,0.5582221095256237,,-0.23623708402094357,0.5170454545454546,28.130809292322525,0.13418016231277474,3669
riskadj,180,0,0.2,rank,10,0.44485700741359874,0.6391190768785255,,-0.24265857251933098,0.5227272727272727,19.615892893847256,0.09097789829568745,3669
riskadj,180,0,0.2,rank,21,0.45287233846349045,0.6363915734173544,,-0.22977711997814954,0.5,13.07591156655361,0.06073580786939524,3669
riskadj,180,0,0.2,volinv,1,0.17899288241807787,0.24145900024452874,,-0.2930549439087681,0.4943181818181818,95.19934522399596,0.4426766401218344,3669
riskadj,180,0,0.2,volinv,5,0.33699215190328824,0.45792684326141514,,-0.27854279587970787,0.5227272727272727,39.43295955873219,0.1820711594836153,3669
riskadj,180,0,0.2,volinv,10,0.3547842040728499,0.484452910180362,,-0.28832426775535813,0.5170454545454546,26.878487092236142,0.12309879522847475,3669
riskadj,180,0,0.2,volinv,21,0.40691182447594954,0.5510514876352852,,-0.3112204220647288,0.5113636363636364,16.92730056794968,0.08054075470428151,3669
riskadj,180,0,0.3,equal,1,0.4101707220703402,0.5824781542363608,,-0.23213714500538807,0.5340909090909091,48.82679796651143,0.228180606074133,3669
riskadj,180,0,0.3,equal,5,0.48107566749460895,0.6808461243026181,,-0.23337156727158537,0.5625,21.11017422976611,0.09819895066696695,3669
riskadj,180,0,0.3,equal,10,0.516796016917082,0.7294205735598533,,-0.24121105245936847,0.5454545454545454,14.564920059854112,0.06842306843349466,3669
riskadj,180,0,0.3,equal,21,0.45860638678549426,0.6381129940736764,,-0.25959456652267,0.5340909090909091,9.975111418497248,0.04659339820885014,3669
riskadj,180,0,0.3,rank,1,0.4099112337480597,0.5844896642457921,,-0.24275873440695084,0.5397727272727273,55.52590840687301,0.2532524943680162,3669
riskadj,180,0,0.3,rank,5,0.47505824135448776,0.6729611500759247,,-0.2303059592053308,0.5511363636363636,23.809694728086946,0.10949441081296665,3669
riskadj,180,0,0.3,rank,10,0.5060228097086701,0.7164110529173399,,-0.24521634547122262,0.5625,16.473688885151372,0.075786991384443,3669
riskadj,180,0,0.3,rank,21,0.49359682480422123,0.6879678161879228,,-0.2336464154317328,0.5397727272727273,11.16180800189783,0.05146471029954354,3669
riskadj,180,0,0.3,volinv,1,0.2665958968045652,0.35640930545506433,,-0.3331638984581241,0.5170454545454546,81.33643019908264,0.3694584970763978,3669
riskadj,180,0,0.3,volinv,5,0.3479056726122241,0.4670511265613594,,-0.2938133171043402,0.5454545454545454,34.753489872937465,0.15867944003177037,3669
riskadj,180,0,0.3,volinv,10,0.37618416902715385,0.5055611808980801,,-0.2690914829300628,0.5113636363636364,23.309796754807,0.1063337278979293,3669
riskadj,180,0,0.3,volinv,21,0.4739125406215972,0.6353036553163522,,-0.27524526495550583,0.5454545454545454,15.054886110217732,0.06966315541326668,3669
riskadj,180,2,0.1,equal,1,0.3974203901626762,0.5531165367387966,,-0.27728229030870033,0.5,81.14472608340147,0.40487957243130457,3669
riskadj,180,2,0.1,equal,5,0.4464141146969694,0.6071085394418132,,-0.273867814083706,0.5170454545454546,34.76860179885527,0.16772676851036747,3669
riskadj,180,2,0.1,equal,10,0.521327758049455,0.7200608387498489,,-0.2740805395166106,0.5511363636363636,23.55600981193786,0.11375740667499194,3669
riskadj,180,2,0.1,equal,21,0.4801582118764411,0.6503503477651419,,-0.23187161727810612,0.5170454545454546,15.468520032706458,0.0740991470096784,3669
riskadj,180,2,0.1,rank,1,0.41303465616450186,0.5746190515288998,,-0.2754234017120213,0.5,82.5424537977274,0.40732287352666935,3669
riskadj,180,2,0.1,rank,5,0.4626562740435779,0.63094390875033,,-0.27601654747175175,0.5170454545454546,35.226961263698335,0.1688520335099661,3669
riskadj,180,2,0.1,rank,10,0.5310355665808223,0.733962891236281,,-0.27611287589117184,0.5511363636363636,23.893810477094764,0.11483799461665378,3669
riskadj,180,2,0.1,rank,21,0.4861817707867152,0.6570740957651084,,-0.23015343307596547,0.5170454545454546,15.682337860159002,0.07476671548399881,3669
riskadj,180,2,0.1,volinv,1,0.24013399595443585,0.3251916051788404,,-0.3142095727521039,0.4715909090909091,118.07336009269284,0.5607938265881488,3669
riskadj,180,2,0.1,volinv,5,0.33564261133020296,0.452769557543153,,-0.2939000779729176,0.48295454545454547,47.943906109764754,0.22772024611010688,3669
riskadj,180,2,0.1,volinv,10,0.36787873586295994,0.49279690866600795,,-0.32249802526905447,0.5113636363636364,31.518343199873026,0.1489028520309449,3669
riskadj,180,2,0.1,volinv,21,0.4624139414845608,0.6120551850080271,,-0.21809172409040822,0.5,19.49178700478741,0.09283395327556038,3669
riskadj,180,2,0.2,equal,1,0.30325846515333454,0.4282175605876568,,-0.2674592845162016,0.5397727272727273,62.91071136549467,0.2991937992100274,3669
riskadj,180,2,0.2,equal,5,0.5006492450937937,0.7116124127109948,,-0.23737612648694584,0.5170454545454546,26.557645134914143,0.12404476034376417,3669
riskadj,180,2,0.2,equal,10,0.5698869172441733,0.8062044643289905,,-0.21713428555926628,0.5397727272727273,18.07751430907604,0.08509875041571058,3669
riskadj,180,2,0.2,equal,21,0.4673621373542327,0.647145422284678,,-0.2281002817884642,0.5454545454545454,12.189615699100571,0.05920190236066368,3669
riskadj,180,2,0.2,rank,1,0.32808743124505757,0.46325430676252705,,-0.2652779359201858,0.5340909090909091,66.0846913959071,0.3095897416016732,3669
riskadj,180,2,0.2,rank,5,0.5038798143767744,0.7120375726279474,,-0.23281699308624115,0.5113636363636364,27.955413392867516,0.1292031223610306,3669
riskadj,180,2,0.2,rank,10,0.5771701289922743,0.8145401662559089,,-0.21534804050021772,0.5340909090909091,18.97633041384451,0.0883537966543261,3669
riskadj,180,2,0.2,rank,21,0.474668329633555,0.6558381725135176,,-0.2084441182349397,0.5284090909090909,12.77192759688835,0.06116735815562238,3669
riskadj,180,2,0.2,volinv,1,0.1419867412500147,0.19369804154376077,,-0.300468687797505,0.5113636363636364,95.47159282782631,0.43892703138251216,3669
riskadj,180,2,0.2,volinv,5,0.4422610395143959,0.6122598124258943,,-0.25753813384138646,0.5113636363636364,38.7885739682743,0.17808959005390765,3669
riskadj,180,2,0.2,volinv,10,0.45968770715374774,0.6242926543595618,,-0.2620291673567937,0.5340909090909091,25.846556254993963,0.11921915392933163,3669
riskadj,180,2,0.2,volinv,21,0.4837430302675754,0.656974499685857,,-0.2746138936447806,0.5625,16.430110265742567,0.07917975589906603,3669
riskadj,180,2,0.3,equal,1,0.4131888320512753,0.5805682404883605,,-0.2581792168360165,0.5454545454545454,48.780262362686194,0.22870243140083296,3669
riskadj,180,2,0.3,equal,5,0.5562601085085287,0.7858240267745477,,-0.22591465146517742,0.5738636363636364,20.7927276605509,0.09733196474726413,3669
riskadj,180,2,0.3,equal,10,0.5739187236437068,0.806531717704428,,-0.23440748295561586,0.5625,14.135557286398054,0.06655031373281275,3669
riskadj,180,2,0.3,equal,21,0.4822195099341765,0.6599074663944134,,-0.2637528525931745,0.5284090909090909,9.75293049230978,0.044471865409687686,3669
riskadj,180,2,0.3,rank,1,0.3985702490137625,0.5614039971550363,,-0.26236649657183075,0.5568181818181818,55.478357782423096,0.25360942351061166,3669
riskadj,180,2,0.3,rank,5,0.5367805190706668,0.7569707805826751,,-0.2296556267974954,0.5681818181818182,23.590673749270966,0.10799678264089875,3669
riskadj,180,2,0.3,rank,10,0.5770383899368038,0.8112675942043983,,-0.22106374401472462,0.5454545454545454,16.033808664218093,0.07381254225721331,3669
riskadj,180,2,0.3,rank,21,0.488983866286434,0.6696366526363726,,-0.23858540708659637,0.5340909090909091,10.93936867159929,0.049872313047087176,3669
riskadj,180,2,0.3,volinv,1,0.2109475421594866,0.2818807226033753,,-0.3068155592803675,0.5170454545454546,81.4228413385224,0.3695521026688758,3669
riskadj,180,2,0.3,volinv,5,0.4680365298267509,0.631378961846503,,-0.25355104360373526,0.5397727272727273,33.4878245709409,0.15234587398773045,3669
riskadj,180,2,0.3,volinv,10,0.4789293081514187,0.6434055277128601,,-0.25523046804836735,0.5454545454545454,22.254833860993415,0.10058569834939662,3669
riskadj,180,2,0.3,volinv,21,0.45752309687613857,0.6059525699735114,,-0.24945123937968505,0.5397727272727273,14.639238602702312,0.06890126660460177,3669
riskadj,180,7,0.1,equal,1,0.4010950047719839,0.5526694309820347,,-0.2750111604366753,0.5170454545454546,80.9779231398201,0.39379092605786925,3669
riskadj,180,7,0.1,equal,5,0.5304341027561056,0.720036358181765,,-0.2355636135984991,0.5454545454545454,34.71218315617334,0.16844315205383453,3669
riskadj,180,7,0.1,equal,10,0.46414030875310447,0.628618929765859,,-0.23471728341813303,0.5454545454545454,23.7914963205233,0.11716250616472557,3669
riskadj,180,7,0.1,equal,21,0.4228639384757495,0.5766938267475312,,-0.2957685572262778,0.5113636363636364,15.85609157808667,0.07616941953412165,3669
riskadj,180,7,0.1,rank,1,0.41568896663767135,0.572817204907464,,-0.27970967792964974,0.5227272727272727,82.36994532086462,0.39680483881356016,3669
riskadj,180,7,0.1,rank,5,0.5349119585056995,0.7254664548377159,,-0.23848221982118534,0.5397727272727273,35.1669149679352,0.169450706282058,3669
riskadj,180,7,0.1,rank,10,0.4801248746857568,0.6501118732974758,,-0.23034109861765595,0.5568181818181818,24.12571463445814,0.11803484339293677,3669
riskadj,180,7,0.1,rank,21,0.4331139654027668,0.5920248044235298,,-0.2905964360786667,0.5170454545454546,16.045523628499154,0.07683576611094095,3669
riskadj,180,7,0.1,volinv,1,0.27741874654554494,0.37270972461293167,,-0.268322190847354,0.4943181818181818,117.84643892202396,0.5570372260818062,3669
riskadj,180,7,0.1,volinv,5,0.45115148791207293,0.5952284466926376,,-0.29086842119510936,0.5056818181818182,47.638141205128434,0.2246157517378428,3669
riskadj,180,7,0.1,volinv,10,0.44778477952067186,0.594761263940705,,-0.269616069951808,0.4943181818181818,31.516711284443314,0.1504626763165656,3669
riskadj,180,7,0.1,volinv,21,0.41625908791504523,0.5567156831368478,,-0.2314741789442143,0.5170454545454546,20.114831691057095,0.09538282829147364,3669
riskadj,180,7,0.2,equal,1,0.5273330134902823,0.7546496242193198,,-0.21842384566238748,0.5454545454545454,62.79681112019623,0.296070478470512,3669
riskadj,180,7,0.2,equal,5,0.6106558494581141,0.8632260928416219,0.19309917280098265,-0.20530047306654198,0.5795454545454546,26.522730989370398,0.1259203725010245,3669
riskadj,180,7,0.2,equal,10,0.6146544893726271,0.8597324723123106,0.20430478328032714,-0.20429427938593503,0.5852272727272727,18.31962387571545,0.0856042561900881,3669
riskadj,180,7,0.2,equal,21,0.5543048399416579,0.7818795881846111,,-0.24601207481271659,0.5284090909090909,12.252003270645952,0.05971458953437868,3669
riskadj,180,7,0.2,rank,1,0.527488590639528,0.748785144428695,,-0.2127429175273644,0.5340909090909091,65.96492772645335,0.3061479757630509,3669
riskadj,180,7,0.2,rank,5,0.6157108858438393,0.8683771843119313,0.1774076771771276,-0.21238526251340817,0.5625,27.916341482616858,0.13045203907403263,3669
riskadj,180,7,0.2,rank,10,0.6096829802167846,0.8492408420322742,0.2035883874747761,-0.20029041037772743,0.5738636363636364,19.278282297885898,0.0894159940848668,3669
riskadj,180,7,0.2,rank,21,0.5551267392380257,0.7808512589076765,,-0.24315494462203335,0.5113636363636364,12.832994524657915,0.06184629596145849,3669
riskadj,180,7,0.2,volinv,1,0.4394455830979257,0.610693641146434,,-0.2989026679721367,0.5170454545454546,95.08731449997077,0.4348789098398869,3669
riskadj,180,7,0.2,volinv,5,0.5019696025266982,0.682699127131067,,-0.27610784475864025,0.5170454545454546,38.746497974842285,0.17986656621899566,3669
riskadj,180,7,0.2,volinv,10,0.49753957066873666,0.6660956572220543,,-0.24654341605064722,0.5284090909090909,25.79931956295349,0.11867439797791417,3669
riskadj,180,7,0.2,volinv,21,0.5576649507904281,0.7653260957067113,,-0.24326154778741438,0.5227272727272727,16.533836327149903,0.08029886815014461,3669
riskadj,180,7,0.3,equal,1,0.5214123687654586,0.737183519716104,,-0.25579477434455034,0.5454545454545454,48.710832237192925,0.22525386183955315,3669
riskadj,180,7,0.3,equal,5,0.5743399441379098,0.8094837635197202,,-0.223169824784349,0.5568181818181818,20.757639317559683,0.09561822245464699,3669
riskadj,180,7,0.3,equal,10,0.6161035781462838,0.8701841560296066,0.20278632923076573,-0.23149176919292358,0.5397727272727273,14.770970754866378,0.06844614044138297,3669
riskadj,180,7,0.3,equal,21,0.5593684792378226,0.785067704144677,,-0.28291863085275637,0.5454545454545454,9.682142984108925,0.04429096828841563,3669
riskadj,180,7,0.3,rank,1,0.5271719352444468,0.7430751314465637,,-0.2351031037876935,0.5397727272727273,55.39451174984089,0.2512919293074415,3669
riskadj,180,7,0.3,rank,5,0.5936588906788465,0.8362928020668765,,-0.21137324748103192,0.5568181818181818,23.55302296936842,0.10714730638074967,3669
riskadj,180,7,0.3,rank,10,0.6141915966335344,0.8618089696495135,0.20204892037931232,-0.21989404536209767,0.5454545454545454,16.575247038372318,0.07589324077658045,3669
riskadj,180,7,0.3,rank,21,0.568731053078154,0.7982836136251525,,-0.2764491056533315,0.5397727272727273,10.894348303104323,0.04992382285962164,3669
riskadj,180,7,0.3,volinv,1,0.3360149520853642,0.45467803508146204,,-0.27095972657956313,0.4943181818181818,81.42986747787955,0.3691978568409606,3669
riskadj,180,7,0.3,volinv,5,0.5211669519402022,0.6990584776408485,,-0.28670369007644037,0.5340909090909091,33.44358460174622,0.15206023932850207,3669
riskadj,180,7,0.3,volinv,10,0.5224064250278684,0.6943307946507824,,-0.23474568035172483,0.5284090909090909,23.2360516386643,0.10529443858112482,3669
riskadj,180,7,0.3,volinv,21,0.5563146358473314,0.7556332386060088,,-0.29335392453593245,0.5397727272727273,14.744050459861064,0.06885442658177371,3669
riskadj,252,0,0.1,equal,1,0.8078695297454763,1.145171591243378,0.4179780622688116,-0.2718281402888937,0.5284090909090909,69.25756336876532,0.34892719274318507,3669
riskadj,252,0,0.1,equal,5,0.7626482539137518,1.0734768531492325,0.33013984388344875,-0.26451420278577165,0.5284090909090909,28.155355682747338,0.1419825311257008,3669
riskadj,252,0,0.1,equal,10,0.8202663997572776,1.1576420984533182,0.38722811559407455,-0.2345327940109907,0.5511363636363636,19.25347506132461,0.09803875089534714,3669
riskadj,252,0,0.1,equal,21,0.9035699545406647,1.2691506909944792,0.47170083258775347,-0.2303449460058985,0.5568181818181818,12.92722812755519,0.06338967384662683,3669
riskadj,252,0,0.1,rank,1,0.8017537994323013,1.1346072585800933,0.3872140576531544,-0.26498490112037143,0.5113636363636364,70.30768977031485,0.3503985346293993,3669
riskadj,252,0,0.1,rank,5,0.7615390025905001,1.068001472123023,0.32337269565276716,-0.25552523106805713,0.5284090909090909,28.670940267709103,0.14324209382109232,3669
riskadj,252,0,0.1,rank,10,0.8210776856053327,1.15588544117474,0.3891050492822608,-0.22975700621489736,0.5454545454545454,19.594095331661695,0.09891066257632858,3669
riskadj,252,0,0.1,rank,21,0.8936582541205815,1.2513661710701551,0.46222155332926695,-0.2333250938366952,0.5511363636363636,13.108113826135277,0.0642044549475939,3669
riskadj,252,0,0.1,volinv,1,0.5333115301941443,0.7185633885122815,,-0.35722586499361775,0.5,98.97744027323246,0.4829228357654044,3669
riskadj,252,0,0.1,volinv,5,0.5796791497485466,0.7813974849543551,,-0.3559899888518946,0.5170454545454546,40.2179761346488,0.2048768226180867,3669
riskadj,252,0,0.1,volinv,10,0.64199849195839,0.8730253781587543,0.21660767329527222,-0.3194832507452078,0.5227272727272727,26.84634386977125,0.13277585021294142,3669
riskadj,252,0,0.1,volinv,21,0.8473253803139077,1.1640846119110795,0.42970188420586186,-0.3050036592826506,0.5568181818181818,17.64123901712887,0.0926306572655265,3669
riskadj,252,0,0.2,equal,1,0.6724334368233394,0.9295266028784847,0.20770429727875425,-0.27413208146918056,0.5284090909090909,49.67367130008176,0.23640313800062845,3669
riskadj,252,0,0.2,equal,5,0.734873821338322,1.0133776398968937,0.3218608336564436,-0.28713183853532287,0.5397727272727273,20.601062959934588,0.09902441539713451,3669
riskadj,252,0,0.2,equal,10,0.7249077959413391,1.0047040875575386,0.2784397413457286,-0.27482719811211687,0.5397727272727273,14.604987735077676,0.07117520304540266,3669
riskadj,252,0,0.2,equal,21,0.7586960303958007,1.055927766226449,0.3169849825652205,-0.29664745327018616,0.5568181818181818,9.77023712183156,0.047390101555850245,3669
riskadj,252,0,0.2,rank,1,0.719481045207625,1.0041707677801883,0.2555712554907796,-0.26487138378924624,0.5454545454545454,52.745367464656084,0.24630703717291558,3669
riskadj,252,0,0.2,rank,5,0.768410139838732,1.0712292364878868,0.3224114487523412,-0.27112720403761936,0.5397727272727273,21.835359296139465,0.10292719541670636,3669
riskadj,252,0,0.2,rank,10,0.7655222194698286,1.0704889527709365,0.3126600284955947,-0.26128067247417197,0.5397727272727273,15.348240565409181,0.07340939985470395,3669
riskadj,252,0,0.2,rank,21,0.7952458849584979,1.1113917983788346,0.35815585000153205,-0.2717574409792026,0.5397727272727273,10.30798668029199,0.04944185270786834,3669
riskadj,252,0,0.2,volinv,1,0.5291268196244382,0.7027608492488349,,-0.4001193542387461,0.5170454545454546,78.81857371118771,0.3617917105339999,3669
riskadj,252,0,0.2,volinv,5,0.6489298740896433,0.8548499969177987,0.18018577799460828,-0.3775586165926229,0.5227272727272727,32.36338552310144,0.1497555520024892,3669
riskadj,252,0,0.2,volinv,10,0.6387370549781775,0.8577212668393079,0.19518997969277987,-0.37684278260997717,0.5284090909090909,22.077293126305957,0.10122501126336583,3669
riskadj,252,0,0.2,volinv,21,0.674213775987023,0.9181224754374944,0.23992134661522074,-0.4364435078002993,0.5397727272727273,14.626937211484185,0.06951307293527101,3669
riskadj,252,0,0.3,equal,1,0.6339786124094957,0.8661004312906063,0.19984364495860518,-0.3252669404608358,0.5511363636363636,40.0581509215659,0.1859270196482663,3669
riskadj,252,0,0.3,equal,5,0.6027311970688919,0.8170152468030019,0.14424438115141078,-0.3233384774130825,0.5227272727272727,16.99739511794686,0.07769184477400559,3669
riskadj,252,0,0.3,equal,10,0.612224518383402,0.8305079779789583,0.18535841521146407,-0.3190177415312889,0.5340909090909091,11.735998758964381,0.05372951464556909,3669
riskadj,252,0,0.3,equal,21,0.6329302433521607,0.8654595677663904,0.21329318148932072,-0.35231984745819245,0.5340909090909091,8.161987466832999,0.03711029093521308,3669
riskadj,252,0,0.3,rank,1,0.690936865213084,0.9552408678041597,0.24393067490183198,-0.2975484846604086,0.5397727272727273,45.1939428322962,0.20529980778480408,3669
riskadj,252,0,0.3,rank,5,0.6755585761786306,0.9285111036820191,0.26976897350399937,-0.29187428171342167,0.5227272727272727,19.01463638298846,0.08601243150394876,3669
riskadj,252,0,0.3,rank,10,0.6851615547203854,0.9439182225128739,0.24592460988248907,-0.2917114918743059,0.5227272727272727,13.127312345580608,0.05973879897339124,3669
riskadj,252,0,0.3,rank,21,0.7179615745488653,0.9919469129025669,0.2736877984831421,-0.31527696991407983,0.5511363636363636,9.041519051844459,0.04112891282654875,3669
riskadj,252,0,0.3,volinv,1,0.4402877534648611,0.5658847065356898,,-0.4180690653916904,0.5397727272727273,68.4517781598372,0.31003529369435234,3669
riskadj,252,0,0.3,volinv,5,0.48299111524818716,0.6191466565615565,,-0.3647756897802761,0.5227272727272727,28.84279809387138,0.13093829265219345,3669
riskadj,252,0,0.3,volinv,10,0.45109887166969403,0.582239981213279,,-0.38847464878289695,0.5227272727272727,19.5621725587022,0.08863248768383987,3669
riskadj,252,0,0.3,volinv,21,0.49133274192416454,0.649651260752755,,-0.44322410513644295,0.5227272727272727,13.113876500311662,0.06196498037857012,3669
riskadj,252,2,0.1,equal,1,0.6939297078786374,0.9840410697255545,0.2856229309128104,-0.2862852982670707,0.5284090909090909,69.21831561733441,0.3570474141462794,3669
riskadj,252,2,0.1,equal,5,0.8200654235649585,1.1671144688315933,0.36446307080467516,-0.24805488863191882,0.5397727272727273,27.846279640228943,0.1399245004992242,3669
riskadj,252,2,0.1,equal,10,0.8674816856063371,1.215424340203619,0.45720923852723955,-0.2216488637662144,0.5568181818181818,19.251022076860178,0.09620654654381892,3669
riskadj,252,2,0.1,equal,21,0.8935951276106295,1.2527335061195706,0.4719092787718372,-0.2117653196541719,0.5738636363636364,12.171708912510221,0.060219011900768754,3669
riskadj,252,2,0.1,rank,1,0.6965898421658487,0.9868522071761524,0.27467749717320217,-0.27944414606286916,0.5397727272727273,70.26240678869661,0.3582368365571802,3669
riskadj,252,2,0.1,rank,5,0.8144181696184087,1.1560638461472361,0.38288234128881105,-0.24201320325301767,0.5397727272727273,28.36806792848627,0.14098316802782435,3669
riskadj,252,2,0.1,rank,10,0.8605445201203055,1.2046377840957512,0.4521848132764123,-0.22221651447529234,0.5511363636363636,19.572105332739795,0.09703982717231985,3669
riskadj,252,2,0.1,rank,21,0.8893583256910053,1.243735471331211,0.41820186721754543,-0.21633122919053416,0.5738636363636364,12.407697502228041,0.061089983560723156,3669
riskadj,252,2,0.1,volinv,1,0.5255787714414332,0.7249375585956448,,-0.3874803586781298,0.5056818181818182,98.66679315499417,0.48057018010971886,3669
riskadj,252,2,0.1,volinv,5,0.7183698876947578,0.9996670461752256,0.2788394692044944,-0.3474090889398679,0.5227272727272727,38.70735741755135,0.19553269943954044,3669
riskadj,252,2,0.1,volinv,10,0.7631113771739821,1.0398796788272968,0.33443424915653447,-0.32567387497591427,0.5284090909090909,26.5595574551071,0.12945596862131975,3669
riskadj,252,2,0.1,volinv,21,0.8792584580544593,1.1938829554602723,0.4298455251742232,-0.30938943739846947,0.5170454545454546,16.73095204551923,0.08840121125153662,3669
riskadj,252,2,0.2,equal,1,0.6317345855855899,0.8730205439519404,0.23213886323602093,-0.2996931123365939,0.5340909090909091,49.6290269828291,0.24294719365358675,3669
riskadj,252,2,0.2,equal,5,0.7210461278604368,1.0080565975624955,0.26005314570406035,-0.26632358853021876,0.5284090909090909,20.693213409648404,0.10184805617572448,3669
riskadj,252,2,0.2,equal,10,0.755789452471998,1.059417894944261,0.3077094521485488,-0.25239382761235685,0.5340909090909091,14.199182338511852,0.06812960311021685,3669
riskadj,252,2,0.2,equal,21,0.7451388173035228,1.02736559459084,0.32030087736632307,-0.2566183137028589,0.5284090909090909,9.943663123466882,0.04652396342388106,3669
riskadj,252,2,0.2,rank,1,0.6827151279222393,0.9549768689666028,0.2536344389636238,-0.28499510855348387,0.5454545454545454,52.696225130012735,0.25197090911228637,3669
riskadj,252,2,0.2,rank,5,0.760298419819743,1.0701671671029216,0.3153500527629045,-0.2511049850523497,0.5454545454545454,21.92631372450599,0.1053677519620226,3669
riskadj,252,2,0.2,rank,10,0.7919103398108974,1.1119340453865638,0.35143853108273987,-0.2403488198072018,0.5284090909090909,15.003394509745373,0.07098859023300368,3669
riskadj,252,2,0.2,rank,21,0.7864097689879052,1.0888335917643548,0.3720905106113472,-0.2462633046368734,0.5340909090909091,10.374926699145592,0.04826821826085953,3669
riskadj,252,2,0.2,volinv,1,0.5368281804705417,0.7165562178832057,,-0.3999754941812603,0.5284090909090909,78.70615506688998,0.3624460607432727,3669
riskadj,252,2,0.2,volinv,5,0.6456502192437622,0.8628668501333582,0.22761203605009653,-0.35954477749667413,0.5454545454545454,31.78768941751078,0.1472957206390034,3669
riskadj,252,2,0.2,volinv,10,0.6429172865603272,0.8653616950013745,0.2240233755168588,-0.3472299974420612,0.5284090909090909,21.50856171675168,0.09923889054000909,3669
riskadj,252,2,0.2,volinv,21,0.6696880048053452,0.8985474476704937,0.2842283892665866,-0.3565123858755205,0.5284090909090909,14.52903288387241,0.07156497507378692,3669
riskadj,252,2,0.3,equal,1,0.571541131633381,0.7802608342950201,,-0.3195779647264666,0.5227272727272727,40.046703660731886,0.1854695990128347,3669
riskadj,252,2,0.3,equal,5,0.6356108377168596,0.873909067212332,0.19275156982262745,-0.2985098107347899,0.5170454545454546,16.938032247534892,0.07803281802663609,3669
riskadj,252,2,0.3,equal,10,0.6424295003389644,0.8841402811798542,0.19855248029799238,-0.2990965034568819,0.5340909090909091,11.424298443211306,0.05268366437123281,3669
riskadj,252,2,0.3,equal,21,0.6415175390638076,0.8732108058288555,0.25631957876380485,-0.3256809510897677,0.5397727272727273,8.076110387532761,0.037269273611925224,3669
riskadj,252,2,0.3,rank,1,0.6362989217099636,0.8796958644981742,0.21864694503352203,-0.29873097104657165,0.5397727272727273,45.16624518678065,0.2053190718959848,3669
riskadj,252,2,0.3,rank,5,0.711633459661408,0.988626233556231,0.25751290028468254,-0.27556047610590495,0.5340909090909091,18.98270218841207,0.0862768215873265,3669
riskadj,252,2,0.3,rank,10,0.7173566319251985,0.9931958317742987,0.27422840607284577,-0.2768159536107835,0.5284090909090909,12.87414528156836,0.058621110156352324,3669
riskadj,252,2,0.3,rank,21,0.7177379612926509,0.9852145831995291,0.3270340823114005,-0.3001551709534236,0.5511363636363636,8.94915973839015,0.04082443792427759,3669
riskadj,252,2,0.3,volinv,1,0.38507287585883887,0.4966435994329758,,-0.3942884531775177,0.5170454545454546,68.4779008695837,0.3100214594432079,3669
riskadj,252,2,0.3,volinv,5,0.4041902752908183,0.5215286003227382,,-0.37212408027604416,0.5056818181818182,29.16131787839571,0.1328831382211967,3669
riskadj,252,2,0.3,volinv,10,0.455322107931421,0.5988649957713792,,-0.3570178674900165,0.5170454545454546,19.276462128525658,0.0876928913575386,3669
riskadj,252,2,0.3,volinv,21,0.46484307922279217,0.6107068149524388,,-0.43312527179625027,0.5284090909090909,13.193430734395065,0.06218339180889829,3669
riskadj,252,7,0.1,equal,1,0.7983756552848268,1.1280823240047915,0.3476526869040012,-0.27923900634263465,0.5340909090909091,69.20114472608338,0.3419953368122785,3669
riskadj,252,7,0.1,equal,5,0.8930691279059311,1.2715435954783654,0.4486423838692077,-0.23223119037217643,0.5681818181818182,27.809484873262466,0.1472957954962131,3669
riskadj,252,7,0.1,equal,10,0.9412889938707615,1.3267891684201614,0.5152060009192054,-0.23979283437836518,0.5738636363636364,19.194603434178244,0.10073527390064003,3669
riskadj,252,7,0.1,equal,21,0.8490058359107059,1.1857537071220854,0.4207028409796705,-0.22865177942038306,0.5284090909090909,12.82420278004906,0.06301705476107326,3669
riskadj,252,7,0.1,rank,1,0.7910939776511692,1.1132859625094846,0.34689541532101903,-0.27684615417793346,0.5340909090909091,70.23824415138459,0.34399978431384715,3669
riskadj,252,7,0.1,rank,5,0.8845240666535468,1.2546460468307348,0.4650410921758034,-0.22789515738976351,0.5568181818181818,28.329986948740252,0.14818509213575626,3669
riskadj,252,7,0.1,rank,10,0.9365374252705094,1.3174643991825192,0.5058463254308383,-0.2305898756704141,0.5738636363636364,19.548627366739737,0.101620370520729,3669
riskadj,252,7,0.1,rank,21,0.8477389676920017,1.1826083765695374,0.42376268818169943,-0.2226842167979819,0.5284090909090909,13.024699352600818,0.06369870619499432,3669
riskadj,252,7,0.1,volinv,1,0.6479306016607588,0.9022344204498847,0.20028365882416888,-0.4056392196120321,0.5170454545454546,98.68046297576352,0.4755949006187941,3669
riskadj,252,7,0.1,volinv,5,0.8328113507467603,1.1694068417061283,0.40718192796401653,-0.36706476831598067,0.5284090909090909,38.55908259021067,0.1885703931112652,3669
riskadj,252,7,0.1,volinv,10,0.8590074391240338,1.1824759833058092,0.4274835662240334,-0.35312519228996786,0.5681818181818182,26.48372383538774,0.12881291919830332,3669
riskadj,252,7,0.1,volinv,21,0.751750351895657,1.0290007863344,0.34120681538362013,-0.36815918146900894,0.5113636363636364,17.463969985638208,0.09230732026884542,3669
riskadj,252,7,0.2,equal,1,0.574667684646327,0.799718213306354,,-0.3045174442803472,0.5397727272727273,49.51398201144725,0.24195135715079905,3669
riskadj,252,7,0.2,equal,5,0.642505846923803,0.8975474997178018,0.16247638601488906,-0.2851102538731801,0.5397727272727273,20.649141455437448,0.10053635168690289,3669
riskadj,252,7,0.2,equal,10,0.7115622058040455,0.986403651167877,0.2569592964223812,-0.2693514428433478,0.5397727272727273,14.627309893704004,0.07150162290866893,3669
riskadj,252,7,0.2,equal,21,0.7342847325533187,1.0194296419813436,0.28582473779537587,-0.27496132369974335,0.5397727272727273,9.671790678659034,0.044659322369174866,3669
riskadj,252,7,0.2,rank,1,0.6406261974545275,0.8970984687080654,0.1811559895542151,-0.2939940134029715,0.5397727272727273,52.582156956387145,0.2505250649258734,3669
riskadj,252,7,0.2,rank,5,0.6940770653912919,0.9709352020903311,0.2343282738850578,-0.27504795069200594,0.5340909090909091,21.8826506010391,0.10474584518427074,3669
riskadj,252,7,0.2,rank,10,0.761833712035877,1.0586055434381754,0.3031127727383194,-0.25664877613069925,0.5568181818181818,15.379372430046523,0.07425480364758616,3669
riskadj,252,7,0.2,rank,21,0.7754557076281747,1.0773253778099292,0.330829414026272,-0.2571206295738838,0.5340909090909091,10.186054513035348,0.04696367996519933,3669
riskadj,252,7,0.2,volinv,1,0.4884362503455712,0.6591626446729068,,-0.39294773978855235,0.5170454545454546,78.55400649448367,0.3609522459209057,3669
riskadj,252,7,0.2,volinv,5,0.5376269049823211,0.7256322078926558,,-0.38245251681476367,0.5511363636363636,31.628238165369286,0.1461703801595779,3669
riskadj,252,7,0.2,volinv,10,0.6094280608866585,0.8228285315440994,0.18115126721018654,-0.3558995047155842,0.5511363636363636,21.786221888136836,0.09957467711274845,3669
riskadj,252,7,0.2,volinv,21,0.6761522021789592,0.9078845294914745,0.22172308393551138,-0.37666510242656126,0.5227272727272727,14.213367711368427,0.07067419504987507,3669
riskadj,252,7,0.3,equal,1,0.5596860647954364,0.7708815255629794,,-0.2975048061064761,0.5284090909090909,40.00589168732366,0.18426588619518824,3669
riskadj,252,7,0.3,equal,5,0.6616531268143413,0.9130131526227646,0.20959239311016412,-0.28644535246119496,0.5568181818181818,16.920612502787478,0.07780305709589111,3669
riskadj,252,7,0.3,equal,10,0.72734698681733,1.0089508274190726,0.2977509639982577,-0.2977499140003592,0.5340909090909091,11.813143342845784,0.054055606563134594,3669
riskadj,252,7,0.3,equal,21,0.6227421726481661,0.8479031460898024,0.18696318463690703,-0.318878848106535,0.5397727272727273,7.840875964307298,0.036418897910630445,3669
riskadj,252,7,0.3,rank,1,0.6246895629909324,0.8663645220225298,0.18789393769801632,-0.28481940069517175,0.5397727272727273,45.10163779177402,0.20413856725504734,3669
riskadj,252,7,0.3,rank,5,0.707576920778472,0.9828659672883572,0.24618583184659182,-0.2715508315111227,0.5568181818181818,18.957333208341538,0.08637980210076696,3669
riskadj,252,7,0.3,rank,10,0.7705752252916356,1.071413619250153,0.34383553537536354,-0.2770344882787936,0.5625,13.24576419323585,0.06058945463175404,3669
riskadj,252,7,0.3,rank,21,0.706617222342665,0.9653843744538764,0.2798526571267751,-0.288116446421936,0.5568181818181818,8.789317953187243,0.04023460498317359,3669
riskadj,252,7,0.3,volinv,1,0.41010811189959856,0.5424655710932552,,-0.38377788905820975,0.5,68.86319675912524,0.31100653665279193,3669
riskadj,252,7,0.3,volinv,5,0.5476563810612431,0.7291984125710167,,-0.3426543974659102,0.5170454545454546,29.116737423432284,0.1328729688414531,3669
riskadj,252,7,0.3,volinv,10,0.5874694738621805,0.7830097920707574,,-0.34320457558808104,0.5397727272727273,19.885645534268388,0.09008902517457393,3669
riskadj,252,7,0.3,volinv,21,0.5756746678734272,0.7676335307408559,,-0.3247138126565302,0.5340909090909091,12.757437455891269,0.060356681285774386,3669
blend,10,0,0.1,equal,1,-0.569356724778405,-0.8295128330449038,,-0.8026479813978878,0.36363636363636365,350.0201689833742,1.7004662753992195,3669
blend,10,0,0.1,equal,5,-0.21210150298771455,-0.3086732528748167,,-0.6300423194259761,0.42613636363636365,142.87135459253201,0.702313574253773,3669
blend,10,0,0.1,equal,10,-0.16979754500431643,-0.2473030488674405,,-0.5690292918333222,0.4375,82.92177705096758,0.4067939438481522,3669
blend,10,0,0.1,equal,21,-0.19899969405222173,-0.30179183917997715,,-0.6865572786734369,0.4659090909090909,42.91360043608612,0.21841086398625242,3669
blend,10,0,0.1,rank,1,-0.5601108781242886,-0.8150999361157147,,-0.7987128507102659,0.35795454545454547,352.2727912993305,1.7074726101678759,3669
blend,10,0,0.1,rank,5,-0.20644121547833102,-0.3017159451949875,,-0.6210512367161855,0.42613636363636365,143.75836002273633,0.7048546413466042,3669
blend,10,0,0.1,rank,10,-0.1707732602984475,-0.2490020819841434,,-0.5672405317285026,0.4318181818181818,83.34230714234947,0.4087239504605851,3669
blend,10,0,0.1,rank,21,-0.17665938584071275,-0.26840195899401464,,-0.6793964428395141,0.4715909090909091,43.03565401220957,0.2198591291483158,3669
blend,10,0,0.1,volinv,1,-0.9345461330495762,-1.3460920812025483,,-0.9112801528808164,0.29545454545454547,405.9736536796309,1.930940081579723,3669
blend,10,0,0.1,volinv,5,-0.4307633267889184,-0.619981327792737,,-0.7298117368163308,0.3693181818181818,151.8789817022169,0.7400848411020016,3669
blend,10,0,0.1,volinv,10,-0.3679199624293123,-0.5198622642924685,,-0.7427106646384589,0.4375,85.3372494106576,0.4109683827307467,3669
blend,10,0,0.1,volinv,21,-0.31638031472284556,-0.4520998752492258,,-0.7289772763768094,0.4431818181818182,43.70137427122679,0.20914157777315118,3669
blend,10,0,0.2,equal,1,-0.579774802401288,-0.8450702742462427,,-0.8186642397903918,0.375,269.9085966684302,1.2724642348683879,3669
blend,10,0,0.2,equal,5,-0.2636145239591513,-0.3910721724637226,,-0.6284723856737504,0.4375,115.61069212640085,0.550045465892544,3669
blend,10,0,0.2,equal,10,-0.22122506266615447,-0.3282611527254175,,-0.6119529947544158,0.4715909090909091,70.48346399884565,0.3353534144359691,3669
blend,10,0,0.2,equal,21,-0.19226402760441538,-0.27989387354088296,,-0.680976736474334,0.4431818181818182,38.23095570198643,0.18353134885014782,3669
blend,10,0,0.2,rank,1,-0.5764729170921764,-0.8406683206095031,,-0.8158373188544494,0.35795454545454547,279.20298397307613,1.308344053171674,3669
blend,10,0,0.2,rank,5,-0.24409830059745122,-0.3632607911363723,,-0.6229200237863789,0.4375,119.53458199490608,0.5670901585781988,3669
blend,10,0,0.2,rank,10,-0.21731475325358648,-0.3230487942200594,,-0.6024132544930216,0.4715909090909091,72.34585578388493,0.34393482611979087,3669
blend,10,0,0.2,rank,21,-0.19585917478416023,-0.28677910579343324,,-0.691896662495169,0.4431818181818182,38.96749844995575,0.18804713203057535,3669
blend,10,0,0.2,volinv,1,-0.8735447174652983,-1.274189378803827,,-0.9034199399010198,0.32954545454545453,329.74990917339926,1.5102120558332948,3669
blend,10,0,0.2,volinv,5,-0.42290143021027915,-0.6155020815981082,,-0.7264663990338116,0.3806818181818182,128.57673128652056,0.5955916732652705,3669
blend,10,0,0.2,volinv,10,-0.3977037418498154,-0.5603103809938982,,-0.7353407173001227,0.38636363636363635,75.59210763216424,0.34998051742096753,3669
blend,10,0,0.2,volinv,21,-0.23029675231694793,-0.3225106663648719,,-0.7025708612083394,0.44886363636363635,40.44430764058725,0.18776430187255178,3669
blend,10,0,0.3,equal,1,-0.7473544840873066,-1.0721752456038576,,-0.8739944541118678,0.32386363636363635,220.97128644330178,1.0312322919104404,3669
blend,10,0,0.3,equal,5,-0.23555015961181516,-0.351961399349301,,-0.6413308330106944,0.4318181818181818,97.12238149564183,0.4540575302789107,3669
blend,10,0,0.3,equal,10,-0.22265689658345744,-0.3273897066082988,,-0.6116337958991753,0.4375,60.41284122823743,0.28325227343035864,3669
blend,10,0,0.3,equal,21,-0.13883529702161793,-0.20266207402223319,,-0.6738459445614116,0.48295454545454547,33.129949227423005,0.15543706980855382,3669
blend,10,0,0.3,rank,1,-0.6976860971680396,-1.0064701094239017,,-0.8584481578543569,0.3352272727272727,241.63679592638513,1.1147003205602046,3669
blend,10,0,0.3,rank,5,-0.22964047870066612,-0.3436710696158381,,-0.6356756209494374,0.4318181818181818,105.40378595436572,0.491504706393007,3669
blend,10,0,0.3,rank,10,-0.212596140625878,-0.3133425537493932,,-0.6039642882076957,0.4602272727272727,64.75782917084352,0.30340623304555014,3669
blend,10,0,0.3,rank,21,-0.16334374157015347,-0.2385913077906628,,-0.6768923326494886,0.4659090909090909,35.20003010959753,0.16555442968524553,3669
blend,10,0,0.3,volinv,1,-1.1696607639973926,-1.6476829421784822,,-0.9510528033759086,0.2840909090909091,283.8499427250225,1.2850830786353415,3669
blend,10,0,0.3,volinv,5,-0.38566375133076375,-0.551773617055167,,-0.7193986760147547,0.3977272727272727,112.5354174600344,0.5131131979686188,3669
blend,10,0,0.3,volinv,10,-0.5463736751648174,-0.7455363476659276,,-0.8198300290334293,0.3522727272727273,67.22053769062695,0.3072223312518214,3669
blend,10,0,0.3,volinv,21,-0.13321102800938805,-0.18892026711047433,,-0.6578584230873001,0.4772727272727273,36.054636716595525,0.16500951529620284,3669
blend,10,2,0.1,equal,1,-0.6754592818913194,-0.9704879814009124,,-0.8405326303566025,0.3465909090909091,349.7969473971109,1.7106169517129812,3669
blend,10,2,0.1,equal,5,-0.25609135910950925,-0.3620332096714034,,-0.6608084768654272,0.38636363636363635,142.30280730444264,0.705509422240493,3669
blend,10,2,0.1,equal,10,-0.16495857180229126,-0.22687671237880705,,-0.6016196412211818,0.44886363636363635,83.3774870536931,0.41160673840155837,3669
blend,10,2,0.1,equal,21,0.2209971125904808,0.3280973851947871,,-0.4525360743660388,0.5170454545454546,42.1223766693922,0.2162114694769929,3669
blend,10,2,0.1,rank,1,-0.6701087431153023,-0.9621393395227985,,-0.8390212487449151,0.3409090909090909,352.04582656735727,1.717767833178979,3669
blend,10,2,0.1,rank,5,-0.2544924916249876,-0.3592350085987658,,-0.6581491851147809,0.39204545454545453,143.29682293865383,0.7105076644220107,3669
blend,10,2,0.1,rank,10,-0.17193159915527967,-0.23582389530241266,,-0.6019657958364641,0.44886363636363635,83.77519128280551,0.4137369159529302,3669
blend,10,2,0.1,rank,21,0.2376533121290711,0.35388750850709183,,-0.4354292839908669,0.5227272727272727,42.29383703441125,0.21720609145363562,3669
blend,10,2,0.1,volinv,1,-0.9605555004078606,-1.3853650189415423,,-0.9183508160150522,0.3181818181818182,404.8371948641628,1.9270267841039337,3669
blend,10,2,0.1,volinv,5,-0.4068531360657282,-0.5717282406074158,,-0.7585037709131488,0.3806818181818182,151.2288589946531,0.727205960404605,3669
blend,10,2,0.1,volinv,10,-0.25501968584342916,-0.34756148756357247,,-0.6908768888880565,0.4431818181818182,86.07304569081445,0.4179777282708001,3669
blend,10,2,0.1,volinv,21,0.10529429967798168,0.1525097701631041,,-0.4450603705649474,0.5056818181818182,43.214436394356575,0.21191894219496013,3669
blend,10,2,0.2,equal,1,-0.6242594406114764,-0.9133646584040093,,-0.8277352040066516,0.3806818181818182,269.743857117663,1.2733508372098958,3669
blend,10,2,0.2,equal,5,-0.11270026981557874,-0.16422752727459095,,-0.6109189371999543,0.42613636363636365,115.0662257707662,0.5439579741285194,3669
blend,10,2,0.2,equal,10,-0.09985570086291427,-0.1429172793115888,,-0.6019489433215446,0.4034090909090909,70.36680775335482,0.33645704643073276,3669
blend,10,2,0.2,equal,21,0.15530141839067743,0.22953408280546575,,-0.4534569245412152,0.5454545454545454,37.54940118320427,0.18038287404833384,3669
blend,10,2,0.2,rank,1,-0.6367726562692053,-0.929733059770313,,-0.8321548356664547,0.4034090909090909,279.0289276842456,1.3097365909552448,3669
blend,10,2,0.2,rank,5,-0.14820331254894736,-0.21435672871627698,,-0.6167902429411054,0.42045454545454547,118.94676462625972,0.5619527325571119,3669
blend,10,2,0.2,rank,10,-0.12458477977755343,-0.1766656671954885,,-0.6011338593527504,0.4147727272727273,72.27836113856733,0.34522761956836134,3669
blend,10,2,0.2,rank,21,0.17538556423446336,0.25947504999405124,,-0.44980203358953863,0.5284090909090909,38.257288669288236,0.18469003101616013,3669
blend,10,2,0.2,volinv,1,-0.9945202748359924,-1.4008318925380863,,-0.9311136073959398,0.32386363636363635,328.5070718277355,1.5075302986488814,3669
blend,10,2,0.2,volinv,5,-0.19714711909844362,-0.2753800102001055,,-0.6785882836278038,0.4147727272727273,127.76504034357696,0.5895298174328366,3669
blend,10,2,0.2,volinv,10,-0.2456022064793077,-0.3332181458960336,,-0.7198470553784548,0.4375,75.61787328568454,0.35163681492336796,3669
blend,10,2,0.2,volinv,21,0.041898390869476825,0.06034319267884296,,-0.38000022684607204,0.5340909090909091,39.4028998761993,0.18492737203853954,3669
blend,10,2,0.3,equal,1,-0.7007235942466187,-1.0295563876255778,,-0.8521400573485578,0.39204545454545453,220.81948581050287,1.0286555045437231,3669
blend,10,2,0.3,equal,5,-0.07939393675090989,-0.11560493566079008,,-0.5777712230444668,0.4318181818181818,96.61141015903999,0.4536858202342424,3669
blend,10,2,0.3,equal,10,-0.10136973861063811,-0.14581198893554964,,-0.6219100534676141,0.4431818181818182,59.587910891057106,0.28182710490731416,3669
blend,10,2,0.3,equal,21,0.1305608957435237,0.18780177217247915,,-0.5304907366278404,0.5056818181818182,32.82296445919611,0.1553171195679373,3669
blend,10,2,0.3,rank,1,-0.6879798414173001,-1.0085585322293604,,-0.8489763480815079,0.375,241.47173444148615,1.113617480536334,3669
blend,10,2,0.3,rank,5,-0.12272055109286349,-0.17734347069568537,,-0.6034934498916578,0.42045454545454547,104.96441786365892,0.49005751084594007,3669
blend,10,2,0.3,rank,10,-0.12423188267709606,-0.17633809166170594,,-0.6258398187316196,0.4375,64.19103424998411,0.30315788076489947,3669
blend,10,2,0.3,rank,21,0.1538477292894104,0.22329789334172573,,-0.5100685377158509,0.5,34.76034933862799,0.16521187931494272,3669
blend,10,2,0.3,volinv,1,-1.0010808237370703,-1.4017229326230372,,-0.9312232572522652,0.3068181818181818,283.14152666716404,1.2824747254256466,3669
blend,10,2,0.3,volinv,5,-0.3329980281254117,-0.4590396729024967,,-0.733902619275433,0.45454545454545453,111.49427059299542,0.5084493282445686,3669
blend,10,2,0.3,volinv,10,-0.2822056956836641,-0.3800753570225801,,-0.7381091205011636,0.4147727272727273,66.7516141268275,0.3060200186841746,3669
blend,10,2,0.3,volinv,21,-0.1073098434465001,-0.14711745954179672,,-0.5671695929273193,0.4715909090909091,35.470051496004466,0.16313942147435573,3669
blend,10,7,0.1,equal,1,-0.28662003218338494,-0.43914762232821486,,-0.699240064015126,0.44886363636363635,349.2082311256472,1.7150843520044807,3669
blend,10,7,0.1,equal,5,0.06401353053583754,0.09425012925384024,,-0.48371990836402756,0.4659090909090909,142.10411556282367,0.7016148769636597,3669
blend,10,7,0.1,equal,10,0.1246691687902727,0.18410431794272306,,-0.3559899666633738,0.4943181818181818,82.37121831561733,0.40022019302091016,3669
blend,10,7,0.1,equal,21,-0.08019202181457197,-0.11586738092487396,,-0.6227108388281193,0.44886363636363635,42.3118015808122,0.20914819744885882,3669
blend,10,7,0.1,rank,1,-0.29540655486456796,-0.45213910646398053,,-0.7036185290603776,0.4318181818181818,351.45224578585714,1.720769584718758,3669
blend,10,7,0.1,rank,5,0.048076387984902574,0.07068009806009407,,-0.4939563518870702,0.4602272727272727,143.09475624577374,0.7068473895260878,3669
blend,10,7,0.1,rank,10,0.10598191496989495,0.1564408876081897,,-0.3565069379290631,0.4943181818181818,82.79797409131973,0.4030559302616644,3669
blend,10,7,0.1,rank,21,-0.05542471358506411,-0.08022131684038303,,-0.622546209191442,0.45454545454545453,42.449721943654474,0.20930456385256355,3669
blend,10,7,0.1,volinv,1,-0.5045220595766265,-0.7403833920602327,,-0.8400036505155695,0.42613636363636365,405.58023345364177,1.9170399718662738,3669
blend,10,7,0.1,volinv,5,-0.09470768535816985,-0.1358831802774858,,-0.5989001591599872,0.4659090909090909,150.81604077301222,0.7173438466692048,3669
blend,10,7,0.1,volinv,10,-0.018727270588512764,-0.026826966663930373,,-0.4375620964104481,0.48295454545454547,85.4160726968988,0.40577935627290085,3669
blend,10,7,0.1,volinv,21,-0.2301480126887232,-0.32895142787332204,,-0.6447852272890258,0.4375,43.04311532749217,0.20527340639203895,3669
blend,10,7,0.2,equal,1,-0.36624702673925946,-0.5573433730251359,,-0.7339948424282317,0.42613636363636365,269.3558959806326,1.275148979006965,3669
blend,10,7,0.2,equal,5,-0.007308835463865279,-0.01083347478801053,,-0.48583098812101455,0.48863636363636365,114.88822086479728,0.5476314869785233,3669
blend,10,7,0.2,equal,10,0.005497891093664666,0.008070737495775688,,-0.4409256618442534,0.48863636363636365,70.06710114953586,0.33387509865410914,3669
blend,10,7,0.2,equal,21,0.1029593020493651,0.15483772428469691,,-0.5453380372781532,0.48295454545454547,37.501664181617045,0.18076988075531242,3669
blend,10,7,0.2,rank,1,-0.34562715858293136,-0.5281331641243203,,-0.7259539934862461,0.4090909090909091,278.61417559186486,1.3104636666078688,3669
blend,10,7,0.2,rank,5,-0.00820530564369688,-0.01212537993212011,,-0.49275110330626304,0.4715909090909091,118.76335436241001,0.5654751695003726,3669
blend,10,7,0.2,rank,10,0.0016337360831666192,0.002387690373594576,,-0.442351985208579,0.48863636363636365,71.91622942639212,0.34253449291295673,3669
blend,10,7,0.2,rank,21,0.09855610975065764,0.14748427087040325,,-0.5554218769320468,0.48863636363636365,38.23229630465247,0.18392009879679067,3669
blend,10,7,0.2,volinv,1,-0.6680043527345382,-0.9578694639760144,,-0.8788625690166099,0.36363636363636365,329.5709585224846,1.5131390042785071,3669
blend,10,7,0.2,volinv,5,-0.2546161030380275,-0.36515291925448035,,-0.7028798170965713,0.4659090909090909,127.45041753382803,0.5860754971139386,3669
blend,10,7,0.2,volinv,10,-0.19185894519659316,-0.2687115038212772,,-0.61681745646796,0.4715909090909091,75.63796438984605,0.3476657459987825,3669
blend,10,7,0.2,volinv,21,0.012623805749148608,0.018254255292632544,,-0.5562872364883935,0.4772727272727273,39.28231634279912,0.18213341233314123,3669
blend,10,7,0.3,equal,1,-0.24214177422329156,-0.3688980433091085,,-0.6805936501442644,0.4147727272727273,220.5330554361561,1.0290782825709726,3669
blend,10,7,0.3,equal,5,-0.06712470317964714,-0.100302734230613,,-0.5190166018886584,0.4659090909090909,96.46458659616894,0.45350794930382854,3669
blend,10,7,0.3,equal,10,0.13895175738849477,0.20659633645097963,,-0.3356329538798698,0.5,59.97569703217966,0.28507762452580543,3669
blend,10,7,0.3,equal,21,0.14215235151269817,0.21069716583604928,,-0.5121925114199248,0.4715909090909091,32.968906628229036,0.15439380275945988,3669
blend,10,7,0.3,rank,1,-0.27248777772460286,-0.41527982823894116,,-0.6957098456005611,0.44886363636363635,241.13716272984453,1.114553131390513,3669
blend,10,7,0.3,rank,5,-0.04997701187184957,-0.07416845876120112,,-0.5082312925687034,0.4715909090909091,104.80487004903691,0.4911269697224339,3669
blend,10,7,0.3,rank,10,0.10621037692661639,0.15662522989565147,,-0.37012101634404704,0.48863636363636365,64.33857881564684,0.30432262290771206,3669
blend,10,7,0.3,rank,21,0.12807231140221154,0.18968111971049556,,-0.5319924900979331,0.4772727272727273,34.84934479333448,0.16359383897218932,3669
blend,10,7,0.3,volinv,1,-0.6700957005177026,-0.9403095130832446,,-0.8741546399274346,0.39204545454545453,284.3956448115369,1.2887167327962556,3669
blend,10,7,0.3,volinv,5,-0.38139951094063584,-0.5295577045009214,,-0.7804527687359402,0.4375,111.51070309475017,0.508955728362367,3669
blend,10,7,0.3,volinv,10,-0.05698090971330872,-0.07877675619284005,,-0.5486294202385188,0.4772727272727273,67.62519399015038,0.30939575188111246,3669
blend,10,7,0.3,volinv,21,0.022756376551374385,0.0316179294247721,,-0.5600405606725103,0.48863636363636365,35.73056631537322,0.16360938742379522,3669
blend,20,0,0.1,equal,1,-0.21623367172120755,-0.31990871071914617,,-0.6187795237021602,0.3977272727272727,256.9701281002998,1.2450885843961461,3669
blend,20,0,0.1,equal,5,0.20841321451186184,0.3165145375837732,,-0.404597045280479,0.4943181818181818,103.822022349414,0.5053880566861688,3669
blend,20,0,0.1,equal,10,0.08375142648654503,0.1248829812374428,,-0.38750130670755245,0.5056818181818182,69.99454892341237,0.3374365664211255,3669
blend,20,0,0.1,equal,21,0.014259706802206068,0.021068996422314072,,-0.5047996749925983,0.48295454545454547,39.446715726355954,0.19703784632101226,3669
blend,20,0,0.1,rank,1,-0.19800735806058928,-0.29303207180592433,,-0.6081265524943391,0.3977272727272727,258.2646956550736,1.2461600684580527,3669
blend,20,0,0.1,rank,5,0.2172890690983332,0.33103049944914054,,-0.3987139037211034,0.48295454545454547,104.72181642334878,0.5090695790075982,3669
blend,20,0,0.1,rank,10,0.09453309382191562,0.14128759626476842,,-0.3709352610546822,0.5227272727272727,70.50604432534915,0.3399528571574769,3669
blend,20,0,0.1,rank,21,0.03074013708809526,0.0455299449576104,,-0.509054322610817,0.4943181818181818,39.6277066329281,0.1988533610365141,3669
blend,20,0,0.1,volinv,1,-0.4728063508046154,-0.6919612334868658,,-0.7738249081933912,0.38636363636363635,310.8390806354506,1.4795578060539905,3669
blend,20,0,0.1,volinv,5,0.1051178958976624,0.15636104101429366,,-0.38114826487027853,0.4318181818181818,117.12280630215216,0.5703369047011143,3669
blend,20,0,0.1,volinv,10,-0.13343043538142182,-0.19144204841668913,,-0.5856896453247408,0.4034090909090909,74.74208071840323,0.3567473438132301,3669
blend,20,0,0.1,volinv,21,-0.044039905287851296,-0.06325412507519308,,-0.47897541519863884,0.4943181818181818,41.049545465871724,0.19663728707012718,3669
blend,20,0,0.2,equal,1,-0.2535550794582748,-0.3732849631597394,,-0.612086132630205,0.4090909090909091,192.80856620653168,0.9141077829000603,3669
blend,20,0,0.2,equal,5,-0.0037800877097655203,-0.00560677746772267,,-0.4701327488173437,0.42045454545454547,81.86344251519085,0.385992582183387,3669
blend,20,0,0.2,equal,10,-0.0280439045087953,-0.041079541042872786,,-0.41851350467729753,0.4034090909090909,57.129305949689765,0.2706423545592193,3669
blend,20,0,0.2,equal,21,0.10232941505080019,0.15236167142953497,,-0.42777178168263696,0.48863636363636365,33.658908502076216,0.1567503415611568,3669
blend,20,0,0.2,rank,1,-0.22471659219998108,-0.33073161718178246,,-0.5912566264847874,0.3977272727272727,199.23633755498977,0.9346152257210751,3669
blend,20,0,0.2,rank,5,0.039477276481060135,0.05873742041608345,,-0.4560810699064157,0.4090909090909091,84.88407253584941,0.3984899907809818,3669
blend,20,0,0.2,rank,10,-0.0037779803003031966,-0.00554225217866931,,-0.40346058524120354,0.4147727272727273,59.01174674547584,0.27820898957244433,3669
blend,20,0,0.2,rank,21,0.10680729838197803,0.15912798969602318,,-0.44676808647723854,0.5056818181818182,34.52260439607111,0.16126046867898858,3669
blend,20,0,0.2,volinv,1,-0.5720846361133,-0.8239117846515353,,-0.8060596207957496,0.36363636363636365,248.1907580466723,1.1406052309500079,3669
blend,20,0,0.2,volinv,5,-0.17769809043053178,-0.2511326107556366,,-0.5852746409230637,0.4090909090909091,96.9880712771536,0.4482453105867993,3669
blend,20,0,0.2,volinv,10,-0.23594909510022505,-0.3253799497938554,,-0.6404556658993855,0.39204545454545453,64.20255692891284,0.2971688202966808,3669
blend,20,0,0.2,volinv,21,-0.008236300135697757,-0.011641259177638233,,-0.49747961759319936,0.5056818181818182,36.29445964134041,0.16938240480360683,3669
blend,20,0,0.3,equal,1,-0.31392855911069534,-0.4518397588106478,,-0.6858862294855532,0.39204545454545453,156.09307780065214,0.7356659331075959,3669
blend,20,0,0.3,equal,5,-0.01484064211201658,-0.02243670648660278,,-0.43728976610911396,0.4375,67.24113503049263,0.3151667877974445,3669
blend,20,0,0.3,equal,10,-0.028858385139443804,-0.043237004136254746,,-0.42263917826088326,0.4431818181818182,47.37356051179792,0.22267349010860285,3669
blend,20,0,0.3,equal,21,0.1602400154283948,0.23422519442591594,,-0.4305297250824519,0.48863636363636365,28.45507069701602,0.13284962103599413,3669
blend,20,0,0.3,rank,1,-0.26726007888346104,-0.3896825670047209,,-0.6481235947789419,0.4147727272727273,170.87742241596516,0.790721989413965,3669
blend,20,0,0.3,rank,5,0.0297249125738783,0.04484783240516098,,-0.4400842064072925,0.45454545454545453,73.72588102905053,0.3426958983338657,3669
blend,20,0,0.3,rank,10,-0.009201055784694472,-0.013732392316379313,,-0.40515149740877376,0.4318181818181818,51.643161488831154,0.24129156603734953,3669
blend,20,0,0.3,rank,21,0.14504193631138687,0.21363841035272935,,-0.4254519311945445,0.4943181818181818,30.64355972109585,0.14252617897940567,3669
blend,20,0,0.3,volinv,1,-0.6064491159406474,-0.8643537715646175,,-0.832086903765639,0.35795454545454547,208.6923710620698,0.9470667187571284,3669
blend,20,0,0.3,volinv,5,-0.19347051417182132,-0.27592202484049533,,-0.5998552342709009,0.4034090909090909,83.08988437228001,0.37900780663772465,3669
blend,20,0,0.3,volinv,10,-0.3764303986248292,-0.517656524579827,,-0.7472815871347004,0.4147727272727273,56.2015175065921,0.2569208157319182,3669
blend,20,0,0.3,volinv,21,0.0059061888695834145,0.008269780599434123,,-0.5478155957928046,0.4943181818181818,32.19827146851869,0.14760488230210744,3669
blend,20,2,0.1,equal,1,-0.12193194132194982,-0.17789727226216706,,-0.5609416465810453,0.4318181818181818,256.76653038975195,1.2438178330527738,3669
blend,20,2,0.1,equal,5,-0.017594897481477776,-0.025060506552600947,,-0.49750528563572083,0.4659090909090909,104.2629054238212,0.5125322624236616,3669
blend,20,2,0.1,equal,10,0.03364771392278722,0.049256700310238204,,-0.5238209782060214,0.4943181818181818,69.7331698010357,0.33556140223799424,3669
blend,20,2,0.1,equal,21,0.3976755896601963,0.5873753985478071,,-0.3236194083242421,0.5511363636363636,38.96320523303352,0.19556439486100574,3669
blend,20,2,0.1,rank,1,-0.11283558469791634,-0.1648316333250848,,-0.5600278713148127,0.4431818181818182,258.0592401913016,1.2450236010415225,3669
blend,20,2,0.1,rank,5,-0.0019297084005021536,-0.002750673257080753,,-0.49138525769406294,0.4715909090909091,105.06376920333055,0.5146891793444689,3669
blend,20,2,0.1,rank,10,0.04052750826635763,0.059264525641003166,,-0.5125461502618215,0.4943181818181818,70.26824145057643,0.33800661732057613,3669
blend,20,2,0.1,rank,21,0.3999659945129912,0.5919724302749783,,-0.3291231729497822,0.5625,39.15753724539511,0.1955444905523585,3669
blend,20,2,0.1,volinv,1,-0.2995183224526656,-0.4322176822235463,,-0.6503197110100525,0.4147727272727273,310.4220613187075,1.4710658241385364,3669
blend,20,2,0.1,volinv,5,-0.2734730720158227,-0.3841809502620579,,-0.6182486581187953,0.4375,116.65832652309481,0.5580005956988925,3669
blend,20,2,0.1,volinv,10,-0.14249582311550246,-0.20069871141166273,,-0.5835368144519002,0.48863636363636365,74.74989451226784,0.3580566315398632,3669
blend,20,2,0.1,volinv,21,0.30689077875433457,0.4411320846002893,,-0.3316351974404109,0.5454545454545454,40.4385533834546,0.19212949373811183,3669
blend,20,2,0.2,equal,1,-0.18134620499175025,-0.2712170713123933,,-0.5500474930327606,0.4318181818181818,192.6544995430715,0.909870892827832,3669
blend,20,2,0.2,equal,5,0.09578493361321616,0.138913225915866,,-0.41479502202429763,0.48295454545454547,81.56549468520033,0.38388298571108276,3669
blend,20,2,0.2,equal,10,0.08718920096024316,0.12559035803982907,,-0.3540123507770989,0.5,56.43586648068875,0.26791123452158955,3669
blend,20,2,0.2,equal,21,0.17102901367773599,0.25001644571929627,,-0.3972296043954574,0.5113636363636364,33.09130392958491,0.15674371584609217,3669
blend,20,2,0.2,rank,1,-0.16127253684966095,-0.24085013014525514,,-0.5536829787947167,0.4147727272727273,199.0754085860345,0.9317000290101829,3669
blend,20,2,0.2,rank,5,0.08646148677769307,0.12482809390476907,,-0.42768688224608564,0.48863636363636365,84.6697930548871,0.3961615796842727,3669
blend,20,2,0.2,rank,10,0.08536590746034262,0.122796216020984,,-0.3639771741768406,0.4772727272727273,58.3668136259074,0.2757748307301482,3669
blend,20,2,0.2,rank,21,0.21325817117467677,0.3116957052040674,,-0.3791949489484324,0.5170454545454546,33.96363229886674,0.16089040444985114,3669
blend,20,2,0.2,volinv,1,-0.5038458669648083,-0.7213744285023802,,-0.7769671035510767,0.3409090909090909,247.92759234847713,1.1375747842858968,3669
blend,20,2,0.2,volinv,5,-0.12927534136079843,-0.17958439707805754,,-0.5555112970892774,0.4318181818181818,97.46506975031602,0.4496561923387335,3669
blend,20,2,0.2,volinv,10,-0.08610836752393844,-0.1168882269264655,,-0.5124502754454956,0.4659090909090909,63.185784941475816,0.29266518857817586,3669
blend,20,2,0.2,volinv,21,0.07677161834762918,0.10817333145061854,,-0.3996779553248856,0.4943181818181818,36.07546018478542,0.1670340406764098,3669
blend,20,2,0.3,equal,1,-0.27030910892851756,-0.40225583142926885,,-0.6455236517334488,0.3806818181818182,155.98905703916049,0.7349467257391014,3669
blend,20,2,0.3,equal,5,0.006139677975180925,0.009049073887281218,,-0.48858481983221425,0.44886363636363635,66.78294235324914,0.3142272366055134,3669
blend,20,2,0.3,equal,10,0.05030007994294616,0.07355313332052073,,-0.4285094724338916,0.4659090909090909,47.227446407622026,0.22252745195972762,3669
blend,20,2,0.3,equal,21,0.1327015183805667,0.19181171374035955,,-0.4479665344249102,0.48863636363636365,28.478093717580368,0.13332924528229606,3669
blend,20,2,0.3,rank,1,-0.2264745375769875,-0.33698486409080963,,-0.6165433188516953,0.3977272727272727,170.7522211343829,0.7902474017399084,3669
blend,20,2,0.3,rank,5,0.008930975415143287,0.013016871054890175,,-0.45693475891326074,0.4659090909090909,73.40590276799153,0.3410673040984711,3669
blend,20,2,0.3,rank,10,0.051229843300633016,0.07436478130180706,,-0.42620067858366106,0.4772727272727273,51.374024022517446,0.240539910009903,3669
blend,20,2,0.3,rank,21,0.18838837248899343,0.2732567242007361,,-0.42146710595688563,0.5,30.4960531399519,0.14240148076865308,3669
blend,20,2,0.3,volinv,1,-0.5308494240840363,-0.7505075187993514,,-0.7965867198244406,0.36363636363636365,208.5365374272792,0.9466659826824195,3669
blend,20,2,0.3,volinv,5,-0.2719135116650863,-0.37260317977367385,,-0.6790272203229935,0.4034090909090909,82.56169461719406,0.37633365520557815,3669
blend,20,2,0.3,volinv,10,-0.19323847619188003,-0.26085762275922436,,-0.6551237192425812,0.4375,55.23688657330771,0.2529343624876644,3669
blend,20,2,0.3,volinv,21,0.09775469232460883,0.13726929523153217,,-0.4337906999721247,0.48295454545454547,32.075385896835584,0.1492908402868797,3669
blend,20,7,0.1,equal,1,0.045579347089638435,0.06885790789024052,,-0.36190561319201286,0.4659090909090909,256.3732352139548,1.2423443881243303,3669
blend,20,7,0.1,equal,5,0.20800725374949644,0.31709185962795544,,-0.405864644481468,0.5056818181818182,104.13535023167074,0.5013424813583909,3669
blend,20,7,0.1,equal,10,0.23788775171837184,0.35076926711081935,,-0.31859745086048785,0.5227272727272727,69.63853911147451,0.3384935578608502,3669
blend,20,7,0.1,equal,21,0.142549749943018,0.20772523642531543,,-0.48389890289618454,0.4431818181818182,39.00190787680566,0.18624166441604884,3669
blend,20,7,0.1,rank,1,0.05229324763997345,0.0791904578933868,,-0.36053633321749456,0.4602272727272727,257.6589043523376,1.243194154609278,3669
blend,20,7,0.1,rank,5,0.20307311405856626,0.30960308677693177,,-0.4041708236502798,0.5,104.931871685764,0.5044854191713929,3669
blend,20,7,0.1,rank,10,0.2168893199345716,0.3196842522563114,,-0.32117179689054853,0.5170454545454546,70.1353335197261,0.340532605141576,3669
blend,20,7,0.1,rank,21,0.1458367721524011,0.21233759240912403,,-0.4874621079067548,0.44886363636363635,39.2178047644036,0.1871077478392643,3669
blend,20,7,0.1,volinv,1,-0.18572551337473772,-0.2709490299552892,,-0.5736606228532259,0.4431818181818182,311.13301519493046,1.4644649655885913,3669
blend,20,7,0.1,volinv,5,0.028168511567111903,0.041288499926013175,,-0.4606028204019208,0.5113636363636364,116.63664024495282,0.5523084411710157,3669
blend,20,7,0.1,volinv,10,0.18365755910778508,0.26217749712526944,,-0.3318066280562735,0.5227272727272727,74.95349008782527,0.35355767563462603,3669
blend,20,7,0.1,volinv,21,0.07215158430685756,0.10232005511321883,,-0.5506659266166143,0.45454545454545453,40.88671085955356,0.19468131648344247,3669
blend,20,7,0.2,equal,1,-0.10783629845135263,-0.16700400279789038,,-0.5688011776712658,0.44886363636363635,192.34771295271992,0.910849903340871,3669
blend,20,7,0.2,equal,5,0.16622660215647272,0.250031114746788,,-0.34417754102012665,0.4943181818181818,81.41095666394112,0.3847621140452779,3669
blend,20,7,0.2,equal,10,0.2770470398880384,0.40391347532981897,,-0.32098575212018043,0.5056818181818182,56.78759078447405,0.2681425046508058,3669
blend,20,7,0.2,equal,21,0.1141917539024834,0.16561058959965116,,-0.5847896234464997,0.4715909090909091,33.234038766774084,0.15857013374262824,3669
blend,20,7,0.2,rank,1,-0.06609443148090455,-0.10215581281989615,,-0.5171865791890637,0.4602272727272727,198.75163572325795,0.9309598013918965,3669
blend,20,7,0.2,rank,5,0.1780888417592305,0.2680027356451817,,-0.34901255305922096,0.48295454545454547,84.51822086898375,0.39726005255629593,3669
blend,20,7,0.2,rank,10,0.28107847203801206,0.4095576518752588,,-0.3138989441546125,0.5,58.630129654766165,0.2758520727226967,3669
blend,20,7,0.2,rank,21,0.12337243446983476,0.17875578550004395,,-0.5751957442489519,0.45454545454545453,34.05477796766915,0.16164434010894918,3669
blend,20,7,0.2,volinv,1,-0.3966638975984916,-0.5854049625527201,,-0.7680256750770141,0.42613636363636365,248.71829565216365,1.1440318707288726,3669
blend,20,7,0.2,volinv,5,-0.060594659618902216,-0.08834657318994685,,-0.5246881425579975,0.4602272727272727,97.34469651080317,0.44739673686325393,3669
blend,20,7,0.2,volinv,10,0.07907982276841678,0.10994171318348187,,-0.41560443912378087,0.5170454545454546,64.58870932555519,0.29641928990379973,3669
blend,20,7,0.2,volinv,21,0.03132003309728295,0.04296604385049896,,-0.5766562572633098,0.4602272727272727,36.054171859193126,0.1667656957659482,3669
blend,20,7,0.3,equal,1,-0.18609486305785505,-0.2870997817399746,,-0.632493075208468,0.4090909090909091,155.76683086688277,0.7296710744254519,3669
blend,20,7,0.3,equal,5,0.06690989461588163,0.1003411940139878,,-0.39794901817245876,0.4715909090909091,66.68912458510951,0.3102217720680068,3669
blend,20,7,0.3,equal,10,0.23270645045449398,0.34676219627616955,,-0.3565846968929983,0.5056818181818182,47.50898115500341,0.2232898726453339,3669
blend,20,7,0.3,equal,21,0.05582674005852501,0.08023485164166258,,-0.5977304508571954,0.48863636363636365,28.276114265769067,0.13277969829620478,3669
blend,20,7,0.3,rank,1,-0.12605071369701323,-0.19428470975481288,,-0.5754171009826574,0.4090909090909091,170.50206642441992,0.7858483336746339,3669
blend,20,7,0.3,rank,5,0.11154263928799252,0.16775071253923932,,-0.3730441676002254,0.4943181818181818,73.29539321442323,0.33847286577541313,3669
blend,20,7,0.3,rank,10,0.24798293738274071,0.3658458445882743,,-0.34141667228973427,0.5113636363636364,51.62456263345291,0.24092239254187967,3669
blend,20,7,0.3,rank,21,0.08963573424858477,0.12914857362472984,,-0.5838797234844991,0.4715909090909091,30.381083623185997,0.1421598925541788,3669
blend,20,7,0.3,volinv,1,-0.5338894037757287,-0.7591409628398231,,-0.8313889422712664,0.42045454545454547,209.3089098583582,0.9508996882991285,3669
blend,20,7,0.3,volinv,5,-0.17751097541875904,-0.249764254956483,,-0.6565867602741479,0.42045454545454547,82.60650588150428,0.37604341850749107,3669
blend,20,7,0.3,volinv,10,0.06709408590791562,0.09178273051679221,,-0.5032283379610996,0.4772727272727273,55.49055804134291,0.25262137332576917,3669
blend,20,7,0.3,volinv,21,0.058688756944892714,0.0797337028059223,,-0.523363759110953,0.4715909090909091,32.010825049020916,0.14585777434880715,3669
blend,30,0,0.1,equal,1,0.16596145249002311,0.24839663190779432,,-0.38811610801020346,0.4772727272727273,212.6116107931316,1.039626257652439,3669
blend,30,0,0.1,equal,5,0.1764697402933679,0.2570633076121509,,-0.3725570335509881,0.44886363636363635,85.05205778141182,0.4158651704376367,3669
blend,30,0,0.1,equal,10,0.12122422309397395,0.17841737063777874,,-0.42674012610726053,0.4772727272727273,57.61651676206049,0.27703774291681305,3669
blend,30,0,0.1,equal,21,0.1876314715521611,0.2762823300702126,,-0.5306259844106539,0.48863636363636365,36.121559007904054,0.1813890189631952,3669
blend,30,0,0.1,rank,1,0.1812234912752762,0.27113394878707714,,-0.3858521218228016,0.4715909090909091,213.50272875521048,1.0398136831822251,3669
blend,30,0,0.1,rank,5,0.1980580981713795,0.289714144878102,,-0.3635482722529889,0.45454545454545453,85.80082041964808,0.4189889640502821,3669
blend,30,0,0.1,rank,10,0.13446564980325293,0.19822476176799525,,-0.4257978876329941,0.48295454545454547,58.148881867507484,0.2795425820267038,3669
blend,30,0,0.1,rank,21,0.17944032199098914,0.26454304293732867,,-0.5294849501052463,0.5,36.350982403968686,0.182738245222398,3669
blend,30,0,0.1,volinv,1,-0.143971447102371,-0.2125464401884897,,-0.5630283701552121,0.4375,264.18782736307764,1.2658857361544005,3669
blend,30,0,0.1,volinv,5,0.02032035559693947,0.028826545408558443,,-0.41775044690778174,0.44886363636363635,99.24990454950846,0.4696970407736074,3669
blend,30,0,0.1,volinv,10,-0.07005238385632209,-0.10001285914975631,,-0.541491459840876,0.4318181818181818,63.89488152155997,0.30301511479650617,3669
blend,30,0,0.1,volinv,21,0.15680813939191435,0.22429109722809829,,-0.49590268936267645,0.4715909090909091,38.54252832062916,0.183479649190622,3669
blend,30,0,0.2,equal,1,-0.01860833864279994,-0.027615987452443487,,-0.4992234503285029,0.42613636363636365,158.66005002164394,0.7519991491311582,3669
blend,30,0,0.2,equal,5,0.07019053687019536,0.10369989733977365,,-0.3525805582703919,0.44886363636363635,66.39956712038862,0.3134846061768021,3669
blend,30,0,0.2,equal,10,0.12370250211690054,0.18030451414749843,,-0.31848428853089517,0.48863636363636365,46.15171949401183,0.21896276246909743,3669
blend,30,0,0.2,equal,21,0.09740702856331689,0.1403825178745172,,-0.4203855070554484,0.5227272727272727,29.521441970083202,0.13826406566783284,3669
blend,30,0,0.2,rank,1,0.024450896616499827,0.036342593003449046,,-0.47005982243307676,0.4318181818181818,163.59912502022783,0.7673081547195763,3669
blend,30,0,0.2,rank,5,0.10898669846924629,0.1608641491974953,,-0.32764893578387766,0.4659090909090909,68.94607959492885,0.32387031992802534,3669
blend,30,0,0.2,rank,10,0.13602276526448948,0.19881087692035018,,-0.3175063119310474,0.48295454545454547,47.8186400398418,0.22604106369382448,3669
blend,30,0,0.2,rank,21,0.10867869167529522,0.15707997612301025,,-0.43776859490384135,0.5113636363636364,30.44995794284114,0.1425172671517424,3669
blend,30,0,0.2,volinv,1,-0.34789422222713007,-0.5020910609406443,,-0.7080865555297825,0.4147727272727273,209.62120725561027,0.964436580149972,3669
blend,30,0,0.2,volinv,5,-0.13637434657072026,-0.19227872408887892,,-0.5295764475565619,0.45454545454545453,81.87471542571373,0.378960050165117,3669
blend,30,0,0.2,volinv,10,-0.08903530576172457,-0.12078708652982269,,-0.507654545242485,0.4431818181818182,53.893161128987764,0.24971121339242325,3669
blend,30,0,0.2,volinv,21,0.051466694099068074,0.07217993323157491,,-0.4330989252441453,0.48863636363636365,32.95514063235753,0.15752738793948262,3669
blend,30,0,0.3,equal,1,-0.18986293927423412,-0.27880471552448144,,-0.5839504976495511,0.4034090909090909,127.61841645147841,0.597577539262262,3669
blend,30,0,0.3,equal,5,-0.01241951218324791,-0.018625953247423967,,-0.39366900709740593,0.42613636363636365,54.7243009640649,0.2565872129936108,3669
blend,30,0,0.3,equal,10,0.05162421775463126,0.07546296042581353,,-0.42277605517330463,0.44886363636363635,38.20296891916786,0.1799629492672601,3669
blend,30,0,0.3,equal,21,0.09203515277894743,0.13249783738859922,,-0.4376037047130603,0.4772727272727273,24.818682239940017,0.11641979596684104,3669
blend,30,0,0.3,rank,1,-0.08451543224308868,-0.1250997624995859,,-0.5189959522778804,0.4318181818181818,139.49300778425868,0.6424823513308517,3669
blend,30,0,0.3,rank,5,0.05631540362849362,0.08397688894239454,,-0.3462154264180157,0.4318181818181818,59.95687037928896,0.2781847199370886,3669
blend,30,0,0.3,rank,10,0.09091063773612078,0.13297730892180565,,-0.39526810982445626,0.45454545454545453,41.77729306637433,0.1952527849203396,3669
blend,30,0,0.3,rank,21,0.10734903762267352,0.15395725267821714,,-0.43815005036080046,0.5,26.9070094547697,0.12545971369606337,3669
blend,30,0,0.3,volinv,1,-0.5928273920916367,-0.8385937232363891,,-0.8321161497833397,0.39204545454545453,174.778807249532,0.7930910597920965,3669
blend,30,0,0.3,volinv,5,-0.25100887847649667,-0.35156643323072634,,-0.6506185845760106,0.42613636363636365,70.17256770057226,0.32068076316493743,3669
blend,30,0,0.3,volinv,10,-0.1969281142778345,-0.2704953954585831,,-0.6343526956680601,0.4431818181818182,47.286074441600036,0.21588990690960508,3669
blend,30,0,0.3,volinv,21,-0.021693131755533376,-0.029856472170536837,,-0.474434398374575,0.48863636363636365,29.008354033859312,0.13453825144687784,3669
blend,30,2,0.1,equal,1,-0.008760720854645344,-0.01286700569930976,,-0.43081320234166376,0.45454545454545453,212.4521668029436,1.0472393201759838,3669
blend,30,2,0.1,equal,5,0.33711178748906995,0.5006725248141232,,-0.272357046051828,0.4943181818181818,84.25020441537201,0.4149457981837701,3669
blend,30,2,0.1,equal,10,0.31818888519455524,0.4732734030375477,,-0.2645739489521861,0.5056818181818182,57.256200599618424,0.2811593086349891,3669
blend,30,2,0.1,equal,21,0.13361852368386337,0.19804053416760156,,-0.41135399549979745,0.48863636363636365,35.708639956391394,0.16996037444688247,3669
blend,30,2,0.1,rank,1,0.01652268716876595,0.02429953856048932,,-0.4150917029295552,0.4715909090909091,213.34274195109808,1.0468774101884564,3669
blend,30,2,0.1,rank,5,0.3402610250173042,0.5054621450428833,,-0.27820807016738436,0.4943181818181818,84.91902196025657,0.4166464314915306,3669
blend,30,2,0.1,rank,10,0.2992894449425167,0.4437161700244497,,-0.26852895263030463,0.5170454545454546,57.766354918134034,0.28309045770020475,3669
blend,30,2,0.1,rank,21,0.1437254038162748,0.21341410949090317,,-0.41003244960767904,0.5,35.93981506275046,0.17108976008675159,3669
blend,30,2,0.1,volinv,1,-0.2673337999363149,-0.3825173158368699,,-0.5947364206703539,0.4034090909090909,263.4876101597626,1.257097022202104,3669
blend,30,2,0.1,volinv,5,0.1896519204865102,0.2682547868576852,,-0.36880025089150503,0.48295454545454547,99.2553623897061,0.4807454438144657,3669
blend,30,2,0.1,volinv,10,0.12417026567522521,0.17595744505574182,,-0.33060321115720015,0.4772727272727273,63.86863467259552,0.3088439519330223,3669
blend,30,2,0.1,volinv,21,0.1051894720647576,0.14952366284769864,,-0.36089754722210843,0.4602272727272727,37.69932541863571,0.17904796585107433,3669
blend,30,2,0.2,equal,1,0.007882435727596702,0.011432869448369893,,-0.40305991153676235,0.44886363636363635,158.56261363089797,0.7451232604128244,3669
blend,30,2,0.2,equal,5,0.1497840823000147,0.21731295359917527,,-0.37753793825421555,0.4715909090909091,65.84104340018918,0.3127704471357917,3669
blend,30,2,0.2,equal,10,0.2631000143738376,0.38059724338070217,,-0.35574116533058797,0.48295454545454547,45.425382777804494,0.21646222466959092,3669
blend,30,2,0.2,equal,21,0.09134404129934186,0.12929461062045275,,-0.42562978675838026,0.4943181818181818,29.335674089750366,0.13896267610573282,3669
blend,30,2,0.2,rank,1,0.04196851377571393,0.0608816539666249,,-0.3863784738875148,0.44886363636363635,163.4928459902712,0.7622554938348465,3669
blend,30,2,0.2,rank,5,0.18802989930140473,0.2727611489749494,,-0.34794790095551853,0.48295454545454547,68.29669687679902,0.32150173905853785,3669
blend,30,2,0.2,rank,10,0.25968042021421534,0.37632809539305645,,-0.35538497569807914,0.4772727272727273,47.199334625863365,0.2243035341767118,3669
blend,30,2,0.2,rank,21,0.10479702764010475,0.14918668331434118,,-0.42373174071839137,0.5170454545454546,30.28445416889611,0.1426141261296523,3669
blend,30,2,0.2,volinv,1,-0.3501958087473954,-0.49221159624076,,-0.6979729101718557,0.39204545454545453,209.38852132678335,0.9626480356807843,3669
blend,30,2,0.2,volinv,5,-0.03663502051424063,-0.05055235953083166,,-0.4603131085264024,0.4602272727272727,81.70947913126813,0.3772560058721275,3669
blend,30,2,0.2,volinv,10,0.10358645803943044,0.1403419429596245,,-0.41395077637533595,0.4772727272727273,53.46111810398954,0.24876249241892576,3669
blend,30,2,0.2,volinv,21,0.043922289253918806,0.05922654983894003,,-0.4499564041713111,0.5113636363636364,32.35049905401019,0.15500111908863412,3669
blend,30,2,0.3,equal,1,-0.12724398000403894,-0.18832638695393425,,-0.5238733472450081,0.4147727272727273,127.55371454241657,0.5974779600290061,3669
blend,30,2,0.3,equal,5,0.029652967290530307,0.04374201375558141,,-0.4879516935728083,0.4659090909090909,53.96148717434934,0.25216131288410293,3669
blend,30,2,0.3,equal,10,0.1960676384536063,0.2843900458067441,,-0.4119356986694339,0.4659090909090909,37.95234449080373,0.17967582232850624,3669
blend,30,2,0.3,equal,21,0.13375010736926762,0.18871572145672139,,-0.4696483974854305,0.4943181818181818,24.716160028957496,0.11439603910922856,3669
blend,30,2,0.3,rank,1,-0.04050452064577491,-0.059556893589974715,,-0.4407440675499409,0.42045454545454547,139.40864695171624,0.6420485193935188,3669
blend,30,2,0.3,rank,5,0.11641283576072381,0.17076476537277824,,-0.43480945406576954,0.4659090909090909,59.15267636773219,0.27367525164674006,3669
blend,30,2,0.3,rank,10,0.232270011264185,0.3378597053584117,,-0.39270305595217747,0.4772727272727273,41.431366963712,0.1948231651175678,3669
blend,30,2,0.3,rank,21,0.13752822888173233,0.19424894273368185,,-0.4622778677100635,0.5113636363636364,26.772713884034637,0.12373180702015929,3669
blend,30,2,0.3,volinv,1,-0.5054265674624785,-0.7129613296694429,,-0.7882707199595931,0.3693181818181818,174.54194752073457,0.7926243101374639,3669
blend,30,2,0.3,volinv,5,-0.14472163002263344,-0.2012750889272471,,-0.6353033071250145,0.4602272727272727,69.5624399511087,0.31742366369299146,3669
blend,30,2,0.3,volinv,10,0.028822564641095647,0.03956030792387618,,-0.5070252927118374,0.4659090909090909,46.43147943458462,0.2126767210441753,3669
blend,30,2,0.3,volinv,21,0.0966600059992473,0.12979285276277056,,-0.45903935610976077,0.4943181818181818,28.65199304415379,0.13251033334657966,3669
blend,30,7,0.1,equal,1,0.035473754829560354,0.05361743437540134,,-0.3977972534958154,0.42045454545454547,212.0839465794494,1.050324386780643,3669
blend,30,7,0.1,equal,5,0.22387231506394167,0.3437939071181092,,-0.33517229629866196,0.48863636363636365,84.14717906786588,0.416615043883899,3669
blend,30,7,0.1,equal,10,0.258549983278121,0.37907065647398624,,-0.3813586243981927,0.5056818181818182,57.429272281275544,0.2787138525432553,3669
blend,30,7,0.1,equal,21,0.24607521280735392,0.35314408748774906,,-0.47892553942278804,0.5,35.3060779503952,0.17736242555723503,3669
blend,30,7,0.1,rank,1,0.03398652939119417,0.051393508636052125,,-0.4005736574275447,0.42613636363636365,212.98708141149206,1.0493541533711332,3669
blend,30,7,0.1,rank,5,0.20388368601396883,0.3120444508124484,,-0.35327816858155103,0.48295454545454547,84.81823629421795,0.4182501848515855,3669
blend,30,7,0.1,rank,10,0.24938844198507198,0.36584257523556707,,-0.3952486359269919,0.5,57.79627014436936,0.2801184188182919,3669
blend,30,7,0.1,rank,21,0.24570168295908654,0.3518939042072105,,-0.4833868194558132,0.5,35.510478039007516,0.17781187232478052,3669
blend,30,7,0.1,volinv,1,-0.19210571615269303,-0.279872385931303,,-0.6005278611915579,0.4375,265.42060267693165,1.2512899550583736,3669
blend,30,7,0.1,volinv,5,-0.010068870616113385,-0.014851881812596822,,-0.464533915802954,0.4602272727272727,99.21844614285334,0.4728477220917225,3669
blend,30,7,0.1,volinv,10,0.12236919893242884,0.1762748659675635,,-0.4326007986738196,0.4431818181818182,64.2750585893346,0.30558022790634015,3669
blend,30,7,0.1,volinv,21,0.1518618667602997,0.21054076267307872,,-0.5201392368188456,0.48863636363636365,37.61111610628508,0.17750248541594277,3669
blend,30,7,0.2,equal,1,-0.0411956143572611,-0.06111533496033813,,-0.46601764608815277,0.48295454545454547,158.2720888846135,0.748465368936996,3669
blend,30,7,0.2,equal,5,0.12150517587415514,0.17573388198563553,,-0.3814277306539663,0.4772727272727273,65.70313757555353,0.3167740264964733,3669
blend,30,7,0.2,equal,10,0.18576777536047395,0.26545465921368716,,-0.41812349936787585,0.4943181818181818,45.64558222307729,0.21780193533958447,3669
blend,30,7,0.2,equal,21,0.21385872261514388,0.30066652799526833,,-0.5286271762247825,0.4602272727272727,28.843764128709534,0.13862019796011443,3669
blend,30,7,0.2,rank,1,-0.017864134897671476,-0.026600963520827164,,-0.44625234689660676,0.4659090909090909,163.19800848045125,0.7636007718186135,3669
blend,30,7,0.2,rank,5,0.12884704697317928,0.18742194321548364,,-0.3918810829295051,0.5,68.16465318336881,0.32621367706092924,3669
blend,30,7,0.2,rank,10,0.19161490413667415,0.27440289757916536,,-0.42943584121838696,0.48295454545454547,47.22034992287589,0.2240120838844274,3669
blend,30,7,0.2,rank,21,0.23466220839638596,0.3316663707776522,,-0.5249522907119861,0.48295454545454547,29.79154165012255,0.14330128732772637,3669
blend,30,7,0.2,volinv,1,-0.3936865257748996,-0.5586321964446953,,-0.7653775089530631,0.4034090909090909,210.8192271759859,0.9694331444052688,3669
blend,30,7,0.2,volinv,5,-0.058740826870210025,-0.08166180084422976,,-0.471615109519968,0.45454545454545453,81.55461986554518,0.37560304715073933,3669
blend,30,7,0.2,volinv,10,0.035476530110517136,0.049307015384526594,,-0.44350979450022276,0.45454545454545453,53.64227942306095,0.24683358434562536,3669
blend,30,7,0.2,volinv,21,0.07303501913440173,0.09739568815249687,,-0.5492548038031198,0.4943181818181818,32.611715421686554,0.15011946059158782,3669
blend,30,7,0.3,equal,1,-0.01843557312357262,-0.027109424104775542,,-0.47859553819786016,0.4659090909090909,127.34890811488627,0.5934152623496973,3669
blend,30,7,0.3,equal,5,0.21996087871040373,0.32294699616273764,,-0.3416994797403753,0.5113636363636364,53.862443482785466,0.2521840840338174,3669
blend,30,7,0.3,equal,10,0.20483521412830302,0.2945305193391276,,-0.3503106571809721,0.5170454545454546,38.161882754452705,0.18034628027210023,3669
blend,30,7,0.3,equal,21,0.19410995051413496,0.2714461738821755,,-0.536315848624985,0.4943181818181818,24.648888141969305,0.11641506949421167,3669
blend,30,7,0.3,rank,1,0.006641239466690788,0.009835838386662993,,-0.44891282154765666,0.4715909090909091,139.1752891639484,0.6389784670851809,3669
blend,30,7,0.3,rank,5,0.19721125258382638,0.28921408735732346,,-0.36433505145028844,0.5170454545454546,59.04222814775287,0.2748598387885931,3669
blend,30,7,0.3,rank,10,0.20182835682545822,0.28969205088649536,,-0.3824967190188726,0.5170454545454546,41.52968620000951,0.19468083832149646,3669
blend,30,7,0.3,rank,21,0.2193909183514943,0.3074930607544631,,-0.5363165151941667,0.48863636363636365,26.575747643015017,0.12565743573340896,3669
blend,30,7,0.3,volinv,1,-0.286804849754498,-0.4069249054716635,,-0.7079541255228725,0.4147727272727273,175.94693046775947,0.7990128492547572,3669
blend,30,7,0.3,volinv,5,0.020677184645158022,0.02889846964414785,,-0.5612205008173882,0.4715909090909091,69.46190692640693,0.3170319633871964,3669
blend,30,7,0.3,volinv,10,0.09825385177257084,0.13498541251255675,,-0.5340818413870065,0.5056818181818182,46.68845018119036,0.21357084754956587,3669
blend,30,7,0.3,volinv,21,0.12541719318511518,0.16727314433712462,,-0.49225056254545974,0.4943181818181818,28.868553707442956,0.1314391660075392,3669
blend,45,0,0.1,equal,1,0.06851066030790567,0.10002190030373537,,-0.36774608789986774,0.4375,177.56914690651402,0.8489058782535184,3669
blend,45,0,0.1,equal,5,0.08933628452497128,0.1274498237888986,,-0.3173802298769077,0.48863636363636365,71.92341237394383,0.3427153675069291,3669
blend,45,0,0.1,equal,10,0.14753025528036096,0.21180990130781355,,-0.4744448329119124,0.4659090909090909,48.39302262196784,0.2319821479139717,3669
blend,45,0,0.1,equal,21,0.1437169306076863,0.201033326768765,,-0.5108698195562453,0.5056818181818182,31.71354592532025,0.15987175136793946,3669
blend,45,0,0.1,rank,1,0.07724955912699819,0.112788542567589,,-0.3642964660554521,0.4431818181818182,178.48764257199372,0.8489627814530563,3669
blend,45,0,0.1,rank,5,0.10028692147073345,0.14323635278242478,,-0.31963209113416724,0.48863636363636365,72.50402507328643,0.3447947171504969,3669
blend,45,0,0.1,rank,10,0.15621726420971432,0.22441581940701666,,-0.46426403280449935,0.4715909090909091,48.80660931760913,0.23340957593663947,3669
blend,45,0,0.1,rank,21,0.14786170495683731,0.206779079121225,,-0.5176919468835998,0.5056818181818182,31.970790060858796,0.16158175460354762,3669
blend,45,0,0.1,volinv,1,-0.21240524337680966,-0.3013913580812835,,-0.5451400274929741,0.4090909090909091,225.34455446220628,1.069996805031359,3669
blend,45,0,0.1,volinv,5,0.004639697251459143,0.0064284847907357945,,-0.43480738849760625,0.48863636363636365,85.86565248358775,0.4121253950691039,3669
blend,45,0,0.1,volinv,10,-0.015797794019106293,-0.02213047565001545,,-0.519726797722981,0.4602272727272727,55.8606245611856,0.2637831823694168,3669
blend,45,0,0.1,volinv,21,0.1307657730482628,0.17898459772521777,,-0.48518056657015707,0.5170454545454546,34.49107676254302,0.1634985383848152,3669
blend,45,0,0.2,equal,1,0.10714102265286495,0.1557138102680114,,-0.3742591295546759,0.4431818181818182,132.8591986917416,0.6254400478628562,3669
blend,45,0,0.2,equal,5,0.2003698301242468,0.29152207576489025,,-0.32607165274951755,0.4715909090909091,54.759403908742556,0.25488770206035694,3669
blend,45,0,0.2,equal,10,0.15371723616072355,0.21855616528723387,,-0.4059059781800196,0.44886363636363635,37.5672502525131,0.17472849235564364,3669
blend,45,0,0.2,equal,21,0.1333152716458492,0.1862535811703742,,-0.4277277604562467,0.4659090909090909,25.532841133182625,0.12151000817740618,3669
blend,45,0,0.2,rank,1,0.12091508140384474,0.17627505148609782,,-0.33753922475034304,0.4659090909090909,136.64159418010695,0.6352604420929805,3669
blend,45,0,0.2,rank,5,0.1983591823473574,0.2877430406680318,,-0.3310881228897815,0.48295454545454547,56.923774406435726,0.26353526998518206,3669
blend,45,0,0.2,rank,10,0.170089456216818,0.24236236685753904,,-0.40617880064530576,0.45454545454545453,39.05791493478993,0.18100119332316716,3669
blend,45,0,0.2,rank,21,0.14603440327081282,0.2041427630480357,,-0.45228169725581424,0.4659090909090909,26.4584090825354,0.12632059621343575,3669
blend,45,0,0.2,volinv,1,-0.1864787070720339,-0.25996142089056073,,-0.5840560806794096,0.4147727272727273,177.20054240347739,0.8136151231980276,3669
blend,45,0,0.2,volinv,5,-0.06471743478665265,-0.09003230006301323,,-0.4336414870680525,0.4431818181818182,69.62370565916454,0.32200915824058646,3669
blend,45,0,0.2,volinv,10,-0.18553332679785547,-0.2491421035460367,,-0.6020287494434209,0.4431818181818182,45.726047567710324,0.2097591585686444,3669
blend,45,0,0.2,volinv,21,0.060914214428082675,0.08215738048820338,,-0.47219673919662375,0.48295454545454547,28.905168439205582,0.13317461553865667,3669
blend,45,0,0.3,equal,1,-0.031032822205544396,-0.044752282534574174,,-0.47763952317620506,0.45454545454545453,104.48227070735798,0.49324402672954226,3669
blend,45,0,0.3,equal,5,0.05123223781599457,0.07456836710027502,,-0.3338172495056868,0.48863636363636365,44.70086581625562,0.20980097885107646,3669
blend,45,0,0.3,equal,10,0.07194235923875826,0.10042066427115882,,-0.3527629191724887,0.4659090909090909,31.34638364159925,0.1479358159232857,3669
blend,45,0,0.3,equal,21,0.13862547717974688,0.19254576637341544,,-0.37439114605553303,0.48863636363636365,21.283305679353887,0.09929417518636541,3669
blend,45,0,0.3,rank,1,0.03448487716366838,0.04997095830393738,,-0.38954198380390015,0.4318181818181818,114.75704541755711,0.5285156031407758,3669
blend,45,0,0.3,rank,5,0.11139485865660333,0.16160493107991541,,-0.31803953729651424,0.48863636363636365,49.11414428678586,0.22667327134348364,3669
blend,45,0,0.3,rank,10,0.1220365645649249,0.1717254638085332,,-0.37411215968729483,0.4715909090909091,34.21892914070334,0.15874772058673442,3669
blend,45,0,0.3,rank,21,0.14766755987738356,0.20577004706864166,,-0.4242574119356777,0.5113636363636364,23.21602068231316,0.10783250229189467,3669
blend,45,0,0.3,volinv,1,-0.38355343272401504,-0.5248797484643455,,-0.7247700662023981,0.3806818181818182,148.46112459843738,0.6745865226785452,3669
blend,45,0,0.3,volinv,5,-0.21885118261807976,-0.30055194301281524,,-0.5840252279493479,0.3977272727272727,59.74305760165785,0.2732911699424274,3669
blend,45,0,0.3,volinv,10,-0.22544647080107544,-0.30086500638047414,,-0.6337677163475695,0.45454545454545453,40.20763192688808,0.18360502291630565,3669
blend,45,0,0.3,volinv,21,0.021989632186902683,0.029260663208965726,,-0.4567227965648758,0.4943181818181818,25.722614267242506,0.1185237372600293,3669
blend,45,2,0.1,equal,1,-0.05388991065523087,-0.07879681238433156,,-0.46186202041368474,0.4602272727272727,177.48329245025892,0.8600717529966129,3669
blend,45,2,0.1,equal,5,0.2718478468031794,0.3946130375800596,,-0.3685139485899699,0.5,70.05838103025347,0.3404399819148879,3669
blend,45,2,0.1,equal,10,0.1952390549068414,0.284256545434866,,-0.44408661253656423,0.4943181818181818,47.64557100027254,0.22775142375388302,3669
blend,45,2,0.1,equal,21,0.2688108394342306,0.37568492116013025,,-0.4219238230741318,0.5113636363636364,31.607522485690925,0.15889844946007436,3669
blend,45,2,0.1,rank,1,-0.0342949249495845,-0.050244673940190054,,-0.44309036256651535,0.44886363636363635,178.4030393931782,0.8593149886228817,3669
blend,45,2,0.1,rank,5,0.28144219214009386,0.4098971422385486,,-0.3590680288819068,0.5056818181818182,70.78442419652407,0.3420516856413078,3669
blend,45,2,0.1,rank,10,0.1918438689310696,0.2791702155270608,,-0.43724616582011944,0.5056818181818182,48.050785362236994,0.2293574886981239,3669
blend,45,2,0.1,rank,21,0.27932432286376907,0.3906927943156589,,-0.42164914099459583,0.5227272727272727,31.84836261824892,0.15913542076246606,3669
blend,45,2,0.1,volinv,1,-0.18641122183505215,-0.26345935509611595,,-0.5638067589616302,0.42613636363636365,224.71349687662993,1.0719004112943504,3669
blend,45,2,0.1,volinv,5,0.08905432500249288,0.12610750853864042,,-0.5064193133287135,0.4715909090909091,84.15248751661322,0.39578526936673264,3669
blend,45,2,0.1,volinv,10,0.07079708438632935,0.09994697593152534,,-0.5125369593485045,0.45454545454545453,54.66824363895264,0.2566558552863888,3669
blend,45,2,0.1,volinv,21,0.28374262722080856,0.3938950882124792,,-0.4248209591654689,0.5113636363636364,34.364877725866414,0.16295708560017808,3669
blend,45,2,0.2,equal,1,-0.08004771508325655,-0.11647084324406086,,-0.4758454986224725,0.44886363636363635,132.72183156173344,0.6290670351850302,3669
blend,45,2,0.2,equal,5,0.24188093313033004,0.34448630765765514,,-0.37297557396141834,0.4715909090909091,54.39549805204174,0.2552923966246643,3669
blend,45,2,0.2,equal,10,0.07857337051210363,0.10990485322575166,,-0.3680532885747888,0.4602272727272727,37.35850608436342,0.17689535053809458,3669
blend,45,2,0.2,equal,21,0.13667846080366816,0.18817163620059607,,-0.4302747272156693,0.4715909090909091,25.62435669279977,0.12198124236639689,3669
blend,45,2,0.2,rank,1,-0.04954078985237614,-0.07220920261959748,,-0.436740601098204,0.4431818181818182,136.51699509439462,0.6384442698126315,3669
blend,45,2,0.2,rank,5,0.25838514849955196,0.36960385197449286,,-0.3692821614258526,0.48295454545454547,56.44633625119533,0.2631648245578746,3669
blend,45,2,0.2,rank,10,0.1006155730569867,0.14142140261763245,,-0.3729927913727936,0.4659090909090909,38.81099322077884,0.1824816571614962,3669
blend,45,2,0.2,rank,21,0.16775424009160797,0.23185351920719524,,-0.4305687153546829,0.4715909090909091,26.507946872901666,0.12606015225153566,3669
blend,45,2,0.2,volinv,1,-0.36955331066851316,-0.5207747950919627,,-0.6864972331751004,0.4090909090909091,177.1144453034474,0.8138585080289794,3669
blend,45,2,0.2,volinv,5,-0.0030530655578076683,-0.004250782917105714,,-0.4992622794178502,0.4602272727272727,68.45347283325721,0.31633201409524697,3669
blend,45,2,0.2,volinv,10,-0.07495071725167889,-0.10204938695068495,,-0.4689997306264878,0.4318181818181818,45.49764821376896,0.20999123362039435,3669
blend,45,2,0.2,volinv,21,0.047635535328670264,0.0644335369913348,,-0.454938144153719,0.48295454545454547,29.553924199503946,0.136079690951232,3669
blend,45,2,0.3,equal,1,-0.06895663882616411,-0.09976503879437804,,-0.4202006645442602,0.4602272727272727,104.41209402137552,0.4916085441501659,3669
blend,45,2,0.3,equal,5,0.08876029867432925,0.1275496310038927,,-0.394475774140181,0.4602272727272727,44.492516619858506,0.20757217848562087,3669
blend,45,2,0.3,equal,10,0.14486878801948203,0.2044487890361625,,-0.3728590074426783,0.4943181818181818,31.08647200074979,0.14579929378153778,3669
blend,45,2,0.3,equal,21,0.10739169768008863,0.1474875515917683,,-0.3860553014163498,0.48295454545454547,21.211929067057934,0.097903749929991,3669
blend,45,2,0.3,rank,1,-0.03452723275691923,-0.05017485339925188,,-0.4045108973678706,0.4431818181818182,114.67516004888587,0.5282434569590311,3669
blend,45,2,0.3,rank,5,0.1678988311242607,0.24152181346919524,,-0.36912143286312515,0.4715909090909091,48.7768873617158,0.22448025694360146,3669
blend,45,2,0.3,rank,10,0.14523144949490935,0.20469978619692233,,-0.38171694227047126,0.4715909090909091,33.8957364627024,0.15712535099312175,3669
blend,45,2,0.3,rank,21,0.15480348101387764,0.2134663126811218,,-0.385004052323894,0.48863636363636365,23.174318734911346,0.10697821407177137,3669
blend,45,2,0.3,volinv,1,-0.41610029872435833,-0.5757465363806782,,-0.7372930069474731,0.42045454545454547,148.1527235292547,0.6731922912012775,3669
blend,45,2,0.3,volinv,5,-0.13128780914187893,-0.17937205077080653,,-0.5727179010428832,0.44886363636363635,58.61352408436713,0.2671122203235914,3669
blend,45,2,0.3,volinv,10,-0.06348887134892216,-0.08546273196095432,,-0.5154358589640864,0.45454545454545453,39.415850110332606,0.1803031435519027,3669
blend,45,2,0.3,volinv,21,0.06313698374588253,0.08382313652491259,,-0.4247310116585731,0.5056818181818182,25.01155641580362,0.11515996878372586,3669
blend,45,7,0.1,equal,1,0.0037652503595473176,0.00547587468928114,,-0.5358443816952004,0.44886363636363635,177.1276097029163,0.8679564576165596,3669
blend,45,7,0.1,equal,5,0.12559090490835426,0.18187474955259064,,-0.4297532082980773,0.44886363636363635,70.00196238757154,0.3330625435689385,3669
blend,45,7,0.1,equal,10,0.17554615298416218,0.24986714244680275,,-0.37129619055647056,0.48863636363636365,48.13627691469065,0.23421907459446853,3669
blend,45,7,0.1,equal,21,0.13724297547148634,0.19319695999041214,,-0.499106265708269,0.5056818181818182,31.857726901062957,0.15207626006573563,3669
blend,45,7,0.1,rank,1,0.016369466319377784,0.02388572217618477,,-0.5282604121815471,0.44886363636363635,178.05152326451744,0.8658806849159632,3669
blend,45,7,0.1,rank,5,0.1205351664639525,0.17394767411233197,,-0.4352393877735097,0.44886363636363635,70.72153599240153,0.3356125675070042,3669
blend,45,7,0.1,rank,10,0.1821511693758378,0.2595641260416177,,-0.3689024198894151,0.48295454545454547,48.610684156958044,0.23580156559987064,3669
blend,45,7,0.1,rank,21,0.14194236774649663,0.19993839662549232,,-0.496814724958632,0.5056818181818182,32.09122095206123,0.15325916884345359,3669
blend,45,7,0.1,volinv,1,-0.25921242158024205,-0.3680118652346777,,-0.6543945794684871,0.42613636363636365,224.85012713311798,1.0590651388400931,3669
blend,45,7,0.1,volinv,5,-0.03430022599773668,-0.04862894473218196,,-0.5010578912686983,0.44886363636363635,84.04601159082691,0.39599511980598884,3669
blend,45,7,0.1,volinv,10,0.06488889450123561,0.08990587514102906,,-0.4792022717850981,0.4715909090909091,55.640135143419094,0.2630408026456501,3669
blend,45,7,0.1,volinv,21,0.08216056600663439,0.11092424095708678,,-0.5486457105709497,0.48863636363636365,35.06346066027806,0.1655136592184659,3669
blend,45,7,0.2,equal,1,0.0960282449995341,0.14075358835545604,,-0.4001403586645519,0.4659090909090909,132.57931316434994,0.62895974192212,3669
blend,45,7,0.2,equal,5,0.09214931139091537,0.13141979631188325,,-0.391847716183209,0.4943181818181818,54.31536722620364,0.25577113876575236,3669
blend,45,7,0.2,equal,10,0.2700064066805392,0.3818038328004773,,-0.32537291471791785,0.5340909090909091,37.71621855610601,0.17671076522110396,3669
blend,45,7,0.2,equal,21,0.24584203992467066,0.3335756700770222,,-0.4670404947825364,0.5340909090909091,25.395983839161175,0.12087434208456777,3669
blend,45,7,0.2,rank,1,0.09994821383949941,0.14701121244504345,,-0.4156743219188016,0.4715909090909091,136.3542321019294,0.6372601151171924,3669
blend,45,7,0.2,rank,5,0.10590644423684291,0.15098604826035913,,-0.39832880480941246,0.48295454545454547,56.36545546272349,0.26271714149637515,3669
blend,45,7,0.2,rank,10,0.2643160531380811,0.373485169316562,,-0.32967994174063664,0.5170454545454546,39.14998701418557,0.18283181346853622,3669
blend,45,7,0.2,rank,21,0.22817649452487068,0.31111309041456253,,-0.48475853018720894,0.5284090909090909,26.33083757589028,0.1240008447057703,3669
blend,45,7,0.2,volinv,1,-0.22639537351490838,-0.32009608865341094,,-0.6674237961290387,0.4772727272727273,177.12786897939822,0.8108370004124109,3669
blend,45,7,0.2,volinv,5,-0.07412922678020974,-0.10230845026235585,,-0.4987253649553326,0.48295454545454547,68.30279107104131,0.31411846012718125,3669
blend,45,7,0.2,volinv,10,0.10928713290733802,0.15068610230792065,,-0.42703898411518515,0.5227272727272727,45.22287126877632,0.20760836995452567,3669
blend,45,7,0.2,volinv,21,0.16703305624266485,0.2207270542347086,,-0.5304932025443625,0.5113636363636364,29.45965003296741,0.13522890450780975,3669
blend,45,7,0.3,equal,1,0.07514861890671981,0.10869925682074393,,-0.413744577133324,0.48295454545454547,104.24909498123903,0.4883856761654476,3669
blend,45,7,0.3,equal,5,0.1846350068933605,0.26546944096088376,,-0.35858667695524693,0.5056818181818182,44.41064381954566,0.2069190453283764,3669
blend,45,7,0.3,equal,10,0.3098733666717764,0.44364652811717215,,-0.3595765991206413,0.5340909090909091,30.92925450602581,0.1451542773041319,3669
blend,45,7,0.3,equal,21,0.21021025394567255,0.2886074778662791,,-0.4333866838789484,0.5284090909090909,21.215439258739764,0.0999326209261372,3669
blend,45,7,0.3,rank,1,0.08697866633422831,0.12643446956845825,,-0.42242983641347964,0.4772727272727273,114.50064429875776,0.5252797320927332,3669
blend,45,7,0.3,rank,5,0.15775356517752795,0.22593306121089296,,-0.3786780127230982,0.5113636363636364,48.69542378715257,0.2237966693332802,3669
blend,45,7,0.3,rank,10,0.29033263483104466,0.4125677368233863,,-0.3587510774310946,0.5113636363636364,34.01845560498379,0.1579928676281823,3669
blend,45,7,0.3,rank,21,0.20116573314851954,0.2756698751587488,,-0.4711944871586692,0.5227272727272727,23.17637232064957,0.1078204781410943,3669
blend,45,7,0.3,volinv,1,-0.22904667270756893,-0.3151750442147413,,-0.6760309857250111,0.4715909090909091,148.57783696931483,0.6751147914278524,3669
blend,45,7,0.3,volinv,5,-0.0005526280962834747,-0.0007563722329245496,,-0.45959251675688173,0.5113636363636364,58.391226195639895,0.2662229557299607,3669
blend,45,7,0.3,volinv,10,0.21731237078360918,0.2960608213310062,,-0.39725542383753887,0.4943181818181818,39.05370642313146,0.17761257056303312,3669
blend,45,7,0.3,volinv,21,0.2144358987515677,0.28164657819531147,,-0.47098836817267153,0.5227272727272727,25.44038876889069,0.11559503576476898,3669
blend,60,0,0.1,equal,1,0.049646577887652636,0.07095592779618999,,-0.3898862530479137,0.4659090909090909,155.7609702916326,0.7604380850130357,3669
blend,60,0,0.1,equal,5,0.023392126074273392,0.03321806619871198,,-0.4323216534977419,0.44886363636363635,63.49386753883891,0.31036665987613715,3669
blend,60,0,0.1,equal,10,0.1242243292652192,0.17437931004315943,,-0.42245142493651366,0.4715909090909091,42.356227855001364,0.2041016727095146,3669
blend,60,0,0.1,equal,21,0.21029331189616193,0.30811422526228444,,-0.4956008296986748,0.5,27.753066230580536,0.1430188863878869,3669
blend,60,0,0.1,rank,1,0.047583458099763366,0.0680607510121289,,-0.39271515129045664,0.4659090909090909,156.48267441207292,0.7595439841362519,3669
blend,60,0,0.1,rank,5,0.03946553055232689,0.05611249561323675,,-0.4181545630542044,0.44886363636363635,63.87021339654291,0.31167844224573954,3669
blend,60,0,0.1,rank,10,0.13024854404835962,0.18288700415324224,,-0.4149661150534282,0.4772727272727273,42.73919065004231,0.2054376141387641,3669
blend,60,0,0.1,rank,21,0.21424922587423234,0.31338867873330956,,-0.4974334284851536,0.5056818181818182,27.9792146357025,0.14427717994724548,3669
blend,60,0,0.1,volinv,1,-0.19782997514530334,-0.27818844578851554,,-0.5490455771824544,0.4375,198.42154244358662,0.9346019092103763,3669
blend,60,0,0.1,volinv,5,-0.10681936757166849,-0.14966555874597368,,-0.5561912997768772,0.44886363636363635,76.65180260873288,0.3603777080451159,3669
blend,60,0,0.1,volinv,10,-0.056039700622934716,-0.07681840537457492,,-0.5326556429323165,0.4318181818181818,50.240586672257315,0.23791261803261426,3669
blend,60,0,0.1,volinv,21,0.2244957560244919,0.3173717830882112,,-0.4620079882635949,0.5511363636363636,30.75067395878886,0.14763961147726665,3669
blend,60,0,0.2,equal,1,0.07202329420249183,0.1008406472212332,,-0.3796713279122461,0.48863636363636365,115.70335722187485,0.5444150376031388,3669
blend,60,0,0.2,equal,5,0.26198535593310945,0.3672641644281859,,-0.3427438000837253,0.5,47.39242300354319,0.22557191701427376,3669
blend,60,0,0.2,equal,10,0.3078148265121906,0.4274925022277925,,-0.2746576503584234,0.4943181818181818,32.08855754893944,0.15185604857185858,3669
blend,60,0,0.2,equal,21,0.2812049417942473,0.39900449297291307,,-0.43235125607517577,0.48295454545454547,21.620845558174207,0.10088986365083796,3669
blend,60,0,0.2,rank,1,0.08052476994883223,0.11280959262416024,,-0.3609401715438837,0.48863636363636365,118.80214855479007,0.5526962513387933,3669
blend,60,0,0.2,rank,5,0.23500322651674535,0.33078658857240634,,-0.3393657862388497,0.48863636363636365,49.23988796008744,0.23324374807589066,3669
blend,60,0,0.2,rank,10,0.28342731498090573,0.39471933068236437,,-0.2782612298596042,0.4602272727272727,33.40552110767283,0.15718956397666564,3669
blend,60,0,0.2,rank,21,0.2783731751997171,0.39635339919080437,,-0.4494036779345787,0.4943181818181818,22.488329802247573,0.10516346425697928,3669
blend,60,0,0.2,volinv,1,-0.27910318570044335,-0.3811492108975269,,-0.6017885532373253,0.4431818181818182,159.37538752550216,0.7329884051463849,3669
blend,60,0,0.2,volinv,5,0.10198848989812614,0.1395101318946746,,-0.3852159205660819,0.5113636363636364,61.24426319453942,0.2820932603789835,3669
blend,60,0,0.2,volinv,10,0.09268742192432552,0.12411992114212919,,-0.37841509575481147,0.4602272727272727,40.48032722104522,0.18722943029276967,3669
blend,60,0,0.2,volinv,21,0.21915609574995393,0.3033651387320866,,-0.4173517309585034,0.48295454545454547,25.622955180723057,0.12037423583125534,3669
blend,60,0,0.3,equal,1,0.1420736332181231,0.20149805229656262,,-0.32829098695713466,0.4943181818181818,89.74341994313413,0.4149789007618927,3669
blend,60,0,0.3,equal,5,0.3121756201445438,0.44934509819104085,,-0.31579152687916245,0.5340909090909091,37.42566009197884,0.17421959483201765,3669
blend,60,0,0.3,equal,10,0.34144393822610725,0.48428840988743715,,-0.26382224915223385,0.5284090909090909,26.07673801544184,0.1230743956030557,3669
blend,60,0,0.3,equal,21,0.3151463669096327,0.4406646460959588,,-0.3849473774513784,0.5113636363636364,17.947407366709868,0.083110455022063,3669
blend,60,0,0.3,rank,1,0.13758175622943306,0.19487413611397553,,-0.3357024708008862,0.4659090909090909,98.75609732683121,0.45018315733556075,3669
blend,60,0,0.3,rank,5,0.27795952425452286,0.396816587210433,,-0.32893166621238035,0.5056818181818182,41.57082660643752,0.1915259725721847,3669
blend,60,0,0.3,rank,10,0.30269758282305986,0.42621659505865944,,-0.26218281203849014,0.5227272727272727,28.82494206486427,0.13448706421588594,3669
blend,60,0,0.3,rank,21,0.3171866313093985,0.4485269504976886,,-0.4116629359822347,0.5113636363636364,19.667377910456956,0.09104902335795259,3669
blend,60,0,0.3,volinv,1,-0.2798374036457744,-0.3790609166531248,,-0.6098557808420624,0.4602272727272727,126.78471601548226,0.5737725957178303,3669
blend,60,0,0.3,volinv,5,0.05648936591714936,0.07691488373038234,,-0.4010099247384107,0.48863636363636365,52.20776750151819,0.2381976187635895,3669
blend,60,0,0.3,volinv,10,0.024620848155371793,0.032704543768656814,,-0.3902269095727061,0.48295454545454547,35.353596453958275,0.16193188350092066,3669
blend,60,0,0.3,volinv,21,0.1801906967356854,0.24607667467030475,,-0.42479423116390935,0.48295454545454547,22.308303343709724,0.10305432027504169,3669
blend,60,2,0.1,equal,1,0.06610075503226993,0.09535335947308926,,-0.4179890778810086,0.4659090909090909,155.57209048787135,0.7608020039355116,3669
blend,60,2,0.1,equal,5,0.33463822339229243,0.5002338256024834,,-0.3499356693050446,0.5,61.588988825292994,0.2934681955532903,3669
blend,60,2,0.1,equal,10,0.25618435378187504,0.3676243914692934,,-0.33043024030089585,0.48863636363636365,41.23058053965658,0.19879913858686618,3669
blend,60,2,0.1,equal,21,0.36695297572667185,0.5402014072841645,,-0.4118860927023651,0.4715909090909091,26.807031888798036,0.12731495387942593,3669
blend,60,2,0.1,rank,1,0.06807985013844342,0.09821643699937387,,-0.41533423508611667,0.4602272727272727,156.29354575481526,0.7600628515748673,3669
blend,60,2,0.1,rank,5,0.33732355212645904,0.5065307566335395,,-0.3526063239946451,0.4943181818181818,62.04537599484433,0.29443144820125056,3669
blend,60,2,0.1,rank,10,0.2580447723572967,0.37109463212848876,,-0.3296521515457087,0.48863636363636365,41.57755907943997,0.19987166052724623,3669
blend,60,2,0.1,rank,21,0.3698683182005971,0.5443573849323449,,-0.40913995294029404,0.48295454545454547,27.028507317178438,0.1282243107236619,3669
blend,60,2,0.1,volinv,1,-0.1945312194669117,-0.26916032778312887,,-0.5673852548283997,0.4318181818181818,197.99798054229976,0.9286788849619338,3669
blend,60,2,0.1,volinv,5,0.23268246474217602,0.33532665442177706,,-0.42790589499452836,0.5056818181818182,75.17225723643749,0.3540862939783069,3669
blend,60,2,0.1,volinv,10,0.20903892508130031,0.2917251910982074,,-0.40153660190982843,0.48863636363636365,48.367049613624154,0.23221402386689913,3669
blend,60,2,0.1,volinv,21,0.3027042052033666,0.4278096803502863,,-0.4499692630616009,0.5113636363636364,30.094826344374628,0.14122742690029771,3669
blend,60,2,0.2,equal,1,0.11789940285172387,0.16416178591470892,,-0.3447391120550325,0.48863636363636365,115.62524650088979,0.5460959152779941,3669
blend,60,2,0.2,equal,5,0.28103093875957047,0.4049594835889483,,-0.33888551301364345,0.4943181818181818,46.707585012745895,0.22037696190323977,3669
blend,60,2,0.2,equal,10,0.2708440641345979,0.3853170235839415,,-0.33518895435011586,0.4659090909090909,31.70329950459333,0.1506521429712841,3669
blend,60,2,0.2,equal,21,0.3827505408831926,0.5487403450631121,,-0.4029096178123822,0.5113636363636364,21.554512369134077,0.10051124302729542,3669
blend,60,2,0.2,rank,1,0.11920406651899484,0.16672098987564032,,-0.3522507649491562,0.4943181818181818,118.71504728113102,0.5543371270073513,3669
blend,60,2,0.2,rank,5,0.286208644856732,0.415424727527558,,-0.3419958119229548,0.4943181818181818,48.357497893567995,0.22580499146547264,3669
blend,60,2,0.2,rank,10,0.2663930678615059,0.3785867811871609,,-0.3373390738652009,0.4772727272727273,32.89381472253425,0.15508626693827246,3669
blend,60,2,0.2,rank,21,0.3949434042209182,0.5687318039692568,,-0.3997407449693182,0.5340909090909091,22.298446300022295,0.10381391696317929,3669
blend,60,2,0.2,volinv,1,-0.183649478703806,-0.24806041756508065,,-0.5280649838123896,0.48295454545454547,159.076677709033,0.7324834632877967,3669
blend,60,2,0.2,volinv,5,0.06688875328074242,0.09218998659146609,,-0.4665194730844169,0.48295454545454547,60.62248793584138,0.281730683520985,3669
blend,60,2,0.2,volinv,10,0.111515074944768,0.15188256162662858,,-0.453665573515617,0.4943181818181818,39.044464643582344,0.1819474443374494,3669
blend,60,2,0.2,volinv,21,0.2997672561627627,0.4119224856894415,,-0.3971908115972852,0.5227272727272727,25.594983211638958,0.12127934606834215,3669
blend,60,2,0.3,equal,1,0.1567804912619619,0.2220064852803162,,-0.3268063340235797,0.5,89.65607236590066,0.4167304020659311,3669
blend,60,2,0.3,equal,5,0.25958332331592715,0.375151608111284,,-0.3337617208286775,0.5170454545454546,37.44988846838752,0.1736914088874465,3669
blend,60,2,0.3,equal,10,0.31825630725291504,0.4555307961058385,,-0.30501569960129893,0.4772727272727273,25.721942608566376,0.1205652419007501,3669
blend,60,2,0.3,equal,21,0.2740594649341809,0.381530616970709,,-0.4412351473520051,0.5056818181818182,18.003042864206787,0.0842080618272751,3669
blend,60,2,0.3,rank,1,0.1513937315923216,0.21356222446115655,,-0.3383515220604364,0.4715909090909091,98.66461526241729,0.45172899385820536,3669
blend,60,2,0.3,rank,5,0.2854146042301645,0.41506276628198163,,-0.3383984411399553,0.5170454545454546,41.23966456911164,0.18925346348393624,3669
blend,60,2,0.3,rank,10,0.3077909561540389,0.43838717820647166,,-0.3091936558285756,0.48863636363636365,28.321858502039014,0.1313303687473273,3669
blend,60,2,0.3,rank,21,0.33042013393223246,0.46538682136147513,,-0.42720596121601573,0.5113636363636364,19.564993625576086,0.09062846677453776,3669
blend,60,2,0.3,volinv,1,-0.210758047117534,-0.2835193232611975,,-0.578215150145376,0.4602272727272727,126.76600114732736,0.5743615409246694,3669
blend,60,2,0.3,volinv,5,0.0003930810903562985,0.0005411063538883329,,-0.42352466615184137,0.48295454545454547,50.952214045821606,0.23217019713072867,3669
blend,60,2,0.3,volinv,10,0.11399686805997897,0.1542788782530904,,-0.3982688017719803,0.5170454545454546,33.73118297336606,0.15379202926622684,3669
blend,60,2,0.3,volinv,21,0.20590132447501272,0.27493891689763456,,-0.43183968561388275,0.4772727272727273,22.005735855379413,0.1018437886488123,3669
blend,60,7,0.1,equal,1,0.07956621304912806,0.11539413966408857,,-0.40361782195509044,0.44886363636363635,155.2461161079313,0.751516501506202,3669
blend,60,7,0.1,equal,5,0.1264664124011397,0.18198883713209005,,-0.31882365948171154,0.5,61.49577541564458,0.2924445124744505,3669
blend,60,7,0.1,equal,10,0.13040554558838638,0.17997885528126237,,-0.3619056188059179,0.5056818181818182,41.617606977378024,0.20144616715976893,3669
blend,60,7,0.1,equal,21,0.290364192968132,0.4038935671533874,,-0.3861719923587368,0.5056818181818182,27.28972472063232,0.13112487053000074,3669
blend,60,7,0.1,rank,1,0.08480901382563145,0.12294474857187834,,-0.41456186834271236,0.45454545454545453,155.96854818147665,0.7502586037840167,3669
blend,60,7,0.1,rank,5,0.14271376756844692,0.205759597931006,,-0.326141183819491,0.5113636363636364,61.949348316098096,0.29361474913582014,3669
blend,60,7,0.1,rank,10,0.151474398484038,0.20928736617168073,,-0.3579498815426113,0.5056818181818182,41.94836153058337,0.20233158177201005,3669
blend,60,7,0.1,rank,21,0.3003612697504292,0.4168604989471574,,-0.3840297240635302,0.5113636363636364,27.4781308438555,0.13185212355794745,3669
blend,60,7,0.1,volinv,1,-0.05622637842628723,-0.07993664276986619,,-0.5145114900689739,0.4772727272727273,198.08581420136363,0.933523493229185,3669
blend,60,7,0.1,volinv,5,0.11645773455287957,0.16220991370800272,,-0.34864018408684716,0.48863636363636365,75.17040227952117,0.35144308404582275,3669
blend,60,7,0.1,volinv,10,0.02987908626702972,0.039728866206202175,,-0.3537243710764042,0.4715909090909091,48.921038188892524,0.2313467628590261,3669
blend,60,7,0.1,volinv,21,0.2383663780151309,0.3209823863337724,,-0.46516809718659013,0.5056818181818182,30.930934109104797,0.14577796393134418,3669
blend,60,7,0.2,equal,1,0.10933834410001073,0.1571967027227966,,-0.426386642548206,0.4659090909090909,115.43865614929535,0.5507342437679557,3669
blend,60,7,0.2,equal,5,0.34771470692104717,0.49689567052976436,,-0.2636497235502522,0.5227272727272727,46.645769804242214,0.22409221653662148,3669
blend,60,7,0.2,equal,10,0.34561638199200634,0.4870383442269464,,-0.3740319774872686,0.5511363636363636,32.280097157423874,0.15737282576158781,3669
blend,60,7,0.2,equal,21,0.27886401555785933,0.3844786982268344,,-0.52552082594569,0.5340909090909091,21.863953954435413,0.10739756148147862,3669
blend,60,7,0.2,rank,1,0.12451360538126903,0.17936119677325704,,-0.4250816656898616,0.4715909090909091,118.51349460350944,0.5568219650207004,3669
blend,60,7,0.2,rank,5,0.3185583013223523,0.4543849031462994,,-0.2813642241825214,0.5113636363636364,48.291945180778185,0.22895457114501627,3669
blend,60,7,0.2,rank,10,0.32746606402692097,0.4604775460503146,,-0.38015926898071317,0.5340909090909091,33.50676039083829,0.16074825532307604,3669
blend,60,7,0.2,rank,21,0.28397088745396953,0.3907051344780576,,-0.5100375458276181,0.5340909090909091,22.6494686777136,0.11002236573865254,3669
blend,60,7,0.2,volinv,1,-0.18405498721656555,-0.2572453506778334,,-0.5736746268618299,0.45454545454545453,158.83839579189328,0.7327563348435774,3669
blend,60,7,0.2,volinv,5,0.18223483736625512,0.2509556806949576,,-0.364936726525924,0.5113636363636364,60.42572686330954,0.2776300619677359,3669
blend,60,7,0.2,volinv,10,0.13675444073508722,0.18673885975635865,,-0.39584179780752193,0.5056818181818182,40.89860122127039,0.18826337202916688,3669
blend,60,7,0.2,volinv,21,0.20091705979044092,0.26988801964359604,,-0.5401457350998381,0.48863636363636365,26.093488828881735,0.12036311990098351,3669
blend,60,7,0.3,equal,1,0.23368095471961803,0.33817617434480546,,-0.3851512372892587,0.4772727272727273,89.4704276575925,0.4140776850814738,3669
blend,60,7,0.3,equal,5,0.36241813783887195,0.521120329563607,,-0.25732444268395893,0.48863636363636365,37.38568426631848,0.1748400444586582,3669
blend,60,7,0.3,equal,10,0.36229201528598887,0.5186617785690997,,-0.3172068045591805,0.5056818181818182,26.208990527407817,0.12300026795744293,3669
blend,60,7,0.3,equal,21,0.2549702887086673,0.35722649368514214,,-0.4405652764759701,0.5,18.013472992931916,0.08388772880591527,3669
blend,60,7,0.3,rank,1,0.21375693963889472,0.30913671413529403,,-0.39691247743747804,0.4943181818181818,98.46665995478158,0.4493460119832964,3669
blend,60,7,0.3,rank,5,0.3332277325609999,0.47662204180486983,,-0.28505291306623837,0.48863636363636365,41.17546690258897,0.19035803737503504,3669
blend,60,7,0.3,rank,10,0.34984996012862407,0.49565149562062866,,-0.3441685994143283,0.5170454545454546,28.857862925400834,0.13441685173582374,3669
blend,60,7,0.3,rank,21,0.27295030843545204,0.37941765802960653,,-0.4580096164617736,0.5113636363636364,19.656226148225254,0.0915728899695942,3669
blend,60,7,0.3,volinv,1,-0.10169726856405431,-0.1382972682654103,,-0.47750618115686394,0.48295454545454547,127.07416594390045,0.5747072362194589,3669
blend,60,7,0.3,volinv,5,0.16860683214664007,0.2265516519276748,,-0.3502011430638522,0.5170454545454546,50.808042891224545,0.23083297912283504,3669
blend,60,7,0.3,volinv,10,0.2086510328539879,0.2793156804475652,,-0.29397327435419207,0.5227272727272727,34.285080189737684,0.15553796162739536,3669
blend,60,7,0.3,volinv,21,0.218700694830388,0.293093242406797,,-0.49495020105167464,0.4943181818181818,22.60815750280931,0.10401177443662565,3669
blend,90,0,0.1,equal,1,0.20984786167394848,0.2933006806286041,,-0.3630188844743434,0.5170454545454546,127.04905968928861,0.6216332329603016,3669
blend,90,0,0.1,equal,5,0.33408851431299047,0.46134521468985384,,-0.32268431732086933,0.5170454545454546,50.12292177705096,0.2467405257008925,3669
blend,90,0,0.1,equal,10,0.41531357113570766,0.5839385526584655,,-0.30697143102752034,0.5113636363636364,33.94467157263559,0.16278048655702715,3669
blend,90,0,0.1,equal,21,0.3085874708359084,0.42832398300330143,,-0.4064922896408808,0.5056818181818182,22.50313436903788,0.11792884195557325,3669
blend,90,0,0.1,rank,1,0.22631217906315224,0.3162262837738918,,-0.36415360642346106,0.5170454545454546,127.50580163197593,0.6188411744354785,3669
blend,90,0,0.1,rank,5,0.3407243480445291,0.47134993592250346,,-0.32525955863603506,0.5113636363636364,50.571867567273664,0.24747794575416682,3669
blend,90,0,0.1,rank,10,0.41812180333125215,0.58696261256681,,-0.30054005524480965,0.5113636363636364,34.21489926112584,0.16346302747694796,3669
blend,90,0,0.1,rank,21,0.32648006255872397,0.4532324683707468,,-0.39600493246267476,0.5170454545454546,22.67350611626874,0.11801094737035166,3669
blend,90,0,0.1,volinv,1,-0.06461323441128514,-0.08471632676856856,,-0.45580221534485843,0.48295454545454547,168.79960924616574,0.791761811666936,3669
blend,90,0,0.1,volinv,5,0.19422459501770328,0.25668392803764306,,-0.4151496809540077,0.5,63.15808972876399,0.2978666199091436,3669
blend,90,0,0.1,volinv,10,0.38060128146683814,0.522842968965503,,-0.36437496139796477,0.5,41.61891728105549,0.196780819119179,3669
blend,90,0,0.1,volinv,21,0.3065830807564142,0.4152437951823973,,-0.4551751921496404,0.5170454545454546,26.19330695688161,0.12637492251140459,3669
blend,90,0,0.2,equal,1,0.09774791400394182,0.14001346378551746,,-0.32426599397430633,0.44886363636363635,93.94811857694835,0.4437013204916709,3669
blend,90,0,0.2,equal,5,0.2407776134550793,0.34317897560831967,,-0.2919725719226788,0.4602272727272727,38.64632132493226,0.18285961519862798,3669
blend,90,0,0.2,equal,10,0.24510828137289004,0.3414091178541985,,-0.27984707913668727,0.44886363636363635,26.21563497025956,0.1243691090396637,3669
blend,90,0,0.2,equal,21,0.32465192868396986,0.4560006708411222,,-0.27159371175337965,0.4715909090909091,17.737957128885892,0.08260638123718352,3669
blend,90,0,0.2,rank,1,0.13426372351699337,0.1918477816883146,,-0.31182430150536866,0.4602272727272727,96.27020292815783,0.44877875155861724,3669
blend,90,0,0.2,rank,5,0.27203718879733235,0.38698483434130215,,-0.2891820169314112,0.4659090909090909,39.99976596817791,0.18718424885217455,3669
blend,90,0,0.2,rank,10,0.2765898330376919,0.3857966626763369,,-0.28336070197744057,0.44886363636363635,27.24514867518961,0.12774410041603562,3669
blend,90,0,0.2,rank,21,0.34928837465576773,0.4910909235563161,,-0.28937109244004333,0.48295454545454547,18.36081163393938,0.08547779082375996,3669
blend,90,0,0.2,volinv,1,-0.11344939475384824,-0.15473421169356366,,-0.4737714588828623,0.42613636363636365,129.3925720500872,0.5941547444893687,3669
blend,90,0,0.2,volinv,5,0.05419082136245421,0.07380944449927546,,-0.39432105323633526,0.4602272727272727,52.424025459454896,0.24384350491390244,3669
blend,90,0,0.2,volinv,10,0.02671765878431134,0.03532994120394426,,-0.36672927426730784,0.45454545454545453,34.662795818322245,0.15909991451763122,3669
blend,90,0,0.2,volinv,21,0.24983376776595842,0.3337122656116269,,-0.3553846685184032,0.4943181818181818,22.131650438779804,0.10389687026665119,3669
blend,90,0,0.3,equal,1,0.2715653311288842,0.3885175040820057,,-0.3076914364805938,0.5284090909090909,74.0958371657849,0.3508203742503092,3669
blend,90,0,0.3,equal,5,0.37145085255591836,0.5327193028786618,,-0.3066600393835168,0.5056818181818182,30.850580604293853,0.14382402915548415,3669
blend,90,0,0.3,equal,10,0.3544428822235881,0.5050050826869564,,-0.27358644594979864,0.48863636363636365,21.08773578868783,0.09930648850986334,3669
blend,90,0,0.3,equal,21,0.37607429088138167,0.5310011363180446,,-0.264261638196837,0.48863636363636365,14.19433195763673,0.06535048254525214,3669
blend,90,0,0.3,rank,1,0.25573208263486236,0.3647231605278691,,-0.2997602352405687,0.5170454545454546,80.54420718907112,0.3708800787676424,3669
blend,90,0,0.3,rank,5,0.35254830639012685,0.503718590269047,,-0.3007290726397537,0.4715909090909091,33.89874337115938,0.15565865824996572,3669
blend,90,0,0.3,rank,10,0.3376339097661102,0.4779707682852365,,-0.2795551514509348,0.4659090909090909,23.276869682568748,0.107730761657212,3669
blend,90,0,0.3,rank,21,0.3871807560296842,0.5464288798087222,,-0.28709690394097853,0.48295454545454547,15.720187885838614,0.07220741756450146,3669
blend,90,0,0.3,volinv,1,-0.017102052634646692,-0.0233969907662993,,-0.5010807780865099,0.44886363636363635,105.25480623185861,0.47809814855514204,3669
blend,90,0,0.3,volinv,5,0.08324662240292979,0.11272332496979659,,-0.44527300315299245,0.45454545454545453,43.42339229162095,0.1978262166789303,3669
blend,90,0,0.3,volinv,10,0.03724038262943348,0.04912538981207861,,-0.4302278468540133,0.4659090909090909,29.223154351531875,0.1325153814965362,3669
blend,90,0,0.3,volinv,21,0.2422693865793766,0.3289221024425157,,-0.3364325939907771,0.48863636363636365,18.761607940902813,0.08585388139156452,3669
blend,90,2,0.1,equal,1,0.20568833524099372,0.2884753547370999,,-0.31529051428497157,0.5056818181818182,126.92532025074951,0.6228321207009209,3669
blend,90,2,0.1,equal,5,0.37339581918060977,0.5219286167017736,,-0.2964229196898064,0.5,49.8438266557645,0.24225957661644487,3669
blend,90,2,0.1,equal,10,0.4659004155297429,0.652106116289045,,-0.2698445481319396,0.5227272727272727,33.16380485145817,0.16713617905596562,3669
blend,90,2,0.1,equal,21,0.3563351204736959,0.49629005800311593,,-0.2963915422272576,0.5284090909090909,22.421913327882258,0.10733090125392744,3669
blend,90,2,0.1,rank,1,0.22271479713791098,0.3132352175333641,,-0.3182705918412484,0.5113636363636364,127.3822217772685,0.6197916738342975,3669
blend,90,2,0.1,rank,5,0.3912625779176954,0.548191649979319,,-0.29605372865546886,0.5056818181818182,50.22251298442806,0.2421138142562706,3669
blend,90,2,0.1,rank,10,0.4715930603892453,0.6609825714263251,,-0.2689976109458585,0.5340909090909091,33.412233552683894,0.16668791266805685,3669
blend,90,2,0.1,rank,21,0.3675043703500548,0.5110608043448963,,-0.29126539600708423,0.5284090909090909,22.64588435140153,0.10825882485239571,3669
blend,90,2,0.1,volinv,1,0.07816834749302164,0.10456646433697213,,-0.3963940538271381,0.4659090909090909,168.7031080424381,0.7909484303451635,3669
blend,90,2,0.1,volinv,5,0.3323212325297373,0.4459252998920263,,-0.31420033439708517,0.4943181818181818,63.12174022228945,0.2967453324874574,3669
blend,90,2,0.1,volinv,10,0.43772104423351954,0.5963305347628572,,-0.2469349779504726,0.5227272727272727,40.503773562273,0.19333351311696478,3669
blend,90,2,0.1,volinv,21,0.25747156137584254,0.3495323382736412,,-0.31082730269367664,0.5284090909090909,26.148940508842855,0.12350705808766195,3669
blend,90,2,0.2,equal,1,0.12665714838198117,0.18169102952138672,,-0.339277763966367,0.45454545454545453,93.9046189857791,0.4422956947595794,3669
blend,90,2,0.2,equal,5,0.4347020893366876,0.6271473734575345,,-0.30925390929762786,0.5113636363636364,38.02832796241964,0.17717741799210085,3669
blend,90,2,0.2,equal,10,0.39352616049875855,0.5527436507760836,,-0.23513623125219063,0.5,25.857395026694242,0.12188811881913997,3669
blend,90,2,0.2,equal,21,0.3640857913653211,0.5192010687565081,,-0.31582201890428585,0.5,17.56603818960127,0.08173897402712282,3669
blend,90,2,0.2,rank,1,0.15317572374722369,0.21967935169385955,,-0.3298616388440585,0.44886363636363635,96.21666192639063,0.4479156046278504,3669
blend,90,2,0.2,rank,5,0.4489593766633899,0.6459096993065871,,-0.29913614074856687,0.5,39.254745326150754,0.18129453814716595,3669
blend,90,2,0.2,rank,10,0.4062823069760594,0.5716462818634452,,-0.23496209190201423,0.5056818181818182,26.719090984781896,0.12542074090330355,3669
blend,90,2,0.2,rank,21,0.3675527947972446,0.5221578491644183,,-0.3180505402237228,0.48295454545454547,18.254760035621114,0.08470523377492979,3669
blend,90,2,0.2,volinv,1,-0.11557888094024868,-0.15621772983620333,,-0.4680421386530649,0.42613636363636365,129.4173604213457,0.5930923264874634,3669
blend,90,2,0.2,volinv,5,0.24257379725246522,0.3311667721502627,,-0.3755108536651386,0.4715909090909091,50.73081657405457,0.23475686955460512,3669
blend,90,2,0.2,volinv,10,0.22523616953316472,0.30174202367699127,,-0.32797994826431254,0.48295454545454547,34.0107262643993,0.1558241665644393,3669
blend,90,2,0.2,volinv,21,0.3522922463684133,0.48258643855617556,,-0.30402458916562525,0.5113636363636364,21.667006165826947,0.10061410277712594,3669
blend,90,2,0.3,equal,1,0.22406341387300333,0.3210385320639067,,-0.30018466994624615,0.48295454545454547,74.03735659413286,0.3479817378563898,3669
blend,90,2,0.3,equal,5,0.30123797090074644,0.42479763169403184,,-0.28744643683656657,0.48295454545454547,30.525475681842423,0.1428810916730769,3669
blend,90,2,0.3,equal,10,0.347108654432068,0.4907452055854995,,-0.24372631751995522,0.48863636363636365,21.110277390851884,0.09788550987204031,3669
blend,90,2,0.3,equal,21,0.34863929226047785,0.49266310048240874,,-0.2582418254560369,0.5,14.384572763792784,0.06598191118998531,3669
blend,90,2,0.3,rank,1,0.2138430511718739,0.3066798324243709,,-0.29898249116393383,0.48863636363636365,80.47661405484213,0.36962994495305795,3669
blend,90,2,0.3,rank,5,0.35559894968410183,0.5053124958817882,,-0.2881483631785624,0.48295454545454547,33.502611033692766,0.15363249868229928,3669
blend,90,2,0.3,rank,10,0.3689875492903257,0.5221598012330738,,-0.23024435326391768,0.4943181818181818,23.148059695245408,0.10635708891244011,3669
blend,90,2,0.3,rank,21,0.35217002627517224,0.4953413319476145,,-0.2894135287195392,0.48295454545454547,15.856448256080606,0.07251319673728551,3669
blend,90,2,0.3,volinv,1,-0.06181024798502221,-0.08420818192575193,,-0.5083339284470859,0.4318181818181818,105.42665409549025,0.4781450328421525,3669
blend,90,2,0.3,volinv,5,0.005677648396950377,0.007444101103500711,,-0.4499528571849776,0.4659090909090909,43.15905381348386,0.19682274958461482,3669
blend,90,2,0.3,volinv,10,0.08056399353138326,0.1077150983466431,,-0.4128705044843859,0.4772727272727273,28.96579102612975,0.13147886383019974,3669
blend,90,2,0.3,volinv,21,0.2543384813228166,0.34533849457852345,,-0.3079900661080561,0.4715909090909091,18.431017825033873,0.08460175366060808,3669
blend,90,7,0.1,equal,1,0.2913566166450717,0.4065485925451517,,-0.36000658238986716,0.5227272727272727,126.59253202507495,0.6085175913299126,3669
blend,90,7,0.1,equal,5,0.4138332214019041,0.5692803810369027,,-0.28527473010762594,0.5,49.73344235486508,0.23841184638978336,3669
blend,90,7,0.1,equal,10,0.43900515732597883,0.6073138851349413,,-0.29539529736153414,0.5284090909090909,33.88988825292995,0.16248044444262763,3669
blend,90,7,0.1,equal,21,0.35608623523898997,0.4889785091060211,,-0.32654853232809355,0.5284090909090909,22.38266557645135,0.10788765701537831,3669
blend,90,7,0.1,rank,1,0.30129711971706524,0.4196294745004526,,-0.35215904781540797,0.5227272727272727,127.05597398036822,0.6064122897311924,3669
blend,90,7,0.1,rank,5,0.4196191051752962,0.5768885619628666,,-0.28850500064121876,0.5,50.11122744617813,0.23887518837702737,3669
blend,90,7,0.1,rank,10,0.44375100750970453,0.6137825050096015,,-0.29356845707172374,0.5340909090909091,34.21046969213336,0.1635974133221068,3669
blend,90,7,0.1,rank,21,0.3773306224068155,0.5189859392677204,,-0.32027577548934805,0.5284090909090909,22.597045461537917,0.10877145904248534,3669
blend,90,7,0.1,volinv,1,0.17245396130590043,0.2340084689342089,,-0.4363402219097,0.5113636363636364,168.7793934223426,0.793068498705275,3669
blend,90,7,0.1,volinv,5,0.3526518515232215,0.47574145629682163,,-0.3077010964015712,0.5397727272727273,62.975496690461036,0.2973975321238449,3669
blend,90,7,0.1,volinv,10,0.39338952139220634,0.5284700357171674,,-0.2946705618623887,0.5227272727272727,41.58615664473989,0.19694289141188442,3669
blend,90,7,0.1,volinv,21,0.41504956227372247,0.5624092637105806,,-0.31133890604540737,0.5454545454545454,26.157019174098917,0.12459623963162203,3669
blend,90,7,0.2,equal,1,0.2184311050640544,0.30442898173762084,,-0.3279927320807985,0.48863636363636365,93.71631154505954,0.44081424964342975,3669
blend,90,7,0.2,equal,5,0.31001580169805126,0.4260603011223995,,-0.24701058487256156,0.4943181818181818,37.957354945248746,0.1780376143002123,3669
blend,90,7,0.2,equal,10,0.31110231955697404,0.4322446226194413,,-0.2686460201054921,0.5056818181818182,26.019952543568525,0.12482074833768286,3669
blend,90,7,0.2,equal,21,0.3531968962359957,0.4863783174912246,,-0.34496575534473295,0.48295454545454547,17.687095377807704,0.08550901908567826,3669
blend,90,7,0.2,rank,1,0.23196397892177295,0.3234790964782948,,-0.3394825298437374,0.48863636363636365,96.01069387673307,0.445502542208864,3669
blend,90,7,0.2,rank,5,0.3264978362749658,0.45044803581001225,,-0.25440773567424746,0.48295454545454547,39.177604679582736,0.18210190497926665,3669
blend,90,7,0.2,rank,10,0.3442266477880157,0.478526632730587,,-0.2505817046232688,0.5227272727272727,26.989038533789135,0.12834651171419842,3669
blend,90,7,0.2,rank,21,0.37386618847026176,0.5157125851942209,,-0.33918460348807755,0.5,18.40570026480775,0.08768519224632432,3669
blend,90,7,0.2,volinv,1,0.020518495838841817,0.027544429687763473,,-0.4611254907132244,0.4772727272727273,129.59655737916873,0.5946354343448002,3669
blend,90,7,0.2,volinv,5,0.1787534788769686,0.23780875905250706,,-0.2997178362362727,0.48295454545454547,50.66433876203862,0.23431867739694187,3669
blend,90,7,0.2,volinv,10,0.26789761543610713,0.35555974907037,,-0.2698928459122807,0.5056818181818182,34.08070022979672,0.15670221636954457,3669
blend,90,7,0.2,volinv,21,0.2834751103408285,0.37244403651413827,,-0.35801294452322485,0.5056818181818182,22.180276579868174,0.10206859618312833,3669
blend,90,7,0.3,equal,1,0.3700656001792911,0.5306154536432867,,-0.2462082718498726,0.48863636363636365,73.902726852585,0.3467245618897297,3669
blend,90,7,0.3,equal,5,0.4044436382446545,0.5760027337689995,,-0.23544181954844656,0.5113636363636364,30.47894007801718,0.1434463294972021,3669
blend,90,7,0.3,equal,10,0.4423299380509666,0.6358334784766252,,-0.26640828337139344,0.5113636363636364,21.13502066776765,0.0996374161133874,3669
blend,90,7,0.3,equal,21,0.3808743049424546,0.526239510594559,,-0.4155010781838422,0.5,14.408874438867683,0.066474074047248,3669
blend,90,7,0.3,rank,1,0.3370721493516143,0.4795985162994529,,-0.26055047256182906,0.5113636363636364,80.31956113444694,0.3677052720392717,3669
blend,90,7,0.3,rank,5,0.3886347777483461,0.5476310437646507,,-0.24584986792767105,0.5113636363636364,33.4448960546155,0.1539875033738279,3669
blend,90,7,0.3,rank,10,0.4296962349426177,0.6100287130774051,,-0.24383542647770629,0.4943181818181818,23.263105471531922,0.10867858235822442,3669
blend,90,7,0.3,rank,21,0.3896708814702232,0.540449449826194,,-0.39692625961243544,0.4943181818181818,15.880360697938976,0.07289944777487492,3669
blend,90,7,0.3,volinv,1,0.034416151996718956,0.046293930831170706,,-0.46507499272438013,0.4772727272727273,105.79252007534973,0.4796735748798939,3669
blend,90,7,0.3,volinv,5,0.1860362249508564,0.25334781744895213,,-0.32014603695565214,0.4715909090909091,43.067508930653226,0.19581641058670296,3669
blend,90,7,0.3,volinv,10,0.2320102869643278,0.3081256226244965,,-0.3439120220885413,0.48295454545454547,29.375451524062353,0.13316937962700445,3669
blend,90,7,0.3,volinv,21,0.3399746501798414,0.4439518723860443,,-0.4105188600397447,0.5,19.352964040519907,0.08903702800952985,3669
blend,120,0,0.1,equal,1,0.26081307012138455,0.3646536718655627,,-0.32580930083330495,0.4602272727272727,115.64862360316161,0.5658710548609335,3669
blend,120,0,0.1,equal,5,0.4566265169992634,0.641483464862708,,-0.29732259836573494,0.48863636363636365,44.94587080948487,0.22377808282422323,3669
blend,120,0,0.1,equal,10,0.37826542284982373,0.5258064858769413,,-0.315724796160916,0.4943181818181818,29.60158081221041,0.14323282951331368,3669
blend,120,0,0.1,equal,21,0.3740711586451256,0.5144543057225,,-0.3029790140640215,0.5340909090909091,19.571000272553828,0.10343927828109195,3669
blend,120,0,0.1,rank,1,0.27100974610208617,0.3783578894661532,,-0.33045582536755014,0.4715909090909091,115.98076898845308,0.5634913568401574,3669
blend,120,0,0.1,rank,5,0.4570487263179959,0.6416460126141728,,-0.2942098404497081,0.5,45.27945427565849,0.22430546119343145,3669
blend,120,0,0.1,rank,10,0.38231151317344336,0.5304357587679728,,-0.31661949957229907,0.48863636363636365,29.869122446795135,0.14395728373661038,3669
blend,120,0,0.1,rank,21,0.39066673651965655,0.5366453025870109,,-0.29747334340380704,0.5454545454545454,19.720134561105446,0.10385266197886303,3669
blend,120,0,0.1,volinv,1,0.13716385699004857,0.18584735319057558,,-0.40508257579947815,0.4715909090909091,151.13864155673522,0.7145250603339386,3669
blend,120,0,0.1,volinv,5,0.38851769334372094,0.5256419673760868,,-0.2888044041656638,0.5,58.680379178177525,0.2797977704856083,3669
blend,120,0,0.1,volinv,10,0.3611932573296161,0.4839287547084958,,-0.31537297161650246,0.5113636363636364,37.18092853441908,0.1783104850288641,3669
blend,120,0,0.1,volinv,21,0.4952627310757211,0.6636174646607929,,-0.2576201351774853,0.5340909090909091,22.900059541544696,0.11044572938714427,3669
blend,120,0,0.2,equal,1,0.32271537992216937,0.4533233158346234,,-0.29553353640360147,0.5113636363636364,81.07866224167508,0.38251211890052006,3669
blend,120,0,0.2,equal,5,0.4020982207494596,0.5692574395879545,,-0.3097769555123794,0.5056818181818182,32.18650377567216,0.15042162392822223,3669
blend,120,0,0.2,equal,10,0.2964682359242966,0.41687471714727237,,-0.2723285016725324,0.4715909090909091,22.427237747102108,0.10552926423281768,3669
blend,120,0,0.2,equal,21,0.5267734077128039,0.7340196541152872,,-0.25879840156338796,0.5,14.759189072194697,0.06880544207495026,3669
blend,120,0,0.2,rank,1,0.32863900777389593,0.4611599359442821,,-0.2998403671191111,0.5056818181818182,83.16200234471724,0.38754927065964584,3669
blend,120,0,0.2,rank,5,0.4178899221244711,0.5904223290450986,,-0.30453285810072406,0.5056818181818182,33.52330505231809,0.15566029644041043,3669
blend,120,0,0.2,rank,10,0.31639330410663086,0.4443067044679918,,-0.2687856774819113,0.4715909090909091,23.274163286072596,0.10864507883736871,3669
blend,120,0,0.2,rank,21,0.517964045692238,0.7189153642162419,,-0.26783093465930385,0.5056818181818182,15.377060248760358,0.07183251065453798,3669
blend,120,0,0.2,volinv,1,0.1745454234140045,0.23282050275242727,,-0.38212737025957255,0.4602272727272727,113.66550425298361,0.5231857166884514,3669
blend,120,0,0.2,volinv,5,0.3147563728244717,0.4189262351454907,,-0.30469074001039653,0.4715909090909091,44.62519303964509,0.20706724311638525,3669
blend,120,0,0.2,volinv,10,0.1980846273366841,0.2662209413632343,,-0.28829564954868603,0.48295454545454547,30.561274513595816,0.14135576257803897,3669
blend,120,0,0.2,volinv,21,0.4448172621755289,0.5883460706225887,,-0.2646497597738203,0.5113636363636364,18.99834247118177,0.08931515186566773,3669
blend,120,0,0.3,equal,1,0.40507002568654427,0.5672938780524528,,-0.31648863559484497,0.48863636363636365,65.34104384719052,0.30645133431148,3669
blend,120,0,0.3,equal,5,0.4790302139642099,0.6716043477693989,,-0.26613850230945457,0.48295454545454547,25.94854226792795,0.12184448741214418,3669
blend,120,0,0.3,equal,10,0.5207318626223708,0.7332172742313954,,-0.21047903429222703,0.5,17.768025622214534,0.08358113278949182,3669
blend,120,0,0.3,equal,21,0.4960815533284231,0.6859356520737124,,-0.27060685599595424,0.5113636363636364,12.067765715744668,0.05665162430546346,3669
blend,120,0,0.3,rank,1,0.3902154509820282,0.5470799669077138,,-0.3082414690258992,0.4943181818181818,70.39814897309574,0.3230428143765172,3669
blend,120,0,0.3,rank,5,0.4769228563614488,0.6706864836501382,,-0.2742257862131564,0.5113636363636364,28.658457675758125,0.13219902178971082,3669
blend,120,0,0.3,rank,10,0.4711098473237965,0.6629996699814668,,-0.23808729722115163,0.4943181818181818,19.688019416634294,0.0911508131162218,3669
blend,120,0,0.3,rank,21,0.5076234283712592,0.7030770127830646,,-0.2720221871604259,0.5340909090909091,13.267019520779861,0.06156306044120449,3669
blend,120,0,0.3,volinv,1,0.1882235446563036,0.25598435355306387,,-0.3637279921972931,0.5056818181818182,96.53823094104574,0.43779174279823707,3669
blend,120,0,0.3,volinv,5,0.2288943944085734,0.30175318542570667,,-0.3224028207970965,0.4602272727272727,38.38262270445998,0.17539283711295184,3669
blend,120,0,0.3,volinv,10,0.24338618064513798,0.3214972965726862,,-0.36695460769570853,0.5056818181818182,26.249642419519564,0.11946647761615652,3669
blend,120,0,0.3,volinv,21,0.45088448646091095,0.6124843108265937,,-0.28925873187301887,0.5113636363636364,16.73226612291168,0.07704865015199747,3669
blend,120,2,0.1,equal,1,0.37171104424871115,0.5215766928581125,,-0.31726498160147465,0.5,115.49899155083126,0.5668001518186588,3669
blend,120,2,0.1,equal,5,0.4864550030870554,0.6800024445401597,,-0.2595783970111175,0.5227272727272727,44.54783319705641,0.2116331236594558,3669
blend,120,2,0.1,equal,10,0.39544936080870285,0.5392727268645107,,-0.30735005538043214,0.5,29.374216407740526,0.1429214449989759,3669
blend,120,2,0.1,equal,21,0.4406023860973448,0.607045494473877,,-0.26685908746539355,0.5454545454545454,19.407467974925044,0.09277173440335316,3669
blend,120,2,0.1,rank,1,0.3809107187486807,0.5348659912684511,,-0.3198609158887077,0.5056818181818182,115.83099972693137,0.5645026002126191,3669
blend,120,2,0.1,rank,5,0.4905796815515963,0.6864368488881242,,-0.26213179448272383,0.5284090909090909,44.80813210063616,0.2121254448599485,3669
blend,120,2,0.1,rank,10,0.41017071377787806,0.560670904694948,,-0.3058697901310843,0.5227272727272727,29.54536094470779,0.14309987077234998,3669
blend,120,2,0.1,rank,21,0.44502296178208184,0.6126159086448961,,-0.2638976278581865,0.5454545454545454,19.547270404177137,0.09326374358666525,3669
blend,120,2,0.1,volinv,1,0.2543712787500161,0.3422251964277084,,-0.3156595496561696,0.48863636363636365,151.208727549602,0.7134064112361828,3669
blend,120,2,0.1,volinv,5,0.5019462006211198,0.6812458874378388,,-0.25202488319399974,0.5397727272727273,56.97936430797431,0.26825377973715386,3669
blend,120,2,0.1,volinv,10,0.4158969020843532,0.556015452522803,,-0.30771772920481366,0.5227272727272727,36.58096710866386,0.17446632827229253,3669
blend,120,2,0.1,volinv,21,0.5212200525414241,0.7049604624194997,,-0.29135937222958863,0.5340909090909091,23.20767346859223,0.10985566133002572,3669
blend,120,2,0.2,equal,1,0.35618068959555055,0.5044455727018257,,-0.2718849187674054,0.48863636363636365,81.00826158754589,0.3834215725961789,3669
blend,120,2,0.2,equal,5,0.4159928054444716,0.5919475772776882,,-0.28899869395253597,0.5056818181818182,32.09942924021612,0.15195770661821728,3669
blend,120,2,0.2,equal,10,0.4688369045819476,0.6594504812575245,,-0.2568736266019357,0.48863636363636365,21.96995334519744,0.10222227638261168,3669
blend,120,2,0.2,equal,21,0.38087046325861634,0.5228852869585122,,-0.2961040627413115,0.48863636363636365,14.77750468952912,0.06922877647119476,3669
blend,120,2,0.2,rank,1,0.35971768806517335,0.5080282462100313,,-0.2782042294046343,0.5056818181818182,83.0848990015996,0.38902782956205495,3669
blend,120,2,0.2,rank,5,0.43001289592154396,0.609907425408929,,-0.2857691220649813,0.5170454545454546,33.41765055978312,0.1561454842962217,3669
blend,120,2,0.2,rank,10,0.46686689983563645,0.6534431422198876,,-0.2659296981143464,0.5,22.823925935664594,0.10559114976386327,3669
blend,120,2,0.2,rank,21,0.40998581341822976,0.5648644647658205,,-0.2948991205669014,0.4943181818181818,15.351969690331439,0.0717115991867355,3669
blend,120,2,0.2,volinv,1,0.2105893861370448,0.28033867294575876,,-0.32202651421812434,0.4715909090909091,113.6233630867211,0.5227458550092492,3669
blend,120,2,0.2,volinv,5,0.3140805551346865,0.4222099342555907,,-0.27157758391958764,0.4772727272727273,44.42266314127796,0.20523592645913047,3669
blend,120,2,0.2,volinv,10,0.3503337522952659,0.4679514375179029,,-0.30980192560503705,0.48863636363636365,29.440413000533685,0.1354739220393669,3669
blend,120,2,0.2,volinv,21,0.3721274400693821,0.4877179317153473,,-0.31650926692130354,0.5397727272727273,18.897464630947766,0.08846396965053646,3669
blend,120,2,0.3,equal,1,0.3780553894459386,0.5321005937976157,,-0.28054502002196124,0.48863636363636365,65.27086716120809,0.3065979614604024,3669
blend,120,2,0.3,equal,5,0.5009240894486005,0.7117477975289981,,-0.24036467006089435,0.5056818181818182,25.378162049120846,0.11973890357471646,3669
blend,120,2,0.3,equal,10,0.5742245777035315,0.8155088453152932,,-0.2196502917333708,0.5170454545454546,17.53902068069511,0.0816790581190851,3669
blend,120,2,0.3,equal,21,0.5415145784331483,0.7430685331059764,,-0.2338200018128942,0.5170454545454546,11.873367698816166,0.05447253657064743,3669
blend,120,2,0.3,rank,1,0.39524542041982647,0.5595177521873363,,-0.27841589516522347,0.48863636363636365,70.32207269967866,0.3241486345828609,3669
blend,120,2,0.3,rank,5,0.4922244777112873,0.6992776654723165,,-0.24106152137558357,0.5170454545454546,28.207876955984677,0.13077239210550223,3669
blend,120,2,0.3,rank,10,0.5432913647767725,0.7652468814277396,,-0.2318993911769981,0.5170454545454546,19.39253480914245,0.08915839547423454,3669
blend,120,2,0.3,rank,21,0.5256489607120499,0.7241437354154043,,-0.23673830186741984,0.5056818181818182,13.137586227937817,0.060214604960199064,3669
blend,120,2,0.3,volinv,1,0.16143867422916705,0.21428033756709317,,-0.3431936105984231,0.4772727272727273,96.39407201632399,0.43708208239217683,3669
blend,120,2,0.3,volinv,5,0.2665581735517278,0.354714093947065,,-0.3291849998836305,0.5170454545454546,37.210777443554115,0.16987697295581045,3669
blend,120,2,0.3,volinv,10,0.3337055642196633,0.4514472795015047,,-0.29471561441339333,0.5,24.93787176919446,0.11349572499860619,3669
blend,120,2,0.3,volinv,21,0.42656304611706425,0.5622620578809897,,-0.30923322912566675,0.4943181818181818,16.425194159160228,0.076558137396171,3669
blend,120,7,0.1,equal,1,0.24894186417736097,0.3490028126168299,,-0.3209628272092203,0.5,115.31992368492774,0.5599563884905683,3669
blend,120,7,0.1,equal,5,0.3881199592475262,0.5385242929120008,,-0.30367736614224505,0.5056818181818182,44.45707277187244,0.21389611945856815,3669
blend,120,7,0.1,equal,10,0.47691684417002245,0.657839233724865,,-0.2826129618781146,0.5227272727272727,29.372581084764242,0.14149185783517734,3669
blend,120,7,0.1,equal,21,0.2689728976358848,0.36858100277072386,,-0.37691224731613426,0.5170454545454546,19.233578631779775,0.09320024103537491,3669
blend,120,7,0.1,rank,1,0.25735440998508813,0.36039029433758274,,-0.3206000991320457,0.5056818181818182,115.64989604057347,0.5573935814597895,3669
blend,120,7,0.1,rank,5,0.40067929760287546,0.556314017267061,,-0.30200124193562883,0.5056818181818182,44.7147222548073,0.2142597418897595,3669
blend,120,7,0.1,rank,10,0.4934516484021313,0.6799829626177321,,-0.27946938738736093,0.5284090909090909,29.65285703921004,0.14257829979591546,3669
blend,120,7,0.1,rank,21,0.29750860247562816,0.4090691466160287,,-0.36009830607402726,0.5170454545454546,19.38241185836507,0.09364100606524986,3669
blend,120,7,0.1,volinv,1,0.18895164422244454,0.2528102278840376,,-0.339511252468923,0.48863636363636365,151.28055531043393,0.7186292269696175,3669
blend,120,7,0.1,volinv,5,0.34562383946327435,0.4584553787239284,,-0.30523961335518146,0.5227272727272727,56.74442256399743,0.26906705580924306,3669
blend,120,7,0.1,volinv,10,0.41837054408285396,0.5560348052650667,,-0.2925603777236351,0.5,36.72316451893665,0.17390011413154272,3669
blend,120,7,0.1,volinv,21,0.2842207088824339,0.37259257134813517,,-0.2994608605602861,0.5284090909090909,22.945283022133466,0.1096884312937578,3669
blend,120,7,0.2,equal,1,0.28712515056000915,0.40514777380109424,,-0.32470085814259253,0.5,80.844027062992,0.3847108659464106,3669
blend,120,7,0.2,equal,5,0.4170661692434002,0.5803751364584351,,-0.2791720198607578,0.4943181818181818,32.030476327898285,0.15111371006795962,3669
blend,120,7,0.2,equal,10,0.4277862060580029,0.5971335670537029,,-0.27231274692068463,0.5056818181818182,21.954129190515125,0.1060593148020777,3669
blend,120,7,0.2,equal,21,0.31870297626623684,0.43825394689637565,,-0.28718327902750107,0.5170454545454546,14.89416093501996,0.06937835048508689,3669
blend,120,7,0.2,rank,1,0.30225964818030293,0.42552547124271217,,-0.3053508215252426,0.5170454545454546,82.92360924791689,0.3883413653250045,3669
blend,120,7,0.2,rank,5,0.4158838582805589,0.576909738013211,,-0.2785738195147093,0.5113636363636364,33.34926752804327,0.15544289944527345,3669
blend,120,7,0.2,rank,10,0.44546143570371727,0.6185109982222313,,-0.26786223193821257,0.5113636363636364,22.952151627076052,0.10942990008975356,3669
blend,120,7,0.2,rank,21,0.3423532630818604,0.4708002823540004,,-0.2942219115008533,0.5284090909090909,15.459980829797685,0.07184655024217354,3669
blend,120,7,0.2,volinv,1,0.20558062355504608,0.2757941704082904,,-0.3680581710944145,0.48863636363636365,113.87913364830204,0.5224843017888192,3669
blend,120,7,0.2,volinv,5,0.3361576216480621,0.4492752837572841,,-0.3019380587420831,0.4943181818181818,44.290179007581486,0.2044371201732664,3669
blend,120,7,0.2,volinv,10,0.333251458094525,0.4412832240037239,,-0.31569123710095726,0.48863636363636365,30.257894657182465,0.1388828820374316,3669
blend,120,7,0.2,volinv,21,0.2893262758216128,0.37444025440435985,,-0.3388090268685907,0.48295454545454547,19.561166735323823,0.09259090446453072,3669
blend,120,7,0.3,equal,1,0.451787325865646,0.6331839575285991,,-0.2395504363046237,0.5,65.10289105114374,0.30302295208854413,3669
blend,120,7,0.3,equal,5,0.568958689113206,0.7964924004278713,,-0.22549863517327984,0.5113636363636364,25.319681477468812,0.11775348829076093,3669
blend,120,7,0.3,equal,10,0.5021171909082328,0.6934555404714119,,-0.25008843999311015,0.4943181818181818,17.709535583688236,0.0851704150781933,3669
blend,120,7,0.3,equal,21,0.4771227658742712,0.659720024922356,,-0.27878039285066014,0.5170454545454546,11.660968977341405,0.054529736247778474,3669
blend,120,7,0.3,rank,1,0.41873917995105064,0.586462700712917,,-0.2608069578405794,0.5113636363636364,70.16591927793888,0.3206977244088627,3669
blend,120,7,0.3,rank,5,0.5219652344522092,0.7265746899704749,,-0.22542042744422297,0.5113636363636364,28.145161715909932,0.12923237634853968,3669
blend,120,7,0.3,rank,10,0.4973212817409281,0.6875412591319855,,-0.24718172863761434,0.4943181818181818,19.65498602147847,0.09267217660190466,3669
blend,120,7,0.3,rank,21,0.44804664179989856,0.6191294252880392,,-0.27619170338942745,0.5056818181818182,13.018971491064342,0.060274583839556944,3669
blend,120,7,0.3,volinv,1,0.2534129651509217,0.34711400102765605,,-0.36514734898721846,0.4715909090909091,96.4960258287048,0.43768833622779046,3669
blend,120,7,0.3,volinv,5,0.4265258088790701,0.5812094408941991,,-0.2668586623819508,0.4715909090909091,37.26274018678659,0.16933823593026176,3669
blend,120,7,0.3,volinv,10,0.3748705095739065,0.48920410614391,,-0.2843910001153218,0.4943181818181818,25.420533278876178,0.11553586996213816,3669
blend,120,7,0.3,volinv,21,0.5057699641061977,0.6677404702295582,,-0.31477453201446215,0.5227272727272727,15.997199778757931,0.0733388279382533,3669
blend,180,0,0.1,equal,1,0.397421991547801,0.5404179061841039,,-0.38881586876524044,0.5,94.85767239029707,0.4649634612890558,3669
blend,180,0,0.1,equal,5,0.4133279844667175,0.5744575206868187,,-0.33576525540225177,0.5056818181818182,36.38015808122103,0.1826015421239017,3669
blend,180,0,0.1,equal,10,0.3780564522851762,0.5148789627788436,,-0.28871264628562865,0.5056818181818182,24.88607249931861,0.11898586630478711,3669
blend,180,0,0.1,equal,21,0.5430234822696188,0.7084359672848016,,-0.22766329545367991,0.5113636363636364,15.235213954756063,0.08200383682838139,3669
blend,180,0,0.1,rank,1,0.4096324484295721,0.5571157860919446,,-0.3844621574126982,0.5056818181818182,94.86111293699135,0.46077850750777016,3669
blend,180,0,0.1,rank,5,0.4260647700886141,0.5915467162722097,,-0.3354757474225818,0.5113636363636364,36.53803250426633,0.18195763395458,3669
blend,180,0,0.1,rank,10,0.3950575162546982,0.5376756282311539,,-0.28635102630548925,0.5113636363636364,24.966050605800646,0.11894908126954094,3669
blend,180,0,0.1,rank,21,0.5444407945678689,0.7099490930686385,,-0.22671806530616168,0.5056818181818182,15.326472458953953,0.08138202307663178,3669
blend,180,0,0.1,volinv,1,0.22894451067474217,0.2907381506373025,,-0.3902773662379527,0.4715909090909091,124.51801890086882,0.6098234816528483,3669
blend,180,0,0.1,volinv,5,0.3534015205824011,0.4692885695671063,,-0.3234482819198399,0.5056818181818182,47.546467015994416,0.22442372732358867,3669
blend,180,0,0.1,volinv,10,0.3020617858749834,0.39718237553981184,,-0.3436790344484304,0.4715909090909091,31.41677293714931,0.14783583262990815,3669
blend,180,0,0.1,volinv,21,0.581799553505638,0.7472929520463061,,-0.2606712211321517,0.5227272727272727,18.524819939975696,0.08859822055086543,3669
blend,180,0,0.2,equal,1,0.42229091016404896,0.5877512258714492,,-0.2734570229737684,0.5170454545454546,67.5331617847466,0.3242908914054406,3669
blend,180,0,0.2,equal,5,0.47220681333817105,0.6510643945946573,,-0.24378021426143015,0.5170454545454546,27.008301668991386,0.1314020818525825,3669
blend,180,0,0.2,equal,10,0.4927203987369065,0.6787063939611346,,-0.273964062140438,0.5227272727272727,18.24127747583089,0.08665065277220452,3669
blend,180,0,0.2,equal,21,0.5542685891285642,0.7458990704540782,,-0.26955541596088306,0.48295454545454547,11.830239045740944,0.054926812176036725,3669
blend,180,0,0.2,rank,1,0.428202686537887,0.5921971589202053,,-0.28943963019101093,0.5284090909090909,68.91409303609906,0.32450609313047707,3669
blend,180,0,0.2,rank,5,0.4795154368967673,0.6602189802126727,,-0.2598501365205207,0.5227272727272727,27.846996558737743,0.1326300436717318,3669
blend,180,0,0.2,rank,10,0.49774760450698474,0.6832063011709085,,-0.2534594542025612,0.5170454545454546,18.91601639094117,0.0887653864535253,3669
blend,180,0,0.2,rank,21,0.5609324732266678,0.7515860308128687,,-0.2568280756177106,0.48863636363636365,12.289766990248369,0.05679958899196036,3669
blend,180,0,0.2,volinv,1,0.23386740225758557,0.30369971169557075,,-0.32519093447438685,0.5113636363636364,97.65512141087791,0.44758193465432244,3669
blend,180,0,0.2,volinv,5,0.36193610628986217,0.46561596450338866,,-0.26634748179223633,0.5113636363636364,38.17914919724714,0.17648819227078105,3669
blend,180,0,0.2,volinv,10,0.42427618427155245,0.547794835453056,,-0.2755669463634237,0.5170454545454546,25.53833408816074,0.1167578770844432,3669
blend,180,0,0.2,volinv,21,0.5602031423832223,0.7261124019488574,,-0.2562516338070203,0.5340909090909091,16.043126445002503,0.07478639403429285,3669
blend,180,0,0.3,equal,1,0.46788631220211147,0.6399991422771835,,-0.23672294379052505,0.5,52.5558891888445,0.24120415703284573,3669
blend,180,0,0.3,equal,5,0.5304353750674589,0.7327543412774138,,-0.2080125459417359,0.5113636363636364,20.86731041080218,0.09653541003935737,3669
blend,180,0,0.3,equal,10,0.5127330252700734,0.7033281165818492,,-0.25249476381193603,0.5170454545454546,14.294485988255408,0.06627861951602171,3669
blend,180,0,0.3,equal,21,0.45490943454465227,0.6051705921127642,,-0.2627087149677342,0.5170454545454546,9.543496294668394,0.0451550205589861,3669
blend,180,0,0.3,rank,1,0.46230108666221503,0.6333126397529267,,-0.26559239106427135,0.5227272727272727,56.95681350482182,0.2581375610253005,3669
blend,180,0,0.3,rank,5,0.5214551823303625,0.7182557576689064,,-0.22922779419804773,0.5056818181818182,23.082781335106798,0.10552517038904788,3669
blend,180,0,0.3,rank,10,0.5039651677537258,0.6905619241812605,,-0.2566708477545284,0.5113636363636364,15.899290131156507,0.07282407082676182,3669
blend,180,0,0.3,rank,21,0.4978870247613551,0.6620137823576876,,-0.2625241832432744,0.5,10.502395783237382,0.048786361721339475,3669
blend,180,0,0.3,volinv,1,0.2803098287878278,0.35866853146510397,,-0.36102807249877433,0.4772727272727273,81.93657443978071,0.3700972376111412,3669
blend,180,0,0.3,volinv,5,0.3437602085572562,0.4374071277131698,,-0.3122946878027739,0.48295454545454547,32.30553759412264,0.1475382736533679,3669
blend,180,0,0.3,volinv,10,0.3045037971368659,0.3935164271648441,,-0.2942832085967584,0.4715909090909091,22.343763545949578,0.10172886251581319,3669
blend,180,0,0.3,volinv,21,0.5044262609917003,0.6431214181330366,,-0.2785598272833022,0.5170454545454546,14.0224593154502,0.06479645740168008,3669
blend,180,2,0.1,equal,1,0.3252561421860483,0.45108698534240294,,-0.29626632696266497,0.4715909090909091,94.73829381302806,0.47567531398315743,3669
blend,180,2,0.1,equal,5,0.3611981724374856,0.4920923406538378,,-0.2784756450195526,0.5056818181818182,35.348214772417556,0.16901588022071767,3669
blend,180,2,0.1,equal,10,0.40235334468886014,0.5171855949930907,,-0.24413401836700865,0.4943181818181818,23.485690923957478,0.11475012722192232,3669
blend,180,2,0.1,equal,21,0.5604778431195155,0.7334984585234179,,-0.2233986088323513,0.5511363636363636,15.246661215590079,0.07326077905104923,3669
blend,180,2,0.1,rank,1,0.3390435651221433,0.4705181130965133,,-0.2994779052145704,0.4772727272727273,94.74569028387451,0.47000248735284916,3669
blend,180,2,0.1,rank,5,0.3772130140980549,0.5142703863430446,,-0.2761906457989094,0.5170454545454546,35.52744780757406,0.16895787083975805,3669
blend,180,2,0.1,rank,10,0.40297845616958494,0.5176965064364419,,-0.24676186631070318,0.5,23.65496427161209,0.11485877751455235,3669
blend,180,2,0.1,rank,21,0.5630327606170349,0.7365196197981194,,-0.2190476752492415,0.5454545454545454,15.434474672768339,0.07378628678573196,3669
blend,180,2,0.1,volinv,1,0.20922562692178706,0.27346954633062587,,-0.34154102777254014,0.48863636363636365,124.30463656682532,0.5990007516981395,3669
blend,180,2,0.1,volinv,5,0.27480930480591226,0.35894500518069355,,-0.29512656916055546,0.48863636363636365,46.15590760129639,0.21659986592719527,3669
blend,180,2,0.1,volinv,10,0.4066481630591239,0.5214747086982728,,-0.2784801984834322,0.4715909090909091,29.828202963078972,0.14165592911726557,3669
blend,180,2,0.1,volinv,21,0.5970980141181588,0.7768325039547,,-0.2613938372109502,0.5227272727272727,19.17018647289553,0.09089583881668829,3669
blend,180,2,0.2,equal,1,0.35213219662632134,0.4873500563466225,,-0.27291944796044076,0.48295454545454547,67.4633334936591,0.32544969426351605,3669
blend,180,2,0.2,equal,5,0.5645075912575964,0.7733417739825972,,-0.2303016935882396,0.5113636363636364,26.282521283247554,0.12330076082969361,3669
blend,180,2,0.2,equal,10,0.5423085103170627,0.7280194786478905,,-0.23614702192595238,0.5227272727272727,17.76116588908662,0.08539309250690304,3669
blend,180,2,0.2,equal,21,0.5214072569572701,0.7009478024945706,,-0.2467774754058164,0.48863636363636365,11.69458900485787,0.05449026006754239,3669
blend,180,2,0.2,rank,1,0.37618437053015824,0.519914604506478,,-0.2767159919554323,0.5056818181818182,68.84467805826442,0.32587711316840995,3669
blend,180,2,0.2,rank,5,0.5597954521186871,0.7644709291211291,,-0.2314957136312541,0.5170454545454546,27.104917843612885,0.12548420924055131,3669
blend,180,2,0.2,rank,10,0.5386588290359798,0.7195221337697764,,-0.2246454018891184,0.5227272727272727,18.341463911888432,0.0866565081995425,3669
blend,180,2,0.2,rank,21,0.5327573321339173,0.7126422953440206,,-0.23199205929238853,0.48863636363636365,12.203067287644327,0.05649969789355587,3669
blend,180,2,0.2,volinv,1,0.22600849948083374,0.29648928951521664,,-0.3246437283947491,0.4602272727272727,97.84981525122313,0.44873461775703716,3669
blend,180,2,0.2,volinv,5,0.5037766495510875,0.6602871498673897,,-0.2441664698502325,0.48863636363636365,37.55892534802243,0.1731205080326845,3669
blend,180,2,0.2,volinv,10,0.4852644753269356,0.629010138914798,,-0.25989963127028326,0.5,24.745029296476783,0.1134560086911158,3669
blend,180,2,0.2,volinv,21,0.5555390430290285,0.7213292520943164,,-0.2485323630680606,0.5340909090909091,15.990401072807272,0.07453769115945397,3669
blend,180,2,0.3,equal,1,0.4023564739254209,0.5542830312006323,,-0.22597938367625992,0.5056818181818182,52.51557492242905,0.24170716415533214,3669
blend,180,2,0.3,equal,5,0.550065360856461,0.7567790584283884,,-0.23090623123171328,0.5056818181818182,20.947250298139412,0.09661178015798014,3669
blend,180,2,0.3,equal,10,0.5073843319325438,0.6914253719426543,,-0.2669554380238345,0.4943181818181818,14.005977913444228,0.0647476900971014,3669
blend,180,2,0.3,equal,21,0.4820443858933603,0.6440398434139463,,-0.24980983063059958,0.5170454545454546,9.26456681716378,0.043679129369536634,3669
blend,180,2,0.3,rank,1,0.41862905291928987,0.5772426878563948,,-0.24456591262883332,0.5170454545454546,56.908521131768524,0.25837666048149055,3669
blend,180,2,0.3,rank,5,0.554647589082598,0.7610789933950726,,-0.2271182802641344,0.5284090909090909,22.93429731545579,0.10423180866742271,3669
blend,180,2,0.3,rank,10,0.5198400904048348,0.7042786298142688,,-0.2521176753446509,0.5113636363636364,15.442315299027237,0.07040285846050419,3669
blend,180,2,0.3,rank,21,0.5128356893360634,0.6837746979164355,,-0.2450413503980814,0.5113636363636364,10.318728014837717,0.047777588075858725,3669
blend,180,2,0.3,volinv,1,0.21508548240914496,0.27470143918185114,,-0.32879868089011166,0.4602272727272727,81.83503986065018,0.3697389857223422,3669
blend,180,2,0.3,volinv,5,0.3543236603018095,0.44897968091482776,,-0.26746263063916087,0.48863636363636365,32.37537785398129,0.14696307866895225,3669
blend,180,2,0.3,volinv,10,0.41210524086436895,0.5335856871986079,,-0.2545219139770122,0.5,21.656852773097004,0.09809579740483543,3669
blend,180,2,0.3,volinv,21,0.5496126059097851,0.7052212696330148,,-0.2688714937552513,0.5113636363636364,13.452185564546605,0.06206031303613892,3669
blend,180,7,0.1,equal,1,0.3127403956002159,0.4199437433905907,,-0.3218204913890781,0.4715909090909091,94.5754156445898,0.46555844719460016,3669
blend,180,7,0.1,equal,5,0.522706067580538,0.682972693614894,,-0.26024258694120594,0.5113636363636364,35.21477241755247,0.17019379885970431,3669
blend,180,7,0.1,equal,10,0.6187666100576944,0.815483487488359,0.17162718091808354,-0.24444177122722743,0.5227272727272727,24.327337149086944,0.11758136938359558,3669
blend,180,7,0.1,equal,21,0.6292789936953596,0.8303242141786789,0.19015859756013972,-0.2466518693111578,0.5056818181818182,15.771327337149087,0.07667309867343011,3669
blend,180,7,0.1,rank,1,0.32999069504995227,0.44362999523544705,,-0.3142627291764639,0.4772727272727273,94.58432098736024,0.46093361564172897,3669
blend,180,7,0.1,rank,5,0.5177735096082028,0.6741173003452049,,-0.2587717731831698,0.5227272727272727,35.397678327170006,0.17000382754755208,3669
blend,180,7,0.1,rank,10,0.6171601044482756,0.8119044584697535,0.19932493628364908,-0.2379738455847118,0.5170454545454546,24.4467773348681,0.11771781281940139,3669
blend,180,7,0.1,rank,21,0.6363450470985308,0.8401722868669164,0.18741001151785594,-0.24958701170884057,0.5170454545454546,15.847398328175457,0.0766059134331668,3669
blend,180,7,0.1,volinv,1,0.28265818666866166,0.37013992803806334,,-0.31681180679157084,0.48295454545454547,124.25008128542113,0.585310949957863,3669
blend,180,7,0.1,volinv,5,0.5319125551089924,0.6941588531205928,,-0.2668404232728503,0.4772727272727273,45.75060105754065,0.21623794229364224,3669
blend,180,7,0.1,volinv,10,0.6888125486854855,0.9112034067618664,0.2530129588246178,-0.21945318974785544,0.5,30.341748435506904,0.1432184446726446,3669
blend,180,7,0.1,volinv,21,0.6956667365595705,0.9099780931362589,0.29059171511576143,-0.22343482658671,0.4943181818181818,19.533460861159327,0.0928601651950627,3669
blend,180,7,0.2,equal,1,0.45807125390925046,0.6283117786315962,,-0.26539471639971945,0.48863636363636365,67.34229554454652,0.3199907388684238,3669
blend,180,7,0.2,equal,5,0.5195642809663964,0.7083038695422985,,-0.23797258682510936,0.5284090909090909,26.231008609494488,0.12419683898814196,3669
blend,180,7,0.2,equal,10,0.525272293707629,0.7152096904747585,,-0.25834523345457805,0.5113636363636364,17.794699629647443,0.08604939758801504,3669
blend,180,7,0.2,equal,21,0.47085543741664804,0.6374848999515138,,-0.2497798352921079,0.48295454545454547,11.718695589437738,0.05509755356428169,3669
blend,180,7,0.2,rank,1,0.4626497931448399,0.6310804542702685,,-0.2638245794543549,0.5113636363636364,68.72431813290349,0.320863281128252,3669
blend,180,7,0.2,rank,5,0.5223963921757735,0.7057918372114951,,-0.2269187205781764,0.5227272727272727,27.049500097576843,0.12614317713073603,3669
blend,180,7,0.2,rank,10,0.5349460014130448,0.7225231408869931,,-0.24099945070443518,0.5056818181818182,18.53687811280854,0.08819929918375008,3669
blend,180,7,0.2,rank,21,0.5064504743775468,0.6828469804136941,,-0.22666414364004728,0.48295454545454547,12.176774160456336,0.05688337963510047,3669
blend,180,7,0.2,volinv,1,0.40202555716157923,0.5318125861299404,,-0.253616041341452,0.5113636363636364,97.81582746407089,0.4481171064733065,3669
blend,180,7,0.2,volinv,5,0.4824040811534023,0.6376316184977678,,-0.26363973423902765,0.5056818181818182,37.497785093554604,0.17252831037254082,3669
blend,180,7,0.2,volinv,10,0.4973147925046111,0.6564828925293376,,-0.2541521726529483,0.5284090909090909,25.289103172549815,0.11545102480766645,3669
blend,180,7,0.2,volinv,21,0.542165360810814,0.7075134777342111,,-0.26570112699634685,0.5170454545454546,15.821571423602578,0.07510275602580932,3669
blend,180,7,0.3,equal,1,0.5420798130818915,0.750569258806981,,-0.29095069458897227,0.5113636363636364,52.4461447969358,0.2415168261186736,3669
blend,180,7,0.3,equal,5,0.5342221632935247,0.7320126994002717,,-0.2936723132353266,0.5227272727272727,20.906687178227582,0.09658480866754436,3669
blend,180,7,0.3,equal,10,0.602731156436613,0.8182156727780958,0.1737320074339727,-0.24447467024122815,0.5056818181818182,14.383830727912635,0.067104892705307,3669
blend,180,7,0.3,equal,21,0.4847220718450937,0.6521039122380204,,-0.29680695234676624,0.5113636363636364,9.22558912025441,0.04235454532600583,3669
blend,180,7,0.3,rank,1,0.5205675129189348,0.7172139723021477,,-0.27443278215799505,0.5170454545454546,56.81571034050418,0.2574073009042037,3669
blend,180,7,0.3,rank,5,0.5394598696344114,0.7348576997140476,,-0.24493371686368481,0.5284090909090909,22.884834792325524,0.10430112732989663,3669
blend,180,7,0.3,rank,10,0.5900775700950586,0.7977933673382761,,-0.2256189693748719,0.5113636363636364,15.855770765761537,0.0732239573230013,3669
blend,180,7,0.3,rank,21,0.5262668887746367,0.7083708933009565,,-0.265286490827385,0.48863636363636365,10.293531906547116,0.047030434856710684,3669
blend,180,7,0.3,volinv,1,0.43150754263577895,0.570233817892168,,-0.29113022387825227,0.4943181818181818,81.73263616735916,0.36894959525918763,3669
blend,180,7,0.3,volinv,5,0.5185323790430665,0.6846822651801819,,-0.2601677442920317,0.48863636363636365,32.34665661994576,0.1470760066449489,3669
blend,180,7,0.3,volinv,10,0.5288042232809038,0.676460206274491,,-0.2436472298422857,0.5340909090909091,22.059901561503978,0.10031325472365946,3669
blend,180,7,0.3,volinv,21,0.5568345583383083,0.716120451998367,,-0.24256409717859828,0.5227272727272727,13.821679364583419,0.06384706740763321,3669
blend,252,0,0.1,equal,1,0.3014601023815863,0.3890040606122111,,-0.3232659480016665,0.42613636363636365,76.90869446715726,0.38031396558229613,3669
blend,252,0,0.1,equal,5,0.47763263519682914,0.6070554832419855,,-0.2735265150148477,0.4602272727272727,28.572090487871353,0.1351772442682563,3669
blend,252,0,0.1,equal,10,0.450197855629261,0.5637798880266339,,-0.27330555492039865,0.45454545454545453,18.803216135186695,0.08868065926836545,3669
blend,252,0,0.1,equal,21,0.5132379942497206,0.6607358256611884,,-0.20770396142623804,0.4715909090909091,12.762333060779502,0.07037031796506767,3669
blend,252,0,0.1,rank,1,0.3202523840378727,0.4122334329014404,,-0.32227700735505593,0.42613636363636365,77.05746036708891,0.3772965410351577,3669
blend,252,0,0.1,rank,5,0.4856641772985441,0.6166969827294155,,-0.27684524320056947,0.4659090909090909,28.76869605666253,0.1355845850456754,3669
blend,252,0,0.1,rank,10,0.44243290763305665,0.5530697137030531,,-0.27679103390858273,0.44886363636363635,19.022405486378897,0.08939355207535413,3669
blend,252,0,0.1,rank,21,0.5106812010928149,0.6554158782714227,,-0.20837343113183837,0.4715909090909091,12.887514376467436,0.07105883971419777,3669
blend,252,0,0.1,volinv,1,0.11718440033590757,0.14162116574339634,,-0.307905507840175,0.42045454545454547,108.50235534988974,0.5227106408125237,3669
blend,252,0,0.1,volinv,5,0.3684254274419804,0.44422533117545365,,-0.25819221093837774,0.4602272727272727,39.72808050554804,0.190369649166869,3669
blend,252,0,0.1,volinv,10,0.35678621500221025,0.4312936798953853,,-0.31534460401611897,0.4659090909090909,26.181020495393014,0.12275442393886372,3669
blend,252,0,0.1,volinv,21,0.4945190598949486,0.6110586921283794,,-0.2326207873023628,0.4943181818181818,16.902227491834026,0.08133233242253583,3669
blend,252,0,0.2,equal,1,0.3913863183031588,0.5129608712899857,,-0.28245418836288483,0.4602272727272727,54.38634344989016,0.2599773385534837,3669
blend,252,0,0.2,equal,5,0.4614887736947422,0.608350608724864,,-0.28384450005118134,0.48863636363636365,21.031965754412965,0.09889843153211178,3669
blend,252,0,0.2,equal,10,0.5423627994847462,0.7060321604751656,,-0.2594672520457453,0.5056818181818182,14.260122168245875,0.06793940676793415,3669
blend,252,0,0.2,equal,21,0.5020749988094158,0.6420737682338101,,-0.2789657864652181,0.4943181818181818,9.006772161031215,0.04400329105993779,3669
blend,252,0,0.2,rank,1,0.4082348670939345,0.5341623689292935,,-0.26879463065844145,0.4602272727272727,55.78197085635324,0.26171996292739486,3669
blend,252,0,0.2,rank,5,0.47570808147777727,0.6242336341988038,,-0.2619485212686421,0.4772727272727273,21.855616991401295,0.10133664965011172,3669
blend,252,0,0.2,rank,10,0.5309756878405836,0.687520975945773,,-0.24611778034398535,0.4943181818181818,14.861665798370444,0.06958196069449535,3669
blend,252,0,0.2,rank,21,0.5126408232178319,0.6547964867488589,,-0.26978718356147124,0.4943181818181818,9.466889998589155,0.045532054215838044,3669
blend,252,0,0.2,volinv,1,0.2777047162475878,0.3407884285653746,,-0.30427125090215457,0.4772727272727273,79.88531560853872,0.36552126312010824,3669
blend,252,0,0.2,volinv,5,0.39521798204436737,0.48829436110792207,,-0.3058563060858055,0.4715909090909091,31.170012536063606,0.143600670891747,3669
blend,252,0,0.2,volinv,10,0.4518157821366938,0.5528446939769502,,-0.28386521791056196,0.48863636363636365,21.160867623678094,0.09733751320606482,3669
blend,252,0,0.2,volinv,21,0.4626132557914021,0.5621082022012373,,-0.354949117732291,0.4772727272727273,13.19804034582075,0.06204990445504732,3669
blend,252,0,0.3,equal,1,0.34747971472793193,0.4501841212450665,,-0.2782444296501695,0.4602272727272727,43.86756585730029,0.20332360759424267,3669
blend,252,0,0.3,equal,5,0.4581848585724007,0.5927939492574523,,-0.24810252548372902,0.48295454545454547,17.19271615511652,0.07906188988182995,3669
blend,252,0,0.3,equal,10,0.44298162429687055,0.5709521422447186,,-0.2566732399727365,0.48863636363636365,11.507908693389869,0.0531755659606012,3669
blend,252,0,0.3,equal,21,0.4007655499738539,0.5156719924160571,,-0.28851317698468293,0.5,7.631774777890174,0.035373120973372287,3669
blend,252,0,0.3,rank,1,0.38008269456278004,0.4930341967498196,,-0.25560186089628756,0.4659090909090909,47.23399500370942,0.2146802284750484,3669
blend,252,0,0.3,rank,5,0.4746550061926897,0.6143406695094488,,-0.22353942419533612,0.4715909090909091,18.75624199329139,0.0851518332979603,3669
blend,252,0,0.3,rank,10,0.4744937581444162,0.6101217149169491,,-0.24855491141121044,0.48863636363636365,12.709410371514414,0.058042013409899576,3669
blend,252,0,0.3,rank,21,0.45424275878933934,0.5832262596675113,,-0.2817476348882806,0.4943181818181818,8.366932696458374,0.03842983381406044,3669
blend,252,0,0.3,volinv,1,0.20922245456362346,0.25477288433082346,,-0.32884601840251126,0.4602272727272727,68.80329930363592,0.31165010336960486,3669
blend,252,0,0.3,volinv,5,0.3616372934080602,0.440084289696268,,-0.3093350311054195,0.4602272727272727,27.82095575634252,0.12697298215425332,3669
blend,252,0,0.3,volinv,10,0.30481878284869457,0.37059939474879555,,-0.3063617399554678,0.4715909090909091,18.79361132177544,0.08547077064899497,3669
blend,252,0,0.3,volinv,21,0.3855784450377049,0.4733631803885321,,-0.3945864815948653,0.48863636363636365,12.031270454286817,0.05634566518994208,3669
blend,252,2,0.1,equal,1,0.45606287588661854,0.5866033823651338,,-0.25887570052819064,0.4715909090909091,76.81793404197327,0.385544191282688,3669
blend,252,2,0.1,equal,5,0.5118168320416273,0.6580051438502936,,-0.24711760998855403,0.48295454545454547,28.85936222403925,0.13999918549842982,3669
blend,252,2,0.1,equal,10,0.473316870203812,0.5970206480843991,,-0.24408444865127799,0.48863636363636365,19.116653038975194,0.09192159465150174,3669
blend,252,2,0.1,equal,21,0.628667980919115,0.8275841031515256,0.2222092663503786,-0.22240787955913432,0.5,12.30962115017716,0.06769961652004172,3669
blend,252,2,0.1,rank,1,0.4558013687262037,0.5840358870205798,,-0.2646226478468744,0.4715909090909091,76.96253332322311,0.38260261068065404,3669
blend,252,2,0.1,rank,5,0.5106412704210954,0.6546843188973067,,-0.25058444635346566,0.48863636363636365,29.029626974265042,0.13978605922660706,3669
blend,252,2,0.1,rank,10,0.46109318631139184,0.5796635125661679,,-0.24880619598477371,0.4772727272727273,19.255365442112005,0.09210234656195851,3669
blend,252,2,0.1,rank,21,0.6260135525744729,0.8225057363116025,0.22522358541569804,-0.22244793824766507,0.4943181818181818,12.407065378708136,0.0679565856901416,3669
blend,252,2,0.1,volinv,1,0.24019650364443162,0.29435304069054397,,-0.27017470414045786,0.45454545454545453,108.36024504880727,0.5219190852004414,3669
blend,252,2,0.1,volinv,5,0.3955561073745321,0.4872869009226325,,-0.23320153690332157,0.4431818181818182,41.401829036554055,0.20348917604436098,3669
blend,252,2,0.1,volinv,10,0.41628235753311454,0.5095573127480256,,-0.3159242187211373,0.4431818181818182,26.356014471034754,0.12630879211144552,3669
blend,252,2,0.1,volinv,21,0.5676331168296054,0.7164600884824719,,-0.2373591591878227,0.4943181818181818,16.439434818264008,0.07875512285801584,3669
blend,252,2,0.2,equal,1,0.41372075752693976,0.5431788581711963,,-0.26979940069454555,0.4772727272727273,54.35200166738812,0.2601483971548031,3669
blend,252,2,0.2,equal,5,0.45004982815247496,0.5839728244113519,,-0.2532133154958096,0.4772727272727273,20.99396854408157,0.10203047092270676,3669
blend,252,2,0.2,equal,10,0.5470778962842591,0.7042353422123855,,-0.260499278203538,0.48295454545454547,13.8734404309557,0.06903496804549503,3669
blend,252,2,0.2,equal,21,0.5491729407837997,0.7116187578885896,,-0.2989367464488871,0.48863636363636365,9.106228656630272,0.042674362711410674,3669
blend,252,2,0.2,rank,1,0.4205397795719045,0.549704265385074,,-0.2587996807017625,0.48863636363636365,55.74137649298551,0.26286480653883737,3669
blend,252,2,0.2,rank,5,0.4629616259309416,0.5981224597336104,,-0.24567928288124774,0.4943181818181818,21.77166795861099,0.1030701615885294,3669
blend,252,2,0.2,rank,10,0.5319535694092913,0.6797972296012634,,-0.25219347361866595,0.4943181818181818,14.443757871985511,0.06962981640967092,3669
blend,252,2,0.2,rank,21,0.5758139653804094,0.7467835326740002,,-0.2728089498375931,0.48863636363636365,9.467766365715931,0.04400279807074846,3669
blend,252,2,0.2,volinv,1,0.32857610794927733,0.4055242259781776,,-0.3246796465978067,0.48863636363636365,79.90606383587907,0.366985515171951,3669
blend,252,2,0.2,volinv,5,0.40047065307307106,0.4930332248908235,,-0.2941911937083338,0.48863636363636365,31.048922275655972,0.14374446202206267,3669
blend,252,2,0.2,volinv,10,0.4569790445971876,0.5550355895889452,,-0.2895897455448856,0.48863636363636365,20.19768545759884,0.09334918998909808,3669
blend,252,2,0.2,volinv,21,0.5660972308928437,0.7025863160905957,,-0.30336665047325895,0.5,13.277820117092924,0.064739631200111,3669
blend,252,2,0.3,equal,1,0.357334023808744,0.46348278410879973,,-0.2503126944756561,0.4659090909090909,43.832477514309076,0.20281207628574538,3669
blend,252,2,0.3,equal,5,0.45097759441802315,0.5844789694939115,,-0.23565271135415256,0.4772727272727273,17.021742944033818,0.0790361981836683,3669
blend,252,2,0.3,equal,10,0.4346895197711107,0.556070461322079,,-0.2831348604148509,0.4659090909090909,11.507748522230372,0.05375128064737109,3669
blend,252,2,0.3,equal,21,0.4427985337799781,0.5688961181847405,,-0.3009804435623522,0.48863636363636365,7.467482604494228,0.03399093658184746,3669
blend,252,2,0.3,rank,1,0.38313915580425534,0.4964781570728725,,-0.2441181784503612,0.45454545454545453,47.19262097331339,0.2146749336459773,3669
blend,252,2,0.3,rank,5,0.4655451451176209,0.6014272479583682,,-0.23374081414167813,0.4715909090909091,18.682222486720075,0.08521680442685463,3669
blend,252,2,0.3,rank,10,0.4669233726052041,0.5949920217812369,,-0.2698457910059092,0.5,12.656025321990358,0.058105075999284564,3669
blend,252,2,0.3,rank,21,0.5101764080433597,0.6567764927686093,,-0.2789747332878296,0.48295454545454547,8.245204864183306,0.03739618562248761,3669
blend,252,2,0.3,volinv,1,0.21271189354111217,0.2600866699704114,,-0.3486043013101956,0.45454545454545453,68.87201554764941,0.31205606587894263,3669
blend,252,2,0.3,volinv,5,0.275342608983676,0.33270625453523694,,-0.2988328518673985,0.4431818181818182,27.881675072914266,0.1272589894566894,3669
blend,252,2,0.3,volinv,10,0.3624718417476235,0.438363069524928,,-0.2935611794359242,0.4659090909090909,18.76544256652132,0.08540196370436956,3669
blend,252,2,0.3,volinv,21,0.4357555074633976,0.5373657269407726,,-0.3844719876957069,0.4772727272727273,11.875903738321348,0.055295232019127276,3669
blend,252,7,0.1,equal,1,0.5445618908011188,0.6946907332386488,,-0.23042491787209152,0.45454545454545453,76.54401744344507,0.3744410759073016,3669
blend,252,7,0.1,equal,5,0.5081484617652513,0.6383214015470008,,-0.2326283859357181,0.48863636363636365,28.802943581357315,0.14670036713187534,3669
blend,252,7,0.1,equal,10,0.5535523314321503,0.7182617617809426,,-0.2205002240592926,0.4943181818181818,18.834559825565545,0.09404306008931429,3669
blend,252,7,0.1,equal,21,0.6118931045687092,0.800482207438272,0.14647378884151338,-0.2810566541965498,0.48295454545454547,12.282365767239028,0.06750464982601208,3669
blend,252,7,0.1,rank,1,0.5306782552675969,0.6746527016369188,,-0.2393098828848228,0.45454545454545453,76.69382036408369,0.37188911077559855,3669
blend,252,7,0.1,rank,5,0.496748976463469,0.6213329806193163,,-0.2370854400011786,0.48295454545454547,28.972279454971027,0.1462137336495929,3669
blend,252,7,0.1,rank,10,0.5543363782703564,0.7167803610095791,,-0.22179127600233528,0.48295454545454547,19.03032386320005,0.09465159967052822,3669
blend,252,7,0.1,rank,21,0.6118804545791007,0.7972832872472898,0.14437567995402528,-0.2815985065962574,0.48295454545454547,12.428848707725953,0.06761635208296968,3669
blend,252,7,0.1,volinv,1,0.372601304435699,0.45423844663316054,,-0.2543835096347512,0.4659090909090909,108.20014715592839,0.526454552444103,3669
blend,252,7,0.1,volinv,5,0.3878466491217732,0.47316187975007706,,-0.25467157957139275,0.4659090909090909,41.220720813429686,0.19805101667637937,3669
blend,252,7,0.1,volinv,10,0.5266454368115946,0.6586926968012907,,-0.23548037652231635,0.4772727272727273,26.12858258766178,0.12296152635385951,3669
blend,252,7,0.1,volinv,21,0.6260048670238825,0.7881998327058098,0.17936325672997502,-0.29931324150905547,0.48295454545454547,16.636232068105098,0.0792933393240921,3669
blend,252,7,0.2,equal,1,0.553176860929899,0.7163115522310878,,-0.29297119055638154,0.48863636363636365,54.204062655315596,0.26220948875410877,3669
blend,252,7,0.2,equal,5,0.5125096253239433,0.6599220429722796,,-0.28621522147975986,0.48863636363636365,20.932725698619592,0.10120970376941388,3669
blend,252,7,0.2,equal,10,0.5147157986704533,0.656311911664355,,-0.2766628969388688,0.48863636363636365,14.167837044875185,0.06911931986721447,3669
blend,252,7,0.2,equal,21,0.5425800277357675,0.7058052189415919,,-0.2654698076047822,0.4715909090909091,9.159189072194698,0.04243811967418465,3669
blend,252,7,0.2,rank,1,0.54438115468169,0.6993155360758188,,-0.28065183375832314,0.4943181818181818,55.58228790885352,0.2633813083404079,3669
blend,252,7,0.2,rank,5,0.5070620904021673,0.6474152238718222,,-0.274879047028342,0.48863636363636365,21.708902328528087,0.10264246436850463,3669
blend,252,7,0.2,rank,10,0.5233345876259329,0.6664547615836772,,-0.2663220150442489,0.5,14.744199809757731,0.07086378035391827,3669
blend,252,7,0.2,rank,21,0.5671321780917213,0.7360145012113865,,-0.24775551998575196,0.4772727272727273,9.598014722567504,0.044282576160280154,3669
blend,252,7,0.2,volinv,1,0.4345414436232596,0.5333536087289699,,-0.2984680152833251,0.4943181818181818,79.69758675854814,0.3653730709777973,3669
blend,252,7,0.2,volinv,5,0.4399807346472762,0.5315949266019045,,-0.2918130170216855,0.5056818181818182,30.991607382768237,0.14321702473780207,3669
blend,252,7,0.2,volinv,10,0.47751150531079367,0.575793765359568,,-0.25704999292958786,0.4772727272727273,20.875154269916923,0.0954412270942693,3669
blend,252,7,0.2,volinv,21,0.5662014255702689,0.6989299992137172,,-0.24461732327591668,0.4772727272727273,13.028779807708364,0.06344419924624156,3669
blend,252,7,0.3,equal,1,0.375192707124601,0.4829239398501218,,-0.2898443902381498,0.48295454545454547,43.797140317821466,0.20240471349968964,3669
blend,252,7,0.3,equal,5,0.38355385814356074,0.4916044404042524,,-0.3030982258509072,0.48295454545454547,16.998350715373004,0.07799543392233386,3669
blend,252,7,0.3,equal,10,0.45140781865754565,0.5798534720293284,,-0.2880666473781138,0.5,11.580626399800916,0.05381434840643025,3669
blend,252,7,0.3,equal,21,0.5395475628209286,0.6972341406493235,,-0.25929508736114304,0.5,7.620384527129877,0.0355483092674414,3669
blend,252,7,0.3,rank,1,0.43352205048366327,0.5554720201808339,,-0.2796209821595629,0.4943181818181818,47.11837163647384,0.2139104525531477,3669
blend,252,7,0.3,rank,5,0.43619153894152307,0.5540936452129309,,-0.2783875102430259,0.4943181818181818,18.64761626595722,0.08464553707075186,3669
blend,252,7,0.3,rank,10,0.4955400988036678,0.6329907850077735,,-0.2677392751871187,0.48863636363636365,12.689336163354826,0.05839877499828221,3669
blend,252,7,0.3,rank,21,0.5655706188650845,0.7294872165492639,,-0.24410431675142197,0.5,8.38145205474858,0.03848428394066062,3669
blend,252,7,0.3,volinv,1,0.25306748313405003,0.30935824651134874,,-0.31128212214485407,0.4431818181818182,68.97659333810462,0.3127240722840456,3669
blend,252,7,0.3,volinv,5,0.35944186032235476,0.4353408470677362,,-0.27899612984915,0.45454545454545453,27.919892329971006,0.12648492625968039,3669
blend,252,7,0.3,volinv,10,0.36157409910096366,0.43696618392707026,,-0.2780978145043065,0.4659090909090909,18.809830101487762,0.08541563917446285,3669
blend,252,7,0.3,volinv,21,0.5658731941296977,0.7015002591838506,,-0.291408889890851,0.4943181818181818,11.893865370183436,0.05559886452283393,3669
PLACEBO,0,0,0.3,equal,5,-0.9012385474245023,-1.3053755216337843,,-0.9071696058261192,0.38636363636363635,140.7689573038501,0.6148586956521739,3669
PLACEBO,0,0,0.3,equal,5,-0.2510534307903354,-0.3657674465445471,,-0.7105898815107781,0.4715909090909091,141.30896939101993,0.6172173913043477,3669
PLACEBO,0,0,0.3,equal,5,-0.6784926505337678,-0.9861196593783964,,-0.8620208576330259,0.3806818181818182,140.15876853069787,0.6121934782608696,3669
PLACEBO,0,0,0.3,equal,5,-0.6807562788348798,-1.0355261965671778,,-0.8713375878311231,0.44886363636363635,140.6507518930641,0.6143423913043478,3669
PLACEBO,0,0,0.3,equal,5,-0.5937040175051013,-0.8623637307203144,,-0.8450439731795761,0.45454545454545453,141.19947385260764,0.6167391304347827,3669
PLACEBO,0,0,0.3,equal,5,-0.7417365967729623,-1.1185562998856093,,-0.8473930940056829,0.4034090909090909,140.66717622382595,0.6144141304347825,3669
PLACEBO,0,0,0.3,equal,5,-0.9935579014909076,-1.4933387183054359,,-0.9162410557102159,0.44886363636363635,140.55295246898217,0.6139152173913043,3669
PLACEBO,0,0,0.3,equal,5,-0.6175489123000086,-0.929661701980247,,-0.8113171963133586,0.36363636363636365,141.59116925592804,0.61845,3669
PLACEBO,0,0,0.3,equal,5,-0.8887885368268632,-1.3367673434573863,,-0.891465311521203,0.38636363636363635,141.26890397810087,0.6170423913043478,3669
PLACEBO,0,0,0.3,equal,5,-0.6684744102697927,-1.0188705131725662,,-0.8557910486809758,0.4147727272727273,140.55668527142805,0.6139315217391303,3669
PLACEBO,0,0,0.3,equal,5,-0.5232206019586202,-0.7563611621610558,,-0.7793466124759046,0.4034090909090909,141.1054072309716,0.6163282608695652,3669
PLACEBO,0,0,0.3,equal,5,-0.7092454553711063,-1.044659794633143,,-0.8436605199435984,0.4147727272727273,140.2906608837854,0.6127695652173912,3669
PLACEBO,0,0,0.3,equal,5,-0.5559174385685179,-0.8143290990338767,,-0.760089999555414,0.42045454545454547,140.68932418500478,0.6145108695652173,3669
PLACEBO,0,0,0.3,equal,5,-0.7039161608723498,-1.0084856271847977,,-0.8339648010305752,0.4090909090909091,140.82046997760315,0.6150836956521739,3669
PLACEBO,0,0,0.3,equal,5,-0.5264017660107434,-0.8142605002973682,,-0.7844977334313886,0.42045454545454547,140.37104056311992,0.613120652173913,3669
PLACEBO,0,0,0.3,equal,5,-0.7941116315330746,-1.2148176899728464,,-0.8766991444405926,0.42045454545454547,140.9237441786057,0.6155347826086957,3669
PLACEBO,0,0,0.3,equal,5,-0.9272712048729062,-1.3430417122250937,,-0.8972402188717783,0.3465909090909091,140.79757545593515,0.6149836956521739,3669
PLACEBO,0,0,0.3,equal,5,-0.6045631869488902,-0.937655095228049,,-0.8308992505459387,0.42045454545454547,141.12481780369012,0.6164130434782609,3669
PLACEBO,0,0,0.3,equal,5,-0.7632649286290614,-1.132001265062212,,-0.8666306646209929,0.3977272727272727,141.32813111024205,0.6173010869565216,3669
PLACEBO,0,0,0.3,equal,5,-1.1385215378071283,-1.6665782798323165,,-0.9420711632814063,0.36363636363636365,140.71122329268727,0.6146065217391306,3669
PLACEBO,0,0,0.3,equal,5,-0.7115792544968422,-1.0363740097082117,,-0.84774992719552,0.3977272727272727,140.45963240783533,0.6135076086956521,3669
PLACEBO,0,0,0.3,equal,5,-0.566749241490642,-0.9271244935826618,,-0.7926088538479974,0.38636363636363635,141.21664474385867,0.6168141304347825,3669
PLACEBO,0,0,0.3,equal,5,-0.6230173469704139,-0.9626073541162506,,-0.8054694593291428,0.39204545454545453,141.23829499804472,0.6169086956521739,3669
PLACEBO,0,0,0.3,equal,5,-0.8152660418938787,-1.2099514719783755,,-0.8942607881970838,0.3977272727272727,140.8948771730243,0.6154086956521739,3669
