signal,lookback_d,skip_d,top_frac,weighting,rebal_d,sharpe,sortino,mc_p5,max_dd,months_in_profit,ann_turnover,cost_drag,n_obs
raw,5,0,0.1,equal,5,0.22186803871834332,0.3047392569449669,,-0.3925707597217113,0.45569620253164556,233.7980494500877,1.3331105610338103,57696
raw,5,0,0.1,equal,10,0.3932688367032023,0.54321107988289,,-0.39230899724099066,0.5316455696202531,118.52603308135754,0.6701342620770604,57696
raw,5,0,0.1,equal,21,0.10097911997210529,0.13462240198129855,,-0.41388717588736645,0.46835443037974683,58.9758190021293,0.3341060270219704,57696
raw,5,0,0.1,volinv,5,0.32606881166970214,0.4442983820159228,,-0.33561594185867716,0.5443037974683544,241.1507118364408,1.3529815302303032,57696
raw,5,0,0.1,volinv,10,0.333231236740463,0.45564562223199795,,-0.410390141067856,0.5316455696202531,122.27417011396179,0.6811846037668559,57696
raw,5,0,0.1,volinv,21,0.11474675866542289,0.15229602568786882,,-0.39044983750016515,0.4810126582278481,59.98985030357956,0.33575180998000087,57696
raw,5,0,0.2,equal,5,0.5331855747635402,0.7693583562780255,,-0.4011046681541205,0.5443037974683544,223.14646157912352,1.1655925631320314,57696
raw,5,0,0.2,equal,10,0.5898829081286702,0.8497268604278546,,-0.26053562801088825,0.5569620253164557,112.85875664486163,0.5941581175778068,57696
raw,5,0,0.2,equal,21,0.0010625331528470612,0.0015243836625381904,,-0.4546423035844369,0.4177215189873418,56.672347806421996,0.29494921639155336,57696
raw,5,0,0.2,volinv,5,0.4978128637902396,0.7168543970593828,,-0.36744801993272125,0.569620253164557,233.6668749228582,1.1955148585773592,57696
raw,5,0,0.2,volinv,10,0.5629289076674657,0.8156679281122693,,-0.21986847964733303,0.5569620253164557,117.46311588394371,0.6050914223172662,57696
raw,5,0,0.2,volinv,21,-0.06386137005566273,-0.09145850037338514,,-0.43842598380726605,0.46835443037974683,58.27653550743874,0.2973961547228635,57696
raw,5,0,0.3,equal,5,0.2923469962671262,0.4228599138941109,,-0.45642797466759655,0.5316455696202531,202.95003592535775,1.0188152882673982,57696
raw,5,0,0.3,equal,10,0.5706617207386498,0.8385998138519422,,-0.2639261822031971,0.5569620253164557,102.66072358955189,0.5177241020051675,57696
raw,5,0,0.3,equal,21,-0.12976611124310516,-0.1869237185842706,,-0.4365018062214644,0.43037974683544306,51.82987292659298,0.25908009766150997,57696
raw,5,0,0.3,volinv,5,0.26157143057325694,0.3759412516874416,,-0.4386179562073256,0.5569620253164557,215.5140644662639,1.058316817786281,57696
raw,5,0,0.3,volinv,10,0.4708077376225395,0.6914143334122638,,-0.29479910677080134,0.5189873417721519,108.08135653645944,0.5327577874667575,57696
raw,5,0,0.3,volinv,21,-0.12230918177616822,-0.17664181242037125,,-0.3954846871128478,0.4936708860759494,53.73507808784766,0.2629767616158388,57696
raw,5,2,0.1,equal,5,0.19658847861195658,0.27102785523491324,,-0.31873365289236655,0.5316455696202531,232.69679284248747,1.3359463208006377,57696
raw,5,2,0.1,equal,10,0.8415421056836794,1.1825421941426995,0.12901902867056328,-0.22469914880547093,0.6075949367088608,117.53639086001817,0.669210015301138,57696
raw,5,2,0.1,equal,21,0.2748296262931141,0.3796080484775949,,-0.23987382758406572,0.4936708860759494,58.50495131370755,0.32976260916756317,57696
raw,5,2,0.1,volinv,5,0.21272749432674326,0.28893704960896965,,-0.21447211040628011,0.4936708860759494,242.74843439983286,1.3688665686158368,57696
raw,5,2,0.1,volinv,10,0.8260264732733326,1.1470798523828694,0.11654749285797049,-0.23131081567698686,0.569620253164557,121.1582409031009,0.6752852480207165,57696
raw,5,2,0.1,volinv,21,0.22864813682177573,0.3133243273561907,,-0.23444514086676393,0.45569620253164556,59.425707042894494,0.3299859605302273,57696
raw,5,2,0.2,equal,5,0.06804884355686447,0.09828551489774956,,-0.4065342645374357,0.4936708860759494,223.8435433012583,1.169139161453348,57696
raw,5,2,0.2,equal,10,0.8277818879151406,1.1907615147518809,0.206815041972432,-0.2302173132875186,0.5443037974683544,113.58129492070357,0.5935221304631136,57696
raw,5,2,0.2,equal,21,0.11898362525512111,0.1680169900820461,,-0.38234446890819607,0.5189873417721519,56.39884325493011,0.2922653432257735,57696
raw,5,2,0.2,volinv,5,0.013730801356361443,0.019795332986470394,,-0.38201799843276285,0.5063291139240507,236.00450299185377,1.2110228501445601,57696
raw,5,2,0.2,volinv,10,0.9004907196469736,1.2946766546110762,0.2101835006421762,-0.17793485979049706,0.569620253164557,118.72512621561192,0.6087590500201934,57696
raw,5,2,0.2,volinv,21,0.23289730770875147,0.32228345708844114,,-0.35422279839503557,0.5569620253164557,57.89280873443588,0.2943551084678077,57696
raw,5,2,0.3,equal,5,0.09894973741600907,0.14373671938378899,,-0.43225635603946433,0.5063291139240507,203.21801731403534,1.0194460965861394,57696
raw,5,2,0.3,equal,10,1.0856792467227878,1.5930232692402426,0.418578180801614,-0.2113883368021784,0.569620253164557,102.3397423523807,0.512590162512836,57696
raw,5,2,0.3,equal,21,0.029942613770201017,0.042532990806577214,,-0.40310435279412893,0.4936708860759494,51.406348744209026,0.2577306431772215,57696
raw,5,2,0.3,volinv,5,0.0343856830267914,0.04968432724907959,,-0.44699746147192154,0.5189873417721519,216.90238140911418,1.0660929490262876,57696
raw,5,2,0.3,volinv,10,1.2281494636381454,1.796904685954322,0.5556796264746069,-0.17726002956319264,0.620253164556962,107.88198149717107,0.5284697561129387,57696
raw,5,2,0.3,volinv,21,0.2715806293545363,0.37814011991200147,,-0.3451000732438304,0.5443037974683544,53.107392921618626,0.26123969072231584,57696
raw,10,0,0.1,equal,5,0.5568619655774771,0.7845657111109497,,-0.3632271696354148,0.5822784810126582,178.23122393182712,1.0173162009220345,57696
raw,10,0,0.1,equal,10,0.7822223743725419,1.1117062991411,0.13052385442439812,-0.3268863958167313,0.4810126582278481,117.42971614030266,0.6683115674580923,57696
raw,10,0,0.1,equal,21,0.17784349032226648,0.24853668839442242,,-0.4073190877503008,0.4810126582278481,58.088627251376835,0.3335286254620931,57696
raw,10,0,0.1,volinv,5,0.46932567824736976,0.6504308493495035,,-0.2578553777850907,0.569620253164557,193.78808848077963,1.0820539405738738,57696
raw,10,0,0.1,volinv,10,0.8947793645387125,1.2610571707854767,0.27113478096016014,-0.22166616011830853,0.569620253164557,121.36841140652356,0.6782236486496697,57696
raw,10,0,0.1,volinv,21,0.12030470282697314,0.16711262214264325,,-0.39932342439344637,0.45569620253164556,59.1896810325079,0.3346153409262307,57696
raw,10,0,0.2,equal,5,0.5023367674506789,0.7269117082560623,,-0.35044633008991244,0.5316455696202531,165.3817910511547,0.8637548132608108,57696
raw,10,0,0.2,equal,10,0.3330725395407829,0.4794728238244743,,-0.3072587876777566,0.5443037974683544,111.92718489985944,0.5878149137118741,57696
raw,10,0,0.2,equal,21,-0.023232176635344222,-0.033350313016829475,,-0.4981230405410124,0.4430379746835443,57.10360258726138,0.29878465594839354,57696
raw,10,0,0.2,volinv,5,0.45380383926105367,0.6543911718208171,,-0.24831823045725043,0.569620253164557,183.62576043815025,0.9366050989962826,57696
raw,10,0,0.2,volinv,10,0.32271059323036083,0.46364756881626096,,-0.24058228491283706,0.5316455696202531,116.67196776801809,0.6009593850711452,57696
raw,10,0,0.2,volinv,21,0.11325716128514285,0.16253107782013712,,-0.4687994141214723,0.4936708860759494,58.401185662882746,0.3003707951780549,57696
raw,10,0,0.3,equal,5,0.6642233399639971,0.9652473888889365,0.0317921856411446,-0.2787619222409624,0.5569620253164557,145.12701992497182,0.7266633856285312,57696
raw,10,0,0.3,equal,10,0.3884586416844748,0.5640532315417868,,-0.29195763591223,0.569620253164557,102.39155670494489,0.5153813695212456,57696
raw,10,0,0.3,equal,21,-0.03293182095321943,-0.04784565524416601,,-0.42997319416343305,0.46835443037974683,52.04987735994535,0.26110943421487837,57696
raw,10,0,0.3,volinv,5,0.6187768883132833,0.8944367320640656,-0.009497111670400585,-0.3169458727184391,0.569620253164557,164.4921055521455,0.8018249741352427,57696
raw,10,0,0.3,volinv,10,0.5183687134602689,0.7527264476323714,,-0.25779072095514133,0.569620253164557,107.56322177750782,0.5286357538978362,57696
raw,10,0,0.3,volinv,21,0.2042133212376479,0.29677444606568376,,-0.3447557725282052,0.4936708860759494,53.90509465470126,0.2655203455619106,57696
raw,10,2,0.1,equal,5,0.2545686699062726,0.3632187224971983,,-0.3246734696968544,0.5316455696202531,178.50924912811348,1.0081900529669297,57696
raw,10,2,0.1,equal,10,0.1894298088503876,0.27112919109870914,,-0.41923654862117654,0.46835443037974683,117.00662131360967,0.6651180702449981,57696
raw,10,2,0.1,equal,21,0.09087200824478751,0.12432597907606589,,-0.37197131460727106,0.4810126582278481,58.16886944632369,0.33209210229681846,57696
raw,10,2,0.1,volinv,5,0.13929854902322603,0.19600901602753354,,-0.2699375776734123,0.5063291139240507,195.707485817533,1.085346050087793,57696
raw,10,2,0.1,volinv,10,0.16823668907150216,0.23661132212471647,,-0.3732628835530565,0.46835443037974683,121.38118963778543,0.6794472233403743,57696
raw,10,2,0.1,volinv,21,0.2427697479462053,0.33331333895512943,,-0.2985671509526905,0.45569620253164556,59.30395348677886,0.33472954191268944,57696
raw,10,2,0.2,equal,5,0.19110284245085762,0.27681763435349666,,-0.37083803435290463,0.5189873417721519,166.09870579221473,0.8587684811668759,57696
raw,10,2,0.2,equal,10,0.20480555883854623,0.29622067353793535,,-0.3454993825101508,0.46835443037974683,113.96374232132231,0.5987898691012585,57696
raw,10,2,0.2,equal,21,0.04735558907536429,0.06760380227012545,,-0.4044429891028066,0.4936708860759494,57.66638179394152,0.3008921174254965,57696
raw,10,2,0.2,volinv,5,0.24492831687181998,0.3523876083964818,,-0.27916512103052715,0.5443037974683544,185.1796933940699,0.9363848757237372,57696
raw,10,2,0.2,volinv,10,0.2758813125896877,0.3972483567094823,,-0.27683119021165403,0.46835443037974683,119.19193977207931,0.6141157624590854,57696
raw,10,2,0.2,volinv,21,0.16551044302424112,0.23511602047347593,,-0.3480498757290902,0.4810126582278481,59.01211237383675,0.3022430628277067,57696
raw,10,2,0.3,equal,5,0.4051737716337827,0.5957419938325283,,-0.36399084145310756,0.5189873417721519,147.29958181905096,0.7320625448783901,57696
raw,10,2,0.3,equal,10,0.21564931871623647,0.314467222519009,,-0.3322043763445841,0.5189873417721519,104.10688510693518,0.5224901091896488,57696
raw,10,2,0.3,equal,21,-0.19895195477684469,-0.2850420298360142,,-0.4570692899622034,0.43037974683544306,52.61113592896034,0.26451807463120947,57696
raw,10,2,0.3,volinv,5,0.6102317178372026,0.8962027170522452,-0.027764905294795684,-0.22024923009920194,0.5822784810126582,166.91711519078225,0.8093401171963497,57696
raw,10,2,0.3,volinv,10,0.3249638543738448,0.47144388852781527,,-0.24305155808568535,0.4810126582278481,109.78661386974262,0.539200369237839,57696
raw,10,2,0.3,volinv,21,-0.10734378908072985,-0.1537075403395876,,-0.3836104072958999,0.4430379746835443,54.30280263069495,0.2677707263883485,57696
raw,20,0,0.1,equal,5,0.22838978589965717,0.31252234900238945,,-0.3104857619359507,0.5063291139240507,136.22834186519708,0.7737780741366531,57696
raw,20,0,0.1,equal,10,0.05779908487964855,0.07833034727859611,,-0.42885167658917345,0.46835443037974683,93.2268137667472,0.5347000333117563,57696
raw,20,0,0.1,equal,21,0.5444727691690558,0.7676684316360626,,-0.245901275940968,0.4430379746835443,57.702799857749945,0.3304083701016209,57696
raw,20,0,0.1,volinv,5,0.17175719885469728,0.2350012019781632,,-0.3148522326271278,0.5316455696202531,154.88252015721142,0.8577208761829144,57696
raw,20,0,0.1,volinv,10,0.023496136715093003,0.031729450737675476,,-0.39836215361339977,0.4177215189873418,100.29718347821523,0.5639342505673616,57696
raw,20,0,0.1,volinv,21,0.7570963507759605,1.0684044807209196,0.19239737035569912,-0.2002364727095547,0.5063291139240507,58.62791457021765,0.33183860874950794,57696
raw,20,0,0.2,equal,5,0.14001790481298057,0.20301447485721485,,-0.38626524746284363,0.4810126582278481,124.59959163206527,0.6440005246340179,57696
raw,20,0,0.2,equal,10,0.10234665562825294,0.14824623120179664,,-0.3646436637994749,0.5063291139240507,87.20950526495585,0.45507705797730613,57696
raw,20,0,0.2,equal,21,0.45991423281022414,0.6796807722786886,,-0.3169779626331968,0.5316455696202531,56.69373241568347,0.29885171846574854,57696
raw,20,0,0.2,volinv,5,0.15347934072228622,0.22027452518184512,,-0.37162088362944246,0.5189873417721519,145.19436174145184,0.7303636222681424,57696
raw,20,0,0.2,volinv,10,0.18475472722036684,0.26604646965956674,,-0.34081702624934485,0.5189873417721519,94.88099803277126,0.48360006517475235,57696
raw,20,0,0.2,volinv,21,0.6243171739147336,0.9147834929046168,0.02799129292088894,-0.27113281340483353,0.5569620253164557,57.8192334337669,0.2987830154760723,57696
raw,20,0,0.3,equal,5,0.31146114387253077,0.4556765787715977,,-0.38504110738640784,0.5569620253164557,107.30507808136377,0.5313563728798841,57696
raw,20,0,0.3,equal,10,0.2508328798344167,0.3662376656137858,,-0.3166129567582914,0.5316455696202531,75.99093091596617,0.3801018135274075,57696
raw,20,0,0.3,equal,21,0.6393893250220597,0.9452483614048306,-0.020053364846319276,-0.2308313038591544,0.5949367088607594,50.99112137614308,0.25646514258565256,57696
raw,20,0,0.3,volinv,5,0.4275653404381601,0.6185474718558348,,-0.29318937816605806,0.5316455696202531,129.08994124801356,0.6200610235808075,57696
raw,20,0,0.3,volinv,10,0.48314354237378465,0.6965348597240578,,-0.27166987117649977,0.569620253164557,83.71491633400528,0.40726262075286523,57696
raw,20,0,0.3,volinv,21,0.74852173802159,1.089847295202334,0.04075550518301374,-0.2173972792776402,0.6075949367088608,52.527580975577074,0.25884872336266457,57696
raw,20,2,0.1,equal,5,-0.1576871342341634,-0.21250197540578125,,-0.4343824289394116,0.4430379746835443,138.025474629364,0.7813889466979508,57696
raw,20,2,0.1,equal,10,-0.12451863340209447,-0.1671680908182759,,-0.5084240317022223,0.43037974683544306,93.94911317883448,0.5344883265433681,57696
raw,20,2,0.1,equal,21,0.4191354436996159,0.5789214327671092,,-0.2982665530230185,0.5063291139240507,57.77217512336064,0.33037658502846456,57696
raw,20,2,0.1,volinv,5,-0.08080815860136706,-0.10861861932435234,,-0.42006037322586265,0.46835443037974683,156.90646089875864,0.8691051517242994,57696
raw,20,2,0.1,volinv,10,0.15134461112357314,0.20362352903942638,,-0.4262566246450179,0.43037974683544306,100.374598523615,0.5609225529512224,57696
raw,20,2,0.1,volinv,21,0.5409839694147544,0.7444286910555924,,-0.27449334561367034,0.4936708860759494,58.68530490607814,0.33076667638922835,57696
raw,20,2,0.2,equal,5,-0.07894442462828248,-0.1148067293958702,,-0.4428219967391367,0.46835443037974683,124.21122401674316,0.6436329171638112,57696
raw,20,2,0.2,equal,10,0.11723014221538351,0.17097588441417128,,-0.436270714715294,0.5189873417721519,87.26153079382821,0.45703526778956466,57696
raw,20,2,0.2,equal,21,0.38608657242039723,0.566362078895319,,-0.36677620808914657,0.5316455696202531,56.047594039752546,0.2915834543819266,57696
raw,20,2,0.2,volinv,5,0.11887656506188388,0.17024912440812928,,-0.3790611629284455,0.5063291139240507,146.00677196171247,0.7380014485925507,57696
raw,20,2,0.2,volinv,10,0.43931773892698905,0.6358942974398364,,-0.3406206338107415,0.5189873417721519,94.64697105405293,0.4852266309430948,57696
raw,20,2,0.2,volinv,21,0.5630183020823932,0.8217713726520328,,-0.3734200270517646,0.5822784810126582,57.40764092057928,0.29329270352473974,57696
raw,20,2,0.3,equal,5,-0.20588623334267156,-0.30219203399348393,,-0.5110677531190321,0.45569620253164556,107.58989623339444,0.5333125446099387,57696
raw,20,2,0.3,equal,10,0.12348149789516893,0.1809126876011257,,-0.41213346230517334,0.5316455696202531,77.05571953872037,0.38604742685044363,57696
raw,20,2,0.3,equal,21,0.444565106569643,0.6551984462086965,,-0.3117413174882667,0.5822784810126582,50.62397503711557,0.25271187637271697,57696
raw,20,2,0.3,volinv,5,-0.018219702096930416,-0.026404018332475885,,-0.40984754763215914,0.4936708860759494,129.6139385443915,0.6244370067968409,57696
raw,20,2,0.3,volinv,10,0.3726686394943015,0.5393996531554234,,-0.29591216376590046,0.5443037974683544,84.97118762265552,0.41477663431434425,57696
raw,20,2,0.3,volinv,21,0.5752157062018944,0.8369767796826493,,-0.28938825335088436,0.5949367088607594,52.27798017512529,0.25624637167205083,57696
raw,30,0,0.1,equal,5,0.0701325970635641,0.09633475561508416,,-0.34894221281630367,0.43037974683544306,115.79642576179596,0.6625539051071107,57696
raw,30,0,0.1,equal,10,0.40787553704620816,0.5685828363608939,,-0.29048993424508684,0.4936708860759494,79.09339720872582,0.45218391507287375,57696
raw,30,0,0.1,equal,21,0.03346911902909449,0.04567013521548699,,-0.298307541544209,0.46835443037974683,51.344087277115555,0.2907704739065279,57696
raw,30,0,0.1,volinv,5,0.06494041093912226,0.08905286948295388,,-0.29095810816295986,0.4177215189873418,135.73290754682714,0.7542095336014311,57696
raw,30,0,0.1,volinv,10,0.5167156462696715,0.7141556295675601,,-0.24847261787193298,0.4936708860759494,87.61894046887112,0.49002829636855016,57696
raw,30,0,0.1,volinv,21,0.39053664956191025,0.5345256481253847,,-0.2701818360239474,0.4810126582278481,52.74211635765829,0.29456865554092243,57696
raw,30,0,0.2,equal,5,0.1882612235047463,0.2722954295476581,,-0.24402146418630588,0.5316455696202531,99.40571517086359,0.5146431230675372,57696
raw,30,0,0.2,equal,10,0.03658414667195435,0.052619525357890246,,-0.3265107254751225,0.45569620253164556,71.28851905639856,0.3719616920789636,57696
raw,30,0,0.2,equal,21,0.24118248918138108,0.35008716055906414,,-0.32210185063174146,0.4936708860759494,50.54294987715536,0.26185021468483344,57696
raw,30,0,0.2,volinv,5,0.18303851967286727,0.2598476147992447,,-0.22816596581307325,0.5189873417721519,121.58982916297313,0.6095735803550121,57696
raw,30,0,0.2,volinv,10,0.19926299789874033,0.2839216354807105,,-0.2613240909757173,0.4810126582278481,80.0912420510984,0.40661903420681694,57696
raw,30,0,0.2,volinv,21,0.49032836223311255,0.7116758664955518,,-0.29995252148195206,0.5189873417721519,53.037838374608334,0.2705332103904033,57696
raw,30,0,0.3,equal,5,0.47631579751083464,0.690659656268787,,-0.21445033427035998,0.5443037974683544,88.88194155011604,0.4426646039814279,57696
raw,30,0,0.3,equal,10,0.026828995161891515,0.03877842703318889,,-0.2954021580938899,0.45569620253164556,64.17303817851284,0.322485569352094,57696
raw,30,0,0.3,equal,21,0.5141838677847232,0.7536570888465479,,-0.29466132970348136,0.5189873417721519,44.43997520437404,0.2212709366257806,57696
raw,30,0,0.3,volinv,5,0.5421214307273782,0.7724922400172125,,-0.20143198108969396,0.5316455696202531,111.38915162632624,0.5358343173175415,57696
raw,30,0,0.3,volinv,10,0.2930984816070408,0.420230156884762,,-0.264980479122654,0.46835443037974683,72.90039299156327,0.3551492720707796,57696
raw,30,0,0.3,volinv,21,0.7165378836975658,1.045137857601765,0.10551197541574843,-0.28146836174377843,0.5822784810126582,46.81676568602907,0.22855620908152458,57696
raw,30,2,0.1,equal,5,-0.2836488124361741,-0.3891093493618189,,-0.4217595171329308,0.45569620253164556,114.20513434614931,0.651122664113129,57696
raw,30,2,0.1,equal,10,-0.39527979601021584,-0.5443503931853454,,-0.4882320772897848,0.4430379746835443,80.45491997603064,0.46205698232571146,57696
raw,30,2,0.1,equal,21,0.11602154698354214,0.16305151425662873,,-0.2912229620581066,0.4936708860759494,51.691492794966166,0.2944713198336466,57696
raw,30,2,0.1,volinv,5,-0.2947699713139223,-0.40038799436901934,,-0.45124720201070845,0.46835443037974683,134.56827398761266,0.7481045133639019,57696
raw,30,2,0.1,volinv,10,-0.24474713765644737,-0.335427212435769,,-0.46169192459608455,0.45569620253164556,88.58824909351269,0.4962092410297674,57696
raw,30,2,0.1,volinv,21,0.3025557983562123,0.4263043254671771,,-0.23906277528598907,0.5063291139240507,53.35421273483603,0.3004013356791496,57696
raw,30,2,0.2,equal,5,-0.08847527953769325,-0.1270117430088197,,-0.3177570139821563,0.5569620253164557,101.22127275858465,0.5223855226791536,57696
raw,30,2,0.2,equal,10,-0.5331340701220996,-0.7641441345390784,,-0.521812132427441,0.43037974683544306,72.10347967575368,0.3753502044188139,57696
raw,30,2,0.2,equal,21,0.29268391258374443,0.4289290766110312,,-0.2964390268027809,0.5443037974683544,49.42573591466638,0.2583117540551275,57696
raw,30,2,0.2,volinv,5,0.03396513372626887,0.0482696933063364,,-0.3317396347293985,0.5063291139240507,123.54371064075755,0.6191227463710227,57696
raw,30,2,0.2,volinv,10,-0.15731336031658505,-0.22511706658004252,,-0.3313048017644713,0.4936708860759494,80.99832720475783,0.41092780141524626,57696
raw,30,2,0.2,volinv,21,0.5326993870311963,0.7802543722651439,,-0.2500535480550661,0.5569620253164557,51.91006304885939,0.2661989618288494,57696
raw,30,2,0.3,equal,5,0.1711482977363824,0.24621941093311206,,-0.30520638195643524,0.5316455696202531,87.43205179281277,0.4299102927311912,57696
raw,30,2,0.3,equal,10,-0.24324995424639279,-0.3495455283794763,,-0.4070335760204459,0.4430379746835443,63.44658224765596,0.3156357935976185,57696
raw,30,2,0.3,equal,21,0.19981329424439467,0.2931086489511339,,-0.31144407104060445,0.569620253164557,44.74753080142798,0.22356181011549808,57696
raw,30,2,0.3,volinv,5,0.49127693495835695,0.6991463888093296,,-0.2826195282668601,0.5443037974683544,109.7636629448221,0.5235436565716087,57696
raw,30,2,0.3,volinv,10,0.1440620924802676,0.20532345658385584,,-0.3262207175043216,0.5063291139240507,72.21883797282536,0.3493471617642784,57696
raw,30,2,0.3,volinv,21,0.4672222911992566,0.683288737218879,,-0.27236303570417597,0.569620253164557,46.96272895523334,0.22914234807039927,57696
raw,45,0,0.1,equal,5,-0.48712414496637196,-0.6625194321111106,,-0.5554843764307659,0.379746835443038,94.85652284487558,0.536427622700456,57696
raw,45,0,0.1,equal,10,-0.5965929513885662,-0.8074790429505434,,-0.5674768779376622,0.3670886075949367,67.78193580315045,0.38829484679444465,57696
raw,45,0,0.1,equal,21,-0.07571583468555126,-0.10359886782285586,,-0.32037894222916596,0.43037974683544306,45.09808790996395,0.2557522356140698,57696
raw,45,0,0.1,volinv,5,-0.43600638957096016,-0.5873216230135095,,-0.5220992475663737,0.45569620253164556,115.59806694397001,0.6326112089529299,57696
raw,45,0,0.1,volinv,10,-0.4555348091950028,-0.6125652623805723,,-0.5002335132187223,0.4810126582278481,76.22799940517496,0.42572528225153083,57696
raw,45,0,0.1,volinv,21,0.11397196423107978,0.1554999414222853,,-0.31098493426816387,0.46835443037974683,47.2197061480424,0.2634629970949679,57696
raw,45,0,0.2,equal,5,-0.2793069527552374,-0.4038131240444468,,-0.4929193613425765,0.5316455696202531,85.80167886652451,0.4397206367020199,57696
raw,45,0,0.2,equal,10,-0.10859443052434124,-0.15766962604845666,,-0.449632438700323,0.46835443037974683,60.28138415062282,0.3123082349384425,57696
raw,45,0,0.2,equal,21,0.30088121826389463,0.4411636188020184,,-0.33991204387499807,0.5063291139240507,41.93804515939599,0.21779259723896233,57696
raw,45,0,0.2,volinv,5,-0.18883886478193893,-0.2691718874036337,,-0.43455827064506347,0.4810126582278481,107.94656542299165,0.5337115387950735,57696
raw,45,0,0.2,volinv,10,0.03784236810742925,0.05455850600288774,,-0.3721004532552158,0.4810126582278481,69.41147810644054,0.3493437873748532,57696
raw,45,0,0.2,volinv,21,0.4471718876622236,0.6515949451833339,,-0.3482983745680759,0.5316455696202531,44.928677994259715,0.22750865612581359,57696
raw,45,0,0.3,equal,5,-0.13187455703015563,-0.19046106655617492,,-0.3873419386583229,0.4810126582278481,73.06628553751443,0.35949606134574713,57696
raw,45,0,0.3,equal,10,0.054328527533447864,0.07909527625855092,,-0.3649393149323178,0.5063291139240507,52.833694487379255,0.26114132066967144,57696
raw,45,0,0.3,equal,21,0.4589724376455559,0.6714782299130421,,-0.3195832956720589,0.569620253164557,36.95146602751627,0.18348977915424197,57696
raw,45,0,0.3,volinv,5,-0.011990877629925638,-0.016999953206799843,,-0.3900166390838701,0.46835443037974683,95.94012020413828,0.45495942601535394,57696
raw,45,0,0.3,volinv,10,0.21975300495489505,0.31683794778190344,,-0.38744636375220365,0.5189873417721519,62.101749718452794,0.29734810491090863,57696
raw,45,0,0.3,volinv,21,0.6731136122136929,0.9714667911284766,0.061585691742288305,-0.3450688813271775,0.569620253164557,39.8607657616996,0.19281880558506095,57696
raw,45,2,0.1,equal,5,-0.6484342385501156,-0.8887235056293527,,-0.5633171958305072,0.35443037974683544,96.26396715227831,0.5417382253410675,57696
raw,45,2,0.1,equal,10,-0.5899881771861879,-0.8117203841775963,,-0.5870662526671238,0.379746835443038,66.77911776705453,0.3759947504162691,57696
raw,45,2,0.1,equal,21,-0.06974922904065606,-0.09796030173248102,,-0.3353354487259873,0.4050632911392405,44.98910514748701,0.25612814572246284,57696
raw,45,2,0.1,volinv,5,-0.5571943910396585,-0.7595279731073609,,-0.526461437017504,0.4177215189873418,117.18499055761608,0.6386634429029497,57696
raw,45,2,0.1,volinv,10,-0.40412623697143557,-0.553219484042435,,-0.5313593034770154,0.4430379746835443,75.63684987877733,0.4160509240070467,57696
raw,45,2,0.1,volinv,21,0.08965941936423992,0.1264055730518111,,-0.286338407722053,0.4430379746835443,47.2730094082349,0.26439634884441776,57696
raw,45,2,0.2,equal,5,-0.2556636235077512,-0.37253569154519456,,-0.4323234370297421,0.45569620253164556,84.80957652033185,0.4328552006242983,57696
raw,45,2,0.2,equal,10,-0.37515380023497696,-0.5424825113768601,,-0.4861688504264895,0.4810126582278481,60.741062996596256,0.31371407123637135,57696
raw,45,2,0.2,equal,21,0.00885775362092516,0.012961521978886701,,-0.39599244934098266,0.4810126582278481,41.583445922896544,0.2164804927308614,57696
raw,45,2,0.2,volinv,5,-0.12008997909877893,-0.17314314884680906,,-0.4509994428648957,0.4430379746835443,107.6317144246827,0.531248016179998,57696
raw,45,2,0.2,volinv,10,-0.05486902208771877,-0.07936419239478741,,-0.40021991645991883,0.4936708860759494,69.98199366590568,0.35187166841746365,57696
raw,45,2,0.2,volinv,21,0.1657690084571148,0.24049042273725452,,-0.3378784568503592,0.5189873417721519,44.53435917593871,0.2272343182207345,57696
raw,45,2,0.3,equal,5,-0.24396285425802147,-0.353756278510883,,-0.4210810604494385,0.4430379746835443,73.8507151231143,0.36185636817934963,57696
raw,45,2,0.3,equal,10,-0.08262707494724669,-0.12015041077507745,,-0.4252729506010432,0.5063291139240507,53.578119326772324,0.26414656751120436,57696
raw,45,2,0.3,equal,21,0.2740455411940568,0.39898276057442283,,-0.32098542817801745,0.5189873417721519,36.91005949053195,0.18346887873243545,57696
raw,45,2,0.3,volinv,5,-0.07018294793562785,-0.10011719753765165,,-0.45931916595685707,0.4430379746835443,96.79384546201905,0.45819559026205076,57696
raw,45,2,0.3,volinv,10,0.1664773632777294,0.2399676757931926,,-0.4201062726839808,0.4810126582278481,62.862322406767944,0.3008881556439991,57696
raw,45,2,0.3,volinv,21,0.4353491766516073,0.6258678602475913,,-0.3188348389364811,0.5063291139240507,40.10552904051308,0.19466639762241236,57696
raw,60,0,0.1,equal,5,-0.29999156000279104,-0.413196341805988,,-0.4012777334819092,0.3924050632911392,84.34952009536036,0.4678458983291197,57696
raw,60,0,0.1,equal,10,-0.24892471921762485,-0.34100555690012196,,-0.40991968291515446,0.4050632911392405,58.721745542772986,0.32631848615351366,57696
raw,60,0,0.1,equal,21,-0.5275718224654949,-0.7261327740984072,,-0.5496159971100888,0.4050632911392405,41.35520515720183,0.23169981687846378,57696
raw,60,0,0.1,volinv,5,-0.3139089989573636,-0.4282206806263959,,-0.4091951025978654,0.379746835443038,105.78599173340805,0.5660588241904349,57696
raw,60,0,0.1,volinv,10,-0.24849556039330098,-0.3388826382669791,,-0.41793838328526,0.3924050632911392,67.3993428780355,0.36488584164792315,57696
raw,60,0,0.1,volinv,21,-0.33510969648791034,-0.460451713745737,,-0.49706117923035686,0.379746835443038,43.914947095489374,0.2414540269037401,57696
raw,60,0,0.2,equal,5,-0.3554641975360889,-0.5150533189245373,,-0.4662974298790292,0.4430379746835443,76.983753092103,0.3954290595738709,57696
raw,60,0,0.2,equal,10,0.10384313711434481,0.15237056817453917,,-0.38105176370804195,0.4810126582278481,53.87645511966881,0.27721417981994745,57696
raw,60,0,0.2,equal,21,-0.20955293454684606,-0.3021965188733065,,-0.47532884718272395,0.45569620253164556,37.941169730700395,0.1950231756823757,57696
raw,60,0,0.2,volinv,5,-0.32466876838053266,-0.4652272215054423,,-0.5237263203427922,0.4050632911392405,99.92390787126756,0.4954798269900543,57696
raw,60,0,0.2,volinv,10,0.23343388136525595,0.33946459765573955,,-0.37333037717770445,0.5189873417721519,63.793543931927616,0.3189442633299222,57696
raw,60,0,0.2,volinv,21,0.019886190467517138,0.028558473765246388,,-0.435714099259895,0.4810126582278481,41.03498525922609,0.20635647977986157,57696
raw,60,0,0.3,equal,5,-0.38835150431868637,-0.5581682084839436,,-0.505909365317012,0.46835443037974683,65.74170329059326,0.3238732161802648,57696
raw,60,0,0.3,equal,10,-0.14955015636747465,-0.21746352681163064,,-0.43374043273007556,0.4810126582278481,47.0696491204264,0.23252552860372855,57696
raw,60,0,0.3,equal,21,0.017427734415155296,0.025055489131420593,,-0.4657448679728483,0.43037974683544306,33.87792986686667,0.1680244036194882,57696
raw,60,0,0.3,volinv,5,-0.27937024427953067,-0.39486809256416927,,-0.5091643371341905,0.43037974683544306,89.70451635594796,0.42641290469792326,57696
raw,60,0,0.3,volinv,10,0.024029732795224534,0.03450900411509107,,-0.4377401748908165,0.45569620253164556,56.963084101913154,0.27334842902013023,57696
raw,60,0,0.3,volinv,21,0.2763120288805588,0.39565980821711383,,-0.39242441951836193,0.4430379746835443,36.92757274894814,0.1793887345266748,57696
raw,60,2,0.1,equal,5,-0.33231957520445027,-0.46909131251404973,,-0.4508279133170011,0.4177215189873418,85.86571964733363,0.4768425227024093,57696
raw,60,2,0.1,equal,10,-0.5242700902725038,-0.7367261738594674,,-0.49655431212813894,0.379746835443038,61.16114450349059,0.3420309046950894,57696
raw,60,2,0.1,equal,21,-0.3230987573448701,-0.45015946049592154,,-0.4504168048566719,0.43037974683544306,40.99599820128106,0.23035193299845713,57696
raw,60,2,0.1,volinv,5,-0.4170203507464011,-0.582796125017048,,-0.4770991539013709,0.4050632911392405,107.21225650231514,0.5751709724988764,57696
raw,60,2,0.1,volinv,10,-0.3906371096255368,-0.5451681473791661,,-0.42452014176925634,0.379746835443038,69.26524013285353,0.37791721383416516,57696
raw,60,2,0.1,volinv,21,-0.1548733132658508,-0.2158649372595329,,-0.43646183267500627,0.43037974683544306,43.54185549050619,0.2410961352791511,57696
raw,60,2,0.2,equal,5,-0.4492912484706183,-0.6562008444691356,,-0.5394038509294401,0.379746835443038,77.30371735361936,0.3983880987286524,57696
raw,60,2,0.2,equal,10,-0.40478509466667284,-0.5883995911337613,,-0.5240765988156603,0.43037974683544306,55.00703229711414,0.2834874201463943,57696
raw,60,2,0.2,equal,21,-0.17612389349121294,-0.2508258996400326,,-0.4581050679111276,0.45569620253164556,36.6315765686724,0.18802868191120306,57696
raw,60,2,0.2,volinv,5,-0.3043389028494608,-0.44283756214813985,,-0.45265325106123455,0.4177215189873418,100.2482991319447,0.49847591656833284,57696
raw,60,2,0.2,volinv,10,-0.2263670525964509,-0.32510627031012457,,-0.4461723270696638,0.46835443037974683,64.41126741937833,0.32303627315872513,57696
raw,60,2,0.2,volinv,21,0.10543758742834143,0.14983969253900128,,-0.4108608200768298,0.4936708860759494,39.83058422497835,0.2001703675147586,57696
raw,60,2,0.3,equal,5,-0.3571881811267484,-0.5178399022672141,,-0.5241074984279585,0.45569620253164556,66.11968579729441,0.3246568230693312,57696
raw,60,2,0.3,equal,10,-0.2795937680861592,-0.39951031136967335,,-0.5461758169511325,0.45569620253164556,47.98973031289527,0.23685149133089206,57696
raw,60,2,0.3,equal,21,0.0702430709579293,0.10089932086456936,,-0.4026063477532734,0.46835443037974683,33.38752418690766,0.16506978772371006,57696
raw,60,2,0.3,volinv,5,-0.19191974107794565,-0.27500155587756064,,-0.5256886396977032,0.4050632911392405,89.48947701253584,0.42444568738549643,57696
raw,60,2,0.3,volinv,10,0.022865866396511416,0.03244005307838502,,-0.5014791209963146,0.5189873417721519,57.24889229881149,0.2748507089567122,57696
raw,60,2,0.3,volinv,21,0.3789239346900233,0.5428453636347685,,-0.3741356778669652,0.46835443037974683,36.265963370226316,0.1756312202778701,57696
raw,90,0,0.1,equal,5,-0.37722321290426564,-0.5061497803401788,,-0.45190436599317896,0.46835443037974683,71.0545828616752,0.3945692574262833,57696
raw,90,0,0.1,equal,10,0.05506158211331653,0.07706271805015834,,-0.3722025502571358,0.46835443037974683,50.61470363155055,0.28162506131553244,57696
raw,90,0,0.1,equal,21,0.08922724213275214,0.12099999700334345,,-0.3595265361139143,0.4810126582278481,35.232102536491055,0.19681132389799835,57696
raw,90,0,0.1,volinv,5,-0.31178281636609795,-0.41849044621846193,,-0.43587282438315644,0.4177215189873418,92.89973157346883,0.49455857703811634,57696
raw,90,0,0.1,volinv,10,0.23844372445811166,0.3307511906314762,,-0.29310275181102097,0.4810126582278481,59.45709460864228,0.32082240774750487,57696
raw,90,0,0.1,volinv,21,0.3075578618987137,0.4169739274282187,,-0.30839076481378336,0.5569620253164557,38.004986562503554,0.2080301397460137,57696
raw,90,0,0.2,equal,5,-0.03242992936570784,-0.04702817194870011,,-0.3327020081695351,0.46835443037974683,64.40066320393207,0.32704119010753985,57696
raw,90,0,0.2,equal,10,0.05275602872712158,0.0752424575958305,,-0.3742718309575198,0.4810126582278481,44.718945793563286,0.2297170496514618,57696
raw,90,0,0.2,equal,21,0.445758022781595,0.6471169939800065,,-0.2868419113787395,0.5443037974683544,32.12611093100202,0.16600012607981396,57696
raw,90,0,0.2,volinv,5,0.03573073460361998,0.0515531206048506,,-0.3811333972630828,0.4810126582278481,87.24687038506988,0.42802898027590225,57696
raw,90,0,0.2,volinv,10,0.19926129130390666,0.28123278205909064,,-0.30216098897807897,0.4936708860759494,54.24044980315606,0.2700579484047196,57696
raw,90,0,0.2,volinv,21,0.5722716211444336,0.8260062069854804,,-0.26703040082124196,0.5569620253164557,35.387200138031595,0.17901329114956957,57696
raw,90,0,0.3,equal,5,0.07410575200923349,0.1067066182560714,,-0.3629147565774351,0.4810126582278481,54.54369266531527,0.26451907757286663,57696
raw,90,0,0.3,equal,10,0.21366607646843247,0.3085034435621993,,-0.3496245031720625,0.5063291139240507,39.67554257352036,0.1937449739088389,57696
raw,90,0,0.3,equal,21,0.5273701425200347,0.7689315894463589,,-0.3225435565004564,0.5569620253164557,28.174216515373402,0.1394691077120472,57696
raw,90,0,0.3,volinv,5,0.15151956016593382,0.21483583344672266,,-0.4392798024523109,0.4810126582278481,77.94169076117419,0.36495056662741066,57696
raw,90,0,0.3,volinv,10,0.3848166526625648,0.5495423261589658,,-0.3684776567093969,0.4936708860759494,49.40194892986025,0.23466066534520127,57696
raw,90,0,0.3,volinv,21,0.623763172075774,0.902608571948516,-0.05367234145047931,-0.26670671362553766,0.5189873417721519,31.462234221352603,0.15192160314968267,57696
raw,90,2,0.1,equal,5,-0.37601001593057437,-0.5175898534013704,,-0.4602852053030245,0.4050632911392405,72.80330739929327,0.40189042773811157,57696
raw,90,2,0.1,equal,10,-0.1141642395091149,-0.16020647330581445,,-0.3878024972250389,0.46835443037974683,51.30580865335441,0.2846121170610499,57696
raw,90,2,0.1,equal,21,-0.017919769264425293,-0.02433692415988605,,-0.38001320209946,0.4810126582278481,34.06592411563293,0.19130349938459398,57696
raw,90,2,0.1,volinv,5,-0.2985940948753756,-0.40743053572342847,,-0.4799404410211887,0.3924050632911392,94.3680692502926,0.5007010919831304,57696
raw,90,2,0.1,volinv,10,0.10480166735367022,0.14621876071634013,,-0.30971817272895474,0.5063291139240507,59.82424432425827,0.32166335583824046,57696
raw,90,2,0.1,volinv,21,0.1837197498537462,0.24951831848475428,,-0.3031220005191647,0.5189873417721519,37.250639870970105,0.20527317413724758,57696
raw,90,2,0.2,equal,5,-0.34423657201445507,-0.4938426086124328,,-0.4937034678597729,0.3670886075949367,66.6175850663255,0.33583449103664403,57696
raw,90,2,0.2,equal,10,-0.1988653002305955,-0.2800670374661728,,-0.43694720089734285,0.43037974683544306,46.76959011497323,0.2378816338782109,57696
raw,90,2,0.2,equal,21,0.19124657406951118,0.27599845839921483,,-0.2938151191748438,0.5443037974683544,31.69669340805884,0.162855261717313,57696
raw,90,2,0.2,volinv,5,-0.17433357729592147,-0.24739182640552493,,-0.40350452211054466,0.4430379746835443,89.1686634872462,0.43479960604311046,57696
raw,90,2,0.2,volinv,10,0.018678920531144866,0.026166243711807105,,-0.32263195771316244,0.46835443037974683,55.84438570773851,0.27622661354603256,57696
raw,90,2,0.2,volinv,21,0.2876481149341728,0.4125408257866569,,-0.27513255554198335,0.5443037974683544,34.99426952951843,0.1754041168907705,57696
raw,90,2,0.3,equal,5,-0.06496746150567007,-0.09347850408003786,,-0.42009483020950567,0.46835443037974683,55.89679818334107,0.27013791463508324,57696
raw,90,2,0.3,equal,10,-0.06610386984713688,-0.09444940434773093,,-0.4224388554644929,0.5189873417721519,40.549353755628836,0.19727276790767925,57696
raw,90,2,0.3,equal,21,0.3091484092956322,0.44282947933402217,,-0.31149167549139833,0.5063291139240507,28.449846936700943,0.14033695772048296,57696
raw,90,2,0.3,volinv,5,0.06981125686500764,0.0993377647567879,,-0.4397457286564479,0.46835443037974683,78.81507923673648,0.3685731633141988,57696
raw,90,2,0.3,volinv,10,0.10074094927614517,0.1423469918866814,,-0.39275609296953873,0.4936708860759494,49.9673239086136,0.23673466975363108,57696
raw,90,2,0.3,volinv,21,0.45471932772063944,0.6429856756743693,,-0.2606742705813696,0.5316455696202531,31.78071113381937,0.15354580663804945,57696
riskadj,5,0,0.1,equal,5,0.9373558697265594,1.3149329855932201,0.34759586486183586,-0.3603823361303702,0.569620253164557,237.52289424616797,1.3111620395682826,57696
riskadj,5,0,0.1,equal,10,0.947181627251462,1.3470424815861832,0.256489579731706,-0.2863235964495353,0.620253164556962,120.15293610530716,0.6595731823408685,57696
riskadj,5,0,0.1,equal,21,0.4544080025961538,0.6280479266120074,,-0.32297513580359105,0.4936708860759494,58.69245724694975,0.31955344514515305,57696
riskadj,5,0,0.1,volinv,5,0.957726386919113,1.3367602873640714,0.3169241909884013,-0.3160260162720898,0.5822784810126582,242.44420841029438,1.3087051212542937,57696
riskadj,5,0,0.1,volinv,10,0.8773363233968872,1.2314880124096477,0.2691217793123448,-0.2270232808745266,0.5949367088607594,122.0971035040133,0.6565970944394589,57696
riskadj,5,0,0.1,volinv,21,0.4076344967534166,0.5590330513564923,,-0.2896992801524956,0.5189873417721519,59.11830360591262,0.3149329493932876,57696
riskadj,5,0,0.2,equal,5,1.3877383794904987,2.033684145350549,0.6851345932972084,-0.2778004198457379,0.5822784810126582,225.3711795919459,1.1641473851935087,57696
riskadj,5,0,0.2,equal,10,1.0466418079148159,1.520490906480074,0.3609996075238371,-0.2501468179411337,0.5822784810126582,114.80746652934423,0.5927355925718597,57696
riskadj,5,0,0.2,equal,21,0.5435955953185937,0.7865321457416513,,-0.32576630674186335,0.5063291139240507,56.803928639480596,0.292650057295393,57696
riskadj,5,0,0.2,volinv,5,1.51629240906997,2.2167959395697068,0.8725823210645538,-0.2131295148162835,0.620253164556962,233.23624949653103,1.17626936260894,57696
riskadj,5,0,0.2,volinv,10,0.9374598334310826,1.333211692979125,0.2584483712873878,-0.1906962638645694,0.569620253164557,118.19020877431967,0.5959135113100423,57696
riskadj,5,0,0.2,volinv,21,0.6402067407807266,0.9213752200788955,-0.02675723504202614,-0.247115998736803,0.5316455696202531,57.604628353448966,0.2897110620292311,57696
riskadj,5,0,0.3,equal,5,0.8906508643453654,1.3174503648864886,0.19010719726689518,-0.3236861809338467,0.5316455696202531,203.2104931052996,1.0157979869032276,57696
riskadj,5,0,0.3,equal,10,0.6130865838403876,0.9007523134751951,-0.05764384188145036,-0.24072347276051487,0.5443037974683544,104.05676203987254,0.5208506261144076,57696
riskadj,5,0,0.3,equal,21,0.3315299725497697,0.48528319815230003,,-0.29592516824295567,0.4936708860759494,51.50328227762032,0.2560827779629884,57696
riskadj,5,0,0.3,volinv,5,1.0469992471083707,1.5332432879198268,0.3580776946761259,-0.2261152932827647,0.5949367088607594,213.04106367215925,1.0400170868134926,57696
riskadj,5,0,0.3,volinv,10,0.5229684303089424,0.757774790040207,,-0.232204593947407,0.5569620253164557,108.75397883126799,0.5315130560677612,57696
riskadj,5,0,0.3,volinv,21,0.5491815181725397,0.8006779378855992,,-0.2023037897751706,0.569620253164557,52.82076294134397,0.25679505352927673,57696
riskadj,5,2,0.1,equal,5,0.6968532875293122,0.9884294357859554,0.0422941908105997,-0.29327335684174516,0.6075949367088608,237.85011471242757,1.324707103052771,57696
riskadj,5,2,0.1,equal,10,1.093240510837635,1.537864269348287,0.3975209757214232,-0.20312959724076263,0.6075949367088608,120.93289782412077,0.6682381418165575,57696
riskadj,5,2,0.1,equal,21,0.44474261558930983,0.6110837798504478,,-0.20825328359607964,0.5443037974683544,58.24543764841186,0.3171837741365979,57696
riskadj,5,2,0.1,volinv,5,0.6270757852627276,0.8681894345981009,-0.03634372862392265,-0.24241904432992067,0.5949367088607594,244.5699540696761,1.3335140701265005,57696
riskadj,5,2,0.1,volinv,10,1.1561985845932203,1.6127232972396974,0.47478291017551105,-0.18894894235644222,0.6708860759493671,122.63026190146952,0.6623863464080361,57696
riskadj,5,2,0.1,volinv,21,0.5864775907200527,0.7989495620932111,,-0.2130198239575637,0.5443037974683544,58.433226149138584,0.31247100232137653,57696
riskadj,5,2,0.2,equal,5,0.671485296760608,0.9882669267266359,-0.022530565204211372,-0.3674282105937242,0.5822784810126582,227.73853183844938,1.178843786959773,57696
riskadj,5,2,0.2,equal,10,1.1683007323357046,1.700587470851852,0.4451662223908652,-0.19066549145668077,0.5949367088607594,114.87702147903116,0.5945690477125433,57696
riskadj,5,2,0.2,equal,21,0.22730128932839327,0.32357419214072863,,-0.2899190491240845,0.5063291139240507,56.8503472963861,0.2914587172110627,57696
riskadj,5,2,0.2,volinv,5,0.6300691598965165,0.9252226854307526,0.0022407831439770253,-0.32886398333261946,0.5569620253164557,237.1150792408228,1.2015931261939983,57696
riskadj,5,2,0.2,volinv,10,1.3408017167528483,1.9525204590148102,0.6113366527292169,-0.1668126382397348,0.5949367088607594,118.2524693003564,0.5985444752947142,57696
riskadj,5,2,0.2,volinv,21,0.4293355677635985,0.6009543402489619,,-0.2806187287962797,0.5316455696202531,57.42044012456675,0.2890770110742998,57696
riskadj,5,2,0.3,equal,5,0.509366337492468,0.7471255594391172,,-0.37007872845091105,0.5316455696202531,204.73782613792383,1.0254662221451258,57696
riskadj,5,2,0.3,equal,10,1.3093957011639488,1.9243195965876476,0.6070083936596881,-0.18559883925178522,0.6455696202531646,102.80755297200893,0.5134260182932245,57696
riskadj,5,2,0.3,equal,21,0.1651626815713394,0.23517919010597194,,-0.30061292722694943,0.45569620253164556,51.74639954123464,0.25687865270069987,57696
riskadj,5,2,0.3,volinv,5,0.5172378562686503,0.7594558356573304,,-0.2774777270009261,0.5316455696202531,216.63340056009915,1.0617932702550543,57696
riskadj,5,2,0.3,volinv,10,1.3823158778514104,2.0287203407834493,0.653911217294092,-0.1748324094732574,0.6708860759493671,107.33127592772584,0.5243490898549822,57696
riskadj,5,2,0.3,volinv,21,0.34766720478811475,0.4809129695020536,,-0.29457710062224585,0.5443037974683544,52.97885089810898,0.2575229777221414,57696
riskadj,10,0,0.1,equal,5,1.1696081264703706,1.7100909934421522,0.5040908848888028,-0.2893863481850999,0.620253164556962,184.16469459085926,1.024959710310737,57696
riskadj,10,0,0.1,equal,10,0.9656926783063204,1.3954569415402283,0.35102024426943484,-0.33640364229734054,0.6329113924050633,119.73397957653366,0.6670082284487364,57696
riskadj,10,0,0.1,equal,21,0.13058475412340909,0.17930427371543028,,-0.32439747512808836,0.45569620253164556,58.22966728686363,0.3269350411903165,57696
riskadj,10,0,0.1,volinv,5,1.0874360735337616,1.5598557613145252,0.43236903295293494,-0.21821457975190894,0.5949367088607594,196.38400309676484,1.0620223557277253,57696
riskadj,10,0,0.1,volinv,10,0.9836291751903945,1.4008144718782576,0.37456715428682286,-0.29910945218728424,0.5822784810126582,121.50272548571928,0.6600257815304644,57696
riskadj,10,0,0.1,volinv,21,0.18121155295154973,0.24874076443843338,,-0.3205984426751779,0.4810126582278481,58.86190393699662,0.32344678242954816,57696
riskadj,10,0,0.2,equal,5,1.158643226951528,1.7060691519567044,0.49904893374097503,-0.26977948048165945,0.6329113924050633,168.85198698154272,0.8687888950063312,57696
riskadj,10,0,0.2,equal,10,0.4922830633356934,0.710329459005568,,-0.2698702630789941,0.5316455696202531,114.27491016444512,0.5952925157271018,57696
riskadj,10,0,0.2,equal,21,-0.016847948167549736,-0.024298177807736517,,-0.4472025071960979,0.46835443037974683,57.077095482853714,0.2937942894203937,57696
riskadj,10,0,0.2,volinv,5,1.1436171915366844,1.6847445750788466,0.5029925007809792,-0.2522556519344126,0.620253164556962,184.21207886312277,0.9220948404016421,57696
riskadj,10,0,0.2,volinv,10,0.6753257401663654,0.974896771130608,0.031383598873282556,-0.23008429765961347,0.5443037974683544,116.66402102582218,0.593310608437413,57696
riskadj,10,0,0.2,volinv,21,0.0475156116813628,0.06822776753550944,,-0.4472349634945981,0.4936708860759494,57.676853409661604,0.29021870698421043,57696
riskadj,10,0,0.3,equal,5,1.1440662396378618,1.6907479287392135,0.4903479048967624,-0.2580014919906253,0.620253164556962,147.03614855125403,0.7302624123459401,57696
riskadj,10,0,0.3,equal,10,0.4822185204106204,0.7020081808100733,,-0.2685365678818171,0.5822784810126582,103.22911731223364,0.5175013269058234,57696
riskadj,10,0,0.3,equal,21,0.05967137272979538,0.08705491575443407,,-0.4294818908790631,0.5189873417721519,51.930641009250174,0.2595361831342623,57696
riskadj,10,0,0.3,volinv,5,1.2234166501162107,1.8044351959847837,0.5779852981459532,-0.26982886802527595,0.6455696202531646,164.23141623232675,0.7934997361652442,57696
riskadj,10,0,0.3,volinv,10,0.6590895745071064,0.9606020863187782,0.0589777071570474,-0.27895873203005217,0.5316455696202531,107.14094746418088,0.524380471317446,57696
riskadj,10,0,0.3,volinv,21,0.1362267498170058,0.197396239277697,,-0.4220358606168062,0.5063291139240507,52.84358401798935,0.25813007485808254,57696
riskadj,10,2,0.1,equal,5,0.9184632177004807,1.3605432384978993,0.21852080638402596,-0.2354556420842957,0.5949367088607594,186.34463381645162,1.0293328552934653,57696
riskadj,10,2,0.1,equal,10,0.7959155798538197,1.1591287180852188,0.13721870512213144,-0.32375537294595946,0.6075949367088608,119.02788449533455,0.6624331483920015,57696
riskadj,10,2,0.1,equal,21,-0.03466767041503307,-0.048016953753653044,,-0.4251401482750926,0.4430379746835443,58.686297410299076,0.31980804920667993,57696
riskadj,10,2,0.1,volinv,5,1.052743748669907,1.5221563145346115,0.33658850381224814,-0.21019945201606338,0.5949367088607594,199.7550715786422,1.0767622549572848,57696
riskadj,10,2,0.1,volinv,10,0.9840770039167702,1.40167648839139,0.34394340903427967,-0.3264482715339839,0.5949367088607594,121.37924709201909,0.6615680853242049,57696
riskadj,10,2,0.1,volinv,21,0.22432798465216314,0.30719735784451563,,-0.30830182376354676,0.45569620253164556,58.946134026476656,0.31548965030578224,57696
riskadj,10,2,0.2,equal,5,0.6459171461445938,0.8705379504222716,-0.008469141757614734,-0.22544640437551777,0.5443037974683544,170.38083172474813,0.8736102553367245,57696
riskadj,10,2,0.2,equal,10,0.4960611994655388,0.7312304028252108,,-0.2963188423587274,0.5063291139240507,115.3412004197642,0.5987663844046777,57696
riskadj,10,2,0.2,equal,21,-0.21916823594952242,-0.3100511187652041,,-0.48281960945967783,0.4936708860759494,57.63328208011735,0.29605574523268463,57696
riskadj,10,2,0.2,volinv,5,0.8785130618113357,1.1811593193163095,0.1996177040462376,-0.20412171817001346,0.5443037974683544,186.08602283711048,0.9302266951522088,57696
riskadj,10,2,0.2,volinv,10,0.67771359199551,0.9891700347535419,0.10571796503448432,-0.2754869631798553,0.5316455696202531,118.86437685451185,0.6041364160604229,57696
riskadj,10,2,0.2,volinv,21,-0.08095664429981828,-0.11316478773149688,,-0.3867893556102855,0.46835443037974683,58.36883707436713,0.29401587361314635,57696
riskadj,10,2,0.3,equal,5,0.6118744513092716,0.822846490539073,0.043060155551465286,-0.26259662883780166,0.5822784810126582,148.6588371236182,0.7352570453226759,57696
riskadj,10,2,0.3,equal,10,0.4431893102788375,0.6494395217943513,,-0.2987351503186132,0.5443037974683544,103.82887130653785,0.5215887075301905,57696
riskadj,10,2,0.3,equal,21,-0.29452841876501196,-0.4215854187777447,,-0.4919030409013958,0.45569620253164556,52.28933780058133,0.26124687101439936,57696
riskadj,10,2,0.3,volinv,5,0.9090976167949085,1.2185977549324156,0.2526575272631552,-0.2142266611884175,0.5949367088607594,165.54649033099682,0.7984786487123358,57696
riskadj,10,2,0.3,volinv,10,0.7032526812010129,1.0243233849581987,0.06719315385527833,-0.22104878160580965,0.6075949367088608,107.9087866502613,0.5296221397617153,57696
riskadj,10,2,0.3,volinv,21,-0.20631823648646144,-0.2868413147787077,,-0.4164585879110435,0.46835443037974683,53.423113030305736,0.26107918276309244,57696
riskadj,20,0,0.1,equal,5,0.28551067938879143,0.3964338370110908,,-0.2972110267262805,0.4936708860759494,143.30510769965844,0.7894914494235377,57696
riskadj,20,0,0.1,equal,10,0.05716561042810345,0.07937216312065852,,-0.4201051927235153,0.4810126582278481,95.60008254132632,0.5258344417895314,57696
riskadj,20,0,0.1,equal,21,0.49394372662014085,0.6492836187570428,,-0.2406606077526775,0.5189873417721519,57.29143400046061,0.3155920507257955,57696
riskadj,20,0,0.1,volinv,5,0.18747978316435793,0.25023180013733115,,-0.35092414388450943,0.5063291139240507,158.51380813819392,0.8431326746509198,57696
riskadj,20,0,0.1,volinv,10,0.10353102830592453,0.14247154415691454,,-0.3935148690792041,0.4936708860759494,100.9712823881636,0.5390970097147209,57696
riskadj,20,0,0.1,volinv,21,0.7487723298287785,0.98638602834082,0.0914964706459485,-0.18238524664493738,0.5569620253164557,57.55016476644215,0.3109706778056144,57696
riskadj,20,0,0.2,equal,5,0.44424513758285633,0.6412397085152841,,-0.3362555245763893,0.5822784810126582,125.67894161048939,0.6403178677957467,57696
riskadj,20,0,0.2,equal,10,0.2678700831293119,0.38494891408881454,,-0.31766411185619114,0.4810126582278481,86.50163530316888,0.4441579337679665,57696
riskadj,20,0,0.2,equal,21,0.7371623727636281,1.0895787085541255,0.15780700455901522,-0.23306806332983387,0.569620253164557,55.43640218875885,0.2846347573764674,57696
riskadj,20,0,0.2,volinv,5,0.4946011147930257,0.6974912859863078,,-0.33330787189120925,0.5949367088607594,144.50297680058756,0.7140141340498711,57696
riskadj,20,0,0.2,volinv,10,0.3538858452578956,0.4984678247083758,,-0.2956473660577992,0.5443037974683544,92.83552428392191,0.46346916432967117,57696
riskadj,20,0,0.2,volinv,21,0.9051800280999911,1.326255752851163,0.3013642199394406,-0.20851155089020568,0.5569620253164557,55.992871457574125,0.28128170262614954,57696
riskadj,20,0,0.3,equal,5,0.41345072236753977,0.6012461074847325,,-0.3520401089935561,0.5822784810126582,108.75619731708278,0.5353515991081563,57696
riskadj,20,0,0.3,equal,10,0.48716144429729236,0.7090587733224964,,-0.2742779963685126,0.5443037974683544,75.86814846583799,0.37753413113142176,57696
riskadj,20,0,0.3,equal,21,0.5765816364616843,0.8545903050950415,,-0.23531062665932034,0.569620253164557,50.67935624870508,0.25244295096946895,57696
riskadj,20,0,0.3,volinv,5,0.5598751477250202,0.7977381908663885,,-0.2661762686682342,0.569620253164557,128.7181377865587,0.614189157248509,57696
riskadj,20,0,0.3,volinv,10,0.663062253059877,0.9467092537207217,0.10508296643468243,-0.22389251962296108,0.5822784810126582,83.04028959462319,0.40149594095115165,57696
riskadj,20,0,0.3,volinv,21,0.7465951801153925,1.0959016271767017,0.14842666832384158,-0.22744205186763922,0.620253164556962,51.69982347367863,0.2517021243666718,57696
riskadj,20,2,0.1,equal,5,-0.007479157872481481,-0.010279264191180186,,-0.4264923930101374,0.4936708860759494,142.36462535661786,0.7891240113482453,57696
riskadj,20,2,0.1,equal,10,0.24846988704273698,0.3430326215664064,,-0.3862957899781425,0.4936708860759494,95.26900943851858,0.5267372387421062,57696
riskadj,20,2,0.1,equal,21,0.6800760790030396,0.960554209692053,0.04914859048642294,-0.22724132476010883,0.5316455696202531,57.62336830067695,0.31709106007263443,57696
riskadj,20,2,0.1,volinv,5,0.06225492377559227,0.08503851614975605,,-0.40294750568294946,0.4936708860759494,159.494436460797,0.8569369564485859,57696
riskadj,20,2,0.1,volinv,10,0.5334921445144147,0.7324352834026769,,-0.3387060026264356,0.4936708860759494,100.22976912461763,0.5405055786133045,57696
riskadj,20,2,0.1,volinv,21,0.8663890249247875,1.203733691428736,0.294636561883306,-0.19238510681892373,0.5063291139240507,57.87543957672446,0.3118261009835478,57696
riskadj,20,2,0.2,equal,5,0.16215945776876664,0.2381223919049225,,-0.3753527004645484,0.46835443037974683,125.7583702951027,0.6401726391479401,57696
riskadj,20,2,0.2,equal,10,0.295848027450867,0.43489055266249915,,-0.3837050429752391,0.4936708860759494,87.53026487836894,0.4514392169626234,57696
riskadj,20,2,0.2,equal,21,0.5160320864635684,0.7475514662058289,,-0.30161565770061505,0.5189873417721519,55.185108403018255,0.283632649184841,57696
riskadj,20,2,0.2,volinv,5,0.3512111933935831,0.5035653872523584,,-0.31398387621463286,0.5443037974683544,145.19937657254988,0.7187678026980683,57696
riskadj,20,2,0.2,volinv,10,0.4781179455203938,0.6888101829075467,,-0.302356638960401,0.569620253164557,93.56324608438135,0.47127491962716195,57696
riskadj,20,2,0.2,volinv,21,0.7133268137985094,1.0262925960560856,0.11412372594499552,-0.2884509610568531,0.5063291139240507,56.146543677696684,0.2832245523633348,57696
riskadj,20,2,0.3,equal,5,0.03389928695267054,0.05024438510640524,,-0.44417986430691325,0.4810126582278481,109.20436593326792,0.5369366645991307,57696
riskadj,20,2,0.3,equal,10,0.2985597556320742,0.4430573224891743,,-0.35119304146307984,0.5063291139240507,77.50806196961192,0.38672980523624917,57696
riskadj,20,2,0.3,equal,21,0.37321561187061136,0.5479609700888283,,-0.3681742849594607,0.5316455696202531,50.015704526452296,0.24805231519933807,57696
riskadj,20,2,0.3,volinv,5,0.2671972101347975,0.389013819697833,,-0.4039743052974123,0.5189873417721519,129.26713141055458,0.6175577651756077,57696
riskadj,20,2,0.3,volinv,10,0.5468988283720904,0.7951881296927364,,-0.2749043523484286,0.5949367088607594,83.96284723021188,0.4085596246877583,57696
riskadj,20,2,0.3,volinv,21,0.5163956440872034,0.7429832162358037,,-0.3466311547705083,0.5316455696202531,51.34967111225203,0.2491261430757521,57696
riskadj,30,0,0.1,equal,5,0.45189531208074774,0.6359194482530568,,-0.2629783947904052,0.4936708860759494,119.54727922521184,0.6521910483860973,57696
riskadj,30,0,0.1,equal,10,0.26824521863235073,0.37089189052655797,,-0.32366481436718264,0.5189873417721519,80.94289953898938,0.44597945945690076,57696
riskadj,30,0,0.1,equal,21,0.1529954806603593,0.21313281514638444,,-0.3420116109251906,0.4936708860759494,51.97677581246633,0.2836412006592215,57696
riskadj,30,0,0.1,volinv,5,0.3259043275189414,0.4511712536983525,,-0.2863088809237846,0.4936708860759494,137.02446962886387,0.7218772461433757,57696
riskadj,30,0,0.1,volinv,10,0.2684914671569624,0.3667552920623327,,-0.2607860698341694,0.4810126582278481,87.63352239172829,0.46865888653911325,57696
riskadj,30,0,0.1,volinv,21,0.3560980199786264,0.49598844891360006,,-0.32863136494154754,0.5063291139240507,52.93920113123544,0.28406625370133654,57696
riskadj,30,0,0.2,equal,5,0.11403851100866627,0.1665288610277458,,-0.2910639697848141,0.5316455696202531,104.1233980057688,0.5314653892512552,57696
riskadj,30,0,0.2,equal,10,0.0017634903348769456,0.00256392829148407,,-0.3360894056452979,0.4810126582278481,73.49562318246122,0.3784694488858762,57696
riskadj,30,0,0.2,equal,21,0.42125844778136806,0.6180341364579406,,-0.25914361325210034,0.5316455696202531,49.51926658293652,0.25361092139160374,57696
riskadj,30,0,0.2,volinv,5,0.11440028784670665,0.16275598612290015,,-0.2741076950131289,0.5063291139240507,123.42165541476056,0.60832271801831,57696
riskadj,30,0,0.2,volinv,10,0.09597686082540277,0.13808510807339455,,-0.2634533321697915,0.5063291139240507,80.7732208890165,0.4040780440324557,57696
riskadj,30,0,0.2,volinv,21,0.6469870758548623,0.9461485310294557,0.11559897503049353,-0.21348975936521664,0.5443037974683544,51.078318967549556,0.256475376537302,57696
riskadj,30,0,0.3,equal,5,0.1266488837281574,0.18575121262308059,,-0.3377884086957519,0.5063291139240507,89.53798067132344,0.44255014273602017,57696
riskadj,30,0,0.3,equal,10,-0.04225545294139719,-0.06200434472800586,,-0.31511323842720007,0.45569620253164556,64.89095110022436,0.32443039263757456,57696
riskadj,30,0,0.3,equal,21,0.7051095792672476,1.0395161218887985,0.09212145669785034,-0.2760670870504973,0.5822784810126582,43.606289806791196,0.21530327223808268,57696
riskadj,30,0,0.3,volinv,5,0.1301352115930021,0.18632921946173,,-0.3426250008926873,0.5189873417721519,111.00051357422431,0.5299215433199951,57696
riskadj,30,0,0.3,volinv,10,0.1174334391967203,0.1704965718991704,,-0.31356370889267005,0.5063291139240507,72.6520093825098,0.3520666205570449,57696
riskadj,30,0,0.3,volinv,21,0.957647170445127,1.4102109744432834,0.3920195555825549,-0.2062125396102309,0.569620253164557,45.527405120791144,0.22060192213703508,57696
riskadj,30,2,0.1,equal,5,-0.108997987947643,-0.15244857219409352,,-0.3520330279121425,0.45569620253164556,119.86512511106937,0.6607997578482346,57696
riskadj,30,2,0.1,equal,10,-0.2082519266390874,-0.2934548269563967,,-0.4224287283293058,0.43037974683544306,82.25310859181491,0.45540359529780594,57696
riskadj,30,2,0.1,equal,21,0.17268633849595996,0.2455406720572984,,-0.2894401898852518,0.4810126582278481,51.82960459073187,0.2837965653045161,57696
riskadj,30,2,0.1,volinv,5,-0.2550515645107114,-0.35321361495973325,,-0.4363088869814915,0.4430379746835443,137.875000375259,0.7350006228099809,57696
riskadj,30,2,0.1,volinv,10,-0.1968703037110118,-0.27495014858052813,,-0.4399271022730442,0.43037974683544306,88.7980001377127,0.4774981443397815,57696
riskadj,30,2,0.1,volinv,21,0.4006032278259607,0.5651601223809117,,-0.28135330861145214,0.5189873417721519,53.32677574357689,0.28656914529566296,57696
riskadj,30,2,0.2,equal,5,-0.1640145442406962,-0.23947020972451794,,-0.3711389068768519,0.5189873417721519,103.53632426908972,0.5268749306831506,57696
riskadj,30,2,0.2,equal,10,-0.29859273335560216,-0.43523385399083125,,-0.40035803284969773,0.46835443037974683,72.71298972844082,0.37270655520430995,57696
riskadj,30,2,0.2,equal,21,0.11738717062253543,0.17153643489608236,,-0.3373996994550742,0.5189873417721519,49.306739345157,0.2541721698138041,57696
riskadj,30,2,0.2,volinv,5,-0.01356775077829917,-0.01950590190242066,,-0.2924431282830976,0.5316455696202531,123.72446082080359,0.6102263754109052,57696
riskadj,30,2,0.2,volinv,10,0.00413449795689417,0.0059866543977092415,,-0.31637745996667666,0.5316455696202531,79.95741233527379,0.39847021182263165,57696
riskadj,30,2,0.2,volinv,21,0.40447652488735103,0.5867893980236495,,-0.2875796313378849,0.5949367088607594,51.06162942187438,0.2583438758486834,57696
riskadj,30,2,0.3,equal,5,-0.062469241913576244,-0.09145829635031272,,-0.3559151214434729,0.4936708860759494,89.77692297345642,0.44145756465532676,57696
riskadj,30,2,0.3,equal,10,-0.27441524792402255,-0.39681677210701777,,-0.3813579157667598,0.45569620253164556,64.1295459436271,0.31699295672145894,57696
riskadj,30,2,0.3,equal,21,0.314797742839499,0.46643367740939207,,-0.30160275489513333,0.5063291139240507,44.099999567088965,0.21871796046441283,57696
riskadj,30,2,0.3,volinv,5,0.11347771755045652,0.16125271591097143,,-0.3271914201576577,0.5063291139240507,110.7712894385241,0.5282992601140775,57696
riskadj,30,2,0.3,volinv,10,0.03563026524780941,0.05101702134319667,,-0.3444581692151758,0.4810126582278481,71.81237573163483,0.345561573343092,57696
riskadj,30,2,0.3,volinv,21,0.5237908370928865,0.7715308257246998,,-0.30035114278167696,0.569620253164557,46.08310496601216,0.22357479780498923,57696
riskadj,45,0,0.1,equal,5,-0.2491272887303257,-0.34450383007358454,,-0.4194057379295284,0.4936708860759494,97.76939752334927,0.5334107702327125,57696
riskadj,45,0,0.1,equal,10,-0.3225895705694937,-0.44374031141678694,,-0.4403796411497197,0.4936708860759494,68.90951538986064,0.38018505146680054,57696
riskadj,45,0,0.1,equal,21,-0.2509138690985466,-0.34245177572048646,,-0.48327892272747597,0.3924050632911392,45.21703258610496,0.24434102885854386,57696
riskadj,45,0,0.1,volinv,5,-0.19019075328980306,-0.25980438053228955,,-0.43028736680969215,0.4810126582278481,116.06158837198917,0.6080631452811955,57696
riskadj,45,0,0.1,volinv,10,-0.22865712550126752,-0.31116306415923317,,-0.44683680757930067,0.4936708860759494,75.94367859806086,0.4052399553912564,57696
riskadj,45,0,0.1,volinv,21,-0.05850618232986831,-0.07933220728588428,,-0.4321747833376547,0.4177215189873418,46.711324799542716,0.24641124495016606,57696
riskadj,45,0,0.2,equal,5,0.07592403960530135,0.11166840670089409,,-0.42452089114168723,0.5063291139240507,87.38170045141077,0.44323224711738646,57696
riskadj,45,0,0.2,equal,10,0.1517149251288554,0.22066557922706492,,-0.3876581960199649,0.4936708860759494,61.60346901152351,0.3159195668677423,57696
riskadj,45,0,0.2,equal,21,0.3685833243068353,0.5274555079184747,,-0.3323398360368641,0.6075949367088608,41.510871605221965,0.21277297276640467,57696
riskadj,45,0,0.2,volinv,5,0.1994878434889518,0.2893955089619658,,-0.40255918348641917,0.5063291139240507,107.69302269631748,0.5265078833754693,57696
riskadj,45,0,0.2,volinv,10,0.3820149844133304,0.5494329032315635,,-0.3331543903855688,0.569620253164557,69.58220787427571,0.34532834207464425,57696
riskadj,45,0,0.2,volinv,21,0.6228545995386005,0.8756783356467142,0.08317946332314304,-0.32987614283559263,0.569620253164557,43.50911472251387,0.21696396780366417,57696
riskadj,45,0,0.3,equal,5,0.05775997502188466,0.0844882622129525,,-0.4422538141041562,0.5316455696202531,74.62403546664848,0.36595884802641265,57696
riskadj,45,0,0.3,equal,10,0.08791776124975273,0.12877151428913394,,-0.4095515743036552,0.4810126582278481,53.245432280307014,0.26198781167207114,57696
riskadj,45,0,0.3,equal,21,0.4879751469586343,0.7054119298661309,,-0.3557703632491258,0.569620253164557,36.53815623924396,0.1806175497496219,57696
riskadj,45,0,0.3,volinv,5,0.3011288790374236,0.43364200068067854,,-0.4164614822094488,0.5443037974683544,96.58704375242982,0.45599952573431995,57696
riskadj,45,0,0.3,volinv,10,0.3127184531939295,0.4510225872575192,,-0.39499149223514496,0.5316455696202531,61.83370783385297,0.2947768121314212,57696
riskadj,45,0,0.3,volinv,21,0.7346712019216551,1.0387065634812658,0.14389794839607242,-0.305546718214447,0.5443037974683544,39.10223291461059,0.18816436242814147,57696
riskadj,45,2,0.1,equal,5,-0.2203135824747101,-0.3061187599145174,,-0.41404181418623953,0.43037974683544306,98.39832190133771,0.534523587400365,57696
riskadj,45,2,0.1,equal,10,-0.13924142507335865,-0.19290095373358046,,-0.5055562936891311,0.4430379746835443,68.69431294348098,0.3769919876112385,57696
riskadj,45,2,0.1,equal,21,-0.02786517081483004,-0.03883749529782951,,-0.4327960420939091,0.4177215189873418,44.80739417958636,0.2453283663683021,57696
riskadj,45,2,0.1,volinv,5,-0.22544707632166652,-0.3086573697048922,,-0.4378233769557649,0.4430379746835443,116.85881855587894,0.6109448095230864,57696
riskadj,45,2,0.1,volinv,10,0.028742657349390657,0.039413386164491505,,-0.42336619320359825,0.5316455696202531,75.76716782322328,0.4032019335364039,57696
riskadj,45,2,0.1,volinv,21,0.10057052470851836,0.13882630448023084,,-0.38641142788804717,0.43037974683544306,46.53201790847761,0.2492764017413921,57696
riskadj,45,2,0.2,equal,5,-0.18788608398622428,-0.2738567731006688,,-0.42148070709291185,0.46835443037974683,86.596425132112,0.43930537389304364,57696
riskadj,45,2,0.2,equal,10,-0.04356733517181898,-0.06375131860448596,,-0.4201416534001231,0.5189873417721519,61.499585608620706,0.31435413002373847,57696
riskadj,45,2,0.2,equal,21,0.3014456001610317,0.4425845052637127,,-0.3586388720298619,0.5063291139240507,41.46543577409933,0.21363973693307728,57696
riskadj,45,2,0.2,volinv,5,-0.09981083002374301,-0.14273805804091103,,-0.444236296294344,0.45569620253164556,107.03272178004393,0.524118010309786,57696
riskadj,45,2,0.2,volinv,10,0.24050133865118287,0.34712938674957017,,-0.3914829004231133,0.5443037974683544,69.0849625559425,0.34298325149393794,57696
riskadj,45,2,0.2,volinv,21,0.4559371038738361,0.6596636174539942,,-0.3947006885541906,0.5189873417721519,43.760317971324206,0.2195457680117607,57696
riskadj,45,2,0.3,equal,5,0.07428459920159255,0.10851720065652401,,-0.4083267714320419,0.5063291139240507,72.78262939456057,0.35440808487000575,57696
riskadj,45,2,0.3,equal,10,0.20136838336559798,0.2948230965130199,,-0.3959030247358084,0.5063291139240507,52.96742326913416,0.2606768909459735,57696
riskadj,45,2,0.3,equal,21,0.42162844559567414,0.6158024472558568,,-0.41797436431479895,0.5569620253164557,37.25042914428632,0.184923618659928,57696
riskadj,45,2,0.3,volinv,5,0.3727274492289915,0.5357296762548912,,-0.47311034449516465,0.5189873417721519,94.316854717449,0.4433317039274961,57696
riskadj,45,2,0.3,volinv,10,0.580246945185086,0.8417195426246769,,-0.39527423293769015,0.569620253164557,61.3208794972876,0.2930328889399305,57696
riskadj,45,2,0.3,volinv,21,0.7298920012428042,1.0486283175979518,0.1081959782039245,-0.3250012412001466,0.5189873417721519,39.95794647174655,0.1932955580323115,57696
riskadj,60,0,0.1,equal,5,0.1130014057481505,0.15631757960647685,,-0.3579093073298085,0.43037974683544306,86.16012697553879,0.4640660010830895,57696
riskadj,60,0,0.1,equal,10,0.2492225828461759,0.3490598267675979,,-0.3039414889355253,0.5063291139240507,59.69596794867177,0.32440840563979345,57696
riskadj,60,0,0.1,equal,21,-0.3770229147739259,-0.5238899039572261,,-0.4734604475629186,0.379746835443038,40.88139490385746,0.2217338306654841,57696
riskadj,60,0,0.1,volinv,5,-0.025083186142811412,-0.034218775811435224,,-0.3709911234411183,0.379746835443038,105.26538735839497,0.5428836007384097,57696
riskadj,60,0,0.1,volinv,10,0.08444836128082155,0.11641403652172716,,-0.29208364744595905,0.45569620253164556,67.36785905320963,0.3528724447793236,57696
riskadj,60,0,0.1,volinv,21,-0.13856848123421328,-0.1915622712263748,,-0.3880360533732038,0.4430379746835443,42.84355611314775,0.22575626790384212,57696
riskadj,60,0,0.2,equal,5,-0.17690467135219626,-0.2592118117420369,,-0.41457673758327074,0.4177215189873418,78.03887521974333,0.3973863927888579,57696
riskadj,60,0,0.2,equal,10,0.02534046157455372,0.037102532762621585,,-0.3795498325765738,0.45569620253164556,55.79628125016425,0.2856596944370237,57696
riskadj,60,0,0.2,equal,21,-0.04288293331261503,-0.06214672709957756,,-0.41669058900391365,0.4050632911392405,38.05183678148171,0.19383969367905998,57696
riskadj,60,0,0.2,volinv,5,-0.21281361990347486,-0.30749619592191335,,-0.4572562413966976,0.46835443037974683,98.72323132123705,0.483356427863728,57696
riskadj,60,0,0.2,volinv,10,0.07887515319806351,0.11351062191257412,,-0.4093754401113183,0.4810126582278481,64.06675380393207,0.31741320234109754,57696
riskadj,60,0,0.2,volinv,21,0.17522821170484665,0.2505746260484609,,-0.3921305883374039,0.46835443037974683,40.56106067396301,0.20145931108659676,57696
riskadj,60,0,0.3,equal,5,0.04075351456555027,0.060113997710156956,,-0.37678365197265573,0.5063291139240507,65.34645038317092,0.31901191272117324,57696
riskadj,60,0,0.3,equal,10,0.3777931617904006,0.5555271593856678,,-0.40103983198161064,0.5443037974683544,47.5949163315652,0.23438512110002024,57696
riskadj,60,0,0.3,equal,21,0.2580967475197418,0.3746553247528582,,-0.39151666949462205,0.4936708860759494,33.72429887676314,0.16679622896851382,57696
riskadj,60,0,0.3,volinv,5,0.18966773867658812,0.2753873847475567,,-0.4362103372677403,0.5063291139240507,87.58273354753601,0.41232630258498354,57696
riskadj,60,0,0.3,volinv,10,0.5395448258083001,0.7838456499045269,,-0.3515950207340973,0.5443037974683544,56.55693589245092,0.27014494433921,57696
riskadj,60,0,0.3,volinv,21,0.5241796734787293,0.7547957886726071,,-0.3779159378832828,0.5189873417721519,36.350264282399635,0.1756594862952914,57696
riskadj,60,2,0.1,equal,5,0.29522203409358944,0.4137244716363839,,-0.3014212951461901,0.45569620253164556,87.63633393552279,0.4710965081762211,57696
riskadj,60,2,0.1,equal,10,-0.11019092137734372,-0.15377871230478687,,-0.39611422631698123,0.4177215189873418,61.55118182104456,0.33396752958511006,57696
riskadj,60,2,0.1,equal,21,-0.1564930784042637,-0.21785808541519075,,-0.4439463758651633,0.4430379746835443,40.95395457749866,0.22364294371384513,57696
riskadj,60,2,0.1,volinv,5,0.09891622814001473,0.1358014036318222,,-0.39404364055492536,0.4177215189873418,107.82259994261217,0.556094963221639,57696
riskadj,60,2,0.1,volinv,10,-0.08768089881123221,-0.12018128792895733,,-0.4269984133179098,0.46835443037974683,68.7404409880214,0.35999323222393426,57696
riskadj,60,2,0.1,volinv,21,0.007627878663472012,0.010524075749866654,,-0.3805938939645185,0.43037974683544306,43.0690372581966,0.22923952403234793,57696
riskadj,60,2,0.2,equal,5,-0.1955153510110504,-0.28519048061974867,,-0.44254836347068804,0.43037974683544306,78.39437027469002,0.3989140007171473,57696
riskadj,60,2,0.2,equal,10,-0.09445894976854809,-0.13831349175784124,,-0.386169586157879,0.4810126582278481,55.18710067250737,0.2819388544942799,57696
riskadj,60,2,0.2,equal,21,-0.051363669003125556,-0.07357087444160706,,-0.39462175826048174,0.4810126582278481,37.74400464008591,0.19344092888687922,57696
riskadj,60,2,0.2,volinv,5,-0.027670563950142498,-0.03987561999313966,,-0.3815312546271301,0.4430379746835443,99.12702056818533,0.48508727574245536,57696
riskadj,60,2,0.2,volinv,10,0.12935356164130937,0.1857207547661546,,-0.3976497855405988,0.4810126582278481,63.313952269752285,0.3134766438751046,57696
riskadj,60,2,0.2,volinv,21,0.21490119392154747,0.30337626087697406,,-0.3617708226263153,0.4810126582278481,40.3339189576848,0.2013034015251997,57696
riskadj,60,2,0.3,equal,5,-0.16618625661585296,-0.24193519359088436,,-0.44393896634241714,0.4810126582278481,67.01559580600892,0.3270750871105155,57696
riskadj,60,2,0.3,equal,10,-0.03998780327707933,-0.059149256567041286,,-0.465228545981743,0.4810126582278481,48.068797398216994,0.23431037701301766,57696
riskadj,60,2,0.3,equal,21,0.18136684569334566,0.26366567817429,,-0.32783102761907557,0.5063291139240507,33.79659596422461,0.1667488166542192,57696
riskadj,60,2,0.3,volinv,5,0.12290468197697439,0.17743839525034352,,-0.46562325860609355,0.5063291139240507,89.27817344959642,0.42088198788769454,57696
riskadj,60,2,0.3,volinv,10,0.23790009331160122,0.34615556134463127,,-0.47964763513840203,0.5063291139240507,57.143605307353,0.27081008424964526,57696
riskadj,60,2,0.3,volinv,21,0.4103495754001296,0.5881055964403396,,-0.34622519625313686,0.4810126582278481,36.54731682226784,0.176329121835122,57696
riskadj,90,0,0.1,equal,5,0.006231704977163301,0.008716098839548351,,-0.35064455647642034,0.4050632911392405,71.45946277331468,0.38987016839673877,57696
riskadj,90,0,0.1,equal,10,0.19102521719279544,0.2764287569624604,,-0.31847780038599394,0.4810126582278481,50.616481641856026,0.27591193702700206,57696
riskadj,90,0,0.1,equal,21,0.2844578606528938,0.3992807960698925,,-0.38119175549552464,0.46835443037974683,34.50126530430191,0.19130516394284516,57696
riskadj,90,0,0.1,volinv,5,-0.04341472363065995,-0.06012193387034089,,-0.370771417216477,0.379746835443038,92.10537508764084,0.4785570674686285,57696
riskadj,90,0,0.1,volinv,10,0.24542223457165566,0.3490750080806385,,-0.2647618292619375,0.4430379746835443,58.60913208917363,0.30655010509351066,57696
riskadj,90,0,0.1,volinv,21,0.3470033922216666,0.4835048167131798,,-0.3825157623824622,0.46835443037974683,36.365079968034024,0.19575142899466433,57696
riskadj,90,0,0.2,equal,5,0.1603066611941535,0.23603672895104347,,-0.33798302169536565,0.46835443037974683,64.96275936067522,0.3258299062479598,57696
riskadj,90,0,0.2,equal,10,0.24795461413746053,0.3561795742202515,,-0.33474377452269244,0.46835443037974683,44.774250152815064,0.227225834259101,57696
riskadj,90,0,0.2,equal,21,0.35280912665519365,0.5187396760985206,,-0.28933265539415576,0.4936708860759494,31.688153600583327,0.16179582253721037,57696
riskadj,90,0,0.2,volinv,5,0.20533432462206988,0.2964655346655493,,-0.385900143420566,0.5063291139240507,85.86672907347723,0.4139998988954986,57696
riskadj,90,0,0.2,volinv,10,0.3606061646083954,0.5076146653829953,,-0.33661210214629134,0.5316455696202531,53.41362534229341,0.26144733541549126,57696
riskadj,90,0,0.2,volinv,21,0.4888546220270902,0.7069324706538871,,-0.29347048926393693,0.4936708860759494,34.53161968361763,0.17181686674360216,57696
riskadj,90,0,0.3,equal,5,0.08118955176205363,0.1190684632678613,,-0.3793258848561901,0.4936708860759494,54.363694272527326,0.2624191992166799,57696
riskadj,90,0,0.3,equal,10,0.2243529544210365,0.3241713203395939,,-0.3254570279357438,0.5316455696202531,40.36300215227505,0.19629431014368742,57696
riskadj,90,0,0.3,equal,21,0.5543544764786111,0.8147760399215733,,-0.26638981923020244,0.5949367088607594,28.32634460513254,0.13907534599009902,57696
riskadj,90,0,0.3,volinv,5,0.1542573283388135,0.22233534750506317,,-0.44652445864622736,0.46835443037974683,76.48969362797965,0.3559687249848937,57696
riskadj,90,0,0.3,volinv,10,0.29656277291985905,0.4199944065353503,,-0.39089612215839775,0.4936708860759494,49.149333296696064,0.23179615945637416,57696
riskadj,90,0,0.3,volinv,21,0.7034173335373163,1.0159513645840335,0.04889821587296803,-0.1936972574758039,0.5443037974683544,31.471728227689958,0.15076037898170386,57696
riskadj,90,2,0.1,equal,5,0.14833799324796948,0.20590274198353373,,-0.36747859049679255,0.4430379746835443,72.75089232961528,0.39478540509215,57696
riskadj,90,2,0.1,equal,10,0.1176593680456528,0.1621684624759572,,-0.33613529986855495,0.46835443037974683,51.19468132394505,0.27764321198815556,57696
riskadj,90,2,0.1,equal,21,0.042958441436227714,0.05942410830686965,,-0.43764590376276313,0.4936708860759494,34.48513681271585,0.18987562908375658,57696
riskadj,90,2,0.1,volinv,5,0.10977302125523462,0.15014166396815443,,-0.3856858459817154,0.45569620253164556,92.90586860512987,0.48236758390774637,57696
riskadj,90,2,0.1,volinv,10,0.25168690712132485,0.3454809823937645,,-0.28806588720970294,0.4936708860759494,59.31888875729556,0.3104224655461098,57696
riskadj,90,2,0.1,volinv,21,0.24495215782441146,0.3389893372607671,,-0.37626682791044164,0.46835443037974683,36.52161728835501,0.1952951632978927,57696
riskadj,90,2,0.2,equal,5,0.0637822642270617,0.09350420679389707,,-0.31263441409912196,0.4810126582278481,65.44544455029074,0.32900248903049395,57696
riskadj,90,2,0.2,equal,10,0.05728303793554691,0.08236476431307717,,-0.3222087785632176,0.4810126582278481,46.90020657842216,0.23768628955213378,57696
riskadj,90,2,0.2,equal,21,0.30105576614436147,0.4421603572222054,,-0.30272254191500503,0.5063291139240507,31.484552285455962,0.1601588200325296,57696
riskadj,90,2,0.2,volinv,5,0.15887943692649845,0.22895343239523847,,-0.30003938896691007,0.5063291139240507,86.81849703666234,0.41917807652732825,57696
riskadj,90,2,0.2,volinv,10,0.1886021617238292,0.26660080455297847,,-0.27926034908065567,0.5063291139240507,55.58021958498155,0.27203885676728334,57696
riskadj,90,2,0.2,volinv,21,0.3958152794539034,0.5735739793741612,,-0.278961231636771,0.4936708860759494,34.30887768543209,0.16980859253881833,57696
riskadj,90,2,0.3,equal,5,0.10920229977631923,0.1598787259027897,,-0.3812779978181303,0.4810126582278481,56.731941315382365,0.27300506088093557,57696
riskadj,90,2,0.3,equal,10,0.03913010534918598,0.05671313946697411,,-0.4018666907675459,0.46835443037974683,40.67911795830791,0.19679939770229452,57696
riskadj,90,2,0.3,equal,21,0.3667819139861205,0.5330666493374583,,-0.2712005411809516,0.5316455696202531,28.261679872414792,0.1383393800504327,57696
riskadj,90,2,0.3,volinv,5,0.25403600850179026,0.36791702395992604,,-0.39599268570682944,0.5063291139240507,78.43525586780684,0.3646890151696783,57696
riskadj,90,2,0.3,volinv,10,0.1708589482179392,0.24334921862380607,,-0.40031187963515025,0.5063291139240507,49.43051204755076,0.2325592886335639,57696
riskadj,90,2,0.3,volinv,21,0.513208138973522,0.7264209542294751,,-0.20883184313590197,0.5316455696202531,31.409244094234914,0.15006237973435205,57696
blend,5,0,0.1,equal,5,1.214571497491362,1.704563367767171,0.5743285758844243,-0.3055421166142813,0.5949367088607594,222.75583779088356,1.2209573082327911,57696
blend,5,0,0.1,equal,10,1.104497827386087,1.5607477961665395,0.4595597956278965,-0.2668864058875966,0.5949367088607594,121.21593094232446,0.6699423727483179,57696
blend,5,0,0.1,equal,21,0.4437529624697508,0.6096977263101675,,-0.35206118951458476,0.5569620253164557,58.33910677047116,0.3213736666857431,57696
blend,5,0,0.1,volinv,5,1.310719568666648,1.8279751166452018,0.6258003992402743,-0.25004347570447927,0.6075949367088608,228.81085690298482,1.226601304131905,57696
blend,5,0,0.1,volinv,10,1.149440583019255,1.6083449902050195,0.4690401061914984,-0.19624053687445164,0.569620253164557,122.65184907213359,0.6655488575489474,57696
blend,5,0,0.1,volinv,21,0.4366238584109636,0.5978025138899211,,-0.3559916834593153,0.5316455696202531,58.68675699581161,0.31526182887719023,57696
blend,5,0,0.2,equal,5,1.5288756133166401,2.268879215551494,0.8255271039960437,-0.26582809160769916,0.6962025316455697,201.90163683996968,1.0364581963652182,57696
blend,5,0,0.2,equal,10,0.7271476270215214,1.0527159057213002,0.06337314844971322,-0.29810043368876715,0.6075949367088608,116.09719809914118,0.5986393854632488,57696
blend,5,0,0.2,equal,21,0.3208210604179077,0.46461729086745,,-0.2815930033733375,0.5063291139240507,57.07082653794678,0.29408797401344355,57696
blend,5,0,0.2,volinv,5,1.6913109803532067,2.49396316542953,1.0251738668217654,-0.22786632940769036,0.6962025316455697,211.06452954302685,1.0582069949648791,57696
blend,5,0,0.2,volinv,10,0.7892239745128227,1.1316395635717427,0.12976223962456374,-0.3047069308061756,0.5949367088607594,118.71268319226776,0.5982486197032855,57696
blend,5,0,0.2,volinv,21,0.36728319488286687,0.5282463199877173,,-0.27763359352543615,0.5063291139240507,57.8172761185567,0.29158544970494416,57696
blend,5,0,0.3,equal,5,1.167865514215329,1.7323799189049824,0.5108420582767771,-0.27955752797463806,0.6708860759493671,177.69106993593905,0.883894631125866,57696
blend,5,0,0.3,equal,10,0.45904114348797304,0.6691458163539468,,-0.2692997518950577,0.5443037974683544,103.93769306398971,0.5210779813082883,57696
blend,5,0,0.3,equal,21,0.11803041312369052,0.170748627096571,,-0.34695752114203715,0.5063291139240507,51.52468875615243,0.25550622714695054,57696
blend,5,0,0.3,volinv,5,1.2538738554279605,1.8448287423893504,0.6343257137752591,-0.22668203330385306,0.6962025316455697,189.69938839333932,0.9208593167255021,57696
blend,5,0,0.3,volinv,10,0.596105939219647,0.8656157248840525,,-0.21531078069814036,0.5949367088607594,107.76527529688178,0.5273133643592173,57696
blend,5,0,0.3,volinv,21,0.21808886232350758,0.3153310263674834,,-0.28073151509153427,0.4936708860759494,52.74131357699138,0.2559620551798473,57696
blend,5,2,0.1,equal,5,0.6883804325198767,0.9777221443958192,-0.027921805634341986,-0.25714383816669495,0.569620253164557,223.10820530574065,1.223093496762984,57696
blend,5,2,0.1,equal,10,0.847158814217692,1.2019138731410066,0.06456958789377074,-0.32662978964142364,0.620253164556962,122.00684849098951,0.6740813266307147,57696
blend,5,2,0.1,equal,21,0.07731332209250175,0.10593155127158504,,-0.3491936525182553,0.4936708860759494,59.38321930657621,0.32248720226238053,57696
blend,5,2,0.1,volinv,5,0.7380445600865841,1.0289643748064805,0.011595451491620494,-0.2042644481630943,0.569620253164557,230.2277399268856,1.2360634900711152,57696
blend,5,2,0.1,volinv,10,0.9275102851835793,1.2999147491433454,0.2825981569049073,-0.25526367114842685,0.5949367088607594,123.51516584564344,0.6676527790225294,57696
blend,5,2,0.1,volinv,21,0.17477089872327095,0.2385344917621683,,-0.26272414018568857,0.4936708860759494,59.84569188436087,0.3192166814852539,57696
blend,5,2,0.2,equal,5,0.7238245170699125,0.9708403291735358,0.00677909306254201,-0.33650675775670247,0.5949367088607594,207.07197762070462,1.0618422954233528,57696
blend,5,2,0.2,equal,10,1.152179192204621,1.6800301372753936,0.44573673290464283,-0.25430724953983497,0.6329113924050633,115.65722282070291,0.5955543459989342,57696
blend,5,2,0.2,equal,21,0.370486392812686,0.5263626927810116,,-0.3609797875520758,0.5063291139240507,56.77472762804935,0.2914314000555546,57696
blend,5,2,0.2,volinv,5,0.7759914756575724,1.029748541517937,0.0644255022796079,-0.27197224506048967,0.5949367088607594,217.26660416424468,1.0906211012995024,57696
blend,5,2,0.2,volinv,10,1.32739006438682,1.9000704005366411,0.6607108634618828,-0.20624050604021882,0.6582278481012658,118.68911093520306,0.5980384381734207,57696
blend,5,2,0.2,volinv,21,0.5576753587480331,0.7836054663054306,,-0.2870321073333847,0.5063291139240507,57.38138534446973,0.28872224607043184,57696
blend,5,2,0.3,equal,5,0.753716626541894,1.005230026025003,0.02912768213063153,-0.3186655166430329,0.620253164556962,179.1054805236453,0.8898962418347218,57696
blend,5,2,0.3,equal,10,1.0481319911136482,1.5388456077853034,0.37859343067750956,-0.23614843317409828,0.6455696202531646,104.02477724687881,0.5192787235645367,57696
blend,5,2,0.3,equal,21,0.3283311384977945,0.4693684930197408,,-0.2902238856630669,0.46835443037974683,51.391751334436854,0.25551636779465176,57696
blend,5,2,0.3,volinv,5,0.8064101935522192,1.0724226376420707,0.1316440467752867,-0.27426888294388097,0.6455696202531646,192.12899646301693,0.9335232106825153,57696
blend,5,2,0.3,volinv,10,1.1750900651906093,1.7077609863521035,0.48856642965898683,-0.2312123726870059,0.620253164556962,107.76616079569791,0.526520543463735,57696
blend,5,2,0.3,volinv,21,0.5392491484550223,0.7504673890698698,,-0.2909462627731205,0.5316455696202531,52.34320208202697,0.2545292941742062,57696
blend,10,0,0.1,equal,5,1.2783411397686133,1.7942866614408814,0.6615408067449817,-0.22376796123296938,0.569620253164557,190.23921286930855,1.0346998565698082,57696
blend,10,0,0.1,equal,10,0.9704787499564999,1.3268725109686301,0.2767056679205431,-0.2248571930841322,0.6329113924050633,112.18316248827897,0.6146656083522452,57696
blend,10,0,0.1,equal,21,0.46162584859389455,0.6394541905915583,,-0.2675152803973819,0.5189873417721519,58.13236883286799,0.321975096962777,57696
blend,10,0,0.1,volinv,5,1.3921778723063807,1.9308244100024763,0.7399128649820822,-0.21533417938069688,0.6329113924050633,198.9668823613199,1.0555844909515073,57696
blend,10,0,0.1,volinv,10,0.9078437278505561,1.2228197082006163,0.31337290151299735,-0.21696332344326763,0.5822784810126582,114.91933464785286,0.6150303076314868,57696
blend,10,0,0.1,volinv,21,0.40997813824909074,0.5643250084934482,,-0.26212053397686796,0.5063291139240507,58.64459747282703,0.3190097079462059,57696
blend,10,0,0.2,equal,5,0.9534598404734637,1.3960948776570437,0.3307382514676515,-0.2858142984846974,0.620253164556962,169.01130745754298,0.8610675268660878,57696
blend,10,0,0.2,equal,10,0.7554158068625628,1.1009492182832072,0.11460015510965688,-0.20313225704009974,0.620253164556962,104.5437506339527,0.5380705627506852,57696
blend,10,0,0.2,equal,21,0.3543403592555524,0.5154255195704732,,-0.26167855397053563,0.4810126582278481,56.92198051844838,0.2954735322394705,57696
blend,10,0,0.2,volinv,5,1.08844731202044,1.58635241472346,0.4876647759033584,-0.2582314090501153,0.6075949367088608,181.51696110848783,0.9021532130784379,57696
blend,10,0,0.2,volinv,10,0.7229993554307216,1.0265498107186897,0.04738568621417663,-0.2365652763056202,0.620253164556962,108.54933817542944,0.5469092536151415,57696
blend,10,0,0.2,volinv,21,0.4735819316346465,0.6793510055051392,,-0.21257165238734277,0.5063291139240507,57.67801139170514,0.29244627286928304,57696
blend,10,0,0.3,equal,5,0.7650951472894348,1.1175797263639917,0.10612289715063859,-0.2831992694280857,0.5569620253164557,145.64260648891238,0.7197727088233812,57696
blend,10,0,0.3,equal,10,0.46534462286369443,0.6821813801419264,,-0.23125238380710322,0.5949367088607594,91.40896745860061,0.45551137118654367,57696
blend,10,0,0.3,equal,21,0.3590204478467743,0.524709063066611,,-0.3424976229856811,0.5316455696202531,51.62645478042763,0.2568869404811256,57696
blend,10,0,0.3,volinv,5,0.8520975773678154,1.2297005273673611,0.21851089260216802,-0.25602407572847374,0.620253164556962,161.36776014161305,0.7758579347777426,57696
blend,10,0,0.3,volinv,10,0.6337309415406531,0.9206121503948966,-0.023374707666422304,-0.23384551876109305,0.6075949367088608,96.25207908054071,0.46805543561002105,57696
blend,10,0,0.3,volinv,21,0.5475745553952809,0.7914975157665924,,-0.29105781196138436,0.5189873417721519,52.52958089108909,0.25499615659731756,57696
blend,10,2,0.1,equal,5,0.5088165134290347,0.7064487879075877,,-0.2680997308876166,0.5443037974683544,193.269386511067,1.0482094519153775,57696
blend,10,2,0.1,equal,10,0.9077963286212545,1.2434522550634084,0.25151302778720724,-0.3204676817933497,0.5949367088607594,111.6142590193131,0.6094748876260478,57696
blend,10,2,0.1,equal,21,0.5613441465766816,0.7935052686841519,,-0.2945680855466901,0.5063291139240507,58.497265421766244,0.3201306974082927,57696
blend,10,2,0.1,volinv,5,0.5302434398019082,0.7290658758714015,,-0.28433097523422024,0.569620253164557,204.30267091422297,1.0834507138693115,57696
blend,10,2,0.1,volinv,10,1.1160944310372167,1.5213235872330992,0.46396548260099757,-0.31611485200489464,0.620253164556962,114.25349802943462,0.6108368459363736,57696
blend,10,2,0.1,volinv,21,0.7789237112678952,1.0962202749072134,0.1954931668069762,-0.25103951934094926,0.4810126582278481,58.730770312476736,0.3148678094508316,57696
blend,10,2,0.2,equal,5,0.579921128018807,0.8420332056359804,,-0.2693596466426482,0.6075949367088608,171.29514814022235,0.8711914213319137,57696
blend,10,2,0.2,equal,10,0.7048655089782664,1.0264631831903257,0.10349080900714584,-0.3001742167495385,0.569620253164557,103.83795394745235,0.5313380015202162,57696
blend,10,2,0.2,equal,21,0.5198206183931313,0.7522945152332071,,-0.23036566490790045,0.5063291139240507,57.255962082204455,0.2916297298979932,57696
blend,10,2,0.2,volinv,5,0.7666860814371474,1.1058725432487495,0.08524200305879412,-0.25867498175940273,0.6075949367088608,185.63381765314574,0.921992012051715,57696
blend,10,2,0.2,volinv,10,1.025187959655266,1.4742185749486412,0.4195006458045129,-0.2234236597239675,0.6075949367088608,107.79456541094764,0.538889466659844,57696
blend,10,2,0.2,volinv,21,0.680839620677599,0.9611105528839258,0.02646309624587088,-0.23328358376155833,0.5316455696202531,57.91324253752189,0.2885883492105543,57696
blend,10,2,0.3,equal,5,0.7697356587344056,1.1423953019906994,0.11678915744772303,-0.31353025227171416,0.5822784810126582,146.40514687953103,0.7223358172990124,57696
blend,10,2,0.3,equal,10,0.8923916286621345,1.3239727156438468,0.20662770218208795,-0.27818449012576696,0.6329113924050633,91.34334347247412,0.4544209543375647,57696
blend,10,2,0.3,equal,21,0.30036876724488143,0.4313579959752328,,-0.2986976592417486,0.5063291139240507,51.66126287005981,0.25640080883053146,57696
blend,10,2,0.3,volinv,5,0.9455630658698436,1.3965089643888975,0.24692530021355047,-0.23799015812064206,0.6582278481012658,163.1085189542769,0.785245835566922,57696
blend,10,2,0.3,volinv,10,1.1398118531344354,1.6754291240740264,0.514116719683989,-0.23274668226700612,0.6582278481012658,96.04129919298525,0.46710299335826955,57696
blend,10,2,0.3,volinv,21,0.4547605723125738,0.6397791204005149,,-0.21329226746864016,0.46835443037974683,52.6348381382761,0.2558314298522365,57696
blend,20,0,0.1,equal,5,0.3945544982590211,0.5346885666674873,,-0.370981808630398,0.569620253164557,142.71121012468765,0.7712881608113531,57696
blend,20,0,0.1,equal,10,0.14457332454883368,0.19755096999866917,,-0.42872907839899155,0.4430379746835443,96.2247186281088,0.5219459915214495,57696
blend,20,0,0.1,equal,21,0.3451420575731659,0.47230598507672394,,-0.27287737681049695,0.5189873417721519,53.38405917201674,0.28864573647351066,57696
blend,20,0,0.1,volinv,5,0.42426215037223003,0.5692020953912215,,-0.3727059359437911,0.5949367088607594,157.64444888817073,0.8239732521352026,57696
blend,20,0,0.1,volinv,10,0.22526971452879235,0.3039126162082056,,-0.4233280281746018,0.46835443037974683,99.19146651583578,0.5229878995364494,57696
blend,20,0,0.1,volinv,21,0.6257079920960454,0.8532252038728465,-0.03466567257576762,-0.2487506674399108,0.5189873417721519,53.75164009660911,0.2849750171280565,57696
blend,20,0,0.2,equal,5,0.5622346700288463,0.8101921915092835,,-0.2899692313921729,0.569620253164557,125.86986244434325,0.6435076713742399,57696
blend,20,0,0.2,equal,10,0.2067521250464138,0.29587830729663334,,-0.3664735181858474,0.5316455696202531,87.18865524350599,0.4464445837874407,57696
blend,20,0,0.2,equal,21,0.16784983956155844,0.24126474677297916,,-0.32331191606237675,0.5063291139240507,51.168200583872114,0.2586229347760468,57696
blend,20,0,0.2,volinv,5,0.6338808309522503,0.8998880092780662,0.04494157633009224,-0.2967837993470641,0.5443037974683544,143.59870846054906,0.7114500493286728,57696
blend,20,0,0.2,volinv,10,0.41847099975678426,0.5846552192730347,,-0.35162631056564453,0.5443037974683544,92.0741634384281,0.4584100851997805,57696
blend,20,0,0.2,volinv,21,0.49084241664566725,0.6884171544413081,,-0.2973424797037295,0.5949367088607594,52.04837580250583,0.25759269835050236,57696
blend,20,0,0.3,equal,5,0.339217886782896,0.4906229647976957,,-0.36077470409734325,0.5443037974683544,108.37343527011781,0.536843209210605,57696
blend,20,0,0.3,equal,10,0.21741803079708422,0.31591827582667864,,-0.33344664790918865,0.5443037974683544,75.012825013881,0.37416367388493027,57696
blend,20,0,0.3,equal,21,0.4072057486782503,0.593263236306884,,-0.248484861633259,0.5569620253164557,45.175738238128254,0.22321628742297883,57696
blend,20,0,0.3,volinv,5,0.42265580355378324,0.6017217777065649,,-0.3757308475208695,0.4936708860759494,127.45866916690919,0.6110216942287913,57696
blend,20,0,0.3,volinv,10,0.49097193981571985,0.6958333352993902,,-0.32105695414172186,0.5189873417721519,80.97508782503246,0.3923123849581181,57696
blend,20,0,0.3,volinv,21,0.7040274356416227,1.007154330782514,0.06664470189706888,-0.22407345272127555,0.5316455696202531,46.562551550714154,0.22445056586342987,57696
blend,20,2,0.1,equal,5,-0.058170267735771504,-0.0803421136391993,,-0.416634345873344,0.4936708860759494,144.29106750155003,0.7790048444998117,57696
blend,20,2,0.1,equal,10,-0.04718444426137921,-0.06536923276629227,,-0.4369228143596281,0.5063291139240507,97.51442663225109,0.5285664010630189,57696
blend,20,2,0.1,equal,21,-0.023692688100543743,-0.03194790958256283,,-0.3360041464347272,0.4050632911392405,54.197563771503035,0.2925286445864043,57696
blend,20,2,0.1,volinv,5,0.12663004043248555,0.17309905760313418,,-0.35517903893937053,0.5063291139240507,160.2760038826751,0.8403364287696243,57696
blend,20,2,0.1,volinv,10,0.3314806071712224,0.45484956197878396,,-0.32584834103274174,0.5569620253164557,101.15484416283756,0.5354018186803271,57696
blend,20,2,0.1,volinv,21,0.23786841955453122,0.31860416496039073,,-0.24931669633410514,0.46835443037974683,54.73470611409206,0.28855698780728894,57696
blend,20,2,0.2,equal,5,0.19965675948613662,0.2870543818644835,,-0.3701010070101455,0.4936708860759494,125.61747662035825,0.6390750579044852,57696
blend,20,2,0.2,equal,10,0.12428317354287112,0.17801140863614207,,-0.3522230365333713,0.5063291139240507,87.59817712702126,0.4496861398194834,57696
blend,20,2,0.2,equal,21,0.24291904653925636,0.34865096859534744,,-0.2584499852431671,0.5189873417721519,50.41790424739138,0.25690347688412685,57696
blend,20,2,0.2,volinv,5,0.5803642793558297,0.8255184839441057,,-0.34825653659164535,0.5822784810126582,143.35204851202295,0.7093301919573471,57696
blend,20,2,0.2,volinv,10,0.6310873767178405,0.8927849095363831,-0.051070062419626,-0.3116279194570364,0.5443037974683544,92.35542101880758,0.4621263638413445,57696
blend,20,2,0.2,volinv,21,0.47238627520259724,0.6583325494069147,,-0.26193684119249816,0.5316455696202531,51.526419043479315,0.2566738660443506,57696
blend,20,2,0.3,equal,5,0.24069390960353074,0.3498258009592843,,-0.42088745542920714,0.5316455696202531,107.32331377905808,0.525714269510159,57696
blend,20,2,0.3,equal,10,0.05489674685045683,0.07948974372188718,,-0.3618222199127784,0.4936708860759494,75.16414690930921,0.37081640092927587,57696
blend,20,2,0.3,equal,21,0.3023245618904326,0.43559283152213524,,-0.306652375369712,0.569620253164557,44.69623028909985,0.22056742664608533,57696
blend,20,2,0.3,volinv,5,0.5778020144745105,0.8232637431514023,,-0.43459795090648423,0.5569620253164557,126.65701129135421,0.6026479375594197,57696
blend,20,2,0.3,volinv,10,0.5159822784732571,0.7318391479250084,,-0.3459867300206364,0.569620253164557,81.25438832442401,0.39074653750021593,57696
blend,20,2,0.3,volinv,21,0.5536912337234152,0.7828318726767007,,-0.280263355950673,0.5822784810126582,46.341025625241606,0.2233150910305042,57696
blend,30,0,0.1,equal,5,-0.03799781360675937,-0.0525651771970045,,-0.3557383596987753,0.4430379746835443,118.60967456235758,0.6368865608025484,57696
blend,30,0,0.1,equal,10,0.022560425653531054,0.031136710954760158,,-0.3809787459515487,0.4430379746835443,81.64885642412679,0.43780562914112303,57696
blend,30,0,0.1,equal,21,0.22902135264088358,0.3182728223425579,,-0.40873897165153505,0.4177215189873418,48.94193552565016,0.2633346066724996,57696
blend,30,0,0.1,volinv,5,0.1627624641278385,0.22297461370418747,,-0.3071526024316813,0.46835443037974683,134.07840577350882,0.6950536592427249,57696
blend,30,0,0.1,volinv,10,0.21563341040246203,0.29517726460223687,,-0.3623232035245898,0.5316455696202531,87.34542772084872,0.45607665781018786,57696
blend,30,0,0.1,volinv,21,0.4403838464779318,0.6068697474144579,,-0.40713092698247133,0.4936708860759494,49.790394063186596,0.2611435586558114,57696
blend,30,0,0.2,equal,5,0.3924302630322143,0.5661488732792348,,-0.3487173260937584,0.5189873417721519,105.36957445458316,0.5384676985133602,57696
blend,30,0,0.2,equal,10,0.4191498616857029,0.6093594038498303,,-0.3527667630306045,0.5189873417721519,72.48678262157132,0.3704069661533607,57696
blend,30,0,0.2,equal,21,0.4873110565642574,0.6979648872368965,,-0.3572247859404434,0.5189873417721519,45.1274387518926,0.2284368849214238,57696
blend,30,0,0.2,volinv,5,0.6395579870252979,0.9163458893558488,-0.0012360454856100024,-0.34454767637745665,0.4810126582278481,123.52179691565657,0.6108106543767838,57696
blend,30,0,0.2,volinv,10,0.5888683150414061,0.8469316996091808,,-0.355524362711478,0.5316455696202531,78.8646294302175,0.39226925586801104,57696
blend,30,0,0.2,volinv,21,0.743042368584654,1.0552425592268728,0.07113621388312365,-0.33560220413415864,0.5569620253164557,46.36611452496816,0.2290536461288166,57696
blend,30,0,0.3,equal,5,0.3115811413958185,0.4494320079942066,,-0.3909293489296467,0.5443037974683544,89.94072925811497,0.44325247308893606,57696
blend,30,0,0.3,equal,10,0.4450067300636434,0.6481035899774874,,-0.3578579032519964,0.569620253164557,63.193525568771754,0.3126231968827556,57696
blend,30,0,0.3,equal,21,0.5084080573249892,0.7304574416347328,,-0.319575477606442,0.5063291139240507,41.10273514206059,0.2022517860785432,57696
blend,30,0,0.3,volinv,5,0.5116774782529729,0.7299463843881306,,-0.40181850847894907,0.5189873417721519,109.91569734016022,0.5242878100438635,57696
blend,30,0,0.3,volinv,10,0.6516412097937788,0.9240106878673084,0.07123230027307606,-0.36260456533976015,0.5822784810126582,70.33188100818018,0.3380115141277166,57696
blend,30,0,0.3,volinv,21,0.7317931427123077,1.029050958908587,0.09365160372557707,-0.28166972391653733,0.5063291139240507,42.97094997852826,0.20683390141908717,57696
blend,30,2,0.1,equal,5,-0.2598236326140629,-0.3587221493455627,,-0.5168375234880398,0.4430379746835443,119.71837690410901,0.6424492142467215,57696
blend,30,2,0.1,equal,10,-0.26095530398201805,-0.3622889974175525,,-0.4708708370471325,0.43037974683544306,81.93645928161318,0.44042266198919733,57696
blend,30,2,0.1,equal,21,0.06771581380522301,0.09368865534015107,,-0.4055879924748387,0.4430379746835443,49.39164994739038,0.2691451387551821,57696
blend,30,2,0.1,volinv,5,-0.06810021211007487,-0.09365321299717799,,-0.45930236147039694,0.4810126582278481,136.07556666651934,0.7050069146228335,57696
blend,30,2,0.1,volinv,10,0.0847863827926587,0.11667739792102884,,-0.38285794702426856,0.4936708860759494,87.01588707270965,0.45518250943631383,57696
blend,30,2,0.1,volinv,21,0.41196454387618586,0.5676142085031641,,-0.3022409906489002,0.4430379746835443,50.11775043517368,0.26685952612810887,57696
blend,30,2,0.2,equal,5,0.2689235733582012,0.38592387661293814,,-0.3679459434667943,0.5949367088607594,106.97455120547099,0.5450424587181952,57696
blend,30,2,0.2,equal,10,0.22811916677360827,0.3302543576805496,,-0.35175245831868795,0.5316455696202531,72.98409984551404,0.3720364417376808,57696
blend,30,2,0.2,equal,21,0.6286229178920513,0.903467361716138,-0.06320462326792894,-0.29684676883893313,0.569620253164557,44.74091931537991,0.22744640353546983,57696
blend,30,2,0.2,volinv,5,0.49118674763743403,0.6988377677227621,,-0.38994149324891214,0.5443037974683544,125.59835778873477,0.619961227512784,57696
blend,30,2,0.2,volinv,10,0.5507703243371724,0.789817227647069,,-0.3479414273014477,0.5316455696202531,79.50341648432442,0.3945652345539181,57696
blend,30,2,0.2,volinv,21,0.8064397664736849,1.1173718649667872,0.19648583331191505,-0.2942506813633492,0.5822784810126582,46.393224716063415,0.22947877779084908,57696
blend,30,2,0.3,equal,5,0.20419172734630048,0.29511167946303063,,-0.3760202088348785,0.4936708860759494,89.90668313137327,0.43962306768573034,57696
blend,30,2,0.3,equal,10,0.30892207494659374,0.4475593468926305,,-0.33673240141228855,0.5316455696202531,63.775975095371834,0.3132271560739452,57696
blend,30,2,0.3,equal,21,0.671720615488489,0.9654679857848993,0.02965485558355321,-0.26440706291813043,0.5569620253164557,39.979162290117785,0.19709304956353965,57696
blend,30,2,0.3,volinv,5,0.4069209793704911,0.5819381763963881,,-0.3919745637723072,0.5063291139240507,109.54999193764725,0.5193729567541525,57696
blend,30,2,0.3,volinv,10,0.6908075217623828,0.9918425810225441,0.095139258886542,-0.33530066942363923,0.5443037974683544,70.84805287355408,0.33883040583233986,57696
blend,30,2,0.3,volinv,21,0.8029258158007806,1.1228857383790718,0.16661836614013611,-0.26603433065664095,0.569620253164557,41.84880487680294,0.2013561738719337,57696
blend,45,0,0.1,equal,5,-0.003316712826886999,-0.004643598665091345,,-0.3620897857788655,0.5316455696202531,100.74395146358542,0.5437224845634839,57696
blend,45,0,0.1,equal,10,0.26780494457055287,0.3793993964290863,,-0.3483682838128088,0.46835443037974683,67.64461526410362,0.3641916317085129,57696
blend,45,0,0.1,equal,21,0.11073741308377488,0.15675714103998517,,-0.33225423598018267,0.43037974683544306,45.46348925155082,0.24579598829194396,57696
blend,45,0,0.1,volinv,5,0.08616694852813524,0.11955399343026751,,-0.30915371426034155,0.45569620253164556,119.15409168433011,0.6197650517225349,57696
blend,45,0,0.1,volinv,10,0.532503610877421,0.7703228296031549,,-0.2698550656218762,0.4430379746835443,74.06127932066467,0.38638098666903936,57696
blend,45,0,0.1,volinv,21,0.32948805547627186,0.46121062338904545,,-0.28930029477292407,0.4810126582278481,46.63884204956071,0.24537422463020137,57696
blend,45,0,0.2,equal,5,0.141468888880652,0.2048019854498214,,-0.33843638598287695,0.4936708860759494,86.74873234652435,0.4336887321336433,57696
blend,45,0,0.2,equal,10,0.21830485922768714,0.31252273849629975,,-0.3672571385276433,0.45569620253164556,60.259273806888864,0.30300114653703153,57696
blend,45,0,0.2,equal,21,0.7562032705144246,1.1051466506930456,0.08511988355763248,-0.2634575604999696,0.5189873417721519,40.9703801214903,0.20749340750919804,57696
blend,45,0,0.2,volinv,5,0.367413767864245,0.5196755614308047,,-0.33074309904204846,0.4810126582278481,105.7888750532874,0.5109990611702674,57696
blend,45,0,0.2,volinv,10,0.4406318639847784,0.6099193622109511,,-0.2835056628917263,0.45569620253164556,67.2822101997459,0.32811435013896306,57696
blend,45,0,0.2,volinv,21,1.0439435770547199,1.4959951580007742,0.3582883402841539,-0.19832598732310625,0.5443037974683544,42.87035352940078,0.21160829606995168,57696
blend,45,0,0.3,equal,5,0.46418422704554413,0.6756413526901464,,-0.39561702252888575,0.5316455696202531,74.91056453957835,0.3613025242058061,57696
blend,45,0,0.3,equal,10,0.5407952180760225,0.7806390454540852,,-0.3359817527488802,0.5569620253164557,52.50382860223594,0.2546140084498864,57696
blend,45,0,0.3,equal,21,0.9092696071160483,1.332291267831709,0.2562611465793383,-0.2727718333737852,0.5316455696202531,35.43654826448415,0.17413009599926957,57696
blend,45,0,0.3,volinv,5,0.6011147857366647,0.8580582502496732,-0.029633896885964992,-0.43238950996403913,0.5316455696202531,96.17896107476551,0.44925859697247406,57696
blend,45,0,0.3,volinv,10,0.6861908266217887,0.9600665238114425,0.06793978041916163,-0.31924940000934476,0.5443037974683544,60.61367545158669,0.285879996465129,57696
blend,45,0,0.3,volinv,21,1.0851024325820056,1.536899613361904,0.4805479952366437,-0.2169472538974988,0.5569620253164557,37.43370111079741,0.1794412990691651,57696
blend,45,2,0.1,equal,5,0.22902961050497184,0.31741947729614606,,-0.24930011313780254,0.45569620253164556,101.45744087674204,0.5481934563311378,57696
blend,45,2,0.1,equal,10,0.025662096536601033,0.036399408150563306,,-0.3104254924885339,0.45569620253164556,68.7828283636312,0.3707499033690037,57696
blend,45,2,0.1,equal,21,0.09584129474603822,0.1343097568594729,,-0.30561584401141284,0.45569620253164556,45.47301888119276,0.248934076555553,57696
blend,45,2,0.1,volinv,5,0.32339668617747774,0.44678515964180937,,-0.23566426627152925,0.46835443037974683,119.57784389265048,0.6211604214943341,57696
blend,45,2,0.1,volinv,10,0.3139177106062007,0.4461009358427895,,-0.25762870306116836,0.46835443037974683,75.49533223764635,0.39375871367013354,57696
blend,45,2,0.1,volinv,21,0.46557231841701185,0.646959683086279,,-0.23965862353291933,0.4936708860759494,46.74543023751775,0.24982524408426066,57696
blend,45,2,0.2,equal,5,0.1895974501509189,0.2753115688148824,,-0.34694727301195316,0.46835443037974683,86.3858810295826,0.43087169163558275,57696
blend,45,2,0.2,equal,10,0.28331250731080937,0.4101081482614305,,-0.3423467789280682,0.46835443037974683,60.90435684904405,0.30658934975808205,57696
blend,45,2,0.2,equal,21,0.4064739600936696,0.5838210989211176,,-0.30459633639553263,0.5063291139240507,40.78013963893925,0.20671738852350102,57696
blend,45,2,0.2,volinv,5,0.40514751683389577,0.5788867802336385,,-0.33266238522315683,0.4936708860759494,106.18002027716344,0.5130791879561367,57696
blend,45,2,0.2,volinv,10,0.5931892171176166,0.8461240518632699,,-0.261355302813156,0.5316455696202531,68.14205168943768,0.333257770530365,57696
blend,45,2,0.2,volinv,21,0.600129099484196,0.8224536772409138,-0.05190522912476808,-0.3064046212023811,0.5063291139240507,42.67536820529723,0.2106035456108807,57696
blend,45,2,0.3,equal,5,0.4208665105067505,0.614099152400859,,-0.3635620979694255,0.5189873417721519,73.47895033972631,0.35289723595805206,57696
blend,45,2,0.3,equal,10,0.4629201639317881,0.6676002481518793,,-0.38260460230943283,0.5189873417721519,52.49734790761152,0.2545481982815812,57696
blend,45,2,0.3,equal,21,0.6989944683500012,1.00517529641632,0.02711721159077904,-0.360418756603913,0.5569620253164557,36.03583190148345,0.17640506749901758,57696
blend,45,2,0.3,volinv,5,0.5542243996416366,0.794235178468282,,-0.366304378437184,0.5189873417721519,94.79017755124389,0.44149377710482773,57696
blend,45,2,0.3,volinv,10,0.7157400781820558,1.0228284512357555,0.1145783502764396,-0.30459281949574013,0.5443037974683544,60.89274898201373,0.2869682926983604,57696
blend,45,2,0.3,volinv,21,0.8766733953639556,1.2170756182801996,0.30993769802208954,-0.24218160962089863,0.5189873417721519,38.15951674270179,0.18224012715491258,57696
blend,60,0,0.1,equal,5,0.1328814622438736,0.18446062108708194,,-0.2756439562765176,0.5063291139240507,85.85355670858999,0.46313009010120815,57696
blend,60,0,0.1,equal,10,0.5757283522831863,0.8216799199147498,,-0.2162449482739598,0.5569620253164557,60.06561966181351,0.32557570053878526,57696
blend,60,0,0.1,equal,21,-0.10548177885288737,-0.14612808185552328,,-0.4227910805598214,0.35443037974683544,41.11708238840102,0.2233083317214564,57696
blend,60,0,0.1,volinv,5,0.07570943796202881,0.10168946210433269,,-0.28767082632469876,0.4810126582278481,104.5564288029888,0.5401941822646551,57696
blend,60,0,0.1,volinv,10,0.6931550304610837,1.0042717590845744,0.11709659243816002,-0.18786236159197023,0.5316455696202531,67.86031473840511,0.35468307009726846,57696
blend,60,0,0.1,volinv,21,0.020995207902982385,0.028787857382928623,,-0.3871055546235973,0.4050632911392405,43.14873734511625,0.22878691765407377,57696
blend,60,0,0.2,equal,5,0.09594710613998052,0.13893818750755355,,-0.3935626671484781,0.4810126582278481,76.03262960117601,0.38064084912440344,57696
blend,60,0,0.2,equal,10,0.17572427830436643,0.25412111450786234,,-0.3210230004990081,0.45569620253164556,54.649230311561446,0.2748379116755864,57696
blend,60,0,0.2,equal,21,0.46248084571854253,0.6680769016806295,,-0.34225615489840555,0.5063291139240507,35.75399061923918,0.18004352735341883,57696
blend,60,0,0.2,volinv,5,0.02826239527419825,0.03997175269832803,,-0.4101039015486698,0.4430379746835443,96.31812306148858,0.46384229653651504,57696
blend,60,0,0.2,volinv,10,0.18550116995356264,0.2614218639416179,,-0.31883100221186345,0.4936708860759494,62.614815534811136,0.305127575040858,57696
blend,60,0,0.2,volinv,21,0.5861005111940923,0.8361381662078968,,-0.30358549311567784,0.5443037974683544,38.10143789379792,0.18760112126001677,57696
blend,60,0,0.3,equal,5,0.21642203821691408,0.3121352465178767,,-0.4150966365293136,0.4936708860759494,66.5392958963057,0.32041985174016724,57696
blend,60,0,0.3,equal,10,0.3930759077212166,0.5725165950238567,,-0.3557841443963874,0.5189873417721519,46.942343198390105,0.22799878011758787,57696
blend,60,0,0.3,equal,21,0.5584994692742105,0.8070270142561403,,-0.24417217395781,0.5063291139240507,32.3319254318832,0.15809445185426488,57696
blend,60,0,0.3,volinv,5,0.2524825134527496,0.356068287705483,,-0.44676626175501755,0.4810126582278481,87.66915948310391,0.408168570137327,57696
blend,60,0,0.3,volinv,10,0.520208765426915,0.7405540783812472,,-0.3958051811529495,0.5189873417721519,55.60103012193839,0.2622232788699557,57696
blend,60,0,0.3,volinv,21,0.727281840238779,1.0345297949120662,0.039683212147409164,-0.2173514261839008,0.5569620253164557,34.910014906100486,0.16717758176817737,57696
blend,60,2,0.1,equal,5,0.139506689702902,0.1991622716038089,,-0.38041069485904944,0.4936708860759494,89.02036075174594,0.48354762839374266,57696
blend,60,2,0.1,equal,10,0.012962234769919765,0.01853604389853736,,-0.3163351321124255,0.4050632911392405,61.766017710797236,0.33313766296474306,57696
blend,60,2,0.1,equal,21,-0.13498806987049208,-0.19066149096711807,,-0.35124484934997324,0.4430379746835443,41.496165140091925,0.2274927635788473,57696
blend,60,2,0.1,volinv,5,0.15812098288989973,0.22060783379067403,,-0.40151397355264473,0.45569620253164556,107.8958858763413,0.561449433190584,57696
blend,60,2,0.1,volinv,10,0.3114493343372833,0.4544912208646113,,-0.2671354992674092,0.4810126582278481,68.64403909601633,0.3578926375840675,57696
blend,60,2,0.1,volinv,21,0.09697581802490537,0.13493979030378334,,-0.28952317146156326,0.43037974683544306,43.284844151626686,0.23177496880361748,57696
blend,60,2,0.2,equal,5,-0.09911029651936185,-0.14200444800851034,,-0.40960308229309783,0.4177215189873418,77.73730205447006,0.386756787520699,57696
blend,60,2,0.2,equal,10,0.023909588946573888,0.03453722842611832,,-0.3871911758085811,0.45569620253164556,54.780077350762504,0.2755907083578628,57696
blend,60,2,0.2,equal,21,0.4421538494564397,0.6328403082983584,,-0.3369826686605142,0.4936708860759494,35.64096730440687,0.1803922833651039,57696
blend,60,2,0.2,volinv,5,0.01482184247107872,0.02084686041152141,,-0.39844925666148323,0.4430379746835443,98.00058447649992,0.4710374474066187,57696
blend,60,2,0.2,volinv,10,0.28515239088356964,0.40424836514404616,,-0.37765789392024385,0.4936708860759494,62.56383033595532,0.3052351567472128,57696
blend,60,2,0.2,volinv,21,0.7306032561704605,1.040100698314428,0.09113412189777663,-0.2462405764795358,0.5189873417721519,38.04878583904199,0.18806728488505972,57696
blend,60,2,0.3,equal,5,0.20526647008509133,0.2955230876214197,,-0.39028913961776457,0.5063291139240507,67.18862770583259,0.32238563757517474,57696
blend,60,2,0.3,equal,10,0.2534050239643318,0.36822630723007543,,-0.39952193855123774,0.5189873417721519,48.04451905441677,0.232383853993162,57696
blend,60,2,0.3,equal,21,0.4474422685059158,0.6423679356277463,,-0.30931049567737434,0.5189873417721519,32.22778370767001,0.15780329027708517,57696
blend,60,2,0.3,volinv,5,0.33604894521389683,0.47717305671300825,,-0.44532174982120987,0.5063291139240507,88.7182720081619,0.41235057264976643,57696
blend,60,2,0.3,volinv,10,0.4499549709718216,0.6419242309992469,,-0.4359875564722496,0.5443037974683544,56.598309375465604,0.26610446625236284,57696
blend,60,2,0.3,volinv,21,0.6369682715413639,0.9088574374540099,0.016514601567526196,-0.279343392585639,0.4936708860759494,34.90325747631234,0.1674507250355393,57696
blend,90,0,0.1,equal,5,0.20657990060652692,0.29251268799980196,,-0.26438691337858966,0.4177215189873418,75.64052057666865,0.40894963783667176,57696
blend,90,0,0.1,equal,10,0.12178870791316761,0.17029614517460956,,-0.308257373012952,0.46835443037974683,50.83011337202269,0.275926582637521,57696
blend,90,0,0.1,equal,21,0.14181803716599098,0.1997247110572211,,-0.36430322857688635,0.4810126582278481,34.92773497993964,0.18984323627351815,57696
blend,90,0,0.1,volinv,5,0.1349895061959844,0.18946033943751128,,-0.32191788093156504,0.3924050632911392,95.31162670354146,0.49050068103065003,57696
blend,90,0,0.1,volinv,10,0.0974935710542324,0.1347627782380502,,-0.30926820930962484,0.45569620253164556,58.70564035801855,0.3063056412241626,57696
blend,90,0,0.1,volinv,21,0.299254843796709,0.41636221843960686,,-0.32501337040876677,0.4810126582278481,36.928271247937744,0.19453673526830506,57696
blend,90,0,0.2,equal,5,-0.06317735057379506,-0.08949482402176831,,-0.39173937689132254,0.43037974683544306,63.380553335225144,0.3171506860773225,57696
blend,90,0,0.2,equal,10,-0.010301442030733627,-0.014285217596793756,,-0.3668571634626989,0.4050632911392405,45.08696630959476,0.22607431698744912,57696
blend,90,0,0.2,equal,21,0.27498157910579923,0.37672817699398703,,-0.2975445515589338,0.4430379746835443,30.090732638847243,0.1512657609004453,57696
blend,90,0,0.2,volinv,5,-0.006221800967128448,-0.008597546430998176,,-0.4325599196020796,0.46835443037974683,83.35929714394742,0.4007387075380137,57696
blend,90,0,0.2,volinv,10,0.13093537140506195,0.17775879039200024,,-0.37750183111213653,0.45569620253164556,52.828113079668555,0.25626813789665326,57696
blend,90,0,0.2,volinv,21,0.5654317516865179,0.7627162286202674,,-0.2650101242899273,0.4810126582278481,32.493900310681305,0.1594308902217259,57696
blend,90,0,0.3,equal,5,-0.3133540477675588,-0.43913897034778093,,-0.4448987992069393,0.4177215189873418,55.26208589072195,0.26691626535942986,57696
blend,90,0,0.3,equal,10,-0.08617240771295394,-0.12195043784610082,,-0.4459797358235945,0.45569620253164556,38.98234392031196,0.188789971856779,57696
blend,90,0,0.3,equal,21,0.3119504176453269,0.4389487698086743,,-0.3984151039882904,0.45569620253164556,26.326215604905624,0.12758037276456152,57696
blend,90,0,0.3,volinv,5,-0.2008915970004574,-0.2745208839228226,,-0.528312652116678,0.45569620253164556,75.7227833077358,0.35287592015308705,57696
blend,90,0,0.3,volinv,10,0.13542811708709027,0.18515517846591675,,-0.5140444044413136,0.46835443037974683,47.30386747343133,0.2220893174600348,57696
blend,90,0,0.3,volinv,21,0.45434076126583794,0.6164839749176129,,-0.39609475683216466,0.4936708860759494,28.96838839005729,0.13739991777169264,57696
blend,90,2,0.1,equal,5,0.06872517465070956,0.09624834787554945,,-0.34832787368858253,0.43037974683544306,73.44294112940118,0.3950035738225547,57696
blend,90,2,0.1,equal,10,-0.05851155816301239,-0.07930786780263781,,-0.32708029516000414,0.43037974683544306,52.12459588156343,0.28437970743362867,57696
blend,90,2,0.1,equal,21,0.10760107555063012,0.1510922581973517,,-0.33667537593402175,0.45569620253164556,34.822505420259155,0.1884545335936704,57696
blend,90,2,0.1,volinv,5,-0.14331883384784563,-0.1967422731722286,,-0.4665752778714688,0.4810126582278481,93.75437734996231,0.4807610997335803,57696
blend,90,2,0.1,volinv,10,-0.09522118204911413,-0.12861751213654463,,-0.33840348238400353,0.4177215189873418,60.28694880261912,0.3163689827196731,57696
blend,90,2,0.1,volinv,21,0.30753209815546706,0.4256512870696905,,-0.30401752285414063,0.4430379746835443,37.090732518108084,0.19529258036734293,57696
blend,90,2,0.2,equal,5,-0.03692530703629093,-0.05248298660850631,,-0.3874567022326042,0.4050632911392405,64.75869435036839,0.32281818863007344,57696
blend,90,2,0.2,equal,10,-0.02532996288232854,-0.035570343380211464,,-0.3934353045033636,0.45569620253164556,46.135835287424456,0.23120972153126124,57696
blend,90,2,0.2,equal,21,0.21400925982534263,0.3004099840917586,,-0.27706089746709894,0.4936708860759494,31.089529824495337,0.15781601332257478,57696
blend,90,2,0.2,volinv,5,0.03111142261413017,0.04344833348265514,,-0.44757554993614657,0.3924050632911392,84.83166081656256,0.40697206293815624,57696
blend,90,2,0.2,volinv,10,0.21143413548849155,0.2941761417052701,,-0.3974920243680752,0.4430379746835443,53.675275604925936,0.26007886018917864,57696
blend,90,2,0.2,volinv,21,0.4245423091604525,0.5923254185605155,,-0.27548969862415773,0.45569620253164556,33.333026717254455,0.1640304280868098,57696
blend,90,2,0.3,equal,5,-0.14006874643358455,-0.19621127301121213,,-0.44491187091796447,0.45569620253164556,55.05500457434178,0.26439839200325654,57696
blend,90,2,0.3,equal,10,-0.10886485818777138,-0.15268265856410318,,-0.4533407010980324,0.46835443037974683,40.00576593689845,0.1939231179917941,57696
blend,90,2,0.3,equal,21,0.27452268377403366,0.3852968014692982,,-0.32182084769284713,0.4810126582278481,27.22539170961817,0.13238670324597573,57696
blend,90,2,0.3,volinv,5,0.015651098952119722,0.021408754360194335,,-0.44893130180477125,0.4430379746835443,75.56555029319644,0.3509234003496863,57696
blend,90,2,0.3,volinv,10,0.10399656786680997,0.14180889133988803,,-0.45557446096320775,0.46835443037974683,47.793600325699465,0.22495363320184217,57696
blend,90,2,0.3,volinv,21,0.4115726662947514,0.5599327939926416,,-0.3391180332957183,0.5063291139240507,29.80222041163345,0.14125189106880268,57696
PLACEBO,0,0,0.3,equal,5,-0.32431290792818135,-0.4683393697844478,,-0.4382501211818116,0.4430379746835443,203.4056309934607,0.8038144716300486,57696
PLACEBO,0,0,0.3,equal,5,-0.6113699938562847,-0.8799010520210018,,-0.592393183982858,0.4050632911392405,205.7163634489804,0.8129459798323542,57696
PLACEBO,0,0,0.3,equal,5,-0.4293981130881381,-0.6322605942145961,,-0.5559080225125362,0.4177215189873418,206.06302668935163,0.8143159169773172,57696
PLACEBO,0,0,0.3,equal,5,0.02298002155227055,0.03346313991408312,,-0.40237753333394444,0.5316455696202531,207.01725861143262,0.8180868323866585,57696
PLACEBO,0,0,0.3,equal,5,-0.6890731401241266,-0.9859396407566524,,-0.6423032376057591,0.3670886075949367,205.443805615342,0.8118688910125187,57696
PLACEBO,0,0,0.3,equal,5,-1.2006365526130651,-1.5464600048392154,,-0.7759549264559613,0.43037974683544306,204.94203407533576,0.8098859998637377,57696
PLACEBO,0,0,0.3,equal,5,-0.29954142413484425,-0.4427703940631265,,-0.44811585875196214,0.46835443037974683,206.47006192614893,0.8159244310199376,57696
PLACEBO,0,0,0.3,equal,5,-0.11677816464355396,-0.17237242317042784,,-0.5048582217898083,0.45569620253164556,206.61667403673178,0.8165038099467998,57696
PLACEBO,0,0,0.3,equal,5,-0.3135156311392676,-0.46068895484558375,,-0.4869919309272187,0.4177215189873418,205.20029473438788,0.8109065893832358,57696
PLACEBO,0,0,0.3,equal,5,-0.1589758700155342,-0.23153496023379902,,-0.47692049111889634,0.46835443037974683,207.25972237612416,0.8190449960419766,57696
PLACEBO,0,0,0.3,equal,5,-0.7405804277010097,-1.0597714598514794,,-0.7133805706656002,0.31645569620253167,204.781169763855,0.809250299362697,57696
PLACEBO,0,0,0.3,equal,5,-0.2941843843437668,-0.42642331700890157,,-0.44494827573437656,0.46835443037974683,203.81278434518464,0.8054234524369707,57696
PLACEBO,0,0,0.3,equal,5,-0.642283074368796,-0.9222565516392922,,-0.6220418366161335,0.31645569620253167,206.01149986040858,0.8141122942428859,57696
PLACEBO,0,0,0.3,equal,5,-0.7423119813414677,-1.0866948457553265,,-0.7096304847747679,0.4177215189873418,204.11568402524628,0.8066204455836035,57696
PLACEBO,0,0,0.3,equal,5,-0.7692868073982921,-1.111714348125429,,-0.6898431463750541,0.379746835443038,205.3307539217401,0.8114221354978574,57696
PLACEBO,0,0,0.3,equal,5,-0.2032722643859705,-0.2644118983757412,,-0.4509953879786974,0.45569620253164556,204.17743295086603,0.8068644638036414,57696
PLACEBO,0,0,0.3,equal,5,-0.24449125221973328,-0.35525342478154825,,-0.4634484874714849,0.45569620253164556,204.87856465084624,0.8096351826092621,57696
PLACEBO,0,0,0.3,equal,5,-0.3882699122650347,-0.5747731981991908,,-0.4543815794077245,0.45569620253164556,202.92086879970498,0.8018987976895737,57696
PLACEBO,0,0,0.3,equal,5,-0.40519255244477875,-0.5283914041841344,,-0.4543842466850746,0.46835443037974683,205.14845936248938,0.8107017473546704,57696
PLACEBO,0,0,0.3,equal,5,-0.6829046047300303,-0.9916483774409002,,-0.5905343980922142,0.4177215189873418,205.77393489084594,0.8131734895522086,57696
PLACEBO,0,0,0.3,equal,5,-0.67600753989658,-0.9804917272027872,,-0.6592410669680926,0.4430379746835443,204.83331002045085,0.8094563462287625,57696
PLACEBO,0,0,0.3,equal,5,-0.6996479561893123,-1.0346113810508566,,-0.6384856461362312,0.379746835443038,205.27784968616245,0.8112130695543034,57696
PLACEBO,0,0,0.3,equal,5,-0.4622613409516767,-0.6802632036983034,,-0.6536860745713147,0.4430379746835443,204.15937880528054,0.8067931177773607,57696
PLACEBO,0,0,0.3,equal,5,-1.4837146865818205,-2.1136281639409042,,-0.8226291316741385,0.25316455696202533,207.53249173013623,0.8201229207439685,57696
