signal,lookback_d,skip_d,top_frac,weighting,rebal_d,sharpe,sortino,mc_p5,max_dd,months_in_profit,ann_turnover,cost_drag,n_obs
raw,5,0,0.1,equal,5,0.32380853598631615,0.38964596794051853,,-0.23195531466843355,0.525,47.76391068195535,0.10038334094917488,11599
raw,5,0,0.1,equal,10,0.15556414025104143,0.18673153771952553,,-0.34112201703025213,0.5375,24.424381412190712,0.05107362049545937,11599
raw,5,0,0.1,equal,21,0.7036299761430236,0.8556651971822793,0.0931144204477672,-0.1575666800926636,0.5875,11.740736270368133,0.024503658275625752,11599
raw,5,0,0.1,volinv,5,0.32529531589773975,0.39777521347047307,,-0.21297275513977354,0.525,50.41352381526306,0.10579640102389307,11599
raw,5,0,0.1,volinv,10,0.2185124785296015,0.264834924514418,,-0.275130315734745,0.5375,25.25779175391984,0.052763085572595764,11599
raw,5,0,0.1,volinv,21,0.6161014935979259,0.7481365317872577,-0.02566764784690128,-0.20345972638329957,0.5625,12.249139564982215,0.02547761475152412,11599
raw,5,0,0.2,equal,5,0.3283042632891682,0.39850066842727555,,-0.27104715916183053,0.5375,42.82661984967356,0.08866380246470335,11599
raw,5,0,0.2,equal,10,-0.0358748746911498,-0.04329804099832863,,-0.4349567512792055,0.475,22.015954353431727,0.04535167608630686,11599
raw,5,0,0.2,equal,21,0.3545880985652328,0.42462726229378167,,-0.2368638324868768,0.5375,10.51854940472925,0.021598127895193553,11599
raw,5,0,0.2,volinv,5,0.1619360056776331,0.1956614497569014,,-0.27114802410073113,0.5125,46.56228743212321,0.09617452411312827,11599
raw,5,0,0.2,volinv,10,-0.12024859752566905,-0.14631369624668028,,-0.4135148485004123,0.4875,23.6258028836346,0.04857079518714144,11599
raw,5,0,0.2,volinv,21,0.2512219249708352,0.30132808317020426,,-0.21664673967764492,0.5,11.140695924819918,0.0228130039501461,11599
raw,5,0,0.3,equal,5,0.0038161035460126066,0.004511587400011181,,-0.2779359639922204,0.4875,38.06510670982608,0.07827664894435916,11599
raw,5,0,0.3,equal,10,-0.14790354416831936,-0.17563880848729002,,-0.41309033001516593,0.5,19.469040434520217,0.03987193830869219,11599
raw,5,0,0.3,equal,21,0.19670765916006955,0.23326827606183723,,-0.2738119308304291,0.45,9.2009656004828,0.018761815854765634,11599
raw,5,0,0.3,volinv,5,-0.18404623751862284,-0.21796863306814546,,-0.35131973521304494,0.475,42.19013738813007,0.08650253574353373,11599
raw,5,0,0.3,volinv,10,-0.30281281193328874,-0.35973225283575166,,-0.44125180567459377,0.5,21.500107532671958,0.043904817411386285,11599
raw,5,0,0.3,volinv,21,0.1583299614644511,0.18729951212875073,,-0.2339958157914347,0.475,9.92141957197254,0.020162336731270863,11599
raw,5,2,0.1,equal,5,-0.327290512650933,-0.3939623518370062,,-0.49607208576670336,0.425,48.25057332528666,0.10196782254165491,11599
raw,5,2,0.1,equal,10,-0.3822037790608633,-0.46242127062535776,,-0.5473603198972431,0.45,23.897163548581773,0.05001638247828287,11599
raw,5,2,0.1,equal,21,0.06051172910265999,0.0703536286158043,,-0.3343324944829269,0.45,11.973928786964395,0.024889518858823678,11599
raw,5,2,0.1,volinv,5,-0.1377065551510557,-0.1689944792758859,,-0.4772401131635222,0.4625,51.13948889303766,0.10790675928071691,11599
raw,5,2,0.1,volinv,10,-0.39345633993914353,-0.4772976277912716,,-0.5594078805253504,0.475,25.096182025056002,0.052534967145771105,11599
raw,5,2,0.1,volinv,21,0.18197420107625611,0.21468038988268415,,-0.308902170248767,0.4875,12.445607878311279,0.025821371396442538,11599
raw,5,2,0.2,equal,5,-0.17263175238464828,-0.21041493850204657,,-0.4570939893434899,0.4625,44.00850386788831,0.09121114296619931,11599
raw,5,2,0.2,equal,10,-0.18118938169986082,-0.21749474322110435,,-0.4714014563466581,0.45,21.324672189608822,0.04394597095327793,11599
raw,5,2,0.2,equal,21,0.15366085664460036,0.18228721055312821,,-0.3203718078164436,0.425,10.507488890108082,0.02154579165010772,11599
raw,5,2,0.2,volinv,5,-0.14378681444512068,-0.17830119763036348,,-0.4876281828006961,0.4875,47.442706328978424,0.09817572262436533,11599
raw,5,2,0.2,volinv,10,-0.24698268817052021,-0.29326009849448514,,-0.5168386415176924,0.4625,22.87554737958783,0.04705645303227412,11599
raw,5,2,0.2,volinv,21,0.24869426450022505,0.29772036411635455,,-0.3542987473251952,0.4625,11.24084176559653,0.023003045568537855,11599
raw,5,2,0.3,equal,5,-0.22539092075042955,-0.27137859560451233,,-0.43410972897976263,0.4125,39.19708125308608,0.08055541243516799,11599
raw,5,2,0.3,equal,10,-0.0763939648448516,-0.09266949038141123,,-0.36557887052160687,0.425,18.98111044055522,0.03886409213863643,11599
raw,5,2,0.3,equal,21,0.09143392079698989,0.1086866112826648,,-0.32028149167136133,0.425,9.435425467712735,0.01923183868421613,11599
raw,5,2,0.3,volinv,5,-0.29866058250019656,-0.36056424318662017,,-0.45856048576061315,0.425,43.19270924657065,0.08848005004052265,11599
raw,5,2,0.3,volinv,10,-0.18597889456410185,-0.22150575009849258,,-0.4448374262149649,0.425,21.034893069236855,0.04291278080610286,11599
raw,5,2,0.3,volinv,21,0.14807548069390022,0.17776887990442697,,-0.35795485594697274,0.4875,10.174133114423206,0.020677373219691986,11599
raw,10,0,0.1,equal,5,0.2471811124212193,0.30148125125221653,,-0.24702798637440848,0.5125,35.283041641520825,0.07477117731354335,11599
raw,10,0,0.1,equal,10,0.25456811722700173,0.3100705143705992,,-0.309871784471788,0.575,23.34966807483404,0.048844575867912125,11599
raw,10,0,0.1,equal,21,-0.06067111683513047,-0.06931562295042086,,-0.42131132787936354,0.4375,11.466988533494268,0.023846994509063208,11599
raw,10,0,0.1,volinv,5,0.13629175873665242,0.16859080910599122,,-0.2596693908106247,0.5,40.07064960579362,0.08472047020568846,11599
raw,10,0,0.1,volinv,10,0.012722806070318744,0.01512097466210158,,-0.38434340169356795,0.525,24.736453952354832,0.0517789159160421,11599
raw,10,0,0.1,volinv,21,-0.03566207241354969,-0.039821026983718144,,-0.4406475903010615,0.45,11.98007801141699,0.02488308316695205,11599
raw,10,0,0.2,equal,5,0.36458420385095935,0.43561175438328176,,-0.27422257585639886,0.525,30.854095572502338,0.06401212369960849,11599
raw,10,0,0.2,equal,10,0.22689081370807435,0.2712973906816824,,-0.31761821081468866,0.5625,21.565238382619192,0.044396208178703114,11599
raw,10,0,0.2,equal,21,0.11293202742271412,0.13318819427709358,,-0.3442641927621253,0.475,9.962758545015637,0.0204175353637082,11599
raw,10,0,0.2,volinv,5,0.2817449662006447,0.3401528049651187,,-0.3201352328692063,0.475,36.543103466071166,0.0756080571070023,11599
raw,10,0,0.2,volinv,10,0.12091268133958895,0.1456600663906086,,-0.38319352842518795,0.5375,23.2798501747509,0.04783103057876831,11599
raw,10,0,0.2,volinv,21,0.1644800670587267,0.18876989360066426,,-0.34782126060955054,0.4875,10.770221555118447,0.022020680873086125,11599
raw,10,0,0.3,equal,5,0.03646262838082795,0.04284274037291397,,-0.33969184254262685,0.4625,26.748932901739177,0.05501370322091628,11599
raw,10,0,0.3,equal,10,0.09019359618480356,0.10744326830602936,,-0.3560106366150706,0.55,19.178817139408572,0.03922768567777223,11599
raw,10,0,0.3,equal,21,0.2336736432262833,0.2742256113567121,,-0.36519227186313663,0.4875,8.590102595051299,0.01749222413922031,11599
raw,10,0,0.3,volinv,5,-0.2402289932401131,-0.27919190918392234,,-0.44258172773309135,0.4625,32.784451532643835,0.06708290056448352,11599
raw,10,0,0.3,volinv,10,-0.19848658371666592,-0.23184486778509045,,-0.39554212312202064,0.5375,21.21461435358778,0.043252410116680046,11599
raw,10,0,0.3,volinv,21,0.2995762432254368,0.34725775202193565,,-0.3056115230970601,0.525,9.482684597091506,0.01925786287272486,11599
raw,10,2,0.1,equal,5,0.4523454457804905,0.6272303772858335,,-0.25565763921578943,0.5625,34.74568497284249,0.07256656545464435,11599
raw,10,2,0.1,equal,10,0.4221771745695201,0.522643303935282,,-0.2747767576325051,0.4875,23.785636692818347,0.04967128622674019,11599
raw,10,2,0.1,equal,21,0.07955783364096003,0.09348051230385962,,-0.3522420978671603,0.475,11.659625829812914,0.02427336018146588,11599
raw,10,2,0.1,volinv,5,0.5287744957386988,0.7166808279123745,,-0.2877896591501705,0.5875,39.50620648971691,0.08228178035575437,11599
raw,10,2,0.1,volinv,10,0.5343914965587597,0.6688376407934602,,-0.2943225733275374,0.5125,25.04629807429011,0.05225220123997548,11599
raw,10,2,0.1,volinv,21,0.07235749290874581,0.08388658964677145,,-0.3612742155084563,0.45,12.19136747559119,0.025367147892921032,11599
raw,10,2,0.2,equal,5,0.0777411938553725,0.09612457770853214,,-0.318630606490103,0.525,30.394294178965275,0.0624878199354178,11599
raw,10,2,0.2,equal,10,0.3346116717635553,0.4086917129155162,,-0.3155578451004355,0.5625,21.471224008339277,0.044179284455279466,11599
raw,10,2,0.2,equal,21,0.08424630175876621,0.0979566634645563,,-0.3872223162035311,0.5,10.479837603555165,0.02149625904993155,11599
raw,10,2,0.2,volinv,5,0.13961377290154695,0.17383100763903822,,-0.33737939887172685,0.5,35.70392427931459,0.07323634101627988,11599
raw,10,2,0.2,volinv,10,0.34566156295790323,0.4202957425111491,,-0.3733929965346703,0.5125,23.009171158891178,0.04727026906461316,11599
raw,10,2,0.2,volinv,21,0.17334836567878678,0.2027943132099134,,-0.39677573841495395,0.5375,11.113661316682071,0.022754401674569803,11599
raw,10,2,0.3,equal,5,-0.03927618732689207,-0.04735617184959583,,-0.28811746652590065,0.4625,25.89704284852142,0.05293303062077245,11599
raw,10,2,0.3,equal,10,0.3917314525822033,0.4804943228776975,,-0.2535234259009779,0.5,18.761858780929387,0.038336915405143335,11599
raw,10,2,0.3,equal,21,-0.25381903071056966,-0.2918535736494517,,-0.44755475244092,0.4125,9.297284248642125,0.0189624328491845,11599
raw,10,2,0.3,volinv,5,-0.02797640843704948,-0.03348020371429267,,-0.3557670386943733,0.4625,31.728211681000325,0.06460743169037128,11599
raw,10,2,0.3,volinv,10,0.32493528271391203,0.3947107384505382,,-0.36641082920740786,0.5,20.840150047647597,0.0424549797628777,11599
raw,10,2,0.3,volinv,21,-0.09957776211129289,-0.11514081722819638,,-0.4274116456931817,0.45,10.179763061201433,0.020702081717750544,11599
raw,20,0,0.1,equal,5,0.8694893024370556,1.1551829522711168,0.28945572563701977,-0.2185280390957901,0.5,25.022570911285456,0.052046238041802424,11599
raw,20,0,0.1,equal,10,0.5660956295285123,0.7415425643307938,,-0.26222429737501773,0.5,17.04333132166566,0.03559241815036864,11599
raw,20,0,0.1,equal,21,0.4102127444297791,0.48885482411544695,,-0.24634502543630576,0.4875,10.747133373566689,0.022448852553370105,11599
raw,20,0,0.1,volinv,5,0.8018476370676384,1.033626039654097,0.20335626539162752,-0.20874833225542033,0.5125,31.231460895257456,0.06480235187507699,11599
raw,20,0,0.1,volinv,10,0.47611262471539156,0.602074229977553,,-0.29072894163915075,0.5125,19.309166971354347,0.04017065493186655,11599
raw,20,0,0.1,volinv,21,0.4327558206375687,0.5131828199653905,,-0.23840688082957917,0.5375,11.831749893885446,0.024688672211971754,11599
raw,20,0,0.2,equal,5,0.8383144581135152,1.0582418295150033,0.22226734727228034,-0.19460079135844377,0.5125,21.226707631535636,0.043416048151681805,11599
raw,20,0,0.2,equal,10,0.45874248454959954,0.5696815404986753,,-0.2584673176719334,0.525,14.702189060185441,0.03018648057599612,11599
raw,20,0,0.2,equal,21,0.7122866815814266,0.8307295982247904,0.03171170408167647,-0.23168525355885328,0.525,9.636473363691229,0.019792866248924207,11599
raw,20,0,0.2,volinv,5,0.678199082896076,0.8505502960555111,0.0062768440432501875,-0.2021006859910378,0.525,28.078695414654874,0.05728752725787033,11599
raw,20,0,0.2,volinv,10,0.41498200264854235,0.5079064159172625,,-0.2773276851823523,0.525,17.417156832752568,0.03564905278715058,11599
raw,20,0,0.2,volinv,21,0.5878826178283142,0.6733644294572789,,-0.22981463556348503,0.5375,10.691545963172887,0.021911942731946174,11599
raw,20,0,0.3,equal,5,0.6439684574025475,0.7980292603814324,-0.002223310362101733,-0.21877041417109266,0.525,17.823443243539803,0.03626448665205312,11599
raw,20,0,0.3,equal,10,0.4222260176834053,0.5217246326821927,,-0.26895056462768663,0.4875,12.875015087507544,0.026278934966216427,11599
raw,20,0,0.3,equal,21,0.6711501515508944,0.7845522340779527,0.011079949242899944,-0.1875929618728549,0.5625,8.733313216656606,0.017821522094292993,11599
raw,20,0,0.3,volinv,5,0.38727089857458424,0.4706359365326815,,-0.2520897365955548,0.475,24.658739638027328,0.04999788455174665,11599
raw,20,0,0.3,volinv,10,0.35146077535453135,0.42679441032797194,,-0.32640706329237634,0.5,15.760310466527521,0.03204416943156914,11599
raw,20,0,0.3,volinv,21,0.50751930503302,0.5825110823933514,,-0.18814018924119247,0.5875,9.843171862649115,0.020029616959193267,11599
raw,20,2,0.1,equal,5,0.36494721023535054,0.4344378133714557,,-0.22814541907673458,0.4875,25.215208207604107,0.052222181874367835,11599
raw,20,2,0.1,equal,10,0.23630045061016242,0.2732168810000951,,-0.3070103792706743,0.4875,16.972359686179846,0.03529391219228636,11599
raw,20,2,0.1,equal,21,0.48855043294226874,0.5738717245166132,,-0.25101307763404845,0.4875,10.655884127942064,0.022141879721910885,11599
raw,20,2,0.1,volinv,5,0.27610302674389886,0.32457865544929976,,-0.27238780580503263,0.475,31.26588412081796,0.0647530697527977,11599
raw,20,2,0.1,volinv,10,0.21699364997848086,0.24944775482672985,,-0.3212226339584868,0.475,19.433268672672455,0.040413774490847196,11599
raw,20,2,0.1,volinv,21,0.5414423912155303,0.6445288149476153,,-0.2793879280128473,0.475,11.323041768843666,0.023546009639339435,11599
raw,20,2,0.2,equal,5,0.3857398689428038,0.44222427220155275,,-0.2913952178769932,0.4125,20.608503867888302,0.04210192039843755,11599
raw,20,2,0.2,equal,10,0.4089757310473156,0.4652349227994007,,-0.2644744181440615,0.4875,14.608174685905526,0.029979604567441465,11599
raw,20,2,0.2,equal,21,0.4935878563959701,0.5746261390163757,,-0.2580490154697809,0.4625,9.675185164865312,0.01983274040323133,11599
raw,20,2,0.2,volinv,5,0.2683423228298569,0.30450770407165195,,-0.292313069181667,0.4125,27.314803566662917,0.055684260577098355,11599
raw,20,2,0.2,volinv,10,0.36998375859734034,0.4177902679881971,,-0.3416645132896303,0.4625,17.184540917622343,0.035172259317896234,11599
raw,20,2,0.2,volinv,21,0.3737463059955657,0.4226231485017201,,-0.27062611704873785,0.45,10.707721101817569,0.0219102130397267,11599
raw,20,2,0.3,equal,5,0.14431422132735763,0.1651796555454942,,-0.3703201054445563,0.425,17.434942667471333,0.035419287042437124,11599
raw,20,2,0.3,equal,10,0.2822646175897235,0.32565564751841997,,-0.35820823738359153,0.425,12.703922751961375,0.025896707727072685,11599
raw,20,2,0.3,equal,21,0.5382757740754107,0.6301000483315609,,-0.26393693206119695,0.5,8.568557634278816,0.017458413113180547,11599
raw,20,2,0.3,volinv,5,-0.031593987899464125,-0.035629161577605664,,-0.4222251065111642,0.4375,24.404843703030185,0.04942667549427948,11599
raw,20,2,0.3,volinv,10,0.2427281931569637,0.2766609063607555,,-0.4271001423656078,0.4,15.55815626291358,0.031623580172227106,11599
raw,20,2,0.3,volinv,21,0.4287854623851367,0.4863764109425452,,-0.2862622001874454,0.4875,9.609683046396716,0.019528003732954873,11599
raw,30,0,0.1,equal,5,0.5235005468111192,0.6378053209647954,,-0.19661960248737043,0.5,20.74399517199759,0.04300414483495227,11599
raw,30,0,0.1,equal,10,0.3402992238659427,0.402086300758975,,-0.23190060835476778,0.4875,14.265298732649368,0.029892430633876345,11599
raw,30,0,0.1,equal,21,0.36876086464761154,0.44572506821466595,,-0.24330479617733614,0.4625,9.418949909474955,0.019509271893532652,11599
raw,30,0,0.1,volinv,5,0.30955371632334505,0.36526479936290523,,-0.24145990459171096,0.5,27.648513258656436,0.057281265768270376,11599
raw,30,0,0.1,volinv,10,0.16779397316246475,0.19316304195523906,,-0.23913338553096986,0.4125,16.964196365686718,0.035448926255499176,11599
raw,30,0,0.1,volinv,21,0.37851986237390495,0.4525697971150451,,-0.2636394440657436,0.4875,10.417592836088827,0.021577088363417363,11599
raw,30,0,0.2,equal,5,0.4593545499693141,0.5409931315980827,,-0.23338418296616836,0.5,17.2690184890547,0.035355638048961184,11599
raw,30,0,0.2,equal,10,0.1441605423234626,0.16534122287894157,,-0.19919269711273224,0.475,11.865167059856258,0.024490614478129717,11599
raw,30,0,0.2,equal,21,0.34814165160298305,0.41306086704413963,,-0.26332952498098927,0.4375,7.581982772809569,0.015520083873558292,11599
raw,30,0,0.2,volinv,5,0.19368381610623955,0.22218037842886748,,-0.2930574667067719,0.4625,24.737096794938054,0.05054809092015933,11599
raw,30,0,0.2,volinv,10,0.0667366792020646,0.07604251422488585,,-0.25701526419929677,0.425,14.920606569107548,0.030683611427025016,11599
raw,30,0,0.2,volinv,21,0.2701779210742545,0.3144749782075419,,-0.2767599310835458,0.4125,8.734124806201105,0.017832852887304646,11599
raw,30,0,0.3,equal,5,0.3703842174825922,0.433805863200641,,-0.24558285063491891,0.475,14.623152466121686,0.029754534507605228,11599
raw,30,0,0.3,equal,10,0.10586002137783804,0.12032756415170957,,-0.2417072495746171,0.4625,10.322570911285457,0.021139394957274252,11599
raw,30,0,0.3,equal,21,0.33715483646057326,0.39447202683617505,,-0.264904008949861,0.45,6.8665057332528665,0.01397871479475532,11599
raw,30,0,0.3,volinv,5,0.02311503727875527,0.02628017149667737,,-0.3019291354600043,0.4125,22.085722875951536,0.044816205537388416,11599
raw,30,0,0.3,volinv,10,-0.09691456850607341,-0.10823413983088641,,-0.3774848608803614,0.3875,13.566611803847865,0.027679421668317192,11599
raw,30,0,0.3,volinv,21,0.1564563330099588,0.1804109682688376,,-0.2996923368085571,0.45,8.115083122953369,0.016468001178146792,11599
raw,30,2,0.1,equal,5,0.4659411201890537,0.5668966629517828,,-0.1630572640652994,0.475,21.281351840675917,0.044156445761565855,11599
raw,30,2,0.1,equal,10,0.16869988105348094,0.1996137193721906,,-0.19715087031664624,0.4875,14.731683765841883,0.030687877782094388,11599
raw,30,2,0.1,equal,21,0.1439869744554108,0.16922867436171551,,-0.2585686961352971,0.4125,9.854918527459263,0.02043229639223563,11599
raw,30,2,0.1,volinv,5,0.2645940042286603,0.3115471573255622,,-0.21127017148661087,0.45,28.116223396897713,0.058257299986113426,11599
raw,30,2,0.1,volinv,10,0.044868839968143275,0.05186956406689299,,-0.28562900934518587,0.45,17.24700007813686,0.03580203309061328,11599
raw,30,2,0.1,volinv,21,0.18380853763740757,0.2148084500949499,,-0.25349418004006785,0.4625,10.647062185489693,0.022056061826123664,11599
raw,30,2,0.2,equal,5,0.2901289132807535,0.3440949995468668,,-0.248370414891391,0.4375,16.87834531189993,0.03449450342155631,11599
raw,30,2,0.2,equal,10,0.1883969127490286,0.22061106448158257,,-0.2816931782480532,0.4625,11.754561913644592,0.024065560113419465,11599
raw,30,2,0.2,equal,21,0.4419165013381823,0.5317103908832399,,-0.22678102174356507,0.475,8.148834147144347,0.016656680425092444,11599
raw,30,2,0.2,volinv,5,0.05080838807665033,0.05865722028780294,,-0.3132079458390554,0.4625,24.16223068829887,0.04925962285813405,11599
raw,30,2,0.2,volinv,10,0.012706880804244786,0.014477379878049076,,-0.35835751203691324,0.425,14.818740898782794,0.030274496392936258,11599
raw,30,2,0.2,volinv,21,0.3824305304818917,0.4507889602211683,,-0.21324089124607704,0.475,9.175249918660798,0.018725715485549927,11599
raw,30,2,0.3,equal,5,0.3259352334722339,0.38405339963437896,,-0.19330307116988632,0.5,14.253892576946289,0.02897733181297108,11599
raw,30,2,0.3,equal,10,0.1637507518262759,0.1877211370480758,,-0.2821259596446194,0.45,10.317501508750755,0.021010000476511446,11599
raw,30,2,0.3,equal,21,0.43649658123046553,0.5120238770690592,,-0.2578718240105584,0.5125,6.9792999396499695,0.014208773069347999,11599
raw,30,2,0.3,volinv,5,0.06358042551446456,0.0734563286024012,,-0.31089013658290965,0.4,21.6308402171262,0.04384895401641424,11599
raw,30,2,0.3,volinv,10,-0.02374854526927918,-0.02671329366033755,,-0.37830795012711915,0.375,13.595488190633215,0.027608701818820885,11599
raw,30,2,0.3,volinv,21,0.33237077467195875,0.3816108541269166,,-0.2568916812356026,0.475,8.187775650091087,0.016620465971382056,11599
raw,45,0,0.1,equal,5,0.3361177096444681,0.3917742857652783,,-0.2765205826978263,0.475,16.171394085697045,0.03344837613987611,11599
raw,45,0,0.1,equal,10,0.14002811704955415,0.16023708160073372,,-0.30405115012985384,0.45,10.686300543150272,0.02218778496528291,11599
raw,45,0,0.1,equal,21,0.20635263067383108,0.23319150330424934,,-0.37626960860891356,0.4625,7.2391068195534105,0.014995657222537026,11599
raw,45,0,0.1,volinv,5,0.24933237760468133,0.2872530505944769,,-0.25856712438233764,0.4625,23.008734529715383,0.04758294854982359,11599
raw,45,0,0.1,volinv,10,0.10348498357904101,0.11700070243719612,,-0.2945298178000735,0.4375,13.638347042514193,0.028274906388447527,11599
raw,45,0,0.1,volinv,21,0.20192816638101257,0.22406173486489891,,-0.37190117764531405,0.4,8.245706966300279,0.017019445619819135,11599
raw,45,0,0.2,equal,5,0.1775535670997645,0.20092104786163686,,-0.2428035426334133,0.45,13.379272507818072,0.027275053558708656,11599
raw,45,0,0.2,equal,10,0.2726676026103041,0.3173871593263022,,-0.21397372722590136,0.525,8.939660942557744,0.01827695120453959,11599
raw,45,0,0.2,equal,21,0.3159901313453739,0.3545512116670067,,-0.24027893181476356,0.425,6.246425632303725,0.012792397962016535,11599
raw,45,0,0.2,volinv,5,0.14427764263637557,0.1607506433991906,,-0.22113573498904437,0.475,20.709506116830088,0.04215290155121537,11599
raw,45,0,0.2,volinv,10,0.2949424522344879,0.33685053370817125,,-0.22094686191428936,0.5,12.257389710513946,0.024984166053708103,11599
raw,45,0,0.2,volinv,21,0.4027540261526335,0.45407583145635994,,-0.21082273002791363,0.45,7.741115734146065,0.01578355550273995,11599
raw,45,0,0.3,equal,5,0.2843478855651461,0.325856266998675,,-0.21942442462193235,0.5375,11.688198825917594,0.023687770789917708,11599
raw,45,0,0.3,equal,10,0.2755750763087779,0.31997089792627126,,-0.20909146643869214,0.5375,8.093301146650573,0.01642640733107304,11599
raw,45,0,0.3,equal,21,0.2811846202481229,0.31163487566010545,,-0.25907740242639554,0.4625,5.395111647555823,0.010971536130402627,11599
raw,45,0,0.3,volinv,5,0.19272056258121467,0.21777898861823464,,-0.22169794775857388,0.475,19.024183301774737,0.0384422297033902,11599
raw,45,0,0.3,volinv,10,0.3032377052697017,0.3461151735669378,,-0.22890662085661562,0.4625,11.471685461705903,0.023200702264304377,11599
raw,45,0,0.3,volinv,21,0.2821752047244465,0.31246867805738704,,-0.2393270269491361,0.425,6.8650212219530236,0.01390427107449957,11599
raw,45,2,0.1,equal,5,0.08423740949024106,0.09562525689447511,,-0.33289000538552527,0.4375,16.293059746529874,0.03366907028422991,11599
raw,45,2,0.1,equal,10,0.15786905274795254,0.1825278107709627,,-0.34747342154741967,0.4625,10.807966203983101,0.022449495979905663,11599
raw,45,2,0.1,equal,21,0.31312949974329907,0.3588050890300781,,-0.3690754994921792,0.4625,7.147857573928787,0.014854020654465915,11599
raw,45,2,0.1,volinv,5,0.06439996055685303,0.07200784244218167,,-0.27902163732576857,0.4375,22.69532427127592,0.04685278905606301,11599
raw,45,2,0.1,volinv,10,0.07525152233183895,0.08493825935041631,,-0.3175678929133291,0.45,13.990164339133157,0.02902156362638715,11599
raw,45,2,0.1,volinv,21,0.39450342652159864,0.44524814253385814,,-0.3313692728224422,0.45,8.196345011120298,0.016976576389240657,11599
raw,45,2,0.2,equal,5,0.26565686090707114,0.29895238705094446,,-0.31925289374988397,0.5,13.087353925495146,0.026682394002534884,11599
raw,45,2,0.2,equal,10,0.17505700510732536,0.19874428950931436,,-0.2620426964791308,0.45,9.390376913370275,0.019185676272983305,11599
raw,45,2,0.2,equal,21,0.07416059056118311,0.08204716141055425,,-0.33928136784029483,0.4875,6.285137433477808,0.012873621643592334,11599
raw,45,2,0.2,volinv,5,0.18200916590342994,0.20089706709116636,,-0.28828523631874337,0.5,20.399082768895138,0.041511613096792216,11599
raw,45,2,0.2,volinv,10,0.1618875192568552,0.1824654074293247,,-0.23014839393058328,0.45,12.504100063528792,0.0254758099809016,11599
raw,45,2,0.2,volinv,21,0.15054129785371692,0.1664011923938593,,-0.26874075236699935,0.45,7.6069779420949954,0.01552376288154299,11599
raw,45,2,0.3,equal,5,0.26864146682278,0.30214999548821825,,-0.26264247891245673,0.5,11.12226916113458,0.02251715158574206,11599
raw,45,2,0.3,equal,10,0.25596728756704695,0.2958397008465981,,-0.25979289710203046,0.5125,7.771394085697042,0.015764601600737203,11599
raw,45,2,0.3,equal,21,-0.06163181471099234,-0.06799546270748894,,-0.385074572319103,0.45,5.570006035003018,0.011339638665981333,11599
raw,45,2,0.3,volinv,5,0.15876490036360139,0.17658630486457788,,-0.2745664174633975,0.4875,18.510143433548336,0.03739209545433282,11599
raw,45,2,0.3,volinv,10,0.2186418986814128,0.24958437573493844,,-0.261671429387454,0.45,11.07699916999656,0.022407349062113842,11599
raw,45,2,0.3,volinv,21,0.012126452785944737,0.013424847809597778,,-0.3253507708271941,0.425,6.967597443224194,0.014127369005623003,11599
raw,60,0,0.1,equal,5,-0.056201504996812646,-0.0610418539762981,,-0.2862872213562203,0.475,14.255159927579967,0.029609036308992767,11599
raw,60,0,0.1,equal,10,-0.3274843740010347,-0.36060475432240263,,-0.3870180810434808,0.425,10.067833433916716,0.020879036738721102,11599
raw,60,0,0.1,equal,21,0.19962925492716635,0.2262467628417824,,-0.2993781396561902,0.45,6.711888955944477,0.013945811970340134,11599
raw,60,0,0.1,volinv,5,-0.22523185906345636,-0.23632378089142667,,-0.3375784673547927,0.4375,20.54361297780644,0.04250903771915843,11599
raw,60,0,0.1,volinv,10,-0.32483103596550894,-0.3498677078222585,,-0.38211868055331333,0.375,13.055856808071974,0.027028144624747317,11599
raw,60,0,0.1,volinv,21,0.22812079586225834,0.25750496396424183,,-0.3549706016524813,0.4,7.846066950462635,0.016285459073522336,11599
raw,60,0,0.2,equal,5,0.16434657794416926,0.1843930228379492,,-0.1944636688448651,0.4625,12.11284358369452,0.02473211535364231,11599
raw,60,0,0.2,equal,10,-0.08458181132075963,-0.09550036320649857,,-0.2750357952595467,0.425,8.522126515608711,0.017423270280285338,11599
raw,60,0,0.2,equal,21,0.17585894818323694,0.20069822515985417,,-0.25610010374980896,0.4625,5.953321994842816,0.01216411287937695,11599
raw,60,0,0.2,volinv,5,-0.04129292311088179,-0.04525334130924312,,-0.23556979338679218,0.425,19.24032400833115,0.03916165067856654,11599
raw,60,0,0.2,volinv,10,-0.09253664160317521,-0.1030974949463441,,-0.31603918770580286,0.4125,11.676992989602168,0.023801374037721673,11599
raw,60,0,0.2,volinv,21,0.09706151278441316,0.10925553147869431,,-0.2793488308363873,0.4,7.472675001859477,0.015234419055287579,11599
raw,60,0,0.3,equal,5,0.24707658042001876,0.27818640175851217,,-0.23057517668934158,0.45,9.718735941186152,0.019740043805285778,11599
raw,60,0,0.3,equal,10,0.10872228047011567,0.12366655263676085,,-0.26653884032642916,0.4625,7.071816535908268,0.014372214195146166,11599
raw,60,0,0.3,equal,21,-0.0048593393219122025,-0.005507958373863703,,-0.4357210193008716,0.425,5.079541339770669,0.01032801457159514,11599
raw,60,0,0.3,volinv,5,0.07584393713254431,0.08422960999868553,,-0.22824471125923962,0.4375,16.82041798162817,0.033995165279036774,11599
raw,60,0,0.3,volinv,10,0.1094994103140462,0.12285293621950388,,-0.282941453655846,0.45,10.514185578061081,0.021282956720200114,11599
raw,60,0,0.3,volinv,21,0.011189899422937737,0.012523075160925714,,-0.42987178775201984,0.4375,6.717493199412437,0.013608860590385364,11599
raw,60,2,0.1,equal,5,0.09278230449683872,0.10379531915020597,,-0.24291844357876657,0.45,13.707664453832226,0.028373835641777912,11599
raw,60,2,0.1,equal,10,0.03147314934881021,0.03476259123861896,,-0.3017291480299289,0.425,9.895473747736876,0.020435611474491,11599
raw,60,2,0.1,equal,21,-0.06190176834468696,-0.0674455730615555,,-0.38368928287627335,0.4375,6.924803862401931,0.014356638262465825,11599
raw,60,2,0.1,volinv,5,0.06743454720447445,0.07285996057248777,,-0.28274491881518393,0.45,20.098539462073607,0.0414880443619898,11599
raw,60,2,0.1,volinv,10,0.0324181382512686,0.03495518930354819,,-0.31672471822724735,0.4125,12.694059987128492,0.026177235887474323,11599
raw,60,2,0.1,volinv,21,-0.05189081294773822,-0.05589529022314323,,-0.3503642549163182,0.3875,8.133489515863978,0.01685774865514137,11599
raw,60,2,0.2,equal,5,0.08715500855285468,0.09839151911846057,,-0.21073028091830426,0.5,12.011718878586713,0.02452357064599856,11599
raw,60,2,0.2,equal,10,-0.07099862842207891,-0.07727580015477638,,-0.28941481064745056,0.4375,8.989433258352992,0.018338092228076447,11599
raw,60,2,0.2,equal,21,0.03446871209544257,0.038063709341805266,,-0.3229074137368607,0.4625,5.878663521149943,0.01202287741314536,11599
raw,60,2,0.2,volinv,5,0.01915895139562056,0.021411877154171463,,-0.2230097865937467,0.475,18.95565615820492,0.03856165947367265,11599
raw,60,2,0.2,volinv,10,-0.15828498267301164,-0.1700698707025229,,-0.30086699462498434,0.35,12.098553633185539,0.024615827766602177,11599
raw,60,2,0.2,volinv,21,0.01967033455412101,0.02156735788831366,,-0.2983407377619084,0.4125,7.291376970901235,0.014882749631009882,11599
raw,60,2,0.3,equal,5,0.18462177060480087,0.20842970415641462,,-0.22871817797283722,0.475,9.958841279420637,0.020177649451748336,11599
raw,60,2,0.3,equal,10,0.007753339328407832,0.008515544754127259,,-0.2624236138197923,0.45,7.128847314423657,0.014450524569379874,11599
raw,60,2,0.3,equal,21,-0.07125467783505648,-0.08062336039302836,,-0.4108630723206008,0.4375,4.883101991550996,0.009924948775542944,11599
raw,60,2,0.3,volinv,5,0.060782246791231224,0.06688108075557105,,-0.239579207820933,0.425,17.059697157003345,0.034448303854511024,11599
raw,60,2,0.3,volinv,10,-0.03285473447745643,-0.03554931713554334,,-0.32079638151676915,0.425,10.432508152336124,0.021094194759385985,11599
raw,60,2,0.3,volinv,21,-0.057468452065108575,-0.06444416968623957,,-0.41758778928849716,0.3625,6.405017242738729,0.012980257272020533,11599
raw,90,0,0.1,equal,5,0.37192505712184737,0.4190199361537174,,-0.2731598297619572,0.4875,11.132407966203981,0.022999617457041367,11599
raw,90,0,0.1,equal,10,0.33048406938677566,0.3678830241922098,,-0.31294437931480823,0.45,8.263126131563066,0.017159883184505537,11599
raw,90,0,0.1,equal,21,0.07000854274731433,0.07157758271428176,,-0.3479290178433011,0.4125,4.643572721786361,0.009626533084745998,11599
raw,90,0,0.1,volinv,5,0.25976628555547426,0.2836717357089106,,-0.28650836243609923,0.475,17.05454509168505,0.03506775337657719,11599
raw,90,0,0.1,volinv,10,0.21862598306959344,0.2358881929735772,,-0.33116499713681113,0.45,10.756318213219437,0.022223683875265507,11599
raw,90,0,0.1,volinv,21,-0.004240202596388796,-0.004302530095307156,,-0.35486521470744525,0.375,5.922231339829311,0.012242535311201848,11599
raw,90,0,0.2,equal,5,-0.021824432736103728,-0.02356819284396003,,-0.3576763725372043,0.4625,9.991199868327207,0.02031514482082047,11599
raw,90,0,0.2,equal,10,0.06123205068674741,0.06664612669669674,,-0.34190011831117584,0.4375,6.6363087726998415,0.013502898100749332,11599
raw,90,0,0.2,equal,21,0.06188730793271346,0.06341839869498239,,-0.3920240666758803,0.4625,4.2278817139408575,0.008608029960786676,11599
raw,90,0,0.2,volinv,5,-0.147501790936845,-0.15528422919019946,,-0.3927822794481626,0.4375,16.551257384911437,0.033600656128476195,11599
raw,90,0,0.2,volinv,10,0.05156669874542475,0.05502828007588993,,-0.3666071447192586,0.4375,9.7467663239973,0.01980655116444721,11599
raw,90,0,0.2,volinv,21,0.04693534161462366,0.047427066485234995,,-0.3427747843586547,0.3875,5.579744129130635,0.01133768146671181,11599
raw,90,0,0.3,equal,5,-0.06794646195785908,-0.07320259893632203,,-0.30508804860790184,0.4625,8.446546332364074,0.017100044747817487,11599
raw,90,0,0.3,equal,10,0.014625632851598817,0.015777163090393058,,-0.30322611138415445,0.425,5.529450814725407,0.011218107013410823,11599
raw,90,0,0.3,equal,21,0.0025137780333168228,0.002641759220946461,,-0.4388088798360913,0.3875,3.646167773083887,0.007386847759077199,11599
raw,90,0,0.3,volinv,5,-0.12683886103007053,-0.13522082065797134,,-0.3313010726117922,0.4,15.070685413013178,0.030419221982523878,11599
raw,90,0,0.3,volinv,10,0.053734713274249724,0.057247401014396335,,-0.27258403612997784,0.375,8.77203671930016,0.017736578143751763,11599
raw,90,0,0.3,volinv,21,0.09969445139044569,0.10510563981880407,,-0.3713768121929111,0.4,5.043356369946996,0.010190981241475619,11599
raw,90,2,0.1,equal,5,-0.03139941540523339,-0.034341183813737845,,-0.4066791778090163,0.4375,10.71671695835848,0.022105306352439315,11599
raw,90,2,0.1,equal,10,-0.10347400366132432,-0.10489276593510564,,-0.4409467491519615,0.4375,7.289800844900422,0.015098327937172888,11599
raw,90,2,0.1,equal,21,0.2039029545257763,0.21152822057020584,,-0.35961085510150814,0.475,5.049124924562463,0.010406774342839067,11599
raw,90,2,0.1,volinv,5,-0.16171320167128655,-0.16860435725350392,,-0.42052237548729887,0.4125,16.453526156597505,0.0338117379790266,11599
raw,90,2,0.1,volinv,10,-0.17147409286491516,-0.1701636811447744,,-0.43527881248293665,0.425,10.025224519876181,0.02069871737908465,11599
raw,90,2,0.1,volinv,21,0.000318999114631266,0.00032242528404839325,,-0.35420106132964324,0.4,6.1542268410791925,0.01271401690676835,11599
raw,90,2,0.2,equal,5,-0.07321249784905301,-0.07802729534456389,,-0.3269721739767897,0.4375,9.232764580018655,0.018768878890448572,11599
raw,90,2,0.2,equal,10,-0.064181547923426,-0.06503941911662244,,-0.3082524128369155,0.4375,6.229834860371977,0.012673763377285017,11599
raw,90,2,0.2,equal,21,0.19259660203452367,0.1981723789576618,,-0.3807352443366846,0.4375,4.379963789981896,0.008929965634282278,11599
raw,90,2,0.2,volinv,5,-0.026916211091996475,-0.02817847752933269,,-0.2643880445849828,0.4125,15.824818067754359,0.03208338324970725,11599
raw,90,2,0.2,volinv,10,-0.0071447470382669164,-0.007254066765495109,,-0.28156491796366645,0.45,9.48645121156119,0.01926164048089974,11599
raw,90,2,0.2,volinv,21,0.1714025568726978,0.1718255614680002,,-0.362485241820366,0.375,5.690486737804847,0.011572919851058718,11599
raw,90,2,0.3,equal,5,-0.2335334033755818,-0.24619963801185385,,-0.3785043749509256,0.4125,7.512854556427278,0.015187833956597958,11599
raw,90,2,0.3,equal,10,-0.14760504470824742,-0.15058929641180252,,-0.36449025902150456,0.3875,5.36089318044659,0.010848607258544352,11599
raw,90,2,0.3,equal,21,0.15021754739713525,0.1564634037182901,,-0.42639254331917176,0.4125,3.5118286059143027,0.007115212171132691,11599
raw,90,2,0.3,volinv,5,-0.29945253289264334,-0.31438108460509484,,-0.36999277799822006,0.3625,14.120168902057008,0.0284661039181843,11599
raw,90,2,0.3,volinv,10,-0.17445049434212767,-0.17795742580268334,,-0.3477583660932281,0.3625,8.57487984979138,0.017315738899371377,11599
raw,90,2,0.3,volinv,21,0.13440579148323042,0.13735917811575946,,-0.3846583021985094,0.3875,4.951965654186528,0.01000353541137073,11599
riskadj,5,0,0.1,equal,5,0.5704636384341193,0.6856344712411329,,-0.2270290714291584,0.575,49.48750754375377,0.10345884757983048,11599
riskadj,5,0,0.1,equal,10,-0.23547442955910433,-0.2781557379801234,,-0.49108969445141737,0.475,25.539649969824985,0.053085072675329074,11599
riskadj,5,0,0.1,equal,21,0.4014677356223072,0.49003151297431774,,-0.17253632914595463,0.5375,12.298370549185277,0.025480667905694906,11599
riskadj,5,0,0.1,volinv,5,0.4664663322590556,0.5647593529635725,,-0.2499569377467682,0.5875,50.9598511948157,0.10635722665397618,11599
riskadj,5,0,0.1,volinv,10,-0.36982896833292694,-0.4344404682248094,,-0.5661043408847495,0.475,26.109691439759864,0.05414515669083461,11599
riskadj,5,0,0.1,volinv,21,0.3077656390354318,0.37344669559876853,,-0.2002367885269567,0.5125,12.545845305081983,0.025927002876106008,11599
riskadj,5,0,0.2,equal,5,0.31544700418992677,0.3752430002223591,,-0.24979162660045917,0.5375,44.13869534207495,0.0910818377594865,11599
riskadj,5,0,0.2,equal,10,-0.4311761615836695,-0.511702287576367,,-0.5543932912404497,0.425,23.09711965765074,0.047444369289162965,11599
riskadj,5,0,0.2,equal,21,0.4076818539722704,0.4905300244928522,,-0.22173392323352392,0.5,10.471542217589292,0.021433031272753623,11599
riskadj,5,0,0.2,volinv,5,0.09157567012270601,0.10841783928684237,,-0.26758559052666386,0.4875,46.741443876980476,0.09621147664557783,11599
riskadj,5,0,0.2,volinv,10,-0.44568623063244067,-0.5318655818413449,,-0.5282837363779329,0.45,23.90183450201317,0.04897307792337927,11599
riskadj,5,0,0.2,volinv,21,0.2626847817730343,0.3141708999438276,,-0.23824956667794206,0.475,10.927010054516044,0.022301843094309735,11599
riskadj,5,0,0.3,equal,5,0.18050850613900143,0.211280965035614,,-0.2829669906275909,0.5,38.75961485708015,0.07951276766815774,11599
riskadj,5,0,0.3,equal,10,-0.36992041315659574,-0.43154427808263013,,-0.5029350095391554,0.4125,20.201569100784553,0.041308204178374816,11599
riskadj,5,0,0.3,equal,21,0.19020939279082066,0.22529752649076795,,-0.29013675995571653,0.5,9.275739287869643,0.018878729083609293,11599
riskadj,5,0,0.3,volinv,5,-0.14475343568314575,-0.16795186711541837,,-0.3917118018669421,0.525,42.09453860204017,0.0861321370427365,11599
riskadj,5,0,0.3,volinv,10,-0.4723109863485329,-0.5534198907234821,,-0.5291664455742864,0.4125,21.665878511759384,0.04417730497657947,11599
riskadj,5,0,0.3,volinv,21,0.10944231671478745,0.1289665427961268,,-0.285480779861788,0.4625,9.963049663359048,0.020219756098972197,11599
riskadj,5,2,0.1,equal,5,-0.42906359967432994,-0.49063865682102764,,-0.5363465276258392,0.4,51.393602896801454,0.10801920064446856,11599
riskadj,5,2,0.1,equal,10,-0.323027894519978,-0.36859509924435113,,-0.49597685413233106,0.475,25.367290283645143,0.05281345510124222,11599
riskadj,5,2,0.1,equal,21,0.30046695442084664,0.35947084208463304,,-0.33434339730285845,0.4625,11.943512371756187,0.02470712884228935,11599
riskadj,5,2,0.1,volinv,5,-0.25876377481808377,-0.30209834952771025,,-0.4923616538077481,0.4875,52.625981754916495,0.11042694186255789,11599
riskadj,5,2,0.1,volinv,10,-0.155962244533477,-0.18353957998070763,,-0.43212586561801114,0.4875,26.095963348661613,0.05428112956600588,11599
riskadj,5,2,0.1,volinv,21,0.20391841915954556,0.24180463238091887,,-0.3799729325003339,0.5,12.310897033288944,0.025429205024971736,11599
riskadj,5,2,0.2,equal,5,-0.17974026653365804,-0.21646917542519575,,-0.45289685993313356,0.475,45.211334832940146,0.09336170500249483,11599
riskadj,5,2,0.2,equal,10,-0.02457976055917907,-0.02952095679767558,,-0.3903385159721907,0.475,21.880463049322437,0.044935969499354175,11599
riskadj,5,2,0.2,equal,21,0.17944328251241706,0.21381642817093152,,-0.34043342101653584,0.45,10.64021506556208,0.021774070202376226,11599
riskadj,5,2,0.2,volinv,5,-0.1976829247881017,-0.23851822289900876,,-0.47173678959856236,0.4875,47.29799941442469,0.09751463849057727,11599
riskadj,5,2,0.2,volinv,10,-0.006767100552039067,-0.008023146319591992,,-0.39387377823664627,0.475,23.08718635487079,0.047311531004616755,11599
riskadj,5,2,0.2,volinv,21,0.17969507856070416,0.2146837798877567,,-0.34595749373118057,0.4875,11.143219528342756,0.022741768477102433,11599
riskadj,5,2,0.3,equal,5,-0.32164859623931824,-0.3762337513516581,,-0.4439035911607774,0.4125,40.039869424480166,0.082175522062237,11599
riskadj,5,2,0.3,equal,10,-0.17081045732659894,-0.20351240235717707,,-0.39476503843953037,0.4625,19.420881110440554,0.039695623781863726,11599
riskadj,5,2,0.3,equal,21,0.07436030194029342,0.08894005580472682,,-0.32645952335259887,0.5,9.624260712130356,0.019588568101454706,11599
riskadj,5,2,0.3,volinv,5,-0.4221270815546096,-0.494558770278041,,-0.5057993567131628,0.4,42.971677073020025,0.0879099942856925,11599
riskadj,5,2,0.3,volinv,10,-0.2882604551969637,-0.33660348952387303,,-0.46656206883881024,0.4625,21.148412414787316,0.04307110515354544,11599
riskadj,5,2,0.3,volinv,21,0.0665538081274144,0.07976822292821296,,-0.3319747202459915,0.4625,10.295738398226387,0.020895620792016265,11599
riskadj,10,0,0.1,equal,5,0.2764562106261653,0.34612394976492744,,-0.30179075003483047,0.525,38.75051297525649,0.08158722623424582,11599
riskadj,10,0,0.1,equal,10,0.03335217554384525,0.0408260967143254,,-0.43292592314941725,0.5125,25.468678334339167,0.05303647273575357,11599
riskadj,10,0,0.1,equal,21,0.018404926076851864,0.021605699034891675,,-0.3387299997826263,0.475,12.024622812311407,0.024904664202781854,11599
riskadj,10,0,0.1,volinv,5,0.18546135869908895,0.23134852531633066,,-0.36486896570650373,0.55,42.489911330584874,0.08924220312930908,11599
riskadj,10,0,0.1,volinv,10,0.04267438268117771,0.052139300203320416,,-0.4450749602125603,0.55,26.129644700761872,0.05432696355357629,11599
riskadj,10,0,0.1,volinv,21,-0.01607538659327819,-0.018497951817122153,,-0.3830898920497412,0.475,12.245478608616661,0.025311393302740376,11599
riskadj,10,0,0.2,equal,5,0.10017450218178267,0.11978654614645354,,-0.3269193996246309,0.4875,32.2303396060789,0.0666494561151289,11599
riskadj,10,0,0.2,equal,10,0.033889803843979854,0.04057979120453737,,-0.3604297320034301,0.45,22.555154441213585,0.046290252891984934,11599
riskadj,10,0,0.2,equal,21,0.3317117960287758,0.3890135632814396,,-0.25184959083612246,0.475,10.352641685411756,0.021147583148177915,11599
riskadj,10,0,0.2,volinv,5,-0.03229640338542393,-0.03890909498463326,,-0.3631252487194846,0.45,36.7420065298869,0.07554351418829905,11599
riskadj,10,0,0.2,volinv,10,-0.07231084411495818,-0.08705022647436132,,-0.4240418742586697,0.4625,23.867348944469732,0.0488320044881697,11599
riskadj,10,0,0.2,volinv,21,0.2968831181178553,0.34463812292221563,,-0.28732376289285055,0.4625,10.946862762418704,0.022311003591780804,11599
riskadj,10,0,0.3,equal,5,0.07805575372597812,0.09317311404145594,,-0.3166934849763209,0.525,27.49920447687496,0.05645317601948407,11599
riskadj,10,0,0.3,equal,10,0.015922853765050995,0.018957467545048897,,-0.3749904968331388,0.5,20.052021726010864,0.040922100503079956,11599
riskadj,10,0,0.3,equal,21,0.23530150232975103,0.2770144505020111,,-0.28839232333747966,0.4625,9.086904043452023,0.018488580230876482,11599
riskadj,10,0,0.3,volinv,5,-0.2693552485829911,-0.3155165055885489,,-0.4366503698522526,0.425,32.74005716090592,0.06692079622086193,11599
riskadj,10,0,0.3,volinv,10,-0.2777696649379758,-0.32497176902718083,,-0.4584863419820493,0.4875,21.69955163560908,0.04415351026571365,11599
riskadj,10,0,0.3,volinv,21,0.22311044839302552,0.25835492362042867,,-0.31162107337824796,0.5125,9.800668655511803,0.01988477913734922,11599
riskadj,10,2,0.1,equal,5,0.12412851851164919,0.1623084496473504,,-0.3790445647521651,0.5125,37.84815932407967,0.07871973326692663,11599
riskadj,10,2,0.1,equal,10,0.23459054421744366,0.2861238521242537,,-0.3861562785125081,0.475,24.982015691007845,0.05194281390244501,11599
riskadj,10,2,0.1,equal,21,-0.07581984589586549,-0.08970705737618527,,-0.5310506676560804,0.5,12.186843693421848,0.025279773172150664,11599
riskadj,10,2,0.1,volinv,5,0.07969788507402481,0.10229472637432667,,-0.4623845979242853,0.525,41.46360247417907,0.08592058317540618,11599
riskadj,10,2,0.1,volinv,10,0.21533068494725854,0.26441209574906405,,-0.42673249092963284,0.4875,25.57354366340108,0.05303453434646157,11599
riskadj,10,2,0.1,volinv,21,-0.10697103668911391,-0.1217814241375379,,-0.5307009725206913,0.5125,12.527900614453761,0.025960794638860037,11599
riskadj,10,2,0.2,equal,5,0.13810885012158103,0.1761625722367984,,-0.34681807735089787,0.5125,32.09484830196961,0.06578900439989835,11599
riskadj,10,2,0.2,equal,10,0.40467139083560844,0.49462250434046134,,-0.351204169449455,0.5125,22.09337795577989,0.04533055182917038,11599
riskadj,10,2,0.2,equal,21,-0.1311797008772665,-0.15138210150036285,,-0.4246332291996969,0.475,10.933318703022989,0.022357827713029244,11599
riskadj,10,2,0.2,volinv,5,0.023235614540699875,0.02859299012451286,,-0.440098514430579,0.475,36.66694064416967,0.07494661926278672,11599
riskadj,10,2,0.2,volinv,10,0.3608176329781008,0.4337975414738977,,-0.4133562581035769,0.5,23.123358941328863,0.04732144186576338,11599
riskadj,10,2,0.2,volinv,21,-0.12066759113860488,-0.13701016125788118,,-0.4370953924780584,0.4875,11.423189813643175,0.023309140026890864,11599
riskadj,10,2,0.3,equal,5,0.02564979996289668,0.031104851800341417,,-0.338724842319434,0.475,26.894447797223897,0.05485294113884646,11599
riskadj,10,2,0.3,equal,10,0.20985740806539696,0.2547402497481881,,-0.3313587620027959,0.475,19.220639710319855,0.03919784745645056,11599
riskadj,10,2,0.3,equal,21,-0.2626695369085683,-0.30259047517633963,,-0.4518296403946237,0.4375,9.385998792999397,0.019111040881866815,11599
riskadj,10,2,0.3,volinv,5,-0.011528182960702437,-0.013782823186539658,,-0.4132917991808511,0.5,31.803824884505676,0.06463039254119857,11599
riskadj,10,2,0.3,volinv,10,0.24539522678095493,0.29693621927826297,,-0.39596407918361354,0.4875,20.689842872308635,0.04209214095340979,11599
riskadj,10,2,0.3,volinv,21,-0.2478080859800279,-0.2845977937083746,,-0.4289945026493891,0.425,10.152608781510375,0.02061532881800353,11599
riskadj,20,0,0.1,equal,5,0.6537520741885926,0.8394734370059606,0.059080859240886865,-0.327411801387712,0.5,27.5876885938443,0.05712522441863595,11599
riskadj,20,0,0.1,equal,10,0.35177713752104656,0.4427004555726155,,-0.31648404248662965,0.4875,18.655401327700666,0.03883075407502574,11599
riskadj,20,0,0.1,equal,21,0.25745942097753155,0.29250376803364414,,-0.3116414782847684,0.5375,11.781291490645746,0.024466663821277025,11599
riskadj,20,0,0.1,volinv,5,0.620842541226659,0.7739845338941851,0.001895424332140723,-0.29088773475388074,0.5,32.80066962496758,0.06772238430628652,11599
riskadj,20,0,0.1,volinv,10,0.394257510472081,0.4850245820802126,,-0.3357231432719556,0.5,20.473884806579637,0.04246497168357863,11599
riskadj,20,0,0.1,volinv,21,0.17086922213168682,0.19380974170915824,,-0.3612926826633446,0.5125,12.449960408208922,0.025833945019320584,11599
riskadj,20,0,0.2,equal,5,0.6837344449882341,0.8452280356135109,0.08277498618540671,-0.23884170949995787,0.5,22.069281834640922,0.045056168307013617,11599
riskadj,20,0,0.2,equal,10,0.3148068739786738,0.38465254369149365,,-0.3647128730781084,0.525,15.479190212322381,0.0317063699989326,11599
riskadj,20,0,0.2,equal,21,0.2965684127946048,0.3399957703553641,,-0.2986214744241119,0.5,10.479837603555165,0.021453159804103245,11599
riskadj,20,0,0.2,volinv,5,0.5317314884868343,0.6459542288051257,,-0.2489136565765524,0.5,27.88847984023383,0.05676721470125687,11599
riskadj,20,0,0.2,volinv,10,0.31520798557896107,0.37730320940207485,,-0.39212237721060783,0.5375,17.79394416416967,0.03634223055305965,11599
riskadj,20,0,0.2,volinv,21,0.23833283290892024,0.268826021622842,,-0.2805980030288717,0.4875,11.267901154806607,0.023013578872992203,11599
riskadj,20,0,0.3,equal,5,0.5503798697403774,0.6724236651743225,,-0.23999159984677754,0.4875,18.880413672025014,0.03833075505228389,11599
riskadj,20,0,0.3,equal,10,0.22358251551268737,0.26940099513183413,,-0.3938723945972574,0.5,13.711466505733252,0.027912752826434763,11599
riskadj,20,0,0.3,equal,21,0.31302648272027495,0.36011627892387665,,-0.2872338021468299,0.55,9.015932407966202,0.018366104888507415,11599
riskadj,20,0,0.3,volinv,5,0.3084890243918197,0.3710876283699174,,-0.3033463567426746,0.4625,25.190400595182822,0.05097604390654468,11599
riskadj,20,0,0.3,volinv,10,0.18686266662756626,0.22301183195145868,,-0.4208949818064034,0.5,16.290899706531608,0.03306277022898541,11599
riskadj,20,0,0.3,volinv,21,0.24302130410819922,0.27802245788565727,,-0.2549265266785853,0.55,9.895347398512826,0.02010006133058326,11599
riskadj,20,2,0.1,equal,5,0.22430766130411203,0.2589935086116005,,-0.2957489458741227,0.5125,27.587688593844295,0.0569448437605925,11599
riskadj,20,2,0.1,equal,10,0.214692934930416,0.2478894919871339,,-0.3651373773129838,0.475,17.9963789981895,0.0373186398890738,11599
riskadj,20,2,0.1,equal,21,0.5948625384064534,0.720139979138367,,-0.3006950009075319,0.4625,11.608931804465902,0.024027461056512062,11599
riskadj,20,2,0.1,volinv,5,0.15707582504264705,0.17967106535033928,,-0.33822568961233646,0.4875,32.85156728459783,0.067667613128585,11599
riskadj,20,2,0.1,volinv,10,0.20972536862479935,0.23668828345206552,,-0.3873944323458637,0.4625,19.8037760469661,0.04097850185763893,11599
riskadj,20,2,0.1,volinv,21,0.4871038067227467,0.5643711560896152,,-0.278912841492268,0.4625,11.970462142907296,0.024779964397547198,11599
riskadj,20,2,0.2,equal,5,0.20265297749503008,0.23094055438506947,,-0.35579481439057126,0.4875,21.9578866516706,0.04471066098292472,11599
riskadj,20,2,0.2,equal,10,0.2027772159323774,0.22705125542886823,,-0.3844879089641686,0.475,15.365819937455425,0.031418161678656575,11599
riskadj,20,2,0.2,equal,21,0.25936424054148427,0.29882080056350285,,-0.32535533509725445,0.4375,10.324990398858839,0.02109284795353219,11599
riskadj,20,2,0.2,volinv,5,0.19546842928902722,0.22240942498012164,,-0.334793295998874,0.4375,27.787062924406055,0.05646537804711928,11599
riskadj,20,2,0.2,volinv,10,0.23754732484664387,0.2672280133144,,-0.40863264889084416,0.425,17.704628596360358,0.03611556659943465,11599
riskadj,20,2,0.2,volinv,21,0.12858424682080805,0.14458666735190498,,-0.32437952141958015,0.4375,10.923386621091037,0.02227743561421366,11599
riskadj,20,2,0.3,equal,5,0.07873904874381289,0.09025432608587361,,-0.42850786590685586,0.475,18.39939649969825,0.03733383890321899,11599
riskadj,20,2,0.3,equal,10,0.1302601504686511,0.14862851125356827,,-0.4118203137689298,0.4375,13.284369342184672,0.027017186547083953,11599
riskadj,20,2,0.3,equal,21,0.3523967783426159,0.41095875048293945,,-0.27969884322905203,0.475,9.129993964996983,0.01856340997394302,11599
riskadj,20,2,0.3,volinv,5,-0.11039832674253906,-0.12483585701623053,,-0.4924113602453982,0.4625,24.702125448402814,0.049973547173285116,11599
riskadj,20,2,0.3,volinv,10,0.031221695593059467,0.03531875045139292,,-0.49734355368812444,0.4125,15.948774356611958,0.03235246549939317,11599
riskadj,20,2,0.3,volinv,21,0.20736080125923856,0.2371882236520277,,-0.3166827948060914,0.45,10.008539351471128,0.02030001565642298,11599
riskadj,30,0,0.1,equal,5,0.43655210245734083,0.513480633277411,,-0.2581950047945094,0.525,22.568980084490043,0.04677987610616558,11599
riskadj,30,0,0.1,equal,10,0.3662751724657879,0.4312301427589558,,-0.3238367278828057,0.45,15.26904043452022,0.031905680620668495,11599
riskadj,30,0,0.1,equal,21,0.3898002177362885,0.46256932757058367,,-0.29524089647511254,0.45,9.814363307181655,0.020283250852802606,11599
riskadj,30,0,0.1,volinv,5,0.15373632786589983,0.17564299504428324,,-0.3387128113661897,0.5125,28.701863330704093,0.059310516896949515,11599
riskadj,30,0,0.1,volinv,10,0.3938597597501097,0.4550183528121321,,-0.31498069117945615,0.4625,17.658742173440793,0.03675926191812909,11599
riskadj,30,0,0.1,volinv,21,0.2805348975286009,0.3345007621250101,,-0.3133160417063854,0.4875,10.603424615746246,0.021899646958287985,11599
riskadj,30,0,0.2,equal,5,0.45403184862637613,0.536609717994334,,-0.2284060722511575,0.5125,18.034959126570474,0.03681145910881806,11599
riskadj,30,0,0.2,equal,10,0.016285105287645627,0.018607996298791965,,-0.2958737575626491,0.475,13.261557030778516,0.027232815575046376,11599
riskadj,30,0,0.2,equal,21,0.20169548251190902,0.23443859353117014,,-0.2998536650328093,0.45,8.43087726998409,0.01719265016417889,11599
riskadj,30,0,0.2,volinv,5,0.11710861528033624,0.1338762603286432,,-0.34704940503062964,0.4875,24.58941233023339,0.05007748343784859,11599
riskadj,30,0,0.2,volinv,10,-0.11608726342940195,-0.1302535492175263,,-0.34820447502846374,0.4375,15.908261943189762,0.03258966415965754,11599
riskadj,30,0,0.2,volinv,21,0.12134864453796182,0.13924055122792817,,-0.31946850652956593,0.425,9.377739123260389,0.01908282449626063,11599
riskadj,30,0,0.3,equal,5,0.23765737268624046,0.2771277693617003,,-0.25508424628990156,0.5125,15.334136171613538,0.031157377715731894,11599
riskadj,30,0,0.3,equal,10,-0.03500322825451798,-0.03987980677593858,,-0.28818423001610805,0.4625,11.055099577549788,0.022594597501897348,11599
riskadj,30,0,0.3,equal,21,-0.03400643629690591,-0.03886116885409782,,-0.3269684319149604,0.4375,7.324019312009656,0.014878331717578647,11599
riskadj,30,0,0.3,volinv,5,-0.10578581030631617,-0.11987426434865318,,-0.34810802518016404,0.45,22.506398482040478,0.04560900677513578,11599
riskadj,30,0,0.3,volinv,10,-0.17261140073123551,-0.19275930233137298,,-0.39822423235400595,0.45,14.141893851748618,0.02881258469622815,11599
riskadj,30,0,0.3,volinv,21,-0.1902229942883985,-0.21426736710362215,,-0.38675239789868443,0.4125,8.377268427310428,0.016977266146358257,11599
riskadj,30,2,0.1,equal,5,0.6800215321845053,0.798094090860278,0.0918846145280093,-0.17109605230909064,0.525,22.35606517803259,0.0462610816482618,11599
riskadj,30,2,0.1,equal,10,0.0255640770616857,0.02856296817228823,,-0.26520319487458544,0.4875,15.502232951116477,0.03219211836874406,11599
riskadj,30,2,0.1,equal,21,0.15490175968109146,0.17816770251787611,,-0.315480568613846,0.4125,10.219915509957755,0.021139850934359865,11599
riskadj,30,2,0.1,volinv,5,0.4155112562631567,0.47487369810068863,,-0.28383605768270814,0.4625,28.613072555906676,0.05908316969211855,11599
riskadj,30,2,0.1,volinv,10,-0.01387573302451953,-0.01532918204468191,,-0.2909968988254117,0.425,17.937515056479054,0.03710544968122506,11599
riskadj,30,2,0.1,volinv,21,0.22191258624638657,0.2600132884963169,,-0.29665074633577115,0.4375,10.801475629024493,0.022302138192607374,11599
riskadj,30,2,0.2,equal,5,0.2555394421810178,0.29815014311269655,,-0.20891634114140678,0.5375,18.5678389202831,0.037906225458452264,11599
riskadj,30,2,0.2,equal,10,0.024617366860790982,0.02779902596010079,,-0.3217927740625436,0.4375,12.531563065781535,0.025630908942456034,11599
riskadj,30,2,0.2,equal,21,0.34199224429754305,0.4044351140433824,,-0.2444369231682294,0.4625,8.505535743676964,0.01734997790165921,11599
riskadj,30,2,0.2,volinv,5,0.01996148775648979,0.022894140329420724,,-0.32720424418947514,0.5125,25.314767073813126,0.051546422501304104,11599
riskadj,30,2,0.2,volinv,10,-0.0870864493688943,-0.09662846892461414,,-0.40201589253393466,0.475,15.19703379802181,0.030990541687624266,11599
riskadj,30,2,0.2,volinv,21,0.38067447421289335,0.4481109744913059,,-0.23112563884281134,0.475,9.310006912069838,0.018958561196408555,11599
riskadj,30,2,0.3,equal,5,0.16849453534478584,0.19483917837514816,,-0.3166827841324261,0.4625,14.801388050694024,0.03003668755653948,11599
riskadj,30,2,0.3,equal,10,-0.0746894551712731,-0.0846364567739367,,-0.3803451836348176,0.3875,10.658418829209415,0.0216469734896215,11599
riskadj,30,2,0.3,equal,21,0.25383110262367165,0.2971664096208609,,-0.2642668953161449,0.4625,7.36330718165359,0.01496378853875566,11599
riskadj,30,2,0.3,volinv,5,-0.18675172548621535,-0.2112376779603135,,-0.4616095007646207,0.425,21.672280190763708,0.04387132343693443,11599
riskadj,30,2,0.3,volinv,10,-0.23204821652312058,-0.258140729147222,,-0.4879293258421983,0.3875,13.589360301727911,0.027525465742657886,11599
riskadj,30,2,0.3,volinv,21,0.15342293325590795,0.17599155983856926,,-0.27909546028010657,0.475,8.305175304804719,0.016831182300464514,11599
riskadj,45,0,0.1,equal,5,0.4910649683828566,0.5849693738224286,,-0.256115450612055,0.5,18.10790585395293,0.03740870033904139,11599
riskadj,45,0,0.1,equal,10,0.27430150581992857,0.3207321279985704,,-0.31002331952851725,0.4375,11.933373566686784,0.02471013078974082,11599
riskadj,45,0,0.1,equal,21,0.004546064359881604,0.004950800445394614,,-0.35350929483033955,0.4625,7.624381412190707,0.015761960496108885,11599
riskadj,45,0,0.1,volinv,5,0.2784345607201814,0.3245587651025233,,-0.2528213714465154,0.45,24.334193005201897,0.05018516333668883,11599
riskadj,45,0,0.1,volinv,10,0.23638849941842777,0.26857094384405233,,-0.2939976446943888,0.475,14.433398398846,0.029817668442886948,11599
riskadj,45,0,0.1,volinv,21,0.07793703697461941,0.08549178706109142,,-0.32092620252819026,0.4625,8.774766155794394,0.01808718644741042,11599
riskadj,45,0,0.2,equal,5,0.06830550082095523,0.07717633058327125,,-0.28263391574916075,0.4,14.87244198167554,0.030276463862397122,11599
riskadj,45,0,0.2,equal,10,0.028474655235797685,0.03232643279584208,,-0.32560764524502284,0.425,10.065068305261427,0.020523814037981144,11599
riskadj,45,0,0.2,equal,21,0.13967620590351384,0.1558458891252413,,-0.31490935867178305,0.4,6.816042135293794,0.013911037807926161,11599
riskadj,45,0,0.2,volinv,5,-0.06153014955477149,-0.06853919242587282,,-0.26217988123515845,0.3875,21.472217831945063,0.04360810978103815,11599
riskadj,45,0,0.2,volinv,10,0.06410683469973089,0.07248701540010415,,-0.29391179759559305,0.425,12.9598082714994,0.026333442028140287,11599
riskadj,45,0,0.2,volinv,21,0.14366186333448175,0.16050481268447492,,-0.25574802499904603,0.4375,8.065449651546707,0.016398181939339968,11599
riskadj,45,0,0.3,equal,5,0.13733318514076576,0.15778836226773957,,-0.22248673761795956,0.4625,12.532254347945354,0.025390579368632118,11599
riskadj,45,0,0.3,equal,10,0.08449135366768681,0.097717886215084,,-0.2971267929180227,0.4875,8.734580567290283,0.017704466830380766,11599
riskadj,45,0,0.3,equal,21,0.19884027454569989,0.22426679924644183,,-0.34017134305620145,0.45,5.64224502112251,0.011455365035521305,11599
riskadj,45,0,0.3,volinv,5,-0.0415686093999827,-0.04672575983172949,,-0.27170362835888484,0.425,19.581666938810166,0.03954378878682608,11599
riskadj,45,0,0.3,volinv,10,0.07511082784578142,0.0855485596456138,,-0.3037324912351054,0.425,11.889736556304802,0.024023505749286175,11599
riskadj,45,0,0.3,volinv,21,0.1529805463637788,0.17066052190682487,,-0.30664070031133195,0.4125,6.944081950824251,0.0140410819040532,11599
riskadj,45,2,0.1,equal,5,0.20355605579676136,0.23495031356689192,,-0.3105096764972609,0.475,18.28026554013277,0.037668965292363195,11599
riskadj,45,2,0.1,equal,10,0.005539012173634629,0.00627514051690824,,-0.38111998218266463,0.4375,12.247676523838262,0.025308154703266438,11599
riskadj,45,2,0.1,equal,21,0.16959227298751106,0.1933548088598214,,-0.32382482177876304,0.425,7.969100784550393,0.016509959448977738,11599
riskadj,45,2,0.1,volinv,5,0.2338160581723862,0.2695110359754034,,-0.26939104961067506,0.45,24.036986963793968,0.04941758322986341,11599
riskadj,45,2,0.1,volinv,10,0.032096830954889605,0.03618573412158581,,-0.3420453053357396,0.4625,14.700811865498478,0.030294063987561,11599
riskadj,45,2,0.1,volinv,21,0.2854735437535817,0.32491125247158803,,-0.27212310428354747,0.45,8.844069637771508,0.018261491051208875,11599
riskadj,45,2,0.2,equal,5,0.09861596714203454,0.10898088606207756,,-0.314336346536116,0.4625,14.398024908103366,0.02928626169953536,11599
riskadj,45,2,0.2,equal,10,-0.0818237543780833,-0.09154548225537885,,-0.37326580354928784,0.425,10.371997585998791,0.0211483751369032,11599
riskadj,45,2,0.2,equal,21,-0.16362874581910863,-0.17819242307622338,,-0.424301752060009,0.4,6.7054369890821315,0.01368012133203378,11599
riskadj,45,2,0.2,volinv,5,-0.006437020489266486,-0.006988945350866921,,-0.3257448437624798,0.4375,21.107600161053544,0.042838050059515236,11599
riskadj,45,2,0.2,volinv,10,-0.07888738288024684,-0.08766776254385962,,-0.36269948833877974,0.4375,13.074286713554956,0.026578380983301144,11599
riskadj,45,2,0.2,volinv,21,-0.031768640683159426,-0.03510109817149048,,-0.3845091291982248,0.4125,7.808863736094926,0.015888450107464543,11599
riskadj,45,2,0.3,equal,5,0.06632589080387362,0.07322113439000448,,-0.33107522507237486,0.5,12.100663850331925,0.024485678890713167,11599
riskadj,45,2,0.3,equal,10,-0.050390144772473756,-0.05705637804450468,,-0.37475959779592405,0.4375,8.745986722993361,0.017709266988887307,11599
riskadj,45,2,0.3,equal,21,-0.1345748516987993,-0.14787857716734648,,-0.43409393095576243,0.4,5.834882317441159,0.011844652294953798,11599
riskadj,45,2,0.3,volinv,5,-0.08664892702113458,-0.0940310441240293,,-0.35940690919614204,0.475,18.96453978577292,0.03828008062720069,11599
riskadj,45,2,0.3,volinv,10,-0.037764827051792495,-0.04224554505533851,,-0.3438434923598038,0.3875,11.837720471500502,0.023915690417001853,11599
riskadj,45,2,0.3,volinv,21,-0.06811325141177994,-0.07443652221627856,,-0.382689066168018,0.425,7.058860317270769,0.01428337057188832,11599
riskadj,60,0,0.1,equal,5,-0.10848457013910996,-0.11916014704652801,,-0.32668454877165165,0.4125,16.31333735666868,0.03381486366342326,11599
riskadj,60,0,0.1,equal,10,-0.399965530262102,-0.43338798430517983,,-0.44586517158077366,0.375,11.872540736270368,0.024544053336597167,11599
riskadj,60,0,0.1,equal,21,-0.04873130872637084,-0.05202599155730031,,-0.40345808663883764,0.45,7.249245624622812,0.01498443582361247,11599
riskadj,60,0,0.1,volinv,5,-0.2108858245859888,-0.22819677893688123,,-0.32175664306316276,0.3875,22.12518471991514,0.04567255121333082,11599
riskadj,60,0,0.1,volinv,10,-0.437153715352188,-0.4678615748435776,,-0.4582702989099482,0.375,14.419705027322179,0.029731248373710214,11599
riskadj,60,0,0.1,volinv,21,-0.0408971847975569,-0.04420725403877969,,-0.386014050417386,0.4625,8.343793914304396,0.017202718265563365,11599
riskadj,60,0,0.2,equal,5,0.022180802964224762,0.024756465512350976,,-0.2481385821091856,0.4375,13.337795577988699,0.027203785320744363,11599
riskadj,60,0,0.2,equal,10,-0.10671553381145249,-0.1207288749177827,,-0.2806950435394313,0.3875,8.992198387008285,0.018344831890568528,11599
riskadj,60,0,0.2,equal,21,-0.06647211843436458,-0.07245210132572752,,-0.3976063016132193,0.3875,6.531233883798761,0.013305577014664746,11599
riskadj,60,0,0.2,volinv,5,-0.11600830806412266,-0.12736696630038502,,-0.25896543151670715,0.425,19.910560056873173,0.040462225038851427,11599
riskadj,60,0,0.2,volinv,10,-0.1129235420411757,-0.12584079390428193,,-0.3090461395533336,0.375,11.83015528314711,0.0240682208851192,11599
riskadj,60,0,0.2,volinv,21,-0.14544495355036205,-0.15728347151812,,-0.43504903181578813,0.3875,7.873086527730265,0.016008721556242403,11599
riskadj,60,0,0.3,equal,5,0.0416905078229573,0.0467090136083517,,-0.24008049251672192,0.425,10.799555604323256,0.021910242753639,11599
riskadj,60,0,0.3,equal,10,0.0203098415795251,0.02275244069624349,,-0.27331609231259957,0.3875,7.806879903439952,0.015831473062273907,11599
riskadj,60,0,0.3,equal,21,-0.06047481331246985,-0.06724826787898602,,-0.3981585877673508,0.35,5.384972842486421,0.010925643267695639,11599
riskadj,60,0,0.3,volinv,5,-0.1679356385599853,-0.18513298752104893,,-0.2957985427929206,0.35,17.57156840657063,0.03549607537685712,11599
riskadj,60,0,0.3,volinv,10,-0.028296764869102983,-0.03121511388895963,,-0.302944915493647,0.4,11.006724740513466,0.02224530610693591,11599
riskadj,60,0,0.3,volinv,21,-0.0480566538996591,-0.05282810697026808,,-0.37815744199421353,0.3875,6.792012029518396,0.01374365760123411,11599
riskadj,60,2,0.1,equal,5,-0.26432716340937146,-0.2863830956364401,,-0.4021588591069649,0.425,15.076403138201568,0.03114666376575943,11599
riskadj,60,2,0.1,equal,10,-0.35668650738034136,-0.3814185564031327,,-0.41043027349533223,0.375,10.980325890162947,0.02267525574393829,11599
riskadj,60,2,0.1,equal,21,-0.2819481873637554,-0.3031338446762029,,-0.4937013404991376,0.3875,7.735908267954135,0.015998049215707112,11599
riskadj,60,2,0.1,volinv,5,-0.16683042583164584,-0.17783013600843423,,-0.3614058702291363,0.425,20.866657496340075,0.04288026457210944,11599
riskadj,60,2,0.1,volinv,10,-0.24943821321377418,-0.26360355770127747,,-0.36958900497006875,0.3625,13.48757116922148,0.027758155270997273,11599
riskadj,60,2,0.1,volinv,21,-0.2649141212143006,-0.28375031279136903,,-0.46524763786803425,0.3875,8.610545003850957,0.01776127443154389,11599
riskadj,60,2,0.2,equal,5,-0.04602890549643884,-0.050397455464035235,,-0.27353616704278894,0.45,12.863378504416527,0.02620616297157217,11599
riskadj,60,2,0.2,equal,10,-0.16249823563255048,-0.17683308080419832,,-0.32483782233516534,0.4,9.158106106325782,0.01864600136224251,11599
riskadj,60,2,0.2,equal,21,-0.2100583330227408,-0.22546518413894218,,-0.46425768563290226,0.4,6.384682065068306,0.013030404877862002,11599
riskadj,60,2,0.2,volinv,5,-0.1836808026305326,-0.19684389179800094,,-0.3079445474029723,0.425,19.37477784768855,0.03933453414338451,11599
riskadj,60,2,0.2,volinv,10,-0.23805801851698394,-0.25581782872625886,,-0.3576227974934847,0.3875,12.068684384427065,0.02450769881118334,11599
riskadj,60,2,0.2,volinv,21,-0.16359011984230434,-0.1751256127392289,,-0.41171602051637857,0.375,7.6268617814902315,0.01552615264689371,11599
riskadj,60,2,0.3,equal,5,-0.07798220756876838,-0.08601144951047521,,-0.30154082457676556,0.4375,10.828243814121906,0.021919894947561518,11599
riskadj,60,2,0.3,equal,10,-0.12497414399144202,-0.13632589830337774,,-0.3226543129228273,0.4125,7.618044659022329,0.015426788248392047,11599
riskadj,60,2,0.3,equal,21,-0.09127731372594931,-0.09932186686450306,,-0.40698371772000397,0.4125,5.161919130959565,0.010466314285932492,11599
riskadj,60,2,0.3,volinv,5,-0.2225177769560519,-0.24006831358172415,,-0.3473081891089004,0.3875,17.55562789847192,0.035419261577612694,11599
riskadj,60,2,0.3,volinv,10,-0.2417443870964638,-0.2593100226445083,,-0.3670671345287885,0.375,10.761142469404511,0.021736203575848476,11599
riskadj,60,2,0.3,volinv,21,-0.020942507754023,-0.02276627546357276,,-0.3494617252905794,0.3875,6.592564258616989,0.013338233522219684,11599
riskadj,90,0,0.1,equal,5,0.540754844194045,0.6041519620117441,,-0.21423723047182142,0.4875,12.085455642727823,0.024902661684822757,11599
riskadj,90,0,0.1,equal,10,0.28044579879984083,0.3113407506170527,,-0.29898113145357874,0.45,9.023536511768256,0.018662927218316278,11599
riskadj,90,0,0.1,equal,21,0.11373329759498423,0.11303191726765335,,-0.378379602062628,0.45,4.450935425467713,0.009179441443591643,11599
riskadj,90,0,0.1,volinv,5,0.37363325494782335,0.40470121539458415,,-0.2321400963999719,0.4625,18.1888515748093,0.037321907332488885,11599
riskadj,90,0,0.1,volinv,10,0.1271691941725634,0.13494804391650406,,-0.3421620861896655,0.4375,11.60768869168486,0.023881958573597473,11599
riskadj,90,0,0.1,volinv,21,-0.050004784701515585,-0.048256267696204676,,-0.3411519241158084,0.3625,5.76421635470955,0.011853162330438333,11599
riskadj,90,0,0.2,equal,5,0.06313047362079115,0.06742805156968447,,-0.29856166913514115,0.475,10.133011466505735,0.020613249139676257,11599
riskadj,90,0,0.2,equal,10,0.1347939779691308,0.14607638907021198,,-0.31670034367986455,0.4625,6.912821638229001,0.01406391799074536,11599
riskadj,90,0,0.2,equal,21,0.03123058914825097,0.03157828935215881,,-0.39842534349113035,0.425,4.482273550227685,0.009104242709814511,11599
riskadj,90,0,0.2,volinv,5,-0.04414025776025409,-0.04605804782911439,,-0.3046711936495312,0.425,16.287147766681837,0.03302636061404378,11599
riskadj,90,0,0.2,volinv,10,0.1262814215885899,0.13351382296560704,,-0.2918982481725019,0.3875,9.88300005046223,0.020059724152750535,11599
riskadj,90,0,0.2,volinv,21,-0.034636681504286164,-0.035104737752057955,,-0.4131154595129667,0.3125,5.82768065746282,0.011810874817776831,11599
riskadj,90,0,0.3,equal,5,-0.042173256785821324,-0.0452905615031083,,-0.32829850608831546,0.3875,8.615103966642891,0.01741801070924727,11599
riskadj,90,0,0.3,equal,10,0.042522251445992885,0.04578607219882802,,-0.3150402496710093,0.4375,5.998370549185275,0.012146765305979825,11599
riskadj,90,0,0.3,equal,21,0.1455665445811705,0.14978570691097787,,-0.3836781295593594,0.45,3.717139408569704,0.007520146912415652,11599
riskadj,90,0,0.3,volinv,5,-0.20082710799507902,-0.212876052581466,,-0.33888668712619374,0.4,15.20560559503391,0.030657851432329748,11599
riskadj,90,0,0.3,volinv,10,-0.006266059568018185,-0.006644635062273066,,-0.2678845494413352,0.3875,9.106354381179381,0.018394156238245685,11599
riskadj,90,0,0.3,volinv,21,0.1386014647051099,0.14201430613263472,,-0.35240085213179595,0.35,5.124524734965499,0.010340232807540768,11599
riskadj,90,2,0.1,equal,5,0.12924646294928535,0.13598369264098245,,-0.3056118870553576,0.4375,11.101991550995775,0.02286861288025241,11599
riskadj,90,2,0.1,equal,10,0.04533345446522771,0.045954539603524025,,-0.3386635709798125,0.4125,7.715630657815329,0.01593667082394779,11599
riskadj,90,2,0.1,equal,21,0.034930363723834214,0.03450906271344315,,-0.3906683065146743,0.4375,5.069402534701267,0.010433234844632447,11599
riskadj,90,2,0.1,volinv,5,0.08641538368900531,0.08924093910635081,,-0.2543393577315747,0.45,16.779869839240295,0.03436899205512599,11599
riskadj,90,2,0.1,volinv,10,0.04156543770432073,0.04065918073781497,,-0.29989502287677483,0.3875,10.57672811605944,0.021740148987280043,11599
riskadj,90,2,0.1,volinv,21,-0.010356451873949223,-0.010033602445888086,,-0.3566832721476726,0.35,6.269626588376015,0.012905446619627512,11599
riskadj,90,2,0.2,equal,5,-0.20390938271821488,-0.21395093800194798,,-0.37259366888587453,0.45,9.868744170735722,0.020069560651109382,11599
riskadj,90,2,0.2,equal,10,-0.11267469152763562,-0.11502222465135054,,-0.33215150334313803,0.4375,7.028957041751249,0.014314064389267396,11599
riskadj,90,2,0.2,equal,21,0.14691322052277045,0.14878252233965464,,-0.41408503495634963,0.4375,4.576287924507599,0.00930755322554207,11599
riskadj,90,2,0.2,volinv,5,-0.1874764183436144,-0.1949266055383556,,-0.30071770538208387,0.375,15.909383603592653,0.03222706039343506,11599
riskadj,90,2,0.2,volinv,10,-0.0380866596274634,-0.03856848673318653,,-0.25133059441196137,0.3875,9.928949491751185,0.020167876035216324,11599
riskadj,90,2,0.2,volinv,21,0.07416294813317788,0.07331663383647942,,-0.39824689025309545,0.3625,5.808711060709526,0.011785874821962004,11599
riskadj,90,2,0.3,equal,5,-0.12051609888669254,-0.127766558419774,,-0.3358458292475408,0.3875,8.029933614966808,0.01620484603915754,11599
riskadj,90,2,0.3,equal,10,-0.14820010044539567,-0.1520175687735748,,-0.379000115198202,0.375,5.796861798430898,0.011714616489570201,11599
riskadj,90,2,0.3,equal,21,0.2824044162481284,0.29026521151947554,,-0.34310335098775213,0.45,3.717139408569704,0.0075127309853411876,11599
riskadj,90,2,0.3,volinv,5,-0.19609234006764664,-0.2064300986226951,,-0.32382233275253924,0.375,14.569244274565568,0.02934360404105739,11599
riskadj,90,2,0.3,volinv,10,-0.20771520223337614,-0.21106784777761448,,-0.37712371815414647,0.3375,8.919518410077382,0.01799366282432847,11599
riskadj,90,2,0.3,volinv,21,0.1757657245914836,0.17807942988939415,,-0.33866273231207145,0.375,5.126963355196349,0.010341018030127807,11599
blend,5,0,0.1,equal,5,-0.019869481345928013,-0.022899351086331253,,-0.3492187594408267,0.5375,46.4053108026554,0.09690067443188188,11599
blend,5,0,0.1,equal,10,-0.3576672253460176,-0.41013720563396205,,-0.530653623450856,0.525,25.732287266143633,0.05345439058403634,11599
blend,5,0,0.1,equal,21,0.23216977864056762,0.27580996847964845,,-0.23620167673638048,0.5,12.062281231140616,0.02502689614371043,11599
blend,5,0,0.1,volinv,5,-0.1767511800361969,-0.20546530599672488,,-0.3805911328606838,0.5125,48.166148195789354,0.10036755093789969,11599
blend,5,0,0.1,volinv,10,-0.5334057938691386,-0.6108951909468209,,-0.5681766111260957,0.4625,26.346383260301085,0.05464498173015845,11599
blend,5,0,0.1,volinv,21,0.11799981736828298,0.1355934728805544,,-0.2837520126348333,0.5375,12.20736928156263,0.0252570250827055,11599
blend,5,0,0.2,equal,5,0.2034141273918407,0.2363076939923148,,-0.34198758136665197,0.5625,40.51184506501344,0.08342327385607261,11599
blend,5,0,0.2,equal,10,-0.2592560440375663,-0.3030915460206953,,-0.47287381072693535,0.5,23.553365885773854,0.04838865975240924,11599
blend,5,0,0.2,equal,21,0.27999178147588377,0.32598108563354644,,-0.24344065326133635,0.5,10.810270477862513,0.022101105687702103,11599
blend,5,0,0.2,volinv,5,-0.15414972340265068,-0.17715959575379842,,-0.39911085496013143,0.5125,43.509494997429734,0.08935061230355981,11599
blend,5,0,0.2,volinv,10,-0.5187993183353168,-0.5996656746725971,,-0.547666393223389,0.4375,24.55686511915984,0.05032299837310247,11599
blend,5,0,0.2,volinv,21,0.15097748319826332,0.17413786064240244,,-0.26630718111718454,0.4875,11.14522528061557,0.022724921890598278,11599
blend,5,0,0.3,equal,5,0.13223348339244012,0.15546207448106822,,-0.3472409716087368,0.525,34.360871234981076,0.0703432275234636,11599
blend,5,0,0.3,equal,10,-0.19675730478117295,-0.23311709327868033,,-0.4842796135840436,0.475,20.402353651176824,0.041694249382664764,11599
blend,5,0,0.3,equal,21,0.30935007004488774,0.36681685176374956,,-0.2194872071966456,0.475,9.566505733252868,0.019461796721900196,11599
blend,5,0,0.3,volinv,5,-0.135808581117282,-0.15836876235607078,,-0.44930367963360984,0.525,38.048435598027844,0.07765765675968991,11599
blend,5,0,0.3,volinv,10,-0.3506859623758168,-0.41404294555394366,,-0.545985496848096,0.4625,21.90611644775079,0.044634257303268185,11599
blend,5,0,0.3,volinv,21,0.24811598298568674,0.2935131679276803,,-0.24865132971518167,0.5,10.07572954180576,0.02044859385607177,11599
blend,5,2,0.1,equal,5,0.006372636904109927,0.007656317134904003,,-0.3556512765249431,0.4625,46.58780929390465,0.09686582308708927,11599
blend,5,2,0.1,equal,10,-0.13867318695117123,-0.15587248950468324,,-0.47053819464492497,0.4625,24.728545564272785,0.0512446555603321,11599
blend,5,2,0.1,equal,21,-0.22734599477008896,-0.25121604163137495,,-0.6060816130734447,0.425,12.663367531683766,0.026285304466400553,11599
blend,5,2,0.1,volinv,5,0.10189416572943127,0.12593657638144393,,-0.38059438826989966,0.525,48.13176334603555,0.09983189068675095,11599
blend,5,2,0.1,volinv,10,0.06448669443854048,0.07507517009206577,,-0.47030804647552293,0.5125,25.36224197991335,0.05240839001438358,11599
blend,5,2,0.1,volinv,21,-0.16502514943664684,-0.18584248527380864,,-0.5973388423437912,0.4625,12.836201351357865,0.026611857874819744,11599
blend,5,2,0.2,equal,5,-0.2395112267966887,-0.27886658895736033,,-0.39789141134861117,0.4625,39.612157787897075,0.08122435054167625,11599
blend,5,2,0.2,equal,10,-0.14807092586247692,-0.17302380500377396,,-0.40950561597462076,0.45,21.975399133154113,0.044992842884972996,11599
blend,5,2,0.2,equal,21,-0.013109743917673989,-0.015261979944342145,,-0.41531317074489404,0.4625,10.768947166291767,0.02203982336767999,11599
blend,5,2,0.2,volinv,5,-0.24566949372801852,-0.28670183289243223,,-0.3988617152491748,0.475,42.386538917861564,0.08672738530238783,11599
blend,5,2,0.2,volinv,10,-0.08382010675596517,-0.09851621190303689,,-0.4313753442985996,0.45,23.041311582201057,0.04708909259191445,11599
blend,5,2,0.2,volinv,21,0.015979407730011767,0.018577318253893634,,-0.36836172111481946,0.4375,11.164360454791765,0.022796371375786773,11599
blend,5,2,0.3,equal,5,-0.015549839403598439,-0.018703549360458815,,-0.3607907107082936,0.45,33.53645141822571,0.06843699172047335,11599
blend,5,2,0.3,equal,10,0.07831522169675358,0.09230426498492147,,-0.3585765949245384,0.45,18.703560651780325,0.038150940363290566,11599
blend,5,2,0.3,equal,21,0.17757969541496543,0.20939629897665815,,-0.3302105729140301,0.4875,9.683101991550995,0.0197036777091592,11599
blend,5,2,0.3,volinv,5,-0.11894850787405843,-0.14356046940306988,,-0.3948471767055306,0.45,37.4066671780127,0.07611904674343097,11599
blend,5,2,0.3,volinv,10,0.03687793329946392,0.04364396379096959,,-0.4007043766492143,0.425,20.307114497893476,0.04131707794345599,11599
blend,5,2,0.3,volinv,21,0.1349043690747755,0.15977144275667568,,-0.3357339201916779,0.4625,10.32631939934405,0.020959178505130214,11599
blend,10,0,0.1,equal,5,0.6437291755165895,0.8015754755394561,0.009487841654713104,-0.24258336860946117,0.5375,38.96197948098973,0.08060329602274682,11599
blend,10,0,0.1,equal,10,-0.07801948141683834,-0.09316741318052571,,-0.5208109142400728,0.475,23.749426674713337,0.0492234400290901,11599
blend,10,0,0.1,equal,21,0.2353491618071449,0.27971398258871616,,-0.3265379059107082,0.525,12.531563065781535,0.026011701343055894,11599
blend,10,0,0.1,volinv,5,0.5304518925932333,0.6456754337890686,,-0.25917805545396444,0.525,41.936594599780584,0.08655143514183788,11599
blend,10,0,0.1,volinv,10,-0.059185632080088695,-0.07001865965476961,,-0.5399066798013658,0.4875,24.36769204680299,0.050425501963963164,11599
blend,10,0,0.1,volinv,21,0.0638234063559493,0.07333655251342763,,-0.3269201273883472,0.5,12.737813982897435,0.02639060484137617,11599
blend,10,0,0.2,equal,5,0.5855976285673126,0.7180060962330423,,-0.22126856781282955,0.5625,31.663740604597578,0.06471163361658916,11599
blend,10,0,0.2,equal,10,-0.10091692150169573,-0.12069323487188988,,-0.45869859432926985,0.4625,20.16101388050694,0.04126826605945713,11599
blend,10,0,0.2,equal,21,0.3859307152098096,0.45927194816133265,,-0.2969654687049462,0.525,10.626389422285621,0.021735913830696625,11599
blend,10,0,0.2,volinv,5,0.34582667842651343,0.4193562748522357,,-0.24702156241208906,0.55,36.0978621494176,0.07358012923922924,11599
blend,10,0,0.2,volinv,10,-0.21309554418566412,-0.2528597497735231,,-0.5233024695594217,0.45,21.49140734435106,0.04391147058612173,11599
blend,10,0,0.2,volinv,21,0.3633848582764218,0.4260155515640066,,-0.26606044645550875,0.5125,11.120263454405489,0.022691261913705078,11599
blend,10,0,0.3,equal,5,0.5330458440356075,0.6412123729825657,,-0.25566495344621,0.525,26.57594099251595,0.05402476953618919,11599
blend,10,0,0.3,equal,10,-0.06433268344644555,-0.07601860237906291,,-0.4247110937553551,0.475,17.24916397458199,0.03514008711582931,11599
blend,10,0,0.3,equal,21,0.3834843150792364,0.44666740033804564,,-0.32228774384113645,0.525,9.166747133373566,0.018656518915737125,11599
blend,10,0,0.3,volinv,5,0.29811562809637177,0.3514396877591199,,-0.2767956882191769,0.5,31.037005551480338,0.06293396588566633,11599
blend,10,0,0.3,volinv,10,-0.11604291612928307,-0.13561144090002689,,-0.4779791846758882,0.45,19.045761417572784,0.03869150296955528,11599
blend,10,0,0.3,volinv,21,0.31082111593508516,0.35708945023817484,,-0.25812627098522023,0.5375,9.819845612815202,0.01993638746916293,11599
blend,10,2,0.1,equal,5,-0.059093245078656265,-0.06651484410072497,,-0.46015945356794474,0.4625,38.652021726010865,0.07995405035476721,11599
blend,10,2,0.1,equal,10,-0.12606880155965938,-0.14296141484333869,,-0.4444445877646055,0.4125,22.451659625829816,0.04651291374060959,11599
blend,10,2,0.1,equal,21,0.13190029997418012,0.15617415633530998,,-0.35561292067622696,0.375,11.88267954133977,0.024587905324856295,11599
blend,10,2,0.1,volinv,5,0.1073469490925919,0.12213979891019244,,-0.4170708027123541,0.5,41.55439632905717,0.08567874681257444,11599
blend,10,2,0.1,volinv,10,0.006998824917720877,0.008032507038499169,,-0.4475818765683953,0.3875,23.258319724997403,0.04809445450190129,11599
blend,10,2,0.1,volinv,21,0.11438842240831325,0.13313854727987928,,-0.3885375195830604,0.4125,12.125228227733668,0.02503365382460046,11599
blend,10,2,0.2,equal,5,-0.06367181809256257,-0.07013343795748428,,-0.36547131497060004,0.4375,31.373149722938503,0.06409046582905562,11599
blend,10,2,0.2,equal,10,0.028407152339361016,0.032402188246748356,,-0.36885584954827566,0.45,18.7641630548088,0.03837762426712342,11599
blend,10,2,0.2,equal,21,0.06099708319873747,0.07069405963944356,,-0.32434839233292,0.4375,10.088111044055523,0.02061784786122054,11599
blend,10,2,0.2,volinv,5,-0.07523174808318922,-0.08334161216494598,,-0.4261953081434643,0.4625,35.38635065959403,0.07208782743357228,11599
blend,10,2,0.2,volinv,10,0.10951456934708455,0.12494012647842999,,-0.40099102147476984,0.4625,20.33553386596204,0.0414778622562792,11599
blend,10,2,0.2,volinv,21,0.08018359096696753,0.09045294588729366,,-0.3488878489943734,0.4375,10.608400860561305,0.021626881970306003,11599
blend,10,2,0.3,equal,5,-0.017125235993069712,-0.01891475671289282,,-0.31471458854337353,0.475,26.654918527459262,0.054143612275385444,11599
blend,10,2,0.3,equal,10,0.13736314243502573,0.15330268393387086,,-0.30727090940618795,0.4125,16.018406759203376,0.0325847087335381,11599
blend,10,2,0.3,equal,21,0.14284860780042472,0.16444351974259724,,-0.3246917882183501,0.4375,8.810621605310802,0.01791496665762661,11599
blend,10,2,0.3,volinv,5,-0.09608382804307034,-0.10740864325039137,,-0.40129930613481013,0.4625,31.373517482584354,0.06356119512357689,11599
blend,10,2,0.3,volinv,10,0.07367366246138865,0.08241620885890195,,-0.37992763541662,0.4,18.08585423026259,0.03670454440304129,11599
blend,10,2,0.3,volinv,21,0.06388649541963275,0.07223533575805066,,-0.3397666770248675,0.4125,9.528611275858133,0.019322919013332846,11599
blend,20,0,0.1,equal,5,0.2872338649037493,0.3219655257140649,,-0.26421007353544035,0.525,28.419070609535307,0.058766465444125185,11599
blend,20,0,0.1,equal,10,0.09515370160324063,0.10999158216879087,,-0.23535281853907075,0.475,19.192757996378997,0.03974730561282358,11599
blend,20,0,0.1,equal,21,0.12046267010858398,0.13443055255409012,,-0.36692787249267955,0.5,10.884007242003621,0.022461850144643865,11599
blend,20,0,0.1,volinv,5,0.12300368251950904,0.13591949286501664,,-0.30031120111945053,0.525,32.51497194770797,0.06701075726253608,11599
blend,20,0,0.1,volinv,10,0.00839594883035779,0.009579992217545987,,-0.29167741217529053,0.5,20.512107799824893,0.04230609441499381,11599
blend,20,0,0.1,volinv,21,0.031194915797614933,0.03434056729144332,,-0.3492785186293883,0.475,11.381076845451163,0.023460781517275632,11599
blend,20,0,0.2,equal,5,0.1805237737271424,0.20016079946344106,,-0.25236720114043276,0.475,22.911954792341035,0.04691131082155318,11599
blend,20,0,0.2,equal,10,0.017740078123117904,0.019759279241812467,,-0.317057830247628,0.475,15.87183848137379,0.03263207817864025,11599
blend,20,0,0.2,equal,21,0.32726757523971073,0.3755498174509552,,-0.2961673528346661,0.5,9.197125144017118,0.018763631159414033,11599
blend,20,0,0.2,volinv,5,-0.06523556527248889,-0.07167924863966608,,-0.33094119510280273,0.4625,28.44666216659844,0.05799130832998858,11599
blend,20,0,0.2,volinv,10,-0.05227770434612003,-0.05791956056522096,,-0.3608362787392041,0.4375,17.968415555236337,0.03675006293525604,11599
blend,20,0,0.2,volinv,21,0.24585275524055836,0.277252579973695,,-0.30368291067819075,0.475,10.000992513796547,0.02037471086386329,11599
blend,20,0,0.3,equal,5,0.1923987238098853,0.2181684491430399,,-0.2553417803778746,0.45,18.694756001923455,0.0380980859668691,11599
blend,20,0,0.3,equal,10,0.043165243147211846,0.04871327613097155,,-0.2833708392220037,0.4375,13.369963434981718,0.027376971408906887,11599
blend,20,0,0.3,equal,21,0.5214114945530589,0.5999440192111162,,-0.24182068776985788,0.525,7.768678334339167,0.015781902831421894,11599
blend,20,0,0.3,volinv,5,-0.06807326054824107,-0.0763185165012296,,-0.32926472933843287,0.4125,24.34165755872549,0.04942687905242357,11599
blend,20,0,0.3,volinv,10,-0.12258891925095496,-0.13762252533494446,,-0.36410700497877135,0.4375,15.722933636039294,0.03205526412312987,11599
blend,20,0,0.3,volinv,21,0.4184157261716791,0.47277558926942903,,-0.23361442543812438,0.5375,8.75775602963235,0.01773559179192031,11599
blend,20,2,0.1,equal,5,-0.015218395860328684,-0.016873177881438644,,-0.4028585866027812,0.45,28.175739287869643,0.05808623240325719,11599
blend,20,2,0.1,equal,10,0.010030138086924757,0.011210414270300128,,-0.35284618417453395,0.425,18.523596861798435,0.03829429895334482,11599
blend,20,2,0.1,equal,21,0.07888771669440263,0.09090482891195967,,-0.33547002153976213,0.4375,11.07157513578757,0.022948642833636665,11599
blend,20,2,0.1,volinv,5,-0.08913582323074153,-0.09756742348383875,,-0.39307694092265655,0.4375,32.545173155397585,0.06694596913291218,11599
blend,20,2,0.1,volinv,10,0.13557668034183679,0.15208324848130483,,-0.37030403168396864,0.4625,19.77506983323353,0.04071752651645069,11599
blend,20,2,0.1,volinv,21,0.06321064483788252,0.07159839173152968,,-0.3358004511239039,0.4375,11.37613549527092,0.023541949351502042,11599
blend,20,2,0.2,equal,5,0.06861222311540222,0.0751161247452084,,-0.2729995977998647,0.4625,22.1237943709881,0.04502789354234755,11599
blend,20,2,0.2,equal,10,0.06333291303787901,0.07055688074146325,,-0.31662699403765615,0.4125,14.66900751632194,0.029882653576636976,11599
blend,20,2,0.2,equal,21,0.10018819790425494,0.1137600730961584,,-0.29563396181097756,0.425,9.594996433861853,0.01959336379922395,11599
blend,20,2,0.2,volinv,5,-0.07155861827466037,-0.07791735901087175,,-0.3282290971143016,0.3875,27.52616159032204,0.0558792394815982,11599
blend,20,2,0.2,volinv,10,0.11106325737974855,0.12320738877991884,,-0.3901552224972775,0.4625,16.726020709224514,0.034000661230183735,11599
blend,20,2,0.2,volinv,21,0.06331858666325826,0.07057555449922603,,-0.2822619900570458,0.3875,10.376035000571509,0.021149109393852762,11599
blend,20,2,0.3,equal,5,-0.01656408267634127,-0.018100386079974797,,-0.3260006467773069,0.3875,18.237516418758208,0.036944564253332715,11599
blend,20,2,0.3,equal,10,0.07456518987920284,0.08282654675242192,,-0.29740428954851006,0.4125,12.933313216656607,0.02623043369007411,11599
blend,20,2,0.3,equal,21,0.13470048345942412,0.15407942253275522,,-0.30118847677129845,0.4125,7.975437537718769,0.016224428254973,11599
blend,20,2,0.3,volinv,5,-0.1364176138797824,-0.14932669109290594,,-0.3626994709742546,0.4,24.035824559986953,0.04858232316229881,11599
blend,20,2,0.3,volinv,10,0.03472629719881794,0.03854664699909182,,-0.3611192092309655,0.3875,15.306207327414235,0.03097124594341166,11599
blend,20,2,0.3,volinv,21,0.09882624134889847,0.11181733634468399,,-0.33185219973440694,0.4375,8.952465903552966,0.01817056218805082,11599
blend,30,0,0.1,equal,5,0.36172634911226886,0.4058788893768417,,-0.22856566702171743,0.4875,21.76294508147254,0.04507761544736762,11599
blend,30,0,0.1,equal,10,0.04717322954794256,0.05286225479689986,,-0.275123692428926,0.4625,15.119855159927582,0.031243396428647437,11599
blend,30,0,0.1,equal,21,0.43012161489140877,0.47834286706719437,,-0.25757066387354455,0.475,8.862039831019915,0.01830918124869043,11599
blend,30,0,0.1,volinv,5,0.18762156313205103,0.20582230309052063,,-0.23173420965103886,0.4375,26.590219408050555,0.05491189288483347,11599
blend,30,0,0.1,volinv,10,-0.001218175873766445,-0.0013357537643116809,,-0.2990524672208289,0.4625,17.105906706336867,0.03523344366927893,11599
blend,30,0,0.1,volinv,21,0.38801445833381837,0.4244531452683899,,-0.297927923125482,0.4875,9.621966693133047,0.01985086521376382,11599
blend,30,0,0.2,equal,5,0.10131456313152357,0.1139266013709938,,-0.2401023927880409,0.45,18.237175618587813,0.03718659504827443,11599
blend,30,0,0.2,equal,10,-0.230297844153331,-0.2556564813538043,,-0.3316231474503045,0.4,13.211784714983267,0.026939111628394817,11599
blend,30,0,0.2,equal,21,-0.0666056563567202,-0.07221454581318064,,-0.3516496425459762,0.3875,8.007812585724475,0.01632663818504664,11599
blend,30,0,0.2,volinv,5,-0.16023145411882325,-0.1762354875622897,,-0.30080198503572453,0.35,23.834803918750076,0.04846797815455625,11599
blend,30,0,0.2,volinv,10,-0.3185685452239166,-0.3476202111683342,,-0.38612624749197855,0.35,15.349364148104316,0.031213087530483324,11599
blend,30,0,0.2,volinv,21,-0.18502610614483528,-0.19643373552825477,,-0.41673253322982584,0.3875,8.909542005563551,0.018138083755395017,11599
blend,30,0,0.3,equal,5,0.20749445514463832,0.2328325061504601,,-0.1854317534322063,0.45,15.234437599036982,0.030894074795173067,11599
blend,30,0,0.3,equal,10,-0.0276598177360731,-0.03053094888311828,,-0.2466238495098757,0.425,10.889981894990948,0.02210108507380212,11599
blend,30,0,0.3,equal,21,0.17659014886730515,0.19442075047800086,,-0.31875697440519934,0.4375,6.537175618587809,0.013277403299211912,11599
blend,30,0,0.3,volinv,5,0.01894611250054138,0.021092270992296467,,-0.2219408096367439,0.45,21.01165635168757,0.04248913077300793,11599
blend,30,0,0.3,volinv,10,-0.12008081877337193,-0.13277724623297377,,-0.2810589798961298,0.4125,13.557631683205395,0.027441241459614518,11599
blend,30,0,0.3,volinv,21,0.07309889219559312,0.0788037884659925,,-0.3451227471620022,0.4125,7.616679954705948,0.015427659227327913,11599
blend,30,2,0.1,equal,5,0.26223151635402336,0.2913861466385082,,-0.18288269031989057,0.4375,21.098853349426676,0.04356808800434252,11599
blend,30,2,0.1,equal,10,-0.2242907309420444,-0.23830514922932833,,-0.3542428172841142,0.4,14.853349426674713,0.030706667030195894,11599
blend,30,2,0.1,equal,21,0.3571277086180983,0.4013823940847921,,-0.2592864235846396,0.425,9.530476765238383,0.01970481480135116,11599
blend,30,2,0.1,volinv,5,-0.026104569522380935,-0.028031731136675734,,-0.26628240628562583,0.425,25.98224429091334,0.05348887053625105,11599
blend,30,2,0.1,volinv,10,-0.23243565656059742,-0.24732710276814485,,-0.3576697176840278,0.3875,16.743670913116667,0.034520714975810524,11599
blend,30,2,0.1,volinv,21,0.33684461109141156,0.3779891322035296,,-0.27408513434779,0.4,10.13985440694863,0.02092309971810834,11599
blend,30,2,0.2,equal,5,0.05603389858325191,0.06143229642188124,,-0.25320945090295843,0.4625,18.10498710703901,0.03686913983102898,11599
blend,30,2,0.2,equal,10,-0.148539318417975,-0.16259290625968573,,-0.28133949996605456,0.425,12.265189005321776,0.02498625627299861,11599
blend,30,2,0.2,equal,21,0.06605151378207666,0.07282045679754894,,-0.3321122259388051,0.4375,7.899972568168103,0.01612665289887248,11599
blend,30,2,0.2,volinv,5,-0.1617757193707521,-0.1732713075201528,,-0.32938884270589064,0.4,23.480230276415195,0.04767463318936234,11599
blend,30,2,0.2,volinv,10,-0.24471346063573404,-0.2640387748129853,,-0.3494469823277312,0.3375,14.658890595933835,0.029787898754286266,11599
blend,30,2,0.2,volinv,21,0.01224226745264292,0.01325274936039733,,-0.370611042651418,0.4,8.724536939193756,0.017758290300267827,11599
blend,30,2,0.3,equal,5,0.04052279456777947,0.044661130665240883,,-0.23839059837719911,0.4875,14.434218467109233,0.029246229782635396,11599
blend,30,2,0.3,equal,10,0.05236160445037794,0.05753452821170262,,-0.22041953306163065,0.4125,10.072540736270367,0.02040394803870238,11599
blend,30,2,0.3,equal,21,0.1262018429308562,0.13732241571931209,,-0.2668747061864871,0.4375,6.616837658418829,0.01343756096820956,11599
blend,30,2,0.3,volinv,5,-0.09272118511269054,-0.10107841200030304,,-0.2790098604193495,0.4375,20.269504941400854,0.04093462009269497,11599
blend,30,2,0.3,volinv,10,0.013589911138808962,0.014781483559779558,,-0.2677270348752505,0.4,12.732739875288738,0.025722667449237648,11599
blend,30,2,0.3,volinv,21,0.0801066898407162,0.08575375311167588,,-0.311542385160512,0.425,7.658937961262826,0.015513502394899084,11599
blend,45,0,0.1,equal,5,0.27339389664441904,0.2926895558788822,,-0.21559212282062545,0.4625,16.55666867833434,0.034094650745293414,11599
blend,45,0,0.1,equal,10,0.14396950078858434,0.15439124630383755,,-0.31594238052044155,0.45,11.091852745926374,0.022921647340287885,11599
blend,45,0,0.1,equal,21,0.11215965491669982,0.11723962678103646,,-0.27365256851412967,0.375,7.087024743512371,0.01459068790199829,11599
blend,45,0,0.1,volinv,5,0.13862947558791705,0.14530731206043163,,-0.23998092579772423,0.4,21.643021794342356,0.04453672421736654,11599
blend,45,0,0.1,volinv,10,0.1060657798186353,0.11076910842804412,,-0.3067751026749481,0.425,13.194412726176221,0.027175395145153887,11599
blend,45,0,0.1,volinv,21,0.022165413746627692,0.02253725961538072,,-0.2585838483051316,0.4,7.9152452551967265,0.016266982316352364,11599
blend,45,0,0.2,equal,5,0.1062872451305776,0.11513023738555381,,-0.23639118227699207,0.45,14.853678608657486,0.03020971638906759,11599
blend,45,0,0.2,equal,10,-0.013991226281625024,-0.015198030994059674,,-0.28919837191289677,0.425,10.155088604817031,0.020706317126173435,11599
blend,45,0,0.2,equal,21,0.052391125475634535,0.05373970956472043,,-0.24635917380497252,0.375,6.318011740824053,0.012853000002236369,11599
blend,45,0,0.2,volinv,5,-0.1760292984046745,-0.18503836382390496,,-0.30743134568968467,0.4125,20.29802039814345,0.04120050337451223,11599
blend,45,0,0.2,volinv,10,-0.11253517308157855,-0.11879126250990282,,-0.3165637766467462,0.4375,12.489829049482358,0.025396628924874615,11599
blend,45,0,0.2,volinv,21,-0.020852914383936137,-0.02092809978865921,,-0.26435007283005807,0.375,7.439885811897535,0.015097659431746657,11599
blend,45,0,0.3,equal,5,-0.03357224313843849,-0.03541808453455729,,-0.24250749286923168,0.4125,12.076462197322005,0.02443043229034174,11599
blend,45,0,0.3,equal,10,-0.17479264364807412,-0.18485940701730091,,-0.33216386073307247,0.3625,8.371969185984593,0.016961599683943916,11599
blend,45,0,0.3,equal,21,0.09956125450138623,0.10284719330908978,,-0.26005961067259764,0.3875,5.255884127942064,0.010646753800620426,11599
blend,45,0,0.3,volinv,5,-0.2171953404880774,-0.22629690829433424,,-0.30853384992619426,0.3625,17.99498569011482,0.036321764136074984,11599
blend,45,0,0.3,volinv,10,-0.1693407004323985,-0.17646704447235004,,-0.3138516233116915,0.4,11.116088338235219,0.022468346278344722,11599
blend,45,0,0.3,volinv,21,0.018677376055424907,0.018881630058873066,,-0.27789151672176804,0.35,6.453580000679044,0.01303768510232282,11599
blend,45,2,0.1,equal,5,0.23814122579741687,0.25706786190808906,,-0.24706153054190305,0.4375,16.191671695835847,0.0334477794304779,11599
blend,45,2,0.1,equal,10,0.15776252277715294,0.1691550471247834,,-0.26493774536425885,0.425,11.406155703077852,0.02355006087619372,11599
blend,45,2,0.1,equal,21,0.15784295269254783,0.16279612580941397,,-0.3493456703361313,0.375,7.056608328304164,0.014543146659098727,11599
blend,45,2,0.1,volinv,5,0.05118728117033712,0.05291064043909116,,-0.2542232676533389,0.4125,21.011861202187283,0.04326687762442165,11599
blend,45,2,0.1,volinv,10,0.036598556777191316,0.03775128488649313,,-0.2992549019145545,0.425,13.166153663059166,0.027109230327990307,11599
blend,45,2,0.1,volinv,21,0.30462320173562724,0.3135670401935988,,-0.3247584323925168,0.4,7.587530004322337,0.01560174820271404,11599
blend,45,2,0.2,equal,5,-0.152610855820596,-0.15916396567878804,,-0.27073574231608166,0.4125,14.091095627365997,0.0286530034388994,11599
blend,45,2,0.2,equal,10,-0.01794682568926028,-0.01875610755027841,,-0.3152505315353089,0.4,9.774576178197181,0.019900372215878395,11599
blend,45,2,0.2,equal,21,-0.059394407982042666,-0.06101981101831413,,-0.30807702687330807,0.3875,6.516179294453284,0.013253419353930217,11599
blend,45,2,0.2,volinv,5,-0.29741323131292063,-0.30426289152588715,,-0.3311658140309883,0.3875,19.341068727074475,0.03924049414233128,11599
blend,45,2,0.2,volinv,10,-0.0661712512309439,-0.06766588743477216,,-0.30979985191052006,0.375,12.050025310315212,0.024484088967443852,11599
blend,45,2,0.2,volinv,21,0.007056445606292812,0.007230781927749399,,-0.2799480266158746,0.3625,7.351757807610527,0.014920051147465944,11599
blend,45,2,0.3,equal,5,-0.23665778659370532,-0.24236877150429106,,-0.3208663278362287,0.3875,11.320369910184954,0.022871584494383725,11599
blend,45,2,0.3,equal,10,-0.14179297563039844,-0.14652801129180212,,-0.31507535937455033,0.375,7.757825978912988,0.015696922956093432,11599
blend,45,2,0.3,equal,21,-0.08467298858580105,-0.08768099221710525,,-0.3215969472738537,0.3625,5.359327629663814,0.010848533564469631,11599
blend,45,2,0.3,volinv,5,-0.37078755714263967,-0.3778608531202533,,-0.3774793619204918,0.3625,17.031715841985324,0.03433596011000141,11599
blend,45,2,0.3,volinv,10,-0.24078430662979047,-0.2435515101779768,,-0.36862231411454105,0.3375,10.435352642281448,0.021074296082259233,11599
blend,45,2,0.3,volinv,21,-0.1007199584420694,-0.10264426530682759,,-0.3087196275377283,0.3375,6.430539563445782,0.012984722361368656,11599
blend,60,0,0.1,equal,5,0.13552316430687295,0.14012464487090665,,-0.285347434232037,0.375,15.182860591430295,0.03127383548576765,11599
blend,60,0,0.1,equal,10,-0.19168030143641968,-0.19607477566740433,,-0.3855150642305567,0.35,10.03741701870851,0.020762869793181944,11599
blend,60,0,0.1,equal,21,-0.006798503085016654,-0.006727819731915952,,-0.28419853138986995,0.35,6.037658418829209,0.012451900197572963,11599
blend,60,0,0.1,volinv,5,0.059340762748211213,0.059897865760700164,,-0.34153668815933946,0.3375,19.78185825272391,0.04064228522246244,11599
blend,60,0,0.1,volinv,10,-0.22615148044131225,-0.22522918154894678,,-0.390902329682727,0.35,11.870626510920944,0.0244830749509986,11599
blend,60,0,0.1,volinv,21,-0.16074976765002538,-0.15655592019479667,,-0.3402277944927704,0.325,6.93209401548111,0.01427974308762468,11599
blend,60,0,0.2,equal,5,0.22653377814827216,0.2355334807948029,,-0.25262214536208283,0.4,12.181916936413014,0.024769250533289232,11599
blend,60,0,0.2,equal,10,0.11911699155929648,0.12463877435860139,,-0.25458763114789273,0.375,8.22349262083722,0.01675303386087596,11599
blend,60,0,0.2,equal,21,0.114386151154233,0.11578580720603075,,-0.22890591002756,0.3875,5.267570088330499,0.01070615315968056,11599
blend,60,0,0.2,volinv,5,0.004514781880526459,0.004572334570838627,,-0.3291780865677527,0.3625,17.67046805337768,0.035868352959231846,11599
blend,60,0,0.2,volinv,10,0.11999222911050757,0.12296373412748578,,-0.2298100840950027,0.375,10.570017986415621,0.021476124481525825,11599
blend,60,0,0.2,volinv,21,0.10207570538900368,0.10325673540205757,,-0.22561429355058482,0.3625,6.313550140389416,0.012822102930788995,11599
blend,60,0,0.3,equal,5,0.15716217204221608,0.1634726352158933,,-0.21508491932675078,0.3875,9.716431667306741,0.01963277205003694,11599
blend,60,0,0.3,equal,10,-0.0748147611708192,-0.07752938638820372,,-0.2780259180737453,0.35,6.78123114061557,0.013732871183271413,11599
blend,60,0,0.3,equal,21,-0.057467986802213766,-0.05744558016949747,,-0.35663211556100693,0.3125,4.459987929993965,0.009031571603773372,11599
blend,60,0,0.3,volinv,5,-0.043449577566717204,-0.04456344993492243,,-0.2512344760164914,0.3625,15.270873240041649,0.03080781127746133,11599
blend,60,0,0.3,volinv,10,-0.06687510392111515,-0.06890987124583785,,-0.2572048953933408,0.35,9.541501980939616,0.01927241485395434,11599
blend,60,0,0.3,volinv,21,-0.008330372450095758,-0.008333607363035017,,-0.28821994661943495,0.325,5.553501554771736,0.011227250321021301,11599
blend,60,2,0.1,equal,5,0.09462976154379948,0.09655203948451943,,-0.25241081067795335,0.375,13.819191309595654,0.028487418602320874,11599
blend,60,2,0.1,equal,10,0.08500565561685978,0.08619256225299404,,-0.3333368470708352,0.3625,9.52033796016898,0.019650460870435003,11599
blend,60,2,0.1,equal,21,-0.03246899586281741,-0.03253572535626153,,-0.30273130152417393,0.3625,6.336753168376585,0.013054177551855523,11599
blend,60,2,0.1,volinv,5,-0.00555451186923871,-0.005536751501518828,,-0.24024089897255552,0.35,18.33840936276455,0.0377461796794759,11599
blend,60,2,0.1,volinv,10,0.04151833972349183,0.04102859862876795,,-0.3550773113906891,0.375,11.571308288820017,0.02378457394182497,11599
blend,60,2,0.1,volinv,21,-0.0715546526004045,-0.07075287825000766,,-0.2580568708105345,0.325,7.010159597013565,0.014428469157624763,11599
blend,60,2,0.2,equal,5,-0.04877033013158532,-0.04991871425393196,,-0.2881982282982566,0.35,11.322280133867341,0.023000943999232765,11599
blend,60,2,0.2,equal,10,-0.012444326581114308,-0.01288884043290506,,-0.3718093192372728,0.35,7.57046140341252,0.01541895174289038,11599
blend,60,2,0.2,equal,21,-0.010293839040952536,-0.010427304207813907,,-0.27784211918471247,0.325,5.516124430789489,0.011232225984205266,11599
blend,60,2,0.2,volinv,5,-0.1660132350147197,-0.1659344078257611,,-0.2720129032602492,0.3375,16.57873158059035,0.03362728380429255,11599
blend,60,2,0.2,volinv,10,-0.009435477953060451,-0.009602974333776179,,-0.34607265891532035,0.3125,10.013382653559832,0.020346589894515855,11599
blend,60,2,0.2,volinv,21,0.007877451848004802,0.007939293855601654,,-0.2572377821697711,0.3375,6.458182950655571,0.01312238277550024,11599
blend,60,2,0.3,equal,5,-0.3076390137027381,-0.3066445743361912,,-0.36969098314789706,0.3125,9.533086016543008,0.019260180406024736,11599
blend,60,2,0.3,equal,10,-0.06523757213712675,-0.06646903864421749,,-0.3369789731387911,0.3375,6.827718413859207,0.01382337914246435,11599
blend,60,2,0.3,equal,21,-0.1227034509469327,-0.1224269526978048,,-0.3840827240330955,0.3375,4.63850331925166,0.009391994536188344,11599
blend,60,2,0.3,volinv,5,-0.4559421016641998,-0.44624530210940405,,-0.4114305180738429,0.3,14.929819943256605,0.03011732914282511,11599
blend,60,2,0.3,volinv,10,-0.1159586859872605,-0.11610050915926634,,-0.35195510943243313,0.3375,9.303150349180514,0.018795544538609824,11599
blend,60,2,0.3,volinv,21,-0.13445472858538116,-0.13395486204606993,,-0.35282389642217116,0.3125,5.769431521701855,0.011664499183207402,11599
blend,90,0,0.1,equal,5,0.28529406140059194,0.26705660253768015,,-0.2424777823172416,0.3375,10.234399517199758,0.021063608994658277,11599
blend,90,0,0.1,equal,10,0.15745369864565142,0.14531665008541045,,-0.260236388901241,0.375,6.7727217863608935,0.014006217459615139,11599
blend,90,0,0.1,equal,21,0.0685267701863367,0.05871932881112132,,-0.323235020839853,0.2875,3.8628847314423655,0.0079871869877725,11599
blend,90,0,0.1,volinv,5,0.08754494505686604,0.07837338193623972,,-0.22007360701765588,0.3125,14.327122005708295,0.029492199748199298,11599
blend,90,0,0.1,volinv,10,0.10854352075067321,0.09733370553649427,,-0.23972687007687388,0.2875,8.725558870771183,0.017998241815418578,11599
blend,90,0,0.1,volinv,21,0.029151826489882935,0.025089324007755445,,-0.297382152578207,0.275,4.690946856185328,0.00966615734471942,11599
blend,90,0,0.2,equal,5,-0.012178442734888821,-0.011422881900876218,,-0.29819660849437857,0.35,8.15824875185165,0.016570279579593682,11599
blend,90,0,0.2,equal,10,-0.054736718897198326,-0.051182690244611175,,-0.2598421976009695,0.3,5.615361825862731,0.011458834420800753,11599
blend,90,0,0.2,equal,21,-0.052138272622133316,-0.046040493903769075,,-0.3535262027044058,0.2625,3.5283041641520825,0.007187479151467783,11599
blend,90,0,0.2,volinv,5,-0.17184656372689222,-0.1563849885900493,,-0.28546269737855545,0.275,13.078334129349154,0.026570425112692402,11599
blend,90,0,0.2,volinv,10,-0.08703316830252862,-0.08004497426908197,,-0.2639448549828174,0.2625,7.952325344507727,0.01618939940180795,11599
blend,90,0,0.2,volinv,21,-0.06267075436606494,-0.05554991407687024,,-0.3106016021413548,0.3125,4.639591283314502,0.009430362545827888,11599
blend,90,0,0.3,equal,5,-0.15188673505866468,-0.1405414363385994,,-0.3201795679920836,0.2875,6.988138475887419,0.01414546241034395,11599
blend,90,0,0.3,equal,10,-0.15693895269071734,-0.14562325376856466,,-0.3165174797514896,0.3,4.77990343995172,0.009695886071873487,11599
blend,90,0,0.3,equal,21,-0.17235720204478672,-0.15323462425424644,,-0.3940027099462672,0.2625,3.174266037133018,0.006430236379404552,11599
blend,90,0,0.3,volinv,5,-0.29291780875033574,-0.2658339543106264,,-0.3360773787136685,0.2375,11.898905896495961,0.024046209722878895,11599
blend,90,0,0.3,volinv,10,-0.15628095998805047,-0.1432450611908116,,-0.3148454945892789,0.275,7.1544211688721395,0.014480186738362542,11599
blend,90,0,0.3,volinv,21,-0.13171280566242036,-0.11880329329155608,,-0.35223421380039477,0.275,4.224406867946722,0.008532342896388349,11599
blend,90,2,0.1,equal,5,-0.09730920231130874,-0.08508657732209231,,-0.3399579519209597,0.3375,9.769462884731443,0.020147495642355413,11599
blend,90,2,0.1,equal,10,0.09252995446784777,0.08377367210960772,,-0.2807545655776146,0.3625,6.611949305974654,0.01364402328564729,11599
blend,90,2,0.1,equal,21,-0.36595663468265527,-0.3088366122560019,,-0.3966367370520182,0.275,4.35968617984309,0.009010361129509044,11599
blend,90,2,0.1,volinv,5,-0.2583016759797426,-0.2167052167395161,,-0.2762548948075648,0.2875,14.001804717121887,0.028780757697736276,11599
blend,90,2,0.1,volinv,10,-0.0028760907728118913,-0.0025203432990558595,,-0.24255142263980212,0.35,8.448977454413651,0.01739955017591753,11599
blend,90,2,0.1,volinv,21,-0.34013616592340284,-0.2850316462579036,,-0.37738485758657614,0.25,5.017816290979745,0.01034127199969017,11599
blend,90,2,0.2,equal,5,-0.16092267680237524,-0.14545772040190671,,-0.2989037379521239,0.325,7.277818620727493,0.014762416567393325,11599
blend,90,2,0.2,equal,10,-0.0993702264987739,-0.09192735878188778,,-0.3060243502676575,0.325,5.024238766664839,0.0102224364378617,11599
blend,90,2,0.2,equal,21,-0.10717995423047805,-0.09528743583469969,,-0.3482776340377709,0.25,3.593438305810062,0.0073196367997163765,11599
blend,90,2,0.2,volinv,5,-0.1538318256407231,-0.13842374186164305,,-0.2888055908684005,0.3,12.205351346958548,0.02470995206413902,11599
blend,90,2,0.2,volinv,10,-0.06662288273360907,-0.06055501199746335,,-0.30074263184655214,0.275,7.445401785667669,0.015102724338859001,11599
blend,90,2,0.2,volinv,21,-0.12626239365567254,-0.1143616031070503,,-0.31612338100421833,0.2875,4.6650596664875215,0.009482709396215814,11599
blend,90,2,0.3,equal,5,-0.2290631385555817,-0.20811106654160055,,-0.3181435406749048,0.2625,6.766864283432142,0.013664516774910554,11599
blend,90,2,0.3,equal,10,-0.34067071053461784,-0.30588201844295276,,-0.3380818168584744,0.275,4.630824665412332,0.009357582593579912,11599
blend,90,2,0.3,equal,21,-0.015961070877262992,-0.01425890235807728,,-0.3292009296995153,0.2625,3.0264333132166565,0.006125318184319106,11599
blend,90,2,0.3,volinv,5,-0.25383588223409526,-0.22871002241977706,,-0.3007331979612107,0.2875,11.318080016860451,0.022823519379297812,11599
blend,90,2,0.3,volinv,10,-0.24981873039365907,-0.22236638713266926,,-0.30569039737840564,0.2625,6.909754440436281,0.013940869016439495,11599
blend,90,2,0.3,volinv,21,-0.003652448355657797,-0.003251603503956914,,-0.3040733233282882,0.25,4.093540500627226,0.008266988694715474,11599
PLACEBO,0,0,0.3,equal,5,-0.3807888483342975,-0.47939536850375947,,-0.45073395820356865,0.475,39.37404948702474,0.07766999999999999,11599
PLACEBO,0,0,0.3,equal,5,-1.0806787283992503,-1.2746393068436055,,-0.7979825822059577,0.3625,39.83409776704888,0.0785775,11599
PLACEBO,0,0,0.3,equal,5,-0.5493240102391677,-0.6573251077709873,,-0.5918339263872361,0.3875,40.06878806166676,0.07904045454545454,11599
PLACEBO,0,0,0.3,equal,5,-0.006509280063800308,-0.008057153526200666,,-0.3363673843622167,0.5375,39.329922642234045,0.07758295454545452,11599
PLACEBO,0,0,0.3,equal,5,-0.023278634974326903,-0.02928025096125566,,-0.404557361933485,0.4875,39.73927689691118,0.07839045454545454,11599
PLACEBO,0,0,0.3,equal,5,-0.596276949739819,-0.7424642629991245,,-0.6123243923195838,0.425,39.38188401821473,0.07768545454545453,11599
PLACEBO,0,0,0.3,equal,5,-1.1746369384901825,-1.3948305586494505,,-0.7687851830092574,0.3375,39.56564986009766,0.07804795454545455,11599
PLACEBO,0,0,0.3,equal,5,1.1526820444599355,1.4838228123980197,,-0.20437994243950897,0.625,39.83686289570418,0.07858295454545454,11599
PLACEBO,0,0,0.3,equal,5,-0.7195651070336665,-0.8316349628867605,,-0.6758318091110422,0.45,40.33389477149284,0.07956340909090907,11599
PLACEBO,0,0,0.3,equal,5,-0.46248316552959756,-0.5722313746254343,,-0.5602269611970712,0.4375,39.6708399626927,0.07825545454545454,11599
PLACEBO,0,0,0.3,equal,5,-0.6095446208840402,-0.7214067157038495,,-0.6393906644696765,0.375,39.44144949799748,0.07780295454545454,11599
PLACEBO,0,0,0.3,equal,5,0.3535863964367678,0.43976500311404826,,-0.2624367595652194,0.525,39.99021232237888,0.07888545454545454,11599
PLACEBO,0,0,0.3,equal,5,-0.16629234560988373,-0.20269034473335107,,-0.5690535611917692,0.4625,39.57071926263235,0.07805795454545456,11599
PLACEBO,0,0,0.3,equal,5,-0.41945058442792565,-0.5177999204303616,,-0.5321875239692033,0.425,39.773725791408346,0.07845840909090909,11599
PLACEBO,0,0,0.3,equal,5,-0.10419315582909121,-0.12651519166829864,,-0.4909933190436483,0.5,39.77833433916717,0.0784675,11599
PLACEBO,0,0,0.3,equal,5,-0.35189113983877873,-0.41955571465676206,,-0.610526470746499,0.5,39.960832830416415,0.0788275,11599
PLACEBO,0,0,0.3,equal,5,-0.36135965196054415,-0.4435616731813597,,-0.46851303438784786,0.45,40.68725517090031,0.08026045454545454,11599
PLACEBO,0,0,0.3,equal,5,-0.8157275030169039,-0.9839937397866969,,-0.6661220768603492,0.4,39.31068195534098,0.077545,11599
PLACEBO,0,0,0.3,equal,5,-0.18549913185163777,-0.2203426110207299,,-0.540711640755575,0.425,40.06878806166676,0.07904045454545454,11599
PLACEBO,0,0,0.3,equal,5,0.24780303166960294,0.3169352813103268,,-0.3887667829078618,0.475,40.02189608822077,0.07894795454545453,11599
PLACEBO,0,0,0.3,equal,5,0.47974040768705484,0.6328106417554862,,-0.37795003260758386,0.5375,40.218335436440434,0.07933545454545454,11599
PLACEBO,0,0,0.3,equal,5,-0.10271854537065468,-0.1284762805441901,,-0.2674977973213166,0.4875,39.607472431008944,0.07813045454545453,11599
PLACEBO,0,0,0.3,equal,5,-0.37811430572040194,-0.45596880312802024,,-0.5799230882771353,0.475,41.06388873648982,0.08100340909090908,11599
PLACEBO,0,0,0.3,equal,5,-0.08964324229711898,-0.10958054928624815,,-0.4841079017675013,0.4125,40.496922148461074,0.07988499999999998,11599
